category,customer_segment,campaign_name,sum_amount,count,avg_amount,min_amount,max_amount
Clothing,Budget Shopper,12 Days of Deals,932340.99,345,2702.44,502.32,4991.32
Clothing,Budget Shopper,Autumn Deals Drive,902978.82,326,2769.87,501.91,4990.58
Clothing,Budget Shopper,BOGO Blitz,973027.07,340,2861.84,517.43,4993.22
Clothing,Budget Shopper,Back to School Boost,916757.19,337,2720.35,510.39,4986.50
Clothing,Budget Shopper,Birthday Bash Sale,879082.77,330,2663.89,518.24,4992.91
Clothing,Budget Shopper,Black Friday Blowout,985499.85,354,2783.90,502.21,4976.83
Clothing,Budget Shopper,Cart Crasher Campaign,993489.43,349,2846.67,557.26,4996.24
Clothing,Budget Shopper,Cashback Carnival,1076221.99,380,2832.16,502.91,4982.95
Clothing,Budget Shopper,Clearance Countdown,856792.05,315,2719.97,503.98,4988.20
Clothing,Budget Shopper,Countdown to Savings,987013.95,350,2820.04,503.90,4985.41
Clothing,Budget Shopper,Customer Appreciation Week,835660.93,295,2832.75,508.47,4983.91
Clothing,Budget Shopper,Cyber Monday Mania,913015.53,333,2741.79,505.15,4993.46
Clothing,Budget Shopper,Deal of the Month,925461.12,333,2779.16,598.75,4991.80
Clothing,Budget Shopper,Double Points Bonanza,1092982.27,396,2760.06,518.64,4995.86
Clothing,Budget Shopper,Early Bird Specials,824836.64,308,2678.04,506.63,4996.74
Clothing,Budget Shopper,End of Season Sale,969594.49,350,2770.27,527.84,4999.17
Clothing,Budget Shopper,Exclusive Insider Offers,833906.91,314,2655.75,504.62,4991.57
Clothing,Budget Shopper,Festive Fever Promo,837078.25,317,2640.63,530.10,4953.62
Clothing,Budget Shopper,Final Call Frenzy,1010506.93,342,2954.70,528.82,4989.90
Clothing,Budget Shopper,Flash Frenzy Friday,920117.95,326,2822.45,501.20,4996.58
Clothing,Budget Shopper,"Gift More, Spend Less",877128.85,315,2784.54,518.98,4988.68
Clothing,Budget Shopper,Golden Hour Bargains,809467.83,293,2762.69,523.61,4999.85
Clothing,Budget Shopper,Green Weekend Deals,941705.64,340,2769.72,512.49,4999.01
Clothing,Budget Shopper,Happy Hour Discounts,899691.65,340,2646.15,529.17,4952.41
Clothing,Budget Shopper,Holiday Shopping Rush,1024902.14,350,2928.29,506.38,4992.48
Clothing,Budget Shopper,Hot Picks Promo,920208.89,343,2682.82,512.09,4984.66
Clothing,Budget Shopper,Instant Gratification Sale,780470.32,287,2719.41,516.12,4994.90
Clothing,Budget Shopper,Limited Time Treasures,933580.97,344,2713.90,504.90,4997.38
Clothing,Budget Shopper,Loyalty Rewards Blast,878306.62,316,2779.45,588.99,4971.65
Clothing,Budget Shopper,Mega Weekend Bonanza,930326.63,341,2728.23,512.13,4980.14
Clothing,Budget Shopper,Mid-Year Madness,969992.40,355,2732.37,505.48,4989.93
Clothing,Budget Shopper,Midnight Madness,920020.10,343,2682.27,509.57,4973.36
Clothing,Budget Shopper,Mystery Discount Days,875124.21,324,2701.00,538.53,4975.27
Clothing,Budget Shopper,New Arrival Showcase,879399.02,316,2782.91,515.54,4991.08
Clothing,Budget Shopper,New Product Launch Promo,905808.29,319,2839.52,507.38,4999.95
Clothing,Budget Shopper,New Year Kickoff,914811.08,331,2763.78,519.85,4973.48
Clothing,Budget Shopper,Price Drop Parade,834348.06,315,2648.72,506.30,4977.32
Clothing,Budget Shopper,Red Tag Clearance,959624.26,349,2749.64,511.82,4996.92
Clothing,Budget Shopper,Seasonal Surprise Box,914623.32,324,2822.91,527.98,4984.25
Clothing,Budget Shopper,Shop & Save Spectacular,973364.40,346,2813.19,511.64,4997.51
Clothing,Budget Shopper,Smart Shopper Week,871988.00,326,2674.81,538.77,4985.85
Clothing,Budget Shopper,Spring Refresh Event,845007.37,309,2734.65,501.09,4987.97
Clothing,Budget Shopper,Spring Splash Discounts,924977.64,347,2665.64,509.24,4993.20
Clothing,Budget Shopper,Summer Sizzle Promo,811140.42,306,2650.79,513.95,4982.52
Clothing,Budget Shopper,Super Savings Week,834109.25,308,2708.15,507.88,4999.08
Clothing,Budget Shopper,Ultimate Value Event,970595.27,347,2797.10,526.43,4999.12
Clothing,Budget Shopper,VIP Access Sale,901761.51,332,2716.15,507.99,4986.57
Clothing,Budget Shopper,Weekend Warrior Specials,927624.11,345,2688.77,502.76,4953.54
Clothing,Budget Shopper,Winter Clearance Carnival,909500.86,320,2842.19,547.96,4985.99
Clothing,Budget Shopper,Winter Wonders Sale,916230.04,329,2784.89,577.90,4969.49
Clothing,Churn Risk,12 Days of Deals,960507.38,350,2744.31,524.45,4977.84
Clothing,Churn Risk,Autumn Deals Drive,921246.59,340,2709.55,518.98,4992.48
Clothing,Churn Risk,BOGO Blitz,954874.72,338,2825.07,556.04,4999.45
Clothing,Churn Risk,Back to School Boost,956083.39,347,2755.28,501.92,4991.50
Clothing,Churn Risk,Birthday Bash Sale,1074378.27,377,2849.81,501.83,4997.78
Clothing,Churn Risk,Black Friday Blowout,804750.26,299,2691.47,503.18,4995.99
Clothing,Churn Risk,Cart Crasher Campaign,887226.08,336,2640.55,519.47,4997.29
Clothing,Churn Risk,Cashback Carnival,913695.32,340,2687.34,505.92,4994.40
Clothing,Churn Risk,Clearance Countdown,825016.54,298,2768.51,508.53,4996.24
Clothing,Churn Risk,Countdown to Savings,879881.33,327,2690.77,520.50,4990.06
Clothing,Churn Risk,Customer Appreciation Week,867640.80,322,2694.54,525.36,4981.97
Clothing,Churn Risk,Cyber Monday Mania,939177.33,323,2907.67,509.47,4992.60
Clothing,Churn Risk,Deal of the Month,920305.98,343,2683.11,502.65,4982.42
Clothing,Churn Risk,Double Points Bonanza,841727.01,311,2706.52,501.38,4981.32
Clothing,Churn Risk,Early Bird Specials,905228.07,321,2820.03,519.84,4997.16
Clothing,Churn Risk,End of Season Sale,999719.81,354,2824.07,503.81,4995.12
Clothing,Churn Risk,Exclusive Insider Offers,865319.07,322,2687.33,508.78,4989.88
Clothing,Churn Risk,Festive Fever Promo,903205.51,338,2672.21,510.97,4995.75
Clothing,Churn Risk,Final Call Frenzy,949014.91,346,2742.82,513.55,4993.58
Clothing,Churn Risk,Flash Frenzy Friday,930512.88,345,2697.14,511.20,4968.76
Clothing,Churn Risk,"Gift More, Spend Less",952352.43,350,2721.01,510.65,4977.65
Clothing,Churn Risk,Golden Hour Bargains,993423.93,351,2830.27,500.57,4994.31
Clothing,Churn Risk,Green Weekend Deals,902003.69,337,2676.57,516.31,4968.92
Clothing,Churn Risk,Happy Hour Discounts,941997.52,342,2754.38,503.04,4994.51
Clothing,Churn Risk,Holiday Shopping Rush,922867.82,333,2771.37,526.90,4974.99
Clothing,Churn Risk,Hot Picks Promo,900250.31,333,2703.45,504.24,4985.45
Clothing,Churn Risk,Instant Gratification Sale,900606.03,335,2688.38,514.89,4998.85
Clothing,Churn Risk,Limited Time Treasures,919875.41,329,2795.97,520.25,4989.54
Clothing,Churn Risk,Loyalty Rewards Blast,888378.96,320,2776.18,500.82,4998.22
Clothing,Churn Risk,Mega Weekend Bonanza,952737.66,342,2785.78,503.55,4996.67
Clothing,Churn Risk,Mid-Year Madness,1004045.34,357,2812.45,502.44,4969.79
Clothing,Churn Risk,Midnight Madness,918283.66,324,2834.21,508.22,4976.33
Clothing,Churn Risk,Mystery Discount Days,974074.64,351,2775.14,521.58,4998.98
Clothing,Churn Risk,New Arrival Showcase,934239.81,341,2739.71,500.17,4992.69
Clothing,Churn Risk,New Product Launch Promo,892134.64,339,2631.67,509.60,4999.18
Clothing,Churn Risk,New Year Kickoff,936960.21,348,2692.41,518.02,4990.26
Clothing,Churn Risk,Price Drop Parade,785919.75,299,2628.49,508.52,4996.09
Clothing,Churn Risk,Red Tag Clearance,827620.64,305,2713.51,508.96,4985.45
Clothing,Churn Risk,Seasonal Surprise Box,978680.47,353,2772.47,529.30,4988.87
Clothing,Churn Risk,Shop & Save Spectacular,959359.11,340,2821.64,506.29,4999.91
Clothing,Churn Risk,Smart Shopper Week,912841.30,334,2733.06,504.15,4999.86
Clothing,Churn Risk,Spring Refresh Event,823718.56,304,2709.60,506.20,4997.20
Clothing,Churn Risk,Spring Splash Discounts,909728.09,334,2723.74,505.77,4960.86
Clothing,Churn Risk,Summer Sizzle Promo,872087.26,327,2666.93,511.51,4998.58
Clothing,Churn Risk,Super Savings Week,1007575.06,356,2830.27,505.22,4994.09
Clothing,Churn Risk,Ultimate Value Event,869334.99,323,2691.44,522.48,4998.67
Clothing,Churn Risk,VIP Access Sale,908491.53,321,2830.19,513.77,4990.46
Clothing,Churn Risk,Weekend Warrior Specials,881488.54,335,2631.31,517.69,4995.92
Clothing,Churn Risk,Winter Clearance Carnival,931631.66,336,2772.71,510.18,4999.04
Clothing,Churn Risk,Winter Wonders Sale,896370.48,338,2651.98,510.86,4977.17
Clothing,Deal Seeker,12 Days of Deals,1003637.78,364,2757.25,513.34,4996.81
Clothing,Deal Seeker,Autumn Deals Drive,1053489.29,375,2809.30,511.91,4991.85
Clothing,Deal Seeker,BOGO Blitz,949490.38,347,2736.28,500.97,4996.75
Clothing,Deal Seeker,Back to School Boost,1061385.22,377,2815.35,514.47,4989.82
Clothing,Deal Seeker,Birthday Bash Sale,923094.27,356,2592.96,501.20,4994.20
Clothing,Deal Seeker,Black Friday Blowout,970742.26,346,2805.61,514.06,4996.19
Clothing,Deal Seeker,Cart Crasher Campaign,858852.06,314,2735.20,501.15,4989.90
Clothing,Deal Seeker,Cashback Carnival,815634.25,297,2746.24,515.77,4997.64
Clothing,Deal Seeker,Clearance Countdown,937159.03,349,2685.27,504.91,4996.18
Clothing,Deal Seeker,Countdown to Savings,832111.34,309,2692.92,504.03,4963.31
Clothing,Deal Seeker,Customer Appreciation Week,909555.80,326,2790.05,510.73,4984.88
Clothing,Deal Seeker,Cyber Monday Mania,880955.01,337,2614.11,502.02,4995.44
Clothing,Deal Seeker,Deal of the Month,1007683.71,362,2783.66,503.19,4992.66
Clothing,Deal Seeker,Double Points Bonanza,881008.49,320,2753.15,501.70,4987.50
Clothing,Deal Seeker,Early Bird Specials,995810.43,350,2845.17,553.35,4988.14
Clothing,Deal Seeker,End of Season Sale,868539.10,318,2731.26,504.46,4969.41
Clothing,Deal Seeker,Exclusive Insider Offers,887183.92,320,2772.45,513.28,4980.74
Clothing,Deal Seeker,Festive Fever Promo,966697.24,360,2685.27,509.13,4988.75
Clothing,Deal Seeker,Final Call Frenzy,959960.65,352,2727.16,509.40,4996.06
Clothing,Deal Seeker,Flash Frenzy Friday,985989.57,359,2746.49,524.18,4994.26
Clothing,Deal Seeker,"Gift More, Spend Less",888723.93,324,2742.98,510.97,4981.44
Clothing,Deal Seeker,Golden Hour Bargains,902107.21,327,2758.74,509.20,4997.10
Clothing,Deal Seeker,Green Weekend Deals,962013.75,351,2740.78,501.10,4989.62
Clothing,Deal Seeker,Happy Hour Discounts,906103.46,330,2745.77,546.58,4993.33
Clothing,Deal Seeker,Holiday Shopping Rush,830555.55,322,2579.37,501.97,4966.84
Clothing,Deal Seeker,Hot Picks Promo,903291.67,320,2822.79,502.48,4970.06
Clothing,Deal Seeker,Instant Gratification Sale,907364.73,340,2668.72,503.83,4992.16
Clothing,Deal Seeker,Limited Time Treasures,906919.87,333,2723.48,501.46,4999.81
Clothing,Deal Seeker,Loyalty Rewards Blast,1007132.33,363,2774.47,505.10,4985.45
Clothing,Deal Seeker,Mega Weekend Bonanza,898204.32,322,2789.45,520.09,4987.76
Clothing,Deal Seeker,Mid-Year Madness,892269.10,331,2695.68,500.89,4997.09
Clothing,Deal Seeker,Midnight Madness,929137.99,339,2740.82,502.64,4998.11
Clothing,Deal Seeker,Mystery Discount Days,954332.81,340,2806.86,504.07,4976.22
Clothing,Deal Seeker,New Arrival Showcase,942472.24,331,2847.35,506.65,4998.00
Clothing,Deal Seeker,New Product Launch Promo,853886.11,317,2693.65,501.71,4988.38
Clothing,Deal Seeker,New Year Kickoff,933200.40,344,2712.79,516.64,4992.69
Clothing,Deal Seeker,Price Drop Parade,991667.89,360,2754.63,504.45,4975.50
Clothing,Deal Seeker,Red Tag Clearance,908840.97,330,2754.06,516.38,4994.15
Clothing,Deal Seeker,Seasonal Surprise Box,997842.54,360,2771.78,500.52,4996.55
Clothing,Deal Seeker,Shop & Save Spectacular,868925.77,320,2715.39,500.14,4995.64
Clothing,Deal Seeker,Smart Shopper Week,934381.47,327,2857.44,505.75,4983.10
Clothing,Deal Seeker,Spring Refresh Event,892525.84,325,2746.23,500.55,4987.17
Clothing,Deal Seeker,Spring Splash Discounts,810136.62,301,2691.48,500.46,4999.01
Clothing,Deal Seeker,Summer Sizzle Promo,929602.59,342,2718.14,513.93,4997.93
Clothing,Deal Seeker,Super Savings Week,887499.20,318,2790.88,502.63,4983.09
Clothing,Deal Seeker,Ultimate Value Event,933035.89,341,2736.18,500.07,4992.22
Clothing,Deal Seeker,VIP Access Sale,935127.12,340,2750.37,507.92,4992.69
Clothing,Deal Seeker,Weekend Warrior Specials,951741.55,347,2742.77,533.56,4988.31
Clothing,Deal Seeker,Winter Clearance Carnival,860379.46,321,2680.31,506.16,4941.51
Clothing,Deal Seeker,Winter Wonders Sale,951969.60,357,2666.58,521.06,4996.30
Clothing,First-time Buyer,12 Days of Deals,994455.31,357,2785.59,500.37,4999.40
Clothing,First-time Buyer,Autumn Deals Drive,1025336.00,373,2748.89,504.68,4994.53
Clothing,First-time Buyer,BOGO Blitz,998284.57,348,2868.63,511.49,4983.88
Clothing,First-time Buyer,Back to School Boost,876761.41,321,2731.34,522.26,4999.86
Clothing,First-time Buyer,Birthday Bash Sale,909337.90,329,2763.94,503.70,4990.75
Clothing,First-time Buyer,Black Friday Blowout,953468.56,352,2708.72,537.43,4987.67
Clothing,First-time Buyer,Cart Crasher Campaign,897401.99,325,2761.24,512.62,4994.01
Clothing,First-time Buyer,Cashback Carnival,850687.93,308,2761.97,519.82,4998.40
Clothing,First-time Buyer,Clearance Countdown,905139.49,317,2855.33,500.46,4995.21
Clothing,First-time Buyer,Countdown to Savings,924135.85,346,2670.91,504.95,4998.86
Clothing,First-time Buyer,Customer Appreciation Week,974966.31,360,2708.24,510.44,4984.95
Clothing,First-time Buyer,Cyber Monday Mania,860865.88,311,2768.06,551.80,4987.49
Clothing,First-time Buyer,Deal of the Month,865276.91,307,2818.49,509.10,4989.69
Clothing,First-time Buyer,Double Points Bonanza,883868.87,317,2788.23,500.63,4962.25
Clothing,First-time Buyer,Early Bird Specials,959862.97,340,2823.13,504.72,4978.03
Clothing,First-time Buyer,End of Season Sale,921720.98,343,2687.23,508.79,4962.55
Clothing,First-time Buyer,Exclusive Insider Offers,997195.89,348,2865.51,512.76,4989.69
Clothing,First-time Buyer,Festive Fever Promo,973514.07,347,2805.52,504.43,4977.01
Clothing,First-time Buyer,Final Call Frenzy,886242.76,323,2743.79,516.31,4994.06
Clothing,First-time Buyer,Flash Frenzy Friday,852985.38,307,2778.45,517.07,4993.42
Clothing,First-time Buyer,"Gift More, Spend Less",842895.82,304,2772.68,514.57,4986.56
Clothing,First-time Buyer,Golden Hour Bargains,992809.57,345,2877.71,504.67,4993.74
Clothing,First-time Buyer,Green Weekend Deals,886704.37,330,2686.98,519.98,4999.98
Clothing,First-time Buyer,Happy Hour Discounts,918748.46,330,2784.09,510.62,4996.12
Clothing,First-time Buyer,Holiday Shopping Rush,851740.29,314,2712.55,503.85,4963.43
Clothing,First-time Buyer,Hot Picks Promo,836801.39,306,2734.65,521.54,4968.97
Clothing,First-time Buyer,Instant Gratification Sale,882219.21,328,2689.69,501.99,4997.63
Clothing,First-time Buyer,Limited Time Treasures,898989.54,333,2699.67,509.56,4924.81
Clothing,First-time Buyer,Loyalty Rewards Blast,949838.45,334,2843.83,540.50,4995.86
Clothing,First-time Buyer,Mega Weekend Bonanza,946143.93,334,2832.77,518.73,4993.88
Clothing,First-time Buyer,Mid-Year Madness,851858.35,314,2712.92,511.04,4998.11
Clothing,First-time Buyer,Midnight Madness,993281.63,351,2829.86,501.63,4972.30
Clothing,First-time Buyer,Mystery Discount Days,863401.62,323,2673.07,502.13,4995.70
Clothing,First-time Buyer,New Arrival Showcase,905201.81,334,2710.19,501.06,4996.95
Clothing,First-time Buyer,New Product Launch Promo,865832.99,319,2714.21,500.27,4992.60
Clothing,First-time Buyer,New Year Kickoff,790726.12,285,2774.48,506.01,4981.51
Clothing,First-time Buyer,Price Drop Parade,862479.99,323,2670.22,506.95,4998.25
Clothing,First-time Buyer,Red Tag Clearance,911770.07,330,2762.94,518.05,4999.45
Clothing,First-time Buyer,Seasonal Surprise Box,955133.06,331,2885.60,510.40,4971.33
Clothing,First-time Buyer,Shop & Save Spectacular,874983.77,310,2822.53,501.24,4997.09
Clothing,First-time Buyer,Smart Shopper Week,866338.91,317,2732.93,509.54,4997.75
Clothing,First-time Buyer,Spring Refresh Event,929251.40,330,2815.91,516.40,4996.53
Clothing,First-time Buyer,Spring Splash Discounts,895264.21,323,2771.72,510.99,4982.93
Clothing,First-time Buyer,Summer Sizzle Promo,886803.15,325,2728.63,527.09,4978.19
Clothing,First-time Buyer,Super Savings Week,844992.42,303,2788.75,506.81,4991.65
Clothing,First-time Buyer,Ultimate Value Event,953129.80,333,2862.25,557.16,4999.82
Clothing,First-time Buyer,VIP Access Sale,946665.16,336,2817.46,524.65,4996.77
Clothing,First-time Buyer,Weekend Warrior Specials,944771.13,356,2653.85,503.41,4998.79
Clothing,First-time Buyer,Winter Clearance Carnival,912101.87,333,2739.04,502.03,4958.23
Clothing,First-time Buyer,Winter Wonders Sale,872322.69,312,2795.91,520.96,4988.48
Clothing,High Value,12 Days of Deals,901755.29,330,2732.59,510.36,4999.26
Clothing,High Value,Autumn Deals Drive,1027559.91,362,2838.56,500.77,4999.11
Clothing,High Value,BOGO Blitz,969538.24,337,2876.97,523.22,4969.00
Clothing,High Value,Back to School Boost,779909.44,294,2652.75,501.04,4989.26
Clothing,High Value,Birthday Bash Sale,922192.88,330,2794.52,502.17,4993.83
Clothing,High Value,Black Friday Blowout,901917.60,332,2716.62,540.25,4988.23
Clothing,High Value,Cart Crasher Campaign,990486.16,353,2805.91,546.19,4950.99
Clothing,High Value,Cashback Carnival,924000.55,340,2717.65,514.20,4984.98
Clothing,High Value,Clearance Countdown,940753.56,348,2703.31,500.53,4995.95
Clothing,High Value,Countdown to Savings,1028364.12,364,2825.18,504.64,4985.56
Clothing,High Value,Customer Appreciation Week,845877.14,316,2676.83,504.64,4955.92
Clothing,High Value,Cyber Monday Mania,996450.09,371,2685.85,508.76,4991.94
Clothing,High Value,Deal of the Month,833480.95,315,2645.97,502.13,4954.14
Clothing,High Value,Double Points Bonanza,1003922.51,370,2713.30,514.48,4992.59
Clothing,High Value,Early Bird Specials,995599.88,357,2788.80,504.93,4993.12
Clothing,High Value,End of Season Sale,815219.51,309,2638.25,511.79,4980.78
Clothing,High Value,Exclusive Insider Offers,936618.92,346,2706.99,507.69,4987.30
Clothing,High Value,Festive Fever Promo,893813.10,320,2793.17,501.90,4988.91
Clothing,High Value,Final Call Frenzy,828397.48,312,2655.12,501.00,4977.52
Clothing,High Value,Flash Frenzy Friday,932229.70,346,2694.31,509.25,4986.49
Clothing,High Value,"Gift More, Spend Less",885184.91,322,2749.02,504.71,4977.49
Clothing,High Value,Golden Hour Bargains,872416.72,329,2651.72,507.62,4987.66
Clothing,High Value,Green Weekend Deals,817704.42,300,2725.68,513.01,4997.99
Clothing,High Value,Happy Hour Discounts,969350.56,334,2902.25,532.60,4992.66
Clothing,High Value,Holiday Shopping Rush,859285.87,308,2789.89,506.77,4998.34
Clothing,High Value,Hot Picks Promo,834047.67,311,2681.83,520.35,4953.49
Clothing,High Value,Instant Gratification Sale,880610.22,327,2693.00,500.95,4993.28
Clothing,High Value,Limited Time Treasures,959676.33,348,2757.69,506.89,4999.38
Clothing,High Value,Loyalty Rewards Blast,885607.19,325,2724.95,508.40,4925.51
Clothing,High Value,Mega Weekend Bonanza,841026.10,310,2712.99,503.43,4996.59
Clothing,High Value,Mid-Year Madness,911596.04,332,2745.77,500.82,4997.99
Clothing,High Value,Midnight Madness,883203.89,339,2605.32,504.65,4972.35
Clothing,High Value,Mystery Discount Days,856939.46,318,2694.78,500.17,4975.99
Clothing,High Value,New Arrival Showcase,991163.07,356,2784.17,533.03,4976.30
Clothing,High Value,New Product Launch Promo,885735.45,327,2708.67,501.71,4991.07
Clothing,High Value,New Year Kickoff,900742.94,328,2746.17,500.45,4927.59
Clothing,High Value,Price Drop Parade,939843.94,349,2692.96,503.07,4970.18
Clothing,High Value,Red Tag Clearance,957446.83,339,2824.33,518.03,4974.08
Clothing,High Value,Seasonal Surprise Box,806301.84,291,2770.80,558.77,4963.60
Clothing,High Value,Shop & Save Spectacular,961703.54,335,2870.76,514.88,4999.95
Clothing,High Value,Smart Shopper Week,834036.08,293,2846.54,507.97,4999.73
Clothing,High Value,Spring Refresh Event,840332.47,315,2667.72,515.89,4994.74
Clothing,High Value,Spring Splash Discounts,952198.39,352,2705.11,505.94,4985.19
Clothing,High Value,Summer Sizzle Promo,932092.53,329,2833.11,504.25,4998.80
Clothing,High Value,Super Savings Week,898189.96,315,2851.40,515.26,4965.52
Clothing,High Value,Ultimate Value Event,941505.31,341,2761.01,532.59,4974.76
Clothing,High Value,VIP Access Sale,895437.86,331,2705.25,505.32,4999.71
Clothing,High Value,Weekend Warrior Specials,970044.69,353,2748.00,508.77,4973.65
Clothing,High Value,Winter Clearance Carnival,891589.42,317,2812.58,509.87,4997.27
Clothing,High Value,Winter Wonders Sale,876046.15,314,2789.96,526.45,4971.63
Clothing,In-Store Regular,12 Days of Deals,906237.70,328,2762.92,501.08,4981.75
Clothing,In-Store Regular,Autumn Deals Drive,851438.09,318,2677.48,517.38,4992.45
Clothing,In-Store Regular,BOGO Blitz,1000879.72,358,2795.75,500.64,4991.71
Clothing,In-Store Regular,Back to School Boost,829573.38,313,2650.39,506.82,4998.12
Clothing,In-Store Regular,Birthday Bash Sale,871021.38,299,2913.11,504.16,4997.95
Clothing,In-Store Regular,Black Friday Blowout,827608.08,307,2695.79,500.74,4997.07
Clothing,In-Store Regular,Cart Crasher Campaign,945042.02,340,2779.54,515.65,4977.13
Clothing,In-Store Regular,Cashback Carnival,793374.30,284,2793.57,527.18,4982.94
Clothing,In-Store Regular,Clearance Countdown,867088.40,335,2588.32,532.69,4999.80
Clothing,In-Store Regular,Countdown to Savings,791447.02,302,2620.69,501.16,4996.97
Clothing,In-Store Regular,Customer Appreciation Week,932833.74,344,2711.73,527.58,4995.61
Clothing,In-Store Regular,Cyber Monday Mania,828653.68,307,2699.20,506.75,4990.14
Clothing,In-Store Regular,Deal of the Month,866283.16,316,2741.40,516.81,4994.30
Clothing,In-Store Regular,Double Points Bonanza,766081.26,286,2678.61,510.59,4992.87
Clothing,In-Store Regular,Early Bird Specials,846048.17,307,2755.86,505.07,4956.17
Clothing,In-Store Regular,End of Season Sale,905149.04,327,2768.04,518.66,4997.48
Clothing,In-Store Regular,Exclusive Insider Offers,935551.11,342,2735.53,524.93,4998.51
Clothing,In-Store Regular,Festive Fever Promo,966168.12,349,2768.39,503.23,4998.89
Clothing,In-Store Regular,Final Call Frenzy,875689.72,316,2771.17,508.37,4974.53
Clothing,In-Store Regular,Flash Frenzy Friday,859005.66,322,2667.72,535.49,4982.34
Clothing,In-Store Regular,"Gift More, Spend Less",908737.25,318,2857.66,518.87,4989.04
Clothing,In-Store Regular,Golden Hour Bargains,898583.76,331,2714.75,501.78,4999.76
Clothing,In-Store Regular,Green Weekend Deals,965005.01,342,2821.65,528.50,4993.73
Clothing,In-Store Regular,Happy Hour Discounts,870515.13,320,2720.36,507.84,4977.27
Clothing,In-Store Regular,Holiday Shopping Rush,853198.00,304,2806.57,517.58,4999.33
Clothing,In-Store Regular,Hot Picks Promo,966422.50,351,2753.34,519.39,4989.96
Clothing,In-Store Regular,Instant Gratification Sale,970251.19,332,2922.44,506.92,4993.22
Clothing,In-Store Regular,Limited Time Treasures,865813.02,317,2731.27,504.55,4982.15
Clothing,In-Store Regular,Loyalty Rewards Blast,841954.16,321,2622.91,507.26,4992.46
Clothing,In-Store Regular,Mega Weekend Bonanza,941981.87,338,2786.93,500.60,4997.25
Clothing,In-Store Regular,Mid-Year Madness,920609.99,335,2748.09,505.91,4990.14
Clothing,In-Store Regular,Midnight Madness,903648.26,319,2832.75,524.30,4982.68
Clothing,In-Store Regular,Mystery Discount Days,875227.11,322,2718.10,513.37,4970.75
Clothing,In-Store Regular,New Arrival Showcase,879098.41,305,2882.29,518.13,4989.84
Clothing,In-Store Regular,New Product Launch Promo,1008301.62,365,2762.47,513.88,4988.99
Clothing,In-Store Regular,New Year Kickoff,921357.02,333,2766.84,502.81,4977.86
Clothing,In-Store Regular,Price Drop Parade,950805.52,335,2838.23,503.25,4999.49
Clothing,In-Store Regular,Red Tag Clearance,940812.29,350,2688.04,509.39,4998.76
Clothing,In-Store Regular,Seasonal Surprise Box,893385.39,316,2827.17,505.81,4962.93
Clothing,In-Store Regular,Shop & Save Spectacular,880507.24,328,2684.47,502.23,4970.27
Clothing,In-Store Regular,Smart Shopper Week,961516.49,342,2811.45,511.44,4986.27
Clothing,In-Store Regular,Spring Refresh Event,996026.55,355,2805.71,501.02,4995.99
Clothing,In-Store Regular,Spring Splash Discounts,949614.89,343,2768.56,501.80,4984.88
Clothing,In-Store Regular,Summer Sizzle Promo,835523.43,304,2748.43,502.32,4995.49
Clothing,In-Store Regular,Super Savings Week,948340.21,348,2725.12,507.31,4977.41
Clothing,In-Store Regular,Ultimate Value Event,932806.04,343,2719.55,506.31,4998.73
Clothing,In-Store Regular,VIP Access Sale,901191.56,338,2666.25,520.45,4976.29
Clothing,In-Store Regular,Weekend Warrior Specials,882155.80,324,2722.70,502.44,4992.92
Clothing,In-Store Regular,Winter Clearance Carnival,921952.07,333,2768.62,545.96,4994.53
Clothing,In-Store Regular,Winter Wonders Sale,910963.48,346,2632.84,520.80,4999.21
Clothing,Loyal Customer,12 Days of Deals,832304.99,306,2719.95,519.67,4978.63
Clothing,Loyal Customer,Autumn Deals Drive,913154.72,328,2784.01,514.57,4994.06
Clothing,Loyal Customer,BOGO Blitz,908033.52,322,2819.98,503.91,4998.71
Clothing,Loyal Customer,Back to School Boost,837944.53,322,2602.31,522.55,4980.54
Clothing,Loyal Customer,Birthday Bash Sale,838313.07,294,2851.41,500.58,4996.78
Clothing,Loyal Customer,Black Friday Blowout,940171.02,338,2781.57,505.39,4996.66
Clothing,Loyal Customer,Cart Crasher Campaign,918576.11,332,2766.80,508.66,4994.25
Clothing,Loyal Customer,Cashback Carnival,924148.73,337,2742.28,520.46,4982.89
Clothing,Loyal Customer,Clearance Countdown,935320.11,365,2562.52,513.98,4990.06
Clothing,Loyal Customer,Countdown to Savings,930143.72,332,2801.64,507.32,4979.44
Clothing,Loyal Customer,Customer Appreciation Week,957692.29,340,2816.74,503.78,4977.34
Clothing,Loyal Customer,Cyber Monday Mania,899201.29,326,2758.29,513.42,4994.22
Clothing,Loyal Customer,Deal of the Month,977505.09,354,2761.31,508.62,4946.48
Clothing,Loyal Customer,Double Points Bonanza,963760.37,345,2793.51,504.72,4973.34
Clothing,Loyal Customer,Early Bird Specials,961294.92,354,2715.52,502.97,4986.96
Clothing,Loyal Customer,End of Season Sale,878494.66,315,2788.87,512.03,4987.68
Clothing,Loyal Customer,Exclusive Insider Offers,969726.93,339,2860.55,537.01,4997.63
Clothing,Loyal Customer,Festive Fever Promo,885985.98,330,2684.81,510.80,4980.87
Clothing,Loyal Customer,Final Call Frenzy,888230.55,328,2708.02,514.60,4959.33
Clothing,Loyal Customer,Flash Frenzy Friday,884974.55,328,2698.09,506.08,4998.23
Clothing,Loyal Customer,"Gift More, Spend Less",918216.33,335,2740.94,501.94,4997.42
Clothing,Loyal Customer,Golden Hour Bargains,911069.22,340,2679.62,501.59,4977.91
Clothing,Loyal Customer,Green Weekend Deals,968853.64,359,2698.76,522.76,4974.46
Clothing,Loyal Customer,Happy Hour Discounts,883206.71,317,2786.14,529.25,4971.52
Clothing,Loyal Customer,Holiday Shopping Rush,897104.75,315,2847.95,507.47,4996.42
Clothing,Loyal Customer,Hot Picks Promo,959939.56,337,2848.49,531.47,4964.66
Clothing,Loyal Customer,Instant Gratification Sale,878845.30,305,2881.46,520.34,4996.19
Clothing,Loyal Customer,Limited Time Treasures,847962.96,307,2762.09,536.70,4987.77
Clothing,Loyal Customer,Loyalty Rewards Blast,967043.09,340,2844.24,503.40,4982.90
Clothing,Loyal Customer,Mega Weekend Bonanza,925935.30,340,2723.34,538.40,4995.44
Clothing,Loyal Customer,Mid-Year Madness,929868.82,339,2742.98,512.43,4994.31
Clothing,Loyal Customer,Midnight Madness,942306.91,351,2684.64,500.50,4995.53
Clothing,Loyal Customer,Mystery Discount Days,900938.40,340,2649.82,506.69,4999.85
Clothing,Loyal Customer,New Arrival Showcase,841894.73,321,2622.73,511.56,4953.62
Clothing,Loyal Customer,New Product Launch Promo,922533.69,327,2821.20,532.27,4997.47
Clothing,Loyal Customer,New Year Kickoff,814788.08,301,2706.94,522.90,4994.72
Clothing,Loyal Customer,Price Drop Parade,937244.34,349,2685.51,506.33,4999.68
Clothing,Loyal Customer,Red Tag Clearance,855271.02,321,2664.40,502.12,4969.63
Clothing,Loyal Customer,Seasonal Surprise Box,986448.02,363,2717.49,511.68,4996.71
Clothing,Loyal Customer,Shop & Save Spectacular,1065338.81,370,2879.29,500.18,4992.80
Clothing,Loyal Customer,Smart Shopper Week,857239.92,319,2687.27,516.12,4988.46
Clothing,Loyal Customer,Spring Refresh Event,1012409.18,363,2789.01,513.21,4995.47
Clothing,Loyal Customer,Spring Splash Discounts,843138.53,301,2801.12,534.12,4987.96
Clothing,Loyal Customer,Summer Sizzle Promo,1024352.44,359,2853.35,508.47,4984.71
Clothing,Loyal Customer,Super Savings Week,940649.86,337,2791.25,528.11,4998.42
Clothing,Loyal Customer,Ultimate Value Event,881991.09,330,2672.70,518.28,4993.23
Clothing,Loyal Customer,VIP Access Sale,939814.17,333,2822.26,514.81,4999.97
Clothing,Loyal Customer,Weekend Warrior Specials,962100.02,355,2710.14,531.77,4993.66
Clothing,Loyal Customer,Winter Clearance Carnival,865052.74,314,2754.95,505.16,4965.37
Clothing,Loyal Customer,Winter Wonders Sale,992099.45,375,2645.60,508.14,4954.69
Clothing,Occasional Shopper,12 Days of Deals,856241.30,300,2854.14,529.17,4994.45
Clothing,Occasional Shopper,Autumn Deals Drive,918761.93,326,2818.29,501.28,4999.75
Clothing,Occasional Shopper,BOGO Blitz,1010861.48,375,2695.63,532.84,4999.06
Clothing,Occasional Shopper,Back to School Boost,817170.19,311,2627.56,500.65,4950.77
Clothing,Occasional Shopper,Birthday Bash Sale,894826.00,320,2796.33,525.94,4985.44
Clothing,Occasional Shopper,Black Friday Blowout,932474.92,335,2783.51,548.69,4994.34
Clothing,Occasional Shopper,Cart Crasher Campaign,868324.93,318,2730.58,520.56,4972.37
Clothing,Occasional Shopper,Cashback Carnival,941375.22,336,2801.71,509.31,4992.74
Clothing,Occasional Shopper,Clearance Countdown,958092.62,339,2826.23,503.83,4992.47
Clothing,Occasional Shopper,Countdown to Savings,885095.30,330,2682.11,502.59,4992.78
Clothing,Occasional Shopper,Customer Appreciation Week,1060325.22,369,2873.51,510.90,4994.47
Clothing,Occasional Shopper,Cyber Monday Mania,980728.94,356,2754.86,520.22,4990.65
Clothing,Occasional Shopper,Deal of the Month,893977.11,333,2684.62,502.57,4990.92
Clothing,Occasional Shopper,Double Points Bonanza,971142.26,340,2856.30,537.04,4996.75
Clothing,Occasional Shopper,Early Bird Specials,964264.14,346,2786.89,501.20,4999.19
Clothing,Occasional Shopper,End of Season Sale,843264.48,308,2737.87,525.01,4933.32
Clothing,Occasional Shopper,Exclusive Insider Offers,879528.01,327,2689.69,501.94,4992.82
Clothing,Occasional Shopper,Festive Fever Promo,947782.21,342,2771.29,521.21,4964.03
Clothing,Occasional Shopper,Final Call Frenzy,816857.89,299,2731.97,505.58,4993.90
Clothing,Occasional Shopper,Flash Frenzy Friday,925867.08,335,2763.78,513.91,4984.44
Clothing,Occasional Shopper,"Gift More, Spend Less",902648.04,324,2785.95,512.13,4986.61
Clothing,Occasional Shopper,Golden Hour Bargains,974592.65,352,2768.73,521.34,4994.72
Clothing,Occasional Shopper,Green Weekend Deals,964565.74,345,2795.84,529.73,4988.06
Clothing,Occasional Shopper,Happy Hour Discounts,899266.57,324,2775.51,518.75,4994.57
Clothing,Occasional Shopper,Holiday Shopping Rush,982987.94,356,2761.20,503.29,4988.67
Clothing,Occasional Shopper,Hot Picks Promo,914262.48,332,2753.80,502.01,4982.25
Clothing,Occasional Shopper,Instant Gratification Sale,925976.09,339,2731.49,528.66,4997.44
Clothing,Occasional Shopper,Limited Time Treasures,909537.46,337,2698.92,509.30,4963.78
Clothing,Occasional Shopper,Loyalty Rewards Blast,929029.78,327,2841.07,511.31,4981.91
Clothing,Occasional Shopper,Mega Weekend Bonanza,895871.84,320,2799.60,527.22,4988.26
Clothing,Occasional Shopper,Mid-Year Madness,918999.98,342,2687.13,502.00,4962.59
Clothing,Occasional Shopper,Midnight Madness,954523.88,348,2742.88,504.20,4997.93
Clothing,Occasional Shopper,Mystery Discount Days,951675.06,345,2758.48,509.78,4992.01
Clothing,Occasional Shopper,New Arrival Showcase,912106.28,346,2636.15,508.18,4991.01
Clothing,Occasional Shopper,New Product Launch Promo,884334.44,324,2729.43,521.39,4984.83
Clothing,Occasional Shopper,New Year Kickoff,983346.89,343,2866.90,503.74,4991.55
Clothing,Occasional Shopper,Price Drop Parade,960619.33,352,2729.03,506.80,4953.83
Clothing,Occasional Shopper,Red Tag Clearance,918056.42,318,2886.97,501.79,4997.50
Clothing,Occasional Shopper,Seasonal Surprise Box,1046227.21,384,2724.55,502.82,4990.98
Clothing,Occasional Shopper,Shop & Save Spectacular,952867.50,351,2714.72,502.52,4973.68
Clothing,Occasional Shopper,Smart Shopper Week,949060.67,345,2750.90,501.31,4967.21
Clothing,Occasional Shopper,Spring Refresh Event,898868.23,332,2707.43,529.10,4973.07
Clothing,Occasional Shopper,Spring Splash Discounts,883065.28,327,2700.51,513.31,4993.32
Clothing,Occasional Shopper,Summer Sizzle Promo,926753.45,331,2799.86,510.41,4995.74
Clothing,Occasional Shopper,Super Savings Week,847570.24,315,2690.70,501.26,4998.86
Clothing,Occasional Shopper,Ultimate Value Event,906446.89,313,2896.00,502.13,4994.01
Clothing,Occasional Shopper,VIP Access Sale,1003307.61,365,2748.79,506.71,4970.86
Clothing,Occasional Shopper,Weekend Warrior Specials,813336.15,312,2606.85,501.72,4938.00
Clothing,Occasional Shopper,Winter Clearance Carnival,843988.92,302,2794.67,501.25,4993.54
Clothing,Occasional Shopper,Winter Wonders Sale,938710.99,353,2659.24,530.36,4993.56
Clothing,Online Shopper,12 Days of Deals,897697.48,332,2703.91,519.41,4977.02
Clothing,Online Shopper,Autumn Deals Drive,918271.70,335,2741.11,509.47,4982.21
Clothing,Online Shopper,BOGO Blitz,973541.00,355,2742.37,508.84,4981.27
Clothing,Online Shopper,Back to School Boost,967516.28,341,2837.29,510.27,4994.39
Clothing,Online Shopper,Birthday Bash Sale,931425.04,327,2848.39,524.96,4991.41
Clothing,Online Shopper,Black Friday Blowout,857818.63,312,2749.42,531.54,4992.36
Clothing,Online Shopper,Cart Crasher Campaign,856855.64,320,2677.67,521.86,4993.73
Clothing,Online Shopper,Cashback Carnival,871538.11,302,2885.89,518.52,4995.11
Clothing,Online Shopper,Clearance Countdown,958616.72,356,2692.74,513.63,4983.18
Clothing,Online Shopper,Countdown to Savings,856389.03,313,2736.07,501.71,4980.65
Clothing,Online Shopper,Customer Appreciation Week,923415.31,329,2806.73,503.51,4977.50
Clothing,Online Shopper,Cyber Monday Mania,948644.77,329,2883.42,562.89,4978.36
Clothing,Online Shopper,Deal of the Month,938644.42,334,2810.31,505.18,4999.45
Clothing,Online Shopper,Double Points Bonanza,912230.98,326,2798.25,513.51,4985.08
Clothing,Online Shopper,Early Bird Specials,987371.78,371,2661.38,501.24,4959.68
Clothing,Online Shopper,End of Season Sale,926130.18,333,2781.17,505.96,4950.72
Clothing,Online Shopper,Exclusive Insider Offers,918887.19,335,2742.95,500.29,4975.61
Clothing,Online Shopper,Festive Fever Promo,915098.02,331,2764.65,503.50,4972.14
Clothing,Online Shopper,Final Call Frenzy,990193.33,355,2789.28,503.34,4970.24
Clothing,Online Shopper,Flash Frenzy Friday,919878.38,335,2745.91,520.08,4996.44
Clothing,Online Shopper,"Gift More, Spend Less",934274.10,331,2822.58,505.29,4954.80
Clothing,Online Shopper,Golden Hour Bargains,961365.75,343,2802.82,514.14,4980.41
Clothing,Online Shopper,Green Weekend Deals,840290.43,305,2755.05,513.09,4991.70
Clothing,Online Shopper,Happy Hour Discounts,894545.89,329,2718.98,503.61,4997.02
Clothing,Online Shopper,Holiday Shopping Rush,952512.43,346,2752.93,505.46,4993.01
Clothing,Online Shopper,Hot Picks Promo,924002.57,322,2869.57,500.12,4999.60
Clothing,Online Shopper,Instant Gratification Sale,869147.19,315,2759.20,501.81,4990.16
Clothing,Online Shopper,Limited Time Treasures,949179.18,344,2759.24,510.34,4987.04
Clothing,Online Shopper,Loyalty Rewards Blast,1045110.77,377,2772.18,524.75,4979.86
Clothing,Online Shopper,Mega Weekend Bonanza,939636.03,336,2796.54,508.93,4983.37
Clothing,Online Shopper,Mid-Year Madness,928084.53,342,2713.70,503.75,4981.55
Clothing,Online Shopper,Midnight Madness,911171.63,334,2728.06,511.51,4981.54
Clothing,Online Shopper,Mystery Discount Days,828380.72,302,2742.98,500.93,4993.54
Clothing,Online Shopper,New Arrival Showcase,988026.92,353,2798.94,510.69,4994.65
Clothing,Online Shopper,New Product Launch Promo,807685.63,284,2843.96,543.75,4956.07
Clothing,Online Shopper,New Year Kickoff,904092.96,331,2731.40,503.72,4987.75
Clothing,Online Shopper,Price Drop Parade,872267.37,318,2742.98,505.80,4997.22
Clothing,Online Shopper,Red Tag Clearance,984383.78,351,2804.51,501.14,4990.12
Clothing,Online Shopper,Seasonal Surprise Box,849190.40,326,2604.88,500.11,4982.48
Clothing,Online Shopper,Shop & Save Spectacular,946310.28,334,2833.26,500.33,4966.57
Clothing,Online Shopper,Smart Shopper Week,861594.88,315,2735.22,526.21,4996.33
Clothing,Online Shopper,Spring Refresh Event,984977.18,353,2790.30,500.43,4985.02
Clothing,Online Shopper,Spring Splash Discounts,887133.35,328,2704.67,500.66,4982.46
Clothing,Online Shopper,Summer Sizzle Promo,914409.78,336,2721.46,506.00,4988.81
Clothing,Online Shopper,Super Savings Week,857643.68,298,2878.00,518.09,4984.02
Clothing,Online Shopper,Ultimate Value Event,926996.15,340,2726.46,510.86,4982.94
Clothing,Online Shopper,VIP Access Sale,934858.11,348,2686.37,505.21,4978.47
Clothing,Online Shopper,Weekend Warrior Specials,972850.88,357,2725.07,508.00,4998.52
Clothing,Online Shopper,Winter Clearance Carnival,998547.02,348,2869.39,504.78,4998.41
Clothing,Online Shopper,Winter Wonders Sale,861001.14,323,2665.64,502.39,4976.93
Clothing,Premium Shopper,12 Days of Deals,793561.02,299,2654.05,502.77,4987.39
Clothing,Premium Shopper,Autumn Deals Drive,864007.94,312,2769.26,537.48,4986.62
Clothing,Premium Shopper,BOGO Blitz,922929.49,344,2682.93,510.11,4984.91
Clothing,Premium Shopper,Back to School Boost,856277.91,301,2844.78,567.97,4988.01
Clothing,Premium Shopper,Birthday Bash Sale,893672.83,318,2810.29,507.09,4993.14
Clothing,Premium Shopper,Black Friday Blowout,922067.02,328,2811.18,505.64,4986.73
Clothing,Premium Shopper,Cart Crasher Campaign,914215.04,321,2848.02,513.28,4996.89
Clothing,Premium Shopper,Cashback Carnival,864498.87,336,2572.91,500.72,4985.43
Clothing,Premium Shopper,Clearance Countdown,958510.99,344,2786.37,511.75,4994.91
Clothing,Premium Shopper,Countdown to Savings,911694.63,341,2673.59,510.74,4991.40
Clothing,Premium Shopper,Customer Appreciation Week,1031086.73,364,2832.66,505.57,4998.60
Clothing,Premium Shopper,Cyber Monday Mania,850191.27,315,2699.02,504.42,4993.48
Clothing,Premium Shopper,Deal of the Month,885372.57,330,2682.95,507.82,4980.89
Clothing,Premium Shopper,Double Points Bonanza,1015093.32,358,2835.46,522.83,4999.44
Clothing,Premium Shopper,Early Bird Specials,952251.76,341,2792.53,509.91,4979.29
Clothing,Premium Shopper,End of Season Sale,864438.90,322,2684.59,505.48,4997.08
Clothing,Premium Shopper,Exclusive Insider Offers,867414.45,315,2753.70,500.07,4981.25
Clothing,Premium Shopper,Festive Fever Promo,918056.87,330,2781.99,568.75,4991.64
Clothing,Premium Shopper,Final Call Frenzy,925105.51,334,2769.78,517.29,4961.36
Clothing,Premium Shopper,Flash Frenzy Friday,794632.07,296,2684.57,509.03,4993.36
Clothing,Premium Shopper,"Gift More, Spend Less",843946.00,312,2704.96,510.81,4988.67
Clothing,Premium Shopper,Golden Hour Bargains,891713.67,314,2839.85,506.24,4998.56
Clothing,Premium Shopper,Green Weekend Deals,930792.06,341,2729.60,518.83,4999.76
Clothing,Premium Shopper,Happy Hour Discounts,964266.38,339,2844.44,517.05,4983.25
Clothing,Premium Shopper,Holiday Shopping Rush,818507.79,317,2582.04,507.23,4997.57
Clothing,Premium Shopper,Hot Picks Promo,937892.18,325,2885.82,523.47,4997.81
Clothing,Premium Shopper,Instant Gratification Sale,813950.09,287,2836.06,515.12,4993.08
Clothing,Premium Shopper,Limited Time Treasures,928593.14,335,2771.92,511.13,4974.73
Clothing,Premium Shopper,Loyalty Rewards Blast,827297.24,292,2833.21,530.25,4996.42
Clothing,Premium Shopper,Mega Weekend Bonanza,871177.11,322,2705.52,504.47,4980.15
Clothing,Premium Shopper,Mid-Year Madness,929109.96,344,2700.90,510.73,4979.78
Clothing,Premium Shopper,Midnight Madness,898713.45,314,2862.14,512.97,4986.57
Clothing,Premium Shopper,Mystery Discount Days,846219.04,309,2738.57,503.54,4980.80
Clothing,Premium Shopper,New Arrival Showcase,856233.45,322,2659.11,513.68,4996.20
Clothing,Premium Shopper,New Product Launch Promo,893792.82,327,2733.31,500.83,4984.79
Clothing,Premium Shopper,New Year Kickoff,893396.35,337,2651.03,506.98,4956.24
Clothing,Premium Shopper,Price Drop Parade,866929.64,325,2667.48,508.98,4996.80
Clothing,Premium Shopper,Red Tag Clearance,964580.02,349,2763.84,502.58,4970.08
Clothing,Premium Shopper,Seasonal Surprise Box,873093.84,313,2789.44,545.74,4982.46
Clothing,Premium Shopper,Shop & Save Spectacular,942288.25,332,2838.22,547.57,4989.80
Clothing,Premium Shopper,Smart Shopper Week,884709.04,315,2808.60,518.72,4997.07
Clothing,Premium Shopper,Spring Refresh Event,928822.51,333,2789.26,508.91,4985.65
Clothing,Premium Shopper,Spring Splash Discounts,930953.10,334,2787.28,508.64,4997.44
Clothing,Premium Shopper,Summer Sizzle Promo,869483.00,326,2667.13,506.24,4974.59
Clothing,Premium Shopper,Super Savings Week,847020.05,320,2646.94,510.99,4953.24
Clothing,Premium Shopper,Ultimate Value Event,832430.59,309,2693.95,500.17,4997.25
Clothing,Premium Shopper,VIP Access Sale,999147.64,349,2862.89,501.68,4974.51
Clothing,Premium Shopper,Weekend Warrior Specials,891471.13,322,2768.54,533.71,4995.02
Clothing,Premium Shopper,Winter Clearance Carnival,855606.02,318,2690.58,508.47,4979.50
Clothing,Premium Shopper,Winter Wonders Sale,908074.79,339,2678.69,505.91,4968.00
Electronics,Budget Shopper,12 Days of Deals,867741.77,316,2746.02,512.48,4990.97
Electronics,Budget Shopper,Autumn Deals Drive,838974.45,303,2768.89,502.24,4974.49
Electronics,Budget Shopper,BOGO Blitz,789300.09,287,2750.17,505.45,4967.43
Electronics,Budget Shopper,Back to School Boost,899174.46,322,2792.47,511.72,4994.30
Electronics,Budget Shopper,Birthday Bash Sale,1005659.54,359,2801.28,504.53,4989.43
Electronics,Budget Shopper,Black Friday Blowout,966475.92,346,2793.28,508.22,4994.38
Electronics,Budget Shopper,Cart Crasher Campaign,896228.33,327,2740.76,504.62,4988.86
Electronics,Budget Shopper,Cashback Carnival,927508.72,331,2802.14,538.48,4992.15
Electronics,Budget Shopper,Clearance Countdown,1011578.57,361,2802.16,503.09,4998.92
Electronics,Budget Shopper,Countdown to Savings,945202.09,335,2821.50,504.78,4989.61
Electronics,Budget Shopper,Customer Appreciation Week,918638.92,336,2734.04,504.71,4991.30
Electronics,Budget Shopper,Cyber Monday Mania,844984.41,321,2632.35,520.98,4999.28
Electronics,Budget Shopper,Deal of the Month,879011.25,313,2808.34,502.25,4981.77
Electronics,Budget Shopper,Double Points Bonanza,824947.92,303,2722.60,500.59,4998.12
Electronics,Budget Shopper,Early Bird Specials,968415.25,344,2815.16,510.85,4977.91
Electronics,Budget Shopper,End of Season Sale,821332.62,313,2624.07,510.44,4967.22
Electronics,Budget Shopper,Exclusive Insider Offers,934942.79,346,2702.15,516.09,4994.95
Electronics,Budget Shopper,Festive Fever Promo,875724.98,314,2788.93,520.71,4996.41
Electronics,Budget Shopper,Final Call Frenzy,1007346.29,358,2813.82,519.16,4971.23
Electronics,Budget Shopper,Flash Frenzy Friday,798279.61,291,2743.23,510.10,4989.37
Electronics,Budget Shopper,"Gift More, Spend Less",847045.51,307,2759.11,505.10,4998.35
Electronics,Budget Shopper,Golden Hour Bargains,868478.09,324,2680.49,506.49,4997.22
Electronics,Budget Shopper,Green Weekend Deals,909756.04,326,2790.66,503.08,4991.30
Electronics,Budget Shopper,Happy Hour Discounts,878715.18,310,2834.57,528.07,4980.21
Electronics,Budget Shopper,Holiday Shopping Rush,961380.72,345,2786.61,514.69,4999.40
Electronics,Budget Shopper,Hot Picks Promo,904627.08,319,2835.82,510.10,4986.36
Electronics,Budget Shopper,Instant Gratification Sale,911521.23,332,2745.55,528.39,4978.35
Electronics,Budget Shopper,Limited Time Treasures,893146.98,319,2799.83,539.36,4992.37
Electronics,Budget Shopper,Loyalty Rewards Blast,933703.46,353,2645.05,529.29,4989.82
Electronics,Budget Shopper,Mega Weekend Bonanza,982543.94,342,2872.94,512.88,4996.39
Electronics,Budget Shopper,Mid-Year Madness,940655.85,335,2807.93,502.59,4973.78
Electronics,Budget Shopper,Midnight Madness,940979.19,341,2759.47,533.40,4986.24
Electronics,Budget Shopper,Mystery Discount Days,938361.43,330,2843.52,500.80,4971.65
Electronics,Budget Shopper,New Arrival Showcase,943172.95,339,2782.22,567.63,4991.76
Electronics,Budget Shopper,New Product Launch Promo,1012885.15,379,2672.52,501.09,4998.61
Electronics,Budget Shopper,New Year Kickoff,969402.17,344,2818.03,501.31,4990.42
Electronics,Budget Shopper,Price Drop Parade,920445.77,332,2772.43,500.55,4996.70
Electronics,Budget Shopper,Red Tag Clearance,967432.92,348,2779.98,501.68,4993.50
Electronics,Budget Shopper,Seasonal Surprise Box,1013936.56,348,2913.61,504.53,4989.80
Electronics,Budget Shopper,Shop & Save Spectacular,844712.40,324,2607.14,525.72,4975.24
Electronics,Budget Shopper,Smart Shopper Week,915441.36,334,2740.84,521.56,4997.06
Electronics,Budget Shopper,Spring Refresh Event,896813.07,314,2856.09,506.77,4991.42
Electronics,Budget Shopper,Spring Splash Discounts,847646.62,291,2912.87,508.68,4994.40
Electronics,Budget Shopper,Summer Sizzle Promo,771203.76,271,2845.77,518.75,4986.41
Electronics,Budget Shopper,Super Savings Week,869606.07,309,2814.26,545.86,4995.54
Electronics,Budget Shopper,Ultimate Value Event,840532.87,312,2694.02,519.08,4994.52
Electronics,Budget Shopper,VIP Access Sale,948470.51,350,2709.92,520.15,4979.66
Electronics,Budget Shopper,Weekend Warrior Specials,960442.29,339,2833.16,546.90,4985.78
Electronics,Budget Shopper,Winter Clearance Carnival,906118.02,332,2729.27,523.40,4992.13
Electronics,Budget Shopper,Winter Wonders Sale,852324.25,322,2646.97,502.26,4980.29
Electronics,Churn Risk,12 Days of Deals,791490.13,292,2710.58,525.65,4996.82
Electronics,Churn Risk,Autumn Deals Drive,977140.21,347,2815.97,500.20,4995.01
Electronics,Churn Risk,BOGO Blitz,971810.58,362,2684.56,511.28,4992.57
Electronics,Churn Risk,Back to School Boost,919892.37,349,2635.79,513.64,4950.78
Electronics,Churn Risk,Birthday Bash Sale,929083.71,330,2815.41,500.37,4999.64
Electronics,Churn Risk,Black Friday Blowout,865014.40,315,2746.08,564.74,4997.94
Electronics,Churn Risk,Cart Crasher Campaign,886611.87,322,2753.45,502.87,4986.65
Electronics,Churn Risk,Cashback Carnival,891339.05,315,2829.65,509.79,4984.45
Electronics,Churn Risk,Clearance Countdown,862329.83,330,2613.12,502.94,4978.80
Electronics,Churn Risk,Countdown to Savings,807003.92,311,2594.87,500.60,4972.20
Electronics,Churn Risk,Customer Appreciation Week,945335.61,334,2830.35,506.65,4988.06
Electronics,Churn Risk,Cyber Monday Mania,943501.65,328,2876.53,515.57,4993.63
Electronics,Churn Risk,Deal of the Month,929360.71,335,2774.21,510.03,4992.24
Electronics,Churn Risk,Double Points Bonanza,824813.22,305,2704.31,500.48,4972.64
Electronics,Churn Risk,Early Bird Specials,884108.88,329,2687.26,523.14,4995.63
Electronics,Churn Risk,End of Season Sale,923110.95,351,2629.95,504.36,4996.48
Electronics,Churn Risk,Exclusive Insider Offers,909689.06,325,2799.04,556.06,4989.63
Electronics,Churn Risk,Festive Fever Promo,1026695.97,354,2900.27,532.91,4987.73
Electronics,Churn Risk,Final Call Frenzy,875367.59,327,2676.97,501.57,4994.08
Electronics,Churn Risk,Flash Frenzy Friday,982375.68,363,2706.27,502.31,4987.89
Electronics,Churn Risk,"Gift More, Spend Less",848119.93,313,2709.65,507.44,4977.96
Electronics,Churn Risk,Golden Hour Bargains,953166.33,352,2707.86,506.95,4987.21
Electronics,Churn Risk,Green Weekend Deals,959254.37,336,2854.92,511.69,4996.70
Electronics,Churn Risk,Happy Hour Discounts,982480.12,359,2736.71,512.26,4949.78
Electronics,Churn Risk,Holiday Shopping Rush,987768.49,356,2774.63,500.17,4979.26
Electronics,Churn Risk,Hot Picks Promo,932468.01,337,2766.97,506.70,4987.66
Electronics,Churn Risk,Instant Gratification Sale,852796.37,327,2607.94,516.85,4918.55
Electronics,Churn Risk,Limited Time Treasures,963593.79,340,2834.10,501.60,4958.13
Electronics,Churn Risk,Loyalty Rewards Blast,942167.40,339,2779.25,517.72,4990.76
Electronics,Churn Risk,Mega Weekend Bonanza,953038.83,343,2778.54,514.37,4999.69
Electronics,Churn Risk,Mid-Year Madness,958039.79,348,2752.99,504.33,4995.57
Electronics,Churn Risk,Midnight Madness,935553.38,328,2852.30,531.62,4983.03
Electronics,Churn Risk,Mystery Discount Days,904516.07,332,2724.45,501.23,4983.01
Electronics,Churn Risk,New Arrival Showcase,892398.75,318,2806.29,503.69,4978.56
Electronics,Churn Risk,New Product Launch Promo,963806.72,353,2730.33,509.22,4988.32
Electronics,Churn Risk,New Year Kickoff,947655.91,342,2770.92,515.89,4982.65
Electronics,Churn Risk,Price Drop Parade,919014.17,350,2625.75,508.61,4981.91
Electronics,Churn Risk,Red Tag Clearance,781985.82,288,2715.23,501.03,4977.15
Electronics,Churn Risk,Seasonal Surprise Box,896294.84,323,2774.91,501.42,4992.28
Electronics,Churn Risk,Shop & Save Spectacular,865192.54,320,2703.73,556.44,4992.95
Electronics,Churn Risk,Smart Shopper Week,875898.55,324,2703.39,524.99,4958.53
Electronics,Churn Risk,Spring Refresh Event,924353.18,343,2694.91,505.30,4948.28
Electronics,Churn Risk,Spring Splash Discounts,1015548.55,367,2767.16,502.11,4985.90
Electronics,Churn Risk,Summer Sizzle Promo,838930.68,306,2741.60,514.80,4990.78
Electronics,Churn Risk,Super Savings Week,905465.70,329,2752.18,501.34,4998.99
Electronics,Churn Risk,Ultimate Value Event,1049240.84,371,2828.14,509.32,4997.13
Electronics,Churn Risk,VIP Access Sale,955405.73,364,2624.74,521.39,4994.23
Electronics,Churn Risk,Weekend Warrior Specials,946229.66,335,2824.57,501.99,4979.37
Electronics,Churn Risk,Winter Clearance Carnival,919732.93,340,2705.10,512.56,4995.61
Electronics,Churn Risk,Winter Wonders Sale,908726.57,331,2745.40,519.83,4991.74
Electronics,Deal Seeker,12 Days of Deals,855315.61,319,2681.24,507.68,4999.82
Electronics,Deal Seeker,Autumn Deals Drive,881842.45,301,2929.71,511.25,4985.87
Electronics,Deal Seeker,BOGO Blitz,954943.79,346,2759.95,501.85,4997.66
Electronics,Deal Seeker,Back to School Boost,867785.87,328,2645.69,500.14,4994.40
Electronics,Deal Seeker,Birthday Bash Sale,896520.67,321,2792.90,515.47,4993.29
Electronics,Deal Seeker,Black Friday Blowout,954267.27,354,2695.67,504.18,4998.59
Electronics,Deal Seeker,Cart Crasher Campaign,902138.82,341,2645.57,525.76,4996.42
Electronics,Deal Seeker,Cashback Carnival,837836.34,307,2729.11,508.52,4993.59
Electronics,Deal Seeker,Clearance Countdown,967881.15,364,2659.01,504.35,4998.01
Electronics,Deal Seeker,Countdown to Savings,993480.50,351,2830.43,521.10,4976.24
Electronics,Deal Seeker,Customer Appreciation Week,816122.79,313,2607.42,513.82,4997.50
Electronics,Deal Seeker,Cyber Monday Mania,949634.78,333,2851.76,511.34,4955.40
Electronics,Deal Seeker,Deal of the Month,790766.80,292,2708.11,501.76,4976.21
Electronics,Deal Seeker,Double Points Bonanza,951196.01,342,2781.27,524.99,4994.70
Electronics,Deal Seeker,Early Bird Specials,973826.05,345,2822.68,507.35,4948.77
Electronics,Deal Seeker,End of Season Sale,897588.58,327,2744.92,518.61,4987.71
Electronics,Deal Seeker,Exclusive Insider Offers,1012163.78,361,2803.78,511.49,4999.75
Electronics,Deal Seeker,Festive Fever Promo,887723.56,320,2774.14,522.82,4993.37
Electronics,Deal Seeker,Final Call Frenzy,971924.18,348,2792.89,501.33,4987.50
Electronics,Deal Seeker,Flash Frenzy Friday,914391.20,330,2770.88,516.92,4996.92
Electronics,Deal Seeker,"Gift More, Spend Less",1066760.45,387,2756.49,517.58,4992.20
Electronics,Deal Seeker,Golden Hour Bargains,915097.94,334,2739.81,502.34,4974.91
Electronics,Deal Seeker,Green Weekend Deals,904777.17,316,2863.22,502.12,4999.77
Electronics,Deal Seeker,Happy Hour Discounts,872922.38,322,2710.94,525.52,4997.26
Electronics,Deal Seeker,Holiday Shopping Rush,879761.97,317,2775.27,528.27,4947.82
Electronics,Deal Seeker,Hot Picks Promo,881335.49,314,2806.80,533.74,4960.09
Electronics,Deal Seeker,Instant Gratification Sale,913288.11,338,2702.04,502.13,4969.19
Electronics,Deal Seeker,Limited Time Treasures,910870.32,332,2743.59,508.76,4993.69
Electronics,Deal Seeker,Loyalty Rewards Blast,991618.96,353,2809.12,507.52,4996.70
Electronics,Deal Seeker,Mega Weekend Bonanza,947395.24,356,2661.22,503.47,4987.91
Electronics,Deal Seeker,Mid-Year Madness,919567.76,328,2803.56,509.00,4998.40
Electronics,Deal Seeker,Midnight Madness,936416.56,342,2738.06,574.60,4998.11
Electronics,Deal Seeker,Mystery Discount Days,837992.78,305,2747.52,521.00,4988.03
Electronics,Deal Seeker,New Arrival Showcase,901798.35,316,2853.79,513.72,4999.95
Electronics,Deal Seeker,New Product Launch Promo,924674.99,331,2793.58,515.92,4991.62
Electronics,Deal Seeker,New Year Kickoff,916570.81,336,2727.89,504.17,4998.59
Electronics,Deal Seeker,Price Drop Parade,959412.31,365,2628.53,503.08,4992.49
Electronics,Deal Seeker,Red Tag Clearance,910021.30,333,2732.80,508.61,4992.26
Electronics,Deal Seeker,Seasonal Surprise Box,827636.58,316,2619.10,518.90,4997.91
Electronics,Deal Seeker,Shop & Save Spectacular,961427.80,351,2739.11,500.49,4996.66
Electronics,Deal Seeker,Smart Shopper Week,910859.88,335,2718.98,514.89,4997.75
Electronics,Deal Seeker,Spring Refresh Event,837018.77,322,2599.44,500.80,4971.68
Electronics,Deal Seeker,Spring Splash Discounts,953881.50,344,2772.91,516.08,4989.38
Electronics,Deal Seeker,Summer Sizzle Promo,955325.32,362,2639.02,517.69,4975.75
Electronics,Deal Seeker,Super Savings Week,916688.04,341,2688.23,508.42,4909.57
Electronics,Deal Seeker,Ultimate Value Event,1019391.78,367,2777.63,503.14,4986.31
Electronics,Deal Seeker,VIP Access Sale,899662.17,332,2709.83,506.75,4979.30
Electronics,Deal Seeker,Weekend Warrior Specials,866169.71,313,2767.32,503.52,4986.26
Electronics,Deal Seeker,Winter Clearance Carnival,1052423.73,367,2867.64,504.61,4991.97
Electronics,Deal Seeker,Winter Wonders Sale,938479.15,343,2736.09,511.22,4970.79
Electronics,First-time Buyer,12 Days of Deals,873367.17,343,2546.26,502.99,4987.59
Electronics,First-time Buyer,Autumn Deals Drive,786848.42,281,2800.17,510.09,4995.33
Electronics,First-time Buyer,BOGO Blitz,905714.87,324,2795.42,501.56,4997.65
Electronics,First-time Buyer,Back to School Boost,909811.75,342,2660.27,507.63,4991.54
Electronics,First-time Buyer,Birthday Bash Sale,936239.91,344,2721.63,507.40,4999.90
Electronics,First-time Buyer,Black Friday Blowout,875766.11,327,2678.18,534.35,4941.43
Electronics,First-time Buyer,Cart Crasher Campaign,997170.14,347,2873.69,531.01,4970.31
Electronics,First-time Buyer,Cashback Carnival,775850.44,293,2647.95,500.13,4985.76
Electronics,First-time Buyer,Clearance Countdown,946649.07,355,2666.62,502.39,4993.63
Electronics,First-time Buyer,Countdown to Savings,921661.21,339,2718.76,500.75,4976.52
Electronics,First-time Buyer,Customer Appreciation Week,904169.90,324,2790.65,536.20,4965.87
Electronics,First-time Buyer,Cyber Monday Mania,1022786.53,362,2825.38,503.56,4989.43
Electronics,First-time Buyer,Deal of the Month,913000.11,335,2725.37,517.66,4999.96
Electronics,First-time Buyer,Double Points Bonanza,972366.05,348,2794.16,503.00,4997.02
Electronics,First-time Buyer,Early Bird Specials,866951.03,316,2743.52,504.33,4986.96
Electronics,First-time Buyer,End of Season Sale,834864.74,303,2755.33,509.28,4984.96
Electronics,First-time Buyer,Exclusive Insider Offers,882509.51,319,2766.49,507.60,4991.10
Electronics,First-time Buyer,Festive Fever Promo,963393.93,344,2800.56,533.91,4991.72
Electronics,First-time Buyer,Final Call Frenzy,932425.62,346,2694.87,526.51,4998.53
Electronics,First-time Buyer,Flash Frenzy Friday,803689.69,301,2670.07,505.51,4994.20
Electronics,First-time Buyer,"Gift More, Spend Less",848052.64,321,2641.91,532.54,4991.79
Electronics,First-time Buyer,Golden Hour Bargains,877581.25,319,2751.04,506.47,4983.14
Electronics,First-time Buyer,Green Weekend Deals,902927.67,320,2821.65,506.72,4999.78
Electronics,First-time Buyer,Happy Hour Discounts,883410.71,322,2743.51,516.29,4993.94
Electronics,First-time Buyer,Holiday Shopping Rush,891749.37,318,2804.24,510.18,4999.67
Electronics,First-time Buyer,Hot Picks Promo,909879.33,337,2699.94,528.71,4996.10
Electronics,First-time Buyer,Instant Gratification Sale,931736.29,340,2740.40,508.08,4984.14
Electronics,First-time Buyer,Limited Time Treasures,1100939.62,376,2928.03,552.06,4999.20
Electronics,First-time Buyer,Loyalty Rewards Blast,966496.35,339,2851.02,554.30,4991.91
Electronics,First-time Buyer,Mega Weekend Bonanza,984118.14,340,2894.47,519.39,4994.32
Electronics,First-time Buyer,Mid-Year Madness,823385.19,311,2647.54,500.72,4999.11
Electronics,First-time Buyer,Midnight Madness,881727.20,326,2704.68,540.94,4994.53
Electronics,First-time Buyer,Mystery Discount Days,852848.85,309,2760.03,504.53,4958.83
Electronics,First-time Buyer,New Arrival Showcase,872393.47,317,2752.03,533.05,4999.20
Electronics,First-time Buyer,New Product Launch Promo,936830.53,336,2788.19,500.19,4983.02
Electronics,First-time Buyer,New Year Kickoff,926765.94,326,2842.84,510.13,4968.62
Electronics,First-time Buyer,Price Drop Parade,944470.74,344,2745.55,504.47,4999.10
Electronics,First-time Buyer,Red Tag Clearance,931733.41,348,2677.39,532.20,4988.74
Electronics,First-time Buyer,Seasonal Surprise Box,866493.99,318,2724.82,528.08,4924.15
Electronics,First-time Buyer,Shop & Save Spectacular,975112.44,359,2716.19,511.07,4991.54
Electronics,First-time Buyer,Smart Shopper Week,935480.82,336,2784.17,509.76,4989.46
Electronics,First-time Buyer,Spring Refresh Event,999514.18,363,2753.48,507.77,4985.27
Electronics,First-time Buyer,Spring Splash Discounts,922381.39,327,2820.74,504.51,4999.02
Electronics,First-time Buyer,Summer Sizzle Promo,888069.12,326,2724.14,506.50,4982.30
Electronics,First-time Buyer,Super Savings Week,891324.96,317,2811.75,514.27,4992.06
Electronics,First-time Buyer,Ultimate Value Event,877106.37,318,2758.20,517.40,4997.68
Electronics,First-time Buyer,VIP Access Sale,959639.28,344,2789.65,502.59,4998.82
Electronics,First-time Buyer,Weekend Warrior Specials,1014107.45,367,2763.24,506.54,4999.71
Electronics,First-time Buyer,Winter Clearance Carnival,945154.25,343,2755.55,511.37,4973.90
Electronics,First-time Buyer,Winter Wonders Sale,928521.73,332,2796.75,517.04,4992.52
Electronics,High Value,12 Days of Deals,851343.94,315,2702.68,530.57,4993.18
Electronics,High Value,Autumn Deals Drive,973746.67,354,2750.70,508.14,4986.47
Electronics,High Value,BOGO Blitz,893482.20,327,2732.36,523.81,4996.53
Electronics,High Value,Back to School Boost,926612.77,347,2670.35,502.18,4976.48
Electronics,High Value,Birthday Bash Sale,878297.30,320,2744.68,501.00,4957.70
Electronics,High Value,Black Friday Blowout,966774.36,349,2770.13,500.70,4977.98
Electronics,High Value,Cart Crasher Campaign,992460.46,345,2876.70,521.71,4985.04
Electronics,High Value,Cashback Carnival,986711.85,363,2718.21,509.88,4992.85
Electronics,High Value,Clearance Countdown,925583.75,322,2874.48,509.07,4998.50
Electronics,High Value,Countdown to Savings,904844.41,331,2733.67,504.17,4979.80
Electronics,High Value,Customer Appreciation Week,1058097.89,373,2836.72,505.23,4996.51
Electronics,High Value,Cyber Monday Mania,965035.67,352,2741.58,504.44,4979.84
Electronics,High Value,Deal of the Month,959199.00,335,2863.28,504.69,4997.39
Electronics,High Value,Double Points Bonanza,855365.02,325,2631.89,514.43,4990.54
Electronics,High Value,Early Bird Specials,937250.03,351,2670.23,502.05,4992.90
Electronics,High Value,End of Season Sale,973440.65,344,2829.77,505.63,4997.26
Electronics,High Value,Exclusive Insider Offers,966551.95,350,2761.58,522.10,4978.13
Electronics,High Value,Festive Fever Promo,967499.39,351,2756.41,500.64,4989.53
Electronics,High Value,Final Call Frenzy,891660.89,332,2685.73,502.93,4999.96
Electronics,High Value,Flash Frenzy Friday,863835.17,309,2795.58,518.70,4996.64
Electronics,High Value,"Gift More, Spend Less",915707.96,343,2669.70,503.92,4957.19
Electronics,High Value,Golden Hour Bargains,894844.74,335,2671.18,514.33,4991.12
Electronics,High Value,Green Weekend Deals,937788.33,344,2726.13,509.28,4993.95
Electronics,High Value,Happy Hour Discounts,933358.11,321,2907.66,504.99,4998.47
Electronics,High Value,Holiday Shopping Rush,892747.50,319,2798.58,513.38,4995.77
Electronics,High Value,Hot Picks Promo,781914.01,292,2677.79,519.48,4987.55
Electronics,High Value,Instant Gratification Sale,912575.76,320,2851.80,509.81,4998.62
Electronics,High Value,Limited Time Treasures,895771.52,331,2706.26,516.88,4985.25
Electronics,High Value,Loyalty Rewards Blast,850628.89,307,2770.78,514.95,4951.26
Electronics,High Value,Mega Weekend Bonanza,833001.49,319,2611.29,504.44,4992.12
Electronics,High Value,Mid-Year Madness,895723.41,319,2807.91,505.44,4993.79
Electronics,High Value,Midnight Madness,926947.21,338,2742.45,511.55,4961.18
Electronics,High Value,Mystery Discount Days,1053553.38,364,2894.38,506.12,4996.73
Electronics,High Value,New Arrival Showcase,889180.71,328,2710.92,522.67,4980.00
Electronics,High Value,New Product Launch Promo,825124.57,317,2602.92,506.93,4994.34
Electronics,High Value,New Year Kickoff,1001237.49,349,2868.88,501.98,4973.91
Electronics,High Value,Price Drop Parade,741547.03,265,2798.29,501.39,4992.82
Electronics,High Value,Red Tag Clearance,922930.60,338,2730.56,518.76,4993.37
Electronics,High Value,Seasonal Surprise Box,857801.95,306,2803.27,505.64,4993.58
Electronics,High Value,Shop & Save Spectacular,952109.34,352,2704.86,502.39,4959.97
Electronics,High Value,Smart Shopper Week,850249.31,324,2624.23,527.37,4999.77
Electronics,High Value,Spring Refresh Event,874942.08,322,2717.21,518.30,4999.45
Electronics,High Value,Spring Splash Discounts,789729.84,293,2695.32,534.41,4999.08
Electronics,High Value,Summer Sizzle Promo,930053.61,339,2743.52,501.26,4995.77
Electronics,High Value,Super Savings Week,944053.76,329,2869.46,542.70,4998.89
Electronics,High Value,Ultimate Value Event,883290.03,327,2701.19,506.64,4995.39
Electronics,High Value,VIP Access Sale,946872.88,342,2768.63,525.24,4992.51
Electronics,High Value,Weekend Warrior Specials,871891.26,333,2618.29,530.46,4952.24
Electronics,High Value,Winter Clearance Carnival,966972.23,349,2770.69,506.45,4978.61
Electronics,High Value,Winter Wonders Sale,896567.35,336,2668.36,506.22,4981.87
Electronics,In-Store Regular,12 Days of Deals,943432.53,338,2791.22,520.04,4999.60
Electronics,In-Store Regular,Autumn Deals Drive,946069.14,342,2766.28,502.40,4999.09
Electronics,In-Store Regular,BOGO Blitz,828679.73,306,2708.10,507.31,4998.29
Electronics,In-Store Regular,Back to School Boost,910376.45,334,2725.68,501.01,4962.04
Electronics,In-Store Regular,Birthday Bash Sale,877419.83,318,2759.18,502.96,4987.85
Electronics,In-Store Regular,Black Friday Blowout,895731.24,337,2657.96,501.86,4993.62
Electronics,In-Store Regular,Cart Crasher Campaign,1049037.97,362,2897.89,526.19,4967.40
Electronics,In-Store Regular,Cashback Carnival,848361.46,313,2710.42,538.33,4995.33
Electronics,In-Store Regular,Clearance Countdown,827318.33,307,2694.85,518.37,4994.64
Electronics,In-Store Regular,Countdown to Savings,920312.93,344,2675.33,515.96,4979.77
Electronics,In-Store Regular,Customer Appreciation Week,957906.57,355,2698.33,508.00,4998.63
Electronics,In-Store Regular,Cyber Monday Mania,905965.41,337,2688.32,524.42,4978.20
Electronics,In-Store Regular,Deal of the Month,841956.97,316,2664.42,504.72,4988.21
Electronics,In-Store Regular,Double Points Bonanza,887312.14,325,2730.19,500.80,4999.96
Electronics,In-Store Regular,Early Bird Specials,911909.45,335,2722.12,523.64,4999.11
Electronics,In-Store Regular,End of Season Sale,798266.75,295,2705.99,502.83,4997.96
Electronics,In-Store Regular,Exclusive Insider Offers,960293.04,355,2705.05,503.81,4999.96
Electronics,In-Store Regular,Festive Fever Promo,998016.10,363,2749.36,507.19,4998.89
Electronics,In-Store Regular,Final Call Frenzy,960803.81,349,2753.02,500.25,4977.64
Electronics,In-Store Regular,Flash Frenzy Friday,874782.99,333,2626.98,504.09,4929.47
Electronics,In-Store Regular,"Gift More, Spend Less",893221.62,329,2714.96,516.90,4993.33
Electronics,In-Store Regular,Golden Hour Bargains,854162.22,310,2755.36,506.54,4994.43
Electronics,In-Store Regular,Green Weekend Deals,885353.61,341,2596.34,517.59,4989.11
Electronics,In-Store Regular,Happy Hour Discounts,902355.93,324,2785.05,518.88,4990.56
Electronics,In-Store Regular,Holiday Shopping Rush,784071.86,302,2596.26,500.69,4980.69
Electronics,In-Store Regular,Hot Picks Promo,922367.50,339,2720.85,517.20,4965.34
Electronics,In-Store Regular,Instant Gratification Sale,943482.97,343,2750.68,515.65,4993.60
Electronics,In-Store Regular,Limited Time Treasures,973647.13,347,2805.90,515.94,4983.39
Electronics,In-Store Regular,Loyalty Rewards Blast,947201.55,344,2753.49,522.03,4981.23
Electronics,In-Store Regular,Mega Weekend Bonanza,962886.68,338,2848.78,512.03,4997.10
Electronics,In-Store Regular,Mid-Year Madness,895973.15,324,2765.35,507.11,4994.22
Electronics,In-Store Regular,Midnight Madness,944174.66,351,2689.96,505.60,4998.66
Electronics,In-Store Regular,Mystery Discount Days,996059.53,356,2797.92,509.49,4995.07
Electronics,In-Store Regular,New Arrival Showcase,901097.24,310,2906.77,573.67,4998.70
Electronics,In-Store Regular,New Product Launch Promo,1056202.62,368,2870.12,501.76,4998.30
Electronics,In-Store Regular,New Year Kickoff,963143.49,350,2751.84,514.95,4996.42
Electronics,In-Store Regular,Price Drop Parade,924796.47,337,2744.20,521.24,4998.14
Electronics,In-Store Regular,Red Tag Clearance,1012842.36,361,2805.66,503.76,4989.80
Electronics,In-Store Regular,Seasonal Surprise Box,871683.98,327,2665.70,519.71,4971.04
Electronics,In-Store Regular,Shop & Save Spectacular,958258.15,355,2699.32,503.16,4991.97
Electronics,In-Store Regular,Smart Shopper Week,896829.06,315,2847.08,512.34,4998.63
Electronics,In-Store Regular,Spring Refresh Event,912296.29,330,2764.53,500.05,4980.63
Electronics,In-Store Regular,Spring Splash Discounts,878550.61,303,2899.51,552.32,4987.50
Electronics,In-Store Regular,Summer Sizzle Promo,975204.54,345,2826.68,501.20,4995.70
Electronics,In-Store Regular,Super Savings Week,917931.88,334,2748.30,577.91,4985.76
Electronics,In-Store Regular,Ultimate Value Event,944969.84,338,2795.77,539.45,4994.00
Electronics,In-Store Regular,VIP Access Sale,870233.73,313,2780.30,564.64,4961.92
Electronics,In-Store Regular,Weekend Warrior Specials,909761.94,341,2667.92,524.39,4962.87
Electronics,In-Store Regular,Winter Clearance Carnival,888516.73,318,2794.08,508.37,4995.10
Electronics,In-Store Regular,Winter Wonders Sale,892400.05,338,2640.24,517.03,4977.49
Electronics,Loyal Customer,12 Days of Deals,848556.81,300,2828.52,520.34,4993.15
Electronics,Loyal Customer,Autumn Deals Drive,952855.43,345,2761.90,533.00,4966.77
Electronics,Loyal Customer,BOGO Blitz,890783.35,334,2667.02,504.25,4998.43
Electronics,Loyal Customer,Back to School Boost,886992.02,343,2585.98,537.57,4973.63
Electronics,Loyal Customer,Birthday Bash Sale,916121.09,333,2751.11,500.20,4995.40
Electronics,Loyal Customer,Black Friday Blowout,855376.12,309,2768.21,546.93,4988.29
Electronics,Loyal Customer,Cart Crasher Campaign,827688.93,303,2731.65,508.56,4995.09
Electronics,Loyal Customer,Cashback Carnival,875567.05,341,2567.65,518.86,4988.77
Electronics,Loyal Customer,Clearance Countdown,999911.64,354,2824.61,500.08,4975.27
Electronics,Loyal Customer,Countdown to Savings,914058.20,328,2786.76,511.63,4976.09
Electronics,Loyal Customer,Customer Appreciation Week,965268.52,358,2696.28,508.42,4983.41
Electronics,Loyal Customer,Cyber Monday Mania,924155.07,337,2742.30,504.82,4999.50
Electronics,Loyal Customer,Deal of the Month,897319.99,331,2710.94,507.78,4998.97
Electronics,Loyal Customer,Double Points Bonanza,881661.19,326,2704.48,502.33,4971.50
Electronics,Loyal Customer,Early Bird Specials,917047.49,336,2729.31,529.31,4976.07
Electronics,Loyal Customer,End of Season Sale,881255.07,299,2947.34,524.26,4993.60
Electronics,Loyal Customer,Exclusive Insider Offers,997269.96,373,2673.65,516.17,4984.72
Electronics,Loyal Customer,Festive Fever Promo,824404.02,321,2568.24,517.66,4962.22
Electronics,Loyal Customer,Final Call Frenzy,956665.93,336,2847.22,501.47,4992.74
Electronics,Loyal Customer,Flash Frenzy Friday,900672.54,320,2814.60,509.18,4985.86
Electronics,Loyal Customer,"Gift More, Spend Less",947105.52,335,2827.18,506.16,4993.14
Electronics,Loyal Customer,Golden Hour Bargains,873599.59,302,2892.71,504.46,4960.69
Electronics,Loyal Customer,Green Weekend Deals,862124.05,322,2677.40,538.34,4975.50
Electronics,Loyal Customer,Happy Hour Discounts,883991.00,329,2686.90,529.47,4989.58
Electronics,Loyal Customer,Holiday Shopping Rush,910959.60,322,2829.07,540.09,4992.01
Electronics,Loyal Customer,Hot Picks Promo,953110.63,354,2692.40,505.53,4978.45
Electronics,Loyal Customer,Instant Gratification Sale,840671.22,328,2563.02,510.27,4935.74
Electronics,Loyal Customer,Limited Time Treasures,908710.63,332,2737.08,511.62,4992.86
Electronics,Loyal Customer,Loyalty Rewards Blast,982580.96,361,2721.83,508.20,4984.67
Electronics,Loyal Customer,Mega Weekend Bonanza,961775.59,343,2804.01,504.97,4999.15
Electronics,Loyal Customer,Mid-Year Madness,934507.19,339,2756.66,504.23,4993.10
Electronics,Loyal Customer,Midnight Madness,969780.03,349,2778.74,514.32,4999.83
Electronics,Loyal Customer,Mystery Discount Days,959835.52,348,2758.15,503.05,4986.37
Electronics,Loyal Customer,New Arrival Showcase,909925.00,329,2765.73,502.12,4996.76
Electronics,Loyal Customer,New Product Launch Promo,927577.03,337,2752.45,512.28,4995.58
Electronics,Loyal Customer,New Year Kickoff,878311.51,328,2677.78,569.98,4975.72
Electronics,Loyal Customer,Price Drop Parade,865257.43,318,2720.94,520.00,4998.12
Electronics,Loyal Customer,Red Tag Clearance,850274.42,305,2787.78,514.32,4990.05
Electronics,Loyal Customer,Seasonal Surprise Box,856343.20,315,2718.55,507.59,4997.09
Electronics,Loyal Customer,Shop & Save Spectacular,961799.04,335,2871.04,502.74,4997.54
Electronics,Loyal Customer,Smart Shopper Week,899410.43,333,2700.93,517.75,4993.43
Electronics,Loyal Customer,Spring Refresh Event,920212.59,326,2822.74,509.43,4998.88
Electronics,Loyal Customer,Spring Splash Discounts,906172.88,331,2737.68,508.55,4994.80
Electronics,Loyal Customer,Summer Sizzle Promo,976656.55,350,2790.45,510.80,4982.47
Electronics,Loyal Customer,Super Savings Week,931973.02,324,2876.46,524.64,4987.93
Electronics,Loyal Customer,Ultimate Value Event,916293.99,321,2854.50,537.83,4999.80
Electronics,Loyal Customer,VIP Access Sale,902944.45,340,2655.72,519.63,4993.82
Electronics,Loyal Customer,Weekend Warrior Specials,975070.81,342,2851.08,509.48,4977.18
Electronics,Loyal Customer,Winter Clearance Carnival,1036629.85,358,2895.61,539.57,4991.69
Electronics,Loyal Customer,Winter Wonders Sale,854217.79,311,2746.68,501.94,4991.43
Electronics,Occasional Shopper,12 Days of Deals,868651.93,324,2681.02,510.31,4979.95
Electronics,Occasional Shopper,Autumn Deals Drive,991724.91,359,2762.46,512.70,4985.10
Electronics,Occasional Shopper,BOGO Blitz,961477.77,349,2754.95,515.34,4983.04
Electronics,Occasional Shopper,Back to School Boost,935538.26,335,2792.65,523.44,4983.72
Electronics,Occasional Shopper,Birthday Bash Sale,885388.73,318,2784.24,510.21,4994.15
Electronics,Occasional Shopper,Black Friday Blowout,853689.14,320,2667.78,523.42,4982.29
Electronics,Occasional Shopper,Cart Crasher Campaign,948909.84,342,2774.59,512.07,4970.43
Electronics,Occasional Shopper,Cashback Carnival,1013404.78,363,2791.75,500.55,4994.18
Electronics,Occasional Shopper,Clearance Countdown,938430.69,340,2760.09,504.33,4991.97
Electronics,Occasional Shopper,Countdown to Savings,903929.60,339,2666.46,518.68,4994.14
Electronics,Occasional Shopper,Customer Appreciation Week,976094.58,355,2749.56,507.61,4996.83
Electronics,Occasional Shopper,Cyber Monday Mania,883364.82,314,2813.26,508.49,4973.90
Electronics,Occasional Shopper,Deal of the Month,929145.52,338,2748.95,510.04,4997.93
Electronics,Occasional Shopper,Double Points Bonanza,923352.88,324,2849.85,509.41,4984.27
Electronics,Occasional Shopper,Early Bird Specials,835967.18,308,2714.18,523.17,4978.39
Electronics,Occasional Shopper,End of Season Sale,931235.33,348,2675.96,501.39,4998.09
Electronics,Occasional Shopper,Exclusive Insider Offers,923392.58,331,2789.71,519.56,4993.72
Electronics,Occasional Shopper,Festive Fever Promo,869061.41,323,2690.59,500.15,4995.38
Electronics,Occasional Shopper,Final Call Frenzy,860779.50,312,2758.91,501.74,4987.28
Electronics,Occasional Shopper,Flash Frenzy Friday,951326.38,336,2831.33,505.17,4997.57
Electronics,Occasional Shopper,"Gift More, Spend Less",907655.12,325,2792.78,519.09,4956.17
Electronics,Occasional Shopper,Golden Hour Bargains,896692.98,326,2750.59,529.02,4996.32
Electronics,Occasional Shopper,Green Weekend Deals,912682.71,333,2740.79,505.65,4969.39
Electronics,Occasional Shopper,Happy Hour Discounts,879267.28,321,2739.15,503.77,4992.74
Electronics,Occasional Shopper,Holiday Shopping Rush,932221.34,342,2725.79,500.26,4991.74
Electronics,Occasional Shopper,Hot Picks Promo,883149.28,329,2684.34,514.67,4996.56
Electronics,Occasional Shopper,Instant Gratification Sale,1046658.60,373,2806.06,516.63,4998.19
Electronics,Occasional Shopper,Limited Time Treasures,1027635.64,374,2747.69,536.32,4985.29
Electronics,Occasional Shopper,Loyalty Rewards Blast,902628.84,328,2751.92,513.51,4958.83
Electronics,Occasional Shopper,Mega Weekend Bonanza,905085.29,333,2717.97,511.57,4997.14
Electronics,Occasional Shopper,Mid-Year Madness,930978.88,341,2730.14,503.80,4965.47
Electronics,Occasional Shopper,Midnight Madness,857466.45,308,2783.98,510.89,4998.42
Electronics,Occasional Shopper,Mystery Discount Days,897118.79,317,2830.03,572.94,4994.20
Electronics,Occasional Shopper,New Arrival Showcase,1008821.31,357,2825.83,524.74,4978.60
Electronics,Occasional Shopper,New Product Launch Promo,986673.31,357,2763.79,512.83,4946.83
Electronics,Occasional Shopper,New Year Kickoff,1031272.35,350,2946.49,527.88,4999.63
Electronics,Occasional Shopper,Price Drop Parade,897254.45,320,2803.92,515.45,4978.93
Electronics,Occasional Shopper,Red Tag Clearance,933283.24,333,2802.65,511.90,4965.46
Electronics,Occasional Shopper,Seasonal Surprise Box,966065.01,345,2800.19,509.83,4997.26
Electronics,Occasional Shopper,Shop & Save Spectacular,1009156.35,356,2834.71,542.99,4979.44
Electronics,Occasional Shopper,Smart Shopper Week,905958.83,321,2822.30,504.91,4988.05
Electronics,Occasional Shopper,Spring Refresh Event,943566.27,335,2816.62,556.85,4995.05
Electronics,Occasional Shopper,Spring Splash Discounts,985343.32,359,2744.69,525.62,4977.26
Electronics,Occasional Shopper,Summer Sizzle Promo,846433.53,320,2645.10,510.94,4995.40
Electronics,Occasional Shopper,Super Savings Week,922298.29,340,2712.64,510.02,4983.91
Electronics,Occasional Shopper,Ultimate Value Event,942582.06,339,2780.48,518.67,4991.85
Electronics,Occasional Shopper,VIP Access Sale,958903.77,337,2845.41,507.71,4995.20
Electronics,Occasional Shopper,Weekend Warrior Specials,958335.01,355,2699.54,506.15,4962.71
Electronics,Occasional Shopper,Winter Clearance Carnival,956350.34,339,2821.09,501.06,4988.00
Electronics,Occasional Shopper,Winter Wonders Sale,903328.73,339,2664.69,529.63,4989.20
Electronics,Online Shopper,12 Days of Deals,852248.40,306,2785.13,514.86,4970.33
Electronics,Online Shopper,Autumn Deals Drive,862489.13,306,2818.59,537.72,4975.49
Electronics,Online Shopper,BOGO Blitz,933383.03,336,2777.93,520.16,4989.22
Electronics,Online Shopper,Back to School Boost,874156.27,326,2681.46,503.72,4988.38
Electronics,Online Shopper,Birthday Bash Sale,895997.79,331,2706.94,501.02,4976.43
Electronics,Online Shopper,Black Friday Blowout,1001861.72,362,2767.57,502.51,4998.72
Electronics,Online Shopper,Cart Crasher Campaign,964488.73,342,2820.14,502.78,4998.84
Electronics,Online Shopper,Cashback Carnival,1024424.01,358,2861.52,515.50,4998.33
Electronics,Online Shopper,Clearance Countdown,888113.21,330,2691.25,510.87,4971.31
Electronics,Online Shopper,Countdown to Savings,987863.42,343,2880.07,505.85,4993.48
Electronics,Online Shopper,Customer Appreciation Week,830704.48,303,2741.60,531.88,4987.89
Electronics,Online Shopper,Cyber Monday Mania,899011.31,333,2699.73,505.16,4991.06
Electronics,Online Shopper,Deal of the Month,961336.60,363,2648.31,521.04,4995.33
Electronics,Online Shopper,Double Points Bonanza,955186.13,336,2842.82,522.75,4980.39
Electronics,Online Shopper,Early Bird Specials,942808.80,352,2678.43,544.75,4993.50
Electronics,Online Shopper,End of Season Sale,940841.05,339,2775.34,514.69,4995.06
Electronics,Online Shopper,Exclusive Insider Offers,940363.59,336,2798.70,503.43,4992.73
Electronics,Online Shopper,Festive Fever Promo,852927.89,321,2657.10,501.00,4996.28
Electronics,Online Shopper,Final Call Frenzy,886546.59,319,2779.14,511.22,4992.32
Electronics,Online Shopper,Flash Frenzy Friday,949380.55,337,2817.15,510.30,4999.95
Electronics,Online Shopper,"Gift More, Spend Less",877353.28,320,2741.73,502.74,4989.93
Electronics,Online Shopper,Golden Hour Bargains,907922.51,334,2718.33,512.23,4975.56
Electronics,Online Shopper,Green Weekend Deals,941489.73,336,2802.05,517.70,4971.54
Electronics,Online Shopper,Happy Hour Discounts,965036.15,338,2855.14,510.62,4985.65
Electronics,Online Shopper,Holiday Shopping Rush,923564.76,331,2790.23,503.23,4988.74
Electronics,Online Shopper,Hot Picks Promo,881321.67,318,2771.45,525.81,4962.86
Electronics,Online Shopper,Instant Gratification Sale,928763.89,339,2739.72,501.85,4996.98
Electronics,Online Shopper,Limited Time Treasures,853413.26,305,2798.08,507.04,4964.27
Electronics,Online Shopper,Loyalty Rewards Blast,898986.54,339,2651.88,503.58,4992.76
Electronics,Online Shopper,Mega Weekend Bonanza,843526.76,310,2721.05,505.51,4984.93
Electronics,Online Shopper,Mid-Year Madness,896178.02,330,2715.69,511.21,4980.11
Electronics,Online Shopper,Midnight Madness,891094.37,332,2684.02,500.93,4992.27
Electronics,Online Shopper,Mystery Discount Days,937638.06,334,2807.30,500.77,4987.57
Electronics,Online Shopper,New Arrival Showcase,1079610.48,373,2894.40,555.69,4961.78
Electronics,Online Shopper,New Product Launch Promo,951123.76,361,2634.69,511.01,4995.68
Electronics,Online Shopper,New Year Kickoff,946767.81,343,2760.26,503.50,4972.00
Electronics,Online Shopper,Price Drop Parade,892160.01,320,2788.00,532.84,4997.91
Electronics,Online Shopper,Red Tag Clearance,955478.66,345,2769.50,511.65,4990.99
Electronics,Online Shopper,Seasonal Surprise Box,909087.14,329,2763.18,500.70,4974.99
Electronics,Online Shopper,Shop & Save Spectacular,888353.70,328,2708.40,500.09,4994.26
Electronics,Online Shopper,Smart Shopper Week,940210.68,350,2686.32,513.03,4987.18
Electronics,Online Shopper,Spring Refresh Event,891253.72,313,2847.46,559.77,4999.83
Electronics,Online Shopper,Spring Splash Discounts,975415.45,347,2811.00,517.15,4973.89
Electronics,Online Shopper,Summer Sizzle Promo,892385.80,316,2824.01,511.89,4962.28
Electronics,Online Shopper,Super Savings Week,949520.34,347,2736.37,505.74,4990.19
Electronics,Online Shopper,Ultimate Value Event,979811.99,346,2831.83,531.06,4998.93
Electronics,Online Shopper,VIP Access Sale,927550.45,331,2802.27,534.56,4996.84
Electronics,Online Shopper,Weekend Warrior Specials,915038.07,332,2756.14,508.70,4998.12
Electronics,Online Shopper,Winter Clearance Carnival,867352.70,324,2677.01,502.18,4995.16
Electronics,Online Shopper,Winter Wonders Sale,951105.50,343,2772.90,509.63,4996.43
Electronics,Premium Shopper,12 Days of Deals,935211.22,337,2775.11,512.15,4986.67
Electronics,Premium Shopper,Autumn Deals Drive,938906.60,323,2906.83,506.00,4996.51
Electronics,Premium Shopper,BOGO Blitz,890442.49,320,2782.63,507.85,4979.64
Electronics,Premium Shopper,Back to School Boost,895508.31,323,2772.47,518.61,4997.92
Electronics,Premium Shopper,Birthday Bash Sale,905739.09,328,2761.40,506.88,4988.13
Electronics,Premium Shopper,Black Friday Blowout,898911.53,315,2853.69,538.99,4999.87
Electronics,Premium Shopper,Cart Crasher Campaign,987648.47,364,2713.32,503.57,4976.29
Electronics,Premium Shopper,Cashback Carnival,953964.14,340,2805.78,500.51,4993.00
Electronics,Premium Shopper,Clearance Countdown,953859.92,353,2702.15,548.24,4995.80
Electronics,Premium Shopper,Countdown to Savings,873058.52,317,2754.13,556.11,4995.30
Electronics,Premium Shopper,Customer Appreciation Week,871866.24,316,2759.07,507.42,4990.76
Electronics,Premium Shopper,Cyber Monday Mania,937495.85,338,2773.66,512.79,4986.38
Electronics,Premium Shopper,Deal of the Month,990261.71,353,2805.27,515.37,4967.46
Electronics,Premium Shopper,Double Points Bonanza,949188.94,329,2885.07,509.10,4980.94
Electronics,Premium Shopper,Early Bird Specials,916407.16,338,2711.26,506.68,4991.77
Electronics,Premium Shopper,End of Season Sale,938857.72,340,2761.35,504.05,4998.76
Electronics,Premium Shopper,Exclusive Insider Offers,900572.10,325,2770.99,541.45,4988.42
Electronics,Premium Shopper,Festive Fever Promo,841676.01,311,2706.35,503.82,4994.69
Electronics,Premium Shopper,Final Call Frenzy,879932.09,328,2682.72,526.03,4996.78
Electronics,Premium Shopper,Flash Frenzy Friday,919768.30,345,2666.00,520.05,4982.10
Electronics,Premium Shopper,"Gift More, Spend Less",906104.10,332,2729.23,508.46,4997.81
Electronics,Premium Shopper,Golden Hour Bargains,874271.05,319,2740.66,542.28,4995.98
Electronics,Premium Shopper,Green Weekend Deals,851397.62,309,2755.33,516.16,4995.60
Electronics,Premium Shopper,Happy Hour Discounts,1016180.93,366,2776.45,507.06,4985.69
Electronics,Premium Shopper,Holiday Shopping Rush,923205.49,337,2739.48,516.51,4987.20
Electronics,Premium Shopper,Hot Picks Promo,873138.92,312,2798.52,502.73,4991.75
Electronics,Premium Shopper,Instant Gratification Sale,859772.02,327,2629.27,509.28,4977.85
Electronics,Premium Shopper,Limited Time Treasures,947828.78,335,2829.34,502.69,4980.41
Electronics,Premium Shopper,Loyalty Rewards Blast,902405.13,337,2677.76,500.73,4976.26
Electronics,Premium Shopper,Mega Weekend Bonanza,964837.47,363,2657.95,502.17,4993.46
Electronics,Premium Shopper,Mid-Year Madness,876358.80,308,2845.32,500.34,4950.97
Electronics,Premium Shopper,Midnight Madness,837079.97,299,2799.60,505.99,4982.21
Electronics,Premium Shopper,Mystery Discount Days,1082038.55,376,2877.76,504.90,4986.91
Electronics,Premium Shopper,New Arrival Showcase,873703.08,319,2738.88,524.62,4995.38
Electronics,Premium Shopper,New Product Launch Promo,869224.01,322,2699.45,501.14,4994.66
Electronics,Premium Shopper,New Year Kickoff,1077829.62,386,2792.30,512.45,4984.12
Electronics,Premium Shopper,Price Drop Parade,858512.32,306,2805.60,514.25,4979.51
Electronics,Premium Shopper,Red Tag Clearance,895244.11,329,2721.11,536.21,4991.96
Electronics,Premium Shopper,Seasonal Surprise Box,962384.88,353,2726.30,531.63,4967.23
Electronics,Premium Shopper,Shop & Save Spectacular,938678.81,334,2810.42,563.04,4971.05
Electronics,Premium Shopper,Smart Shopper Week,917889.27,335,2739.97,505.80,4994.28
Electronics,Premium Shopper,Spring Refresh Event,927615.96,336,2760.76,509.24,4997.79
Electronics,Premium Shopper,Spring Splash Discounts,897262.04,323,2777.90,504.23,4994.76
Electronics,Premium Shopper,Summer Sizzle Promo,875564.91,310,2824.40,512.69,4990.62
Electronics,Premium Shopper,Super Savings Week,957562.32,348,2751.62,504.67,4996.76
Electronics,Premium Shopper,Ultimate Value Event,949595.98,345,2752.45,511.37,4999.13
Electronics,Premium Shopper,VIP Access Sale,918860.48,352,2610.40,503.41,4985.32
Electronics,Premium Shopper,Weekend Warrior Specials,887107.49,319,2780.90,505.55,4975.67
Electronics,Premium Shopper,Winter Clearance Carnival,964881.72,361,2672.80,514.39,4983.88
Electronics,Premium Shopper,Winter Wonders Sale,906044.42,347,2611.08,501.34,4997.71
Furniture,Budget Shopper,12 Days of Deals,938258.39,330,2843.21,513.03,4991.30
Furniture,Budget Shopper,Autumn Deals Drive,880411.10,328,2684.18,527.94,4996.10
Furniture,Budget Shopper,BOGO Blitz,1002487.56,366,2739.04,503.27,4958.49
Furniture,Budget Shopper,Back to School Boost,919982.80,341,2697.90,518.12,4984.77
Furniture,Budget Shopper,Birthday Bash Sale,863848.93,321,2691.12,505.39,4999.90
Furniture,Budget Shopper,Black Friday Blowout,962243.90,349,2757.15,508.66,4960.60
Furniture,Budget Shopper,Cart Crasher Campaign,873216.16,313,2789.83,525.72,4995.62
Furniture,Budget Shopper,Cashback Carnival,965598.82,348,2774.71,511.49,4954.76
Furniture,Budget Shopper,Clearance Countdown,946796.13,346,2736.41,500.93,4995.77
Furniture,Budget Shopper,Countdown to Savings,928943.65,349,2661.73,531.05,4997.53
Furniture,Budget Shopper,Customer Appreciation Week,909076.67,336,2705.59,506.32,4993.47
Furniture,Budget Shopper,Cyber Monday Mania,916137.95,312,2936.34,502.75,4993.83
Furniture,Budget Shopper,Deal of the Month,932722.37,340,2743.30,507.09,4999.11
Furniture,Budget Shopper,Double Points Bonanza,915645.09,330,2774.68,526.68,4962.57
Furniture,Budget Shopper,Early Bird Specials,887662.09,329,2698.06,510.66,4995.21
Furniture,Budget Shopper,End of Season Sale,871705.62,313,2785.00,525.92,4981.33
Furniture,Budget Shopper,Exclusive Insider Offers,901167.41,330,2730.81,516.07,4955.46
Furniture,Budget Shopper,Festive Fever Promo,986717.24,356,2771.68,506.57,4987.04
Furniture,Budget Shopper,Final Call Frenzy,899242.68,326,2758.41,502.39,4993.72
Furniture,Budget Shopper,Flash Frenzy Friday,898715.05,336,2674.75,521.21,4998.41
Furniture,Budget Shopper,"Gift More, Spend Less",966633.30,346,2793.74,510.14,4985.87
Furniture,Budget Shopper,Golden Hour Bargains,956304.44,333,2871.79,503.86,4997.28
Furniture,Budget Shopper,Green Weekend Deals,911391.95,328,2778.63,509.75,4995.24
Furniture,Budget Shopper,Happy Hour Discounts,853569.70,311,2744.60,513.87,4986.41
Furniture,Budget Shopper,Holiday Shopping Rush,826888.50,301,2747.14,555.28,4989.87
Furniture,Budget Shopper,Hot Picks Promo,957580.57,333,2875.62,511.15,4994.45
Furniture,Budget Shopper,Instant Gratification Sale,931440.31,347,2684.27,503.79,4983.48
Furniture,Budget Shopper,Limited Time Treasures,941977.53,354,2660.95,504.94,4997.33
Furniture,Budget Shopper,Loyalty Rewards Blast,807779.95,298,2710.67,503.05,4978.10
Furniture,Budget Shopper,Mega Weekend Bonanza,961826.23,357,2694.19,504.49,4982.15
Furniture,Budget Shopper,Mid-Year Madness,878791.89,327,2687.44,516.46,4999.77
Furniture,Budget Shopper,Midnight Madness,938890.29,331,2836.53,519.74,4986.53
Furniture,Budget Shopper,Mystery Discount Days,880682.22,321,2743.56,503.79,4987.15
Furniture,Budget Shopper,New Arrival Showcase,831223.85,310,2681.37,526.70,4989.50
Furniture,Budget Shopper,New Product Launch Promo,925942.36,357,2593.68,534.57,4995.52
Furniture,Budget Shopper,New Year Kickoff,895310.20,336,2664.61,504.13,4990.71
Furniture,Budget Shopper,Price Drop Parade,891192.06,328,2717.05,515.18,4979.58
Furniture,Budget Shopper,Red Tag Clearance,959575.62,348,2757.40,503.77,4976.91
Furniture,Budget Shopper,Seasonal Surprise Box,1062050.18,385,2758.57,504.75,4998.54
Furniture,Budget Shopper,Shop & Save Spectacular,901968.39,335,2692.44,516.22,4992.11
Furniture,Budget Shopper,Smart Shopper Week,855855.62,306,2796.91,502.36,4996.17
Furniture,Budget Shopper,Spring Refresh Event,991036.48,370,2678.48,501.41,4997.69
Furniture,Budget Shopper,Spring Splash Discounts,918178.86,316,2905.63,506.06,4998.36
Furniture,Budget Shopper,Summer Sizzle Promo,976512.24,361,2705.02,516.51,4992.32
Furniture,Budget Shopper,Super Savings Week,1030520.35,354,2911.07,507.93,4991.69
Furniture,Budget Shopper,Ultimate Value Event,785029.65,286,2744.86,502.47,4938.42
Furniture,Budget Shopper,VIP Access Sale,917426.12,325,2822.85,512.62,4994.17
Furniture,Budget Shopper,Weekend Warrior Specials,877247.77,323,2715.94,501.67,4999.39
Furniture,Budget Shopper,Winter Clearance Carnival,906806.56,336,2698.83,505.98,4990.80
Furniture,Budget Shopper,Winter Wonders Sale,945194.11,357,2647.60,512.61,4965.98
Furniture,Churn Risk,12 Days of Deals,1029118.22,361,2850.74,518.52,4989.95
Furniture,Churn Risk,Autumn Deals Drive,996683.10,353,2823.46,513.29,4996.09
Furniture,Churn Risk,BOGO Blitz,921186.90,341,2701.43,535.66,4986.49
Furniture,Churn Risk,Back to School Boost,1016877.75,367,2770.78,535.47,4984.57
Furniture,Churn Risk,Birthday Bash Sale,989650.38,344,2876.89,507.97,4985.32
Furniture,Churn Risk,Black Friday Blowout,963592.14,355,2714.34,503.75,4985.53
Furniture,Churn Risk,Cart Crasher Campaign,917770.00,343,2675.71,508.04,4980.27
Furniture,Churn Risk,Cashback Carnival,939467.58,346,2715.22,527.33,4999.22
Furniture,Churn Risk,Clearance Countdown,850350.92,312,2725.48,547.99,4995.19
Furniture,Churn Risk,Countdown to Savings,923641.63,325,2841.97,531.88,4996.16
Furniture,Churn Risk,Customer Appreciation Week,922501.03,349,2643.27,504.82,4994.87
Furniture,Churn Risk,Cyber Monday Mania,839377.42,306,2743.06,513.45,4990.19
Furniture,Churn Risk,Deal of the Month,954965.53,348,2744.15,501.02,4983.90
Furniture,Churn Risk,Double Points Bonanza,984357.42,375,2624.95,509.59,4991.43
Furniture,Churn Risk,Early Bird Specials,878934.58,317,2772.66,527.89,4990.56
Furniture,Churn Risk,End of Season Sale,815180.92,305,2672.72,510.38,4987.50
Furniture,Churn Risk,Exclusive Insider Offers,879035.58,316,2781.76,511.93,4980.80
Furniture,Churn Risk,Festive Fever Promo,883841.14,327,2702.88,540.84,4983.00
Furniture,Churn Risk,Final Call Frenzy,906575.36,329,2755.55,501.06,4979.44
Furniture,Churn Risk,Flash Frenzy Friday,924566.26,333,2776.48,519.92,4990.62
Furniture,Churn Risk,"Gift More, Spend Less",931585.57,342,2723.93,500.71,4980.37
Furniture,Churn Risk,Golden Hour Bargains,857296.33,308,2783.43,502.72,4981.94
Furniture,Churn Risk,Green Weekend Deals,933282.44,337,2769.38,504.20,4999.33
Furniture,Churn Risk,Happy Hour Discounts,995797.17,353,2820.96,508.72,4983.88
Furniture,Churn Risk,Holiday Shopping Rush,945308.95,333,2838.77,507.19,4997.57
Furniture,Churn Risk,Hot Picks Promo,957809.73,350,2736.60,507.15,4988.80
Furniture,Churn Risk,Instant Gratification Sale,887880.47,314,2827.64,519.16,4999.03
Furniture,Churn Risk,Limited Time Treasures,1006303.57,356,2826.70,509.42,4997.24
Furniture,Churn Risk,Loyalty Rewards Blast,816407.54,319,2559.27,513.35,4977.60
Furniture,Churn Risk,Mega Weekend Bonanza,843042.92,305,2764.08,502.08,4984.22
Furniture,Churn Risk,Mid-Year Madness,856918.33,314,2729.04,516.15,4984.30
Furniture,Churn Risk,Midnight Madness,893167.80,332,2690.26,504.23,4995.95
Furniture,Churn Risk,Mystery Discount Days,932789.05,346,2695.92,519.89,4995.76
Furniture,Churn Risk,New Arrival Showcase,997616.77,365,2733.20,508.31,4999.20
Furniture,Churn Risk,New Product Launch Promo,903767.27,318,2842.04,512.94,4999.22
Furniture,Churn Risk,New Year Kickoff,866167.31,310,2794.09,522.64,4975.31
Furniture,Churn Risk,Price Drop Parade,888327.23,323,2750.24,534.64,4997.34
Furniture,Churn Risk,Red Tag Clearance,824576.08,312,2642.87,504.90,4988.53
Furniture,Churn Risk,Seasonal Surprise Box,914373.35,342,2673.61,501.95,4996.49
Furniture,Churn Risk,Shop & Save Spectacular,940035.26,343,2740.63,537.34,4998.65
Furniture,Churn Risk,Smart Shopper Week,917539.46,321,2858.38,504.73,4999.64
Furniture,Churn Risk,Spring Refresh Event,951710.73,338,2815.71,524.73,4982.80
Furniture,Churn Risk,Spring Splash Discounts,935091.50,346,2702.58,504.32,4984.68
Furniture,Churn Risk,Summer Sizzle Promo,849013.63,324,2620.41,511.39,4964.46
Furniture,Churn Risk,Super Savings Week,858387.42,317,2707.85,500.70,4997.19
Furniture,Churn Risk,Ultimate Value Event,871060.08,307,2837.33,503.99,4985.80
Furniture,Churn Risk,VIP Access Sale,908332.23,332,2735.94,529.79,4953.93
Furniture,Churn Risk,Weekend Warrior Specials,894745.52,342,2616.21,522.35,4999.21
Furniture,Churn Risk,Winter Clearance Carnival,1013473.94,371,2731.74,501.40,4987.68
Furniture,Churn Risk,Winter Wonders Sale,888364.25,328,2708.43,516.98,4995.39
Furniture,Deal Seeker,12 Days of Deals,934388.08,347,2692.76,502.44,4986.30
Furniture,Deal Seeker,Autumn Deals Drive,920421.31,344,2675.64,500.56,4995.92
Furniture,Deal Seeker,BOGO Blitz,892659.00,321,2780.87,516.54,4993.17
Furniture,Deal Seeker,Back to School Boost,918079.08,327,2807.58,503.95,4988.70
Furniture,Deal Seeker,Birthday Bash Sale,980712.75,349,2810.07,519.78,4995.19
Furniture,Deal Seeker,Black Friday Blowout,823675.89,304,2709.46,509.50,4974.48
Furniture,Deal Seeker,Cart Crasher Campaign,901423.97,327,2756.65,503.66,4993.56
Furniture,Deal Seeker,Cashback Carnival,882758.69,323,2733.00,503.47,4999.12
Furniture,Deal Seeker,Clearance Countdown,943137.17,331,2849.36,505.37,4986.41
Furniture,Deal Seeker,Countdown to Savings,906306.49,336,2697.34,516.03,4986.67
Furniture,Deal Seeker,Customer Appreciation Week,889953.72,333,2672.53,501.28,4996.70
Furniture,Deal Seeker,Cyber Monday Mania,901552.57,331,2723.72,530.68,4989.74
Furniture,Deal Seeker,Deal of the Month,843017.50,324,2601.91,514.18,4985.15
Furniture,Deal Seeker,Double Points Bonanza,1004751.12,344,2920.79,510.18,4998.55
Furniture,Deal Seeker,Early Bird Specials,943280.52,337,2799.05,516.12,4997.80
Furniture,Deal Seeker,End of Season Sale,862646.91,316,2729.90,510.32,4980.27
Furniture,Deal Seeker,Exclusive Insider Offers,937454.11,343,2733.10,529.56,4995.57
Furniture,Deal Seeker,Festive Fever Promo,946996.96,371,2552.55,514.16,4998.62
Furniture,Deal Seeker,Final Call Frenzy,795357.84,302,2633.64,516.25,4997.58
Furniture,Deal Seeker,Flash Frenzy Friday,906449.74,330,2746.82,503.24,4999.30
Furniture,Deal Seeker,"Gift More, Spend Less",914690.64,344,2658.98,523.75,4984.42
Furniture,Deal Seeker,Golden Hour Bargains,944769.80,345,2738.46,542.62,4979.21
Furniture,Deal Seeker,Green Weekend Deals,905995.32,341,2656.88,514.11,4996.96
Furniture,Deal Seeker,Happy Hour Discounts,947305.77,343,2761.82,518.91,4989.55
Furniture,Deal Seeker,Holiday Shopping Rush,903213.65,328,2753.70,502.02,4994.94
Furniture,Deal Seeker,Hot Picks Promo,986429.06,351,2810.34,515.79,4986.19
Furniture,Deal Seeker,Instant Gratification Sale,946526.35,337,2808.68,503.56,4998.90
Furniture,Deal Seeker,Limited Time Treasures,992789.51,350,2836.54,529.45,4995.00
Furniture,Deal Seeker,Loyalty Rewards Blast,947554.88,353,2684.29,501.05,4974.67
Furniture,Deal Seeker,Mega Weekend Bonanza,884853.41,299,2959.38,502.25,4992.05
Furniture,Deal Seeker,Mid-Year Madness,846843.14,305,2776.53,503.37,4998.98
Furniture,Deal Seeker,Midnight Madness,918624.81,332,2766.94,511.65,4959.06
Furniture,Deal Seeker,Mystery Discount Days,899665.27,331,2718.02,534.07,4982.44
Furniture,Deal Seeker,New Arrival Showcase,885197.57,341,2595.89,516.79,4995.34
Furniture,Deal Seeker,New Product Launch Promo,912228.55,330,2764.33,511.19,4999.40
Furniture,Deal Seeker,New Year Kickoff,1016208.12,357,2846.52,501.02,4996.37
Furniture,Deal Seeker,Price Drop Parade,934925.89,333,2807.59,504.00,4970.12
Furniture,Deal Seeker,Red Tag Clearance,840364.88,308,2728.46,503.92,4993.99
Furniture,Deal Seeker,Seasonal Surprise Box,874960.79,312,2804.36,550.28,4984.30
Furniture,Deal Seeker,Shop & Save Spectacular,887066.37,325,2729.43,506.96,4998.08
Furniture,Deal Seeker,Smart Shopper Week,959608.43,339,2830.70,505.24,4990.04
Furniture,Deal Seeker,Spring Refresh Event,929880.59,339,2743.01,505.77,4984.79
Furniture,Deal Seeker,Spring Splash Discounts,907133.60,327,2774.11,511.71,4968.45
Furniture,Deal Seeker,Summer Sizzle Promo,1003085.32,377,2660.70,519.86,4985.78
Furniture,Deal Seeker,Super Savings Week,862270.50,324,2661.33,504.79,4995.00
Furniture,Deal Seeker,Ultimate Value Event,942760.87,346,2724.74,506.81,4968.73
Furniture,Deal Seeker,VIP Access Sale,895672.01,329,2722.41,517.80,4985.88
Furniture,Deal Seeker,Weekend Warrior Specials,983979.38,366,2688.47,503.19,4977.11
Furniture,Deal Seeker,Winter Clearance Carnival,1006828.48,361,2789.00,502.61,4984.84
Furniture,Deal Seeker,Winter Wonders Sale,931594.68,334,2789.21,502.50,4995.12
Furniture,First-time Buyer,12 Days of Deals,869563.40,315,2760.52,525.17,4993.26
Furniture,First-time Buyer,Autumn Deals Drive,883639.65,310,2850.45,523.54,4992.85
Furniture,First-time Buyer,BOGO Blitz,935092.79,347,2694.79,503.30,4994.26
Furniture,First-time Buyer,Back to School Boost,922188.65,344,2680.78,506.98,4982.80
Furniture,First-time Buyer,Birthday Bash Sale,877357.17,310,2830.18,506.94,4996.86
Furniture,First-time Buyer,Black Friday Blowout,879241.13,307,2863.98,510.69,4982.87
Furniture,First-time Buyer,Cart Crasher Campaign,916967.79,351,2612.44,501.27,4985.39
Furniture,First-time Buyer,Cashback Carnival,908936.34,322,2822.78,508.42,4962.13
Furniture,First-time Buyer,Clearance Countdown,978636.96,341,2869.90,513.61,4955.47
Furniture,First-time Buyer,Countdown to Savings,895066.24,310,2887.31,502.09,4994.61
Furniture,First-time Buyer,Customer Appreciation Week,963908.51,363,2655.40,508.99,4996.24
Furniture,First-time Buyer,Cyber Monday Mania,942031.25,349,2699.23,500.56,4982.23
Furniture,First-time Buyer,Deal of the Month,873333.44,312,2799.15,555.33,4999.17
Furniture,First-time Buyer,Double Points Bonanza,945642.36,337,2806.06,505.06,4996.14
Furniture,First-time Buyer,Early Bird Specials,885948.66,328,2701.06,501.84,4975.68
Furniture,First-time Buyer,End of Season Sale,951902.97,341,2791.50,513.73,4987.32
Furniture,First-time Buyer,Exclusive Insider Offers,902704.18,339,2662.84,566.55,4998.36
Furniture,First-time Buyer,Festive Fever Promo,918193.13,317,2896.51,510.18,4995.46
Furniture,First-time Buyer,Final Call Frenzy,1029976.06,369,2791.26,504.15,4991.12
Furniture,First-time Buyer,Flash Frenzy Friday,1001707.10,352,2845.76,502.44,4986.36
Furniture,First-time Buyer,"Gift More, Spend Less",798602.08,301,2653.16,530.54,4998.02
Furniture,First-time Buyer,Golden Hour Bargains,941591.69,334,2819.14,506.16,4995.04
Furniture,First-time Buyer,Green Weekend Deals,918497.35,351,2616.80,505.86,4996.89
Furniture,First-time Buyer,Happy Hour Discounts,853416.18,313,2726.57,541.11,4998.48
Furniture,First-time Buyer,Holiday Shopping Rush,900074.07,326,2760.96,511.35,4961.23
Furniture,First-time Buyer,Hot Picks Promo,910583.28,331,2751.01,507.08,4997.56
Furniture,First-time Buyer,Instant Gratification Sale,982004.73,352,2789.79,502.68,4978.72
Furniture,First-time Buyer,Limited Time Treasures,907573.74,320,2836.17,503.76,4999.59
Furniture,First-time Buyer,Loyalty Rewards Blast,902006.33,327,2758.43,500.38,4999.26
Furniture,First-time Buyer,Mega Weekend Bonanza,977476.77,351,2784.83,511.89,4982.65
Furniture,First-time Buyer,Mid-Year Madness,961463.49,352,2731.43,541.13,4999.10
Furniture,First-time Buyer,Midnight Madness,997255.05,363,2747.26,511.17,4987.88
Furniture,First-time Buyer,Mystery Discount Days,981793.88,344,2854.05,508.31,4990.95
Furniture,First-time Buyer,New Arrival Showcase,984671.83,360,2735.20,503.77,4997.71
Furniture,First-time Buyer,New Product Launch Promo,912231.77,345,2644.15,506.27,4992.74
Furniture,First-time Buyer,New Year Kickoff,950602.15,337,2820.78,508.25,4995.79
Furniture,First-time Buyer,Price Drop Parade,883999.44,328,2695.12,507.32,4992.16
Furniture,First-time Buyer,Red Tag Clearance,970031.31,345,2811.68,502.90,4992.46
Furniture,First-time Buyer,Seasonal Surprise Box,927562.68,343,2704.26,506.79,4996.98
Furniture,First-time Buyer,Shop & Save Spectacular,964481.46,342,2820.12,552.89,4976.00
Furniture,First-time Buyer,Smart Shopper Week,940755.54,349,2695.57,504.88,4998.03
Furniture,First-time Buyer,Spring Refresh Event,875769.23,320,2736.78,510.54,4936.36
Furniture,First-time Buyer,Spring Splash Discounts,881582.87,323,2729.36,505.26,4992.41
Furniture,First-time Buyer,Summer Sizzle Promo,923478.38,337,2740.29,518.03,4996.51
Furniture,First-time Buyer,Super Savings Week,809288.31,285,2839.61,505.61,4981.97
Furniture,First-time Buyer,Ultimate Value Event,896979.69,312,2874.93,509.12,4981.93
Furniture,First-time Buyer,VIP Access Sale,888346.24,333,2667.71,506.42,4990.62
Furniture,First-time Buyer,Weekend Warrior Specials,874992.87,320,2734.35,508.80,4999.65
Furniture,First-time Buyer,Winter Clearance Carnival,901589.68,330,2732.09,516.46,4998.34
Furniture,First-time Buyer,Winter Wonders Sale,847161.21,307,2759.48,528.11,4981.91
Furniture,High Value,12 Days of Deals,915051.20,332,2756.18,502.40,4976.95
Furniture,High Value,Autumn Deals Drive,859457.49,318,2702.70,517.96,4949.48
Furniture,High Value,BOGO Blitz,858955.80,324,2651.10,511.25,4993.32
Furniture,High Value,Back to School Boost,944290.10,333,2835.71,505.83,4996.70
Furniture,High Value,Birthday Bash Sale,941661.60,341,2761.47,501.52,4999.68
Furniture,High Value,Black Friday Blowout,913017.37,330,2766.72,504.85,4999.47
Furniture,High Value,Cart Crasher Campaign,925124.64,337,2745.18,510.87,4994.60
Furniture,High Value,Cashback Carnival,949294.77,351,2704.54,503.76,4994.56
Furniture,High Value,Clearance Countdown,879498.94,326,2697.85,511.76,4974.94
Furniture,High Value,Countdown to Savings,929538.63,336,2766.48,509.78,4993.77
Furniture,High Value,Customer Appreciation Week,907421.66,339,2676.76,502.67,4985.04
Furniture,High Value,Cyber Monday Mania,959328.95,348,2756.69,512.23,4987.06
Furniture,High Value,Deal of the Month,1059987.50,387,2738.99,510.39,4975.33
Furniture,High Value,Double Points Bonanza,961157.66,347,2769.91,512.14,4961.85
Furniture,High Value,Early Bird Specials,803965.68,305,2635.95,545.01,4968.03
Furniture,High Value,End of Season Sale,913545.71,342,2671.19,526.79,4989.62
Furniture,High Value,Exclusive Insider Offers,865590.57,321,2696.54,539.93,4996.56
Furniture,High Value,Festive Fever Promo,822967.77,308,2671.97,516.21,4992.67
Furniture,High Value,Final Call Frenzy,880382.34,321,2742.62,523.64,4996.48
Furniture,High Value,Flash Frenzy Friday,922456.41,333,2770.14,517.84,4993.26
Furniture,High Value,"Gift More, Spend Less",871752.99,311,2803.06,508.69,4998.32
Furniture,High Value,Golden Hour Bargains,872153.86,322,2708.55,525.18,4995.50
Furniture,High Value,Green Weekend Deals,882295.42,328,2689.93,541.08,4992.89
Furniture,High Value,Happy Hour Discounts,963167.54,358,2690.41,505.18,4997.56
Furniture,High Value,Holiday Shopping Rush,967789.21,350,2765.11,512.13,4992.02
Furniture,High Value,Hot Picks Promo,1052075.49,371,2835.78,524.97,4995.82
Furniture,High Value,Instant Gratification Sale,934908.87,330,2833.06,525.51,4983.28
Furniture,High Value,Limited Time Treasures,873037.39,337,2590.62,505.63,4992.00
Furniture,High Value,Loyalty Rewards Blast,973547.49,348,2797.55,543.31,4998.17
Furniture,High Value,Mega Weekend Bonanza,959523.12,349,2749.35,507.54,4965.56
Furniture,High Value,Mid-Year Madness,914104.69,326,2804.00,518.75,4940.57
Furniture,High Value,Midnight Madness,1038006.18,378,2746.05,504.51,4998.34
Furniture,High Value,Mystery Discount Days,858558.45,316,2716.96,502.33,4989.50
Furniture,High Value,New Arrival Showcase,926746.50,342,2709.79,518.18,4995.42
Furniture,High Value,New Product Launch Promo,844881.59,311,2716.66,507.73,4981.56
Furniture,High Value,New Year Kickoff,993902.93,348,2856.04,507.32,4998.26
Furniture,High Value,Price Drop Parade,926921.16,323,2869.72,533.05,4988.04
Furniture,High Value,Red Tag Clearance,945555.04,335,2822.55,501.29,4999.64
Furniture,High Value,Seasonal Surprise Box,968364.57,358,2704.93,517.21,4972.74
Furniture,High Value,Shop & Save Spectacular,906077.32,332,2729.15,545.80,4982.65
Furniture,High Value,Smart Shopper Week,975117.20,354,2754.57,513.39,4992.59
Furniture,High Value,Spring Refresh Event,1004353.38,361,2782.14,507.71,4999.58
Furniture,High Value,Spring Splash Discounts,982051.48,354,2774.16,512.14,4996.37
Furniture,High Value,Summer Sizzle Promo,908617.10,328,2770.17,506.50,4991.31
Furniture,High Value,Super Savings Week,996037.37,342,2912.39,509.93,4999.89
Furniture,High Value,Ultimate Value Event,973744.67,345,2822.45,518.75,4998.80
Furniture,High Value,VIP Access Sale,825007.00,308,2678.59,502.41,4977.48
Furniture,High Value,Weekend Warrior Specials,946564.35,343,2759.66,501.39,4992.30
Furniture,High Value,Winter Clearance Carnival,912542.27,322,2833.98,516.64,4971.04
Furniture,High Value,Winter Wonders Sale,971064.82,347,2798.46,529.00,4991.52
Furniture,In-Store Regular,12 Days of Deals,828226.60,293,2826.71,522.57,4998.58
Furniture,In-Store Regular,Autumn Deals Drive,974976.36,361,2700.77,503.92,4994.21
Furniture,In-Store Regular,BOGO Blitz,928407.42,348,2667.84,517.35,4990.46
Furniture,In-Store Regular,Back to School Boost,840493.90,317,2651.40,551.99,4976.00
Furniture,In-Store Regular,Birthday Bash Sale,848990.28,318,2669.78,513.51,4913.08
Furniture,In-Store Regular,Black Friday Blowout,1040464.18,358,2906.32,535.42,4998.42
Furniture,In-Store Regular,Cart Crasher Campaign,1008491.61,357,2824.91,513.40,4993.08
Furniture,In-Store Regular,Cashback Carnival,916163.51,336,2726.68,505.82,4993.83
Furniture,In-Store Regular,Clearance Countdown,965828.19,343,2815.83,500.68,4985.80
Furniture,In-Store Regular,Countdown to Savings,783506.56,289,2711.10,517.78,4949.14
Furniture,In-Store Regular,Customer Appreciation Week,771426.65,310,2488.47,519.37,4980.62
Furniture,In-Store Regular,Cyber Monday Mania,825673.91,305,2707.13,518.33,4988.02
Furniture,In-Store Regular,Deal of the Month,956483.15,338,2829.83,503.22,4982.45
Furniture,In-Store Regular,Double Points Bonanza,901274.59,305,2955.00,535.31,4993.12
Furniture,In-Store Regular,Early Bird Specials,926230.79,340,2724.21,508.32,4985.13
Furniture,In-Store Regular,End of Season Sale,918322.76,326,2816.94,547.34,4986.18
Furniture,In-Store Regular,Exclusive Insider Offers,902584.42,316,2856.28,515.52,4968.59
Furniture,In-Store Regular,Festive Fever Promo,964450.90,348,2771.41,500.07,4935.53
Furniture,In-Store Regular,Final Call Frenzy,824758.09,315,2618.28,501.98,4998.78
Furniture,In-Store Regular,Flash Frenzy Friday,966751.69,343,2818.52,504.49,4995.77
Furniture,In-Store Regular,"Gift More, Spend Less",945392.62,339,2788.77,507.61,4963.28
Furniture,In-Store Regular,Golden Hour Bargains,835919.61,302,2767.95,513.37,4977.23
Furniture,In-Store Regular,Green Weekend Deals,933443.96,330,2828.62,533.64,4988.23
Furniture,In-Store Regular,Happy Hour Discounts,987812.15,341,2896.81,500.31,4996.28
Furniture,In-Store Regular,Holiday Shopping Rush,863496.19,317,2723.96,550.72,4984.48
Furniture,In-Store Regular,Hot Picks Promo,924684.18,338,2735.75,502.87,4995.54
Furniture,In-Store Regular,Instant Gratification Sale,879103.61,319,2755.81,503.70,4979.76
Furniture,In-Store Regular,Limited Time Treasures,939399.28,356,2638.76,503.33,4975.18
Furniture,In-Store Regular,Loyalty Rewards Blast,944583.78,340,2778.19,500.57,4979.32
Furniture,In-Store Regular,Mega Weekend Bonanza,949264.38,349,2719.96,516.08,4970.29
Furniture,In-Store Regular,Mid-Year Madness,866549.17,312,2777.40,557.07,4973.50
Furniture,In-Store Regular,Midnight Madness,968120.36,339,2855.81,531.02,4986.82
Furniture,In-Store Regular,Mystery Discount Days,860979.48,323,2665.57,526.34,4981.33
Furniture,In-Store Regular,New Arrival Showcase,821561.90,294,2794.43,536.19,4981.90
Furniture,In-Store Regular,New Product Launch Promo,935691.69,347,2696.52,510.34,4996.63
Furniture,In-Store Regular,New Year Kickoff,941674.06,337,2794.29,505.38,4989.93
Furniture,In-Store Regular,Price Drop Parade,983878.83,351,2803.07,500.06,4992.90
Furniture,In-Store Regular,Red Tag Clearance,838875.05,303,2768.56,518.84,4950.07
Furniture,In-Store Regular,Seasonal Surprise Box,939527.81,349,2692.06,507.99,4996.39
Furniture,In-Store Regular,Shop & Save Spectacular,911683.06,317,2875.97,507.30,4989.70
Furniture,In-Store Regular,Smart Shopper Week,837021.71,300,2790.07,508.73,4994.01
Furniture,In-Store Regular,Spring Refresh Event,933753.68,328,2846.81,519.15,4998.45
Furniture,In-Store Regular,Spring Splash Discounts,930543.94,330,2819.83,512.40,4973.04
Furniture,In-Store Regular,Summer Sizzle Promo,882943.25,330,2675.59,517.05,4953.21
Furniture,In-Store Regular,Super Savings Week,809810.01,307,2637.82,508.26,4980.44
Furniture,In-Store Regular,Ultimate Value Event,912153.74,325,2806.63,506.12,4985.73
Furniture,In-Store Regular,VIP Access Sale,847902.19,314,2700.33,506.27,4995.75
Furniture,In-Store Regular,Weekend Warrior Specials,951305.36,326,2918.11,520.87,4997.30
Furniture,In-Store Regular,Winter Clearance Carnival,891977.55,318,2804.96,513.27,4998.82
Furniture,In-Store Regular,Winter Wonders Sale,934909.08,346,2702.05,514.12,4936.48
Furniture,Loyal Customer,12 Days of Deals,902854.68,341,2647.67,516.27,4959.63
Furniture,Loyal Customer,Autumn Deals Drive,870544.83,329,2646.03,514.26,4998.96
Furniture,Loyal Customer,BOGO Blitz,900490.25,329,2737.05,506.07,4971.57
Furniture,Loyal Customer,Back to School Boost,827944.53,318,2603.60,519.59,4988.37
Furniture,Loyal Customer,Birthday Bash Sale,918412.68,332,2766.30,534.97,4998.56
Furniture,Loyal Customer,Black Friday Blowout,1047719.97,373,2808.90,508.77,4999.69
Furniture,Loyal Customer,Cart Crasher Campaign,719767.89,273,2636.51,546.30,4969.32
Furniture,Loyal Customer,Cashback Carnival,875783.99,316,2771.47,521.24,4986.79
Furniture,Loyal Customer,Clearance Countdown,920747.22,329,2798.62,542.46,4993.94
Furniture,Loyal Customer,Countdown to Savings,961286.44,352,2730.93,508.05,4999.16
Furniture,Loyal Customer,Customer Appreciation Week,979323.13,345,2838.62,510.46,4997.65
Furniture,Loyal Customer,Cyber Monday Mania,977986.68,338,2893.45,508.01,4985.64
Furniture,Loyal Customer,Deal of the Month,850491.38,312,2725.93,518.45,4997.12
Furniture,Loyal Customer,Double Points Bonanza,947969.48,347,2731.90,508.58,4997.23
Furniture,Loyal Customer,Early Bird Specials,964428.44,336,2870.32,510.94,4997.79
Furniture,Loyal Customer,End of Season Sale,869743.83,319,2726.47,524.52,4982.60
Furniture,Loyal Customer,Exclusive Insider Offers,966581.37,343,2818.02,510.64,4981.63
Furniture,Loyal Customer,Festive Fever Promo,972910.46,354,2748.33,506.65,4992.90
Furniture,Loyal Customer,Final Call Frenzy,964823.54,340,2837.72,522.02,4987.08
Furniture,Loyal Customer,Flash Frenzy Friday,868191.64,315,2756.16,503.14,4945.88
Furniture,Loyal Customer,"Gift More, Spend Less",795627.98,290,2743.54,502.35,4997.34
Furniture,Loyal Customer,Golden Hour Bargains,958939.46,344,2787.61,528.40,4989.88
Furniture,Loyal Customer,Green Weekend Deals,958083.92,345,2777.05,503.53,4997.02
Furniture,Loyal Customer,Happy Hour Discounts,852181.08,319,2671.41,511.00,4996.65
Furniture,Loyal Customer,Holiday Shopping Rush,946775.34,347,2728.46,508.47,4988.30
Furniture,Loyal Customer,Hot Picks Promo,988811.23,361,2739.09,506.63,4994.52
Furniture,Loyal Customer,Instant Gratification Sale,1035392.21,357,2900.26,506.86,4995.76
Furniture,Loyal Customer,Limited Time Treasures,997245.96,347,2873.91,520.47,4994.63
Furniture,Loyal Customer,Loyalty Rewards Blast,886779.86,337,2631.39,506.20,4938.97
Furniture,Loyal Customer,Mega Weekend Bonanza,888925.68,320,2777.89,505.20,4969.19
Furniture,Loyal Customer,Mid-Year Madness,936555.40,340,2754.57,510.68,4995.47
Furniture,Loyal Customer,Midnight Madness,958278.33,341,2810.20,501.83,4994.64
Furniture,Loyal Customer,Mystery Discount Days,982739.85,346,2840.29,509.66,4970.69
Furniture,Loyal Customer,New Arrival Showcase,891068.66,334,2667.87,514.94,4986.42
Furniture,Loyal Customer,New Product Launch Promo,975159.39,353,2762.49,512.82,4996.31
Furniture,Loyal Customer,New Year Kickoff,903710.91,345,2619.45,518.38,4988.70
Furniture,Loyal Customer,Price Drop Parade,1003288.37,351,2858.37,509.45,4974.57
Furniture,Loyal Customer,Red Tag Clearance,981657.68,348,2820.86,510.52,4997.86
Furniture,Loyal Customer,Seasonal Surprise Box,924791.03,326,2836.78,501.63,4990.80
Furniture,Loyal Customer,Shop & Save Spectacular,914249.71,324,2821.76,522.23,4993.55
Furniture,Loyal Customer,Smart Shopper Week,946774.86,336,2817.78,500.56,4948.82
Furniture,Loyal Customer,Spring Refresh Event,856795.43,322,2660.86,527.10,4994.60
Furniture,Loyal Customer,Spring Splash Discounts,929961.05,345,2695.54,507.14,4960.30
Furniture,Loyal Customer,Summer Sizzle Promo,1070196.22,374,2861.49,504.85,4998.66
Furniture,Loyal Customer,Super Savings Week,1006076.78,366,2748.84,513.38,4989.09
Furniture,Loyal Customer,Ultimate Value Event,910739.62,329,2768.21,501.69,4964.32
Furniture,Loyal Customer,VIP Access Sale,894267.54,328,2726.43,525.71,4987.26
Furniture,Loyal Customer,Weekend Warrior Specials,972267.98,348,2793.87,501.07,4996.74
Furniture,Loyal Customer,Winter Clearance Carnival,810523.68,310,2614.59,509.43,4980.63
Furniture,Loyal Customer,Winter Wonders Sale,891189.74,331,2692.42,502.50,4997.81
Furniture,Occasional Shopper,12 Days of Deals,868369.22,328,2647.47,522.20,4974.34
Furniture,Occasional Shopper,Autumn Deals Drive,844075.30,315,2679.60,516.06,4973.92
Furniture,Occasional Shopper,BOGO Blitz,880415.45,323,2725.74,515.56,4972.69
Furniture,Occasional Shopper,Back to School Boost,867740.75,320,2711.69,513.26,4985.54
Furniture,Occasional Shopper,Birthday Bash Sale,895661.45,327,2739.03,501.84,4974.19
Furniture,Occasional Shopper,Black Friday Blowout,938994.73,342,2745.60,507.45,4996.79
Furniture,Occasional Shopper,Cart Crasher Campaign,991829.17,371,2673.39,501.43,4998.24
Furniture,Occasional Shopper,Cashback Carnival,910962.07,335,2719.29,500.92,4993.29
Furniture,Occasional Shopper,Clearance Countdown,848819.41,316,2686.14,528.08,4984.16
Furniture,Occasional Shopper,Countdown to Savings,870292.41,321,2711.19,531.50,4996.52
Furniture,Occasional Shopper,Customer Appreciation Week,798445.94,299,2670.39,514.26,4983.49
Furniture,Occasional Shopper,Cyber Monday Mania,952107.35,333,2859.18,552.24,4988.15
Furniture,Occasional Shopper,Deal of the Month,894003.24,334,2676.66,506.65,4996.19
Furniture,Occasional Shopper,Double Points Bonanza,961780.91,334,2879.58,500.57,4999.60
Furniture,Occasional Shopper,Early Bird Specials,850669.82,317,2683.50,500.89,4984.65
Furniture,Occasional Shopper,End of Season Sale,903397.70,323,2796.90,504.42,4989.65
Furniture,Occasional Shopper,Exclusive Insider Offers,817517.00,299,2734.17,528.96,4992.03
Furniture,Occasional Shopper,Festive Fever Promo,955312.93,345,2769.02,529.44,4996.22
Furniture,Occasional Shopper,Final Call Frenzy,898072.43,324,2771.83,517.40,4996.83
Furniture,Occasional Shopper,Flash Frenzy Friday,975201.89,356,2739.33,508.18,4987.91
Furniture,Occasional Shopper,"Gift More, Spend Less",906045.67,336,2696.56,501.75,4987.64
Furniture,Occasional Shopper,Golden Hour Bargains,859768.25,313,2746.86,514.50,4999.31
Furniture,Occasional Shopper,Green Weekend Deals,896669.80,335,2676.63,502.15,4993.14
Furniture,Occasional Shopper,Happy Hour Discounts,902174.40,334,2701.12,501.14,4995.33
Furniture,Occasional Shopper,Holiday Shopping Rush,886607.68,325,2728.02,504.36,4996.87
Furniture,Occasional Shopper,Hot Picks Promo,802999.90,301,2667.77,504.44,4997.23
Furniture,Occasional Shopper,Instant Gratification Sale,933761.56,346,2698.73,515.64,4966.55
Furniture,Occasional Shopper,Limited Time Treasures,1041356.67,373,2791.84,512.85,4982.22
Furniture,Occasional Shopper,Loyalty Rewards Blast,907596.76,318,2854.08,510.64,4963.99
Furniture,Occasional Shopper,Mega Weekend Bonanza,945031.86,350,2700.09,506.14,4981.69
Furniture,Occasional Shopper,Mid-Year Madness,925814.33,332,2788.60,507.51,4983.50
Furniture,Occasional Shopper,Midnight Madness,833052.99,298,2795.48,501.59,4989.23
Furniture,Occasional Shopper,Mystery Discount Days,855016.57,317,2697.21,520.73,4995.72
Furniture,Occasional Shopper,New Arrival Showcase,984662.59,353,2789.41,510.39,4997.96
Furniture,Occasional Shopper,New Product Launch Promo,921163.40,334,2757.97,500.98,4985.05
Furniture,Occasional Shopper,New Year Kickoff,1009452.31,357,2827.60,546.69,4997.66
Furniture,Occasional Shopper,Price Drop Parade,871323.38,308,2828.97,512.25,4985.49
Furniture,Occasional Shopper,Red Tag Clearance,832472.56,297,2802.94,512.99,4995.30
Furniture,Occasional Shopper,Seasonal Surprise Box,892175.64,326,2736.74,502.27,4994.59
Furniture,Occasional Shopper,Shop & Save Spectacular,1013832.89,364,2785.26,504.91,4986.53
Furniture,Occasional Shopper,Smart Shopper Week,1003260.95,365,2748.66,503.09,4981.32
Furniture,Occasional Shopper,Spring Refresh Event,981434.20,349,2812.13,500.36,4982.74
Furniture,Occasional Shopper,Spring Splash Discounts,853746.45,323,2643.18,502.30,4999.44
Furniture,Occasional Shopper,Summer Sizzle Promo,862018.15,303,2844.94,507.16,4988.83
Furniture,Occasional Shopper,Super Savings Week,1015876.08,365,2783.22,539.74,4989.51
Furniture,Occasional Shopper,Ultimate Value Event,862567.44,316,2729.64,503.68,4996.74
Furniture,Occasional Shopper,VIP Access Sale,928388.31,339,2738.61,506.30,4985.67
Furniture,Occasional Shopper,Weekend Warrior Specials,975349.81,346,2818.93,521.83,4994.16
Furniture,Occasional Shopper,Winter Clearance Carnival,977143.63,354,2760.29,510.72,4994.03
Furniture,Occasional Shopper,Winter Wonders Sale,957823.08,336,2850.66,507.39,4989.40
Furniture,Online Shopper,12 Days of Deals,1042349.83,368,2832.47,511.57,4998.57
Furniture,Online Shopper,Autumn Deals Drive,936931.78,350,2676.95,507.41,4995.68
Furniture,Online Shopper,BOGO Blitz,890504.08,319,2791.55,505.47,4984.74
Furniture,Online Shopper,Back to School Boost,1023156.62,381,2685.45,502.98,4979.12
Furniture,Online Shopper,Birthday Bash Sale,765311.39,286,2675.91,515.93,4994.05
Furniture,Online Shopper,Black Friday Blowout,1063378.13,376,2828.13,500.23,4999.88
Furniture,Online Shopper,Cart Crasher Campaign,875720.70,319,2745.21,516.97,4998.52
Furniture,Online Shopper,Cashback Carnival,952398.19,338,2817.75,531.90,4999.62
Furniture,Online Shopper,Clearance Countdown,997908.37,353,2826.94,551.15,4996.82
Furniture,Online Shopper,Countdown to Savings,977291.67,354,2760.71,516.93,4997.06
Furniture,Online Shopper,Customer Appreciation Week,887869.86,339,2619.09,539.52,4991.60
Furniture,Online Shopper,Cyber Monday Mania,958000.70,352,2721.59,504.38,4990.17
Furniture,Online Shopper,Deal of the Month,963061.50,359,2682.62,515.03,4981.80
Furniture,Online Shopper,Double Points Bonanza,873227.60,320,2728.84,543.18,4999.14
Furniture,Online Shopper,Early Bird Specials,951116.60,359,2649.35,534.87,4996.66
Furniture,Online Shopper,End of Season Sale,922746.87,327,2821.86,509.93,4998.80
Furniture,Online Shopper,Exclusive Insider Offers,844011.99,307,2749.22,501.83,4995.54
Furniture,Online Shopper,Festive Fever Promo,853875.91,316,2702.14,501.32,4997.00
Furniture,Online Shopper,Final Call Frenzy,921116.60,325,2834.20,507.44,4987.91
Furniture,Online Shopper,Flash Frenzy Friday,1015762.99,372,2730.55,505.20,4966.97
Furniture,Online Shopper,"Gift More, Spend Less",918329.47,348,2638.88,507.96,4994.85
Furniture,Online Shopper,Golden Hour Bargains,878333.22,325,2702.56,511.16,4985.95
Furniture,Online Shopper,Green Weekend Deals,908411.99,324,2803.74,516.99,4990.96
Furniture,Online Shopper,Happy Hour Discounts,861922.92,313,2753.75,511.43,4983.94
Furniture,Online Shopper,Holiday Shopping Rush,945585.14,336,2814.24,503.97,4996.98
Furniture,Online Shopper,Hot Picks Promo,883894.14,325,2719.67,503.85,4986.12
Furniture,Online Shopper,Instant Gratification Sale,1009688.42,347,2909.76,519.80,4992.46
Furniture,Online Shopper,Limited Time Treasures,909523.31,334,2723.12,500.34,4992.20
Furniture,Online Shopper,Loyalty Rewards Blast,909265.91,346,2627.94,502.59,4996.69
Furniture,Online Shopper,Mega Weekend Bonanza,902222.56,339,2661.42,514.88,4992.81
Furniture,Online Shopper,Mid-Year Madness,888097.67,334,2658.98,515.95,4997.34
Furniture,Online Shopper,Midnight Madness,933248.43,344,2712.93,505.16,4998.12
Furniture,Online Shopper,Mystery Discount Days,1040889.09,359,2899.41,519.92,4994.22
Furniture,Online Shopper,New Arrival Showcase,945328.42,343,2756.06,517.95,4969.07
Furniture,Online Shopper,New Product Launch Promo,924376.75,330,2801.14,501.50,4996.35
Furniture,Online Shopper,New Year Kickoff,994083.97,366,2716.08,502.12,4993.25
Furniture,Online Shopper,Price Drop Parade,942127.09,336,2803.95,518.80,4989.67
Furniture,Online Shopper,Red Tag Clearance,937041.38,347,2700.41,511.73,4993.35
Furniture,Online Shopper,Seasonal Surprise Box,1003037.08,369,2718.26,508.05,4994.35
Furniture,Online Shopper,Shop & Save Spectacular,975419.66,345,2827.30,524.81,4997.78
Furniture,Online Shopper,Smart Shopper Week,885399.44,323,2741.17,502.89,4988.34
Furniture,Online Shopper,Spring Refresh Event,890837.42,330,2699.51,505.62,4973.11
Furniture,Online Shopper,Spring Splash Discounts,1013367.50,373,2716.80,500.35,4998.77
Furniture,Online Shopper,Summer Sizzle Promo,934436.66,339,2756.45,512.99,4998.67
Furniture,Online Shopper,Super Savings Week,997697.98,361,2763.71,503.67,4988.24
Furniture,Online Shopper,Ultimate Value Event,890512.09,330,2698.52,521.69,4989.35
Furniture,Online Shopper,VIP Access Sale,936884.13,328,2856.35,535.13,4960.18
Furniture,Online Shopper,Weekend Warrior Specials,899838.95,314,2865.73,527.45,4994.27
Furniture,Online Shopper,Winter Clearance Carnival,917281.89,325,2822.41,505.94,4981.20
Furniture,Online Shopper,Winter Wonders Sale,989405.02,344,2876.18,506.83,4988.05
Furniture,Premium Shopper,12 Days of Deals,835863.52,302,2767.76,529.69,4968.93
Furniture,Premium Shopper,Autumn Deals Drive,1031998.00,370,2789.18,519.53,4999.01
Furniture,Premium Shopper,BOGO Blitz,962966.27,341,2823.95,504.41,4988.57
Furniture,Premium Shopper,Back to School Boost,1033495.13,367,2816.06,501.66,4982.57
Furniture,Premium Shopper,Birthday Bash Sale,865342.99,306,2827.92,513.44,4997.22
Furniture,Premium Shopper,Black Friday Blowout,911098.93,328,2777.74,506.02,4986.20
Furniture,Premium Shopper,Cart Crasher Campaign,911160.61,316,2883.42,520.45,4998.49
Furniture,Premium Shopper,Cashback Carnival,910773.48,324,2811.03,502.45,4999.14
Furniture,Premium Shopper,Clearance Countdown,879551.54,331,2657.26,503.67,4989.47
Furniture,Premium Shopper,Countdown to Savings,952393.81,340,2801.16,510.59,4996.95
Furniture,Premium Shopper,Customer Appreciation Week,853413.78,305,2798.08,506.29,4996.95
Furniture,Premium Shopper,Cyber Monday Mania,756475.36,290,2608.54,506.92,4994.23
Furniture,Premium Shopper,Deal of the Month,894987.39,337,2655.75,513.90,4980.53
Furniture,Premium Shopper,Double Points Bonanza,890985.43,316,2819.57,505.59,4986.14
Furniture,Premium Shopper,Early Bird Specials,885026.62,316,2800.72,528.21,4996.11
Furniture,Premium Shopper,End of Season Sale,955345.94,344,2777.17,500.31,4998.04
Furniture,Premium Shopper,Exclusive Insider Offers,942961.09,352,2678.87,501.18,4993.53
Furniture,Premium Shopper,Festive Fever Promo,836520.71,314,2664.08,502.37,4998.21
Furniture,Premium Shopper,Final Call Frenzy,1029814.75,359,2868.56,502.89,4998.23
Furniture,Premium Shopper,Flash Frenzy Friday,924602.16,333,2776.58,515.80,4995.63
Furniture,Premium Shopper,"Gift More, Spend Less",934056.53,335,2788.23,516.51,4997.79
Furniture,Premium Shopper,Golden Hour Bargains,881774.02,327,2696.56,514.75,4996.13
Furniture,Premium Shopper,Green Weekend Deals,910487.88,331,2750.72,511.53,4996.26
Furniture,Premium Shopper,Happy Hour Discounts,852193.96,313,2722.66,508.48,4998.88
Furniture,Premium Shopper,Holiday Shopping Rush,870820.53,310,2809.10,519.50,4989.08
Furniture,Premium Shopper,Hot Picks Promo,875638.42,328,2669.63,523.58,4992.88
Furniture,Premium Shopper,Instant Gratification Sale,828798.66,302,2744.37,535.65,4997.47
Furniture,Premium Shopper,Limited Time Treasures,959315.22,350,2740.90,505.62,4981.63
Furniture,Premium Shopper,Loyalty Rewards Blast,912063.52,329,2772.23,552.10,4976.01
Furniture,Premium Shopper,Mega Weekend Bonanza,899843.25,329,2735.09,504.00,4993.16
Furniture,Premium Shopper,Mid-Year Madness,934984.80,342,2733.87,501.87,4981.05
Furniture,Premium Shopper,Midnight Madness,961374.90,354,2715.75,517.81,4991.70
Furniture,Premium Shopper,Mystery Discount Days,1027204.22,365,2814.26,502.26,4985.92
Furniture,Premium Shopper,New Arrival Showcase,969502.90,334,2902.70,511.07,4953.72
Furniture,Premium Shopper,New Product Launch Promo,923419.11,330,2798.24,500.59,4991.12
Furniture,Premium Shopper,New Year Kickoff,943821.15,345,2735.71,502.26,4989.76
Furniture,Premium Shopper,Price Drop Parade,897106.09,322,2786.04,516.13,4992.35
Furniture,Premium Shopper,Red Tag Clearance,829235.97,318,2607.66,511.21,4996.34
Furniture,Premium Shopper,Seasonal Surprise Box,892466.74,322,2771.64,508.28,4998.58
Furniture,Premium Shopper,Shop & Save Spectacular,827539.03,309,2678.12,549.83,4993.27
Furniture,Premium Shopper,Smart Shopper Week,868287.77,310,2800.93,527.85,4962.46
Furniture,Premium Shopper,Spring Refresh Event,922127.56,318,2899.77,565.73,4991.57
Furniture,Premium Shopper,Spring Splash Discounts,977664.87,355,2753.99,521.14,4993.95
Furniture,Premium Shopper,Summer Sizzle Promo,902561.70,323,2794.31,505.17,4988.62
Furniture,Premium Shopper,Super Savings Week,880812.65,320,2752.54,520.77,4994.43
Furniture,Premium Shopper,Ultimate Value Event,861635.50,322,2675.89,530.20,4993.55
Furniture,Premium Shopper,VIP Access Sale,978195.04,354,2763.26,500.23,4992.06
Furniture,Premium Shopper,Weekend Warrior Specials,865803.48,316,2739.88,501.38,4985.43
Furniture,Premium Shopper,Winter Clearance Carnival,863010.55,322,2680.16,510.07,4924.98
Furniture,Premium Shopper,Winter Wonders Sale,953500.24,343,2779.88,500.29,4939.88
Groceries,Budget Shopper,12 Days of Deals,926350.00,322,2876.86,505.54,4982.14
Groceries,Budget Shopper,Autumn Deals Drive,840407.01,303,2773.62,524.60,4998.35
Groceries,Budget Shopper,BOGO Blitz,910066.23,334,2724.75,551.07,4996.27
Groceries,Budget Shopper,Back to School Boost,957745.77,341,2808.64,523.86,4985.68
Groceries,Budget Shopper,Birthday Bash Sale,880571.59,315,2795.47,504.89,4938.69
Groceries,Budget Shopper,Black Friday Blowout,871069.01,318,2739.21,505.61,4993.47
Groceries,Budget Shopper,Cart Crasher Campaign,872537.51,324,2693.02,511.33,4979.93
Groceries,Budget Shopper,Cashback Carnival,929815.95,325,2860.97,512.58,4988.77
Groceries,Budget Shopper,Clearance Countdown,889642.47,319,2788.85,543.96,4997.60
Groceries,Budget Shopper,Countdown to Savings,918211.42,334,2749.14,506.50,4987.78
Groceries,Budget Shopper,Customer Appreciation Week,871400.00,312,2792.95,506.49,4995.70
Groceries,Budget Shopper,Cyber Monday Mania,961824.03,348,2763.86,505.34,4988.32
Groceries,Budget Shopper,Deal of the Month,900510.74,318,2831.79,503.94,4973.54
Groceries,Budget Shopper,Double Points Bonanza,814976.13,306,2663.32,506.48,4971.00
Groceries,Budget Shopper,Early Bird Specials,932462.05,337,2766.95,529.28,4998.19
Groceries,Budget Shopper,End of Season Sale,1029934.70,365,2821.74,503.49,4988.64
Groceries,Budget Shopper,Exclusive Insider Offers,801528.81,308,2602.37,512.59,4996.14
Groceries,Budget Shopper,Festive Fever Promo,825263.83,314,2628.23,512.07,4994.55
Groceries,Budget Shopper,Final Call Frenzy,918013.34,342,2684.25,509.79,4974.31
Groceries,Budget Shopper,Flash Frenzy Friday,996596.89,355,2807.32,517.12,4977.69
Groceries,Budget Shopper,"Gift More, Spend Less",859276.08,306,2808.09,509.60,4998.23
Groceries,Budget Shopper,Golden Hour Bargains,825224.23,311,2653.45,537.39,4982.52
Groceries,Budget Shopper,Green Weekend Deals,957312.82,349,2743.02,507.87,4989.20
Groceries,Budget Shopper,Happy Hour Discounts,941927.15,344,2738.16,511.52,4995.84
Groceries,Budget Shopper,Holiday Shopping Rush,909297.38,337,2698.21,504.65,4999.39
Groceries,Budget Shopper,Hot Picks Promo,851240.89,310,2745.94,513.91,4991.62
Groceries,Budget Shopper,Instant Gratification Sale,866267.82,310,2794.41,503.39,4987.65
Groceries,Budget Shopper,Limited Time Treasures,909657.13,335,2715.39,509.07,4954.24
Groceries,Budget Shopper,Loyalty Rewards Blast,1017071.32,367,2771.31,538.81,4995.73
Groceries,Budget Shopper,Mega Weekend Bonanza,891613.68,330,2701.86,506.20,4987.19
Groceries,Budget Shopper,Mid-Year Madness,942570.27,345,2732.09,513.15,4973.73
Groceries,Budget Shopper,Midnight Madness,817379.94,310,2636.71,508.29,4999.95
Groceries,Budget Shopper,Mystery Discount Days,907117.70,334,2715.92,506.85,4999.16
Groceries,Budget Shopper,New Arrival Showcase,924504.47,329,2810.04,530.41,4995.28
Groceries,Budget Shopper,New Product Launch Promo,937644.09,352,2663.76,500.73,4994.33
Groceries,Budget Shopper,New Year Kickoff,844144.43,308,2740.73,515.94,4959.47
Groceries,Budget Shopper,Price Drop Parade,822413.09,288,2855.60,505.58,4994.92
Groceries,Budget Shopper,Red Tag Clearance,869861.20,331,2627.98,504.16,4984.96
Groceries,Budget Shopper,Seasonal Surprise Box,875416.38,304,2879.66,501.93,4968.64
Groceries,Budget Shopper,Shop & Save Spectacular,936498.68,342,2738.30,503.57,4995.39
Groceries,Budget Shopper,Smart Shopper Week,980562.49,369,2657.35,513.67,4995.84
Groceries,Budget Shopper,Spring Refresh Event,1072757.26,371,2891.53,512.88,4989.96
Groceries,Budget Shopper,Spring Splash Discounts,879453.95,322,2731.22,500.68,4998.53
Groceries,Budget Shopper,Summer Sizzle Promo,917702.79,333,2755.86,506.66,4963.56
Groceries,Budget Shopper,Super Savings Week,942780.84,341,2764.75,525.78,4993.57
Groceries,Budget Shopper,Ultimate Value Event,928074.04,343,2705.76,531.00,4993.94
Groceries,Budget Shopper,VIP Access Sale,853511.85,327,2610.13,514.92,4991.26
Groceries,Budget Shopper,Weekend Warrior Specials,857672.00,321,2671.88,522.36,4994.74
Groceries,Budget Shopper,Winter Clearance Carnival,921755.05,329,2801.69,507.50,4999.97
Groceries,Budget Shopper,Winter Wonders Sale,906310.54,331,2738.10,505.33,4999.56
Groceries,Churn Risk,12 Days of Deals,872045.40,335,2603.12,502.31,4971.18
Groceries,Churn Risk,Autumn Deals Drive,906559.75,322,2815.40,510.46,4999.13
Groceries,Churn Risk,BOGO Blitz,822129.56,313,2626.61,507.32,4983.97
Groceries,Churn Risk,Back to School Boost,931660.68,348,2677.19,510.22,4915.13
Groceries,Churn Risk,Birthday Bash Sale,879181.99,325,2705.18,506.34,4982.46
Groceries,Churn Risk,Black Friday Blowout,896572.91,310,2892.17,517.02,4964.44
Groceries,Churn Risk,Cart Crasher Campaign,948240.25,343,2764.55,511.89,4988.44
Groceries,Churn Risk,Cashback Carnival,930152.69,341,2727.72,510.20,4976.60
Groceries,Churn Risk,Clearance Countdown,857646.38,312,2748.87,509.31,4996.54
Groceries,Churn Risk,Countdown to Savings,870205.79,315,2762.56,507.90,4984.12
Groceries,Churn Risk,Customer Appreciation Week,832294.39,308,2702.25,502.48,4975.49
Groceries,Churn Risk,Cyber Monday Mania,906669.17,329,2755.83,587.52,4998.93
Groceries,Churn Risk,Deal of the Month,850315.69,315,2699.41,507.71,4993.47
Groceries,Churn Risk,Double Points Bonanza,858724.70,324,2650.38,517.45,4996.21
Groceries,Churn Risk,Early Bird Specials,998340.53,352,2836.19,508.69,4983.85
Groceries,Churn Risk,End of Season Sale,916966.91,338,2712.92,503.98,4987.09
Groceries,Churn Risk,Exclusive Insider Offers,1024896.14,351,2919.93,524.48,4995.02
Groceries,Churn Risk,Festive Fever Promo,1005432.38,360,2792.87,502.30,4990.21
Groceries,Churn Risk,Final Call Frenzy,964324.98,346,2787.07,542.36,4981.71
Groceries,Churn Risk,Flash Frenzy Friday,867647.78,317,2737.06,507.64,4978.39
Groceries,Churn Risk,"Gift More, Spend Less",928806.02,355,2616.35,509.81,4983.76
Groceries,Churn Risk,Golden Hour Bargains,879887.66,324,2715.70,514.81,4987.95
Groceries,Churn Risk,Green Weekend Deals,1004796.76,361,2783.37,516.92,4997.22
Groceries,Churn Risk,Happy Hour Discounts,915249.33,336,2723.96,500.75,4994.07
Groceries,Churn Risk,Holiday Shopping Rush,897840.13,324,2771.11,540.89,4993.89
Groceries,Churn Risk,Hot Picks Promo,962357.07,340,2830.46,515.19,4984.48
Groceries,Churn Risk,Instant Gratification Sale,856225.88,307,2789.01,526.86,4998.35
Groceries,Churn Risk,Limited Time Treasures,919431.82,331,2777.74,510.40,4998.70
Groceries,Churn Risk,Loyalty Rewards Blast,927809.06,337,2753.14,508.57,4952.95
Groceries,Churn Risk,Mega Weekend Bonanza,938514.90,344,2728.24,512.47,4998.94
Groceries,Churn Risk,Mid-Year Madness,952126.14,348,2735.99,500.47,4990.79
Groceries,Churn Risk,Midnight Madness,875486.39,326,2685.54,502.72,4967.50
Groceries,Churn Risk,Mystery Discount Days,891403.84,334,2668.87,502.96,4986.29
Groceries,Churn Risk,New Arrival Showcase,827171.85,294,2813.51,505.15,4982.62
Groceries,Churn Risk,New Product Launch Promo,927492.47,341,2719.92,519.00,4991.85
Groceries,Churn Risk,New Year Kickoff,871374.56,321,2714.56,561.24,4981.27
Groceries,Churn Risk,Price Drop Parade,988351.33,356,2776.27,512.52,4986.73
Groceries,Churn Risk,Red Tag Clearance,871015.37,323,2696.64,517.10,4986.36
Groceries,Churn Risk,Seasonal Surprise Box,871501.58,314,2775.48,501.54,4959.49
Groceries,Churn Risk,Shop & Save Spectacular,908212.47,324,2803.12,527.26,4993.94
Groceries,Churn Risk,Smart Shopper Week,890745.63,324,2749.21,519.85,4991.20
Groceries,Churn Risk,Spring Refresh Event,924371.94,339,2726.76,501.42,4998.26
Groceries,Churn Risk,Spring Splash Discounts,871354.23,321,2714.50,505.92,4968.61
Groceries,Churn Risk,Summer Sizzle Promo,892525.42,320,2789.14,516.65,4966.02
Groceries,Churn Risk,Super Savings Week,1026079.78,374,2743.53,502.79,4969.03
Groceries,Churn Risk,Ultimate Value Event,909147.42,336,2705.80,502.89,4980.35
Groceries,Churn Risk,VIP Access Sale,969361.00,360,2692.67,506.56,4969.08
Groceries,Churn Risk,Weekend Warrior Specials,932517.49,326,2860.48,503.77,4971.12
Groceries,Churn Risk,Winter Clearance Carnival,876067.45,329,2662.82,502.13,4992.79
Groceries,Churn Risk,Winter Wonders Sale,912821.06,326,2800.06,513.05,4999.85
Groceries,Deal Seeker,12 Days of Deals,985525.37,343,2873.25,506.22,4998.90
Groceries,Deal Seeker,Autumn Deals Drive,915425.14,339,2700.37,500.76,4988.50
Groceries,Deal Seeker,BOGO Blitz,964401.18,337,2861.72,519.68,4998.59
Groceries,Deal Seeker,Back to School Boost,992870.02,354,2804.72,500.60,4991.91
Groceries,Deal Seeker,Birthday Bash Sale,861361.98,331,2602.30,523.64,4991.73
Groceries,Deal Seeker,Black Friday Blowout,851225.34,300,2837.42,526.67,4976.55
Groceries,Deal Seeker,Cart Crasher Campaign,918036.99,334,2748.61,514.48,4989.38
Groceries,Deal Seeker,Cashback Carnival,901360.55,321,2807.98,502.91,4995.74
Groceries,Deal Seeker,Clearance Countdown,1067795.82,389,2744.98,504.62,4999.80
Groceries,Deal Seeker,Countdown to Savings,953359.96,353,2700.74,501.28,4989.73
Groceries,Deal Seeker,Customer Appreciation Week,903397.36,333,2712.90,505.16,4985.39
Groceries,Deal Seeker,Cyber Monday Mania,977957.91,370,2643.13,506.32,4986.17
Groceries,Deal Seeker,Deal of the Month,910148.75,339,2684.80,508.61,4995.04
Groceries,Deal Seeker,Double Points Bonanza,984745.95,347,2837.88,501.88,4978.48
Groceries,Deal Seeker,Early Bird Specials,854697.48,310,2757.09,517.63,4999.70
Groceries,Deal Seeker,End of Season Sale,964933.38,346,2788.82,521.97,4989.11
Groceries,Deal Seeker,Exclusive Insider Offers,893916.88,318,2811.06,527.91,4995.66
Groceries,Deal Seeker,Festive Fever Promo,887961.83,333,2666.55,507.70,4997.65
Groceries,Deal Seeker,Final Call Frenzy,882476.26,316,2792.65,503.08,4989.78
Groceries,Deal Seeker,Flash Frenzy Friday,820175.81,314,2612.02,501.88,4958.80
Groceries,Deal Seeker,"Gift More, Spend Less",900268.21,320,2813.34,513.73,4991.67
Groceries,Deal Seeker,Golden Hour Bargains,945740.34,344,2749.25,506.12,4982.02
Groceries,Deal Seeker,Green Weekend Deals,909708.65,327,2781.98,511.58,4994.05
Groceries,Deal Seeker,Happy Hour Discounts,866343.27,313,2767.87,507.68,4995.48
Groceries,Deal Seeker,Holiday Shopping Rush,901005.91,327,2755.37,506.03,4966.26
Groceries,Deal Seeker,Hot Picks Promo,860460.03,324,2655.74,548.14,4971.90
Groceries,Deal Seeker,Instant Gratification Sale,949290.94,359,2644.26,500.33,4990.30
Groceries,Deal Seeker,Limited Time Treasures,951417.53,344,2765.75,533.33,4983.86
Groceries,Deal Seeker,Loyalty Rewards Blast,857994.70,306,2803.90,539.76,4995.57
Groceries,Deal Seeker,Mega Weekend Bonanza,836840.80,306,2734.77,510.97,4975.22
Groceries,Deal Seeker,Mid-Year Madness,959848.94,355,2703.80,502.46,4976.09
Groceries,Deal Seeker,Midnight Madness,1044294.47,365,2861.08,505.68,4978.67
Groceries,Deal Seeker,Mystery Discount Days,962934.67,356,2704.87,504.02,4983.72
Groceries,Deal Seeker,New Arrival Showcase,953182.36,349,2731.18,518.52,4978.85
Groceries,Deal Seeker,New Product Launch Promo,962729.32,339,2839.91,514.07,4994.79
Groceries,Deal Seeker,New Year Kickoff,889362.19,331,2686.89,512.57,4996.25
Groceries,Deal Seeker,Price Drop Parade,917545.65,328,2797.40,518.47,4989.23
Groceries,Deal Seeker,Red Tag Clearance,943573.27,324,2912.26,509.89,4963.62
Groceries,Deal Seeker,Seasonal Surprise Box,744541.11,273,2727.26,507.01,4989.26
Groceries,Deal Seeker,Shop & Save Spectacular,955696.66,342,2794.43,506.56,4981.11
Groceries,Deal Seeker,Smart Shopper Week,1007128.76,355,2836.98,501.79,4994.32
Groceries,Deal Seeker,Spring Refresh Event,962021.44,341,2821.18,521.03,4995.22
Groceries,Deal Seeker,Spring Splash Discounts,904116.07,328,2756.45,525.52,4989.87
Groceries,Deal Seeker,Summer Sizzle Promo,882214.14,323,2731.31,508.92,4981.75
Groceries,Deal Seeker,Super Savings Week,983121.74,356,2761.58,527.55,4999.88
Groceries,Deal Seeker,Ultimate Value Event,1011203.36,346,2922.55,518.82,4997.42
Groceries,Deal Seeker,VIP Access Sale,878378.61,330,2661.75,503.17,4973.99
Groceries,Deal Seeker,Weekend Warrior Specials,876636.29,319,2748.08,514.24,4981.57
Groceries,Deal Seeker,Winter Clearance Carnival,955085.65,346,2760.36,520.09,4968.24
Groceries,Deal Seeker,Winter Wonders Sale,967552.00,340,2845.74,505.32,4995.64
Groceries,First-time Buyer,12 Days of Deals,993318.13,365,2721.42,517.30,4992.79
Groceries,First-time Buyer,Autumn Deals Drive,873093.72,323,2703.08,513.21,4965.73
Groceries,First-time Buyer,BOGO Blitz,917843.93,325,2824.14,534.13,4996.77
Groceries,First-time Buyer,Back to School Boost,914058.55,332,2753.19,505.75,4997.33
Groceries,First-time Buyer,Birthday Bash Sale,870037.94,307,2834.00,520.10,4997.17
Groceries,First-time Buyer,Black Friday Blowout,890807.40,332,2683.15,517.55,4997.76
Groceries,First-time Buyer,Cart Crasher Campaign,801497.07,300,2671.66,505.99,4976.29
Groceries,First-time Buyer,Cashback Carnival,1006387.28,360,2795.52,541.62,4995.88
Groceries,First-time Buyer,Clearance Countdown,891045.26,329,2708.34,502.02,4998.17
Groceries,First-time Buyer,Countdown to Savings,906912.59,324,2799.11,510.46,4997.39
Groceries,First-time Buyer,Customer Appreciation Week,1080142.57,369,2927.22,500.64,4997.51
Groceries,First-time Buyer,Cyber Monday Mania,867250.75,315,2753.18,523.58,4999.83
Groceries,First-time Buyer,Deal of the Month,858196.37,317,2707.24,500.56,4990.87
Groceries,First-time Buyer,Double Points Bonanza,945127.48,346,2731.58,511.56,4980.56
Groceries,First-time Buyer,Early Bird Specials,917339.11,334,2746.52,510.77,4996.80
Groceries,First-time Buyer,End of Season Sale,959788.69,353,2718.95,517.26,4997.30
Groceries,First-time Buyer,Exclusive Insider Offers,965514.32,345,2798.59,519.26,4985.52
Groceries,First-time Buyer,Festive Fever Promo,937428.47,338,2773.46,501.65,4986.36
Groceries,First-time Buyer,Final Call Frenzy,937976.19,339,2766.89,530.48,4987.51
Groceries,First-time Buyer,Flash Frenzy Friday,902951.71,323,2795.52,556.90,4995.90
Groceries,First-time Buyer,"Gift More, Spend Less",949885.89,348,2729.56,512.89,4993.41
Groceries,First-time Buyer,Golden Hour Bargains,941775.15,337,2794.59,508.71,4999.90
Groceries,First-time Buyer,Green Weekend Deals,878500.05,332,2646.08,500.26,4990.34
Groceries,First-time Buyer,Happy Hour Discounts,928842.19,330,2814.67,508.35,4970.94
Groceries,First-time Buyer,Holiday Shopping Rush,979930.14,363,2699.53,513.31,4992.12
Groceries,First-time Buyer,Hot Picks Promo,800515.00,299,2677.31,503.19,4999.88
Groceries,First-time Buyer,Instant Gratification Sale,943828.71,337,2800.68,515.09,4982.50
Groceries,First-time Buyer,Limited Time Treasures,816038.28,300,2720.13,510.30,4974.48
Groceries,First-time Buyer,Loyalty Rewards Blast,924401.09,333,2775.98,555.45,4965.51
Groceries,First-time Buyer,Mega Weekend Bonanza,922381.88,329,2803.59,522.84,4994.06
Groceries,First-time Buyer,Mid-Year Madness,911356.99,332,2745.05,512.41,4945.88
Groceries,First-time Buyer,Midnight Madness,878192.38,333,2637.21,500.01,4998.75
Groceries,First-time Buyer,Mystery Discount Days,983099.72,345,2849.56,500.94,4987.59
Groceries,First-time Buyer,New Arrival Showcase,879605.24,320,2748.77,543.92,4979.79
Groceries,First-time Buyer,New Product Launch Promo,861075.31,300,2870.25,531.59,4999.20
Groceries,First-time Buyer,New Year Kickoff,788212.69,311,2534.45,519.16,4995.56
Groceries,First-time Buyer,Price Drop Parade,791672.28,294,2692.76,518.53,4996.32
Groceries,First-time Buyer,Red Tag Clearance,870672.90,328,2654.49,519.21,4955.11
Groceries,First-time Buyer,Seasonal Surprise Box,929400.41,326,2850.92,506.26,4991.34
Groceries,First-time Buyer,Shop & Save Spectacular,884878.49,320,2765.25,501.87,4976.59
Groceries,First-time Buyer,Smart Shopper Week,993665.50,358,2775.60,512.47,4998.48
Groceries,First-time Buyer,Spring Refresh Event,797360.03,295,2702.92,512.51,4995.72
Groceries,First-time Buyer,Spring Splash Discounts,1009106.86,373,2705.38,511.52,4988.22
Groceries,First-time Buyer,Summer Sizzle Promo,807532.17,293,2756.08,503.45,4998.54
Groceries,First-time Buyer,Super Savings Week,996074.29,354,2813.77,506.37,4998.98
Groceries,First-time Buyer,Ultimate Value Event,832734.21,311,2677.60,505.35,4938.49
Groceries,First-time Buyer,VIP Access Sale,958141.39,358,2676.37,504.83,4975.49
Groceries,First-time Buyer,Weekend Warrior Specials,971726.06,354,2744.99,508.11,4994.19
Groceries,First-time Buyer,Winter Clearance Carnival,883734.00,320,2761.67,517.90,4989.51
Groceries,First-time Buyer,Winter Wonders Sale,1014210.39,371,2733.72,529.74,4995.24
Groceries,High Value,12 Days of Deals,1009811.72,360,2805.03,535.31,4998.87
Groceries,High Value,Autumn Deals Drive,1010216.15,354,2853.72,509.57,4998.64
Groceries,High Value,BOGO Blitz,989246.71,359,2755.56,546.53,4992.77
Groceries,High Value,Back to School Boost,938858.52,340,2761.35,509.58,4998.07
Groceries,High Value,Birthday Bash Sale,887397.60,325,2730.45,529.57,4991.37
Groceries,High Value,Black Friday Blowout,971125.71,350,2774.64,500.83,4980.46
Groceries,High Value,Cart Crasher Campaign,936954.62,348,2692.40,506.65,4943.38
Groceries,High Value,Cashback Carnival,910337.30,328,2775.42,531.43,4926.32
Groceries,High Value,Clearance Countdown,977290.08,347,2816.40,508.52,4998.78
Groceries,High Value,Countdown to Savings,988207.83,357,2768.09,510.60,4982.91
Groceries,High Value,Customer Appreciation Week,967689.09,356,2718.23,504.57,4976.04
Groceries,High Value,Cyber Monday Mania,874534.37,325,2690.87,504.09,4997.12
Groceries,High Value,Deal of the Month,998939.34,372,2685.32,508.50,4992.95
Groceries,High Value,Double Points Bonanza,945104.48,351,2692.61,500.95,4999.34
Groceries,High Value,Early Bird Specials,912130.42,337,2706.62,520.84,4973.79
Groceries,High Value,End of Season Sale,889981.52,324,2746.86,504.05,4995.76
Groceries,High Value,Exclusive Insider Offers,879035.56,329,2671.84,501.31,4998.78
Groceries,High Value,Festive Fever Promo,841936.38,318,2647.60,512.05,4996.81
Groceries,High Value,Final Call Frenzy,966703.95,342,2826.62,511.29,4994.94
Groceries,High Value,Flash Frenzy Friday,938547.72,331,2835.49,519.72,4978.54
Groceries,High Value,"Gift More, Spend Less",922560.72,337,2737.57,531.56,4994.67
Groceries,High Value,Golden Hour Bargains,857699.55,312,2749.04,517.26,4983.24
Groceries,High Value,Green Weekend Deals,952626.07,332,2869.36,509.92,4990.44
Groceries,High Value,Happy Hour Discounts,821455.61,307,2675.75,536.74,4962.61
Groceries,High Value,Holiday Shopping Rush,946579.84,339,2792.27,509.06,4997.86
Groceries,High Value,Hot Picks Promo,985295.03,365,2699.44,518.84,4991.69
Groceries,High Value,Instant Gratification Sale,897940.03,325,2762.89,523.90,4988.57
Groceries,High Value,Limited Time Treasures,948532.54,345,2749.37,508.05,4984.48
Groceries,High Value,Loyalty Rewards Blast,876310.22,315,2781.94,509.85,4989.61
Groceries,High Value,Mega Weekend Bonanza,874588.19,335,2610.71,501.33,4940.16
Groceries,High Value,Mid-Year Madness,834339.64,318,2623.71,518.81,4962.63
Groceries,High Value,Midnight Madness,860396.36,317,2714.18,500.95,4998.10
Groceries,High Value,Mystery Discount Days,915300.28,337,2716.02,508.56,4991.87
Groceries,High Value,New Arrival Showcase,947853.50,346,2739.46,509.61,4986.40
Groceries,High Value,New Product Launch Promo,931278.37,341,2731.02,504.86,4983.26
Groceries,High Value,New Year Kickoff,907901.59,334,2718.27,508.27,4972.93
Groceries,High Value,Price Drop Parade,907360.92,333,2724.81,504.15,4994.94
Groceries,High Value,Red Tag Clearance,964618.29,350,2756.05,501.12,4965.97
Groceries,High Value,Seasonal Surprise Box,1005679.22,366,2747.76,504.60,4992.27
Groceries,High Value,Shop & Save Spectacular,879041.91,321,2738.45,524.59,4977.69
Groceries,High Value,Smart Shopper Week,919074.20,334,2751.72,500.54,4994.27
Groceries,High Value,Spring Refresh Event,974178.18,348,2799.36,511.29,4988.05
Groceries,High Value,Spring Splash Discounts,822487.55,312,2636.18,509.39,4986.70
Groceries,High Value,Summer Sizzle Promo,960414.63,342,2808.23,523.99,4966.48
Groceries,High Value,Super Savings Week,901714.38,334,2699.74,512.49,4987.66
Groceries,High Value,Ultimate Value Event,895984.10,312,2871.74,500.47,4983.18
Groceries,High Value,VIP Access Sale,854383.42,315,2712.33,504.20,4996.03
Groceries,High Value,Weekend Warrior Specials,949827.59,352,2698.37,502.46,4993.10
Groceries,High Value,Winter Clearance Carnival,855004.00,314,2722.94,527.28,4992.79
Groceries,High Value,Winter Wonders Sale,1045686.20,372,2810.98,532.92,4991.71
Groceries,In-Store Regular,12 Days of Deals,893456.11,322,2774.71,509.79,4995.38
Groceries,In-Store Regular,Autumn Deals Drive,954006.98,347,2749.30,508.03,4996.98
Groceries,In-Store Regular,BOGO Blitz,935431.93,323,2896.07,522.61,4993.12
Groceries,In-Store Regular,Back to School Boost,867607.45,328,2645.14,502.61,4978.66
Groceries,In-Store Regular,Birthday Bash Sale,920106.70,338,2722.21,508.25,4976.95
Groceries,In-Store Regular,Black Friday Blowout,908079.07,336,2702.62,505.81,4991.85
Groceries,In-Store Regular,Cart Crasher Campaign,812546.82,303,2681.67,506.39,4980.08
Groceries,In-Store Regular,Cashback Carnival,940845.70,346,2719.21,507.41,4975.89
Groceries,In-Store Regular,Clearance Countdown,985124.11,356,2767.20,523.73,4943.13
Groceries,In-Store Regular,Countdown to Savings,857526.74,332,2582.91,519.69,4955.77
Groceries,In-Store Regular,Customer Appreciation Week,950301.59,347,2738.62,506.67,4991.50
Groceries,In-Store Regular,Cyber Monday Mania,878764.42,324,2712.24,507.95,4990.68
Groceries,In-Store Regular,Deal of the Month,912251.18,324,2815.59,518.07,4993.79
Groceries,In-Store Regular,Double Points Bonanza,864059.27,320,2700.19,513.08,4996.36
Groceries,In-Store Regular,Early Bird Specials,934875.86,340,2749.63,506.38,4998.24
Groceries,In-Store Regular,End of Season Sale,868284.67,313,2774.07,500.36,4998.37
Groceries,In-Store Regular,Exclusive Insider Offers,1024304.03,360,2845.29,504.09,4999.92
Groceries,In-Store Regular,Festive Fever Promo,975303.02,347,2810.67,534.48,4978.35
Groceries,In-Store Regular,Final Call Frenzy,924670.59,332,2785.15,513.86,4972.06
Groceries,In-Store Regular,Flash Frenzy Friday,969549.69,343,2826.68,519.19,4991.58
Groceries,In-Store Regular,"Gift More, Spend Less",872462.87,316,2760.96,511.37,4994.74
Groceries,In-Store Regular,Golden Hour Bargains,907609.35,342,2653.83,500.16,4999.35
Groceries,In-Store Regular,Green Weekend Deals,913638.04,340,2687.17,508.74,4985.16
Groceries,In-Store Regular,Happy Hour Discounts,942487.42,348,2708.30,505.89,4987.29
Groceries,In-Store Regular,Holiday Shopping Rush,893145.24,330,2706.50,540.78,4993.67
Groceries,In-Store Regular,Hot Picks Promo,886007.22,313,2830.69,531.06,4992.31
Groceries,In-Store Regular,Instant Gratification Sale,1009682.71,348,2901.39,500.03,4999.70
Groceries,In-Store Regular,Limited Time Treasures,838910.52,300,2796.37,543.56,4946.13
Groceries,In-Store Regular,Loyalty Rewards Blast,989120.32,360,2747.56,504.51,4983.94
Groceries,In-Store Regular,Mega Weekend Bonanza,893227.36,338,2642.68,507.71,4975.12
Groceries,In-Store Regular,Mid-Year Madness,869385.61,301,2888.32,553.01,4994.70
Groceries,In-Store Regular,Midnight Madness,932416.21,336,2775.05,508.98,4985.49
Groceries,In-Store Regular,Mystery Discount Days,811135.87,296,2740.32,503.39,4994.43
Groceries,In-Store Regular,New Arrival Showcase,892194.26,322,2770.79,509.54,4997.81
Groceries,In-Store Regular,New Product Launch Promo,787698.94,301,2616.94,519.54,4982.95
Groceries,In-Store Regular,New Year Kickoff,969812.47,364,2664.32,513.17,4991.95
Groceries,In-Store Regular,Price Drop Parade,974384.64,351,2776.02,504.57,4999.58
Groceries,In-Store Regular,Red Tag Clearance,915458.03,332,2757.40,504.22,4995.93
Groceries,In-Store Regular,Seasonal Surprise Box,911656.21,343,2657.89,504.42,4946.36
Groceries,In-Store Regular,Shop & Save Spectacular,989206.24,363,2725.09,511.78,4988.98
Groceries,In-Store Regular,Smart Shopper Week,831988.45,307,2710.06,521.96,4994.55
Groceries,In-Store Regular,Spring Refresh Event,908595.67,318,2857.22,513.02,4988.96
Groceries,In-Store Regular,Spring Splash Discounts,843786.17,304,2775.61,538.55,4991.56
Groceries,In-Store Regular,Summer Sizzle Promo,942139.10,324,2907.84,530.03,4983.08
Groceries,In-Store Regular,Super Savings Week,933674.37,347,2690.70,506.25,4996.48
Groceries,In-Store Regular,Ultimate Value Event,947140.48,333,2844.27,507.81,4967.24
Groceries,In-Store Regular,VIP Access Sale,1051076.03,374,2810.36,558.22,4997.93
Groceries,In-Store Regular,Weekend Warrior Specials,860623.02,320,2689.45,513.49,4986.11
Groceries,In-Store Regular,Winter Clearance Carnival,878786.56,307,2862.50,511.24,4982.02
Groceries,In-Store Regular,Winter Wonders Sale,910154.44,353,2578.34,513.51,4965.01
Groceries,Loyal Customer,12 Days of Deals,913614.02,340,2687.10,507.87,4998.04
Groceries,Loyal Customer,Autumn Deals Drive,1043412.07,382,2731.45,517.18,4992.02
Groceries,Loyal Customer,BOGO Blitz,831439.56,312,2664.87,507.25,4992.20
Groceries,Loyal Customer,Back to School Boost,926327.89,344,2692.81,505.29,4976.28
Groceries,Loyal Customer,Birthday Bash Sale,899508.87,323,2784.86,508.14,4945.14
Groceries,Loyal Customer,Black Friday Blowout,780331.35,286,2728.43,533.67,4977.33
Groceries,Loyal Customer,Cart Crasher Campaign,921514.43,342,2694.49,508.00,4983.78
Groceries,Loyal Customer,Cashback Carnival,848388.33,294,2885.67,505.38,4994.46
Groceries,Loyal Customer,Clearance Countdown,969019.30,334,2901.26,527.22,4988.73
Groceries,Loyal Customer,Countdown to Savings,988681.66,360,2746.34,519.37,4972.19
Groceries,Loyal Customer,Customer Appreciation Week,908193.91,319,2847.00,529.76,4979.41
Groceries,Loyal Customer,Cyber Monday Mania,916251.45,343,2671.29,504.57,4988.27
Groceries,Loyal Customer,Deal of the Month,934108.59,334,2796.73,504.17,4996.71
Groceries,Loyal Customer,Double Points Bonanza,882742.41,320,2758.57,512.99,4976.69
Groceries,Loyal Customer,Early Bird Specials,871260.69,319,2731.22,506.59,4979.27
Groceries,Loyal Customer,End of Season Sale,950460.72,329,2888.94,500.37,4997.29
Groceries,Loyal Customer,Exclusive Insider Offers,884419.52,323,2738.14,523.27,4995.77
Groceries,Loyal Customer,Festive Fever Promo,909303.34,323,2815.18,526.12,4959.84
Groceries,Loyal Customer,Final Call Frenzy,927228.04,350,2649.22,512.48,4973.20
Groceries,Loyal Customer,Flash Frenzy Friday,890708.54,322,2766.18,514.63,4990.84
Groceries,Loyal Customer,"Gift More, Spend Less",939495.09,336,2796.12,509.79,4989.67
Groceries,Loyal Customer,Golden Hour Bargains,918023.31,330,2781.89,504.86,4976.17
Groceries,Loyal Customer,Green Weekend Deals,963356.01,345,2792.34,503.85,4988.93
Groceries,Loyal Customer,Happy Hour Discounts,961934.01,357,2694.49,545.37,4950.37
Groceries,Loyal Customer,Holiday Shopping Rush,833413.71,305,2732.50,536.37,4980.40
Groceries,Loyal Customer,Hot Picks Promo,988258.58,347,2848.01,561.36,4999.96
Groceries,Loyal Customer,Instant Gratification Sale,941681.37,345,2729.51,501.41,4994.91
Groceries,Loyal Customer,Limited Time Treasures,927938.86,344,2697.50,500.84,4999.73
Groceries,Loyal Customer,Loyalty Rewards Blast,933986.55,334,2796.37,581.55,4993.48
Groceries,Loyal Customer,Mega Weekend Bonanza,901403.43,319,2825.72,527.14,4996.49
Groceries,Loyal Customer,Mid-Year Madness,974472.79,330,2952.95,500.32,4978.60
Groceries,Loyal Customer,Midnight Madness,867331.73,329,2636.27,539.70,4997.31
Groceries,Loyal Customer,Mystery Discount Days,919611.92,328,2803.69,511.48,4971.53
Groceries,Loyal Customer,New Arrival Showcase,987079.70,352,2804.20,502.27,4993.53
Groceries,Loyal Customer,New Product Launch Promo,871281.96,315,2765.97,507.93,4988.26
Groceries,Loyal Customer,New Year Kickoff,945384.43,338,2797.00,517.20,4976.96
Groceries,Loyal Customer,Price Drop Parade,904180.76,330,2739.94,501.52,4999.50
Groceries,Loyal Customer,Red Tag Clearance,933531.24,328,2846.13,505.74,4990.77
Groceries,Loyal Customer,Seasonal Surprise Box,865645.53,311,2783.43,519.49,4992.02
Groceries,Loyal Customer,Shop & Save Spectacular,793271.17,280,2833.11,515.86,4986.30
Groceries,Loyal Customer,Smart Shopper Week,937176.36,335,2797.54,511.85,4999.40
Groceries,Loyal Customer,Spring Refresh Event,976163.89,340,2871.07,527.87,4995.73
Groceries,Loyal Customer,Spring Splash Discounts,939758.10,325,2891.56,506.84,4992.00
Groceries,Loyal Customer,Summer Sizzle Promo,826244.79,317,2606.45,504.24,4988.04
Groceries,Loyal Customer,Super Savings Week,842690.67,308,2736.01,524.88,4998.75
Groceries,Loyal Customer,Ultimate Value Event,886794.19,308,2879.20,506.59,4987.11
Groceries,Loyal Customer,VIP Access Sale,997609.88,361,2763.46,508.66,4999.89
Groceries,Loyal Customer,Weekend Warrior Specials,931817.51,341,2732.60,504.05,4999.20
Groceries,Loyal Customer,Winter Clearance Carnival,917828.51,340,2699.50,519.60,4995.79
Groceries,Loyal Customer,Winter Wonders Sale,857315.83,324,2646.04,515.32,4945.36
Groceries,Occasional Shopper,12 Days of Deals,915967.68,319,2871.37,508.94,4974.60
Groceries,Occasional Shopper,Autumn Deals Drive,965627.65,346,2790.83,504.45,4999.80
Groceries,Occasional Shopper,BOGO Blitz,904371.42,324,2791.27,534.58,4995.36
Groceries,Occasional Shopper,Back to School Boost,856747.33,318,2694.17,500.43,4996.41
Groceries,Occasional Shopper,Birthday Bash Sale,929640.75,350,2656.12,505.10,4960.94
Groceries,Occasional Shopper,Black Friday Blowout,977012.85,365,2676.75,502.74,4998.22
Groceries,Occasional Shopper,Cart Crasher Campaign,960285.63,351,2735.86,503.17,4992.71
Groceries,Occasional Shopper,Cashback Carnival,840844.58,335,2509.98,504.64,4985.27
Groceries,Occasional Shopper,Clearance Countdown,885812.13,314,2821.06,512.75,4992.48
Groceries,Occasional Shopper,Countdown to Savings,884720.11,326,2713.87,500.91,4945.56
Groceries,Occasional Shopper,Customer Appreciation Week,874212.81,323,2706.54,514.02,4997.51
Groceries,Occasional Shopper,Cyber Monday Mania,874749.05,321,2725.07,510.36,4996.97
Groceries,Occasional Shopper,Deal of the Month,901912.17,327,2758.14,503.06,4981.81
Groceries,Occasional Shopper,Double Points Bonanza,861259.37,323,2666.44,519.02,4951.43
Groceries,Occasional Shopper,Early Bird Specials,945146.70,344,2747.52,512.96,4990.05
Groceries,Occasional Shopper,End of Season Sale,925551.52,335,2762.84,512.76,4992.97
Groceries,Occasional Shopper,Exclusive Insider Offers,954273.43,361,2643.42,504.77,4968.20
Groceries,Occasional Shopper,Festive Fever Promo,874081.65,325,2689.48,514.40,4995.96
Groceries,Occasional Shopper,Final Call Frenzy,908743.71,348,2611.33,509.45,4995.49
Groceries,Occasional Shopper,Flash Frenzy Friday,859226.62,308,2789.70,504.91,4996.77
Groceries,Occasional Shopper,"Gift More, Spend Less",920224.68,336,2738.76,504.23,4991.67
Groceries,Occasional Shopper,Golden Hour Bargains,936567.17,341,2746.53,518.50,4999.21
Groceries,Occasional Shopper,Green Weekend Deals,956418.85,344,2780.29,543.56,4974.54
Groceries,Occasional Shopper,Happy Hour Discounts,903607.83,327,2763.33,545.31,4995.35
Groceries,Occasional Shopper,Holiday Shopping Rush,841473.28,319,2637.85,521.62,4999.06
Groceries,Occasional Shopper,Hot Picks Promo,872502.19,314,2778.67,502.08,4979.15
Groceries,Occasional Shopper,Instant Gratification Sale,932864.15,341,2735.67,507.03,4984.46
Groceries,Occasional Shopper,Limited Time Treasures,843402.55,307,2747.24,563.35,4986.24
Groceries,Occasional Shopper,Loyalty Rewards Blast,926333.79,340,2724.51,518.57,4976.10
Groceries,Occasional Shopper,Mega Weekend Bonanza,907420.65,315,2880.70,517.93,4954.90
Groceries,Occasional Shopper,Mid-Year Madness,1059392.60,381,2780.56,517.53,4972.66
Groceries,Occasional Shopper,Midnight Madness,955342.82,344,2777.16,505.05,4990.89
Groceries,Occasional Shopper,Mystery Discount Days,837846.77,317,2643.05,508.73,4982.99
Groceries,Occasional Shopper,New Arrival Showcase,865756.84,320,2705.49,544.01,4991.74
Groceries,Occasional Shopper,New Product Launch Promo,893594.10,331,2699.68,512.57,4998.84
Groceries,Occasional Shopper,New Year Kickoff,971450.52,353,2751.98,526.01,4996.56
Groceries,Occasional Shopper,Price Drop Parade,920856.60,330,2790.47,509.15,4993.49
Groceries,Occasional Shopper,Red Tag Clearance,1003469.54,344,2917.06,544.14,4993.78
Groceries,Occasional Shopper,Seasonal Surprise Box,877758.42,319,2751.59,500.56,4981.47
Groceries,Occasional Shopper,Shop & Save Spectacular,943959.64,321,2940.68,523.57,4953.52
Groceries,Occasional Shopper,Smart Shopper Week,929192.37,338,2749.09,517.94,4990.50
Groceries,Occasional Shopper,Spring Refresh Event,935921.41,331,2827.56,520.77,4991.30
Groceries,Occasional Shopper,Spring Splash Discounts,901233.73,336,2682.24,515.16,4977.56
Groceries,Occasional Shopper,Summer Sizzle Promo,916538.86,338,2711.65,503.74,4952.92
Groceries,Occasional Shopper,Super Savings Week,892934.06,321,2781.73,501.97,4996.91
Groceries,Occasional Shopper,Ultimate Value Event,899119.81,339,2652.27,511.06,4997.53
Groceries,Occasional Shopper,VIP Access Sale,888932.52,331,2685.60,528.77,4985.82
Groceries,Occasional Shopper,Weekend Warrior Specials,909496.72,341,2667.15,522.78,4960.09
Groceries,Occasional Shopper,Winter Clearance Carnival,951142.50,348,2733.17,503.43,4988.90
Groceries,Occasional Shopper,Winter Wonders Sale,838523.63,297,2823.31,558.48,4970.09
Groceries,Online Shopper,12 Days of Deals,854749.17,318,2687.89,508.70,4946.35
Groceries,Online Shopper,Autumn Deals Drive,1071683.89,383,2798.13,518.91,4983.23
Groceries,Online Shopper,BOGO Blitz,1012922.18,357,2837.32,509.11,4982.36
Groceries,Online Shopper,Back to School Boost,938031.82,339,2767.06,517.84,4999.06
Groceries,Online Shopper,Birthday Bash Sale,937229.43,334,2806.08,504.67,4969.22
Groceries,Online Shopper,Black Friday Blowout,921807.65,328,2810.39,509.93,4997.53
Groceries,Online Shopper,Cart Crasher Campaign,965404.29,339,2847.80,514.16,4999.82
Groceries,Online Shopper,Cashback Carnival,851247.45,325,2619.22,525.08,4982.83
Groceries,Online Shopper,Clearance Countdown,940247.94,332,2832.07,520.41,4990.25
Groceries,Online Shopper,Countdown to Savings,1002727.23,367,2732.23,500.65,4993.28
Groceries,Online Shopper,Customer Appreciation Week,880833.17,321,2744.03,502.24,4997.84
Groceries,Online Shopper,Cyber Monday Mania,864674.54,311,2780.30,530.81,4984.13
Groceries,Online Shopper,Deal of the Month,834533.33,314,2657.75,525.48,4986.94
Groceries,Online Shopper,Double Points Bonanza,881305.71,336,2622.93,519.92,4974.96
Groceries,Online Shopper,Early Bird Specials,883509.94,330,2677.30,501.54,4936.57
Groceries,Online Shopper,End of Season Sale,818819.65,306,2675.88,505.76,4996.71
Groceries,Online Shopper,Exclusive Insider Offers,811575.66,298,2723.41,518.25,4989.15
Groceries,Online Shopper,Festive Fever Promo,823446.86,306,2691.00,505.30,4979.05
Groceries,Online Shopper,Final Call Frenzy,1025013.17,362,2831.53,504.53,4953.05
Groceries,Online Shopper,Flash Frenzy Friday,872589.78,319,2735.39,517.20,4996.14
Groceries,Online Shopper,"Gift More, Spend Less",1030958.32,377,2734.64,514.39,4984.47
Groceries,Online Shopper,Golden Hour Bargains,875559.03,329,2661.27,518.40,4997.02
Groceries,Online Shopper,Green Weekend Deals,879904.94,309,2847.59,500.74,4977.70
Groceries,Online Shopper,Happy Hour Discounts,888997.00,326,2726.98,513.67,4958.84
Groceries,Online Shopper,Holiday Shopping Rush,798212.01,291,2743.00,505.64,4998.79
Groceries,Online Shopper,Hot Picks Promo,945688.88,352,2686.62,501.36,4995.24
Groceries,Online Shopper,Instant Gratification Sale,966710.79,353,2738.56,503.33,4988.78
Groceries,Online Shopper,Limited Time Treasures,908959.90,342,2657.78,532.09,4994.82
Groceries,Online Shopper,Loyalty Rewards Blast,921936.99,327,2819.38,501.89,4986.34
Groceries,Online Shopper,Mega Weekend Bonanza,805781.59,296,2722.24,507.64,4977.25
Groceries,Online Shopper,Mid-Year Madness,854764.20,304,2811.72,503.67,4982.61
Groceries,Online Shopper,Midnight Madness,859210.44,312,2753.88,506.04,4991.77
Groceries,Online Shopper,Mystery Discount Days,916532.13,326,2811.45,501.42,4982.97
Groceries,Online Shopper,New Arrival Showcase,948230.58,342,2772.60,502.57,4996.06
Groceries,Online Shopper,New Product Launch Promo,929594.52,339,2742.17,506.06,4977.31
Groceries,Online Shopper,New Year Kickoff,853279.11,322,2649.94,500.12,4903.25
Groceries,Online Shopper,Price Drop Parade,879078.77,308,2854.15,516.53,4999.83
Groceries,Online Shopper,Red Tag Clearance,905835.19,337,2687.94,509.75,4972.25
Groceries,Online Shopper,Seasonal Surprise Box,950030.60,347,2737.84,502.74,4991.25
Groceries,Online Shopper,Shop & Save Spectacular,936896.70,332,2821.98,510.47,4991.95
Groceries,Online Shopper,Smart Shopper Week,974658.98,352,2768.92,530.02,4996.20
Groceries,Online Shopper,Spring Refresh Event,983014.29,347,2832.89,517.46,4995.87
Groceries,Online Shopper,Spring Splash Discounts,968696.24,340,2849.11,515.99,4980.26
Groceries,Online Shopper,Summer Sizzle Promo,1043683.84,373,2798.08,501.06,4999.26
Groceries,Online Shopper,Super Savings Week,878666.32,323,2720.33,505.59,4989.05
Groceries,Online Shopper,Ultimate Value Event,1048996.92,371,2827.48,511.38,4995.88
Groceries,Online Shopper,VIP Access Sale,880499.38,325,2709.23,510.75,4956.38
Groceries,Online Shopper,Weekend Warrior Specials,927015.96,335,2767.21,500.62,4994.22
Groceries,Online Shopper,Winter Clearance Carnival,992490.84,354,2803.65,516.06,4997.93
Groceries,Online Shopper,Winter Wonders Sale,874507.81,323,2707.45,505.12,4983.25
Groceries,Premium Shopper,12 Days of Deals,940681.01,327,2876.70,502.43,4983.90
Groceries,Premium Shopper,Autumn Deals Drive,890450.68,332,2682.08,502.75,4989.58
Groceries,Premium Shopper,BOGO Blitz,843254.57,311,2711.43,500.98,4983.88
Groceries,Premium Shopper,Back to School Boost,903283.99,328,2753.91,513.48,4993.04
Groceries,Premium Shopper,Birthday Bash Sale,913022.97,339,2693.28,503.77,4978.76
Groceries,Premium Shopper,Black Friday Blowout,847079.19,309,2741.36,507.06,4999.51
Groceries,Premium Shopper,Cart Crasher Campaign,831770.18,312,2665.93,504.65,4988.06
Groceries,Premium Shopper,Cashback Carnival,935154.10,344,2718.47,533.43,4983.45
Groceries,Premium Shopper,Clearance Countdown,888153.28,327,2716.07,524.37,4986.78
Groceries,Premium Shopper,Countdown to Savings,888956.10,330,2693.81,514.93,4993.99
Groceries,Premium Shopper,Customer Appreciation Week,881547.44,317,2780.91,501.25,4989.63
Groceries,Premium Shopper,Cyber Monday Mania,861949.53,323,2668.57,508.82,4976.05
Groceries,Premium Shopper,Deal of the Month,943560.21,334,2825.03,507.49,4992.09
Groceries,Premium Shopper,Double Points Bonanza,917792.46,336,2731.53,524.11,4966.22
Groceries,Premium Shopper,Early Bird Specials,830309.64,300,2767.70,541.20,4977.90
Groceries,Premium Shopper,End of Season Sale,938358.86,348,2696.43,516.37,4996.20
Groceries,Premium Shopper,Exclusive Insider Offers,849029.29,313,2712.55,521.24,4999.35
Groceries,Premium Shopper,Festive Fever Promo,989752.64,358,2764.67,520.44,4977.76
Groceries,Premium Shopper,Final Call Frenzy,868193.11,320,2713.10,508.87,4975.97
Groceries,Premium Shopper,Flash Frenzy Friday,865969.07,322,2689.34,500.97,4985.90
Groceries,Premium Shopper,"Gift More, Spend Less",880442.40,326,2700.74,524.93,4990.81
Groceries,Premium Shopper,Golden Hour Bargains,1018077.50,366,2781.63,504.10,4984.09
Groceries,Premium Shopper,Green Weekend Deals,965874.65,365,2646.23,503.00,4994.70
Groceries,Premium Shopper,Happy Hour Discounts,942315.47,340,2771.52,516.76,4998.94
Groceries,Premium Shopper,Holiday Shopping Rush,991396.69,358,2769.26,501.56,4998.79
Groceries,Premium Shopper,Hot Picks Promo,913943.99,342,2672.35,500.73,4998.48
Groceries,Premium Shopper,Instant Gratification Sale,894462.17,323,2769.23,566.88,4994.62
Groceries,Premium Shopper,Limited Time Treasures,866878.62,303,2860.99,510.52,4987.05
Groceries,Premium Shopper,Loyalty Rewards Blast,933102.19,334,2793.72,507.01,4995.71
Groceries,Premium Shopper,Mega Weekend Bonanza,905318.25,325,2785.59,527.53,4996.99
Groceries,Premium Shopper,Mid-Year Madness,951998.49,344,2767.44,505.58,4995.65
Groceries,Premium Shopper,Midnight Madness,890108.95,329,2705.50,505.45,4997.76
Groceries,Premium Shopper,Mystery Discount Days,895184.31,330,2712.68,527.14,4964.83
Groceries,Premium Shopper,New Arrival Showcase,922328.47,322,2864.37,511.64,4999.86
Groceries,Premium Shopper,New Product Launch Promo,910740.42,328,2776.65,506.42,4996.19
Groceries,Premium Shopper,New Year Kickoff,930258.49,330,2818.97,536.62,4974.44
Groceries,Premium Shopper,Price Drop Parade,915176.54,333,2748.28,521.86,4996.09
Groceries,Premium Shopper,Red Tag Clearance,869208.58,320,2716.28,506.29,4992.34
Groceries,Premium Shopper,Seasonal Surprise Box,921510.38,342,2694.47,509.29,4976.89
Groceries,Premium Shopper,Shop & Save Spectacular,887481.12,321,2764.74,501.53,4990.45
Groceries,Premium Shopper,Smart Shopper Week,890269.39,320,2782.09,508.76,4931.51
Groceries,Premium Shopper,Spring Refresh Event,899419.61,315,2855.30,513.24,4972.47
Groceries,Premium Shopper,Spring Splash Discounts,887867.93,327,2715.19,543.07,4985.59
Groceries,Premium Shopper,Summer Sizzle Promo,818374.24,307,2665.71,523.97,4986.64
Groceries,Premium Shopper,Super Savings Week,895353.33,321,2789.26,507.93,4995.70
Groceries,Premium Shopper,Ultimate Value Event,834691.74,323,2584.18,518.06,4997.75
Groceries,Premium Shopper,VIP Access Sale,973257.56,343,2837.49,500.31,4982.39
Groceries,Premium Shopper,Weekend Warrior Specials,837608.48,315,2659.07,524.12,4936.91
Groceries,Premium Shopper,Winter Clearance Carnival,936602.03,342,2738.60,521.00,4996.69
Groceries,Premium Shopper,Winter Wonders Sale,863714.45,327,2641.33,509.00,4984.95
Home Appliances,Budget Shopper,12 Days of Deals,819604.64,309,2652.44,524.29,4991.58
Home Appliances,Budget Shopper,Autumn Deals Drive,885341.77,326,2715.77,506.50,4993.37
Home Appliances,Budget Shopper,BOGO Blitz,921317.44,345,2670.49,519.41,4982.65
Home Appliances,Budget Shopper,Back to School Boost,925635.30,342,2706.54,516.87,4995.75
Home Appliances,Budget Shopper,Birthday Bash Sale,939589.57,346,2715.58,544.66,4999.93
Home Appliances,Budget Shopper,Black Friday Blowout,843112.37,312,2702.28,500.99,4939.15
Home Appliances,Budget Shopper,Cart Crasher Campaign,848834.01,319,2660.92,505.92,4979.99
Home Appliances,Budget Shopper,Cashback Carnival,954003.52,348,2741.39,505.90,4999.12
Home Appliances,Budget Shopper,Clearance Countdown,907068.51,335,2707.67,510.91,4955.33
Home Appliances,Budget Shopper,Countdown to Savings,877109.98,324,2707.13,504.79,4985.35
Home Appliances,Budget Shopper,Customer Appreciation Week,924687.87,333,2776.84,528.70,4999.25
Home Appliances,Budget Shopper,Cyber Monday Mania,946190.14,341,2774.75,502.91,4988.75
Home Appliances,Budget Shopper,Deal of the Month,831694.95,307,2709.10,549.48,4997.58
Home Appliances,Budget Shopper,Double Points Bonanza,878183.73,321,2735.77,503.85,4998.07
Home Appliances,Budget Shopper,Early Bird Specials,884454.20,323,2738.25,509.77,4974.01
Home Appliances,Budget Shopper,End of Season Sale,868792.14,305,2848.50,512.52,4999.78
Home Appliances,Budget Shopper,Exclusive Insider Offers,906998.01,333,2723.72,513.19,4999.90
Home Appliances,Budget Shopper,Festive Fever Promo,878809.71,335,2623.31,500.98,4996.31
Home Appliances,Budget Shopper,Final Call Frenzy,884065.89,319,2771.37,507.00,4997.52
Home Appliances,Budget Shopper,Flash Frenzy Friday,910008.77,315,2888.92,526.39,4987.57
Home Appliances,Budget Shopper,"Gift More, Spend Less",784407.97,295,2659.01,523.41,4999.74
Home Appliances,Budget Shopper,Golden Hour Bargains,826641.21,312,2649.49,500.71,4967.47
Home Appliances,Budget Shopper,Green Weekend Deals,986311.16,354,2786.19,504.78,4996.73
Home Appliances,Budget Shopper,Happy Hour Discounts,1010882.40,368,2746.96,500.78,4998.71
Home Appliances,Budget Shopper,Holiday Shopping Rush,989842.66,347,2852.57,511.58,4994.25
Home Appliances,Budget Shopper,Hot Picks Promo,955140.39,347,2752.57,502.00,4997.89
Home Appliances,Budget Shopper,Instant Gratification Sale,843646.12,313,2695.36,501.38,4983.99
Home Appliances,Budget Shopper,Limited Time Treasures,935160.21,347,2694.99,510.26,4962.87
Home Appliances,Budget Shopper,Loyalty Rewards Blast,932611.86,333,2800.64,523.08,4998.98
Home Appliances,Budget Shopper,Mega Weekend Bonanza,926523.92,333,2782.35,511.53,4969.31
Home Appliances,Budget Shopper,Mid-Year Madness,937373.71,349,2685.88,558.90,4993.34
Home Appliances,Budget Shopper,Midnight Madness,911283.94,328,2778.30,500.72,4995.31
Home Appliances,Budget Shopper,Mystery Discount Days,979334.28,349,2806.12,503.19,4999.42
Home Appliances,Budget Shopper,New Arrival Showcase,890030.01,333,2672.76,506.53,4993.31
Home Appliances,Budget Shopper,New Product Launch Promo,900058.79,323,2786.56,518.50,4991.97
Home Appliances,Budget Shopper,New Year Kickoff,892857.06,327,2730.45,500.10,4995.20
Home Appliances,Budget Shopper,Price Drop Parade,844953.80,309,2734.48,530.95,4992.73
Home Appliances,Budget Shopper,Red Tag Clearance,781763.09,286,2733.44,514.93,4945.69
Home Appliances,Budget Shopper,Seasonal Surprise Box,960697.97,336,2859.22,520.96,4997.98
Home Appliances,Budget Shopper,Shop & Save Spectacular,826087.12,305,2708.48,546.35,4991.10
Home Appliances,Budget Shopper,Smart Shopper Week,860094.51,314,2739.15,510.10,4999.66
Home Appliances,Budget Shopper,Spring Refresh Event,1006687.10,364,2765.62,512.12,4981.60
Home Appliances,Budget Shopper,Spring Splash Discounts,975497.01,348,2803.15,504.57,4999.80
Home Appliances,Budget Shopper,Summer Sizzle Promo,970109.13,334,2904.52,500.92,4996.11
Home Appliances,Budget Shopper,Super Savings Week,1004184.19,363,2766.35,544.74,4985.76
Home Appliances,Budget Shopper,Ultimate Value Event,978655.26,364,2688.61,513.46,4998.56
Home Appliances,Budget Shopper,VIP Access Sale,929244.11,345,2693.46,500.61,4990.03
Home Appliances,Budget Shopper,Weekend Warrior Specials,981262.41,347,2827.85,504.80,4957.99
Home Appliances,Budget Shopper,Winter Clearance Carnival,928503.94,325,2856.94,529.23,4998.49
Home Appliances,Budget Shopper,Winter Wonders Sale,873876.55,324,2697.15,514.31,4977.07
Home Appliances,Churn Risk,12 Days of Deals,849835.74,313,2715.13,504.11,4989.39
Home Appliances,Churn Risk,Autumn Deals Drive,908578.85,327,2778.53,501.18,4985.49
Home Appliances,Churn Risk,BOGO Blitz,940850.45,328,2868.45,509.26,4992.34
Home Appliances,Churn Risk,Back to School Boost,974595.37,360,2707.21,506.54,4995.60
Home Appliances,Churn Risk,Birthday Bash Sale,963176.20,338,2849.63,517.04,4985.02
Home Appliances,Churn Risk,Black Friday Blowout,891238.08,340,2621.29,503.82,4949.76
Home Appliances,Churn Risk,Cart Crasher Campaign,892127.32,318,2805.43,567.05,4998.46
Home Appliances,Churn Risk,Cashback Carnival,815739.28,293,2784.09,502.35,4986.49
Home Appliances,Churn Risk,Clearance Countdown,903698.25,318,2841.82,568.00,4995.95
Home Appliances,Churn Risk,Countdown to Savings,921171.25,331,2782.99,500.39,4977.91
Home Appliances,Churn Risk,Customer Appreciation Week,918366.88,336,2733.23,502.07,4997.60
Home Appliances,Churn Risk,Cyber Monday Mania,856395.35,306,2798.68,516.56,4970.95
Home Appliances,Churn Risk,Deal of the Month,935788.93,335,2793.40,503.83,4999.41
Home Appliances,Churn Risk,Double Points Bonanza,894304.77,322,2777.34,524.67,4947.45
Home Appliances,Churn Risk,Early Bird Specials,876961.03,322,2723.48,534.14,4995.35
Home Appliances,Churn Risk,End of Season Sale,986737.96,359,2748.57,502.25,4968.71
Home Appliances,Churn Risk,Exclusive Insider Offers,926674.21,325,2851.31,511.95,4999.29
Home Appliances,Churn Risk,Festive Fever Promo,856327.47,317,2701.35,500.36,4982.26
Home Appliances,Churn Risk,Final Call Frenzy,884636.80,315,2808.37,511.25,4989.15
Home Appliances,Churn Risk,Flash Frenzy Friday,947172.48,345,2745.43,522.32,4995.77
Home Appliances,Churn Risk,"Gift More, Spend Less",971840.14,352,2760.91,506.35,4988.75
Home Appliances,Churn Risk,Golden Hour Bargains,903719.84,323,2797.89,508.13,4992.88
Home Appliances,Churn Risk,Green Weekend Deals,924899.70,337,2744.51,517.77,4995.08
Home Appliances,Churn Risk,Happy Hour Discounts,945714.23,331,2857.14,505.53,4970.46
Home Appliances,Churn Risk,Holiday Shopping Rush,987045.80,361,2734.20,512.78,4968.05
Home Appliances,Churn Risk,Hot Picks Promo,1035244.18,355,2916.18,525.07,4976.29
Home Appliances,Churn Risk,Instant Gratification Sale,872275.30,320,2725.86,521.93,4997.94
Home Appliances,Churn Risk,Limited Time Treasures,966363.72,348,2776.91,513.33,4994.16
Home Appliances,Churn Risk,Loyalty Rewards Blast,920091.11,332,2771.36,501.61,4991.63
Home Appliances,Churn Risk,Mega Weekend Bonanza,835876.82,315,2653.58,526.21,4979.67
Home Appliances,Churn Risk,Mid-Year Madness,876224.82,313,2799.44,516.51,4997.94
Home Appliances,Churn Risk,Midnight Madness,1005231.14,366,2746.53,502.75,4969.72
Home Appliances,Churn Risk,Mystery Discount Days,873280.34,331,2638.31,504.42,4993.56
Home Appliances,Churn Risk,New Arrival Showcase,968353.88,358,2704.90,505.86,4992.15
Home Appliances,Churn Risk,New Product Launch Promo,891079.71,328,2716.71,502.45,4977.38
Home Appliances,Churn Risk,New Year Kickoff,865463.75,322,2687.78,520.40,4971.89
Home Appliances,Churn Risk,Price Drop Parade,874393.66,327,2673.99,523.53,4971.13
Home Appliances,Churn Risk,Red Tag Clearance,884911.11,330,2681.55,520.89,4976.95
Home Appliances,Churn Risk,Seasonal Surprise Box,907386.66,331,2741.35,505.59,4998.82
Home Appliances,Churn Risk,Shop & Save Spectacular,951543.29,332,2866.09,500.21,4972.29
Home Appliances,Churn Risk,Smart Shopper Week,929169.34,335,2773.64,509.77,4995.40
Home Appliances,Churn Risk,Spring Refresh Event,829754.23,300,2765.85,505.17,4979.37
Home Appliances,Churn Risk,Spring Splash Discounts,972480.45,357,2724.03,510.15,4981.11
Home Appliances,Churn Risk,Summer Sizzle Promo,913634.45,336,2719.15,500.57,4994.72
Home Appliances,Churn Risk,Super Savings Week,957025.25,349,2742.19,508.47,4987.77
Home Appliances,Churn Risk,Ultimate Value Event,894243.73,327,2734.69,535.07,4993.52
Home Appliances,Churn Risk,VIP Access Sale,900006.04,323,2786.40,502.11,4999.15
Home Appliances,Churn Risk,Weekend Warrior Specials,947793.74,329,2880.83,507.28,4990.53
Home Appliances,Churn Risk,Winter Clearance Carnival,898177.12,314,2860.44,503.94,4980.40
Home Appliances,Churn Risk,Winter Wonders Sale,910385.03,339,2685.50,513.89,4978.08
Home Appliances,Deal Seeker,12 Days of Deals,1058722.96,389,2721.65,509.29,4995.00
Home Appliances,Deal Seeker,Autumn Deals Drive,891551.46,358,2490.37,533.94,4995.61
Home Appliances,Deal Seeker,BOGO Blitz,932154.60,334,2790.88,502.46,4998.46
Home Appliances,Deal Seeker,Back to School Boost,968409.87,343,2823.35,523.66,4997.76
Home Appliances,Deal Seeker,Birthday Bash Sale,887080.96,342,2593.80,511.78,4996.94
Home Appliances,Deal Seeker,Black Friday Blowout,920168.41,329,2796.86,509.61,4991.37
Home Appliances,Deal Seeker,Cart Crasher Campaign,934034.56,334,2796.51,555.52,4993.56
Home Appliances,Deal Seeker,Cashback Carnival,947698.54,356,2662.07,512.65,4963.83
Home Appliances,Deal Seeker,Clearance Countdown,876462.98,325,2696.81,501.45,4965.91
Home Appliances,Deal Seeker,Countdown to Savings,978501.01,358,2733.24,502.22,4999.30
Home Appliances,Deal Seeker,Customer Appreciation Week,938581.32,337,2785.11,531.77,4991.05
Home Appliances,Deal Seeker,Cyber Monday Mania,981564.97,360,2726.57,520.04,4998.54
Home Appliances,Deal Seeker,Deal of the Month,941896.23,348,2706.60,501.29,4996.86
Home Appliances,Deal Seeker,Double Points Bonanza,1003989.00,357,2812.29,505.53,4996.88
Home Appliances,Deal Seeker,Early Bird Specials,909548.46,332,2739.60,500.92,4994.26
Home Appliances,Deal Seeker,End of Season Sale,1021481.07,358,2853.30,515.27,4988.61
Home Appliances,Deal Seeker,Exclusive Insider Offers,871878.33,314,2776.68,556.90,4996.02
Home Appliances,Deal Seeker,Festive Fever Promo,894309.30,337,2653.74,522.46,4992.11
Home Appliances,Deal Seeker,Final Call Frenzy,897671.37,323,2779.17,513.41,4998.16
Home Appliances,Deal Seeker,Flash Frenzy Friday,871751.41,318,2741.36,500.13,4997.83
Home Appliances,Deal Seeker,"Gift More, Spend Less",918706.02,341,2694.15,503.14,4980.99
Home Appliances,Deal Seeker,Golden Hour Bargains,930474.28,328,2836.81,505.82,4967.34
Home Appliances,Deal Seeker,Green Weekend Deals,916766.73,347,2641.98,502.66,4998.83
Home Appliances,Deal Seeker,Happy Hour Discounts,927304.36,341,2719.37,517.21,4966.70
Home Appliances,Deal Seeker,Holiday Shopping Rush,962126.47,350,2748.93,501.35,4996.07
Home Appliances,Deal Seeker,Hot Picks Promo,992958.43,361,2750.58,500.05,4990.18
Home Appliances,Deal Seeker,Instant Gratification Sale,941812.77,338,2786.43,501.53,4999.38
Home Appliances,Deal Seeker,Limited Time Treasures,848551.91,317,2676.82,500.36,4980.08
Home Appliances,Deal Seeker,Loyalty Rewards Blast,862949.71,330,2615.00,502.39,4998.50
Home Appliances,Deal Seeker,Mega Weekend Bonanza,953511.50,348,2739.98,503.23,4987.17
Home Appliances,Deal Seeker,Mid-Year Madness,875694.25,318,2753.76,506.60,4996.90
Home Appliances,Deal Seeker,Midnight Madness,871120.50,315,2765.46,534.40,4994.87
Home Appliances,Deal Seeker,Mystery Discount Days,878894.77,327,2687.75,517.91,4970.20
Home Appliances,Deal Seeker,New Arrival Showcase,986279.32,358,2754.97,515.54,4996.75
Home Appliances,Deal Seeker,New Product Launch Promo,873461.89,323,2704.22,500.80,4962.41
Home Appliances,Deal Seeker,New Year Kickoff,859472.51,328,2620.34,502.92,4998.67
Home Appliances,Deal Seeker,Price Drop Parade,1014672.94,368,2757.26,510.58,4988.21
Home Appliances,Deal Seeker,Red Tag Clearance,909537.54,324,2807.21,500.88,4998.91
Home Appliances,Deal Seeker,Seasonal Surprise Box,905086.44,327,2767.85,501.18,4998.61
Home Appliances,Deal Seeker,Shop & Save Spectacular,957140.53,351,2726.90,528.40,4986.00
Home Appliances,Deal Seeker,Smart Shopper Week,943766.64,333,2834.13,533.98,4996.84
Home Appliances,Deal Seeker,Spring Refresh Event,902105.19,332,2717.18,517.87,4982.97
Home Appliances,Deal Seeker,Spring Splash Discounts,871519.07,319,2732.03,503.39,4996.52
Home Appliances,Deal Seeker,Summer Sizzle Promo,799225.42,309,2586.49,502.08,4980.77
Home Appliances,Deal Seeker,Super Savings Week,907811.83,326,2784.70,506.61,4993.31
Home Appliances,Deal Seeker,Ultimate Value Event,986069.49,346,2849.91,526.43,4999.84
Home Appliances,Deal Seeker,VIP Access Sale,881552.76,322,2737.74,502.77,4996.47
Home Appliances,Deal Seeker,Weekend Warrior Specials,928754.87,339,2739.69,522.66,4998.33
Home Appliances,Deal Seeker,Winter Clearance Carnival,950826.45,343,2772.09,509.36,4993.14
Home Appliances,Deal Seeker,Winter Wonders Sale,938752.70,328,2862.05,505.48,4997.89
Home Appliances,First-time Buyer,12 Days of Deals,852548.33,316,2697.94,528.29,4997.95
Home Appliances,First-time Buyer,Autumn Deals Drive,863162.23,319,2705.84,523.11,4960.92
Home Appliances,First-time Buyer,BOGO Blitz,871069.41,317,2747.85,509.99,4983.38
Home Appliances,First-time Buyer,Back to School Boost,846953.98,304,2786.03,508.32,4990.79
Home Appliances,First-time Buyer,Birthday Bash Sale,887341.58,328,2705.31,503.99,4994.42
Home Appliances,First-time Buyer,Black Friday Blowout,878621.43,322,2728.64,506.58,4971.61
Home Appliances,First-time Buyer,Cart Crasher Campaign,923894.19,333,2774.46,507.03,4989.31
Home Appliances,First-time Buyer,Cashback Carnival,920898.36,332,2773.79,500.98,4981.14
Home Appliances,First-time Buyer,Clearance Countdown,879880.15,319,2758.24,516.99,4989.53
Home Appliances,First-time Buyer,Countdown to Savings,898297.92,332,2705.72,508.15,4996.58
Home Appliances,First-time Buyer,Customer Appreciation Week,812112.66,300,2707.04,511.28,4971.26
Home Appliances,First-time Buyer,Cyber Monday Mania,970366.46,357,2718.11,503.20,4973.60
Home Appliances,First-time Buyer,Deal of the Month,880596.99,322,2734.77,502.14,4996.40
Home Appliances,First-time Buyer,Double Points Bonanza,990583.48,357,2774.74,515.00,4986.75
Home Appliances,First-time Buyer,Early Bird Specials,870253.00,323,2694.28,523.11,4971.26
Home Appliances,First-time Buyer,End of Season Sale,1001062.45,361,2773.03,517.57,4965.51
Home Appliances,First-time Buyer,Exclusive Insider Offers,913318.60,329,2776.04,501.41,4996.89
Home Appliances,First-time Buyer,Festive Fever Promo,968184.94,344,2814.49,508.07,4997.98
Home Appliances,First-time Buyer,Final Call Frenzy,974265.11,351,2775.68,516.93,4999.75
Home Appliances,First-time Buyer,Flash Frenzy Friday,942543.91,344,2739.95,516.24,4994.80
Home Appliances,First-time Buyer,"Gift More, Spend Less",901268.13,322,2798.97,516.81,4985.90
Home Appliances,First-time Buyer,Golden Hour Bargains,904593.53,335,2700.28,520.83,4992.88
Home Appliances,First-time Buyer,Green Weekend Deals,970455.22,355,2733.68,512.34,4951.31
Home Appliances,First-time Buyer,Happy Hour Discounts,853230.15,317,2691.58,503.25,4994.66
Home Appliances,First-time Buyer,Holiday Shopping Rush,943419.88,350,2695.49,501.74,4997.27
Home Appliances,First-time Buyer,Hot Picks Promo,921223.90,346,2662.50,510.42,4983.59
Home Appliances,First-time Buyer,Instant Gratification Sale,929422.49,339,2741.66,519.83,4969.91
Home Appliances,First-time Buyer,Limited Time Treasures,975821.49,361,2703.11,503.95,4999.73
Home Appliances,First-time Buyer,Loyalty Rewards Blast,979575.39,361,2713.51,521.66,4994.70
Home Appliances,First-time Buyer,Mega Weekend Bonanza,909458.44,342,2659.24,520.37,4965.16
Home Appliances,First-time Buyer,Mid-Year Madness,904302.94,321,2817.14,507.69,4977.92
Home Appliances,First-time Buyer,Midnight Madness,818176.20,310,2639.28,523.48,4979.63
Home Appliances,First-time Buyer,Mystery Discount Days,890889.52,323,2758.17,500.15,4989.29
Home Appliances,First-time Buyer,New Arrival Showcase,859544.73,305,2818.18,524.04,4985.41
Home Appliances,First-time Buyer,New Product Launch Promo,951311.04,338,2814.53,504.10,4997.06
Home Appliances,First-time Buyer,New Year Kickoff,880457.27,307,2867.94,516.98,4953.26
Home Appliances,First-time Buyer,Price Drop Parade,955733.50,356,2684.64,504.91,4937.41
Home Appliances,First-time Buyer,Red Tag Clearance,884129.99,318,2780.28,526.33,4992.06
Home Appliances,First-time Buyer,Seasonal Surprise Box,892615.45,322,2772.10,513.81,4978.47
Home Appliances,First-time Buyer,Shop & Save Spectacular,726927.33,281,2586.93,518.47,4993.98
Home Appliances,First-time Buyer,Smart Shopper Week,960316.83,340,2824.46,514.81,4974.00
Home Appliances,First-time Buyer,Spring Refresh Event,924102.28,331,2791.85,512.46,4982.74
Home Appliances,First-time Buyer,Spring Splash Discounts,963915.02,343,2810.25,589.74,4995.52
Home Appliances,First-time Buyer,Summer Sizzle Promo,995718.75,345,2886.14,510.10,4998.36
Home Appliances,First-time Buyer,Super Savings Week,868918.12,309,2812.03,500.00,4955.01
Home Appliances,First-time Buyer,Ultimate Value Event,886460.12,317,2796.40,513.70,4999.45
Home Appliances,First-time Buyer,VIP Access Sale,951579.53,341,2790.56,528.03,4921.27
Home Appliances,First-time Buyer,Weekend Warrior Specials,858136.33,317,2707.05,502.66,4995.14
Home Appliances,First-time Buyer,Winter Clearance Carnival,903261.67,323,2796.48,514.66,4996.10
Home Appliances,First-time Buyer,Winter Wonders Sale,876133.34,324,2704.12,541.79,4991.14
Home Appliances,High Value,12 Days of Deals,925773.53,336,2755.28,512.21,4999.73
Home Appliances,High Value,Autumn Deals Drive,905406.08,338,2678.72,525.49,4997.76
Home Appliances,High Value,BOGO Blitz,937208.29,347,2700.89,517.62,4997.47
Home Appliances,High Value,Back to School Boost,949389.23,351,2704.81,500.13,4983.81
Home Appliances,High Value,Birthday Bash Sale,815738.02,309,2639.93,503.66,4959.10
Home Appliances,High Value,Black Friday Blowout,925511.08,343,2698.28,511.75,4986.53
Home Appliances,High Value,Cart Crasher Campaign,847643.11,305,2779.16,531.87,4999.98
Home Appliances,High Value,Cashback Carnival,879636.78,325,2706.57,511.92,4991.33
Home Appliances,High Value,Clearance Countdown,939734.54,341,2755.82,513.39,4982.16
Home Appliances,High Value,Countdown to Savings,927705.76,344,2696.82,510.49,4985.58
Home Appliances,High Value,Customer Appreciation Week,936195.53,348,2690.22,514.21,4987.90
Home Appliances,High Value,Cyber Monday Mania,982337.71,355,2767.15,504.75,4994.48
Home Appliances,High Value,Deal of the Month,881930.69,316,2790.92,501.47,4984.95
Home Appliances,High Value,Double Points Bonanza,885891.55,329,2692.68,514.22,4996.08
Home Appliances,High Value,Early Bird Specials,993041.13,361,2750.81,506.07,4965.53
Home Appliances,High Value,End of Season Sale,1012062.64,360,2811.29,500.69,4990.44
Home Appliances,High Value,Exclusive Insider Offers,898140.24,319,2815.49,505.71,4988.90
Home Appliances,High Value,Festive Fever Promo,943401.04,344,2742.44,504.82,4993.32
Home Appliances,High Value,Final Call Frenzy,887557.22,340,2610.46,513.59,4959.29
Home Appliances,High Value,Flash Frenzy Friday,942238.62,350,2692.11,503.50,4998.72
Home Appliances,High Value,"Gift More, Spend Less",929618.75,351,2648.49,501.53,4988.95
Home Appliances,High Value,Golden Hour Bargains,861068.48,314,2742.26,538.84,4987.44
Home Appliances,High Value,Green Weekend Deals,819051.35,303,2703.14,500.21,4990.86
Home Appliances,High Value,Happy Hour Discounts,932330.64,327,2851.16,505.19,4992.52
Home Appliances,High Value,Holiday Shopping Rush,818469.28,299,2737.36,512.82,4996.83
Home Appliances,High Value,Hot Picks Promo,928661.29,343,2707.47,506.73,4978.11
Home Appliances,High Value,Instant Gratification Sale,988289.97,364,2715.08,509.24,4985.06
Home Appliances,High Value,Limited Time Treasures,915206.46,334,2740.14,512.94,4969.59
Home Appliances,High Value,Loyalty Rewards Blast,942871.26,356,2648.51,509.23,4962.23
Home Appliances,High Value,Mega Weekend Bonanza,926611.19,344,2693.64,551.41,4959.32
Home Appliances,High Value,Mid-Year Madness,926315.35,343,2700.63,500.33,4997.77
Home Appliances,High Value,Midnight Madness,845687.02,317,2667.78,502.76,4998.30
Home Appliances,High Value,Mystery Discount Days,873799.84,318,2747.80,515.93,4982.28
Home Appliances,High Value,New Arrival Showcase,898418.77,334,2689.88,504.80,4974.89
Home Appliances,High Value,New Product Launch Promo,904239.68,338,2675.27,515.90,4999.48
Home Appliances,High Value,New Year Kickoff,873437.05,330,2646.78,505.19,4994.13
Home Appliances,High Value,Price Drop Parade,946149.81,335,2824.33,515.20,4989.69
Home Appliances,High Value,Red Tag Clearance,840446.72,307,2737.61,507.44,4991.39
Home Appliances,High Value,Seasonal Surprise Box,955456.33,346,2761.43,515.41,4990.56
Home Appliances,High Value,Shop & Save Spectacular,911543.95,330,2762.25,506.56,4962.78
Home Appliances,High Value,Smart Shopper Week,966648.06,346,2793.78,502.77,4973.93
Home Appliances,High Value,Spring Refresh Event,864928.74,334,2589.61,508.04,4987.12
Home Appliances,High Value,Spring Splash Discounts,896060.52,332,2698.98,527.45,4991.07
Home Appliances,High Value,Summer Sizzle Promo,809845.40,305,2655.23,517.61,4971.71
Home Appliances,High Value,Super Savings Week,861756.16,326,2643.42,501.99,4973.71
Home Appliances,High Value,Ultimate Value Event,927893.33,339,2737.15,503.38,4999.91
Home Appliances,High Value,VIP Access Sale,905077.41,341,2654.19,503.14,4999.37
Home Appliances,High Value,Weekend Warrior Specials,958144.08,348,2753.29,507.56,4995.52
Home Appliances,High Value,Winter Clearance Carnival,1052784.49,372,2830.07,512.37,4998.56
Home Appliances,High Value,Winter Wonders Sale,927243.01,339,2735.23,505.46,4998.01
Home Appliances,In-Store Regular,12 Days of Deals,980907.27,356,2755.36,509.13,4967.84
Home Appliances,In-Store Regular,Autumn Deals Drive,915431.80,341,2684.55,509.50,4994.72
Home Appliances,In-Store Regular,BOGO Blitz,829854.92,299,2775.43,503.66,4997.96
Home Appliances,In-Store Regular,Back to School Boost,916313.18,325,2819.43,512.31,4975.40
Home Appliances,In-Store Regular,Birthday Bash Sale,933352.57,338,2761.40,509.48,4979.16
Home Appliances,In-Store Regular,Black Friday Blowout,854815.28,304,2811.89,546.33,4978.16
Home Appliances,In-Store Regular,Cart Crasher Campaign,832927.74,306,2721.99,503.85,4972.36
Home Appliances,In-Store Regular,Cashback Carnival,960656.74,348,2760.51,503.09,4981.65
Home Appliances,In-Store Regular,Clearance Countdown,846665.86,320,2645.83,522.11,4977.33
Home Appliances,In-Store Regular,Countdown to Savings,957666.44,343,2792.03,512.01,4998.01
Home Appliances,In-Store Regular,Customer Appreciation Week,861572.64,316,2726.50,554.39,4996.86
Home Appliances,In-Store Regular,Cyber Monday Mania,894608.49,326,2744.20,503.24,4974.84
Home Appliances,In-Store Regular,Deal of the Month,911129.33,326,2794.88,502.82,4982.60
Home Appliances,In-Store Regular,Double Points Bonanza,912473.18,344,2652.54,506.78,4994.91
Home Appliances,In-Store Regular,Early Bird Specials,1012949.22,357,2837.39,505.94,4999.06
Home Appliances,In-Store Regular,End of Season Sale,855315.30,321,2664.53,509.93,4967.47
Home Appliances,In-Store Regular,Exclusive Insider Offers,815564.41,310,2630.85,503.60,4997.98
Home Appliances,In-Store Regular,Festive Fever Promo,844518.45,307,2750.87,566.93,4999.21
Home Appliances,In-Store Regular,Final Call Frenzy,1028347.06,367,2802.04,511.69,4973.35
Home Appliances,In-Store Regular,Flash Frenzy Friday,892366.65,332,2687.85,504.11,4985.89
Home Appliances,In-Store Regular,"Gift More, Spend Less",955258.75,354,2698.47,503.59,4954.12
Home Appliances,In-Store Regular,Golden Hour Bargains,901243.28,324,2781.62,530.74,4982.37
Home Appliances,In-Store Regular,Green Weekend Deals,969653.20,342,2835.24,507.12,4997.84
Home Appliances,In-Store Regular,Happy Hour Discounts,964409.72,353,2732.04,510.31,4987.44
Home Appliances,In-Store Regular,Holiday Shopping Rush,924945.02,340,2720.43,526.76,4944.78
Home Appliances,In-Store Regular,Hot Picks Promo,913348.05,323,2827.70,502.61,4973.51
Home Appliances,In-Store Regular,Instant Gratification Sale,895015.54,322,2779.55,515.30,4982.48
Home Appliances,In-Store Regular,Limited Time Treasures,865745.38,330,2623.47,528.46,4993.71
Home Appliances,In-Store Regular,Loyalty Rewards Blast,904340.86,321,2817.26,502.48,4980.77
Home Appliances,In-Store Regular,Mega Weekend Bonanza,892774.58,328,2721.87,502.05,4998.42
Home Appliances,In-Store Regular,Mid-Year Madness,933712.48,346,2698.59,506.56,4964.94
Home Appliances,In-Store Regular,Midnight Madness,921827.41,349,2641.34,512.41,4970.69
Home Appliances,In-Store Regular,Mystery Discount Days,1008406.44,352,2864.79,502.59,4992.26
Home Appliances,In-Store Regular,New Arrival Showcase,919465.57,330,2786.26,501.45,4995.95
Home Appliances,In-Store Regular,New Product Launch Promo,964867.41,359,2687.65,506.06,4993.94
Home Appliances,In-Store Regular,New Year Kickoff,915456.42,336,2724.57,507.98,4986.69
Home Appliances,In-Store Regular,Price Drop Parade,798431.25,292,2734.35,516.70,4983.20
Home Appliances,In-Store Regular,Red Tag Clearance,871556.79,327,2665.31,513.32,4991.28
Home Appliances,In-Store Regular,Seasonal Surprise Box,871841.76,326,2674.36,508.60,4986.66
Home Appliances,In-Store Regular,Shop & Save Spectacular,897987.83,306,2934.60,527.66,4990.91
Home Appliances,In-Store Regular,Smart Shopper Week,915293.32,349,2622.62,513.31,4992.18
Home Appliances,In-Store Regular,Spring Refresh Event,913085.26,327,2792.31,527.57,4983.41
Home Appliances,In-Store Regular,Spring Splash Discounts,843038.59,309,2728.28,522.44,4944.30
Home Appliances,In-Store Regular,Summer Sizzle Promo,901882.58,326,2766.51,524.56,4961.44
Home Appliances,In-Store Regular,Super Savings Week,939966.37,342,2748.44,514.36,4991.38
Home Appliances,In-Store Regular,Ultimate Value Event,920136.15,348,2644.07,501.78,4990.81
Home Appliances,In-Store Regular,VIP Access Sale,869495.56,318,2734.26,500.93,4984.37
Home Appliances,In-Store Regular,Weekend Warrior Specials,950603.84,348,2731.62,509.62,4993.90
Home Appliances,In-Store Regular,Winter Clearance Carnival,994802.28,368,2703.27,516.82,4983.16
Home Appliances,In-Store Regular,Winter Wonders Sale,917042.77,325,2821.67,525.43,4998.96
Home Appliances,Loyal Customer,12 Days of Deals,955059.52,347,2752.33,530.57,4999.32
Home Appliances,Loyal Customer,Autumn Deals Drive,884441.02,328,2696.47,531.99,4994.25
Home Appliances,Loyal Customer,BOGO Blitz,926667.74,334,2774.45,511.61,4999.75
Home Appliances,Loyal Customer,Back to School Boost,904942.64,332,2725.73,547.19,4990.27
Home Appliances,Loyal Customer,Birthday Bash Sale,1001203.54,363,2758.14,500.93,4977.95
Home Appliances,Loyal Customer,Black Friday Blowout,876874.02,327,2681.57,545.37,4999.91
Home Appliances,Loyal Customer,Cart Crasher Campaign,1037093.01,374,2772.98,510.35,4998.01
Home Appliances,Loyal Customer,Cashback Carnival,849781.31,303,2804.56,510.00,4997.90
Home Appliances,Loyal Customer,Clearance Countdown,957456.54,345,2775.24,512.22,4989.38
Home Appliances,Loyal Customer,Countdown to Savings,889988.12,334,2664.64,509.66,4991.19
Home Appliances,Loyal Customer,Customer Appreciation Week,863772.80,331,2609.59,508.53,4988.67
Home Appliances,Loyal Customer,Cyber Monday Mania,867443.15,306,2834.78,548.24,4995.91
Home Appliances,Loyal Customer,Deal of the Month,906997.05,336,2699.40,500.38,4964.91
Home Appliances,Loyal Customer,Double Points Bonanza,989657.24,360,2749.05,512.55,4996.68
Home Appliances,Loyal Customer,Early Bird Specials,971885.21,345,2817.06,503.37,4994.19
Home Appliances,Loyal Customer,End of Season Sale,868657.00,314,2766.42,522.55,4992.04
Home Appliances,Loyal Customer,Exclusive Insider Offers,918999.94,326,2819.02,507.26,4998.93
Home Appliances,Loyal Customer,Festive Fever Promo,937438.87,348,2693.79,502.80,4986.51
Home Appliances,Loyal Customer,Final Call Frenzy,842461.25,307,2744.17,503.00,4980.69
Home Appliances,Loyal Customer,Flash Frenzy Friday,916543.18,340,2695.72,504.44,4925.77
Home Appliances,Loyal Customer,"Gift More, Spend Less",915043.70,340,2691.30,510.76,4993.57
Home Appliances,Loyal Customer,Golden Hour Bargains,946519.05,326,2903.43,555.88,4995.77
Home Appliances,Loyal Customer,Green Weekend Deals,867292.27,314,2762.08,513.98,4983.44
Home Appliances,Loyal Customer,Happy Hour Discounts,928514.25,330,2813.68,501.29,4981.54
Home Appliances,Loyal Customer,Holiday Shopping Rush,905436.79,343,2639.76,500.68,4986.26
Home Appliances,Loyal Customer,Hot Picks Promo,988085.81,362,2729.52,501.49,4997.12
Home Appliances,Loyal Customer,Instant Gratification Sale,898657.17,340,2643.11,504.46,4990.00
Home Appliances,Loyal Customer,Limited Time Treasures,864068.14,318,2717.20,543.14,4942.10
Home Appliances,Loyal Customer,Loyalty Rewards Blast,929231.88,328,2833.02,502.78,4994.77
Home Appliances,Loyal Customer,Mega Weekend Bonanza,945054.92,338,2796.02,513.49,4995.11
Home Appliances,Loyal Customer,Mid-Year Madness,886190.28,325,2726.74,509.20,4998.26
Home Appliances,Loyal Customer,Midnight Madness,886019.84,320,2768.81,541.42,4997.26
Home Appliances,Loyal Customer,Mystery Discount Days,844607.28,312,2707.07,508.14,4994.86
Home Appliances,Loyal Customer,New Arrival Showcase,909741.89,321,2834.09,500.17,4998.09
Home Appliances,Loyal Customer,New Product Launch Promo,942054.06,346,2722.70,509.55,4989.47
Home Appliances,Loyal Customer,New Year Kickoff,887948.22,328,2707.16,515.75,4981.24
Home Appliances,Loyal Customer,Price Drop Parade,898175.11,338,2657.32,512.13,4946.37
Home Appliances,Loyal Customer,Red Tag Clearance,830520.61,300,2768.40,539.02,4991.05
Home Appliances,Loyal Customer,Seasonal Surprise Box,929590.81,336,2766.64,515.74,4998.58
Home Appliances,Loyal Customer,Shop & Save Spectacular,930603.59,342,2721.06,509.98,4996.07
Home Appliances,Loyal Customer,Smart Shopper Week,907775.16,331,2742.52,519.48,4969.81
Home Appliances,Loyal Customer,Spring Refresh Event,922899.94,332,2779.82,511.23,4987.43
Home Appliances,Loyal Customer,Spring Splash Discounts,1034183.37,371,2787.56,510.27,4998.87
Home Appliances,Loyal Customer,Summer Sizzle Promo,914430.01,331,2762.63,536.72,4977.21
Home Appliances,Loyal Customer,Super Savings Week,885786.44,329,2692.36,510.14,4957.53
Home Appliances,Loyal Customer,Ultimate Value Event,859999.64,312,2756.41,505.43,4992.64
Home Appliances,Loyal Customer,VIP Access Sale,938247.30,332,2826.05,519.00,4994.22
Home Appliances,Loyal Customer,Weekend Warrior Specials,866126.12,315,2749.61,532.62,4999.43
Home Appliances,Loyal Customer,Winter Clearance Carnival,997914.11,358,2787.47,523.72,4996.11
Home Appliances,Loyal Customer,Winter Wonders Sale,949154.54,358,2651.27,500.27,4998.39
Home Appliances,Occasional Shopper,12 Days of Deals,895735.80,339,2642.29,516.24,4984.06
Home Appliances,Occasional Shopper,Autumn Deals Drive,947270.22,359,2638.64,536.74,4992.57
Home Appliances,Occasional Shopper,BOGO Blitz,936775.24,345,2715.29,508.21,4997.06
Home Appliances,Occasional Shopper,Back to School Boost,912056.79,331,2755.46,500.09,4984.75
Home Appliances,Occasional Shopper,Birthday Bash Sale,908417.23,325,2795.13,526.70,4993.71
Home Appliances,Occasional Shopper,Black Friday Blowout,912472.83,338,2699.62,506.66,4992.55
Home Appliances,Occasional Shopper,Cart Crasher Campaign,937953.46,336,2791.53,511.82,4998.18
Home Appliances,Occasional Shopper,Cashback Carnival,910466.18,336,2709.72,519.61,4996.35
Home Appliances,Occasional Shopper,Clearance Countdown,862047.55,320,2693.90,512.04,4988.35
Home Appliances,Occasional Shopper,Countdown to Savings,1025480.91,363,2825.02,518.12,4998.03
Home Appliances,Occasional Shopper,Customer Appreciation Week,936250.50,332,2820.03,511.27,4997.34
Home Appliances,Occasional Shopper,Cyber Monday Mania,875907.75,312,2807.40,502.61,4995.39
Home Appliances,Occasional Shopper,Deal of the Month,997544.80,355,2809.99,511.48,4992.33
Home Appliances,Occasional Shopper,Double Points Bonanza,856529.36,319,2685.05,514.98,4996.53
Home Appliances,Occasional Shopper,Early Bird Specials,1021352.21,361,2829.23,518.12,4996.45
Home Appliances,Occasional Shopper,End of Season Sale,917548.48,328,2797.40,501.62,4943.22
Home Appliances,Occasional Shopper,Exclusive Insider Offers,952765.72,335,2844.08,530.98,4998.02
Home Appliances,Occasional Shopper,Festive Fever Promo,971370.78,358,2713.33,520.98,4992.61
Home Appliances,Occasional Shopper,Final Call Frenzy,988439.03,363,2722.97,529.66,4984.46
Home Appliances,Occasional Shopper,Flash Frenzy Friday,969661.51,348,2786.38,508.78,4997.67
Home Appliances,Occasional Shopper,"Gift More, Spend Less",895580.22,334,2681.38,509.09,4984.09
Home Appliances,Occasional Shopper,Golden Hour Bargains,1010449.35,360,2806.80,500.65,4992.15
Home Appliances,Occasional Shopper,Green Weekend Deals,929203.90,342,2716.97,509.17,4997.45
Home Appliances,Occasional Shopper,Happy Hour Discounts,836144.08,318,2629.38,508.90,4992.76
Home Appliances,Occasional Shopper,Holiday Shopping Rush,864203.90,316,2734.82,521.68,4966.28
Home Appliances,Occasional Shopper,Hot Picks Promo,879584.74,331,2657.36,522.05,4994.65
Home Appliances,Occasional Shopper,Instant Gratification Sale,859060.25,321,2676.20,526.84,4987.78
Home Appliances,Occasional Shopper,Limited Time Treasures,913675.83,344,2656.03,503.29,4997.90
Home Appliances,Occasional Shopper,Loyalty Rewards Blast,911452.90,332,2745.34,505.77,4989.79
Home Appliances,Occasional Shopper,Mega Weekend Bonanza,864485.31,325,2659.95,503.69,4959.30
Home Appliances,Occasional Shopper,Mid-Year Madness,926029.71,341,2715.63,511.63,4996.93
Home Appliances,Occasional Shopper,Midnight Madness,948984.02,333,2849.80,514.34,4989.37
Home Appliances,Occasional Shopper,Mystery Discount Days,984470.71,361,2727.07,506.37,4980.25
Home Appliances,Occasional Shopper,New Arrival Showcase,978406.70,366,2673.24,500.44,4997.28
Home Appliances,Occasional Shopper,New Product Launch Promo,948532.35,341,2781.62,557.56,4978.16
Home Appliances,Occasional Shopper,New Year Kickoff,901922.38,319,2827.34,528.09,4984.54
Home Appliances,Occasional Shopper,Price Drop Parade,1048087.97,375,2794.90,512.15,4987.17
Home Appliances,Occasional Shopper,Red Tag Clearance,879909.39,322,2732.64,546.35,4965.24
Home Appliances,Occasional Shopper,Seasonal Surprise Box,967486.75,344,2812.46,510.14,4989.16
Home Appliances,Occasional Shopper,Shop & Save Spectacular,948361.48,329,2882.56,520.17,4963.60
Home Appliances,Occasional Shopper,Smart Shopper Week,944810.78,352,2684.12,526.84,4930.48
Home Appliances,Occasional Shopper,Spring Refresh Event,813688.92,304,2676.61,506.82,4972.56
Home Appliances,Occasional Shopper,Spring Splash Discounts,1019609.16,366,2785.82,505.95,4994.95
Home Appliances,Occasional Shopper,Summer Sizzle Promo,911091.47,341,2671.82,513.01,4968.96
Home Appliances,Occasional Shopper,Super Savings Week,814337.18,310,2626.89,500.28,4998.47
Home Appliances,Occasional Shopper,Ultimate Value Event,793117.95,302,2626.22,518.50,4986.17
Home Appliances,Occasional Shopper,VIP Access Sale,927113.47,329,2817.97,500.66,4999.48
Home Appliances,Occasional Shopper,Weekend Warrior Specials,851811.92,307,2774.63,515.22,4996.60
Home Appliances,Occasional Shopper,Winter Clearance Carnival,804083.31,289,2782.30,505.24,4950.63
Home Appliances,Occasional Shopper,Winter Wonders Sale,1048321.93,378,2773.34,504.46,4996.00
Home Appliances,Online Shopper,12 Days of Deals,1011128.14,359,2816.51,509.06,4994.82
Home Appliances,Online Shopper,Autumn Deals Drive,920661.35,342,2691.99,506.90,4988.82
Home Appliances,Online Shopper,BOGO Blitz,925941.18,343,2699.54,511.13,4980.50
Home Appliances,Online Shopper,Back to School Boost,871825.91,319,2733.00,525.35,4979.77
Home Appliances,Online Shopper,Birthday Bash Sale,821481.14,306,2684.58,548.68,4996.64
Home Appliances,Online Shopper,Black Friday Blowout,934112.99,341,2739.33,503.07,4995.14
Home Appliances,Online Shopper,Cart Crasher Campaign,970380.35,358,2710.56,509.43,4993.68
Home Appliances,Online Shopper,Cashback Carnival,967887.37,353,2741.89,519.67,4993.50
Home Appliances,Online Shopper,Clearance Countdown,1001034.71,357,2804.02,501.02,4982.97
Home Appliances,Online Shopper,Countdown to Savings,963158.72,356,2705.50,528.10,4979.43
Home Appliances,Online Shopper,Customer Appreciation Week,1007696.75,366,2753.27,502.70,4977.06
Home Appliances,Online Shopper,Cyber Monday Mania,899952.07,339,2654.73,521.06,4992.62
Home Appliances,Online Shopper,Deal of the Month,867101.86,317,2735.34,503.34,4986.31
Home Appliances,Online Shopper,Double Points Bonanza,900772.56,332,2713.17,506.58,4986.22
Home Appliances,Online Shopper,Early Bird Specials,975914.55,355,2749.06,539.88,4994.29
Home Appliances,Online Shopper,End of Season Sale,928232.81,339,2738.15,512.22,4954.57
Home Appliances,Online Shopper,Exclusive Insider Offers,856982.84,325,2636.87,504.93,4986.96
Home Appliances,Online Shopper,Festive Fever Promo,968630.82,345,2807.63,530.60,4991.17
Home Appliances,Online Shopper,Final Call Frenzy,975447.87,349,2794.98,541.54,4989.24
Home Appliances,Online Shopper,Flash Frenzy Friday,1076823.04,376,2863.89,506.15,4997.21
Home Appliances,Online Shopper,"Gift More, Spend Less",983627.78,351,2802.36,531.52,4986.38
Home Appliances,Online Shopper,Golden Hour Bargains,907510.31,323,2809.63,507.56,4997.61
Home Appliances,Online Shopper,Green Weekend Deals,908215.41,342,2655.60,503.05,4985.83
Home Appliances,Online Shopper,Happy Hour Discounts,973955.93,356,2735.83,504.73,4991.86
Home Appliances,Online Shopper,Holiday Shopping Rush,838623.11,315,2662.30,516.42,4962.62
Home Appliances,Online Shopper,Hot Picks Promo,971494.69,350,2775.70,520.60,4961.64
Home Appliances,Online Shopper,Instant Gratification Sale,939388.93,346,2715.00,520.25,4972.71
Home Appliances,Online Shopper,Limited Time Treasures,948922.22,345,2750.50,505.48,4971.76
Home Appliances,Online Shopper,Loyalty Rewards Blast,967444.56,351,2756.25,523.62,4978.70
Home Appliances,Online Shopper,Mega Weekend Bonanza,954051.59,338,2822.64,504.08,4992.43
Home Appliances,Online Shopper,Mid-Year Madness,983451.89,349,2817.91,510.03,4992.99
Home Appliances,Online Shopper,Midnight Madness,820922.17,317,2589.66,531.37,4977.45
Home Appliances,Online Shopper,Mystery Discount Days,913276.80,337,2710.02,520.51,4998.62
Home Appliances,Online Shopper,New Arrival Showcase,983684.04,359,2740.07,509.40,4949.30
Home Appliances,Online Shopper,New Product Launch Promo,891332.51,321,2776.74,524.16,4969.21
Home Appliances,Online Shopper,New Year Kickoff,982895.76,343,2865.59,508.10,4999.87
Home Appliances,Online Shopper,Price Drop Parade,896763.79,332,2701.10,507.80,4958.75
Home Appliances,Online Shopper,Red Tag Clearance,925442.50,334,2770.79,525.53,4968.04
Home Appliances,Online Shopper,Seasonal Surprise Box,958498.79,357,2684.87,519.19,4998.13
Home Appliances,Online Shopper,Shop & Save Spectacular,927196.03,338,2743.18,511.32,4989.59
Home Appliances,Online Shopper,Smart Shopper Week,963605.64,361,2669.27,512.44,4999.94
Home Appliances,Online Shopper,Spring Refresh Event,955648.52,346,2761.99,511.37,4987.43
Home Appliances,Online Shopper,Spring Splash Discounts,890491.39,313,2845.02,503.09,4963.63
Home Appliances,Online Shopper,Summer Sizzle Promo,987419.02,347,2845.59,505.80,4986.22
Home Appliances,Online Shopper,Super Savings Week,924536.85,327,2827.33,500.36,4996.22
Home Appliances,Online Shopper,Ultimate Value Event,874813.96,330,2650.95,516.57,4987.19
Home Appliances,Online Shopper,VIP Access Sale,947627.37,349,2715.26,501.55,4995.37
Home Appliances,Online Shopper,Weekend Warrior Specials,892883.06,338,2641.67,522.54,4984.76
Home Appliances,Online Shopper,Winter Clearance Carnival,833475.53,309,2697.33,509.72,4991.75
Home Appliances,Online Shopper,Winter Wonders Sale,970394.57,355,2733.51,505.92,4992.13
Home Appliances,Premium Shopper,12 Days of Deals,886043.67,319,2777.57,519.86,4990.47
Home Appliances,Premium Shopper,Autumn Deals Drive,922795.37,347,2659.35,518.61,4997.36
Home Appliances,Premium Shopper,BOGO Blitz,905232.29,321,2820.04,502.79,4991.95
Home Appliances,Premium Shopper,Back to School Boost,888525.94,325,2733.93,515.76,4992.15
Home Appliances,Premium Shopper,Birthday Bash Sale,864084.09,324,2666.93,503.22,4992.41
Home Appliances,Premium Shopper,Black Friday Blowout,886469.14,318,2787.64,504.47,4973.40
Home Appliances,Premium Shopper,Cart Crasher Campaign,876395.45,313,2799.99,504.51,4986.87
Home Appliances,Premium Shopper,Cashback Carnival,909793.49,324,2808.00,510.98,4992.51
Home Appliances,Premium Shopper,Clearance Countdown,882891.97,306,2885.27,511.35,4994.45
Home Appliances,Premium Shopper,Countdown to Savings,821865.79,290,2834.02,547.67,4994.73
Home Appliances,Premium Shopper,Customer Appreciation Week,876230.77,322,2721.21,534.07,4997.57
Home Appliances,Premium Shopper,Cyber Monday Mania,953057.56,359,2654.76,505.30,4968.86
Home Appliances,Premium Shopper,Deal of the Month,841889.86,309,2724.56,501.60,4986.45
Home Appliances,Premium Shopper,Double Points Bonanza,926882.44,331,2800.25,506.17,4998.02
Home Appliances,Premium Shopper,Early Bird Specials,932863.47,339,2751.81,502.49,4982.85
Home Appliances,Premium Shopper,End of Season Sale,872302.15,329,2651.37,501.06,4988.69
Home Appliances,Premium Shopper,Exclusive Insider Offers,858941.30,316,2718.17,533.62,4993.19
Home Appliances,Premium Shopper,Festive Fever Promo,934692.73,346,2701.42,507.88,4996.29
Home Appliances,Premium Shopper,Final Call Frenzy,977029.37,350,2791.51,506.46,4995.18
Home Appliances,Premium Shopper,Flash Frenzy Friday,1044294.82,369,2830.07,520.17,4991.73
Home Appliances,Premium Shopper,"Gift More, Spend Less",872315.07,313,2786.95,510.64,4998.06
Home Appliances,Premium Shopper,Golden Hour Bargains,1009301.68,361,2795.85,520.57,4994.43
Home Appliances,Premium Shopper,Green Weekend Deals,952421.56,336,2834.59,503.29,4993.63
Home Appliances,Premium Shopper,Happy Hour Discounts,890238.32,325,2739.19,501.43,4968.19
Home Appliances,Premium Shopper,Holiday Shopping Rush,970910.91,347,2798.01,501.91,4991.90
Home Appliances,Premium Shopper,Hot Picks Promo,921391.23,326,2826.35,529.55,4994.98
Home Appliances,Premium Shopper,Instant Gratification Sale,906290.59,333,2721.59,515.86,4987.90
Home Appliances,Premium Shopper,Limited Time Treasures,859342.04,313,2745.50,501.55,4983.57
Home Appliances,Premium Shopper,Loyalty Rewards Blast,774256.79,287,2697.76,507.26,4963.45
Home Appliances,Premium Shopper,Mega Weekend Bonanza,861534.11,303,2843.35,502.30,4988.39
Home Appliances,Premium Shopper,Mid-Year Madness,920026.47,349,2636.18,507.49,4991.40
Home Appliances,Premium Shopper,Midnight Madness,966125.62,350,2760.36,514.45,4997.66
Home Appliances,Premium Shopper,Mystery Discount Days,840028.18,304,2763.25,506.73,4994.98
Home Appliances,Premium Shopper,New Arrival Showcase,919516.12,341,2696.53,533.37,4982.29
Home Appliances,Premium Shopper,New Product Launch Promo,949222.65,341,2783.64,504.31,4995.22
Home Appliances,Premium Shopper,New Year Kickoff,908334.85,325,2794.88,509.52,4994.34
Home Appliances,Premium Shopper,Price Drop Parade,950927.20,331,2872.89,510.91,4994.05
Home Appliances,Premium Shopper,Red Tag Clearance,961414.84,344,2794.81,547.38,4996.14
Home Appliances,Premium Shopper,Seasonal Surprise Box,1056582.11,387,2730.19,503.22,4989.51
Home Appliances,Premium Shopper,Shop & Save Spectacular,866989.44,317,2734.98,516.11,4989.10
Home Appliances,Premium Shopper,Smart Shopper Week,922378.34,347,2658.15,524.75,4968.79
Home Appliances,Premium Shopper,Spring Refresh Event,825230.56,306,2696.83,501.78,4995.53
Home Appliances,Premium Shopper,Spring Splash Discounts,842792.01,316,2667.06,514.57,4998.92
Home Appliances,Premium Shopper,Summer Sizzle Promo,840765.15,304,2765.67,525.98,4967.18
Home Appliances,Premium Shopper,Super Savings Week,952152.61,337,2825.38,504.15,4990.42
Home Appliances,Premium Shopper,Ultimate Value Event,880270.67,315,2794.51,509.71,4997.27
Home Appliances,Premium Shopper,VIP Access Sale,896779.23,324,2767.84,508.20,4988.37
Home Appliances,Premium Shopper,Weekend Warrior Specials,870365.63,325,2678.05,536.89,4982.21
Home Appliances,Premium Shopper,Winter Clearance Carnival,972587.01,355,2739.68,502.95,4986.95
Home Appliances,Premium Shopper,Winter Wonders Sale,891744.85,334,2669.89,528.52,4999.74
Sports & Outdoors,Budget Shopper,12 Days of Deals,947955.70,341,2779.93,512.05,4998.61
Sports & Outdoors,Budget Shopper,Autumn Deals Drive,876566.22,322,2722.26,500.04,4994.50
Sports & Outdoors,Budget Shopper,BOGO Blitz,827774.56,309,2678.88,514.68,4985.60
Sports & Outdoors,Budget Shopper,Back to School Boost,938814.79,337,2785.80,501.48,4984.20
Sports & Outdoors,Budget Shopper,Birthday Bash Sale,888632.66,323,2751.18,524.79,4992.00
Sports & Outdoors,Budget Shopper,Black Friday Blowout,978069.80,342,2859.85,503.37,4997.46
Sports & Outdoors,Budget Shopper,Cart Crasher Campaign,900589.93,324,2779.60,510.88,4978.10
Sports & Outdoors,Budget Shopper,Cashback Carnival,910615.74,323,2819.24,500.42,4990.45
Sports & Outdoors,Budget Shopper,Clearance Countdown,842038.35,313,2690.22,511.98,4995.72
Sports & Outdoors,Budget Shopper,Countdown to Savings,834297.86,315,2648.56,515.55,4982.11
Sports & Outdoors,Budget Shopper,Customer Appreciation Week,872767.07,316,2761.92,531.10,4967.48
Sports & Outdoors,Budget Shopper,Cyber Monday Mania,796846.18,295,2701.17,513.22,4992.94
Sports & Outdoors,Budget Shopper,Deal of the Month,861940.46,315,2736.32,510.28,4986.89
Sports & Outdoors,Budget Shopper,Double Points Bonanza,920583.87,332,2772.84,502.14,4994.46
Sports & Outdoors,Budget Shopper,Early Bird Specials,944639.18,342,2762.10,505.34,4977.24
Sports & Outdoors,Budget Shopper,End of Season Sale,960090.88,334,2874.52,517.18,4979.32
Sports & Outdoors,Budget Shopper,Exclusive Insider Offers,933019.83,344,2712.27,503.94,4965.05
Sports & Outdoors,Budget Shopper,Festive Fever Promo,943779.10,342,2759.59,508.66,4976.80
Sports & Outdoors,Budget Shopper,Final Call Frenzy,895053.94,327,2737.17,506.47,4995.87
Sports & Outdoors,Budget Shopper,Flash Frenzy Friday,934696.00,349,2678.21,507.52,4996.39
Sports & Outdoors,Budget Shopper,"Gift More, Spend Less",978552.08,358,2733.39,507.15,4991.44
Sports & Outdoors,Budget Shopper,Golden Hour Bargains,999643.07,376,2658.63,506.68,4994.32
Sports & Outdoors,Budget Shopper,Green Weekend Deals,916217.21,334,2743.17,500.26,4975.04
Sports & Outdoors,Budget Shopper,Happy Hour Discounts,978611.20,352,2780.15,500.42,4989.33
Sports & Outdoors,Budget Shopper,Holiday Shopping Rush,939684.40,346,2715.85,528.26,4985.94
Sports & Outdoors,Budget Shopper,Hot Picks Promo,945257.61,342,2763.91,505.64,4990.00
Sports & Outdoors,Budget Shopper,Instant Gratification Sale,915439.27,338,2708.40,514.04,4978.71
Sports & Outdoors,Budget Shopper,Limited Time Treasures,891592.17,314,2839.47,500.43,4994.02
Sports & Outdoors,Budget Shopper,Loyalty Rewards Blast,875404.03,323,2710.23,500.80,4996.03
Sports & Outdoors,Budget Shopper,Mega Weekend Bonanza,981522.24,355,2764.85,511.55,4995.42
Sports & Outdoors,Budget Shopper,Mid-Year Madness,897756.45,323,2779.43,549.70,4992.54
Sports & Outdoors,Budget Shopper,Midnight Madness,941928.18,341,2762.25,512.31,4990.39
Sports & Outdoors,Budget Shopper,Mystery Discount Days,904848.62,330,2741.97,509.10,4990.91
Sports & Outdoors,Budget Shopper,New Arrival Showcase,812964.27,298,2728.07,510.89,4990.92
Sports & Outdoors,Budget Shopper,New Product Launch Promo,923804.32,339,2725.09,501.61,4979.03
Sports & Outdoors,Budget Shopper,New Year Kickoff,993004.88,340,2920.60,514.47,4996.08
Sports & Outdoors,Budget Shopper,Price Drop Parade,853214.69,325,2625.28,521.42,4976.80
Sports & Outdoors,Budget Shopper,Red Tag Clearance,887552.43,322,2756.37,539.89,4958.76
Sports & Outdoors,Budget Shopper,Seasonal Surprise Box,891084.20,336,2652.04,501.12,4992.44
Sports & Outdoors,Budget Shopper,Shop & Save Spectacular,998045.11,350,2851.56,509.04,4971.93
Sports & Outdoors,Budget Shopper,Smart Shopper Week,918208.76,323,2842.75,500.78,4995.51
Sports & Outdoors,Budget Shopper,Spring Refresh Event,880349.60,324,2717.13,507.06,4992.08
Sports & Outdoors,Budget Shopper,Spring Splash Discounts,894490.39,324,2760.77,508.67,4991.74
Sports & Outdoors,Budget Shopper,Summer Sizzle Promo,945093.90,338,2796.14,525.91,4987.51
Sports & Outdoors,Budget Shopper,Super Savings Week,825558.03,305,2706.75,509.07,4984.03
Sports & Outdoors,Budget Shopper,Ultimate Value Event,950645.51,343,2771.56,506.99,4970.61
Sports & Outdoors,Budget Shopper,VIP Access Sale,969183.64,340,2850.54,500.51,4991.92
Sports & Outdoors,Budget Shopper,Weekend Warrior Specials,868185.69,326,2663.15,506.15,4989.77
Sports & Outdoors,Budget Shopper,Winter Clearance Carnival,993701.63,353,2815.02,506.66,4993.51
Sports & Outdoors,Budget Shopper,Winter Wonders Sale,975995.18,350,2788.56,506.23,4932.73
Sports & Outdoors,Churn Risk,12 Days of Deals,845899.98,300,2819.67,502.11,4984.99
Sports & Outdoors,Churn Risk,Autumn Deals Drive,890932.84,325,2741.33,501.93,4998.38
Sports & Outdoors,Churn Risk,BOGO Blitz,960041.24,341,2815.37,503.15,4959.97
Sports & Outdoors,Churn Risk,Back to School Boost,919137.50,329,2793.73,503.12,4993.57
Sports & Outdoors,Churn Risk,Birthday Bash Sale,895589.66,335,2673.40,506.71,4993.81
Sports & Outdoors,Churn Risk,Black Friday Blowout,912266.71,316,2886.92,503.63,4996.57
Sports & Outdoors,Churn Risk,Cart Crasher Campaign,831072.63,300,2770.24,566.45,4995.47
Sports & Outdoors,Churn Risk,Cashback Carnival,905244.08,336,2694.18,505.42,4994.16
Sports & Outdoors,Churn Risk,Clearance Countdown,1029392.61,372,2767.18,505.32,4998.56
Sports & Outdoors,Churn Risk,Countdown to Savings,1035522.37,364,2844.84,502.49,4995.99
Sports & Outdoors,Churn Risk,Customer Appreciation Week,998072.93,353,2827.40,520.41,4997.68
Sports & Outdoors,Churn Risk,Cyber Monday Mania,1016712.10,367,2770.33,505.17,4983.58
Sports & Outdoors,Churn Risk,Deal of the Month,958719.59,345,2778.90,511.14,4995.45
Sports & Outdoors,Churn Risk,Double Points Bonanza,918588.20,322,2852.76,504.72,4984.63
Sports & Outdoors,Churn Risk,Early Bird Specials,955381.05,326,2930.62,550.01,4997.07
Sports & Outdoors,Churn Risk,End of Season Sale,919271.41,342,2687.93,582.27,4996.88
Sports & Outdoors,Churn Risk,Exclusive Insider Offers,860314.36,302,2848.72,534.53,4986.77
Sports & Outdoors,Churn Risk,Festive Fever Promo,935632.31,341,2743.79,506.83,4998.24
Sports & Outdoors,Churn Risk,Final Call Frenzy,932427.31,349,2671.71,514.15,4951.48
Sports & Outdoors,Churn Risk,Flash Frenzy Friday,847634.42,305,2779.13,511.58,4997.51
Sports & Outdoors,Churn Risk,"Gift More, Spend Less",1012331.62,374,2706.77,530.12,4955.13
Sports & Outdoors,Churn Risk,Golden Hour Bargains,914091.17,332,2753.29,508.67,4943.83
Sports & Outdoors,Churn Risk,Green Weekend Deals,1045766.44,368,2841.76,521.12,4996.07
Sports & Outdoors,Churn Risk,Happy Hour Discounts,902315.49,332,2717.82,535.51,4995.06
Sports & Outdoors,Churn Risk,Holiday Shopping Rush,916305.18,335,2735.24,526.33,4974.10
Sports & Outdoors,Churn Risk,Hot Picks Promo,907896.39,331,2742.89,503.06,4990.76
Sports & Outdoors,Churn Risk,Instant Gratification Sale,1004351.85,360,2789.87,500.07,4948.61
Sports & Outdoors,Churn Risk,Limited Time Treasures,870312.46,328,2653.39,501.18,4957.94
Sports & Outdoors,Churn Risk,Loyalty Rewards Blast,854381.48,313,2729.65,509.96,4990.36
Sports & Outdoors,Churn Risk,Mega Weekend Bonanza,891167.31,323,2759.03,502.77,4998.00
Sports & Outdoors,Churn Risk,Mid-Year Madness,924879.55,334,2769.10,528.40,4991.08
Sports & Outdoors,Churn Risk,Midnight Madness,945566.41,353,2678.66,531.19,4994.43
Sports & Outdoors,Churn Risk,Mystery Discount Days,924224.72,339,2726.33,532.78,4993.59
Sports & Outdoors,Churn Risk,New Arrival Showcase,968298.96,345,2806.66,509.29,4993.32
Sports & Outdoors,Churn Risk,New Product Launch Promo,979209.29,343,2854.84,500.73,4998.73
Sports & Outdoors,Churn Risk,New Year Kickoff,922401.00,343,2689.22,536.22,4972.44
Sports & Outdoors,Churn Risk,Price Drop Parade,957659.79,343,2792.01,511.58,4947.89
Sports & Outdoors,Churn Risk,Red Tag Clearance,946578.12,339,2792.27,541.98,4999.05
Sports & Outdoors,Churn Risk,Seasonal Surprise Box,950880.16,349,2724.58,515.20,4993.44
Sports & Outdoors,Churn Risk,Shop & Save Spectacular,937656.99,349,2686.70,506.24,4998.60
Sports & Outdoors,Churn Risk,Smart Shopper Week,1018629.88,382,2666.57,506.78,4993.72
Sports & Outdoors,Churn Risk,Spring Refresh Event,1003935.85,353,2844.01,500.56,4967.33
Sports & Outdoors,Churn Risk,Spring Splash Discounts,840199.79,312,2692.95,502.55,4995.14
Sports & Outdoors,Churn Risk,Summer Sizzle Promo,982560.50,359,2736.94,513.04,4985.23
Sports & Outdoors,Churn Risk,Super Savings Week,1004131.13,352,2852.65,506.36,4962.64
Sports & Outdoors,Churn Risk,Ultimate Value Event,825551.78,313,2637.55,510.12,4987.42
Sports & Outdoors,Churn Risk,VIP Access Sale,895125.78,322,2779.89,513.56,4976.34
Sports & Outdoors,Churn Risk,Weekend Warrior Specials,830938.99,310,2680.45,502.77,4976.50
Sports & Outdoors,Churn Risk,Winter Clearance Carnival,1027880.78,369,2785.58,519.28,4997.18
Sports & Outdoors,Churn Risk,Winter Wonders Sale,925332.35,331,2795.57,511.60,4987.00
Sports & Outdoors,Deal Seeker,12 Days of Deals,921362.44,343,2686.19,514.15,4999.02
Sports & Outdoors,Deal Seeker,Autumn Deals Drive,968584.73,356,2720.74,528.92,4996.48
Sports & Outdoors,Deal Seeker,BOGO Blitz,883598.02,322,2744.09,503.44,4997.71
Sports & Outdoors,Deal Seeker,Back to School Boost,903900.18,345,2620.00,505.03,4999.33
Sports & Outdoors,Deal Seeker,Birthday Bash Sale,866202.45,321,2698.45,517.17,4988.75
Sports & Outdoors,Deal Seeker,Black Friday Blowout,980986.34,358,2740.19,515.63,4994.38
Sports & Outdoors,Deal Seeker,Cart Crasher Campaign,931586.36,334,2789.18,512.46,4995.45
Sports & Outdoors,Deal Seeker,Cashback Carnival,899345.29,321,2801.70,502.58,4989.37
Sports & Outdoors,Deal Seeker,Clearance Countdown,911706.72,335,2721.51,505.38,4990.07
Sports & Outdoors,Deal Seeker,Countdown to Savings,959834.57,341,2814.76,500.66,4987.12
Sports & Outdoors,Deal Seeker,Customer Appreciation Week,973938.34,350,2782.68,551.98,4990.46
Sports & Outdoors,Deal Seeker,Cyber Monday Mania,928047.33,320,2900.15,515.22,4997.82
Sports & Outdoors,Deal Seeker,Deal of the Month,903212.63,327,2762.12,515.58,4985.25
Sports & Outdoors,Deal Seeker,Double Points Bonanza,920953.80,330,2790.77,507.68,4996.56
Sports & Outdoors,Deal Seeker,Early Bird Specials,853524.51,322,2650.70,501.96,4982.97
Sports & Outdoors,Deal Seeker,End of Season Sale,988099.63,371,2663.34,515.47,4979.39
Sports & Outdoors,Deal Seeker,Exclusive Insider Offers,840121.81,304,2763.56,508.46,4994.27
Sports & Outdoors,Deal Seeker,Festive Fever Promo,913955.69,329,2777.98,517.42,4979.82
Sports & Outdoors,Deal Seeker,Final Call Frenzy,1004240.31,359,2797.33,515.16,4997.60
Sports & Outdoors,Deal Seeker,Flash Frenzy Friday,987096.24,360,2741.93,501.01,4990.60
Sports & Outdoors,Deal Seeker,"Gift More, Spend Less",954625.98,355,2689.09,500.46,4995.74
Sports & Outdoors,Deal Seeker,Golden Hour Bargains,924947.52,338,2736.53,515.47,4998.10
Sports & Outdoors,Deal Seeker,Green Weekend Deals,892981.03,333,2681.62,504.25,4998.01
Sports & Outdoors,Deal Seeker,Happy Hour Discounts,1005937.02,344,2924.24,505.31,4975.35
Sports & Outdoors,Deal Seeker,Holiday Shopping Rush,921586.94,343,2686.84,502.99,4994.86
Sports & Outdoors,Deal Seeker,Hot Picks Promo,958348.92,346,2769.79,502.43,4982.03
Sports & Outdoors,Deal Seeker,Instant Gratification Sale,973575.03,355,2742.46,506.16,4961.93
Sports & Outdoors,Deal Seeker,Limited Time Treasures,826165.71,303,2726.62,502.11,4976.63
Sports & Outdoors,Deal Seeker,Loyalty Rewards Blast,990911.82,350,2831.18,503.10,4983.91
Sports & Outdoors,Deal Seeker,Mega Weekend Bonanza,891268.47,305,2922.19,508.48,4971.18
Sports & Outdoors,Deal Seeker,Mid-Year Madness,864453.95,332,2603.78,503.20,4999.49
Sports & Outdoors,Deal Seeker,Midnight Madness,936379.51,342,2737.95,506.71,4996.42
Sports & Outdoors,Deal Seeker,Mystery Discount Days,905696.30,334,2711.67,501.05,4995.72
Sports & Outdoors,Deal Seeker,New Arrival Showcase,928033.56,326,2846.73,503.53,4982.07
Sports & Outdoors,Deal Seeker,New Product Launch Promo,888346.17,319,2784.78,552.00,4999.30
Sports & Outdoors,Deal Seeker,New Year Kickoff,941022.63,340,2767.71,503.09,4982.59
Sports & Outdoors,Deal Seeker,Price Drop Parade,913352.90,324,2818.99,540.15,4992.13
Sports & Outdoors,Deal Seeker,Red Tag Clearance,903805.43,321,2815.59,509.09,4958.93
Sports & Outdoors,Deal Seeker,Seasonal Surprise Box,959263.49,344,2788.56,551.74,4991.22
Sports & Outdoors,Deal Seeker,Shop & Save Spectacular,1020750.45,343,2975.95,512.09,4997.56
Sports & Outdoors,Deal Seeker,Smart Shopper Week,874438.70,327,2674.12,509.40,4991.23
Sports & Outdoors,Deal Seeker,Spring Refresh Event,1012997.07,369,2745.25,511.11,4970.46
Sports & Outdoors,Deal Seeker,Spring Splash Discounts,933730.81,344,2714.33,508.75,4967.87
Sports & Outdoors,Deal Seeker,Summer Sizzle Promo,898036.41,322,2788.93,504.14,4991.16
Sports & Outdoors,Deal Seeker,Super Savings Week,885067.24,313,2827.69,515.06,4985.14
Sports & Outdoors,Deal Seeker,Ultimate Value Event,928323.82,337,2754.67,520.66,4999.44
Sports & Outdoors,Deal Seeker,VIP Access Sale,931238.40,338,2755.14,514.26,4974.98
Sports & Outdoors,Deal Seeker,Weekend Warrior Specials,1003537.08,371,2704.95,514.80,4981.32
Sports & Outdoors,Deal Seeker,Winter Clearance Carnival,883919.71,331,2670.45,509.53,4988.95
Sports & Outdoors,Deal Seeker,Winter Wonders Sale,954303.12,347,2750.15,503.85,4984.24
Sports & Outdoors,First-time Buyer,12 Days of Deals,1081771.68,393,2752.60,510.07,4984.11
Sports & Outdoors,First-time Buyer,Autumn Deals Drive,808766.91,303,2669.20,504.53,4996.59
Sports & Outdoors,First-time Buyer,BOGO Blitz,899494.02,326,2759.18,511.07,4997.05
Sports & Outdoors,First-time Buyer,Back to School Boost,941006.63,360,2613.91,508.34,4976.43
Sports & Outdoors,First-time Buyer,Birthday Bash Sale,848672.53,305,2782.53,501.68,4994.96
Sports & Outdoors,First-time Buyer,Black Friday Blowout,952496.25,344,2768.88,504.45,4990.39
Sports & Outdoors,First-time Buyer,Cart Crasher Campaign,886626.36,332,2670.56,531.93,4987.64
Sports & Outdoors,First-time Buyer,Cashback Carnival,935206.27,332,2816.89,502.94,4986.97
Sports & Outdoors,First-time Buyer,Clearance Countdown,804525.33,291,2764.69,500.37,4966.44
Sports & Outdoors,First-time Buyer,Countdown to Savings,970036.83,348,2787.46,500.09,4996.44
Sports & Outdoors,First-time Buyer,Customer Appreciation Week,955322.55,340,2809.77,502.81,4999.02
Sports & Outdoors,First-time Buyer,Cyber Monday Mania,960181.76,350,2743.38,508.24,4998.69
Sports & Outdoors,First-time Buyer,Deal of the Month,911680.54,333,2737.78,511.61,4985.83
Sports & Outdoors,First-time Buyer,Double Points Bonanza,872530.81,310,2814.62,502.80,4985.88
Sports & Outdoors,First-time Buyer,Early Bird Specials,917701.53,321,2858.88,526.61,4944.16
Sports & Outdoors,First-time Buyer,End of Season Sale,975702.32,342,2852.93,502.75,4976.80
Sports & Outdoors,First-time Buyer,Exclusive Insider Offers,962248.35,337,2855.34,524.76,4986.35
Sports & Outdoors,First-time Buyer,Festive Fever Promo,907814.84,329,2759.32,508.47,4979.17
Sports & Outdoors,First-time Buyer,Final Call Frenzy,861502.20,315,2734.93,501.90,4990.97
Sports & Outdoors,First-time Buyer,Flash Frenzy Friday,868080.98,325,2671.02,503.51,4989.55
Sports & Outdoors,First-time Buyer,"Gift More, Spend Less",1004515.62,348,2886.54,531.66,4986.03
Sports & Outdoors,First-time Buyer,Golden Hour Bargains,935906.64,340,2752.67,500.01,4995.89
Sports & Outdoors,First-time Buyer,Green Weekend Deals,899613.26,328,2742.72,506.43,4996.20
Sports & Outdoors,First-time Buyer,Happy Hour Discounts,1014404.82,354,2865.55,527.31,4989.45
Sports & Outdoors,First-time Buyer,Holiday Shopping Rush,919529.74,347,2649.94,521.38,4997.18
Sports & Outdoors,First-time Buyer,Hot Picks Promo,913519.01,337,2710.74,500.04,4957.64
Sports & Outdoors,First-time Buyer,Instant Gratification Sale,840938.21,310,2712.70,504.23,4995.28
Sports & Outdoors,First-time Buyer,Limited Time Treasures,805337.62,292,2758.01,516.61,4997.70
Sports & Outdoors,First-time Buyer,Loyalty Rewards Blast,813269.01,305,2666.46,508.93,4993.88
Sports & Outdoors,First-time Buyer,Mega Weekend Bonanza,880895.07,334,2637.41,503.85,4972.97
Sports & Outdoors,First-time Buyer,Mid-Year Madness,1009007.18,354,2850.30,515.76,4993.79
Sports & Outdoors,First-time Buyer,Midnight Madness,794603.33,289,2749.49,525.77,4983.78
Sports & Outdoors,First-time Buyer,Mystery Discount Days,870573.18,322,2703.64,502.16,4976.19
Sports & Outdoors,First-time Buyer,New Arrival Showcase,1058849.26,391,2708.05,506.15,4992.00
Sports & Outdoors,First-time Buyer,New Product Launch Promo,937196.17,328,2857.31,503.51,4998.60
Sports & Outdoors,First-time Buyer,New Year Kickoff,942163.21,355,2653.98,503.01,4994.88
Sports & Outdoors,First-time Buyer,Price Drop Parade,851908.48,314,2713.08,508.99,4984.37
Sports & Outdoors,First-time Buyer,Red Tag Clearance,945026.40,336,2812.58,516.57,4981.94
Sports & Outdoors,First-time Buyer,Seasonal Surprise Box,1031132.87,375,2749.69,510.03,4993.02
Sports & Outdoors,First-time Buyer,Shop & Save Spectacular,915433.52,336,2724.50,502.57,4996.23
Sports & Outdoors,First-time Buyer,Smart Shopper Week,989932.59,355,2788.54,508.58,4996.42
Sports & Outdoors,First-time Buyer,Spring Refresh Event,928753.42,330,2814.40,508.72,4992.74
Sports & Outdoors,First-time Buyer,Spring Splash Discounts,907673.77,334,2717.59,523.64,4994.34
Sports & Outdoors,First-time Buyer,Summer Sizzle Promo,930852.25,344,2705.97,502.21,4984.77
Sports & Outdoors,First-time Buyer,Super Savings Week,1001954.44,359,2790.96,536.95,4999.25
Sports & Outdoors,First-time Buyer,Ultimate Value Event,845033.54,320,2640.73,547.88,4980.70
Sports & Outdoors,First-time Buyer,VIP Access Sale,880017.89,324,2716.10,531.73,4989.16
Sports & Outdoors,First-time Buyer,Weekend Warrior Specials,900625.57,337,2672.48,506.49,4981.24
Sports & Outdoors,First-time Buyer,Winter Clearance Carnival,1047305.32,361,2901.12,511.88,4965.35
Sports & Outdoors,First-time Buyer,Winter Wonders Sale,953672.79,349,2732.59,534.89,4995.17
Sports & Outdoors,High Value,12 Days of Deals,986873.02,350,2819.64,511.33,4991.91
Sports & Outdoors,High Value,Autumn Deals Drive,921761.37,342,2695.21,507.26,4974.89
Sports & Outdoors,High Value,BOGO Blitz,907264.97,352,2577.46,517.84,4977.94
Sports & Outdoors,High Value,Back to School Boost,885118.13,316,2801.01,513.03,4987.53
Sports & Outdoors,High Value,Birthday Bash Sale,948155.32,345,2748.28,500.14,4977.57
Sports & Outdoors,High Value,Black Friday Blowout,911393.68,332,2745.16,516.17,4978.37
Sports & Outdoors,High Value,Cart Crasher Campaign,898763.35,338,2659.06,515.37,4996.75
Sports & Outdoors,High Value,Cashback Carnival,924832.68,338,2736.19,514.36,4981.92
Sports & Outdoors,High Value,Clearance Countdown,885984.49,323,2742.99,509.58,4996.31
Sports & Outdoors,High Value,Countdown to Savings,938928.90,334,2811.16,517.19,4999.61
Sports & Outdoors,High Value,Customer Appreciation Week,993031.50,352,2821.11,538.36,4981.66
Sports & Outdoors,High Value,Cyber Monday Mania,1043421.23,370,2820.06,505.34,4997.19
Sports & Outdoors,High Value,Deal of the Month,822574.46,313,2628.03,524.49,4991.35
Sports & Outdoors,High Value,Double Points Bonanza,919374.30,336,2736.23,504.90,4998.01
Sports & Outdoors,High Value,Early Bird Specials,889976.46,329,2705.10,505.26,4996.35
Sports & Outdoors,High Value,End of Season Sale,899488.65,328,2742.34,531.46,4999.05
Sports & Outdoors,High Value,Exclusive Insider Offers,896241.73,320,2800.76,526.85,4987.28
Sports & Outdoors,High Value,Festive Fever Promo,943592.08,326,2894.45,525.70,4973.24
Sports & Outdoors,High Value,Final Call Frenzy,930140.46,345,2696.06,500.03,4998.08
Sports & Outdoors,High Value,Flash Frenzy Friday,1061648.33,382,2779.18,503.56,4990.81
Sports & Outdoors,High Value,"Gift More, Spend Less",889141.10,316,2813.74,510.07,4990.32
Sports & Outdoors,High Value,Golden Hour Bargains,956358.00,341,2804.57,510.74,4960.45
Sports & Outdoors,High Value,Green Weekend Deals,934547.76,335,2789.69,517.92,4986.34
Sports & Outdoors,High Value,Happy Hour Discounts,903208.99,325,2779.10,517.25,4998.95
Sports & Outdoors,High Value,Holiday Shopping Rush,794129.38,294,2701.12,514.08,4976.16
Sports & Outdoors,High Value,Hot Picks Promo,987682.17,351,2813.91,505.94,4996.34
Sports & Outdoors,High Value,Instant Gratification Sale,1068839.13,384,2783.44,522.45,4998.94
Sports & Outdoors,High Value,Limited Time Treasures,973364.84,359,2711.32,512.61,4985.47
Sports & Outdoors,High Value,Loyalty Rewards Blast,943282.33,348,2710.58,500.22,4988.95
Sports & Outdoors,High Value,Mega Weekend Bonanza,993923.90,354,2807.69,516.27,4982.41
Sports & Outdoors,High Value,Mid-Year Madness,1010143.80,375,2693.72,502.72,4991.64
Sports & Outdoors,High Value,Midnight Madness,894320.98,321,2786.05,538.48,4983.38
Sports & Outdoors,High Value,Mystery Discount Days,918298.53,333,2757.65,525.13,4995.75
Sports & Outdoors,High Value,New Arrival Showcase,910806.08,320,2846.27,500.37,4995.28
Sports & Outdoors,High Value,New Product Launch Promo,891578.44,329,2709.96,503.81,4998.53
Sports & Outdoors,High Value,New Year Kickoff,930776.08,336,2770.17,501.31,4996.62
Sports & Outdoors,High Value,Price Drop Parade,916124.94,336,2726.56,505.89,4996.87
Sports & Outdoors,High Value,Red Tag Clearance,981086.50,343,2860.31,500.15,4967.93
Sports & Outdoors,High Value,Seasonal Surprise Box,954905.87,352,2712.80,518.01,4996.14
Sports & Outdoors,High Value,Shop & Save Spectacular,908820.64,335,2712.90,525.84,4985.35
Sports & Outdoors,High Value,Smart Shopper Week,942181.25,351,2684.28,518.23,4994.72
Sports & Outdoors,High Value,Spring Refresh Event,837490.49,303,2764.00,505.18,4999.78
Sports & Outdoors,High Value,Spring Splash Discounts,940193.93,346,2717.32,506.18,4973.97
Sports & Outdoors,High Value,Summer Sizzle Promo,979555.55,343,2855.85,500.10,4997.66
Sports & Outdoors,High Value,Super Savings Week,904497.00,327,2766.05,502.34,4961.86
Sports & Outdoors,High Value,Ultimate Value Event,999744.17,355,2816.18,507.38,4996.51
Sports & Outdoors,High Value,VIP Access Sale,965935.67,341,2832.66,525.46,4991.94
Sports & Outdoors,High Value,Weekend Warrior Specials,933637.75,354,2637.39,501.48,4909.83
Sports & Outdoors,High Value,Winter Clearance Carnival,1063415.69,374,2843.36,513.80,4990.30
Sports & Outdoors,High Value,Winter Wonders Sale,862251.38,308,2799.52,517.25,4981.86
Sports & Outdoors,In-Store Regular,12 Days of Deals,889037.10,313,2840.37,501.44,4987.38
Sports & Outdoors,In-Store Regular,Autumn Deals Drive,994149.97,369,2694.17,511.09,4971.00
Sports & Outdoors,In-Store Regular,BOGO Blitz,889093.78,319,2787.13,534.77,4933.89
Sports & Outdoors,In-Store Regular,Back to School Boost,922038.90,332,2777.23,507.11,4989.50
Sports & Outdoors,In-Store Regular,Birthday Bash Sale,923678.32,335,2757.25,520.35,4979.87
Sports & Outdoors,In-Store Regular,Black Friday Blowout,990756.10,351,2822.67,519.70,4998.42
Sports & Outdoors,In-Store Regular,Cart Crasher Campaign,899896.63,335,2686.26,504.84,4997.58
Sports & Outdoors,In-Store Regular,Cashback Carnival,915936.55,338,2709.87,524.14,4996.22
Sports & Outdoors,In-Store Regular,Clearance Countdown,817491.70,308,2654.19,513.24,4989.75
Sports & Outdoors,In-Store Regular,Countdown to Savings,859718.15,321,2678.25,508.34,4997.94
Sports & Outdoors,In-Store Regular,Customer Appreciation Week,843086.63,311,2710.89,513.44,4993.43
Sports & Outdoors,In-Store Regular,Cyber Monday Mania,891430.61,332,2685.03,502.42,4966.23
Sports & Outdoors,In-Store Regular,Deal of the Month,861846.76,302,2853.80,534.06,4999.89
Sports & Outdoors,In-Store Regular,Double Points Bonanza,999794.55,361,2769.51,503.76,4987.70
Sports & Outdoors,In-Store Regular,Early Bird Specials,1005487.52,350,2872.82,527.14,4998.17
Sports & Outdoors,In-Store Regular,End of Season Sale,882401.47,319,2766.15,503.93,4996.20
Sports & Outdoors,In-Store Regular,Exclusive Insider Offers,878651.53,316,2780.54,504.56,4992.70
Sports & Outdoors,In-Store Regular,Festive Fever Promo,921680.57,342,2694.97,513.42,4996.45
Sports & Outdoors,In-Store Regular,Final Call Frenzy,918179.94,335,2740.84,522.72,4999.33
Sports & Outdoors,In-Store Regular,Flash Frenzy Friday,1032154.15,365,2827.82,512.74,4989.45
Sports & Outdoors,In-Store Regular,"Gift More, Spend Less",965379.68,349,2766.13,535.98,4986.37
Sports & Outdoors,In-Store Regular,Golden Hour Bargains,980649.98,362,2708.98,509.56,4990.16
Sports & Outdoors,In-Store Regular,Green Weekend Deals,953384.85,342,2787.68,528.88,4999.53
Sports & Outdoors,In-Store Regular,Happy Hour Discounts,892883.03,315,2834.55,519.18,4975.91
Sports & Outdoors,In-Store Regular,Holiday Shopping Rush,908428.75,344,2640.78,520.18,4953.25
Sports & Outdoors,In-Store Regular,Hot Picks Promo,941288.49,335,2809.82,521.15,4982.28
Sports & Outdoors,In-Store Regular,Instant Gratification Sale,995277.96,347,2868.24,521.53,4980.88
Sports & Outdoors,In-Store Regular,Limited Time Treasures,877724.40,333,2635.81,508.79,4987.22
Sports & Outdoors,In-Store Regular,Loyalty Rewards Blast,932004.09,326,2858.91,501.97,4987.05
Sports & Outdoors,In-Store Regular,Mega Weekend Bonanza,940153.87,341,2757.05,513.95,4971.64
Sports & Outdoors,In-Store Regular,Mid-Year Madness,967527.07,350,2764.36,565.84,4997.59
Sports & Outdoors,In-Store Regular,Midnight Madness,930635.88,318,2926.53,500.45,4992.08
Sports & Outdoors,In-Store Regular,Mystery Discount Days,979550.06,338,2898.08,504.23,4989.36
Sports & Outdoors,In-Store Regular,New Arrival Showcase,933300.90,334,2794.31,509.28,4998.83
Sports & Outdoors,In-Store Regular,New Product Launch Promo,840723.08,307,2738.51,526.39,4984.56
Sports & Outdoors,In-Store Regular,New Year Kickoff,750328.92,272,2758.56,516.02,4992.04
Sports & Outdoors,In-Store Regular,Price Drop Parade,870347.36,316,2754.26,525.17,4992.75
Sports & Outdoors,In-Store Regular,Red Tag Clearance,936329.64,337,2778.43,506.04,4997.25
Sports & Outdoors,In-Store Regular,Seasonal Surprise Box,923991.61,344,2686.02,507.86,4992.97
Sports & Outdoors,In-Store Regular,Shop & Save Spectacular,944682.31,344,2746.17,502.76,4976.81
Sports & Outdoors,In-Store Regular,Smart Shopper Week,880626.33,327,2693.05,549.76,4990.11
Sports & Outdoors,In-Store Regular,Spring Refresh Event,918805.11,320,2871.27,508.56,4986.59
Sports & Outdoors,In-Store Regular,Spring Splash Discounts,1009526.01,351,2876.14,502.90,4998.18
Sports & Outdoors,In-Store Regular,Summer Sizzle Promo,939340.47,349,2691.52,502.54,4993.62
Sports & Outdoors,In-Store Regular,Super Savings Week,942897.49,335,2814.62,501.50,4992.34
Sports & Outdoors,In-Store Regular,Ultimate Value Event,915228.98,324,2824.78,502.50,4998.24
Sports & Outdoors,In-Store Regular,VIP Access Sale,910016.49,324,2808.69,502.72,4988.78
Sports & Outdoors,In-Store Regular,Weekend Warrior Specials,934493.42,344,2716.55,509.15,4989.44
Sports & Outdoors,In-Store Regular,Winter Clearance Carnival,966445.04,355,2722.38,504.68,4999.77
Sports & Outdoors,In-Store Regular,Winter Wonders Sale,949739.23,338,2809.88,510.35,4987.82
Sports & Outdoors,Loyal Customer,12 Days of Deals,981799.85,368,2667.93,504.41,4947.84
Sports & Outdoors,Loyal Customer,Autumn Deals Drive,899118.36,325,2766.52,500.76,4997.04
Sports & Outdoors,Loyal Customer,BOGO Blitz,949724.19,342,2776.97,508.28,4996.45
Sports & Outdoors,Loyal Customer,Back to School Boost,1047593.09,377,2778.76,533.41,4996.96
Sports & Outdoors,Loyal Customer,Birthday Bash Sale,993638.13,360,2760.11,501.50,4999.34
Sports & Outdoors,Loyal Customer,Black Friday Blowout,841910.62,314,2681.24,525.43,4961.89
Sports & Outdoors,Loyal Customer,Cart Crasher Campaign,933642.18,333,2803.73,512.77,4986.87
Sports & Outdoors,Loyal Customer,Cashback Carnival,889545.31,328,2712.03,504.12,4969.19
Sports & Outdoors,Loyal Customer,Clearance Countdown,973614.71,378,2575.70,531.33,4989.93
Sports & Outdoors,Loyal Customer,Countdown to Savings,936450.37,336,2787.05,510.44,4996.57
Sports & Outdoors,Loyal Customer,Customer Appreciation Week,890891.37,334,2667.34,529.37,4984.83
Sports & Outdoors,Loyal Customer,Cyber Monday Mania,993721.98,358,2775.76,501.43,4992.84
Sports & Outdoors,Loyal Customer,Deal of the Month,920083.03,338,2722.14,503.70,4985.37
Sports & Outdoors,Loyal Customer,Double Points Bonanza,818371.98,307,2665.71,521.27,4998.97
Sports & Outdoors,Loyal Customer,Early Bird Specials,838969.87,308,2723.93,507.63,4989.56
Sports & Outdoors,Loyal Customer,End of Season Sale,871438.79,327,2664.95,503.57,4993.65
Sports & Outdoors,Loyal Customer,Exclusive Insider Offers,945568.26,342,2764.82,502.99,4992.49
Sports & Outdoors,Loyal Customer,Festive Fever Promo,964891.40,352,2741.17,506.01,4991.54
Sports & Outdoors,Loyal Customer,Final Call Frenzy,939772.13,347,2708.28,514.83,4987.28
Sports & Outdoors,Loyal Customer,Flash Frenzy Friday,926188.67,331,2798.15,535.90,4995.53
Sports & Outdoors,Loyal Customer,"Gift More, Spend Less",894784.69,334,2679.00,519.95,4966.23
Sports & Outdoors,Loyal Customer,Golden Hour Bargains,904934.66,329,2750.56,501.07,4989.95
Sports & Outdoors,Loyal Customer,Green Weekend Deals,804734.80,306,2629.85,512.50,4995.36
Sports & Outdoors,Loyal Customer,Happy Hour Discounts,909431.18,334,2722.85,516.34,4981.80
Sports & Outdoors,Loyal Customer,Holiday Shopping Rush,910711.12,335,2718.54,503.52,4971.68
Sports & Outdoors,Loyal Customer,Hot Picks Promo,913760.75,332,2752.29,510.77,4997.69
Sports & Outdoors,Loyal Customer,Instant Gratification Sale,969336.72,346,2801.55,514.40,4989.24
Sports & Outdoors,Loyal Customer,Limited Time Treasures,914172.98,338,2704.65,515.91,4991.05
Sports & Outdoors,Loyal Customer,Loyalty Rewards Blast,886454.80,328,2702.61,501.80,4982.62
Sports & Outdoors,Loyal Customer,Mega Weekend Bonanza,874771.27,315,2777.05,530.16,4986.49
Sports & Outdoors,Loyal Customer,Mid-Year Madness,870558.31,305,2854.29,517.08,4973.89
Sports & Outdoors,Loyal Customer,Midnight Madness,1015480.39,358,2836.54,509.62,4997.31
Sports & Outdoors,Loyal Customer,Mystery Discount Days,920305.20,332,2772.00,548.33,4984.04
Sports & Outdoors,Loyal Customer,New Arrival Showcase,1026600.98,366,2804.92,506.32,4975.47
Sports & Outdoors,Loyal Customer,New Product Launch Promo,886439.20,322,2752.92,520.95,4998.56
Sports & Outdoors,Loyal Customer,New Year Kickoff,912744.91,327,2791.27,504.68,4980.38
Sports & Outdoors,Loyal Customer,Price Drop Parade,897863.09,318,2823.47,500.50,4990.43
Sports & Outdoors,Loyal Customer,Red Tag Clearance,944333.20,344,2745.15,514.99,4991.35
Sports & Outdoors,Loyal Customer,Seasonal Surprise Box,854892.48,322,2654.95,501.30,4932.26
Sports & Outdoors,Loyal Customer,Shop & Save Spectacular,901719.71,327,2757.55,503.19,4992.07
Sports & Outdoors,Loyal Customer,Smart Shopper Week,880745.81,323,2726.77,514.53,4998.20
Sports & Outdoors,Loyal Customer,Spring Refresh Event,940929.61,339,2775.60,534.15,4959.22
Sports & Outdoors,Loyal Customer,Spring Splash Discounts,1021632.81,378,2702.73,530.75,4999.83
Sports & Outdoors,Loyal Customer,Summer Sizzle Promo,1033475.16,362,2854.90,501.65,4987.70
Sports & Outdoors,Loyal Customer,Super Savings Week,926049.13,338,2739.79,514.08,4990.35
Sports & Outdoors,Loyal Customer,Ultimate Value Event,939193.15,355,2645.61,501.61,4985.73
Sports & Outdoors,Loyal Customer,VIP Access Sale,862988.33,297,2905.68,507.72,4993.65
Sports & Outdoors,Loyal Customer,Weekend Warrior Specials,883086.15,323,2734.01,503.07,4998.83
Sports & Outdoors,Loyal Customer,Winter Clearance Carnival,871943.31,310,2812.72,503.87,4986.85
Sports & Outdoors,Loyal Customer,Winter Wonders Sale,890016.93,322,2764.03,504.80,4993.15
Sports & Outdoors,Occasional Shopper,12 Days of Deals,949713.74,353,2690.41,505.19,4972.50
Sports & Outdoors,Occasional Shopper,Autumn Deals Drive,972210.12,360,2700.58,500.33,4993.48
Sports & Outdoors,Occasional Shopper,BOGO Blitz,851558.39,301,2829.10,510.81,4997.17
Sports & Outdoors,Occasional Shopper,Back to School Boost,997129.72,366,2724.40,515.62,4981.70
Sports & Outdoors,Occasional Shopper,Birthday Bash Sale,949797.11,354,2683.04,512.52,4987.98
Sports & Outdoors,Occasional Shopper,Black Friday Blowout,928820.09,344,2700.06,513.30,4999.65
Sports & Outdoors,Occasional Shopper,Cart Crasher Campaign,1001064.95,362,2765.37,511.39,4993.76
Sports & Outdoors,Occasional Shopper,Cashback Carnival,920012.69,340,2705.92,500.39,4981.41
Sports & Outdoors,Occasional Shopper,Clearance Countdown,943459.96,359,2628.02,501.38,4989.35
Sports & Outdoors,Occasional Shopper,Countdown to Savings,943165.46,338,2790.43,511.78,4982.65
Sports & Outdoors,Occasional Shopper,Customer Appreciation Week,1058631.93,371,2853.46,520.00,4988.63
Sports & Outdoors,Occasional Shopper,Cyber Monday Mania,952100.83,347,2743.81,512.33,4999.05
Sports & Outdoors,Occasional Shopper,Deal of the Month,883540.68,317,2787.19,503.87,4995.46
Sports & Outdoors,Occasional Shopper,Double Points Bonanza,872729.15,334,2612.96,516.41,4985.86
Sports & Outdoors,Occasional Shopper,Early Bird Specials,892033.45,341,2615.93,505.00,4991.02
Sports & Outdoors,Occasional Shopper,End of Season Sale,940334.20,334,2815.37,505.12,4980.34
Sports & Outdoors,Occasional Shopper,Exclusive Insider Offers,999908.09,356,2808.73,511.61,4998.46
Sports & Outdoors,Occasional Shopper,Festive Fever Promo,882992.45,324,2725.29,503.81,4942.07
Sports & Outdoors,Occasional Shopper,Final Call Frenzy,905521.97,324,2794.82,508.36,4995.70
Sports & Outdoors,Occasional Shopper,Flash Frenzy Friday,890576.72,328,2715.17,504.62,4995.14
Sports & Outdoors,Occasional Shopper,"Gift More, Spend Less",997891.83,363,2749.01,505.11,4996.60
Sports & Outdoors,Occasional Shopper,Golden Hour Bargains,998482.76,377,2648.50,502.76,4963.97
Sports & Outdoors,Occasional Shopper,Green Weekend Deals,904802.04,334,2708.99,504.95,4996.09
Sports & Outdoors,Occasional Shopper,Happy Hour Discounts,906364.95,345,2627.14,502.86,4993.63
Sports & Outdoors,Occasional Shopper,Holiday Shopping Rush,922005.99,341,2703.83,501.14,4969.05
Sports & Outdoors,Occasional Shopper,Hot Picks Promo,902028.52,334,2700.68,511.30,4996.43
Sports & Outdoors,Occasional Shopper,Instant Gratification Sale,899779.44,334,2693.95,500.41,4953.65
Sports & Outdoors,Occasional Shopper,Limited Time Treasures,953468.09,336,2837.70,517.48,4996.93
Sports & Outdoors,Occasional Shopper,Loyalty Rewards Blast,948810.08,334,2840.75,501.42,4989.94
Sports & Outdoors,Occasional Shopper,Mega Weekend Bonanza,988135.63,354,2791.34,527.06,4981.52
Sports & Outdoors,Occasional Shopper,Mid-Year Madness,905052.69,334,2709.74,548.00,4994.65
Sports & Outdoors,Occasional Shopper,Midnight Madness,834919.40,302,2764.63,522.93,4987.96
Sports & Outdoors,Occasional Shopper,Mystery Discount Days,801840.47,293,2736.66,530.00,4998.21
Sports & Outdoors,Occasional Shopper,New Arrival Showcase,931373.98,343,2715.38,529.23,4989.89
Sports & Outdoors,Occasional Shopper,New Product Launch Promo,1000075.88,357,2801.33,503.65,4993.05
Sports & Outdoors,Occasional Shopper,New Year Kickoff,861960.27,318,2710.57,513.60,4956.65
Sports & Outdoors,Occasional Shopper,Price Drop Parade,902401.95,337,2677.75,500.07,4985.83
Sports & Outdoors,Occasional Shopper,Red Tag Clearance,978602.63,352,2780.12,504.14,4992.12
Sports & Outdoors,Occasional Shopper,Seasonal Surprise Box,897257.01,318,2821.56,501.08,4981.63
Sports & Outdoors,Occasional Shopper,Shop & Save Spectacular,876816.75,312,2810.31,507.72,4995.89
Sports & Outdoors,Occasional Shopper,Smart Shopper Week,999897.90,352,2840.62,531.21,4975.19
Sports & Outdoors,Occasional Shopper,Spring Refresh Event,924489.58,335,2759.67,502.39,4993.39
Sports & Outdoors,Occasional Shopper,Spring Splash Discounts,860426.76,311,2766.65,512.45,4986.81
Sports & Outdoors,Occasional Shopper,Summer Sizzle Promo,942555.18,344,2739.99,502.59,4998.50
Sports & Outdoors,Occasional Shopper,Super Savings Week,962275.06,344,2797.31,531.63,4974.31
Sports & Outdoors,Occasional Shopper,Ultimate Value Event,943606.95,341,2767.18,502.59,4979.85
Sports & Outdoors,Occasional Shopper,VIP Access Sale,994693.58,350,2841.98,517.53,4998.87
Sports & Outdoors,Occasional Shopper,Weekend Warrior Specials,929301.44,339,2741.30,501.32,4997.81
Sports & Outdoors,Occasional Shopper,Winter Clearance Carnival,888643.11,332,2676.64,533.25,4990.59
Sports & Outdoors,Occasional Shopper,Winter Wonders Sale,912555.87,323,2825.25,522.78,4993.38
Sports & Outdoors,Online Shopper,12 Days of Deals,971571.40,358,2713.89,518.98,4966.10
Sports & Outdoors,Online Shopper,Autumn Deals Drive,882315.26,326,2706.49,502.62,4988.18
Sports & Outdoors,Online Shopper,BOGO Blitz,852054.56,323,2637.94,509.05,4996.52
Sports & Outdoors,Online Shopper,Back to School Boost,867745.62,304,2854.43,525.33,4992.25
Sports & Outdoors,Online Shopper,Birthday Bash Sale,903893.73,323,2798.43,513.78,4984.92
Sports & Outdoors,Online Shopper,Black Friday Blowout,895064.52,335,2671.83,515.94,4967.41
Sports & Outdoors,Online Shopper,Cart Crasher Campaign,998541.27,369,2706.07,513.92,4994.96
Sports & Outdoors,Online Shopper,Cashback Carnival,856909.49,320,2677.84,505.40,4948.97
Sports & Outdoors,Online Shopper,Clearance Countdown,830995.82,311,2672.01,502.34,4993.50
Sports & Outdoors,Online Shopper,Countdown to Savings,922412.76,346,2665.93,529.61,4989.47
Sports & Outdoors,Online Shopper,Customer Appreciation Week,999707.69,363,2754.02,523.80,4979.15
Sports & Outdoors,Online Shopper,Cyber Monday Mania,984259.00,360,2734.05,504.92,4998.53
Sports & Outdoors,Online Shopper,Deal of the Month,882661.75,324,2724.26,520.18,4921.03
Sports & Outdoors,Online Shopper,Double Points Bonanza,1053710.37,367,2871.15,517.96,4993.64
Sports & Outdoors,Online Shopper,Early Bird Specials,1036736.44,368,2817.22,512.51,4996.32
Sports & Outdoors,Online Shopper,End of Season Sale,916137.97,342,2678.77,513.57,4995.91
Sports & Outdoors,Online Shopper,Exclusive Insider Offers,957717.31,336,2850.35,513.77,4999.97
Sports & Outdoors,Online Shopper,Festive Fever Promo,923921.95,338,2733.50,503.49,4991.31
Sports & Outdoors,Online Shopper,Final Call Frenzy,807870.04,287,2814.88,510.70,4980.12
Sports & Outdoors,Online Shopper,Flash Frenzy Friday,909990.91,333,2732.71,517.65,4996.10
Sports & Outdoors,Online Shopper,"Gift More, Spend Less",941135.06,360,2614.26,501.32,4992.10
Sports & Outdoors,Online Shopper,Golden Hour Bargains,837077.42,303,2762.63,517.29,4988.70
Sports & Outdoors,Online Shopper,Green Weekend Deals,936153.38,335,2794.49,508.30,4987.48
Sports & Outdoors,Online Shopper,Happy Hour Discounts,909142.96,328,2771.78,516.62,4999.78
Sports & Outdoors,Online Shopper,Holiday Shopping Rush,922567.45,340,2713.43,510.74,4978.01
Sports & Outdoors,Online Shopper,Hot Picks Promo,978130.74,357,2739.86,526.98,4994.34
Sports & Outdoors,Online Shopper,Instant Gratification Sale,811584.79,290,2798.57,500.89,4983.16
Sports & Outdoors,Online Shopper,Limited Time Treasures,979510.41,362,2705.83,521.66,4998.98
Sports & Outdoors,Online Shopper,Loyalty Rewards Blast,874565.30,317,2758.88,509.05,4985.62
Sports & Outdoors,Online Shopper,Mega Weekend Bonanza,1003035.34,366,2740.53,500.15,4989.73
Sports & Outdoors,Online Shopper,Mid-Year Madness,895393.38,330,2713.31,509.74,4932.82
Sports & Outdoors,Online Shopper,Midnight Madness,926106.54,333,2781.10,500.23,4994.74
Sports & Outdoors,Online Shopper,Mystery Discount Days,954390.43,341,2798.80,500.04,4975.87
Sports & Outdoors,Online Shopper,New Arrival Showcase,933749.85,331,2821.00,504.11,4997.59
Sports & Outdoors,Online Shopper,New Product Launch Promo,1016166.40,360,2822.68,507.14,4996.38
Sports & Outdoors,Online Shopper,New Year Kickoff,971510.41,348,2791.70,510.22,4997.16
Sports & Outdoors,Online Shopper,Price Drop Parade,922839.62,350,2636.68,504.82,4960.66
Sports & Outdoors,Online Shopper,Red Tag Clearance,846997.66,305,2777.04,504.13,4990.98
Sports & Outdoors,Online Shopper,Seasonal Surprise Box,938190.47,352,2665.31,531.86,4981.47
Sports & Outdoors,Online Shopper,Shop & Save Spectacular,894737.92,333,2686.90,505.73,4995.87
Sports & Outdoors,Online Shopper,Smart Shopper Week,928928.11,339,2740.20,509.78,4987.87
Sports & Outdoors,Online Shopper,Spring Refresh Event,922399.35,328,2812.19,521.35,4981.20
Sports & Outdoors,Online Shopper,Spring Splash Discounts,924333.18,323,2861.71,510.72,4990.37
Sports & Outdoors,Online Shopper,Summer Sizzle Promo,928394.79,350,2652.56,505.27,4995.91
Sports & Outdoors,Online Shopper,Super Savings Week,971013.80,336,2889.92,523.55,4998.97
Sports & Outdoors,Online Shopper,Ultimate Value Event,948450.37,349,2717.62,509.98,4993.60
Sports & Outdoors,Online Shopper,VIP Access Sale,934665.43,335,2790.05,506.74,4989.88
Sports & Outdoors,Online Shopper,Weekend Warrior Specials,936379.59,333,2811.95,528.63,4992.44
Sports & Outdoors,Online Shopper,Winter Clearance Carnival,868141.52,301,2884.19,503.08,4998.38
Sports & Outdoors,Online Shopper,Winter Wonders Sale,875689.90,326,2686.17,536.42,4993.77
Sports & Outdoors,Premium Shopper,12 Days of Deals,956867.73,348,2749.62,516.63,4999.67
Sports & Outdoors,Premium Shopper,Autumn Deals Drive,908032.93,329,2759.98,506.80,4996.22
Sports & Outdoors,Premium Shopper,BOGO Blitz,960034.43,342,2807.12,525.03,4993.50
Sports & Outdoors,Premium Shopper,Back to School Boost,908090.09,340,2670.85,532.74,4988.20
Sports & Outdoors,Premium Shopper,Birthday Bash Sale,970454.20,338,2871.17,536.16,4974.29
Sports & Outdoors,Premium Shopper,Black Friday Blowout,969978.86,365,2657.48,500.60,4990.38
Sports & Outdoors,Premium Shopper,Cart Crasher Campaign,865406.87,306,2828.13,500.78,4973.47
Sports & Outdoors,Premium Shopper,Cashback Carnival,917987.44,327,2807.30,502.87,4981.66
Sports & Outdoors,Premium Shopper,Clearance Countdown,908872.99,320,2840.23,501.13,4992.16
Sports & Outdoors,Premium Shopper,Countdown to Savings,988920.71,357,2770.09,500.23,4995.70
Sports & Outdoors,Premium Shopper,Customer Appreciation Week,991528.02,346,2865.69,513.15,4998.61
Sports & Outdoors,Premium Shopper,Cyber Monday Mania,874440.92,314,2784.84,516.35,4955.20
Sports & Outdoors,Premium Shopper,Deal of the Month,904435.17,342,2644.55,543.72,4978.77
Sports & Outdoors,Premium Shopper,Double Points Bonanza,926657.11,329,2816.59,509.65,4977.11
Sports & Outdoors,Premium Shopper,Early Bird Specials,791107.67,297,2663.66,518.46,4991.74
Sports & Outdoors,Premium Shopper,End of Season Sale,781540.67,292,2676.51,517.48,4991.27
Sports & Outdoors,Premium Shopper,Exclusive Insider Offers,1051643.73,370,2842.28,513.90,4978.62
Sports & Outdoors,Premium Shopper,Festive Fever Promo,887212.86,325,2729.89,510.79,4997.72
Sports & Outdoors,Premium Shopper,Final Call Frenzy,845668.32,320,2642.71,500.30,4986.38
Sports & Outdoors,Premium Shopper,Flash Frenzy Friday,887048.93,329,2696.20,504.35,4988.12
Sports & Outdoors,Premium Shopper,"Gift More, Spend Less",825229.24,300,2750.76,539.23,4993.87
Sports & Outdoors,Premium Shopper,Golden Hour Bargains,967971.27,353,2742.13,506.96,4995.64
Sports & Outdoors,Premium Shopper,Green Weekend Deals,839171.09,317,2647.23,503.13,4964.84
Sports & Outdoors,Premium Shopper,Happy Hour Discounts,953295.18,341,2795.59,519.83,4987.84
Sports & Outdoors,Premium Shopper,Holiday Shopping Rush,871778.25,305,2858.29,533.89,4998.76
Sports & Outdoors,Premium Shopper,Hot Picks Promo,848206.68,323,2626.03,507.35,4980.07
Sports & Outdoors,Premium Shopper,Instant Gratification Sale,1020982.57,373,2737.22,504.24,4991.13
Sports & Outdoors,Premium Shopper,Limited Time Treasures,988914.59,350,2825.47,509.04,4995.92
Sports & Outdoors,Premium Shopper,Loyalty Rewards Blast,784899.05,304,2581.90,509.26,4987.16
Sports & Outdoors,Premium Shopper,Mega Weekend Bonanza,912875.64,324,2817.52,514.59,4993.01
Sports & Outdoors,Premium Shopper,Mid-Year Madness,917441.12,340,2698.36,502.53,4984.84
Sports & Outdoors,Premium Shopper,Midnight Madness,821573.38,315,2608.17,501.16,4993.54
Sports & Outdoors,Premium Shopper,Mystery Discount Days,867127.72,327,2651.77,505.83,4999.55
Sports & Outdoors,Premium Shopper,New Arrival Showcase,850810.36,303,2807.95,517.75,4992.57
Sports & Outdoors,Premium Shopper,New Product Launch Promo,798603.26,308,2592.87,517.66,4984.64
Sports & Outdoors,Premium Shopper,New Year Kickoff,872047.21,310,2813.06,540.79,4988.03
Sports & Outdoors,Premium Shopper,Price Drop Parade,856278.75,315,2718.35,544.57,4951.12
Sports & Outdoors,Premium Shopper,Red Tag Clearance,889145.58,325,2735.83,502.70,4995.31
Sports & Outdoors,Premium Shopper,Seasonal Surprise Box,933332.85,340,2745.10,500.31,4986.54
Sports & Outdoors,Premium Shopper,Shop & Save Spectacular,926660.02,342,2709.53,513.29,4968.33
Sports & Outdoors,Premium Shopper,Smart Shopper Week,799296.49,307,2603.57,505.62,4996.44
Sports & Outdoors,Premium Shopper,Spring Refresh Event,981749.27,365,2689.72,502.50,4958.26
Sports & Outdoors,Premium Shopper,Spring Splash Discounts,844578.91,310,2724.45,531.91,4990.88
Sports & Outdoors,Premium Shopper,Summer Sizzle Promo,946506.64,337,2808.63,500.81,4997.06
Sports & Outdoors,Premium Shopper,Super Savings Week,976026.03,342,2853.88,509.31,4992.76
Sports & Outdoors,Premium Shopper,Ultimate Value Event,937206.77,342,2740.37,510.52,4981.61
Sports & Outdoors,Premium Shopper,VIP Access Sale,776227.39,286,2714.08,542.90,4995.80
Sports & Outdoors,Premium Shopper,Weekend Warrior Specials,916638.21,319,2873.47,500.79,4984.56
Sports & Outdoors,Premium Shopper,Winter Clearance Carnival,850642.79,305,2788.99,512.66,4995.26
Sports & Outdoors,Premium Shopper,Winter Wonders Sale,959705.10,330,2908.20,513.20,4985.90
