category,brand,salesperson_role,campaign_name,sum_amount,count,avg_amount,min_amount,max_amount
Clothing,Adidas,Manager,12 Days of Deals,443466.72,158,2806.75,505.04,4998.46
Clothing,Adidas,Manager,Autumn Deals Drive,507920.02,185,2745.51,518.04,4992.48
Clothing,Adidas,Manager,BOGO Blitz,493396.46,177,2787.55,500.64,4991.38
Clothing,Adidas,Manager,Back to School Boost,482356.03,172,2804.40,593.48,4980.54
Clothing,Adidas,Manager,Birthday Bash Sale,444104.22,162,2741.38,517.04,4994.20
Clothing,Adidas,Manager,Black Friday Blowout,467409.56,177,2640.73,502.05,4952.48
Clothing,Adidas,Manager,Cart Crasher Campaign,481411.75,182,2645.12,530.26,4950.61
Clothing,Adidas,Manager,Cashback Carnival,463902.34,161,2881.38,580.99,4949.97
Clothing,Adidas,Manager,Clearance Countdown,398504.82,151,2639.10,500.53,4993.67
Clothing,Adidas,Manager,Countdown to Savings,402485.80,153,2630.63,501.16,4996.97
Clothing,Adidas,Manager,Customer Appreciation Week,482460.40,171,2821.41,529.43,4970.25
Clothing,Adidas,Manager,Cyber Monday Mania,445313.79,160,2783.21,516.07,4990.88
Clothing,Adidas,Manager,Deal of the Month,523132.67,180,2906.29,504.75,4982.42
Clothing,Adidas,Manager,Double Points Bonanza,443794.85,166,2673.46,514.48,4957.71
Clothing,Adidas,Manager,Early Bird Specials,440822.94,158,2790.02,548.17,4996.74
Clothing,Adidas,Manager,End of Season Sale,504725.67,180,2804.03,543.01,4983.53
Clothing,Adidas,Manager,Exclusive Insider Offers,435925.83,153,2849.19,534.77,4969.33
Clothing,Adidas,Manager,Festive Fever Promo,515203.37,176,2927.29,516.42,4980.87
Clothing,Adidas,Manager,Final Call Frenzy,474461.98,171,2774.63,525.27,4971.11
Clothing,Adidas,Manager,Flash Frenzy Friday,386294.48,152,2541.41,533.79,4994.26
Clothing,Adidas,Manager,"Gift More, Spend Less",438109.22,170,2577.11,510.97,4988.68
Clothing,Adidas,Manager,Golden Hour Bargains,460284.06,173,2660.60,511.16,4972.07
Clothing,Adidas,Manager,Green Weekend Deals,455581.12,166,2744.46,513.01,4980.69
Clothing,Adidas,Manager,Happy Hour Discounts,372282.17,139,2678.29,505.67,4885.27
Clothing,Adidas,Manager,Holiday Shopping Rush,423712.16,155,2733.63,506.77,4855.73
Clothing,Adidas,Manager,Hot Picks Promo,448791.95,168,2671.38,523.47,4982.12
Clothing,Adidas,Manager,Instant Gratification Sale,416731.47,154,2706.05,501.99,4993.28
Clothing,Adidas,Manager,Limited Time Treasures,467943.22,166,2818.94,512.09,4999.38
Clothing,Adidas,Manager,Loyalty Rewards Blast,449755.01,157,2864.68,534.09,4954.60
Clothing,Adidas,Manager,Mega Weekend Bonanza,427531.87,162,2639.09,517.03,4996.59
Clothing,Adidas,Manager,Mid-Year Madness,481835.54,180,2676.86,501.32,4981.55
Clothing,Adidas,Manager,Midnight Madness,423583.30,153,2768.52,571.70,4880.97
Clothing,Adidas,Manager,Mystery Discount Days,401554.00,149,2694.99,500.17,4979.18
Clothing,Adidas,Manager,New Arrival Showcase,436825.72,164,2663.57,501.06,4978.03
Clothing,Adidas,Manager,New Product Launch Promo,488123.11,175,2789.27,541.28,4979.03
Clothing,Adidas,Manager,New Year Kickoff,395469.72,153,2584.77,502.81,4988.93
Clothing,Adidas,Manager,Price Drop Parade,508313.58,185,2747.64,507.14,4970.18
Clothing,Adidas,Manager,Red Tag Clearance,471966.80,173,2728.13,520.14,4995.28
Clothing,Adidas,Manager,Seasonal Surprise Box,407420.51,146,2790.55,607.40,4990.98
Clothing,Adidas,Manager,Shop & Save Spectacular,452435.00,158,2863.51,511.32,4920.35
Clothing,Adidas,Manager,Smart Shopper Week,416924.79,161,2589.59,518.72,4985.85
Clothing,Adidas,Manager,Spring Refresh Event,428372.65,156,2745.98,529.10,4995.47
Clothing,Adidas,Manager,Spring Splash Discounts,493580.68,176,2804.44,503.97,4993.32
Clothing,Adidas,Manager,Summer Sizzle Promo,515338.22,186,2770.64,513.93,4975.17
Clothing,Adidas,Manager,Super Savings Week,481277.48,178,2703.81,501.26,4959.27
Clothing,Adidas,Manager,Ultimate Value Event,454527.40,159,2858.66,513.09,4989.43
Clothing,Adidas,Manager,VIP Access Sale,429821.74,154,2791.05,506.38,4991.78
Clothing,Adidas,Manager,Weekend Warrior Specials,485936.74,179,2714.73,501.72,4993.94
Clothing,Adidas,Manager,Winter Clearance Carnival,469437.00,166,2827.93,524.08,4912.57
Clothing,Adidas,Manager,Winter Wonders Sale,432862.65,169,2561.32,586.36,4929.83
Clothing,Adidas,Sales Associate,12 Days of Deals,449787.88,155,2901.86,512.27,4970.14
Clothing,Adidas,Sales Associate,Autumn Deals Drive,519591.26,186,2793.50,566.12,4991.85
Clothing,Adidas,Sales Associate,BOGO Blitz,482652.77,176,2742.35,509.20,4998.71
Clothing,Adidas,Sales Associate,Back to School Boost,459021.96,179,2564.37,501.04,4994.39
Clothing,Adidas,Sales Associate,Birthday Bash Sale,476570.59,166,2870.91,500.58,4996.78
Clothing,Adidas,Sales Associate,Black Friday Blowout,490885.58,172,2853.99,503.18,4964.85
Clothing,Adidas,Sales Associate,Cart Crasher Campaign,473272.67,170,2783.96,541.70,4994.25
Clothing,Adidas,Sales Associate,Cashback Carnival,503290.71,189,2662.91,515.77,4982.89
Clothing,Adidas,Sales Associate,Clearance Countdown,500844.43,191,2622.22,503.83,4996.24
Clothing,Adidas,Sales Associate,Countdown to Savings,479017.95,176,2721.69,510.74,4955.79
Clothing,Adidas,Sales Associate,Customer Appreciation Week,434854.61,165,2635.48,510.44,4977.50
Clothing,Adidas,Sales Associate,Cyber Monday Mania,464385.28,170,2731.68,609.90,4952.15
Clothing,Adidas,Sales Associate,Deal of the Month,460120.11,170,2706.59,520.13,4999.41
Clothing,Adidas,Sales Associate,Double Points Bonanza,450529.06,168,2681.72,506.41,4995.71
Clothing,Adidas,Sales Associate,Early Bird Specials,459872.49,168,2737.34,504.93,4993.12
Clothing,Adidas,Sales Associate,End of Season Sale,445792.51,161,2768.90,515.55,4840.92
Clothing,Adidas,Sales Associate,Exclusive Insider Offers,498708.01,182,2740.15,532.79,4975.61
Clothing,Adidas,Sales Associate,Festive Fever Promo,449229.30,162,2773.02,504.43,4951.48
Clothing,Adidas,Sales Associate,Final Call Frenzy,462550.02,156,2965.06,541.76,4989.90
Clothing,Adidas,Sales Associate,Flash Frenzy Friday,460796.07,167,2759.26,509.03,4941.27
Clothing,Adidas,Sales Associate,"Gift More, Spend Less",487757.75,178,2740.21,530.30,4972.49
Clothing,Adidas,Sales Associate,Golden Hour Bargains,456879.83,166,2752.29,506.24,4999.76
Clothing,Adidas,Sales Associate,Green Weekend Deals,438717.27,163,2691.52,513.09,4999.76
Clothing,Adidas,Sales Associate,Happy Hour Discounts,416270.89,156,2668.40,536.61,4965.62
Clothing,Adidas,Sales Associate,Holiday Shopping Rush,526311.76,185,2844.93,507.47,4942.38
Clothing,Adidas,Sales Associate,Hot Picks Promo,473500.45,162,2922.84,593.47,4968.97
Clothing,Adidas,Sales Associate,Instant Gratification Sale,488429.43,178,2743.99,500.95,4998.40
Clothing,Adidas,Sales Associate,Limited Time Treasures,415839.65,160,2599.00,556.42,4952.45
Clothing,Adidas,Sales Associate,Loyalty Rewards Blast,363706.45,138,2635.55,505.10,4896.46
Clothing,Adidas,Sales Associate,Mega Weekend Bonanza,431919.84,163,2649.81,518.73,4992.14
Clothing,Adidas,Sales Associate,Mid-Year Madness,456826.96,167,2735.49,550.59,4991.43
Clothing,Adidas,Sales Associate,Midnight Madness,458108.08,164,2793.34,512.27,4913.45
Clothing,Adidas,Sales Associate,Mystery Discount Days,542711.50,182,2981.93,529.02,4976.22
Clothing,Adidas,Sales Associate,New Arrival Showcase,500682.72,179,2797.11,533.03,4988.89
Clothing,Adidas,Sales Associate,New Product Launch Promo,510644.51,180,2836.91,500.83,4984.79
Clothing,Adidas,Sales Associate,New Year Kickoff,436577.54,169,2583.30,503.72,4991.46
Clothing,Adidas,Sales Associate,Price Drop Parade,494108.71,184,2685.37,537.35,4987.71
Clothing,Adidas,Sales Associate,Red Tag Clearance,461959.48,163,2834.11,536.59,4982.81
Clothing,Adidas,Sales Associate,Seasonal Surprise Box,485358.84,181,2681.54,500.52,4978.73
Clothing,Adidas,Sales Associate,Shop & Save Spectacular,499806.45,186,2687.13,513.48,4992.75
Clothing,Adidas,Sales Associate,Smart Shopper Week,508643.23,182,2794.74,520.02,4983.10
Clothing,Adidas,Sales Associate,Spring Refresh Event,469992.62,168,2797.58,557.69,4987.97
Clothing,Adidas,Sales Associate,Spring Splash Discounts,446030.73,175,2548.75,535.63,4990.13
Clothing,Adidas,Sales Associate,Summer Sizzle Promo,542862.15,192,2827.41,506.00,4982.52
Clothing,Adidas,Sales Associate,Super Savings Week,437337.77,162,2699.62,515.33,4998.86
Clothing,Adidas,Sales Associate,Ultimate Value Event,469011.07,170,2758.89,604.40,4998.36
Clothing,Adidas,Sales Associate,VIP Access Sale,522758.76,190,2751.36,506.71,4996.65
Clothing,Adidas,Sales Associate,Weekend Warrior Specials,512521.39,188,2726.18,511.44,4974.91
Clothing,Adidas,Sales Associate,Winter Clearance Carnival,458873.42,168,2731.39,510.29,4958.83
Clothing,Adidas,Sales Associate,Winter Wonders Sale,420979.62,160,2631.12,554.10,4996.30
Clothing,Adidas,Salesperson,12 Days of Deals,505931.41,188,2691.12,524.97,4974.07
Clothing,Adidas,Salesperson,Autumn Deals Drive,424340.03,153,2773.46,538.66,4981.81
Clothing,Adidas,Salesperson,BOGO Blitz,512768.51,185,2771.72,518.34,4976.65
Clothing,Adidas,Salesperson,Back to School Boost,475429.82,171,2780.29,501.52,4978.26
Clothing,Adidas,Salesperson,Birthday Bash Sale,490191.33,180,2723.29,502.17,4963.09
Clothing,Adidas,Salesperson,Black Friday Blowout,485183.20,176,2756.72,567.65,4994.34
Clothing,Adidas,Salesperson,Cart Crasher Campaign,422126.56,156,2705.94,525.18,4942.50
Clothing,Adidas,Salesperson,Cashback Carnival,486902.70,179,2720.13,531.84,4961.14
Clothing,Adidas,Salesperson,Clearance Countdown,446430.03,167,2673.23,505.52,4995.33
Clothing,Adidas,Salesperson,Countdown to Savings,476662.05,174,2739.44,509.94,4966.52
Clothing,Adidas,Salesperson,Customer Appreciation Week,462800.00,179,2585.47,523.17,4980.59
Clothing,Adidas,Salesperson,Cyber Monday Mania,502541.49,177,2839.22,576.58,4993.46
Clothing,Adidas,Salesperson,Deal of the Month,482851.54,179,2697.49,567.68,4942.38
Clothing,Adidas,Salesperson,Double Points Bonanza,471242.91,165,2856.02,510.59,4986.54
Clothing,Adidas,Salesperson,Early Bird Specials,570741.00,194,2941.96,567.13,4934.17
Clothing,Adidas,Salesperson,End of Season Sale,453210.65,161,2814.97,553.90,4997.48
Clothing,Adidas,Salesperson,Exclusive Insider Offers,523375.29,188,2783.91,508.78,4931.91
Clothing,Adidas,Salesperson,Festive Fever Promo,484469.07,184,2632.98,510.97,4977.68
Clothing,Adidas,Salesperson,Final Call Frenzy,460165.69,175,2629.52,509.40,4992.84
Clothing,Adidas,Salesperson,Flash Frenzy Friday,478108.15,169,2829.04,501.20,4948.26
Clothing,Adidas,Salesperson,"Gift More, Spend Less",428560.73,158,2712.41,510.65,4963.20
Clothing,Adidas,Salesperson,Golden Hour Bargains,473225.25,176,2688.78,531.04,4991.51
Clothing,Adidas,Salesperson,Green Weekend Deals,438532.03,163,2690.38,560.33,4926.07
Clothing,Adidas,Salesperson,Happy Hour Discounts,426148.01,153,2785.28,510.62,4929.09
Clothing,Adidas,Salesperson,Holiday Shopping Rush,427623.38,149,2869.96,548.15,4998.34
Clothing,Adidas,Salesperson,Hot Picks Promo,511901.76,186,2752.16,520.65,4987.14
Clothing,Adidas,Salesperson,Instant Gratification Sale,453661.96,163,2783.20,528.04,4985.30
Clothing,Adidas,Salesperson,Limited Time Treasures,390554.31,138,2830.10,501.46,4916.16
Clothing,Adidas,Salesperson,Loyalty Rewards Blast,490571.73,182,2695.45,503.40,4989.59
Clothing,Adidas,Salesperson,Mega Weekend Bonanza,436049.22,160,2725.31,508.93,4931.29
Clothing,Adidas,Salesperson,Mid-Year Madness,425958.66,160,2662.24,524.32,4989.23
Clothing,Adidas,Salesperson,Midnight Madness,591978.86,211,2805.59,504.20,4986.14
Clothing,Adidas,Salesperson,Mystery Discount Days,463036.68,178,2601.33,508.03,4954.34
Clothing,Adidas,Salesperson,New Arrival Showcase,482655.76,181,2666.61,513.68,4992.69
Clothing,Adidas,Salesperson,New Product Launch Promo,448627.15,167,2686.39,526.80,4999.95
Clothing,Adidas,Salesperson,New Year Kickoff,505837.08,189,2676.39,519.85,4955.51
Clothing,Adidas,Salesperson,Price Drop Parade,403872.29,155,2605.63,506.80,4952.76
Clothing,Adidas,Salesperson,Red Tag Clearance,509084.57,182,2797.17,517.61,4965.93
Clothing,Adidas,Salesperson,Seasonal Surprise Box,471875.60,167,2825.60,527.98,4970.50
Clothing,Adidas,Salesperson,Shop & Save Spectacular,462775.35,177,2614.55,516.93,4949.92
Clothing,Adidas,Salesperson,Smart Shopper Week,489591.00,177,2766.05,545.17,4998.23
Clothing,Adidas,Salesperson,Spring Refresh Event,557262.87,187,2980.02,515.97,4997.20
Clothing,Adidas,Salesperson,Spring Splash Discounts,446137.13,166,2687.57,548.00,4963.37
Clothing,Adidas,Salesperson,Summer Sizzle Promo,461334.62,170,2713.73,508.62,4998.80
Clothing,Adidas,Salesperson,Super Savings Week,451690.55,163,2771.11,513.59,4949.70
Clothing,Adidas,Salesperson,Ultimate Value Event,548362.59,191,2871.01,593.54,4995.70
Clothing,Adidas,Salesperson,VIP Access Sale,481707.26,176,2736.97,513.12,4915.80
Clothing,Adidas,Salesperson,Weekend Warrior Specials,478080.73,183,2612.46,533.71,4986.59
Clothing,Adidas,Salesperson,Winter Clearance Carnival,435639.07,158,2757.21,517.38,4971.08
Clothing,Adidas,Salesperson,Winter Wonders Sale,472219.41,172,2745.46,558.76,4993.56
Clothing,Adidas,Senior Salesperson,12 Days of Deals,448317.66,168,2668.56,501.08,4972.86
Clothing,Adidas,Senior Salesperson,Autumn Deals Drive,395718.15,146,2710.40,518.70,4973.92
Clothing,Adidas,Senior Salesperson,BOGO Blitz,456561.92,161,2835.79,523.98,4973.52
Clothing,Adidas,Senior Salesperson,Back to School Boost,470308.66,161,2921.17,518.87,4999.86
Clothing,Adidas,Senior Salesperson,Birthday Bash Sale,414422.69,146,2838.51,518.24,4933.99
Clothing,Adidas,Senior Salesperson,Black Friday Blowout,451490.92,172,2624.95,557.08,4987.67
Clothing,Adidas,Senior Salesperson,Cart Crasher Campaign,447528.37,153,2925.02,520.56,4894.25
Clothing,Adidas,Senior Salesperson,Cashback Carnival,347381.34,139,2499.15,502.29,4972.53
Clothing,Adidas,Senior Salesperson,Clearance Countdown,354621.95,130,2727.86,567.76,4993.56
Clothing,Adidas,Senior Salesperson,Countdown to Savings,370650.99,133,2786.85,519.60,4876.08
Clothing,Adidas,Senior Salesperson,Customer Appreciation Week,461929.13,154,2999.54,503.78,4994.47
Clothing,Adidas,Senior Salesperson,Cyber Monday Mania,359460.92,144,2496.26,508.76,4974.49
Clothing,Adidas,Senior Salesperson,Deal of the Month,408062.78,148,2757.18,559.31,4989.69
Clothing,Adidas,Senior Salesperson,Double Points Bonanza,447904.73,163,2747.88,530.48,4979.37
Clothing,Adidas,Senior Salesperson,Early Bird Specials,465958.87,164,2841.21,624.43,4994.73
Clothing,Adidas,Senior Salesperson,End of Season Sale,439694.80,156,2818.56,511.79,4972.03
Clothing,Adidas,Senior Salesperson,Exclusive Insider Offers,424672.07,152,2793.90,632.86,4984.33
Clothing,Adidas,Senior Salesperson,Festive Fever Promo,497872.53,166,2999.23,522.18,4909.62
Clothing,Adidas,Senior Salesperson,Final Call Frenzy,357221.36,131,2726.88,527.10,4951.75
Clothing,Adidas,Senior Salesperson,Flash Frenzy Friday,299780.78,125,2398.25,519.52,4957.05
Clothing,Adidas,Senior Salesperson,"Gift More, Spend Less",316377.70,115,2751.11,554.53,4887.62
Clothing,Adidas,Senior Salesperson,Golden Hour Bargains,375180.98,140,2679.86,523.61,4987.66
Clothing,Adidas,Senior Salesperson,Green Weekend Deals,364435.09,142,2566.44,501.10,4990.27
Clothing,Adidas,Senior Salesperson,Happy Hour Discounts,417677.14,148,2822.14,535.53,4994.51
Clothing,Adidas,Senior Salesperson,Holiday Shopping Rush,436158.74,157,2778.08,553.86,4973.96
Clothing,Adidas,Senior Salesperson,Hot Picks Promo,415023.95,142,2922.70,673.26,4989.96
Clothing,Adidas,Senior Salesperson,Instant Gratification Sale,431418.77,148,2914.99,522.75,4994.90
Clothing,Adidas,Senior Salesperson,Limited Time Treasures,409043.42,151,2708.90,528.37,4987.77
Clothing,Adidas,Senior Salesperson,Loyalty Rewards Blast,433750.12,156,2780.45,507.26,4976.27
Clothing,Adidas,Senior Salesperson,Mega Weekend Bonanza,421300.21,154,2735.72,537.88,4966.53
Clothing,Adidas,Senior Salesperson,Mid-Year Madness,397387.91,151,2631.71,502.00,4935.87
Clothing,Adidas,Senior Salesperson,Midnight Madness,312954.31,113,2769.51,518.16,4895.08
Clothing,Adidas,Senior Salesperson,Mystery Discount Days,385923.46,138,2796.55,549.38,4974.81
Clothing,Adidas,Senior Salesperson,New Arrival Showcase,429604.91,146,2942.50,518.13,4996.95
Clothing,Adidas,Senior Salesperson,New Product Launch Promo,328888.63,128,2569.44,579.48,4951.78
Clothing,Adidas,Senior Salesperson,New Year Kickoff,333406.56,127,2625.25,560.55,4879.97
Clothing,Adidas,Senior Salesperson,Price Drop Parade,363862.42,135,2695.28,503.07,4989.39
Clothing,Adidas,Senior Salesperson,Red Tag Clearance,424863.75,154,2758.86,518.26,4955.62
Clothing,Adidas,Senior Salesperson,Seasonal Surprise Box,431442.62,163,2646.89,500.11,4959.59
Clothing,Adidas,Senior Salesperson,Shop & Save Spectacular,397545.91,145,2741.70,555.05,4992.80
Clothing,Adidas,Senior Salesperson,Smart Shopper Week,375228.24,144,2605.75,507.97,4999.86
Clothing,Adidas,Senior Salesperson,Spring Refresh Event,431194.44,167,2582.00,533.04,4979.80
Clothing,Adidas,Senior Salesperson,Spring Splash Discounts,403523.05,149,2708.21,500.46,4996.95
Clothing,Adidas,Senior Salesperson,Summer Sizzle Promo,345516.24,134,2578.48,567.66,4984.71
Clothing,Adidas,Senior Salesperson,Super Savings Week,397553.51,145,2741.75,511.09,4986.46
Clothing,Adidas,Senior Salesperson,Ultimate Value Event,367024.15,144,2548.78,517.57,4974.76
Clothing,Adidas,Senior Salesperson,VIP Access Sale,440556.53,151,2917.59,560.93,4974.51
Clothing,Adidas,Senior Salesperson,Weekend Warrior Specials,406074.77,151,2689.24,503.46,4964.14
Clothing,Adidas,Senior Salesperson,Winter Clearance Carnival,463859.00,161,2881.11,526.27,4963.58
Clothing,Adidas,Senior Salesperson,Winter Wonders Sale,374289.69,142,2635.84,520.80,4969.49
Clothing,Levi's,Manager,12 Days of Deals,438596.69,163,2690.78,500.37,4991.32
Clothing,Levi's,Manager,Autumn Deals Drive,459026.84,172,2668.76,509.47,4974.69
Clothing,Levi's,Manager,BOGO Blitz,533735.72,193,2765.47,508.84,4969.29
Clothing,Levi's,Manager,Back to School Boost,363023.39,142,2556.50,514.47,4933.80
Clothing,Levi's,Manager,Birthday Bash Sale,485946.97,176,2761.06,524.96,4939.02
Clothing,Levi's,Manager,Black Friday Blowout,453733.01,168,2700.79,529.54,4915.92
Clothing,Levi's,Manager,Cart Crasher Campaign,462560.40,161,2873.05,591.76,4950.99
Clothing,Levi's,Manager,Cashback Carnival,498072.28,172,2895.77,508.75,4994.40
Clothing,Levi's,Manager,Clearance Countdown,432817.18,159,2722.12,533.04,4995.43
Clothing,Levi's,Manager,Countdown to Savings,434201.30,158,2748.11,518.08,4985.41
Clothing,Levi's,Manager,Customer Appreciation Week,467379.37,172,2717.32,527.86,4965.75
Clothing,Levi's,Manager,Cyber Monday Mania,490530.66,169,2902.55,504.42,4981.82
Clothing,Levi's,Manager,Deal of the Month,418759.76,157,2667.26,510.85,4960.79
Clothing,Levi's,Manager,Double Points Bonanza,456656.68,158,2890.23,500.63,4973.85
Clothing,Levi's,Manager,Early Bird Specials,452863.81,168,2695.62,502.97,4969.72
Clothing,Levi's,Manager,End of Season Sale,464355.16,168,2764.02,522.44,4957.20
Clothing,Levi's,Manager,Exclusive Insider Offers,400767.20,153,2619.39,504.62,4988.97
Clothing,Levi's,Manager,Festive Fever Promo,430016.57,161,2670.91,513.43,4961.84
Clothing,Levi's,Manager,Final Call Frenzy,521908.66,188,2776.11,530.47,4960.83
Clothing,Levi's,Manager,Flash Frenzy Friday,460929.88,168,2743.63,518.61,4981.02
Clothing,Levi's,Manager,"Gift More, Spend Less",445434.78,166,2683.34,534.08,4919.56
Clothing,Levi's,Manager,Golden Hour Bargains,482363.46,179,2694.77,521.34,4965.00
Clothing,Levi's,Manager,Green Weekend Deals,469224.58,169,2776.48,576.00,4987.56
Clothing,Levi's,Manager,Happy Hour Discounts,430575.42,147,2929.08,559.43,4993.33
Clothing,Levi's,Manager,Holiday Shopping Rush,441097.76,158,2791.76,517.84,4946.33
Clothing,Levi's,Manager,Hot Picks Promo,455714.76,158,2884.27,520.35,4958.46
Clothing,Levi's,Manager,Instant Gratification Sale,438062.36,165,2654.92,507.90,4969.15
Clothing,Levi's,Manager,Limited Time Treasures,464570.94,169,2748.94,536.70,4987.04
Clothing,Levi's,Manager,Loyalty Rewards Blast,490056.77,175,2800.32,524.75,4982.90
Clothing,Levi's,Manager,Mega Weekend Bonanza,410874.52,159,2584.12,520.09,4923.73
Clothing,Levi's,Manager,Mid-Year Madness,544860.27,193,2823.11,510.73,4989.93
Clothing,Levi's,Manager,Midnight Madness,430518.84,166,2593.49,508.22,4998.11
Clothing,Levi's,Manager,Mystery Discount Days,427901.20,157,2725.49,512.99,4966.87
Clothing,Levi's,Manager,New Arrival Showcase,436154.97,168,2596.16,500.17,4976.30
Clothing,Levi's,Manager,New Product Launch Promo,427909.71,159,2691.26,521.39,4975.69
Clothing,Levi's,Manager,New Year Kickoff,451490.50,166,2719.82,549.63,4915.40
Clothing,Levi's,Manager,Price Drop Parade,426518.19,155,2751.73,510.90,4963.49
Clothing,Levi's,Manager,Red Tag Clearance,557535.55,190,2934.40,501.14,4974.08
Clothing,Levi's,Manager,Seasonal Surprise Box,425488.07,158,2692.96,539.71,4985.30
Clothing,Levi's,Manager,Shop & Save Spectacular,471313.96,161,2927.42,641.62,4995.64
Clothing,Levi's,Manager,Smart Shopper Week,405023.13,151,2682.27,526.55,4996.33
Clothing,Levi's,Manager,Spring Refresh Event,442027.82,161,2745.51,501.02,4996.53
Clothing,Levi's,Manager,Spring Splash Discounts,469972.08,156,3012.64,600.46,4982.93
Clothing,Levi's,Manager,Summer Sizzle Promo,480155.62,177,2712.74,558.77,4924.18
Clothing,Levi's,Manager,Super Savings Week,495643.35,171,2898.50,513.72,4965.52
Clothing,Levi's,Manager,Ultimate Value Event,490888.07,176,2789.14,500.17,4940.86
Clothing,Levi's,Manager,VIP Access Sale,479747.25,171,2805.54,578.28,4949.43
Clothing,Levi's,Manager,Weekend Warrior Specials,469600.96,171,2746.20,547.85,4953.54
Clothing,Levi's,Manager,Winter Clearance Carnival,501883.72,179,2803.82,547.96,4989.85
Clothing,Levi's,Manager,Winter Wonders Sale,486115.51,186,2613.52,521.06,4999.21
Clothing,Levi's,Sales Associate,12 Days of Deals,538035.43,193,2787.75,529.81,4999.26
Clothing,Levi's,Sales Associate,Autumn Deals Drive,524875.75,193,2719.56,540.02,4992.45
Clothing,Levi's,Sales Associate,BOGO Blitz,514349.56,179,2873.46,510.84,4964.63
Clothing,Levi's,Sales Associate,Back to School Boost,433325.01,170,2548.97,572.15,4968.38
Clothing,Levi's,Sales Associate,Birthday Bash Sale,542133.21,199,2724.29,529.73,4972.66
Clothing,Levi's,Sales Associate,Black Friday Blowout,490154.32,173,2833.26,513.13,4997.07
Clothing,Levi's,Sales Associate,Cart Crasher Campaign,496881.93,182,2730.12,521.75,4996.24
Clothing,Levi's,Sales Associate,Cashback Carnival,476775.32,176,2708.95,533.54,4969.53
Clothing,Levi's,Sales Associate,Clearance Countdown,513747.05,191,2689.78,511.93,4961.18
Clothing,Levi's,Sales Associate,Countdown to Savings,474995.86,182,2609.87,504.03,4995.55
Clothing,Levi's,Sales Associate,Customer Appreciation Week,518590.16,175,2963.37,519.88,4984.88
Clothing,Levi's,Sales Associate,Cyber Monday Mania,542063.48,191,2838.03,524.05,4987.56
Clothing,Levi's,Sales Associate,Deal of the Month,513913.79,188,2733.58,502.13,4973.22
Clothing,Levi's,Sales Associate,Double Points Bonanza,524831.92,190,2762.27,501.38,4989.35
Clothing,Levi's,Sales Associate,Early Bird Specials,521497.12,187,2788.75,501.24,4988.14
Clothing,Levi's,Sales Associate,End of Season Sale,483668.12,179,2702.06,517.03,4958.77
Clothing,Levi's,Sales Associate,Exclusive Insider Offers,421598.80,156,2702.56,501.18,4997.63
Clothing,Levi's,Sales Associate,Festive Fever Promo,459815.40,174,2642.62,505.36,4973.57
Clothing,Levi's,Sales Associate,Final Call Frenzy,439016.90,160,2743.86,573.65,4936.49
Clothing,Levi's,Sales Associate,Flash Frenzy Friday,498524.44,184,2709.37,516.34,4989.81
Clothing,Levi's,Sales Associate,"Gift More, Spend Less",480535.93,171,2810.15,506.74,4985.89
Clothing,Levi's,Sales Associate,Golden Hour Bargains,425710.18,151,2819.27,508.91,4996.69
Clothing,Levi's,Sales Associate,Green Weekend Deals,406375.99,165,2462.88,528.50,4982.11
Clothing,Levi's,Sales Associate,Happy Hour Discounts,506993.63,180,2816.63,553.82,4977.27
Clothing,Levi's,Sales Associate,Holiday Shopping Rush,482011.52,182,2648.41,506.38,4992.50
Clothing,Levi's,Sales Associate,Hot Picks Promo,492068.17,187,2631.38,500.12,4909.67
Clothing,Levi's,Sales Associate,Instant Gratification Sale,534286.46,190,2812.03,501.81,4993.22
Clothing,Levi's,Sales Associate,Limited Time Treasures,432870.78,165,2623.46,509.27,4885.75
Clothing,Levi's,Sales Associate,Loyalty Rewards Blast,561230.07,194,2892.94,533.70,4916.86
Clothing,Levi's,Sales Associate,Mega Weekend Bonanza,429088.61,161,2665.15,500.60,4984.20
Clothing,Levi's,Sales Associate,Mid-Year Madness,419912.81,152,2762.58,520.80,4908.10
Clothing,Levi's,Sales Associate,Midnight Madness,503991.84,190,2652.59,511.19,4943.81
Clothing,Levi's,Sales Associate,Mystery Discount Days,428406.28,165,2596.40,541.42,4999.85
Clothing,Levi's,Sales Associate,New Arrival Showcase,516199.62,193,2674.61,515.54,4963.46
Clothing,Levi's,Sales Associate,New Product Launch Promo,473917.29,177,2677.50,500.27,4991.07
Clothing,Levi's,Sales Associate,New Year Kickoff,443715.83,165,2689.19,519.75,4913.11
Clothing,Levi's,Sales Associate,Price Drop Parade,427584.89,160,2672.41,508.09,4999.49
Clothing,Levi's,Sales Associate,Red Tag Clearance,540070.52,193,2798.29,518.05,4985.03
Clothing,Levi's,Sales Associate,Seasonal Surprise Box,535378.32,186,2878.38,508.05,4979.76
Clothing,Levi's,Sales Associate,Shop & Save Spectacular,477752.67,171,2793.88,500.33,4985.92
Clothing,Levi's,Sales Associate,Smart Shopper Week,461705.61,172,2684.33,501.31,4978.12
Clothing,Levi's,Sales Associate,Spring Refresh Event,513210.10,187,2744.44,501.09,4972.47
Clothing,Levi's,Sales Associate,Spring Splash Discounts,493765.57,192,2571.70,540.73,4969.75
Clothing,Levi's,Sales Associate,Summer Sizzle Promo,512917.39,186,2757.62,536.43,4995.49
Clothing,Levi's,Sales Associate,Super Savings Week,511821.34,176,2908.08,547.48,4973.31
Clothing,Levi's,Sales Associate,Ultimate Value Event,544778.16,188,2897.76,515.27,4987.96
Clothing,Levi's,Sales Associate,VIP Access Sale,511724.36,188,2721.94,507.92,4937.68
Clothing,Levi's,Sales Associate,Weekend Warrior Specials,421399.71,163,2585.27,503.41,4934.98
Clothing,Levi's,Sales Associate,Winter Clearance Carnival,428369.19,164,2612.01,508.47,4959.11
Clothing,Levi's,Sales Associate,Winter Wonders Sale,488863.96,178,2746.43,508.14,4973.38
Clothing,Levi's,Salesperson,12 Days of Deals,402024.91,148,2716.38,644.44,4993.99
Clothing,Levi's,Salesperson,Autumn Deals Drive,449430.64,164,2740.43,550.55,4945.53
Clothing,Levi's,Salesperson,BOGO Blitz,491338.09,178,2760.33,541.91,4996.75
Clothing,Levi's,Salesperson,Back to School Boost,483628.55,186,2600.15,502.44,4970.09
Clothing,Levi's,Salesperson,Birthday Bash Sale,439733.96,155,2836.99,503.70,4980.76
Clothing,Levi's,Salesperson,Black Friday Blowout,531840.08,181,2938.34,536.29,4949.64
Clothing,Levi's,Salesperson,Cart Crasher Campaign,464265.00,165,2813.73,519.54,4956.82
Clothing,Levi's,Salesperson,Cashback Carnival,530337.05,190,2791.25,516.03,4992.74
Clothing,Levi's,Salesperson,Clearance Countdown,443592.20,168,2640.43,504.91,4983.18
Clothing,Levi's,Salesperson,Countdown to Savings,453746.88,164,2766.75,542.57,4990.95
Clothing,Levi's,Salesperson,Customer Appreciation Week,448654.16,157,2857.67,510.73,4960.84
Clothing,Levi's,Salesperson,Cyber Monday Mania,526503.15,198,2659.11,513.42,4911.34
Clothing,Levi's,Salesperson,Deal of the Month,466751.38,169,2761.84,503.19,4958.53
Clothing,Levi's,Salesperson,Double Points Bonanza,463215.49,152,3047.47,530.89,4992.87
Clothing,Levi's,Salesperson,Early Bird Specials,427658.48,162,2639.87,531.45,4954.86
Clothing,Levi's,Salesperson,End of Season Sale,527505.27,187,2820.88,506.45,4984.90
Clothing,Levi's,Salesperson,Exclusive Insider Offers,474556.76,182,2607.45,518.66,4969.05
Clothing,Levi's,Salesperson,Festive Fever Promo,454044.14,169,2686.65,521.21,4953.62
Clothing,Levi's,Salesperson,Final Call Frenzy,516659.97,189,2733.65,514.60,4994.06
Clothing,Levi's,Salesperson,Flash Frenzy Friday,510492.66,183,2789.58,541.25,4948.58
Clothing,Levi's,Salesperson,"Gift More, Spend Less",462549.19,171,2704.97,501.94,4953.87
Clothing,Levi's,Salesperson,Golden Hour Bargains,497145.52,175,2840.83,550.65,4998.56
Clothing,Levi's,Salesperson,Green Weekend Deals,460360.75,178,2586.30,527.72,4996.15
Clothing,Levi's,Salesperson,Happy Hour Discounts,461809.73,173,2669.42,518.75,4954.45
Clothing,Levi's,Salesperson,Holiday Shopping Rush,479496.27,171,2804.07,524.13,4992.48
Clothing,Levi's,Salesperson,Hot Picks Promo,480801.50,176,2731.83,549.86,4985.08
Clothing,Levi's,Salesperson,Instant Gratification Sale,430890.60,152,2834.81,516.12,4992.16
Clothing,Levi's,Salesperson,Limited Time Treasures,472280.92,185,2552.87,504.55,4974.73
Clothing,Levi's,Salesperson,Loyalty Rewards Blast,485450.86,167,2906.89,528.22,4955.15
Clothing,Levi's,Salesperson,Mega Weekend Bonanza,526538.12,186,2830.85,510.92,4997.25
Clothing,Levi's,Salesperson,Mid-Year Madness,454191.85,170,2671.72,506.96,4955.47
Clothing,Levi's,Salesperson,Midnight Madness,467724.83,163,2869.48,528.90,4972.96
Clothing,Levi's,Salesperson,Mystery Discount Days,446220.98,174,2564.49,502.13,4975.30
Clothing,Levi's,Salesperson,New Arrival Showcase,452190.46,161,2808.64,535.88,4991.01
Clothing,Levi's,Salesperson,New Product Launch Promo,480525.36,176,2730.26,519.61,4964.21
Clothing,Levi's,Salesperson,New Year Kickoff,505809.16,183,2763.98,534.39,4991.55
Clothing,Levi's,Salesperson,Price Drop Parade,461543.01,171,2699.08,522.48,4959.54
Clothing,Levi's,Salesperson,Red Tag Clearance,477777.75,173,2761.72,501.79,4991.99
Clothing,Levi's,Salesperson,Seasonal Surprise Box,484442.33,175,2768.24,505.81,4936.99
Clothing,Levi's,Salesperson,Shop & Save Spectacular,513478.10,181,2836.90,534.84,4988.37
Clothing,Levi's,Salesperson,Smart Shopper Week,516020.85,176,2931.94,615.62,4968.20
Clothing,Levi's,Salesperson,Spring Refresh Event,489578.69,175,2797.59,517.43,4982.21
Clothing,Levi's,Salesperson,Spring Splash Discounts,542529.86,184,2948.53,513.20,4998.97
Clothing,Levi's,Salesperson,Summer Sizzle Promo,467744.69,168,2784.19,508.47,4976.42
Clothing,Levi's,Salesperson,Super Savings Week,518710.79,178,2914.11,502.63,4987.82
Clothing,Levi's,Salesperson,Ultimate Value Event,429470.58,161,2667.52,506.42,4927.86
Clothing,Levi's,Salesperson,VIP Access Sale,514494.08,181,2842.51,522.84,4999.97
Clothing,Levi's,Salesperson,Weekend Warrior Specials,493317.12,183,2695.72,517.69,4935.93
Clothing,Levi's,Salesperson,Winter Clearance Carnival,423887.62,154,2752.52,505.16,4988.01
Clothing,Levi's,Salesperson,Winter Wonders Sale,555999.72,208,2673.08,581.57,4917.20
Clothing,Levi's,Senior Salesperson,12 Days of Deals,466330.73,166,2809.22,514.01,4994.45
Clothing,Levi's,Senior Salesperson,Autumn Deals Drive,451537.04,159,2839.86,521.51,4989.27
Clothing,Levi's,Senior Salesperson,BOGO Blitz,397385.48,146,2721.82,503.91,4989.26
Clothing,Levi's,Senior Salesperson,Back to School Boost,368346.87,138,2669.18,599.32,4991.50
Clothing,Levi's,Senior Salesperson,Birthday Bash Sale,446359.91,166,2688.92,548.18,4997.36
Clothing,Levi's,Senior Salesperson,Black Friday Blowout,398636.43,154,2588.55,550.36,4996.66
Clothing,Levi's,Senior Salesperson,Cart Crasher Campaign,437562.26,155,2822.98,508.66,4953.00
Clothing,Levi's,Senior Salesperson,Cashback Carnival,403561.51,142,2841.98,543.70,4973.33
Clothing,Levi's,Senior Salesperson,Clearance Countdown,363216.00,131,2772.64,567.00,4988.20
Clothing,Levi's,Senior Salesperson,Countdown to Savings,459562.64,173,2656.43,519.80,4985.56
Clothing,Levi's,Senior Salesperson,Customer Appreciation Week,477677.91,171,2793.44,519.21,4983.91
Clothing,Levi's,Senior Salesperson,Cyber Monday Mania,419449.92,142,2953.87,502.02,4992.60
Clothing,Levi's,Senior Salesperson,Deal of the Month,427468.65,152,2812.29,507.38,4944.09
Clothing,Levi's,Senior Salesperson,Double Points Bonanza,351385.72,129,2723.92,511.19,4982.33
Clothing,Levi's,Senior Salesperson,Early Bird Specials,422130.17,160,2638.31,509.91,4970.12
Clothing,Levi's,Senior Salesperson,End of Season Sale,408983.74,148,2763.40,535.07,4856.53
Clothing,Levi's,Senior Salesperson,Exclusive Insider Offers,412043.35,149,2765.39,555.37,4981.16
Clothing,Levi's,Senior Salesperson,Festive Fever Promo,498837.73,175,2850.50,561.47,4981.97
Clothing,Levi's,Senior Salesperson,Final Call Frenzy,398144.11,146,2727.01,513.55,4968.41
Clothing,Levi's,Senior Salesperson,Flash Frenzy Friday,470559.30,165,2851.87,583.02,4979.22
Clothing,Levi's,Senior Salesperson,"Gift More, Spend Less",424345.98,158,2685.73,527.69,4961.55
Clothing,Levi's,Senior Salesperson,Golden Hour Bargains,431051.60,147,2932.32,517.13,4993.74
Clothing,Levi's,Senior Salesperson,Green Weekend Deals,434622.76,148,2936.64,574.09,4980.28
Clothing,Levi's,Senior Salesperson,Happy Hour Discounts,374550.71,138,2714.14,507.81,4994.57
Clothing,Levi's,Senior Salesperson,Holiday Shopping Rush,476922.68,170,2805.43,507.23,4963.15
Clothing,Levi's,Senior Salesperson,Hot Picks Promo,426158.00,160,2663.49,533.30,4999.60
Clothing,Levi's,Senior Salesperson,Instant Gratification Sale,455488.89,154,2957.72,525.25,4985.74
Clothing,Levi's,Senior Salesperson,Limited Time Treasures,428793.90,155,2766.41,509.30,4958.77
Clothing,Levi's,Senior Salesperson,Loyalty Rewards Blast,467827.56,165,2835.32,534.03,4996.42
Clothing,Levi's,Senior Salesperson,Mega Weekend Bonanza,409884.02,149,2750.90,596.69,4894.73
Clothing,Levi's,Senior Salesperson,Mid-Year Madness,426787.47,160,2667.42,517.27,4965.92
Clothing,Levi's,Senior Salesperson,Midnight Madness,406539.09,152,2674.60,511.51,4956.09
Clothing,Levi's,Senior Salesperson,Mystery Discount Days,444571.76,153,2905.70,559.60,4971.47
Clothing,Levi's,Senior Salesperson,New Arrival Showcase,432596.62,153,2827.43,512.99,4989.84
Clothing,Levi's,Senior Salesperson,New Product Launch Promo,412851.46,139,2970.15,513.88,4977.94
Clothing,Levi's,Senior Salesperson,New Year Kickoff,452244.66,160,2826.53,518.02,4954.51
Clothing,Levi's,Senior Salesperson,Price Drop Parade,453971.24,167,2718.39,506.33,4993.76
Clothing,Levi's,Senior Salesperson,Red Tag Clearance,393789.37,145,2715.79,518.03,4996.92
Clothing,Levi's,Senior Salesperson,Seasonal Surprise Box,414790.89,153,2711.05,507.72,4975.63
Clothing,Levi's,Senior Salesperson,Shop & Save Spectacular,479004.58,169,2834.35,502.23,4989.80
Clothing,Levi's,Senior Salesperson,Smart Shopper Week,372228.43,131,2841.44,504.15,4988.46
Clothing,Levi's,Senior Salesperson,Spring Refresh Event,364388.43,140,2602.77,526.82,4988.69
Clothing,Levi's,Senior Salesperson,Spring Splash Discounts,420484.38,152,2766.34,604.35,4975.22
Clothing,Levi's,Senior Salesperson,Summer Sizzle Promo,401002.52,151,2655.65,515.95,4992.67
Clothing,Levi's,Senior Salesperson,Super Savings Week,396873.03,144,2756.06,523.96,4912.49
Clothing,Levi's,Senior Salesperson,Ultimate Value Event,445816.97,164,2718.40,567.10,4944.67
Clothing,Levi's,Senior Salesperson,VIP Access Sale,386204.95,145,2663.48,507.99,4974.45
Clothing,Levi's,Senior Salesperson,Weekend Warrior Specials,337203.18,130,2593.87,552.71,4924.49
Clothing,Levi's,Senior Salesperson,Winter Clearance Carnival,413725.71,161,2569.72,521.68,4979.50
Clothing,Levi's,Senior Salesperson,Winter Wonders Sale,413940.53,153,2705.49,535.31,4976.93
Clothing,Nike,Manager,12 Days of Deals,523063.37,189,2767.53,511.89,4996.81
Clothing,Nike,Manager,Autumn Deals Drive,536125.39,195,2749.36,501.91,4999.75
Clothing,Nike,Manager,BOGO Blitz,508822.88,174,2924.27,511.49,4997.89
Clothing,Nike,Manager,Back to School Boost,511027.91,181,2823.36,553.94,4974.99
Clothing,Nike,Manager,Birthday Bash Sale,456392.39,166,2749.35,510.00,4972.14
Clothing,Nike,Manager,Black Friday Blowout,427294.23,160,2670.59,531.54,4982.21
Clothing,Nike,Manager,Cart Crasher Campaign,445785.49,169,2637.78,508.37,4977.13
Clothing,Nike,Manager,Cashback Carnival,410785.97,151,2720.44,547.02,4963.10
Clothing,Nike,Manager,Clearance Countdown,495849.00,179,2770.11,508.53,4993.71
Clothing,Nike,Manager,Countdown to Savings,493308.49,171,2884.84,501.71,4979.44
Clothing,Nike,Manager,Customer Appreciation Week,457023.69,158,2892.56,504.64,4984.08
Clothing,Nike,Manager,Cyber Monday Mania,457950.44,178,2572.76,502.07,4994.22
Clothing,Nike,Manager,Deal of the Month,449442.79,168,2675.25,645.67,4950.04
Clothing,Nike,Manager,Double Points Bonanza,462829.10,165,2805.02,537.04,4979.52
Clothing,Nike,Manager,Early Bird Specials,450815.04,169,2667.54,501.20,4961.11
Clothing,Nike,Manager,End of Season Sale,430948.50,162,2660.18,512.03,4969.37
Clothing,Nike,Manager,Exclusive Insider Offers,473745.83,180,2631.92,513.28,4992.82
Clothing,Nike,Manager,Festive Fever Promo,446202.34,162,2754.34,501.90,4940.74
Clothing,Nike,Manager,Final Call Frenzy,413090.31,152,2717.70,544.57,4962.99
Clothing,Nike,Manager,Flash Frenzy Friday,492645.26,180,2736.92,509.25,4972.48
Clothing,Nike,Manager,"Gift More, Spend Less",400817.26,142,2822.66,505.29,4985.65
Clothing,Nike,Manager,Golden Hour Bargains,453033.19,152,2980.48,533.65,4997.10
Clothing,Nike,Manager,Green Weekend Deals,469171.95,163,2878.36,516.26,4946.86
Clothing,Nike,Manager,Happy Hour Discounts,552678.08,192,2878.53,591.28,4962.42
Clothing,Nike,Manager,Holiday Shopping Rush,415147.21,154,2695.76,501.97,4996.20
Clothing,Nike,Manager,Hot Picks Promo,453598.34,171,2652.62,512.09,4969.03
Clothing,Nike,Manager,Instant Gratification Sale,362226.25,134,2703.18,534.07,4996.19
Clothing,Nike,Manager,Limited Time Treasures,525125.38,187,2808.16,583.69,4968.45
Clothing,Nike,Manager,Loyalty Rewards Blast,397076.68,153,2595.27,521.58,4998.22
Clothing,Nike,Manager,Mega Weekend Bonanza,522213.03,183,2853.62,504.47,4996.67
Clothing,Nike,Manager,Mid-Year Madness,484664.31,173,2801.53,500.89,4953.68
Clothing,Nike,Manager,Midnight Madness,468752.75,172,2725.31,501.63,4973.36
Clothing,Nike,Manager,Mystery Discount Days,370975.68,145,2558.45,506.69,4993.54
Clothing,Nike,Manager,New Arrival Showcase,467707.07,176,2657.43,543.82,4978.87
Clothing,Nike,Manager,New Product Launch Promo,489151.81,165,2964.56,507.38,4988.99
Clothing,Nike,Manager,New Year Kickoff,407624.84,147,2772.96,522.74,4987.30
Clothing,Nike,Manager,Price Drop Parade,388091.23,150,2587.27,505.80,4922.71
Clothing,Nike,Manager,Red Tag Clearance,416480.07,158,2635.95,509.39,4966.80
Clothing,Nike,Manager,Seasonal Surprise Box,524457.23,192,2731.55,506.76,4973.98
Clothing,Nike,Manager,Shop & Save Spectacular,500010.79,170,2941.24,511.51,4920.88
Clothing,Nike,Manager,Smart Shopper Week,430183.45,155,2775.38,511.44,4989.29
Clothing,Nike,Manager,Spring Refresh Event,422138.23,150,2814.25,500.55,4932.52
Clothing,Nike,Manager,Spring Splash Discounts,428796.45,164,2614.61,508.64,4987.96
Clothing,Nike,Manager,Summer Sizzle Promo,429724.61,151,2845.86,551.36,4918.75
Clothing,Nike,Manager,Super Savings Week,446611.45,154,2900.07,523.61,4993.53
Clothing,Nike,Manager,Ultimate Value Event,451182.62,158,2855.59,566.44,4999.12
Clothing,Nike,Manager,VIP Access Sale,416303.84,149,2793.99,513.77,4978.52
Clothing,Nike,Manager,Weekend Warrior Specials,434265.01,164,2647.96,584.01,4992.45
Clothing,Nike,Manager,Winter Clearance Carnival,501469.09,173,2898.67,642.88,4981.70
Clothing,Nike,Manager,Winter Wonders Sale,558200.80,193,2892.23,583.58,4991.55
Clothing,Nike,Sales Associate,12 Days of Deals,501024.41,178,2814.74,549.07,4996.51
Clothing,Nike,Sales Associate,Autumn Deals Drive,531207.79,193,2752.37,500.77,4991.50
Clothing,Nike,Sales Associate,BOGO Blitz,515305.77,176,2927.87,570.00,4969.91
Clothing,Nike,Sales Associate,Back to School Boost,464270.08,156,2976.09,593.97,4987.30
Clothing,Nike,Sales Associate,Birthday Bash Sale,526284.32,176,2990.25,501.20,4945.14
Clothing,Nike,Sales Associate,Black Friday Blowout,433531.22,165,2627.46,512.94,4992.25
Clothing,Nike,Sales Associate,Cart Crasher Campaign,462650.96,174,2658.91,534.29,4964.42
Clothing,Nike,Sales Associate,Cashback Carnival,462539.29,174,2658.27,500.72,4953.58
Clothing,Nike,Sales Associate,Clearance Countdown,532729.02,195,2731.94,536.28,4974.38
Clothing,Nike,Sales Associate,Countdown to Savings,473550.04,172,2753.20,509.72,4994.19
Clothing,Nike,Sales Associate,Customer Appreciation Week,532764.28,183,2911.28,534.61,4996.89
Clothing,Nike,Sales Associate,Cyber Monday Mania,536062.70,185,2897.64,509.47,4955.77
Clothing,Nike,Sales Associate,Deal of the Month,441235.41,165,2674.15,528.23,4991.80
Clothing,Nike,Sales Associate,Double Points Bonanza,469025.86,177,2649.86,536.71,4947.72
Clothing,Nike,Sales Associate,Early Bird Specials,475420.19,171,2780.24,524.64,4957.86
Clothing,Nike,Sales Associate,End of Season Sale,492277.93,183,2690.04,551.38,4928.72
Clothing,Nike,Sales Associate,Exclusive Insider Offers,517705.36,182,2844.53,507.69,4991.51
Clothing,Nike,Sales Associate,Festive Fever Promo,559686.83,192,2915.04,564.97,4988.75
Clothing,Nike,Sales Associate,Final Call Frenzy,544380.67,192,2835.32,522.30,4996.06
Clothing,Nike,Sales Associate,Flash Frenzy Friday,506086.68,177,2859.25,536.75,4992.34
Clothing,Nike,Sales Associate,"Gift More, Spend Less",453489.55,169,2683.37,547.04,4986.56
Clothing,Nike,Sales Associate,Golden Hour Bargains,492367.06,183,2690.53,506.59,4953.16
Clothing,Nike,Sales Associate,Green Weekend Deals,502794.29,185,2717.81,554.09,4983.14
Clothing,Nike,Sales Associate,Happy Hour Discounts,464420.70,165,2814.67,595.00,4983.25
Clothing,Nike,Sales Associate,Holiday Shopping Rush,496410.32,172,2886.11,540.23,4942.69
Clothing,Nike,Sales Associate,Hot Picks Promo,427206.27,160,2670.04,545.34,4978.45
Clothing,Nike,Sales Associate,Instant Gratification Sale,420311.38,153,2747.13,555.95,4990.16
Clothing,Nike,Sales Associate,Limited Time Treasures,557325.58,199,2800.63,525.80,4967.37
Clothing,Nike,Sales Associate,Loyalty Rewards Blast,576734.88,207,2786.16,515.85,4985.45
Clothing,Nike,Sales Associate,Mega Weekend Bonanza,490290.52,169,2901.13,577.68,4979.09
Clothing,Nike,Sales Associate,Mid-Year Madness,515786.26,190,2714.66,517.92,4994.34
Clothing,Nike,Sales Associate,Midnight Madness,508928.08,171,2976.19,513.39,4969.17
Clothing,Nike,Sales Associate,Mystery Discount Days,507035.41,182,2785.91,525.17,4992.01
Clothing,Nike,Sales Associate,New Arrival Showcase,519562.41,179,2902.58,594.82,4934.73
Clothing,Nike,Sales Associate,New Product Launch Promo,431285.13,157,2747.04,522.14,4997.47
Clothing,Nike,Sales Associate,New Year Kickoff,444582.17,164,2710.87,519.86,4984.36
Clothing,Nike,Sales Associate,Price Drop Parade,459970.98,166,2770.91,521.09,4965.85
Clothing,Nike,Sales Associate,Red Tag Clearance,485802.98,177,2744.65,502.58,4998.76
Clothing,Nike,Sales Associate,Seasonal Surprise Box,505813.33,179,2825.77,530.54,4962.93
Clothing,Nike,Sales Associate,Shop & Save Spectacular,498301.28,188,2650.54,500.14,4999.95
Clothing,Nike,Sales Associate,Smart Shopper Week,486511.82,171,2845.10,511.95,4953.73
Clothing,Nike,Sales Associate,Spring Refresh Event,497836.85,184,2705.64,560.67,4995.83
Clothing,Nike,Sales Associate,Spring Splash Discounts,490610.78,179,2740.84,507.73,4892.15
Clothing,Nike,Sales Associate,Summer Sizzle Promo,442148.70,180,2456.38,502.32,4984.79
Clothing,Nike,Sales Associate,Super Savings Week,518552.36,186,2787.92,518.08,4969.70
Clothing,Nike,Sales Associate,Ultimate Value Event,525023.65,196,2678.69,526.43,4970.00
Clothing,Nike,Sales Associate,VIP Access Sale,504674.97,182,2772.94,586.45,4990.46
Clothing,Nike,Sales Associate,Weekend Warrior Specials,453966.75,174,2609.00,508.00,4984.97
Clothing,Nike,Sales Associate,Winter Clearance Carnival,504099.39,191,2639.26,501.25,4913.52
Clothing,Nike,Sales Associate,Winter Wonders Sale,474354.94,177,2679.97,502.80,4954.23
Clothing,Nike,Salesperson,12 Days of Deals,452692.17,164,2760.32,513.34,4983.60
Clothing,Nike,Salesperson,Autumn Deals Drive,538711.27,189,2850.32,532.21,4996.26
Clothing,Nike,Salesperson,BOGO Blitz,502998.11,186,2704.29,523.22,4998.67
Clothing,Nike,Salesperson,Back to School Boost,506135.08,184,2750.73,522.55,4988.01
Clothing,Nike,Salesperson,Birthday Bash Sale,435707.79,163,2673.05,501.83,4997.78
Clothing,Nike,Salesperson,Black Friday Blowout,430731.20,150,2871.54,516.57,4992.36
Clothing,Nike,Salesperson,Cart Crasher Campaign,549660.25,195,2818.77,505.97,4964.82
Clothing,Nike,Salesperson,Cashback Carnival,496958.98,173,2872.60,523.11,4995.11
Clothing,Nike,Salesperson,Clearance Countdown,467244.52,162,2884.23,549.55,4994.91
Clothing,Nike,Salesperson,Countdown to Savings,519777.48,193,2693.15,520.50,4998.86
Clothing,Nike,Salesperson,Customer Appreciation Week,490175.83,183,2678.56,525.19,4971.29
Clothing,Nike,Salesperson,Cyber Monday Mania,485067.19,187,2593.94,506.75,4976.30
Clothing,Nike,Salesperson,Deal of the Month,447139.89,163,2743.19,527.00,4955.60
Clothing,Nike,Salesperson,Double Points Bonanza,513067.08,195,2631.11,513.51,4987.50
Clothing,Nike,Salesperson,Early Bird Specials,535434.21,183,2925.87,545.61,4999.19
Clothing,Nike,Salesperson,End of Season Sale,452753.26,177,2557.93,508.79,4962.55
Clothing,Nike,Salesperson,Exclusive Insider Offers,432136.83,160,2700.86,527.02,4989.69
Clothing,Nike,Salesperson,Festive Fever Promo,489836.76,181,2706.28,533.34,4995.75
Clothing,Nike,Salesperson,Final Call Frenzy,510972.96,180,2838.74,501.48,4970.88
Clothing,Nike,Salesperson,Flash Frenzy Friday,476278.33,169,2818.21,525.64,4998.23
Clothing,Nike,Salesperson,"Gift More, Spend Less",389427.74,148,2631.27,556.71,4977.03
Clothing,Nike,Salesperson,Golden Hour Bargains,514371.50,188,2736.02,548.26,4974.45
Clothing,Nike,Salesperson,Green Weekend Deals,516818.36,186,2778.59,519.98,4989.62
Clothing,Nike,Salesperson,Happy Hour Discounts,480413.77,177,2714.20,532.60,4964.85
Clothing,Nike,Salesperson,Holiday Shopping Rush,486788.38,182,2674.66,504.14,4999.33
Clothing,Nike,Salesperson,Hot Picks Promo,516906.71,186,2779.07,510.06,4997.81
Clothing,Nike,Salesperson,Instant Gratification Sale,502878.40,185,2718.26,503.83,4982.70
Clothing,Nike,Salesperson,Limited Time Treasures,477903.57,174,2746.57,513.15,4971.40
Clothing,Nike,Salesperson,Loyalty Rewards Blast,486488.46,170,2861.70,500.82,4990.18
Clothing,Nike,Salesperson,Mega Weekend Bonanza,515424.18,183,2816.53,554.78,4983.61
Clothing,Nike,Salesperson,Mid-Year Madness,461687.01,169,2731.88,505.48,4917.42
Clothing,Nike,Salesperson,Midnight Madness,490846.23,181,2711.86,516.66,4982.68
Clothing,Nike,Salesperson,Mystery Discount Days,584800.27,200,2924.00,529.69,4980.80
Clothing,Nike,Salesperson,New Arrival Showcase,477905.22,168,2844.67,508.18,4994.65
Clothing,Nike,Salesperson,New Product Launch Promo,459802.16,160,2873.76,577.75,4978.53
Clothing,Nike,Salesperson,New Year Kickoff,529549.27,183,2893.71,535.96,4986.79
Clothing,Nike,Salesperson,Price Drop Parade,494595.22,188,2630.83,506.30,4996.09
Clothing,Nike,Salesperson,Red Tag Clearance,426101.29,163,2614.12,542.64,4955.33
Clothing,Nike,Salesperson,Seasonal Surprise Box,538844.62,196,2749.21,572.08,4971.33
Clothing,Nike,Salesperson,Shop & Save Spectacular,446972.73,166,2692.61,506.29,4970.27
Clothing,Nike,Salesperson,Smart Shopper Week,415847.19,149,2790.92,526.32,4983.94
Clothing,Nike,Salesperson,Spring Refresh Event,451923.11,156,2896.94,500.43,4931.81
Clothing,Nike,Salesperson,Spring Splash Discounts,463476.37,169,2742.46,509.30,4997.44
Clothing,Nike,Salesperson,Summer Sizzle Promo,469989.19,178,2640.39,513.85,4965.55
Clothing,Nike,Salesperson,Super Savings Week,438641.74,159,2758.75,580.66,4965.10
Clothing,Nike,Salesperson,Ultimate Value Event,421729.66,158,2669.18,502.13,4958.95
Clothing,Nike,Salesperson,VIP Access Sale,417398.11,164,2545.11,514.81,4932.93
Clothing,Nike,Salesperson,Weekend Warrior Specials,475124.73,174,2730.60,572.38,4998.79
Clothing,Nike,Salesperson,Winter Clearance Carnival,449877.59,155,2902.44,525.01,4999.04
Clothing,Nike,Salesperson,Winter Wonders Sale,481612.39,185,2603.31,549.78,4988.48
Clothing,Nike,Senior Salesperson,12 Days of Deals,347986.90,134,2596.92,506.25,4976.23
Clothing,Nike,Senior Salesperson,Autumn Deals Drive,377180.09,130,2901.39,514.57,4994.53
Clothing,Nike,Senior Salesperson,BOGO Blitz,448297.23,151,2968.86,527.44,4935.99
Clothing,Nike,Senior Salesperson,Back to School Boost,450733.05,157,2870.91,500.65,4975.49
Clothing,Nike,Senior Salesperson,Birthday Bash Sale,386797.05,143,2704.87,509.63,4991.82
Clothing,Nike,Senior Salesperson,Black Friday Blowout,362919.70,129,2813.33,510.23,4975.06
Clothing,Nike,Senior Salesperson,Cart Crasher Campaign,441339.93,167,2642.75,501.15,4992.50
Clothing,Nike,Senior Salesperson,Cashback Carnival,433851.59,162,2678.10,533.32,4998.40
Clothing,Nike,Senior Salesperson,Clearance Countdown,389123.57,145,2683.61,590.20,4977.80
Clothing,Nike,Senior Salesperson,Countdown to Savings,390219.15,144,2709.86,522.84,4941.56
Clothing,Nike,Senior Salesperson,Customer Appreciation Week,397416.97,153,2597.50,524.31,4984.95
Clothing,Nike,Senior Salesperson,Cyber Monday Mania,379860.62,148,2566.63,514.29,4978.36
Clothing,Nike,Senior Salesperson,Deal of the Month,445379.73,162,2749.26,508.62,4992.66
Clothing,Nike,Senior Salesperson,Double Points Bonanza,481394.11,162,2971.57,511.97,4990.29
Clothing,Nike,Senior Salesperson,Early Bird Specials,424385.77,160,2652.41,504.72,4961.09
Clothing,Nike,Senior Salesperson,End of Season Sale,399158.05,152,2626.04,602.93,4995.12
Clothing,Nike,Senior Salesperson,Exclusive Insider Offers,431655.21,162,2664.54,500.29,4987.30
Clothing,Nike,Senior Salesperson,Festive Fever Promo,376783.27,140,2691.31,503.23,4967.40
Clothing,Nike,Senior Salesperson,Final Call Frenzy,444132.68,167,2659.48,505.45,4951.64
Clothing,Nike,Senior Salesperson,Flash Frenzy Friday,426115.87,155,2749.13,520.08,4996.44
Clothing,Nike,Senior Salesperson,"Gift More, Spend Less",369944.75,142,2605.24,523.12,4932.64
Clothing,Nike,Senior Salesperson,Golden Hour Bargains,441159.15,161,2740.12,506.14,4958.76
Clothing,Nike,Senior Salesperson,Green Weekend Deals,491372.79,174,2823.98,554.43,4999.01
Clothing,Nike,Senior Salesperson,Happy Hour Discounts,473089.63,162,2920.31,539.22,4997.02
Clothing,Nike,Senior Salesperson,Holiday Shopping Rush,348672.71,131,2661.62,514.56,4896.07
Clothing,Nike,Senior Salesperson,Hot Picks Promo,428005.33,145,2951.76,596.57,4943.14
Clothing,Nike,Senior Salesperson,Instant Gratification Sale,392951.47,135,2910.75,528.66,4998.85
Clothing,Nike,Senior Salesperson,Limited Time Treasures,418450.29,160,2615.31,534.16,4982.10
Clothing,Nike,Senior Salesperson,Loyalty Rewards Blast,379910.80,137,2773.07,523.81,4985.57
Clothing,Nike,Senior Salesperson,Mega Weekend Bonanza,385661.39,143,2696.93,525.01,4954.90
Clothing,Nike,Senior Salesperson,Mid-Year Madness,421747.98,149,2830.52,502.52,4979.78
Clothing,Nike,Senior Salesperson,Midnight Madness,465238.21,168,2769.28,522.91,4953.73
Clothing,Nike,Senior Salesperson,Mystery Discount Days,470242.92,159,2957.50,503.54,4993.88
Clothing,Nike,Senior Salesperson,New Arrival Showcase,377080.82,136,2772.65,551.36,4960.78
Clothing,Nike,Senior Salesperson,New Product Launch Promo,391434.24,140,2795.96,520.13,4949.75
Clothing,Nike,Senior Salesperson,New Year Kickoff,444559.07,161,2761.24,516.64,4982.88
Clothing,Nike,Senior Salesperson,Price Drop Parade,436191.09,157,2778.29,504.45,4998.25
Clothing,Nike,Senior Salesperson,Red Tag Clearance,350877.29,132,2658.16,592.74,4983.95
Clothing,Nike,Senior Salesperson,Seasonal Surprise Box,403025.59,143,2818.36,507.61,4996.55
Clothing,Nike,Senior Salesperson,Shop & Save Spectacular,457318.83,167,2738.44,501.58,4973.68
Clothing,Nike,Senior Salesperson,Smart Shopper Week,423244.20,155,2730.61,521.75,4993.60
Clothing,Nike,Senior Salesperson,Spring Refresh Event,465790.57,169,2756.16,524.53,4996.02
Clothing,Nike,Senior Salesperson,Spring Splash Discounts,371782.49,129,2882.03,505.94,4985.19
Clothing,Nike,Senior Salesperson,Summer Sizzle Promo,381638.00,141,2706.65,504.25,4997.93
Clothing,Nike,Senior Salesperson,Super Savings Week,388172.24,140,2772.66,567.88,4999.08
Clothing,Nike,Senior Salesperson,Ultimate Value Event,433835.44,150,2892.24,551.08,4998.73
Clothing,Nike,Senior Salesperson,VIP Access Sale,465385.28,170,2737.56,566.36,4983.73
Clothing,Nike,Senior Salesperson,Weekend Warrior Specials,427620.21,159,2689.44,524.76,4958.68
Clothing,Nike,Senior Salesperson,Winter Clearance Carnival,411833.01,146,2820.77,522.50,4998.41
Clothing,Nike,Senior Salesperson,Winter Wonders Sale,404027.86,141,2865.45,571.91,4960.21
Clothing,Puma,Manager,12 Days of Deals,462211.24,164,2818.36,502.77,4999.40
Clothing,Puma,Manager,Autumn Deals Drive,437122.42,159,2749.20,547.31,4949.27
Clothing,Puma,Manager,BOGO Blitz,489057.79,166,2946.13,500.97,4953.36
Clothing,Puma,Manager,Back to School Boost,395188.97,149,2652.27,509.16,4969.60
Clothing,Puma,Manager,Birthday Bash Sale,481054.97,167,2880.57,537.36,4942.66
Clothing,Puma,Manager,Black Friday Blowout,500353.30,180,2779.74,505.64,4965.89
Clothing,Puma,Manager,Cart Crasher Campaign,421346.57,154,2736.02,553.88,4996.89
Clothing,Puma,Manager,Cashback Carnival,462852.71,161,2874.86,538.21,4982.95
Clothing,Puma,Manager,Clearance Countdown,472611.29,174,2716.16,520.55,4985.43
Clothing,Puma,Manager,Countdown to Savings,422846.49,165,2562.71,504.64,4980.65
Clothing,Puma,Manager,Customer Appreciation Week,498758.10,176,2833.85,503.51,4995.61
Clothing,Puma,Manager,Cyber Monday Mania,382230.02,142,2691.76,581.18,4977.22
Clothing,Puma,Manager,Deal of the Month,411138.15,159,2585.77,607.79,4994.30
Clothing,Puma,Manager,Double Points Bonanza,529188.19,186,2845.10,503.93,4992.59
Clothing,Puma,Manager,Early Bird Specials,403360.62,142,2840.57,514.49,4968.50
Clothing,Puma,Manager,End of Season Sale,448367.39,158,2837.77,503.81,4936.36
Clothing,Puma,Manager,Exclusive Insider Offers,492465.52,174,2830.26,539.98,4998.51
Clothing,Puma,Manager,Festive Fever Promo,494603.29,175,2826.30,516.04,4950.87
Clothing,Puma,Manager,Final Call Frenzy,459725.09,170,2704.27,536.12,4976.65
Clothing,Puma,Manager,Flash Frenzy Friday,340638.48,134,2542.08,601.25,4985.75
Clothing,Puma,Manager,"Gift More, Spend Less",446477.47,166,2689.62,510.81,4997.42
Clothing,Puma,Manager,Golden Hour Bargains,510105.97,184,2772.32,545.74,4996.90
Clothing,Puma,Manager,Green Weekend Deals,447344.44,166,2694.85,516.31,4957.34
Clothing,Puma,Manager,Happy Hour Discounts,489516.93,176,2781.35,548.71,4939.10
Clothing,Puma,Manager,Holiday Shopping Rush,423078.90,152,2783.41,517.64,4997.57
Clothing,Puma,Manager,Hot Picks Promo,464878.07,166,2800.47,519.39,4984.66
Clothing,Puma,Manager,Instant Gratification Sale,470431.13,173,2719.26,556.76,4932.91
Clothing,Puma,Manager,Limited Time Treasures,509622.12,174,2928.86,504.90,4910.10
Clothing,Puma,Manager,Loyalty Rewards Blast,470264.23,170,2766.26,511.31,4966.89
Clothing,Puma,Manager,Mega Weekend Bonanza,478485.97,170,2814.62,533.63,4978.23
Clothing,Puma,Manager,Mid-Year Madness,425964.69,163,2613.28,500.82,4962.59
Clothing,Puma,Manager,Midnight Madness,472253.41,177,2668.10,503.57,4995.53
Clothing,Puma,Manager,Mystery Discount Days,482269.76,186,2592.85,519.35,4947.22
Clothing,Puma,Manager,New Arrival Showcase,430396.54,159,2706.90,511.56,4998.00
Clothing,Puma,Manager,New Product Launch Promo,444718.89,160,2779.49,509.60,4983.43
Clothing,Puma,Manager,New Year Kickoff,514361.57,182,2826.16,511.03,4970.59
Clothing,Puma,Manager,Price Drop Parade,429359.69,161,2666.83,513.72,4996.80
Clothing,Puma,Manager,Red Tag Clearance,451768.72,170,2657.46,519.78,4992.97
Clothing,Puma,Manager,Seasonal Surprise Box,479278.88,171,2802.80,518.27,4962.50
Clothing,Puma,Manager,Shop & Save Spectacular,508940.61,175,2908.23,503.87,4998.56
Clothing,Puma,Manager,Smart Shopper Week,433085.02,155,2794.10,516.12,4964.13
Clothing,Puma,Manager,Spring Refresh Event,506041.35,180,2811.34,517.03,4981.36
Clothing,Puma,Manager,Spring Splash Discounts,438359.53,170,2578.59,593.55,4993.20
Clothing,Puma,Manager,Summer Sizzle Promo,389123.92,142,2740.31,506.24,4995.97
Clothing,Puma,Manager,Super Savings Week,370860.33,141,2630.22,536.24,4959.75
Clothing,Puma,Manager,Ultimate Value Event,409549.79,144,2844.10,516.08,4985.25
Clothing,Puma,Manager,VIP Access Sale,444306.71,167,2660.52,505.32,4948.98
Clothing,Puma,Manager,Weekend Warrior Specials,518555.93,187,2773.03,535.23,4992.92
Clothing,Puma,Manager,Winter Clearance Carnival,395122.66,146,2706.32,504.78,4911.35
Clothing,Puma,Manager,Winter Wonders Sale,425156.63,161,2640.72,505.91,4977.17
Clothing,Puma,Sales Associate,12 Days of Deals,448672.06,166,2702.84,562.80,4958.25
Clothing,Puma,Sales Associate,Autumn Deals Drive,484026.72,173,2797.84,514.37,4977.29
Clothing,Puma,Sales Associate,BOGO Blitz,490797.47,186,2638.70,527.19,4976.15
Clothing,Puma,Sales Associate,Back to School Boost,430854.34,171,2519.62,507.03,4928.32
Clothing,Puma,Sales Associate,Birthday Bash Sale,429083.85,154,2786.26,569.23,4993.14
Clothing,Puma,Sales Associate,Black Friday Blowout,480866.04,175,2747.81,581.90,4995.99
Clothing,Puma,Sales Associate,Cart Crasher Campaign,448051.12,162,2765.75,513.28,4966.66
Clothing,Puma,Sales Associate,Cashback Carnival,441687.98,161,2743.40,509.31,4984.29
Clothing,Puma,Sales Associate,Clearance Countdown,524803.85,189,2776.74,513.63,4990.06
Clothing,Puma,Sales Associate,Countdown to Savings,408477.56,154,2652.45,545.91,4973.06
Clothing,Puma,Sales Associate,Customer Appreciation Week,430090.78,166,2590.91,517.23,4965.56
Clothing,Puma,Sales Associate,Cyber Monday Mania,517122.59,174,2971.97,527.15,4985.00
Clothing,Puma,Sales Associate,Deal of the Month,554996.35,199,2788.93,509.66,4999.45
Clothing,Puma,Sales Associate,Double Points Bonanza,495846.43,188,2637.48,525.55,4990.96
Clothing,Puma,Sales Associate,Early Bird Specials,569691.95,202,2820.26,517.50,4979.29
Clothing,Puma,Sales Associate,End of Season Sale,441088.16,152,2901.90,532.22,4997.08
Clothing,Puma,Sales Associate,Exclusive Insider Offers,466947.47,171,2730.69,534.34,4968.06
Clothing,Puma,Sales Associate,Festive Fever Promo,439451.17,152,2891.13,510.80,4977.01
Clothing,Puma,Sales Associate,Final Call Frenzy,562492.17,199,2826.59,505.58,4993.58
Clothing,Puma,Sales Associate,Flash Frenzy Friday,473223.36,176,2688.77,513.91,4993.42
Clothing,Puma,Sales Associate,"Gift More, Spend Less",485930.18,177,2745.37,514.52,4979.95
Clothing,Puma,Sales Associate,Golden Hour Bargains,505905.60,186,2719.92,500.57,4999.85
Clothing,Puma,Sales Associate,Green Weekend Deals,501774.01,171,2934.35,585.86,4999.23
Clothing,Puma,Sales Associate,Happy Hour Discounts,501931.04,187,2684.12,503.04,4990.90
Clothing,Puma,Sales Associate,Holiday Shopping Rush,539594.81,200,2697.97,505.46,4969.15
Clothing,Puma,Sales Associate,Hot Picks Promo,474221.53,169,2806.04,531.47,4982.25
Clothing,Puma,Sales Associate,Instant Gratification Sale,406329.94,155,2621.48,537.35,4892.79
Clothing,Puma,Sales Associate,Limited Time Treasures,471786.09,178,2650.48,527.04,4997.38
Clothing,Puma,Sales Associate,Loyalty Rewards Blast,401341.66,144,2787.09,528.75,4979.86
Clothing,Puma,Sales Associate,Mega Weekend Bonanza,546533.97,188,2907.10,503.43,4995.44
Clothing,Puma,Sales Associate,Mid-Year Madness,538567.99,188,2864.72,511.74,4954.28
Clothing,Puma,Sales Associate,Midnight Madness,522857.89,189,2766.44,512.66,4938.29
Clothing,Puma,Sales Associate,Mystery Discount Days,422460.62,163,2591.78,504.07,4972.19
Clothing,Puma,Sales Associate,New Arrival Showcase,452906.02,168,2695.87,559.44,4988.35
Clothing,Puma,Sales Associate,New Product Launch Promo,502499.28,181,2776.24,551.19,4984.83
Clothing,Puma,Sales Associate,New Year Kickoff,498796.63,182,2740.64,503.74,4994.72
Clothing,Puma,Sales Associate,Price Drop Parade,440009.94,160,2750.06,596.35,4977.32
Clothing,Puma,Sales Associate,Red Tag Clearance,477306.93,178,2681.50,530.53,4990.12
Clothing,Puma,Sales Associate,Seasonal Surprise Box,398292.10,151,2637.70,529.06,4982.48
Clothing,Puma,Sales Associate,Shop & Save Spectacular,495962.57,171,2900.37,500.18,4959.39
Clothing,Puma,Sales Associate,Smart Shopper Week,476004.91,177,2689.29,533.56,4997.07
Clothing,Puma,Sales Associate,Spring Refresh Event,506119.02,194,2608.86,571.87,4982.29
Clothing,Puma,Sales Associate,Spring Splash Discounts,417574.07,157,2659.71,532.41,4975.22
Clothing,Puma,Sales Associate,Summer Sizzle Promo,468509.99,161,2910.00,556.96,4955.60
Clothing,Puma,Sales Associate,Super Savings Week,469328.73,167,2810.35,505.75,4994.09
Clothing,Puma,Sales Associate,Ultimate Value Event,450656.38,161,2799.11,506.31,4994.01
Clothing,Puma,Sales Associate,VIP Access Sale,515375.98,188,2741.36,501.68,4996.77
Clothing,Puma,Sales Associate,Weekend Warrior Specials,520510.09,195,2669.28,538.43,4995.92
Clothing,Puma,Sales Associate,Winter Clearance Carnival,481200.76,173,2781.51,509.87,4972.59
Clothing,Puma,Sales Associate,Winter Wonders Sale,467668.57,176,2657.21,557.05,4943.68
Clothing,Puma,Salesperson,12 Days of Deals,524054.02,185,2832.72,502.32,4944.73
Clothing,Puma,Salesperson,Autumn Deals Drive,468693.67,162,2893.17,504.68,4964.22
Clothing,Puma,Salesperson,BOGO Blitz,471768.69,180,2620.94,502.29,4991.71
Clothing,Puma,Salesperson,Back to School Boost,488502.94,177,2759.90,521.39,4998.12
Clothing,Puma,Salesperson,Birthday Bash Sale,497190.61,171,2907.55,505.09,4997.95
Clothing,Puma,Salesperson,Black Friday Blowout,461347.05,170,2713.81,570.08,4928.88
Clothing,Puma,Salesperson,Cart Crasher Campaign,445296.25,165,2698.77,515.70,4938.32
Clothing,Puma,Salesperson,Cashback Carnival,475830.51,167,2849.28,519.82,4997.64
Clothing,Puma,Salesperson,Clearance Countdown,538855.15,199,2707.81,540.64,4985.37
Clothing,Puma,Salesperson,Countdown to Savings,477364.54,177,2696.97,577.07,4973.99
Clothing,Puma,Salesperson,Customer Appreciation Week,445760.27,170,2622.12,510.90,4998.60
Clothing,Puma,Salesperson,Cyber Monday Mania,504721.06,170,2968.95,600.85,4990.14
Clothing,Puma,Salesperson,Deal of the Month,413104.22,147,2810.23,526.39,4952.26
Clothing,Puma,Salesperson,Double Points Bonanza,476334.41,185,2574.78,518.64,4996.75
Clothing,Puma,Salesperson,Early Bird Specials,481635.50,177,2721.10,523.68,4959.20
Clothing,Puma,Salesperson,End of Season Sale,476357.90,176,2706.58,505.48,4999.17
Clothing,Puma,Salesperson,Exclusive Insider Offers,396142.56,142,2789.74,589.82,4887.96
Clothing,Puma,Salesperson,Festive Fever Promo,395319.64,159,2486.29,506.40,4919.59
Clothing,Puma,Salesperson,Final Call Frenzy,438610.19,160,2741.31,506.19,4985.10
Clothing,Puma,Salesperson,Flash Frenzy Friday,503925.17,186,2709.28,517.07,4996.58
Clothing,Puma,Salesperson,"Gift More, Spend Less",550183.39,183,3006.47,534.78,4988.67
Clothing,Puma,Salesperson,Golden Hour Bargains,444311.53,158,2812.10,527.68,4992.28
Clothing,Puma,Salesperson,Green Weekend Deals,476346.15,171,2785.65,519.01,4988.06
Clothing,Puma,Salesperson,Happy Hour Discounts,467707.19,170,2751.22,521.58,4919.57
Clothing,Puma,Salesperson,Holiday Shopping Rush,516525.55,186,2777.02,511.21,4993.01
Clothing,Puma,Salesperson,Hot Picks Promo,403919.82,144,2805.00,533.24,4983.33
Clothing,Puma,Salesperson,Instant Gratification Sale,451754.83,172,2626.48,518.33,4969.22
Clothing,Puma,Salesperson,Limited Time Treasures,441452.30,159,2776.43,515.15,4898.96
Clothing,Puma,Salesperson,Loyalty Rewards Blast,431631.55,152,2839.68,545.68,4981.91
Clothing,Puma,Salesperson,Mega Weekend Bonanza,545835.13,191,2857.78,527.22,4932.63
Clothing,Puma,Salesperson,Mid-Year Madness,481946.60,183,2633.59,526.56,4998.11
Clothing,Puma,Salesperson,Midnight Madness,458545.38,163,2813.16,515.18,4911.84
Clothing,Puma,Salesperson,Mystery Discount Days,409571.07,154,2659.55,530.01,4975.99
Clothing,Puma,Salesperson,New Arrival Showcase,456641.97,171,2670.42,506.85,4977.08
Clothing,Puma,Salesperson,New Product Launch Promo,458540.36,169,2713.26,549.91,4967.60
Clothing,Puma,Salesperson,New Year Kickoff,482096.60,170,2835.86,529.24,4973.48
Clothing,Puma,Salesperson,Price Drop Parade,505513.47,187,2703.28,506.95,4864.33
Clothing,Puma,Salesperson,Red Tag Clearance,449897.27,171,2630.98,502.12,4997.50
Clothing,Puma,Salesperson,Seasonal Surprise Box,474046.11,163,2908.26,505.17,4996.71
Clothing,Puma,Salesperson,Shop & Save Spectacular,462166.00,170,2718.62,510.86,4955.86
Clothing,Puma,Salesperson,Smart Shopper Week,531815.18,193,2755.52,536.44,4995.81
Clothing,Puma,Salesperson,Spring Refresh Event,386701.34,150,2578.01,517.63,4987.17
Clothing,Puma,Salesperson,Spring Splash Discounts,502304.37,183,2744.83,500.66,4971.83
Clothing,Puma,Salesperson,Summer Sizzle Promo,497638.33,176,2827.49,507.53,4998.14
Clothing,Puma,Salesperson,Super Savings Week,493595.63,180,2742.20,513.97,4983.64
Clothing,Puma,Salesperson,Ultimate Value Event,496512.74,185,2683.85,517.86,4956.78
Clothing,Puma,Salesperson,VIP Access Sale,461232.33,165,2795.35,538.95,4992.69
Clothing,Puma,Salesperson,Weekend Warrior Specials,448979.17,161,2788.69,548.83,4993.66
Clothing,Puma,Salesperson,Winter Clearance Carnival,469786.21,170,2763.45,506.16,4993.54
Clothing,Puma,Salesperson,Winter Wonders Sale,449455.81,174,2583.08,513.88,4943.57
Clothing,Puma,Senior Salesperson,12 Days of Deals,427288.31,155,2756.70,519.67,4977.32
Clothing,Puma,Senior Salesperson,Autumn Deals Drive,426977.92,147,2904.61,559.17,4936.34
Clothing,Puma,Senior Salesperson,BOGO Blitz,457240.53,164,2788.05,526.99,4984.91
Clothing,Puma,Senior Salesperson,Back to School Boost,390613.07,148,2639.28,510.27,4973.13
Clothing,Puma,Senior Salesperson,Birthday Bash Sale,463522.99,166,2792.31,637.06,4987.56
Clothing,Puma,Senior Salesperson,Black Friday Blowout,388978.00,148,2628.23,500.74,4996.19
Clothing,Puma,Senior Salesperson,Cart Crasher Campaign,453551.49,160,2834.70,535.31,4993.73
Clothing,Puma,Senior Salesperson,Cashback Carnival,377940.30,140,2699.57,568.25,4962.54
Clothing,Puma,Senior Salesperson,Clearance Countdown,379895.57,144,2638.16,537.62,4962.17
Clothing,Puma,Senior Salesperson,Countdown to Savings,482258.86,176,2740.11,541.81,4991.40
Clothing,Puma,Senior Salesperson,Customer Appreciation Week,430466.88,148,2908.56,653.52,4981.97
Clothing,Puma,Senior Salesperson,Cyber Monday Mania,374634.34,141,2656.98,563.18,4944.87
Clothing,Puma,Senior Salesperson,Deal of the Month,418091.09,154,2714.88,502.57,4940.61
Clothing,Puma,Senior Salesperson,Double Points Bonanza,423579.54,145,2921.24,536.85,4891.64
Clothing,Puma,Senior Salesperson,Early Bird Specials,391679.07,147,2664.48,505.07,4997.16
Clothing,Puma,Senior Salesperson,End of Season Sale,442930.75,152,2914.02,523.55,4927.02
Clothing,Puma,Senior Salesperson,Exclusive Insider Offers,409468.53,143,2863.42,500.07,4959.89
Clothing,Puma,Senior Salesperson,Festive Fever Promo,428304.74,170,2519.44,519.19,4998.89
Clothing,Puma,Senior Salesperson,Final Call Frenzy,443161.29,155,2859.11,575.78,4950.32
Clothing,Puma,Senior Salesperson,Flash Frenzy Friday,365001.93,137,2664.25,524.18,4955.85
Clothing,Puma,Senior Salesperson,"Gift More, Spend Less",472589.33,164,2881.64,504.71,4972.69
Clothing,Puma,Senior Salesperson,Golden Hour Bargains,433238.48,153,2831.62,513.18,4991.77
Clothing,Puma,Senior Salesperson,Green Weekend Deals,411770.25,148,2782.23,572.40,4999.98
Clothing,Puma,Senior Salesperson,Happy Hour Discounts,376272.34,147,2559.68,517.45,4907.21
Clothing,Puma,Senior Salesperson,Holiday Shopping Rush,428429.40,154,2782.01,532.29,4982.19
Clothing,Puma,Senior Salesperson,Hot Picks Promo,442390.90,156,2835.84,525.98,4971.32
Clothing,Puma,Senior Salesperson,Instant Gratification Sale,427209.28,147,2906.19,522.66,4938.20
Clothing,Puma,Senior Salesperson,Limited Time Treasures,421490.30,160,2634.31,526.93,4989.54
Clothing,Puma,Senior Salesperson,Loyalty Rewards Blast,404490.79,152,2661.12,508.40,4995.86
Clothing,Puma,Senior Salesperson,Mega Weekend Bonanza,398157.88,137,2906.26,518.98,4975.54
Clothing,Puma,Senior Salesperson,Mid-Year Madness,421921.08,151,2794.18,542.10,4967.89
Clothing,Puma,Senior Salesperson,Midnight Madness,429133.46,155,2768.60,528.57,4997.93
Clothing,Puma,Senior Salesperson,Mystery Discount Days,388160.27,144,2695.56,653.18,4980.68
Clothing,Puma,Senior Salesperson,New Arrival Showcase,362018.59,135,2681.62,514.19,4856.34
Clothing,Puma,Senior Salesperson,New Product Launch Promo,449980.89,156,2884.49,534.01,4988.38
Clothing,Puma,Senior Salesperson,New Year Kickoff,470905.23,165,2853.97,500.45,4902.49
Clothing,Puma,Senior Salesperson,Price Drop Parade,437562.47,163,2684.43,521.85,4999.68
Clothing,Puma,Senior Salesperson,Red Tag Clearance,404884.28,144,2811.70,513.56,4988.86
Clothing,Puma,Senior Salesperson,Seasonal Surprise Box,428335.45,146,2933.80,546.12,4982.46
Clothing,Puma,Senior Salesperson,Shop & Save Spectacular,475102.48,159,2988.07,511.21,4956.44
Clothing,Puma,Senior Salesperson,Smart Shopper Week,363528.00,136,2673.00,540.84,4972.75
Clothing,Puma,Senior Salesperson,Spring Refresh Event,455237.31,159,2863.13,531.69,4966.30
Clothing,Puma,Senior Salesperson,Spring Splash Discounts,427474.71,158,2705.54,513.31,4999.01
Clothing,Puma,Senior Salesperson,Summer Sizzle Promo,355596.80,127,2799.97,528.18,4985.15
Clothing,Puma,Senior Salesperson,Super Savings Week,469284.58,163,2879.05,555.72,4998.97
Clothing,Puma,Senior Salesperson,Ultimate Value Event,385164.63,151,2550.76,500.07,4992.22
Clothing,Puma,Senior Salesperson,VIP Access Sale,488476.36,185,2640.41,505.21,4974.47
Clothing,Puma,Senior Salesperson,Weekend Warrior Specials,437287.64,154,2839.53,508.77,4998.52
Clothing,Puma,Senior Salesperson,Winter Clearance Carnival,346968.94,129,2689.68,567.04,4930.41
Clothing,Puma,Senior Salesperson,Winter Wonders Sale,385119.80,139,2770.65,530.36,4958.44
Clothing,Zara,Manager,12 Days of Deals,488914.39,175,2793.80,513.52,4946.81
Clothing,Zara,Manager,Autumn Deals Drive,388346.78,148,2623.96,518.57,4988.40
Clothing,Zara,Manager,BOGO Blitz,487222.29,174,2800.13,523.65,4989.78
Clothing,Zara,Manager,Back to School Boost,413771.69,151,2740.21,544.15,4969.60
Clothing,Zara,Manager,Birthday Bash Sale,429576.76,156,2753.70,550.16,4985.44
Clothing,Zara,Manager,Black Friday Blowout,477958.27,168,2844.99,502.21,4960.22
Clothing,Zara,Manager,Cart Crasher Campaign,461584.99,171,2699.33,566.37,4994.01
Clothing,Zara,Manager,Cashback Carnival,386989.70,148,2614.80,601.21,4941.52
Clothing,Zara,Manager,Clearance Countdown,578276.47,209,2766.87,500.46,4972.17
Clothing,Zara,Manager,Countdown to Savings,463364.51,159,2914.24,535.14,4990.06
Clothing,Zara,Manager,Customer Appreciation Week,417265.12,161,2591.71,529.81,4919.79
Clothing,Zara,Manager,Cyber Monday Mania,485747.21,173,2807.79,521.44,4980.20
Clothing,Zara,Manager,Deal of the Month,433611.59,155,2797.49,506.49,4988.69
Clothing,Zara,Manager,Double Points Bonanza,454448.65,166,2737.64,521.69,4973.25
Clothing,Zara,Manager,Early Bird Specials,413343.16,153,2701.59,574.83,4955.68
Clothing,Zara,Manager,End of Season Sale,454497.25,165,2754.53,538.46,4993.28
Clothing,Zara,Manager,Exclusive Insider Offers,423290.04,162,2612.90,500.32,4991.57
Clothing,Zara,Manager,Festive Fever Promo,443850.31,176,2521.88,513.89,4918.36
Clothing,Zara,Manager,Final Call Frenzy,402546.21,154,2613.94,541.12,4935.31
Clothing,Zara,Manager,Flash Frenzy Friday,504134.47,180,2800.75,568.84,4985.68
Clothing,Zara,Manager,"Gift More, Spend Less",438002.53,150,2920.02,503.15,4981.44
Clothing,Zara,Manager,Golden Hour Bargains,461115.43,160,2881.97,527.31,4980.41
Clothing,Zara,Manager,Green Weekend Deals,468551.85,174,2692.83,505.56,4950.28
Clothing,Zara,Manager,Happy Hour Discounts,524670.34,185,2836.06,572.16,4990.80
Clothing,Zara,Manager,Holiday Shopping Rush,416283.94,158,2634.71,539.37,4970.10
Clothing,Zara,Manager,Hot Picks Promo,435744.20,153,2848.00,550.43,4950.72
Clothing,Zara,Manager,Instant Gratification Sale,438581.67,166,2642.06,503.90,4986.93
Clothing,Zara,Manager,Limited Time Treasures,395265.54,143,2764.09,511.01,4939.92
Clothing,Zara,Manager,Loyalty Rewards Blast,511520.80,181,2826.08,544.56,4997.44
Clothing,Zara,Manager,Mega Weekend Bonanza,515678.81,185,2787.45,531.75,4995.03
Clothing,Zara,Manager,Mid-Year Madness,463501.55,174,2663.80,564.23,4997.09
Clothing,Zara,Manager,Midnight Madness,476571.21,176,2707.79,509.57,4789.09
Clothing,Zara,Manager,Mystery Discount Days,403714.14,148,2727.80,507.76,4940.19
Clothing,Zara,Manager,New Arrival Showcase,427956.10,157,2725.84,554.91,4956.79
Clothing,Zara,Manager,New Product Launch Promo,470137.27,173,2717.56,501.71,4992.60
Clothing,Zara,Manager,New Year Kickoff,393426.68,149,2640.45,562.09,4992.69
Clothing,Zara,Manager,Price Drop Parade,475673.63,178,2672.32,521.48,4952.90
Clothing,Zara,Manager,Red Tag Clearance,479703.31,170,2821.78,516.38,4981.37
Clothing,Zara,Manager,Seasonal Surprise Box,474613.24,163,2911.74,510.40,4984.25
Clothing,Zara,Manager,Shop & Save Spectacular,480843.04,170,2828.49,537.52,4997.51
Clothing,Zara,Manager,Smart Shopper Week,442345.42,159,2782.05,509.54,4997.75
Clothing,Zara,Manager,Spring Refresh Event,426843.86,153,2789.83,516.01,4920.66
Clothing,Zara,Manager,Spring Splash Discounts,424569.26,164,2588.84,505.77,4983.14
Clothing,Zara,Manager,Summer Sizzle Promo,434943.56,157,2770.34,551.93,4998.58
Clothing,Zara,Manager,Super Savings Week,402885.90,155,2599.26,507.31,4948.14
Clothing,Zara,Manager,Ultimate Value Event,442283.24,170,2601.67,543.72,4997.25
Clothing,Zara,Manager,VIP Access Sale,538689.99,186,2896.18,564.93,4976.29
Clothing,Zara,Manager,Weekend Warrior Specials,506682.01,186,2724.10,538.70,4984.90
Clothing,Zara,Manager,Winter Clearance Carnival,521568.76,167,3123.17,522.80,4985.40
Clothing,Zara,Manager,Winter Wonders Sale,472663.67,180,2625.91,502.39,4954.69
Clothing,Zara,Sales Associate,12 Days of Deals,409270.02,164,2495.55,523.45,4951.22
Clothing,Zara,Sales Associate,Autumn Deals Drive,604542.44,215,2811.83,553.25,4992.31
Clothing,Zara,Sales Associate,BOGO Blitz,441285.44,166,2658.35,530.02,4989.16
Clothing,Zara,Sales Associate,Back to School Boost,473965.19,165,2872.52,506.82,4986.50
Clothing,Zara,Sales Associate,Birthday Bash Sale,384756.65,139,2768.03,506.06,4992.91
Clothing,Zara,Sales Associate,Black Friday Blowout,524156.89,187,2802.98,512.39,4986.73
Clothing,Zara,Sales Associate,Cart Crasher Campaign,462834.30,172,2690.90,512.62,4959.67
Clothing,Zara,Sales Associate,Cashback Carnival,481947.33,173,2785.82,517.57,4944.25
Clothing,Zara,Sales Associate,Clearance Countdown,478479.55,174,2749.88,511.75,4995.95
Clothing,Zara,Sales Associate,Countdown to Savings,492792.31,179,2753.03,525.74,4935.78
Clothing,Zara,Sales Associate,Customer Appreciation Week,475442.77,167,2846.96,505.57,4978.37
Clothing,Zara,Sales Associate,Cyber Monday Mania,400737.84,158,2536.32,555.60,4968.83
Clothing,Zara,Sales Associate,Deal of the Month,483306.58,177,2730.55,507.82,4946.48
Clothing,Zara,Sales Associate,Double Points Bonanza,522488.90,177,2951.91,515.01,4995.86
Clothing,Zara,Sales Associate,Early Bird Specials,570335.62,202,2823.44,524.59,4982.76
Clothing,Zara,Sales Associate,End of Season Sale,454828.49,170,2675.46,504.46,4909.16
Clothing,Zara,Sales Associate,Exclusive Insider Offers,515000.74,186,2768.82,540.34,4980.74
Clothing,Zara,Sales Associate,Festive Fever Promo,515190.13,184,2799.95,562.49,4990.63
Clothing,Zara,Sales Associate,Final Call Frenzy,525952.80,189,2782.82,503.34,4993.90
Clothing,Zara,Sales Associate,Flash Frenzy Friday,500011.51,184,2717.45,528.82,4986.49
Clothing,Zara,Sales Associate,"Gift More, Spend Less",517651.52,180,2875.84,566.27,4931.82
Clothing,Zara,Sales Associate,Golden Hour Bargains,456799.11,156,2928.20,501.59,4990.97
Clothing,Zara,Sales Associate,Green Weekend Deals,477715.15,179,2668.80,502.55,4992.17
Clothing,Zara,Sales Associate,Happy Hour Discounts,555368.60,196,2833.51,517.05,4989.47
Clothing,Zara,Sales Associate,Holiday Shopping Rush,408114.84,149,2739.03,517.06,4930.19
Clothing,Zara,Sales Associate,Hot Picks Promo,470279.50,168,2799.28,502.48,4988.19
Clothing,Zara,Sales Associate,Instant Gratification Sale,486516.00,177,2748.68,514.98,4935.00
Clothing,Zara,Sales Associate,Limited Time Treasures,491053.45,171,2871.66,506.89,4948.35
Clothing,Zara,Sales Associate,Loyalty Rewards Blast,490909.64,185,2653.57,528.24,4992.46
Clothing,Zara,Sales Associate,Mega Weekend Bonanza,407253.96,149,2733.25,512.13,4926.56
Clothing,Zara,Sales Associate,Mid-Year Madness,548151.17,195,2811.03,511.04,4997.54
Clothing,Zara,Sales Associate,Midnight Madness,427303.34,157,2721.68,570.65,4972.50
Clothing,Zara,Sales Associate,Mystery Discount Days,423391.47,166,2550.55,542.29,4930.80
Clothing,Zara,Sales Associate,New Arrival Showcase,559717.15,195,2870.34,510.69,4956.65
Clothing,Zara,Sales Associate,New Product Launch Promo,411187.27,162,2538.19,533.17,4952.80
Clothing,Zara,Sales Associate,New Year Kickoff,483104.75,173,2792.51,522.02,4990.26
Clothing,Zara,Sales Associate,Price Drop Parade,501823.27,183,2742.20,508.52,4995.75
Clothing,Zara,Sales Associate,Red Tag Clearance,493666.13,172,2870.15,570.37,4984.82
Clothing,Zara,Sales Associate,Seasonal Surprise Box,554655.38,201,2759.48,502.82,4988.87
Clothing,Zara,Sales Associate,Shop & Save Spectacular,482115.27,173,2786.79,536.68,4999.91
Clothing,Zara,Sales Associate,Smart Shopper Week,507855.82,182,2790.42,516.26,4953.34
Clothing,Zara,Sales Associate,Spring Refresh Event,490856.48,177,2773.20,506.20,4995.99
Clothing,Zara,Sales Associate,Spring Splash Discounts,480930.16,177,2717.12,538.42,4983.92
Clothing,Zara,Sales Associate,Summer Sizzle Promo,503669.89,175,2878.11,522.24,4991.33
Clothing,Zara,Sales Associate,Super Savings Week,367428.01,147,2499.51,518.97,4991.65
Clothing,Zara,Sales Associate,Ultimate Value Event,501172.12,178,2815.57,534.20,4988.28
Clothing,Zara,Sales Associate,VIP Access Sale,460961.44,170,2711.54,522.66,4892.02
Clothing,Zara,Sales Associate,Weekend Warrior Specials,454032.65,161,2820.08,502.76,4984.00
Clothing,Zara,Sales Associate,Winter Clearance Carnival,438735.48,165,2659.00,502.03,4991.29
Clothing,Zara,Sales Associate,Winter Wonders Sale,478378.16,165,2899.26,527.33,4971.63
Clothing,Zara,Salesperson,12 Days of Deals,376850.19,149,2529.20,519.41,4931.09
Clothing,Zara,Salesperson,Autumn Deals Drive,447712.97,174,2573.06,511.91,4981.28
Clothing,Zara,Salesperson,BOGO Blitz,496170.93,175,2835.26,513.67,4999.45
Clothing,Zara,Salesperson,Back to School Boost,429408.65,157,2735.09,528.43,4882.66
Clothing,Zara,Salesperson,Birthday Bash Sale,470437.52,175,2688.21,532.90,4991.13
Clothing,Zara,Salesperson,Black Friday Blowout,380764.65,138,2759.16,541.53,4989.75
Clothing,Zara,Salesperson,Cart Crasher Campaign,432220.61,149,2900.81,536.10,4981.35
Clothing,Zara,Salesperson,Cashback Carnival,444708.44,160,2779.43,505.92,4964.30
Clothing,Zara,Salesperson,Clearance Countdown,486311.79,173,2811.05,512.27,4999.80
Clothing,Zara,Salesperson,Countdown to Savings,420312.34,157,2677.15,504.23,4949.51
Clothing,Zara,Salesperson,Customer Appreciation Week,579093.25,196,2954.56,513.31,4964.05
Clothing,Zara,Salesperson,Cyber Monday Mania,473293.70,172,2751.71,524.10,4995.44
Clothing,Zara,Salesperson,Deal of the Month,498349.69,178,2799.72,505.18,4994.87
Clothing,Zara,Salesperson,Double Points Bonanza,501818.86,187,2683.52,517.10,4999.44
Clothing,Zara,Salesperson,Early Bird Specials,491979.64,174,2827.47,519.84,4991.60
Clothing,Zara,Salesperson,End of Season Sale,488988.56,187,2614.91,509.09,4969.53
Clothing,Zara,Salesperson,Exclusive Insider Offers,493660.56,174,2837.13,524.93,4973.56
Clothing,Zara,Salesperson,Festive Fever Promo,413755.09,159,2602.23,538.62,4971.54
Clothing,Zara,Salesperson,Final Call Frenzy,393527.66,145,2713.98,501.00,4960.09
Clothing,Zara,Salesperson,Flash Frenzy Friday,459693.15,163,2820.20,506.08,4993.36
Clothing,Zara,Salesperson,"Gift More, Spend Less",482031.62,171,2818.90,518.98,4989.04
Clothing,Zara,Salesperson,Golden Hour Bargains,442215.93,183,2416.48,504.67,4991.19
Clothing,Zara,Salesperson,Green Weekend Deals,491216.66,169,2906.61,563.25,4950.45
Clothing,Zara,Salesperson,Happy Hour Discounts,472030.11,170,2776.65,530.57,4952.41
Clothing,Zara,Salesperson,Holiday Shopping Rush,427945.23,161,2658.04,503.85,4936.30
Clothing,Zara,Salesperson,Hot Picks Promo,476396.67,179,2661.43,502.01,4981.84
Clothing,Zara,Salesperson,Instant Gratification Sale,450052.43,175,2571.73,508.35,4968.48
Clothing,Zara,Salesperson,Limited Time Treasures,503025.66,181,2779.15,537.57,4982.15
Clothing,Zara,Salesperson,Loyalty Rewards Blast,495617.66,174,2848.38,525.22,4909.90
Clothing,Zara,Salesperson,Mega Weekend Bonanza,466007.04,171,2725.19,526.35,4988.26
Clothing,Zara,Salesperson,Mid-Year Madness,469633.83,166,2829.12,521.80,4962.02
Clothing,Zara,Salesperson,Midnight Madness,527517.33,191,2761.87,500.50,4986.57
Clothing,Zara,Salesperson,Mystery Discount Days,476294.34,171,2785.35,500.93,4998.98
Clothing,Zara,Salesperson,New Arrival Showcase,472453.04,173,2730.94,516.45,4996.20
Clothing,Zara,Salesperson,New Product Launch Promo,489046.54,189,2587.55,520.94,4895.72
Clothing,Zara,Salesperson,New Year Kickoff,437131.79,161,2715.10,531.60,4987.75
Clothing,Zara,Salesperson,Price Drop Parade,460172.89,167,2755.53,503.25,4902.98
Clothing,Zara,Salesperson,Red Tag Clearance,532829.45,182,2927.63,540.18,4961.81
Clothing,Zara,Salesperson,Seasonal Surprise Box,451911.77,179,2524.65,557.77,4965.35
Clothing,Zara,Salesperson,Shop & Save Spectacular,482382.45,170,2837.54,521.13,4998.75
Clothing,Zara,Salesperson,Smart Shopper Week,501310.20,169,2966.33,564.06,4999.73
Clothing,Zara,Salesperson,Spring Refresh Event,400842.48,151,2654.59,516.40,4994.74
Clothing,Zara,Salesperson,Spring Splash Discounts,443023.58,156,2839.89,601.29,4969.23
Clothing,Zara,Salesperson,Summer Sizzle Promo,462908.18,167,2771.91,510.41,4978.19
Clothing,Zara,Salesperson,Super Savings Week,438524.90,164,2673.93,505.22,4992.52
Clothing,Zara,Salesperson,Ultimate Value Event,462724.61,159,2910.22,510.86,4999.82
Clothing,Zara,Salesperson,VIP Access Sale,477805.89,175,2730.32,530.27,4958.73
Clothing,Zara,Salesperson,Weekend Warrior Specials,489434.76,190,2575.97,515.36,4991.98
Clothing,Zara,Salesperson,Winter Clearance Carnival,432747.72,159,2721.68,510.95,4978.73
Clothing,Zara,Salesperson,Winter Wonders Sale,471062.05,172,2738.73,527.74,4960.68
Clothing,Zara,Senior Salesperson,12 Days of Deals,424220.73,149,2847.12,557.51,4958.04
Clothing,Zara,Senior Salesperson,Autumn Deals Drive,423157.80,152,2783.93,501.28,4935.47
Clothing,Zara,Senior Salesperson,BOGO Blitz,470304.55,171,2750.32,534.41,4999.06
Clothing,Zara,Senior Salesperson,Back to School Boost,409467.68,149,2748.11,574.63,4970.78
Clothing,Zara,Senior Salesperson,Birthday Bash Sale,437076.63,154,2838.16,513.81,4946.23
Clothing,Zara,Senior Salesperson,Black Friday Blowout,458284.55,160,2864.28,505.39,4922.22
Clothing,Zara,Senior Salesperson,Cart Crasher Campaign,420538.56,146,2880.40,520.37,4997.29
Clothing,Zara,Senior Salesperson,Cashback Carnival,388859.22,142,2738.45,608.63,4968.31
Clothing,Zara,Senior Salesperson,Clearance Countdown,344536.07,135,2552.12,507.81,4967.03
Clothing,Zara,Senior Salesperson,Countdown to Savings,430681.05,154,2796.63,503.90,4972.78
Clothing,Zara,Senior Salesperson,Customer Appreciation Week,430450.59,160,2690.32,525.36,4953.93
Clothing,Zara,Senior Salesperson,Cyber Monday Mania,350207.39,129,2714.79,556.11,4991.94
Clothing,Zara,Senior Salesperson,Deal of the Month,417134.85,157,2656.91,520.26,4949.98
Clothing,Zara,Senior Salesperson,Double Points Bonanza,392234.85,145,2705.07,504.72,4959.54
Clothing,Zara,Senior Salesperson,Early Bird Specials,422943.11,154,2746.38,506.63,4983.02
Clothing,Zara,Senior Salesperson,End of Season Sale,282138.99,105,2687.04,509.34,4944.25
Clothing,Zara,Senior Salesperson,Exclusive Insider Offers,447466.44,157,2850.10,532.60,4989.88
Clothing,Zara,Senior Salesperson,Festive Fever Promo,414927.69,147,2822.64,545.01,4991.64
Clothing,Zara,Senior Salesperson,Final Call Frenzy,361479.01,128,2824.05,557.19,4929.76
Clothing,Zara,Senior Salesperson,Flash Frenzy Friday,392953.25,145,2710.02,550.67,4984.44
Clothing,Zara,Senior Salesperson,"Gift More, Spend Less",463891.04,156,2973.66,514.09,4977.65
Clothing,Zara,Senior Salesperson,Golden Hour Bargains,451086.48,154,2929.13,509.20,4994.31
Clothing,Zara,Senior Salesperson,Green Weekend Deals,456913.26,170,2687.73,529.73,4962.52
Clothing,Zara,Senior Salesperson,Happy Hour Discounts,383285.90,144,2661.71,538.42,4973.50
Clothing,Zara,Senior Salesperson,Holiday Shopping Rush,393337.02,139,2829.76,503.29,4996.42
Clothing,Zara,Senior Salesperson,Hot Picks Promo,399611.34,144,2775.08,537.00,4989.52
Clothing,Zara,Senior Salesperson,Instant Gratification Sale,351227.65,119,2951.49,506.92,4997.44
Clothing,Zara,Senior Salesperson,Limited Time Treasures,425730.46,152,2800.86,509.31,4999.81
Clothing,Zara,Senior Salesperson,Loyalty Rewards Blast,431362.87,156,2765.15,558.43,4984.11
Clothing,Zara,Senior Salesperson,Mega Weekend Bonanza,378312.50,142,2664.17,524.86,4970.99
Clothing,Zara,Senior Salesperson,Mid-Year Madness,415100.57,157,2643.95,502.44,4991.48
Clothing,Zara,Senior Salesperson,Midnight Madness,410944.96,150,2739.63,568.81,4988.44
Clothing,Zara,Senior Salesperson,Mystery Discount Days,447071.26,160,2794.20,576.99,4961.47
Clothing,Zara,Senior Salesperson,New Arrival Showcase,438580.03,163,2690.68,506.65,4966.36
Clothing,Zara,Senior Salesperson,New Product Launch Promo,350774.62,135,2598.33,562.12,4859.52
Clothing,Zara,Senior Salesperson,New Year Kickoff,362732.40,132,2747.97,537.71,4981.56
Clothing,Zara,Senior Salesperson,Price Drop Parade,433387.62,153,2832.60,524.96,4984.02
Clothing,Zara,Senior Salesperson,Red Tag Clearance,422040.79,152,2776.58,592.64,4999.45
Clothing,Zara,Senior Salesperson,Seasonal Surprise Box,411455.21,148,2780.10,524.63,4900.67
Clothing,Zara,Senior Salesperson,Shop & Save Spectacular,381420.60,139,2744.03,501.24,4968.32
Clothing,Zara,Senior Salesperson,Smart Shopper Week,376610.27,138,2729.06,505.75,4990.51
Clothing,Zara,Senior Salesperson,Spring Refresh Event,445581.07,155,2874.72,515.89,4971.60
Clothing,Zara,Senior Salesperson,Spring Splash Discounts,381284.85,134,2845.41,524.51,4989.56
Clothing,Zara,Senior Salesperson,Summer Sizzle Promo,439485.43,166,2647.50,511.51,4995.74
Clothing,Zara,Senior Salesperson,Super Savings Week,418796.24,145,2888.25,510.99,4998.42
Clothing,Zara,Senior Salesperson,Ultimate Value Event,418558.15,157,2665.98,504.23,4983.39
Clothing,Zara,Senior Salesperson,VIP Access Sale,408176.44,136,3001.30,523.97,4999.71
Clothing,Zara,Senior Salesperson,Weekend Warrior Specials,426990.45,153,2790.79,521.13,4989.06
Clothing,Zara,Senior Salesperson,Winter Clearance Carnival,441265.70,157,2810.61,524.22,4994.24
Clothing,Zara,Senior Salesperson,Winter Wonders Sale,410817.04,155,2650.43,526.45,4968.59
Electronics,Apple,Manager,12 Days of Deals,444904.53,163,2729.48,552.29,4969.65
Electronics,Apple,Manager,Autumn Deals Drive,437956.71,147,2979.30,523.27,4922.67
Electronics,Apple,Manager,BOGO Blitz,417738.94,150,2784.93,517.95,4998.43
Electronics,Apple,Manager,Back to School Boost,426765.34,162,2634.35,530.14,4991.54
Electronics,Apple,Manager,Birthday Bash Sale,451364.88,169,2670.80,534.39,4935.82
Electronics,Apple,Manager,Black Friday Blowout,454521.57,161,2823.12,511.49,4994.08
Electronics,Apple,Manager,Cart Crasher Campaign,449510.33,161,2791.99,508.39,4965.47
Electronics,Apple,Manager,Cashback Carnival,484116.72,174,2782.28,522.52,4982.07
Electronics,Apple,Manager,Clearance Countdown,514605.72,179,2874.89,535.65,4982.48
Electronics,Apple,Manager,Countdown to Savings,476696.23,170,2804.10,528.60,4989.36
Electronics,Apple,Manager,Customer Appreciation Week,457145.02,152,3007.53,531.84,4983.41
Electronics,Apple,Manager,Cyber Monday Mania,435313.05,160,2720.71,518.12,4970.73
Electronics,Apple,Manager,Deal of the Month,467078.86,167,2796.88,564.25,4924.15
Electronics,Apple,Manager,Double Points Bonanza,430361.43,158,2723.81,509.10,4964.53
Electronics,Apple,Manager,Early Bird Specials,341631.55,135,2530.60,511.39,4968.03
Electronics,Apple,Manager,End of Season Sale,477812.28,173,2761.92,504.05,4956.16
Electronics,Apple,Manager,Exclusive Insider Offers,468907.53,180,2605.04,536.56,4989.13
Electronics,Apple,Manager,Festive Fever Promo,424505.63,151,2811.30,500.64,4977.00
Electronics,Apple,Manager,Final Call Frenzy,484537.19,182,2662.29,509.54,4955.97
Electronics,Apple,Manager,Flash Frenzy Friday,395594.96,143,2766.40,564.15,4990.29
Electronics,Apple,Manager,"Gift More, Spend Less",364052.18,138,2638.06,519.09,4984.39
Electronics,Apple,Manager,Golden Hour Bargains,465088.97,169,2752.01,512.23,4995.98
Electronics,Apple,Manager,Green Weekend Deals,433900.15,154,2817.53,542.53,4983.70
Electronics,Apple,Manager,Happy Hour Discounts,482660.25,175,2758.06,532.66,4985.69
Electronics,Apple,Manager,Holiday Shopping Rush,408631.21,144,2837.72,537.56,4988.74
Electronics,Apple,Manager,Hot Picks Promo,494474.41,178,2777.95,553.05,4986.36
Electronics,Apple,Manager,Instant Gratification Sale,496287.30,185,2682.63,528.53,4993.60
Electronics,Apple,Manager,Limited Time Treasures,465527.62,178,2615.32,536.32,4977.48
Electronics,Apple,Manager,Loyalty Rewards Blast,450891.20,175,2576.52,530.61,4996.70
Electronics,Apple,Manager,Mega Weekend Bonanza,490916.41,173,2837.67,519.39,4977.51
Electronics,Apple,Manager,Mid-Year Madness,408714.22,156,2619.96,506.67,4825.37
Electronics,Apple,Manager,Midnight Madness,494109.21,174,2839.71,532.81,4987.52
Electronics,Apple,Manager,Mystery Discount Days,442406.67,152,2910.57,529.87,4987.89
Electronics,Apple,Manager,New Arrival Showcase,462139.26,159,2906.54,533.21,4999.20
Electronics,Apple,Manager,New Product Launch Promo,497039.00,182,2730.98,516.58,4989.38
Electronics,Apple,Manager,New Year Kickoff,498122.60,181,2752.06,521.49,4996.42
Electronics,Apple,Manager,Price Drop Parade,440741.14,158,2789.50,541.45,4996.99
Electronics,Apple,Manager,Red Tag Clearance,503958.60,181,2784.30,501.68,4943.14
Electronics,Apple,Manager,Seasonal Surprise Box,468878.24,175,2679.30,567.53,4859.66
Electronics,Apple,Manager,Shop & Save Spectacular,480404.68,175,2745.17,521.35,4994.26
Electronics,Apple,Manager,Smart Shopper Week,492046.82,175,2811.70,536.06,4976.84
Electronics,Apple,Manager,Spring Refresh Event,447209.09,154,2903.96,509.43,4940.02
Electronics,Apple,Manager,Spring Splash Discounts,434711.28,156,2786.61,514.69,4985.90
Electronics,Apple,Manager,Summer Sizzle Promo,435263.00,156,2790.15,501.20,4969.25
Electronics,Apple,Manager,Super Savings Week,495703.70,174,2848.87,560.61,4982.95
Electronics,Apple,Manager,Ultimate Value Event,465891.92,154,3025.27,547.36,4999.80
Electronics,Apple,Manager,VIP Access Sale,502393.07,183,2745.32,554.81,4955.22
Electronics,Apple,Manager,Weekend Warrior Specials,453537.47,171,2652.27,544.86,4979.11
Electronics,Apple,Manager,Winter Clearance Carnival,499569.34,192,2601.92,521.11,4949.59
Electronics,Apple,Manager,Winter Wonders Sale,498100.46,180,2767.22,544.90,4989.20
Electronics,Apple,Sales Associate,12 Days of Deals,458867.41,164,2797.97,525.65,4934.71
Electronics,Apple,Sales Associate,Autumn Deals Drive,463407.63,168,2758.38,520.68,4971.89
Electronics,Apple,Sales Associate,BOGO Blitz,424056.85,162,2617.63,507.85,4967.43
Electronics,Apple,Sales Associate,Back to School Boost,466823.86,173,2698.40,501.01,4988.38
Electronics,Apple,Sales Associate,Birthday Bash Sale,520255.23,185,2812.19,504.53,4989.43
Electronics,Apple,Sales Associate,Black Friday Blowout,511807.51,186,2751.65,522.18,4989.77
Electronics,Apple,Sales Associate,Cart Crasher Campaign,471750.37,176,2680.40,512.07,4927.33
Electronics,Apple,Sales Associate,Cashback Carnival,451351.35,163,2769.03,500.55,4904.22
Electronics,Apple,Sales Associate,Clearance Countdown,484114.46,166,2916.35,548.05,4920.88
Electronics,Apple,Sales Associate,Countdown to Savings,460865.63,177,2603.76,500.60,4989.61
Electronics,Apple,Sales Associate,Customer Appreciation Week,501797.31,199,2521.59,507.42,4973.76
Electronics,Apple,Sales Associate,Cyber Monday Mania,429995.73,157,2738.83,535.88,4984.30
Electronics,Apple,Sales Associate,Deal of the Month,495002.36,176,2812.51,520.13,4997.93
Electronics,Apple,Sales Associate,Double Points Bonanza,430073.49,152,2829.43,554.75,4980.94
Electronics,Apple,Sales Associate,Early Bird Specials,557965.30,199,2803.85,540.77,4973.65
Electronics,Apple,Sales Associate,End of Season Sale,469326.64,169,2777.08,527.68,4997.96
Electronics,Apple,Sales Associate,Exclusive Insider Offers,467482.63,171,2733.82,567.43,4985.88
Electronics,Apple,Sales Associate,Festive Fever Promo,443242.51,171,2592.06,524.53,4986.14
Electronics,Apple,Sales Associate,Final Call Frenzy,489684.92,173,2830.55,523.38,4987.50
Electronics,Apple,Sales Associate,Flash Frenzy Friday,420004.35,160,2625.03,509.18,4967.34
Electronics,Apple,Sales Associate,"Gift More, Spend Less",497501.66,180,2763.90,549.75,4993.33
Electronics,Apple,Sales Associate,Golden Hour Bargains,444494.93,169,2630.15,502.34,4977.35
Electronics,Apple,Sales Associate,Green Weekend Deals,511567.91,179,2857.92,508.03,4999.77
Electronics,Apple,Sales Associate,Happy Hour Discounts,481621.37,174,2767.94,533.45,4984.26
Electronics,Apple,Sales Associate,Holiday Shopping Rush,500087.88,183,2732.72,539.84,4987.03
Electronics,Apple,Sales Associate,Hot Picks Promo,485458.42,167,2906.94,523.30,4976.46
Electronics,Apple,Sales Associate,Instant Gratification Sale,503012.65,188,2675.60,552.05,4996.98
Electronics,Apple,Sales Associate,Limited Time Treasures,474453.65,171,2774.58,502.69,4939.03
Electronics,Apple,Sales Associate,Loyalty Rewards Blast,456579.34,169,2701.65,575.02,4878.36
Electronics,Apple,Sales Associate,Mega Weekend Bonanza,480475.36,168,2859.97,527.11,4958.79
Electronics,Apple,Sales Associate,Mid-Year Madness,454162.04,160,2838.51,536.81,4956.28
Electronics,Apple,Sales Associate,Midnight Madness,507618.87,185,2743.89,537.46,4998.11
Electronics,Apple,Sales Associate,Mystery Discount Days,541343.21,174,3111.17,500.77,4976.71
Electronics,Apple,Sales Associate,New Arrival Showcase,499480.38,179,2790.39,508.74,4995.38
Electronics,Apple,Sales Associate,New Product Launch Promo,474853.94,179,2652.82,541.64,4973.07
Electronics,Apple,Sales Associate,New Year Kickoff,531108.01,192,2766.19,503.50,4976.30
Electronics,Apple,Sales Associate,Price Drop Parade,409083.87,147,2782.88,511.56,4977.85
Electronics,Apple,Sales Associate,Red Tag Clearance,430475.77,164,2624.85,514.32,4985.06
Electronics,Apple,Sales Associate,Seasonal Surprise Box,473430.83,174,2720.87,500.70,4989.80
Electronics,Apple,Sales Associate,Shop & Save Spectacular,458218.69,173,2648.66,503.16,4991.11
Electronics,Apple,Sales Associate,Smart Shopper Week,524540.88,188,2790.11,512.23,4997.75
Electronics,Apple,Sales Associate,Spring Refresh Event,486709.06,179,2719.05,525.85,4957.58
Electronics,Apple,Sales Associate,Spring Splash Discounts,462046.65,166,2783.41,508.55,4968.06
Electronics,Apple,Sales Associate,Summer Sizzle Promo,416652.38,151,2759.29,501.26,4995.70
Electronics,Apple,Sales Associate,Super Savings Week,469129.92,171,2743.45,548.56,4995.51
Electronics,Apple,Sales Associate,Ultimate Value Event,495209.47,179,2766.53,519.49,4997.68
Electronics,Apple,Sales Associate,VIP Access Sale,521972.36,190,2747.22,538.56,4974.40
Electronics,Apple,Sales Associate,Weekend Warrior Specials,426977.40,164,2603.52,524.39,4904.05
Electronics,Apple,Sales Associate,Winter Clearance Carnival,485286.98,186,2609.07,511.37,4977.62
Electronics,Apple,Sales Associate,Winter Wonders Sale,381101.91,150,2540.68,533.84,4979.50
Electronics,Apple,Salesperson,12 Days of Deals,417132.87,157,2656.90,615.63,4880.77
Electronics,Apple,Salesperson,Autumn Deals Drive,524864.95,186,2821.85,518.47,4985.10
Electronics,Apple,Salesperson,BOGO Blitz,401379.68,158,2540.38,528.14,4942.73
Electronics,Apple,Salesperson,Back to School Boost,487385.58,175,2785.06,507.63,4959.97
Electronics,Apple,Salesperson,Birthday Bash Sale,450147.29,157,2867.18,527.38,4976.43
Electronics,Apple,Salesperson,Black Friday Blowout,520330.16,193,2696.01,523.77,4944.19
Electronics,Apple,Salesperson,Cart Crasher Campaign,476475.56,171,2786.41,511.88,4998.84
Electronics,Apple,Salesperson,Cashback Carnival,473930.99,165,2872.31,525.06,4992.85
Electronics,Apple,Salesperson,Clearance Countdown,479322.57,170,2819.54,510.87,4956.48
Electronics,Apple,Salesperson,Countdown to Savings,483224.55,183,2640.57,505.11,4971.77
Electronics,Apple,Salesperson,Customer Appreciation Week,546251.56,186,2936.84,513.82,4998.63
Electronics,Apple,Salesperson,Cyber Monday Mania,536228.16,195,2749.89,532.36,4990.26
Electronics,Apple,Salesperson,Deal of the Month,505770.03,180,2809.83,578.66,4999.96
Electronics,Apple,Salesperson,Double Points Bonanza,462808.01,181,2556.95,500.80,4942.56
Electronics,Apple,Salesperson,Early Bird Specials,458527.92,172,2665.86,601.95,4982.24
Electronics,Apple,Salesperson,End of Season Sale,491894.99,184,2673.34,518.61,4965.76
Electronics,Apple,Salesperson,Exclusive Insider Offers,528416.69,192,2752.17,584.22,4986.42
Electronics,Apple,Salesperson,Festive Fever Promo,506710.05,178,2846.69,501.00,4960.42
Electronics,Apple,Salesperson,Final Call Frenzy,457313.70,170,2690.08,500.25,4992.74
Electronics,Apple,Salesperson,Flash Frenzy Friday,422217.62,155,2723.98,505.51,4976.45
Electronics,Apple,Salesperson,"Gift More, Spend Less",466348.56,175,2664.85,508.46,4961.47
Electronics,Apple,Salesperson,Golden Hour Bargains,493098.57,175,2817.71,598.71,4996.32
Electronics,Apple,Salesperson,Green Weekend Deals,387795.71,146,2656.14,572.20,4993.95
Electronics,Apple,Salesperson,Happy Hour Discounts,466860.31,169,2762.49,521.65,4993.94
Electronics,Apple,Salesperson,Holiday Shopping Rush,458482.75,169,2712.92,516.51,4991.74
Electronics,Apple,Salesperson,Hot Picks Promo,446394.00,165,2705.42,505.53,4995.24
Electronics,Apple,Salesperson,Instant Gratification Sale,514878.30,190,2709.89,501.85,4976.47
Electronics,Apple,Salesperson,Limited Time Treasures,513921.54,188,2733.63,520.41,4973.60
Electronics,Apple,Salesperson,Loyalty Rewards Blast,520016.19,178,2921.44,564.71,4925.93
Electronics,Apple,Salesperson,Mega Weekend Bonanza,482925.69,180,2682.92,504.97,4941.07
Electronics,Apple,Salesperson,Mid-Year Madness,481456.14,166,2900.34,509.00,4993.10
Electronics,Apple,Salesperson,Midnight Madness,438719.94,164,2675.12,514.32,4999.83
Electronics,Apple,Salesperson,Mystery Discount Days,479983.34,176,2727.18,531.64,4996.73
Electronics,Apple,Salesperson,New Arrival Showcase,459138.39,177,2594.00,519.44,4981.04
Electronics,Apple,Salesperson,New Product Launch Promo,546813.83,205,2667.38,540.97,4978.60
Electronics,Apple,Salesperson,New Year Kickoff,478099.91,177,2701.13,512.61,4949.44
Electronics,Apple,Salesperson,Price Drop Parade,563639.76,193,2920.41,607.91,4972.74
Electronics,Apple,Salesperson,Red Tag Clearance,460873.56,162,2844.90,536.16,4991.96
Electronics,Apple,Salesperson,Seasonal Surprise Box,534382.02,192,2783.24,505.64,4946.54
Electronics,Apple,Salesperson,Shop & Save Spectacular,524637.54,188,2790.63,539.52,4982.70
Electronics,Apple,Salesperson,Smart Shopper Week,491232.40,179,2744.32,535.73,4999.52
Electronics,Apple,Salesperson,Spring Refresh Event,508100.47,175,2903.43,509.24,4998.88
Electronics,Apple,Salesperson,Spring Splash Discounts,506832.08,178,2847.37,524.04,4989.38
Electronics,Apple,Salesperson,Summer Sizzle Promo,503466.94,186,2706.81,510.80,4985.95
Electronics,Apple,Salesperson,Super Savings Week,447786.91,168,2665.40,527.66,4987.93
Electronics,Apple,Salesperson,Ultimate Value Event,459858.48,170,2705.05,519.87,4967.66
Electronics,Apple,Salesperson,VIP Access Sale,504878.16,177,2852.42,503.41,4993.82
Electronics,Apple,Salesperson,Weekend Warrior Specials,521182.50,191,2728.70,506.54,4941.72
Electronics,Apple,Salesperson,Winter Clearance Carnival,487136.14,182,2676.57,513.61,4995.16
Electronics,Apple,Salesperson,Winter Wonders Sale,486631.94,166,2931.52,648.45,4988.84
Electronics,Apple,Senior Salesperson,12 Days of Deals,414693.38,163,2544.13,510.31,4987.59
Electronics,Apple,Senior Salesperson,Autumn Deals Drive,336439.23,133,2529.62,519.51,4874.89
Electronics,Apple,Senior Salesperson,BOGO Blitz,362738.72,137,2647.73,535.66,4800.75
Electronics,Apple,Senior Salesperson,Back to School Boost,398478.53,147,2710.74,564.07,4952.42
Electronics,Apple,Senior Salesperson,Birthday Bash Sale,422532.99,154,2743.72,526.91,4995.40
Electronics,Apple,Senior Salesperson,Black Friday Blowout,408383.92,159,2568.45,521.24,4982.42
Electronics,Apple,Senior Salesperson,Cart Crasher Campaign,474338.58,171,2773.91,526.19,4966.70
Electronics,Apple,Senior Salesperson,Cashback Carnival,391130.08,142,2754.44,538.48,4988.77
Electronics,Apple,Senior Salesperson,Clearance Countdown,341793.75,134,2550.70,525.85,4924.47
Electronics,Apple,Senior Salesperson,Countdown to Savings,394454.91,153,2578.14,504.78,4878.48
Electronics,Apple,Senior Salesperson,Customer Appreciation Week,366567.91,139,2637.18,510.56,4996.83
Electronics,Apple,Senior Salesperson,Cyber Monday Mania,401822.15,151,2661.07,539.54,4952.76
Electronics,Apple,Senior Salesperson,Deal of the Month,389014.98,138,2818.95,507.33,4992.24
Electronics,Apple,Senior Salesperson,Double Points Bonanza,319476.97,112,2852.47,637.32,4999.96
Electronics,Apple,Senior Salesperson,Early Bird Specials,351365.25,138,2546.13,503.12,4960.42
Electronics,Apple,Senior Salesperson,End of Season Sale,399720.13,139,2875.68,653.36,4995.06
Electronics,Apple,Senior Salesperson,Exclusive Insider Offers,436350.57,151,2889.74,526.79,4997.92
Electronics,Apple,Senior Salesperson,Festive Fever Promo,419444.02,153,2741.46,521.00,4994.26
Electronics,Apple,Senior Salesperson,Final Call Frenzy,398125.63,147,2708.34,617.08,4968.20
Electronics,Apple,Senior Salesperson,Flash Frenzy Friday,419635.75,157,2672.84,505.17,4990.08
Electronics,Apple,Senior Salesperson,"Gift More, Spend Less",365348.60,139,2628.41,543.51,4959.32
Electronics,Apple,Senior Salesperson,Golden Hour Bargains,352392.71,127,2774.75,555.72,4993.39
Electronics,Apple,Senior Salesperson,Green Weekend Deals,449368.12,161,2791.11,517.70,4994.22
Electronics,Apple,Senior Salesperson,Happy Hour Discounts,427643.97,147,2909.14,535.55,4983.25
Electronics,Apple,Senior Salesperson,Holiday Shopping Rush,422976.97,150,2819.85,500.26,4975.71
Electronics,Apple,Senior Salesperson,Hot Picks Promo,416513.90,151,2758.37,519.48,4893.10
Electronics,Apple,Senior Salesperson,Instant Gratification Sale,351958.43,133,2646.30,533.07,4977.85
Electronics,Apple,Senior Salesperson,Limited Time Treasures,387003.29,140,2764.31,552.06,4972.61
Electronics,Apple,Senior Salesperson,Loyalty Rewards Blast,448332.42,157,2855.62,508.20,4991.91
Electronics,Apple,Senior Salesperson,Mega Weekend Bonanza,374912.00,140,2677.94,511.57,4956.94
Electronics,Apple,Senior Salesperson,Mid-Year Madness,390258.06,144,2710.13,505.44,4969.34
Electronics,Apple,Senior Salesperson,Midnight Madness,406130.44,147,2762.79,539.30,4982.21
Electronics,Apple,Senior Salesperson,Mystery Discount Days,391989.18,147,2666.59,525.96,4953.93
Electronics,Apple,Senior Salesperson,New Arrival Showcase,472126.19,167,2827.10,549.02,4984.20
Electronics,Apple,Senior Salesperson,New Product Launch Promo,431561.93,164,2631.48,511.01,4981.24
Electronics,Apple,Senior Salesperson,New Year Kickoff,434740.37,150,2898.27,578.86,4984.25
Electronics,Apple,Senior Salesperson,Price Drop Parade,420453.33,159,2644.36,534.32,4987.47
Electronics,Apple,Senior Salesperson,Red Tag Clearance,430183.28,156,2757.59,561.12,4976.36
Electronics,Apple,Senior Salesperson,Seasonal Surprise Box,453393.40,162,2798.72,507.04,4997.26
Electronics,Apple,Senior Salesperson,Shop & Save Spectacular,389512.36,140,2782.23,513.31,4935.17
Electronics,Apple,Senior Salesperson,Smart Shopper Week,448210.32,164,2732.99,504.91,4926.57
Electronics,Apple,Senior Salesperson,Spring Refresh Event,518100.00,179,2894.41,588.97,4997.20
Electronics,Apple,Senior Salesperson,Spring Splash Discounts,437614.31,154,2841.65,515.83,4998.48
Electronics,Apple,Senior Salesperson,Summer Sizzle Promo,326113.93,121,2695.16,510.94,4928.89
Electronics,Apple,Senior Salesperson,Super Savings Week,402167.59,147,2735.83,544.30,4996.76
Electronics,Apple,Senior Salesperson,Ultimate Value Event,387470.82,141,2748.02,550.76,4993.10
Electronics,Apple,Senior Salesperson,VIP Access Sale,383086.33,145,2641.97,530.94,4994.23
Electronics,Apple,Senior Salesperson,Weekend Warrior Specials,412130.89,148,2784.67,509.48,4986.26
Electronics,Apple,Senior Salesperson,Winter Clearance Carnival,413947.59,148,2796.94,555.87,4983.88
Electronics,Apple,Senior Salesperson,Winter Wonders Sale,433163.88,157,2759.01,539.70,4991.72
Electronics,LG,Manager,12 Days of Deals,413934.00,149,2778.08,579.48,4995.63
Electronics,LG,Manager,Autumn Deals Drive,462774.15,170,2722.20,512.70,4978.91
Electronics,LG,Manager,BOGO Blitz,460554.68,161,2860.59,501.56,4996.53
Electronics,LG,Manager,Back to School Boost,457042.46,173,2641.86,508.78,4994.40
Electronics,LG,Manager,Birthday Bash Sale,424768.20,160,2654.80,507.40,4968.54
Electronics,LG,Manager,Black Friday Blowout,445804.90,159,2803.80,545.23,4994.38
Electronics,LG,Manager,Cart Crasher Campaign,452615.99,164,2759.85,521.71,4959.27
Electronics,LG,Manager,Cashback Carnival,443852.97,164,2706.42,509.88,4984.80
Electronics,LG,Manager,Clearance Countdown,431864.71,164,2633.32,502.94,4961.75
Electronics,LG,Manager,Countdown to Savings,513903.97,179,2870.97,555.96,4950.45
Electronics,LG,Manager,Customer Appreciation Week,446271.69,166,2688.38,557.70,4992.17
Electronics,LG,Manager,Cyber Monday Mania,474443.09,170,2790.84,520.98,4990.57
Electronics,LG,Manager,Deal of the Month,445698.18,159,2803.13,509.88,4981.77
Electronics,LG,Manager,Double Points Bonanza,465070.66,167,2784.85,587.07,4905.07
Electronics,LG,Manager,Early Bird Specials,409422.51,152,2693.57,520.52,4967.22
Electronics,LG,Manager,End of Season Sale,399132.70,150,2660.88,581.90,4993.60
Electronics,LG,Manager,Exclusive Insider Offers,432843.08,164,2639.29,503.81,4963.09
Electronics,LG,Manager,Festive Fever Promo,485230.63,169,2871.19,519.25,4996.41
Electronics,LG,Manager,Final Call Frenzy,490327.74,179,2739.26,530.55,4976.53
Electronics,LG,Manager,Flash Frenzy Friday,456686.01,167,2734.65,508.02,4972.75
Electronics,LG,Manager,"Gift More, Spend Less",492955.19,170,2899.74,527.40,4992.20
Electronics,LG,Manager,Golden Hour Bargains,487719.82,190,2566.95,537.59,4931.48
Electronics,LG,Manager,Green Weekend Deals,415040.97,149,2785.51,511.69,4920.44
Electronics,LG,Manager,Happy Hour Discounts,460843.57,158,2916.73,562.55,4975.94
Electronics,LG,Manager,Holiday Shopping Rush,434864.66,158,2752.31,500.17,4989.60
Electronics,LG,Manager,Hot Picks Promo,400205.67,148,2704.09,558.88,4974.36
Electronics,LG,Manager,Instant Gratification Sale,482228.29,184,2620.81,527.38,4985.75
Electronics,LG,Manager,Limited Time Treasures,527268.36,195,2703.94,508.76,4977.05
Electronics,LG,Manager,Loyalty Rewards Blast,457824.71,171,2677.34,542.19,4951.26
Electronics,LG,Manager,Mega Weekend Bonanza,454004.02,171,2654.99,544.64,4994.32
Electronics,LG,Manager,Mid-Year Madness,414983.90,156,2660.15,501.40,4959.31
Electronics,LG,Manager,Midnight Madness,440769.08,158,2789.68,536.86,4998.66
Electronics,LG,Manager,Mystery Discount Days,491580.55,176,2793.07,501.23,4978.92
Electronics,LG,Manager,New Arrival Showcase,462964.25,163,2840.27,507.24,4998.70
Electronics,LG,Manager,New Product Launch Promo,435585.89,163,2672.31,501.76,4995.58
Electronics,LG,Manager,New Year Kickoff,468260.91,169,2770.77,504.17,4958.51
Electronics,LG,Manager,Price Drop Parade,388786.12,150,2591.91,501.39,4935.97
Electronics,LG,Manager,Red Tag Clearance,480187.76,179,2682.61,553.47,4977.15
Electronics,LG,Manager,Seasonal Surprise Box,457815.50,164,2791.56,525.64,4939.97
Electronics,LG,Manager,Shop & Save Spectacular,505516.49,186,2717.83,537.87,4984.74
Electronics,LG,Manager,Smart Shopper Week,393336.87,139,2829.76,509.76,4987.18
Electronics,LG,Manager,Spring Refresh Event,457331.77,168,2722.21,507.77,4975.94
Electronics,LG,Manager,Spring Splash Discounts,443625.31,167,2656.44,517.15,4896.61
Electronics,LG,Manager,Summer Sizzle Promo,435557.15,157,2774.25,518.11,4935.25
Electronics,LG,Manager,Super Savings Week,470650.11,170,2768.53,508.42,4957.77
Electronics,LG,Manager,Ultimate Value Event,449104.92,162,2772.25,509.32,4986.31
Electronics,LG,Manager,VIP Access Sale,520455.12,191,2724.90,540.66,4985.32
Electronics,LG,Manager,Weekend Warrior Specials,431557.39,158,2731.38,516.17,4963.13
Electronics,LG,Manager,Winter Clearance Carnival,492797.22,165,2986.65,502.18,4977.41
Electronics,LG,Manager,Winter Wonders Sale,437110.68,154,2838.38,503.19,4962.04
Electronics,LG,Sales Associate,12 Days of Deals,492504.32,175,2814.31,537.36,4899.80
Electronics,LG,Sales Associate,Autumn Deals Drive,529690.40,187,2832.57,544.49,4995.01
Electronics,LG,Sales Associate,BOGO Blitz,479528.11,180,2664.05,506.14,4997.66
Electronics,LG,Sales Associate,Back to School Boost,469948.66,173,2716.47,502.18,4959.11
Electronics,LG,Sales Associate,Birthday Bash Sale,417936.99,157,2662.02,527.82,4971.45
Electronics,LG,Sales Associate,Black Friday Blowout,432964.98,170,2546.85,500.70,4953.29
Electronics,LG,Sales Associate,Cart Crasher Campaign,483837.40,185,2615.34,523.12,4937.14
Electronics,LG,Sales Associate,Cashback Carnival,492212.72,172,2861.70,525.41,4994.18
Electronics,LG,Sales Associate,Clearance Countdown,498856.83,191,2611.82,569.60,4836.53
Electronics,LG,Sales Associate,Countdown to Savings,455190.27,169,2693.43,500.75,4975.34
Electronics,LG,Sales Associate,Customer Appreciation Week,543470.62,195,2787.03,515.01,4987.89
Electronics,LG,Sales Associate,Cyber Monday Mania,462035.35,165,2800.21,508.49,4945.54
Electronics,LG,Sales Associate,Deal of the Month,464133.88,174,2667.44,510.04,4980.51
Electronics,LG,Sales Associate,Double Points Bonanza,482823.91,182,2652.88,514.43,4983.61
Electronics,LG,Sales Associate,Early Bird Specials,477282.34,178,2681.36,505.82,4971.10
Electronics,LG,Sales Associate,End of Season Sale,456740.01,168,2718.69,501.39,4996.48
Electronics,LG,Sales Associate,Exclusive Insider Offers,506241.63,188,2692.77,554.68,4978.13
Electronics,LG,Sales Associate,Festive Fever Promo,519242.28,194,2676.51,514.77,4993.37
Electronics,LG,Sales Associate,Final Call Frenzy,491966.97,171,2877.00,501.74,4971.23
Electronics,LG,Sales Associate,Flash Frenzy Friday,465934.73,175,2662.48,510.43,4982.10
Electronics,LG,Sales Associate,"Gift More, Spend Less",579293.68,194,2986.05,544.14,4984.91
Electronics,LG,Sales Associate,Golden Hour Bargains,497857.08,171,2911.44,506.54,4966.10
Electronics,LG,Sales Associate,Green Weekend Deals,461973.48,179,2580.86,506.72,4996.70
Electronics,LG,Sales Associate,Happy Hour Discounts,399503.34,145,2755.20,533.79,4979.27
Electronics,LG,Sales Associate,Holiday Shopping Rush,447249.78,165,2710.60,547.88,4977.03
Electronics,LG,Sales Associate,Hot Picks Promo,420665.18,156,2696.57,574.75,4987.55
Electronics,LG,Sales Associate,Instant Gratification Sale,435907.80,157,2776.48,508.23,4978.86
Electronics,LG,Sales Associate,Limited Time Treasures,458399.63,164,2795.12,582.73,4964.31
Electronics,LG,Sales Associate,Loyalty Rewards Blast,491355.51,180,2729.75,522.03,4992.76
Electronics,LG,Sales Associate,Mega Weekend Bonanza,551770.95,192,2873.81,542.76,4965.39
Electronics,LG,Sales Associate,Mid-Year Madness,472226.47,174,2713.95,504.23,4999.11
Electronics,LG,Sales Associate,Midnight Madness,455267.35,165,2759.20,505.99,4968.24
Electronics,LG,Sales Associate,Mystery Discount Days,544055.45,191,2848.46,569.56,4990.97
Electronics,LG,Sales Associate,New Arrival Showcase,515297.08,176,2927.82,612.89,4985.75
Electronics,LG,Sales Associate,New Product Launch Promo,529617.87,198,2674.84,512.09,4991.62
Electronics,LG,Sales Associate,New Year Kickoff,521444.62,181,2880.91,526.00,4972.77
Electronics,LG,Sales Associate,Price Drop Parade,413798.93,164,2523.16,542.88,4984.15
Electronics,LG,Sales Associate,Red Tag Clearance,474655.90,172,2759.63,556.51,4959.22
Electronics,LG,Sales Associate,Seasonal Surprise Box,430067.61,156,2756.84,504.53,4925.79
Electronics,LG,Sales Associate,Shop & Save Spectacular,457559.45,170,2691.53,547.14,4992.95
Electronics,LG,Sales Associate,Smart Shopper Week,543429.21,188,2890.58,536.80,4999.77
Electronics,LG,Sales Associate,Spring Refresh Event,501350.85,185,2710.00,529.24,4997.79
Electronics,LG,Sales Associate,Spring Splash Discounts,482838.26,176,2743.40,532.11,4973.89
Electronics,LG,Sales Associate,Summer Sizzle Promo,481110.43,176,2733.58,537.59,4973.27
Electronics,LG,Sales Associate,Super Savings Week,524343.30,180,2913.02,509.50,4986.13
Electronics,LG,Sales Associate,Ultimate Value Event,517793.08,189,2739.65,506.64,4985.00
Electronics,LG,Sales Associate,VIP Access Sale,491939.28,170,2893.76,506.75,4996.84
Electronics,LG,Sales Associate,Weekend Warrior Specials,556004.96,209,2660.31,517.99,4979.32
Electronics,LG,Sales Associate,Winter Clearance Carnival,496260.77,179,2772.41,512.56,4991.72
Electronics,LG,Sales Associate,Winter Wonders Sale,495889.14,186,2666.07,508.73,4991.74
Electronics,LG,Salesperson,12 Days of Deals,439863.04,161,2732.07,520.34,4986.67
Electronics,LG,Salesperson,Autumn Deals Drive,471358.93,170,2772.70,508.14,4984.76
Electronics,LG,Salesperson,BOGO Blitz,503944.02,179,2815.33,510.45,4962.06
Electronics,LG,Salesperson,Back to School Boost,501261.22,183,2739.13,525.79,4970.29
Electronics,LG,Salesperson,Birthday Bash Sale,518064.37,190,2726.65,531.96,4977.64
Electronics,LG,Salesperson,Black Friday Blowout,473690.56,171,2770.12,502.51,4994.07
Electronics,LG,Salesperson,Cart Crasher Campaign,525616.38,192,2737.59,525.76,4988.50
Electronics,LG,Salesperson,Cashback Carnival,487610.27,172,2834.94,558.85,4987.73
Electronics,LG,Salesperson,Clearance Countdown,434216.82,162,2680.35,503.09,4994.64
Electronics,LG,Salesperson,Countdown to Savings,442386.31,166,2664.98,567.34,4979.80
Electronics,LG,Salesperson,Customer Appreciation Week,406995.24,159,2559.72,508.00,4830.42
Electronics,LG,Salesperson,Cyber Monday Mania,505125.89,180,2806.25,507.37,4955.52
Electronics,LG,Salesperson,Deal of the Month,403040.49,156,2583.59,504.72,4943.70
Electronics,LG,Salesperson,Double Points Bonanza,451207.48,171,2638.64,554.05,4972.64
Electronics,LG,Salesperson,Early Bird Specials,445341.91,157,2836.57,502.05,4893.45
Electronics,LG,Salesperson,End of Season Sale,517602.49,179,2891.63,515.67,4997.26
Electronics,LG,Salesperson,Exclusive Insider Offers,565020.82,187,3021.50,533.59,4966.48
Electronics,LG,Salesperson,Festive Fever Promo,459649.59,168,2736.01,556.49,4993.30
Electronics,LG,Salesperson,Final Call Frenzy,457786.91,166,2757.75,511.22,4995.31
Electronics,LG,Salesperson,Flash Frenzy Friday,531017.51,179,2966.58,508.81,4980.09
Electronics,LG,Salesperson,"Gift More, Spend Less",468941.95,170,2758.48,502.74,4993.14
Electronics,LG,Salesperson,Golden Hour Bargains,492234.46,172,2861.83,530.03,4997.22
Electronics,LG,Salesperson,Green Weekend Deals,415015.53,151,2748.45,502.12,4942.90
Electronics,LG,Salesperson,Happy Hour Discounts,426671.62,151,2825.64,544.20,4982.00
Electronics,LG,Salesperson,Holiday Shopping Rush,464664.46,167,2782.42,570.89,4985.33
Electronics,LG,Salesperson,Hot Picks Promo,415430.20,152,2733.09,530.65,4880.44
Electronics,LG,Salesperson,Instant Gratification Sale,546074.77,194,2814.82,562.26,4969.19
Electronics,LG,Salesperson,Limited Time Treasures,449205.03,171,2626.93,507.04,4999.20
Electronics,LG,Salesperson,Loyalty Rewards Blast,539071.56,196,2750.37,556.35,4984.67
Electronics,LG,Salesperson,Mega Weekend Bonanza,457076.84,170,2688.69,505.91,4972.88
Electronics,LG,Salesperson,Mid-Year Madness,535566.95,188,2848.76,504.33,4993.79
Electronics,LG,Salesperson,Midnight Madness,441798.68,162,2727.15,533.40,4982.47
Electronics,LG,Salesperson,Mystery Discount Days,463751.79,168,2760.43,531.08,4987.57
Electronics,LG,Salesperson,New Arrival Showcase,488447.41,162,3015.11,555.69,4946.26
Electronics,LG,Salesperson,New Product Launch Promo,535118.60,185,2892.53,537.96,4979.76
Electronics,LG,Salesperson,New Year Kickoff,549654.77,191,2877.77,560.85,4981.93
Electronics,LG,Salesperson,Price Drop Parade,511661.21,192,2664.90,520.00,4999.10
Electronics,LG,Salesperson,Red Tag Clearance,504806.59,179,2820.15,517.68,4990.57
Electronics,LG,Salesperson,Seasonal Surprise Box,522869.85,194,2695.21,528.08,4974.99
Electronics,LG,Salesperson,Shop & Save Spectacular,504599.29,193,2614.50,502.74,4938.88
Electronics,LG,Salesperson,Smart Shopper Week,505524.92,193,2619.30,537.50,4979.57
Electronics,LG,Salesperson,Spring Refresh Event,448569.11,161,2786.14,550.93,4980.63
Electronics,LG,Salesperson,Spring Splash Discounts,440508.79,163,2702.51,555.59,4938.24
Electronics,LG,Salesperson,Summer Sizzle Promo,450360.16,169,2664.85,519.96,4987.60
Electronics,LG,Salesperson,Super Savings Week,496042.47,171,2900.83,524.64,4984.68
Electronics,LG,Salesperson,Ultimate Value Event,464788.33,171,2718.06,503.14,4964.79
Electronics,LG,Salesperson,VIP Access Sale,491499.70,179,2745.81,525.35,4998.82
Electronics,LG,Salesperson,Weekend Warrior Specials,503311.01,175,2876.06,503.52,4975.67
Electronics,LG,Salesperson,Winter Clearance Carnival,502861.52,171,2940.71,506.45,4991.97
Electronics,LG,Salesperson,Winter Wonders Sale,480706.91,192,2503.68,502.26,4996.89
Electronics,LG,Senior Salesperson,12 Days of Deals,323637.98,126,2568.56,513.13,4988.99
Electronics,LG,Senior Salesperson,Autumn Deals Drive,360500.37,133,2710.53,528.07,4999.09
Electronics,LG,Senior Salesperson,BOGO Blitz,411563.26,151,2725.58,504.25,4938.46
Electronics,LG,Senior Salesperson,Back to School Boost,413817.07,150,2758.78,539.55,4983.72
Electronics,LG,Senior Salesperson,Birthday Bash Sale,420031.95,156,2692.51,515.47,4942.99
Electronics,LG,Senior Salesperson,Black Friday Blowout,416757.98,149,2797.03,527.02,4947.91
Electronics,LG,Senior Salesperson,Cart Crasher Campaign,439068.33,159,2761.44,568.77,4940.65
Electronics,LG,Senior Salesperson,Cashback Carnival,405599.64,141,2876.59,548.32,4993.00
Electronics,LG,Senior Salesperson,Clearance Countdown,429301.20,154,2787.67,504.33,4998.50
Electronics,LG,Senior Salesperson,Countdown to Savings,403631.58,135,2989.86,655.01,4994.14
Electronics,LG,Senior Salesperson,Customer Appreciation Week,419565.80,154,2724.45,506.65,4963.76
Electronics,LG,Senior Salesperson,Cyber Monday Mania,436633.84,156,2798.93,568.17,4993.63
Electronics,LG,Senior Salesperson,Deal of the Month,449666.52,156,2882.48,510.03,4995.33
Electronics,LG,Senior Salesperson,Double Points Bonanza,433885.18,143,3034.16,592.23,4927.51
Electronics,LG,Senior Salesperson,Early Bird Specials,390703.74,139,2810.82,510.85,4992.90
Electronics,LG,Senior Salesperson,End of Season Sale,388950.77,137,2839.06,510.44,4971.78
Electronics,LG,Senior Salesperson,Exclusive Insider Offers,404132.10,142,2846.00,518.81,4994.95
Electronics,LG,Senior Salesperson,Festive Fever Promo,336749.46,124,2715.72,509.31,4996.28
Electronics,LG,Senior Salesperson,Final Call Frenzy,433460.44,160,2709.13,519.16,4992.68
Electronics,LG,Senior Salesperson,Flash Frenzy Friday,455338.75,164,2776.46,551.10,4994.20
Electronics,LG,Senior Salesperson,"Gift More, Spend Less",403310.76,156,2585.33,569.07,4894.56
Electronics,LG,Senior Salesperson,Golden Hour Bargains,365237.06,139,2627.60,539.87,4983.42
Electronics,LG,Senior Salesperson,Green Weekend Deals,447715.11,159,2815.82,573.35,4943.90
Electronics,LG,Senior Salesperson,Happy Hour Discounts,386097.71,143,2699.98,539.84,4997.26
Electronics,LG,Senior Salesperson,Holiday Shopping Rush,475745.69,171,2782.14,503.23,4995.77
Electronics,LG,Senior Salesperson,Hot Picks Promo,365078.00,135,2704.28,573.70,4996.56
Electronics,LG,Senior Salesperson,Instant Gratification Sale,403199.74,152,2652.63,509.81,4895.81
Electronics,LG,Senior Salesperson,Limited Time Treasures,359862.58,130,2768.17,516.88,4981.17
Electronics,LG,Senior Salesperson,Loyalty Rewards Blast,375545.66,131,2866.76,521.89,4948.20
Electronics,LG,Senior Salesperson,Mega Weekend Bonanza,401222.41,140,2865.87,541.27,4997.14
Electronics,LG,Senior Salesperson,Mid-Year Madness,410888.41,145,2833.71,511.21,4997.31
Electronics,LG,Senior Salesperson,Midnight Madness,409707.62,137,2990.57,510.89,4992.27
Electronics,LG,Senior Salesperson,Mystery Discount Days,420183.99,150,2801.23,504.53,4986.91
Electronics,LG,Senior Salesperson,New Arrival Showcase,446245.95,155,2879.01,572.45,4939.63
Electronics,LG,Senior Salesperson,New Product Launch Promo,389352.29,147,2648.66,519.03,4989.80
Electronics,LG,Senior Salesperson,New Year Kickoff,406041.17,148,2743.52,514.87,4998.59
Electronics,LG,Senior Salesperson,Price Drop Parade,411356.95,141,2917.43,510.90,4978.93
Electronics,LG,Senior Salesperson,Red Tag Clearance,407648.00,140,2911.77,511.90,4984.12
Electronics,LG,Senior Salesperson,Seasonal Surprise Box,408880.06,153,2672.42,507.59,4992.28
Electronics,LG,Senior Salesperson,Shop & Save Spectacular,450853.98,166,2715.99,504.82,4991.48
Electronics,LG,Senior Salesperson,Smart Shopper Week,377460.93,150,2516.41,513.03,4937.06
Electronics,LG,Senior Salesperson,Spring Refresh Event,367606.11,143,2570.67,512.71,4999.45
Electronics,LG,Senior Salesperson,Spring Splash Discounts,406479.24,147,2765.16,517.73,4999.02
Electronics,LG,Senior Salesperson,Summer Sizzle Promo,446650.56,160,2791.57,523.40,4982.30
Electronics,LG,Senior Salesperson,Super Savings Week,438668.26,154,2848.50,501.34,4995.82
Electronics,LG,Senior Salesperson,Ultimate Value Event,513813.23,173,2970.02,528.30,4989.62
Electronics,LG,Senior Salesperson,VIP Access Sale,438345.89,155,2828.04,520.15,4993.22
Electronics,LG,Senior Salesperson,Weekend Warrior Specials,508185.28,189,2688.81,508.70,4977.18
Electronics,LG,Senior Salesperson,Winter Clearance Carnival,426392.01,153,2786.88,501.06,4954.66
Electronics,LG,Senior Salesperson,Winter Wonders Sale,439197.18,166,2645.77,522.75,4958.49
Electronics,Panasonic,Manager,12 Days of Deals,392693.15,145,2708.23,577.62,4993.15
Electronics,Panasonic,Manager,Autumn Deals Drive,416120.47,148,2811.62,557.40,4996.51
Electronics,Panasonic,Manager,BOGO Blitz,484261.26,172,2815.47,533.86,4989.22
Electronics,Panasonic,Manager,Back to School Boost,439051.37,160,2744.07,512.60,4971.07
Electronics,Panasonic,Manager,Birthday Bash Sale,481252.16,170,2830.90,500.20,4991.92
Electronics,Panasonic,Manager,Black Friday Blowout,413336.26,155,2666.69,501.86,4999.87
Electronics,Panasonic,Manager,Cart Crasher Campaign,396683.83,141,2813.36,540.39,4996.42
Electronics,Panasonic,Manager,Cashback Carnival,387829.37,152,2551.51,508.52,4988.51
Electronics,Panasonic,Manager,Clearance Countdown,499665.55,184,2715.57,537.49,4991.97
Electronics,Panasonic,Manager,Countdown to Savings,492806.17,174,2832.22,518.47,4974.65
Electronics,Panasonic,Manager,Customer Appreciation Week,493776.39,175,2821.58,515.73,4978.98
Electronics,Panasonic,Manager,Cyber Monday Mania,425409.16,159,2675.53,503.56,4929.53
Electronics,Panasonic,Manager,Deal of the Month,438481.47,161,2723.49,541.78,4899.67
Electronics,Panasonic,Manager,Double Points Bonanza,440202.24,153,2877.14,523.45,4958.76
Electronics,Panasonic,Manager,Early Bird Specials,454655.37,165,2755.49,510.97,4922.33
Electronics,Panasonic,Manager,End of Season Sale,473418.64,169,2801.29,538.94,4966.24
Electronics,Panasonic,Manager,Exclusive Insider Offers,517004.00,180,2872.24,503.43,4999.75
Electronics,Panasonic,Manager,Festive Fever Promo,403903.40,157,2572.63,510.61,4989.53
Electronics,Panasonic,Manager,Final Call Frenzy,466416.01,174,2680.55,501.47,4947.35
Electronics,Panasonic,Manager,Flash Frenzy Friday,442813.99,165,2683.72,570.52,4996.92
Electronics,Panasonic,Manager,"Gift More, Spend Less",463389.52,173,2678.55,561.48,4991.79
Electronics,Panasonic,Manager,Golden Hour Bargains,452584.91,165,2742.94,515.45,4975.56
Electronics,Panasonic,Manager,Green Weekend Deals,491319.53,174,2823.68,503.08,4999.78
Electronics,Panasonic,Manager,Happy Hour Discounts,471164.92,167,2821.35,510.62,4950.44
Electronics,Panasonic,Manager,Holiday Shopping Rush,521099.40,183,2847.54,530.93,4989.18
Electronics,Panasonic,Manager,Hot Picks Promo,477051.26,171,2789.77,550.67,4979.13
Electronics,Panasonic,Manager,Instant Gratification Sale,508129.68,189,2688.52,522.99,4990.51
Electronics,Panasonic,Manager,Limited Time Treasures,481005.11,168,2863.13,530.36,4971.07
Electronics,Panasonic,Manager,Loyalty Rewards Blast,444854.57,155,2870.03,570.84,4979.64
Electronics,Panasonic,Manager,Mega Weekend Bonanza,513379.05,192,2673.85,512.03,4996.39
Electronics,Panasonic,Manager,Mid-Year Madness,439092.29,156,2814.69,528.11,4994.22
Electronics,Panasonic,Manager,Midnight Madness,511256.17,187,2733.99,537.12,4983.03
Electronics,Panasonic,Manager,Mystery Discount Days,510520.43,174,2934.03,646.97,4987.46
Electronics,Panasonic,Manager,New Arrival Showcase,491415.06,184,2670.73,513.72,4953.95
Electronics,Panasonic,Manager,New Product Launch Promo,487023.06,175,2782.99,508.37,4998.61
Electronics,Panasonic,Manager,New Year Kickoff,484810.45,174,2786.27,537.45,4960.18
Electronics,Panasonic,Manager,Price Drop Parade,406586.33,149,2728.77,532.99,4946.96
Electronics,Panasonic,Manager,Red Tag Clearance,556102.30,202,2752.98,501.05,4907.10
Electronics,Panasonic,Manager,Seasonal Surprise Box,438657.60,161,2724.58,559.08,4997.91
Electronics,Panasonic,Manager,Shop & Save Spectacular,530318.77,189,2805.92,513.44,4997.54
Electronics,Panasonic,Manager,Smart Shopper Week,398677.78,152,2622.88,514.39,4942.16
Electronics,Panasonic,Manager,Spring Refresh Event,484278.51,177,2736.04,554.52,4997.36
Electronics,Panasonic,Manager,Spring Splash Discounts,408059.57,149,2738.65,655.76,4987.50
Electronics,Panasonic,Manager,Summer Sizzle Promo,386728.13,142,2723.44,519.30,4950.20
Electronics,Panasonic,Manager,Super Savings Week,403737.11,155,2604.76,510.02,4952.02
Electronics,Panasonic,Manager,Ultimate Value Event,514554.47,185,2781.38,537.98,4997.13
Electronics,Panasonic,Manager,VIP Access Sale,375091.37,141,2660.22,536.16,4907.06
Electronics,Panasonic,Manager,Weekend Warrior Specials,402430.45,142,2834.02,540.23,4949.25
Electronics,Panasonic,Manager,Winter Clearance Carnival,537296.40,186,2888.69,560.33,4995.61
Electronics,Panasonic,Manager,Winter Wonders Sale,375195.87,142,2642.22,510.13,4997.71
Electronics,Panasonic,Sales Associate,12 Days of Deals,469510.41,170,2761.83,515.25,4999.60
Electronics,Panasonic,Sales Associate,Autumn Deals Drive,553457.02,198,2795.24,503.43,4987.35
Electronics,Panasonic,Sales Associate,BOGO Blitz,461316.16,163,2830.16,505.86,4958.10
Electronics,Panasonic,Sales Associate,Back to School Boost,573570.98,208,2757.55,504.48,4974.55
Electronics,Panasonic,Sales Associate,Birthday Bash Sale,479057.92,181,2646.73,519.56,4999.90
Electronics,Panasonic,Sales Associate,Black Friday Blowout,469716.32,174,2699.52,513.16,4918.72
Electronics,Panasonic,Sales Associate,Cart Crasher Campaign,438244.17,158,2773.70,502.87,4976.29
Electronics,Panasonic,Sales Associate,Cashback Carnival,523320.83,188,2783.62,618.50,4979.09
Electronics,Panasonic,Sales Associate,Clearance Countdown,403969.98,157,2573.06,515.74,4998.92
Electronics,Panasonic,Sales Associate,Countdown to Savings,492103.80,180,2733.91,520.57,4976.09
Electronics,Panasonic,Sales Associate,Customer Appreciation Week,458088.42,175,2617.65,546.22,4974.86
Electronics,Panasonic,Sales Associate,Cyber Monday Mania,471721.67,170,2774.83,662.79,4950.58
Electronics,Panasonic,Sales Associate,Deal of the Month,522944.43,188,2781.62,504.69,4929.87
Electronics,Panasonic,Sales Associate,Double Points Bonanza,498157.92,184,2707.38,580.56,4989.40
Electronics,Panasonic,Sales Associate,Early Bird Specials,498031.35,186,2677.59,512.78,4974.64
Electronics,Panasonic,Sales Associate,End of Season Sale,468636.18,176,2662.71,572.73,4960.70
Electronics,Panasonic,Sales Associate,Exclusive Insider Offers,495890.72,187,2651.82,514.36,4976.68
Electronics,Panasonic,Sales Associate,Festive Fever Promo,545251.06,202,2699.26,522.76,4966.21
Electronics,Panasonic,Sales Associate,Final Call Frenzy,456776.32,168,2718.91,501.57,4960.76
Electronics,Panasonic,Sales Associate,Flash Frenzy Friday,438403.21,161,2723.00,510.30,4989.37
Electronics,Panasonic,Sales Associate,"Gift More, Spend Less",526096.19,192,2740.08,538.45,4981.35
Electronics,Panasonic,Sales Associate,Golden Hour Bargains,427763.19,160,2673.52,532.48,4974.40
Electronics,Panasonic,Sales Associate,Green Weekend Deals,495080.01,175,2829.03,513.19,4921.20
Electronics,Panasonic,Sales Associate,Happy Hour Discounts,538941.55,188,2866.71,623.44,4992.74
Electronics,Panasonic,Sales Associate,Holiday Shopping Rush,469469.84,170,2761.59,509.01,4992.01
Electronics,Panasonic,Sales Associate,Hot Picks Promo,519214.44,194,2676.36,502.73,4955.40
Electronics,Panasonic,Sales Associate,Instant Gratification Sale,496153.49,178,2787.38,535.89,4998.19
Electronics,Panasonic,Sales Associate,Limited Time Treasures,551737.12,194,2844.01,506.13,4919.19
Electronics,Panasonic,Sales Associate,Loyalty Rewards Blast,510452.68,178,2867.71,519.47,4976.26
Electronics,Panasonic,Sales Associate,Mega Weekend Bonanza,467631.21,167,2800.19,514.37,4982.17
Electronics,Panasonic,Sales Associate,Mid-Year Madness,434042.56,158,2747.10,522.60,4992.50
Electronics,Panasonic,Sales Associate,Midnight Madness,493011.86,185,2664.93,552.80,4898.33
Electronics,Panasonic,Sales Associate,Mystery Discount Days,529018.76,198,2671.81,526.64,4995.07
Electronics,Panasonic,Sales Associate,New Arrival Showcase,434752.29,157,2769.12,531.89,4969.72
Electronics,Panasonic,Sales Associate,New Product Launch Promo,530333.54,186,2851.26,534.78,4889.75
Electronics,Panasonic,Sales Associate,New Year Kickoff,501829.77,189,2655.18,510.13,4974.87
Electronics,Panasonic,Sales Associate,Price Drop Parade,511323.20,180,2840.68,514.25,4980.86
Electronics,Panasonic,Sales Associate,Red Tag Clearance,446604.36,171,2611.72,508.69,4993.50
Electronics,Panasonic,Sales Associate,Seasonal Surprise Box,457994.20,163,2809.78,522.75,4984.81
Electronics,Panasonic,Sales Associate,Shop & Save Spectacular,444586.74,166,2678.23,502.39,4968.04
Electronics,Panasonic,Sales Associate,Smart Shopper Week,468655.94,175,2678.03,531.25,4972.76
Electronics,Panasonic,Sales Associate,Spring Refresh Event,488005.26,175,2788.60,514.26,4999.83
Electronics,Panasonic,Sales Associate,Spring Splash Discounts,507368.59,178,2850.39,538.70,4994.76
Electronics,Panasonic,Sales Associate,Summer Sizzle Promo,461556.96,170,2715.04,512.69,4970.66
Electronics,Panasonic,Sales Associate,Super Savings Week,508184.87,178,2854.97,602.34,4988.12
Electronics,Panasonic,Sales Associate,Ultimate Value Event,520827.89,182,2861.69,507.21,4942.82
Electronics,Panasonic,Sales Associate,VIP Access Sale,548142.60,197,2782.45,512.07,4995.20
Electronics,Panasonic,Sales Associate,Weekend Warrior Specials,549434.70,186,2953.95,533.47,4985.78
Electronics,Panasonic,Sales Associate,Winter Clearance Carnival,488289.55,176,2774.37,539.91,4988.55
Electronics,Panasonic,Sales Associate,Winter Wonders Sale,455244.48,177,2572.00,501.34,4912.61
Electronics,Panasonic,Salesperson,12 Days of Deals,482933.87,181,2668.14,531.59,4973.37
Electronics,Panasonic,Salesperson,Autumn Deals Drive,481492.03,171,2815.74,500.20,4964.38
Electronics,Panasonic,Salesperson,BOGO Blitz,477672.22,167,2860.31,505.45,4987.49
Electronics,Panasonic,Salesperson,Back to School Boost,377480.71,152,2483.43,511.72,4954.65
Electronics,Panasonic,Salesperson,Birthday Bash Sale,454143.77,159,2856.25,512.93,4999.64
Electronics,Panasonic,Salesperson,Black Friday Blowout,459740.07,159,2891.45,527.81,4998.59
Electronics,Panasonic,Salesperson,Cart Crasher Campaign,539187.77,192,2808.27,503.57,4988.86
Electronics,Panasonic,Salesperson,Cashback Carnival,451308.77,166,2718.73,517.32,4967.62
Electronics,Panasonic,Salesperson,Clearance Countdown,538852.91,199,2707.80,513.68,4975.27
Electronics,Panasonic,Salesperson,Countdown to Savings,517581.98,186,2782.70,518.68,4937.42
Electronics,Panasonic,Salesperson,Customer Appreciation Week,491904.83,178,2763.51,518.89,4986.08
Electronics,Panasonic,Salesperson,Cyber Monday Mania,445070.87,169,2633.56,542.58,4986.38
Electronics,Panasonic,Salesperson,Deal of the Month,499765.21,185,2701.43,502.25,4963.79
Electronics,Panasonic,Salesperson,Double Points Bonanza,490395.79,182,2694.48,516.84,4998.12
Electronics,Panasonic,Salesperson,Early Bird Specials,509559.44,186,2739.57,529.11,4995.63
Electronics,Panasonic,Salesperson,End of Season Sale,416010.47,150,2773.40,504.36,4963.26
Electronics,Panasonic,Salesperson,Exclusive Insider Offers,547527.82,198,2765.29,517.90,4991.10
Electronics,Panasonic,Salesperson,Festive Fever Promo,447621.15,170,2633.07,508.22,4995.38
Electronics,Panasonic,Salesperson,Final Call Frenzy,444179.16,160,2776.12,585.25,4998.53
Electronics,Panasonic,Salesperson,Flash Frenzy Friday,487848.40,175,2787.71,507.16,4996.64
Electronics,Panasonic,Salesperson,"Gift More, Spend Less",479218.18,173,2770.05,517.36,4963.58
Electronics,Panasonic,Salesperson,Golden Hour Bargains,489416.15,173,2829.00,504.46,4995.35
Electronics,Panasonic,Salesperson,Green Weekend Deals,536107.57,182,2945.65,585.29,4979.02
Electronics,Panasonic,Salesperson,Happy Hour Discounts,533655.11,194,2750.80,518.88,4987.02
Electronics,Panasonic,Salesperson,Holiday Shopping Rush,512258.01,178,2877.85,539.14,4999.67
Electronics,Panasonic,Salesperson,Hot Picks Promo,427587.05,148,2889.10,525.96,4936.42
Electronics,Panasonic,Salesperson,Instant Gratification Sale,468055.33,168,2786.04,511.90,4962.90
Electronics,Panasonic,Salesperson,Limited Time Treasures,581798.99,204,2851.96,501.60,4980.41
Electronics,Panasonic,Salesperson,Loyalty Rewards Blast,451819.21,166,2721.80,521.31,4975.53
Electronics,Panasonic,Salesperson,Mega Weekend Bonanza,473317.37,168,2817.37,507.02,4998.53
Electronics,Panasonic,Salesperson,Mid-Year Madness,539480.80,188,2869.58,500.34,4975.43
Electronics,Panasonic,Salesperson,Midnight Madness,447399.65,170,2631.76,537.57,4939.73
Electronics,Panasonic,Salesperson,Mystery Discount Days,467518.97,169,2766.38,500.80,4980.37
Electronics,Panasonic,Salesperson,New Arrival Showcase,404566.04,156,2593.37,502.12,4986.80
Electronics,Panasonic,Salesperson,New Product Launch Promo,486795.02,179,2719.53,531.94,4958.87
Electronics,Panasonic,Salesperson,New Year Kickoff,552234.21,191,2891.28,501.31,4983.89
Electronics,Panasonic,Salesperson,Price Drop Parade,452276.68,162,2791.83,516.48,4981.91
Electronics,Panasonic,Salesperson,Red Tag Clearance,459934.94,164,2804.48,553.97,4974.07
Electronics,Panasonic,Salesperson,Seasonal Surprise Box,495095.82,181,2735.34,531.41,4966.81
Electronics,Panasonic,Salesperson,Shop & Save Spectacular,522475.32,192,2721.23,500.09,4934.59
Electronics,Panasonic,Salesperson,Smart Shopper Week,531449.75,181,2936.19,514.89,4923.23
Electronics,Panasonic,Salesperson,Spring Refresh Event,551913.71,193,2859.66,539.50,4983.67
Electronics,Panasonic,Salesperson,Spring Splash Discounts,542659.69,187,2901.92,542.67,4962.06
Electronics,Panasonic,Salesperson,Summer Sizzle Promo,489248.58,178,2748.59,544.05,4968.89
Electronics,Panasonic,Salesperson,Super Savings Week,511909.22,188,2722.92,506.53,4998.99
Electronics,Panasonic,Salesperson,Ultimate Value Event,473262.40,161,2939.52,518.67,4968.02
Electronics,Panasonic,Salesperson,VIP Access Sale,439888.96,167,2634.07,507.71,4973.42
Electronics,Panasonic,Salesperson,Weekend Warrior Specials,458410.14,160,2865.06,613.43,4975.56
Electronics,Panasonic,Salesperson,Winter Clearance Carnival,420547.10,153,2748.67,520.91,4990.97
Electronics,Panasonic,Salesperson,Winter Wonders Sale,465371.03,170,2737.48,509.08,4988.20
Electronics,Panasonic,Senior Salesperson,12 Days of Deals,330291.81,120,2752.43,512.15,4939.05
Electronics,Panasonic,Senior Salesperson,Autumn Deals Drive,411131.84,143,2875.05,521.42,4955.10
Electronics,Panasonic,Senior Salesperson,BOGO Blitz,437296.16,155,2821.27,550.42,4918.54
Electronics,Panasonic,Senior Salesperson,Back to School Boost,455373.41,158,2882.11,500.14,4967.57
Electronics,Panasonic,Senior Salesperson,Birthday Bash Sale,421210.77,150,2808.07,514.98,4982.51
Electronics,Panasonic,Senior Salesperson,Black Friday Blowout,400681.92,148,2707.31,520.50,4998.72
Electronics,Panasonic,Senior Salesperson,Cart Crasher Campaign,447495.95,164,2728.63,539.92,4981.68
Electronics,Panasonic,Senior Salesperson,Cashback Carnival,377433.08,130,2903.33,500.51,4980.90
Electronics,Panasonic,Senior Salesperson,Clearance Countdown,492570.42,174,2830.86,539.32,4995.80
Electronics,Panasonic,Senior Salesperson,Countdown to Savings,340217.18,133,2558.02,539.28,4993.48
Electronics,Panasonic,Senior Salesperson,Customer Appreciation Week,368078.51,131,2809.76,534.50,4949.63
Electronics,Panasonic,Senior Salesperson,Cyber Monday Mania,404338.82,141,2867.65,524.97,4960.28
Electronics,Panasonic,Senior Salesperson,Deal of the Month,442682.18,159,2784.16,514.44,4997.39
Electronics,Panasonic,Senior Salesperson,Double Points Bonanza,439228.86,155,2833.73,500.59,4990.54
Electronics,Panasonic,Senior Salesperson,Early Bird Specials,441531.67,160,2759.57,529.28,4991.77
Electronics,Panasonic,Senior Salesperson,End of Season Sale,450069.98,164,2744.33,502.83,4986.57
Electronics,Panasonic,Senior Salesperson,Exclusive Insider Offers,420533.51,150,2803.56,520.11,4999.96
Electronics,Panasonic,Senior Salesperson,Festive Fever Promo,430123.95,153,2811.27,500.15,4905.38
Electronics,Panasonic,Senior Salesperson,Final Call Frenzy,499785.21,176,2839.69,515.87,4987.28
Electronics,Panasonic,Senior Salesperson,Flash Frenzy Friday,419151.63,146,2870.90,502.31,4989.98
Electronics,Panasonic,Senior Salesperson,"Gift More, Spend Less",435180.53,153,2844.32,541.91,4977.96
Electronics,Panasonic,Senior Salesperson,Golden Hour Bargains,379505.29,147,2581.67,510.59,4987.21
Electronics,Panasonic,Senior Salesperson,Green Weekend Deals,429614.94,145,2962.86,508.81,4993.15
Electronics,Panasonic,Senior Salesperson,Happy Hour Discounts,436961.01,157,2783.19,525.52,4989.58
Electronics,Panasonic,Senior Salesperson,Holiday Shopping Rush,447000.78,156,2865.39,514.69,4983.07
Electronics,Panasonic,Senior Salesperson,Hot Picks Promo,378393.68,139,2722.26,533.15,4996.10
Electronics,Panasonic,Senior Salesperson,Instant Gratification Sale,404405.25,147,2751.06,524.18,4975.38
Electronics,Panasonic,Senior Salesperson,Limited Time Treasures,431949.38,152,2841.77,515.94,4993.69
Electronics,Panasonic,Senior Salesperson,Loyalty Rewards Blast,417103.54,157,2656.71,507.52,4977.77
Electronics,Panasonic,Senior Salesperson,Mega Weekend Bonanza,378699.55,140,2705.00,535.69,4982.55
Electronics,Panasonic,Senior Salesperson,Mid-Year Madness,401167.74,148,2710.59,503.80,4929.24
Electronics,Panasonic,Senior Salesperson,Midnight Madness,422504.56,159,2657.26,550.75,4994.98
Electronics,Panasonic,Senior Salesperson,Mystery Discount Days,486308.25,168,2894.69,503.05,4983.01
Electronics,Panasonic,Senior Salesperson,New Arrival Showcase,389079.35,139,2799.13,571.28,4941.56
Electronics,Panasonic,Senior Salesperson,New Product Launch Promo,445212.25,157,2835.75,501.09,4994.34
Electronics,Panasonic,Senior Salesperson,New Year Kickoff,432104.80,146,2959.62,588.04,4953.70
Electronics,Panasonic,Senior Salesperson,Price Drop Parade,423960.24,153,2770.98,504.47,4994.59
Electronics,Panasonic,Senior Salesperson,Red Tag Clearance,368549.52,138,2670.65,506.60,4990.05
Electronics,Panasonic,Senior Salesperson,Seasonal Surprise Box,429381.43,150,2862.54,524.83,4989.89
Electronics,Panasonic,Senior Salesperson,Shop & Save Spectacular,421580.75,147,2867.90,562.35,4996.66
Electronics,Panasonic,Senior Salesperson,Smart Shopper Week,379914.98,138,2753.01,529.17,4849.42
Electronics,Panasonic,Senior Salesperson,Spring Refresh Event,383134.82,136,2817.17,506.77,4979.36
Electronics,Panasonic,Senior Salesperson,Spring Splash Discounts,422622.68,160,2641.39,559.03,4972.71
Electronics,Panasonic,Senior Salesperson,Summer Sizzle Promo,398179.72,146,2727.26,558.25,4914.16
Electronics,Panasonic,Senior Salesperson,Super Savings Week,410106.21,151,2715.94,556.68,4998.89
Electronics,Panasonic,Senior Salesperson,Ultimate Value Event,380559.34,152,2503.68,523.47,4963.00
Electronics,Panasonic,Senior Salesperson,VIP Access Sale,444553.57,167,2662.00,566.02,4967.20
Electronics,Panasonic,Senior Salesperson,Weekend Warrior Specials,413607.51,154,2685.76,503.53,4957.31
Electronics,Panasonic,Senior Salesperson,Winter Clearance Carnival,430520.15,163,2641.23,518.89,4983.06
Electronics,Panasonic,Senior Salesperson,Winter Wonders Sale,400283.17,146,2741.67,517.28,4958.13
Electronics,Samsung,Manager,12 Days of Deals,456755.46,170,2686.80,554.19,4962.41
Electronics,Samsung,Manager,Autumn Deals Drive,470206.02,164,2867.11,511.25,4995.69
Electronics,Samsung,Manager,BOGO Blitz,451025.98,164,2750.16,542.82,4983.66
Electronics,Samsung,Manager,Back to School Boost,486783.74,192,2535.33,506.31,4946.08
Electronics,Samsung,Manager,Birthday Bash Sale,458320.39,160,2864.50,629.48,4993.29
Electronics,Samsung,Manager,Black Friday Blowout,435440.55,153,2846.02,601.60,4977.98
Electronics,Samsung,Manager,Cart Crasher Campaign,461930.62,157,2942.23,523.17,4986.65
Electronics,Samsung,Manager,Cashback Carnival,515617.35,193,2671.59,500.13,4998.33
Electronics,Samsung,Manager,Clearance Countdown,476974.38,167,2856.13,550.13,4957.94
Electronics,Samsung,Manager,Countdown to Savings,539675.60,184,2933.02,506.44,4960.32
Electronics,Samsung,Manager,Customer Appreciation Week,456865.70,172,2656.20,534.56,4967.80
Electronics,Samsung,Manager,Cyber Monday Mania,468368.78,167,2804.60,524.70,4979.84
Electronics,Samsung,Manager,Deal of the Month,418244.49,152,2751.61,523.74,4998.97
Electronics,Samsung,Manager,Double Points Bonanza,469078.72,169,2775.61,523.16,4978.35
Electronics,Samsung,Manager,Early Bird Specials,523215.06,185,2828.19,562.71,4965.71
Electronics,Samsung,Manager,End of Season Sale,471585.22,172,2741.77,524.26,4982.07
Electronics,Samsung,Manager,Exclusive Insider Offers,482915.67,168,2874.50,522.10,4991.18
Electronics,Samsung,Manager,Festive Fever Promo,488333.12,176,2774.62,505.72,4969.52
Electronics,Samsung,Manager,Final Call Frenzy,471026.56,170,2770.74,512.89,4979.51
Electronics,Samsung,Manager,Flash Frenzy Friday,476432.05,181,2632.22,519.44,4987.89
Electronics,Samsung,Manager,"Gift More, Spend Less",404711.54,149,2716.18,505.10,4938.04
Electronics,Samsung,Manager,Golden Hour Bargains,440042.00,164,2683.18,529.02,4958.53
Electronics,Samsung,Manager,Green Weekend Deals,369078.34,138,2674.48,505.65,4998.39
Electronics,Samsung,Manager,Happy Hour Discounts,397290.76,152,2613.76,503.77,4984.64
Electronics,Samsung,Manager,Holiday Shopping Rush,442611.95,162,2732.17,528.74,4951.89
Electronics,Samsung,Manager,Hot Picks Promo,460236.13,171,2691.44,510.19,4972.88
Electronics,Samsung,Manager,Instant Gratification Sale,483369.26,178,2715.56,524.20,4961.75
Electronics,Samsung,Manager,Limited Time Treasures,497354.92,164,3032.65,522.88,4992.37
Electronics,Samsung,Manager,Loyalty Rewards Blast,510345.53,189,2700.24,513.51,4985.06
Electronics,Samsung,Manager,Mega Weekend Bonanza,532358.32,196,2716.11,502.17,4992.12
Electronics,Samsung,Manager,Mid-Year Madness,524752.50,182,2883.26,533.65,4959.65
Electronics,Samsung,Manager,Midnight Madness,480700.89,171,2811.12,589.97,4980.81
Electronics,Samsung,Manager,Mystery Discount Days,448051.06,172,2604.95,517.03,4971.00
Electronics,Samsung,Manager,New Arrival Showcase,469412.03,171,2745.10,587.82,4996.76
Electronics,Samsung,Manager,New Product Launch Promo,434697.35,164,2650.59,542.33,4985.56
Electronics,Samsung,Manager,New Year Kickoff,454948.26,158,2879.42,536.17,4975.10
Electronics,Samsung,Manager,Price Drop Parade,410675.20,150,2737.83,521.24,4978.20
Electronics,Samsung,Manager,Red Tag Clearance,439106.60,158,2779.16,547.20,4955.42
Electronics,Samsung,Manager,Seasonal Surprise Box,458907.74,166,2764.50,540.15,4988.43
Electronics,Samsung,Manager,Shop & Save Spectacular,591351.40,207,2856.77,530.90,4993.50
Electronics,Samsung,Manager,Smart Shopper Week,463799.23,174,2665.51,519.35,4977.17
Electronics,Samsung,Manager,Spring Refresh Event,418513.39,151,2771.61,518.30,4971.10
Electronics,Samsung,Manager,Spring Splash Discounts,491700.63,172,2858.72,610.14,4983.63
Electronics,Samsung,Manager,Summer Sizzle Promo,433641.24,157,2762.05,504.32,4871.86
Electronics,Samsung,Manager,Super Savings Week,445680.22,157,2838.73,504.67,4960.05
Electronics,Samsung,Manager,Ultimate Value Event,451577.55,169,2672.06,548.44,4994.52
Electronics,Samsung,Manager,VIP Access Sale,422224.13,167,2528.29,548.35,4895.09
Electronics,Samsung,Manager,Weekend Warrior Specials,465816.76,163,2857.77,546.90,4968.10
Electronics,Samsung,Manager,Winter Clearance Carnival,460136.18,169,2722.70,508.42,4981.11
Electronics,Samsung,Manager,Winter Wonders Sale,516859.87,179,2887.49,517.03,4978.28
Electronics,Samsung,Sales Associate,12 Days of Deals,489426.51,167,2930.70,514.86,4982.28
Electronics,Samsung,Sales Associate,Autumn Deals Drive,540811.86,185,2923.31,502.24,4989.77
Electronics,Samsung,Sales Associate,BOGO Blitz,532127.63,198,2687.51,501.85,4991.94
Electronics,Samsung,Sales Associate,Back to School Boost,436260.16,165,2644.00,520.12,4994.30
Electronics,Samsung,Sales Associate,Birthday Bash Sale,504770.17,176,2868.01,518.74,4979.35
Electronics,Samsung,Sales Associate,Black Friday Blowout,411757.72,154,2673.75,534.33,4990.87
Electronics,Samsung,Sales Associate,Cart Crasher Campaign,415513.60,155,2680.73,513.54,4967.80
Electronics,Samsung,Sales Associate,Cashback Carnival,484874.88,177,2739.41,516.58,4979.85
Electronics,Samsung,Sales Associate,Clearance Countdown,486411.72,182,2672.59,502.39,4998.01
Electronics,Samsung,Sales Associate,Countdown to Savings,505959.41,184,2749.78,513.42,4916.25
Electronics,Samsung,Sales Associate,Customer Appreciation Week,444772.03,162,2745.51,504.71,4984.07
Electronics,Samsung,Sales Associate,Cyber Monday Mania,580961.38,200,2904.81,524.42,4984.62
Electronics,Samsung,Sales Associate,Deal of the Month,459018.42,174,2638.04,540.28,4988.21
Electronics,Samsung,Sales Associate,Double Points Bonanza,502851.61,174,2889.95,518.45,4997.47
Electronics,Samsung,Sales Associate,Early Bird Specials,474676.92,175,2712.44,511.37,4977.50
Electronics,Samsung,Sales Associate,End of Season Sale,494323.31,192,2574.60,507.40,4952.84
Electronics,Samsung,Sales Associate,Exclusive Insider Offers,422281.24,162,2606.67,544.24,4974.50
Electronics,Samsung,Sales Associate,Festive Fever Promo,487525.07,176,2770.03,540.99,4994.70
Electronics,Samsung,Sales Associate,Final Call Frenzy,445561.97,159,2802.28,504.31,4964.37
Electronics,Samsung,Sales Associate,Flash Frenzy Friday,441619.27,167,2644.43,510.10,4945.54
Electronics,Samsung,Sales Associate,"Gift More, Spend Less",492117.56,175,2812.10,514.71,4917.56
Electronics,Samsung,Sales Associate,Golden Hour Bargains,439225.57,162,2711.27,506.47,4925.61
Electronics,Samsung,Sales Associate,Green Weekend Deals,506355.30,188,2693.38,517.59,4967.93
Electronics,Samsung,Sales Associate,Happy Hour Discounts,485232.88,179,2710.80,529.47,4987.73
Electronics,Samsung,Sales Associate,Holiday Shopping Rush,460629.18,168,2741.84,540.09,4986.64
Electronics,Samsung,Sales Associate,Hot Picks Promo,476375.04,180,2646.53,514.67,4907.80
Electronics,Samsung,Sales Associate,Instant Gratification Sale,458341.89,168,2728.23,508.31,4974.59
Electronics,Samsung,Sales Associate,Limited Time Treasures,520016.58,185,2810.90,539.61,4978.18
Electronics,Samsung,Sales Associate,Loyalty Rewards Blast,511920.51,182,2812.75,515.91,4983.73
Electronics,Samsung,Sales Associate,Mega Weekend Bonanza,489508.34,181,2704.47,504.06,4977.13
Electronics,Samsung,Sales Associate,Mid-Year Madness,516016.44,185,2789.28,551.03,4967.38
Electronics,Samsung,Sales Associate,Midnight Madness,532900.71,188,2834.58,517.24,4942.28
Electronics,Samsung,Sales Associate,Mystery Discount Days,575412.40,194,2966.04,511.29,4965.62
Electronics,Samsung,Sales Associate,New Arrival Showcase,533596.25,191,2793.70,533.05,4957.48
Electronics,Samsung,Sales Associate,New Product Launch Promo,510906.74,196,2606.67,509.22,4962.53
Electronics,Samsung,Sales Associate,New Year Kickoff,472690.91,180,2626.06,524.44,4999.63
Electronics,Samsung,Sales Associate,Price Drop Parade,405297.49,163,2486.49,505.19,4946.20
Electronics,Samsung,Sales Associate,Red Tag Clearance,431432.15,167,2583.43,501.03,4992.26
Electronics,Samsung,Sales Associate,Seasonal Surprise Box,416317.31,150,2775.45,511.24,4897.90
Electronics,Samsung,Sales Associate,Shop & Save Spectacular,431039.73,148,2912.43,596.25,4956.61
Electronics,Samsung,Sales Associate,Smart Shopper Week,499791.70,178,2807.82,523.65,4983.19
Electronics,Samsung,Sales Associate,Spring Refresh Event,396562.10,157,2525.87,538.31,4974.15
Electronics,Samsung,Sales Associate,Spring Splash Discounts,495895.90,181,2739.76,504.23,4969.33
Electronics,Samsung,Sales Associate,Summer Sizzle Promo,476706.48,168,2837.54,532.52,4986.41
Electronics,Samsung,Sales Associate,Super Savings Week,504132.53,186,2710.39,505.74,4985.76
Electronics,Samsung,Sales Associate,Ultimate Value Event,514282.89,188,2735.55,528.49,4994.00
Electronics,Samsung,Sales Associate,VIP Access Sale,515680.78,182,2833.41,502.59,4958.67
Electronics,Samsung,Sales Associate,Weekend Warrior Specials,489317.25,181,2703.41,549.96,4991.20
Electronics,Samsung,Sales Associate,Winter Clearance Carnival,492318.25,178,2765.83,501.55,4959.13
Electronics,Samsung,Sales Associate,Winter Wonders Sale,445256.15,166,2682.27,501.94,4996.43
Electronics,Samsung,Salesperson,12 Days of Deals,464958.34,171,2719.05,513.28,4982.29
Electronics,Samsung,Salesperson,Autumn Deals Drive,477640.51,167,2860.12,502.40,4991.64
Electronics,Samsung,Salesperson,BOGO Blitz,546868.91,193,2833.52,543.32,4975.84
Electronics,Samsung,Salesperson,Back to School Boost,500409.33,176,2843.23,532.91,4969.44
Electronics,Samsung,Salesperson,Birthday Bash Sale,454286.44,170,2672.27,508.34,4991.03
Electronics,Samsung,Salesperson,Black Friday Blowout,449849.73,170,2646.17,504.18,4885.41
Electronics,Samsung,Salesperson,Cart Crasher Campaign,467239.41,176,2654.77,504.62,4982.40
Electronics,Samsung,Salesperson,Cashback Carnival,459176.84,176,2608.96,509.79,4995.33
Electronics,Samsung,Salesperson,Clearance Countdown,459944.47,167,2754.16,503.78,4981.45
Electronics,Samsung,Salesperson,Countdown to Savings,492419.94,180,2735.67,501.91,4985.72
Electronics,Samsung,Salesperson,Customer Appreciation Week,434709.33,164,2650.67,579.58,4908.37
Electronics,Samsung,Salesperson,Cyber Monday Mania,469887.99,163,2882.75,504.82,4999.50
Electronics,Samsung,Salesperson,Deal of the Month,465995.01,168,2773.78,524.75,4962.86
Electronics,Samsung,Salesperson,Double Points Bonanza,446706.14,161,2774.57,503.00,4971.50
Electronics,Samsung,Salesperson,Early Bird Specials,506926.60,184,2755.04,507.35,4993.50
Electronics,Samsung,Salesperson,End of Season Sale,416715.77,153,2723.63,601.97,4982.96
Electronics,Samsung,Salesperson,Exclusive Insider Offers,501435.02,184,2725.19,507.60,4986.14
Electronics,Samsung,Salesperson,Festive Fever Promo,402887.80,152,2650.58,520.71,4873.16
Electronics,Samsung,Salesperson,Final Call Frenzy,495220.87,184,2691.42,531.38,4996.78
Electronics,Samsung,Salesperson,Flash Frenzy Friday,451411.14,172,2624.48,511.56,4953.81
Electronics,Samsung,Salesperson,"Gift More, Spend Less",507133.74,181,2801.84,516.90,4989.93
Electronics,Samsung,Salesperson,Golden Hour Bargains,510715.29,175,2918.37,551.77,4881.45
Electronics,Samsung,Salesperson,Green Weekend Deals,528317.29,183,2886.98,540.51,4985.24
Electronics,Samsung,Salesperson,Happy Hour Discounts,549644.28,188,2923.64,536.64,4982.85
Electronics,Samsung,Salesperson,Holiday Shopping Rush,450704.62,166,2715.09,501.27,4986.89
Electronics,Samsung,Salesperson,Hot Picks Promo,454647.87,168,2706.24,547.11,4969.81
Electronics,Samsung,Salesperson,Instant Gratification Sale,460852.66,166,2776.22,553.34,4975.90
Electronics,Samsung,Salesperson,Limited Time Treasures,509961.90,182,2801.99,548.21,4985.37
Electronics,Samsung,Salesperson,Loyalty Rewards Blast,497120.58,181,2746.52,507.60,4933.11
Electronics,Samsung,Salesperson,Mega Weekend Bonanza,486304.70,185,2628.67,508.18,4978.00
Electronics,Samsung,Salesperson,Mid-Year Madness,495122.46,185,2676.34,517.51,4932.70
Electronics,Samsung,Salesperson,Midnight Madness,481210.92,175,2749.78,500.93,4994.53
Electronics,Samsung,Salesperson,Mystery Discount Days,407615.94,143,2850.46,543.89,4964.32
Electronics,Samsung,Salesperson,New Arrival Showcase,462367.46,156,2963.89,579.45,4977.80
Electronics,Samsung,Salesperson,New Product Launch Promo,512378.95,182,2815.27,518.01,4994.66
Electronics,Samsung,Salesperson,New Year Kickoff,524162.05,185,2833.31,515.37,4984.12
Electronics,Samsung,Salesperson,Price Drop Parade,459238.44,168,2733.56,508.61,4968.33
Electronics,Samsung,Salesperson,Red Tag Clearance,516971.87,182,2840.50,566.09,4993.37
Electronics,Samsung,Salesperson,Seasonal Surprise Box,385734.04,144,2678.71,528.91,4995.48
Electronics,Samsung,Salesperson,Shop & Save Spectacular,410494.58,162,2533.92,522.82,4953.89
Electronics,Samsung,Salesperson,Smart Shopper Week,458418.31,161,2847.32,536.04,4994.28
Electronics,Samsung,Salesperson,Spring Refresh Event,461777.32,172,2684.75,513.14,4982.48
Electronics,Samsung,Salesperson,Spring Splash Discounts,502770.79,174,2889.49,528.06,4934.30
Electronics,Samsung,Salesperson,Summer Sizzle Promo,520446.77,180,2891.37,517.69,4906.14
Electronics,Samsung,Salesperson,Super Savings Week,479150.44,181,2647.24,538.28,4987.38
Electronics,Samsung,Salesperson,Ultimate Value Event,518497.47,186,2787.62,517.40,4913.27
Electronics,Samsung,Salesperson,VIP Access Sale,417083.22,162,2574.59,587.46,4992.51
Electronics,Samsung,Salesperson,Weekend Warrior Specials,525790.49,181,2904.92,588.15,4999.71
Electronics,Samsung,Salesperson,Winter Clearance Carnival,432419.43,161,2685.83,519.13,4960.60
Electronics,Samsung,Salesperson,Winter Wonders Sale,535774.62,187,2865.10,528.97,4992.52
Electronics,Samsung,Senior Salesperson,12 Days of Deals,444359.17,159,2794.71,520.04,4992.13
Electronics,Samsung,Senior Salesperson,Autumn Deals Drive,450023.47,160,2812.65,515.90,4983.55
Electronics,Samsung,Senior Salesperson,BOGO Blitz,332163.62,126,2636.22,523.17,4960.74
Electronics,Samsung,Senior Salesperson,Back to School Boost,293782.73,119,2468.76,536.06,4952.91
Electronics,Samsung,Senior Salesperson,Birthday Bash Sale,435238.74,155,2807.99,567.56,4988.13
Electronics,Samsung,Senior Salesperson,Black Friday Blowout,490845.44,176,2788.89,561.04,4938.25
Electronics,Samsung,Senior Salesperson,Cart Crasher Campaign,437967.10,151,2900.44,599.16,4954.06
Electronics,Samsung,Senior Salesperson,Cashback Carnival,406168.73,162,2507.21,544.72,4992.15
Electronics,Samsung,Senior Salesperson,Clearance Countdown,436113.51,153,2850.42,504.35,4973.08
Electronics,Samsung,Senior Salesperson,Countdown to Savings,455564.12,166,2744.36,505.85,4979.64
Electronics,Samsung,Senior Salesperson,Customer Appreciation Week,534481.41,184,2904.79,510.74,4936.14
Electronics,Samsung,Senior Salesperson,Cyber Monday Mania,437116.30,153,2856.97,552.86,4999.28
Electronics,Samsung,Senior Salesperson,Deal of the Month,466051.34,164,2841.78,507.78,4950.31
Electronics,Samsung,Senior Salesperson,Double Points Bonanza,426537.11,157,2716.80,509.41,4997.02
Electronics,Samsung,Senior Salesperson,Early Bird Specials,441335.89,157,2811.06,523.14,4999.11
Electronics,Samsung,Senior Salesperson,End of Season Sale,368120.41,140,2629.43,597.95,4971.06
Electronics,Samsung,Senior Salesperson,Exclusive Insider Offers,415230.47,148,2805.61,522.09,4921.88
Electronics,Samsung,Senior Salesperson,Festive Fever Promo,402219.70,135,2979.41,540.72,4980.68
Electronics,Samsung,Senior Salesperson,Final Call Frenzy,463350.07,172,2693.90,573.81,4982.35
Electronics,Samsung,Senior Salesperson,Flash Frenzy Friday,377829.44,132,2862.34,522.07,4997.57
Electronics,Samsung,Senior Salesperson,"Gift More, Spend Less",431192.26,169,2551.43,503.92,4998.35
Electronics,Samsung,Senior Salesperson,Golden Hour Bargains,409500.37,145,2824.14,595.76,4991.12
Electronics,Samsung,Senior Salesperson,Green Weekend Deals,372837.94,151,2469.13,514.01,4929.29
Electronics,Samsung,Senior Salesperson,Happy Hour Discounts,451405.62,162,2786.45,504.21,4983.76
Electronics,Samsung,Senior Salesperson,Holiday Shopping Rush,431012.27,158,2727.93,547.39,4988.20
Electronics,Samsung,Senior Salesperson,Hot Picks Promo,428520.41,158,2712.15,549.22,4987.66
Electronics,Samsung,Senior Salesperson,Instant Gratification Sale,365964.06,133,2751.61,548.38,4963.46
Electronics,Samsung,Senior Salesperson,Limited Time Treasures,438249.07,157,2791.40,540.05,4981.36
Electronics,Samsung,Senior Salesperson,Loyalty Rewards Blast,461480.60,161,2866.34,529.33,4931.83
Electronics,Samsung,Senior Salesperson,Mega Weekend Bonanza,487018.46,164,2969.62,504.44,4999.69
Electronics,Samsung,Senior Salesperson,Mid-Year Madness,404686.40,138,2932.51,535.01,4977.02
Electronics,Samsung,Senior Salesperson,Midnight Madness,390778.43,142,2751.96,609.63,4981.32
Electronics,Samsung,Senior Salesperson,Mystery Discount Days,459248.18,165,2783.32,521.00,4953.10
Electronics,Samsung,Senior Salesperson,New Arrival Showcase,502560.11,181,2776.58,503.69,4995.02
Electronics,Samsung,Senior Salesperson,New Product Launch Promo,379726.36,140,2712.33,512.28,4970.46
Electronics,Samsung,Senior Salesperson,New Year Kickoff,381827.85,138,2766.87,501.48,4982.62
Electronics,Samsung,Senior Salesperson,Price Drop Parade,381661.17,133,2869.63,503.08,4997.91
Electronics,Samsung,Senior Salesperson,Red Tag Clearance,443345.39,160,2770.91,503.76,4988.74
Electronics,Samsung,Senior Salesperson,Seasonal Surprise Box,430771.29,158,2726.40,501.42,4997.09
Electronics,Samsung,Senior Salesperson,Shop & Save Spectacular,417900.13,147,2842.86,603.43,4970.21
Electronics,Samsung,Senior Salesperson,Smart Shopper Week,428339.41,153,2799.60,513.30,4937.11
Electronics,Samsung,Senior Salesperson,Spring Refresh Event,429726.59,152,2827.15,505.30,4959.77
Electronics,Samsung,Senior Salesperson,Spring Splash Discounts,442107.29,150,2947.38,502.11,4981.20
Electronics,Samsung,Senior Salesperson,Summer Sizzle Promo,455777.22,158,2884.67,518.75,4900.92
Electronics,Samsung,Senior Salesperson,Super Savings Week,441534.04,155,2848.61,531.74,4992.06
Electronics,Samsung,Senior Salesperson,Ultimate Value Event,425080.59,143,2972.59,559.60,4996.03
Electronics,Samsung,Senior Salesperson,VIP Access Sale,383886.90,148,2593.83,523.45,4956.24
Electronics,Samsung,Senior Salesperson,Weekend Warrior Specials,452103.00,167,2707.20,554.06,4972.17
Electronics,Samsung,Senior Salesperson,Winter Clearance Carnival,456951.90,167,2736.24,578.44,4995.10
Electronics,Samsung,Senior Salesperson,Winter Wonders Sale,413963.37,152,2723.44,558.71,4977.80
Electronics,Sony,Manager,12 Days of Deals,391522.51,139,2816.71,512.48,4958.91
Electronics,Sony,Manager,Autumn Deals Drive,458732.18,157,2921.86,548.79,4985.87
Electronics,Sony,Manager,BOGO Blitz,449492.77,169,2659.72,506.08,4997.65
Electronics,Sony,Manager,Back to School Boost,461905.33,169,2733.17,503.72,4924.81
Electronics,Sony,Manager,Birthday Bash Sale,523112.19,185,2827.63,500.37,4952.58
Electronics,Sony,Manager,Black Friday Blowout,558893.22,194,2880.89,523.42,4997.94
Electronics,Sony,Manager,Cart Crasher Campaign,526196.43,188,2798.92,555.57,4985.04
Electronics,Sony,Manager,Cashback Carnival,464384.72,172,2699.91,533.71,4985.76
Electronics,Sony,Manager,Clearance Countdown,429889.42,167,2574.19,500.08,4985.34
Electronics,Sony,Manager,Countdown to Savings,408057.65,148,2757.15,532.55,4995.30
Electronics,Sony,Manager,Customer Appreciation Week,484189.87,181,2675.08,525.29,4996.51
Electronics,Sony,Manager,Cyber Monday Mania,522465.95,185,2824.14,538.24,4972.99
Electronics,Sony,Manager,Deal of the Month,425786.17,157,2712.01,501.76,4992.62
Electronics,Sony,Manager,Double Points Bonanza,453553.67,156,2907.40,543.42,4944.16
Electronics,Sony,Manager,Early Bird Specials,495322.04,174,2846.68,550.22,4976.66
Electronics,Sony,Manager,End of Season Sale,456825.79,152,3005.43,511.30,4998.76
Electronics,Sony,Manager,Exclusive Insider Offers,481119.99,175,2749.26,511.49,4920.78
Electronics,Sony,Manager,Festive Fever Promo,476402.87,181,2632.06,540.06,4998.89
Electronics,Sony,Manager,Final Call Frenzy,417030.77,148,2817.78,566.02,4992.32
Electronics,Sony,Manager,Flash Frenzy Friday,448320.07,160,2802.00,516.92,4989.13
Electronics,Sony,Manager,"Gift More, Spend Less",441710.45,169,2613.67,531.22,4963.15
Electronics,Sony,Manager,Golden Hour Bargains,458129.52,166,2759.82,556.66,4942.58
Electronics,Sony,Manager,Green Weekend Deals,500701.49,180,2781.67,534.23,4996.94
Electronics,Sony,Manager,Happy Hour Discounts,432413.39,160,2702.58,512.26,4971.70
Electronics,Sony,Manager,Holiday Shopping Rush,423738.90,158,2681.89,527.14,4983.19
Electronics,Sony,Manager,Hot Picks Promo,431964.73,161,2683.01,506.70,4962.86
Electronics,Sony,Manager,Instant Gratification Sale,456776.05,178,2566.16,508.08,4954.16
Electronics,Sony,Manager,Limited Time Treasures,390788.10,141,2771.55,511.62,4999.11
Electronics,Sony,Manager,Loyalty Rewards Blast,376181.30,142,2649.16,500.73,4938.65
Electronics,Sony,Manager,Mega Weekend Bonanza,406008.95,152,2671.11,512.88,4999.15
Electronics,Sony,Manager,Mid-Year Madness,400290.02,145,2760.62,564.95,4995.57
Electronics,Sony,Manager,Midnight Madness,468379.60,177,2646.21,505.60,4998.52
Electronics,Sony,Manager,Mystery Discount Days,466547.42,174,2681.31,506.12,4958.64
Electronics,Sony,Manager,New Arrival Showcase,477518.86,168,2842.37,681.49,4965.90
Electronics,Sony,Manager,New Product Launch Promo,462741.94,160,2892.14,517.49,4998.30
Electronics,Sony,Manager,New Year Kickoff,487424.01,184,2649.04,514.95,4965.12
Electronics,Sony,Manager,Price Drop Parade,470530.87,172,2735.64,500.55,4937.88
Electronics,Sony,Manager,Red Tag Clearance,457389.86,158,2894.87,706.90,4970.88
Electronics,Sony,Manager,Seasonal Surprise Box,414856.95,151,2747.40,537.90,4971.04
Electronics,Sony,Manager,Shop & Save Spectacular,444869.22,166,2679.94,532.92,4971.05
Electronics,Sony,Manager,Smart Shopper Week,455603.44,169,2695.88,524.99,4952.87
Electronics,Sony,Manager,Spring Refresh Event,420492.49,157,2678.30,500.05,4934.65
Electronics,Sony,Manager,Spring Splash Discounts,424655.80,160,2654.10,508.68,4994.80
Electronics,Sony,Manager,Summer Sizzle Promo,430011.93,159,2704.48,518.59,4935.35
Electronics,Sony,Manager,Super Savings Week,481601.50,171,2816.38,540.27,4983.91
Electronics,Sony,Manager,Ultimate Value Event,480197.98,175,2743.99,562.62,4995.39
Electronics,Sony,Manager,VIP Access Sale,538899.95,201,2681.09,525.24,4969.11
Electronics,Sony,Manager,Weekend Warrior Specials,523612.43,183,2861.27,518.74,4909.26
Electronics,Sony,Manager,Winter Clearance Carnival,454995.05,171,2660.79,508.37,4980.30
Electronics,Sony,Manager,Winter Wonders Sale,449752.10,173,2599.72,511.22,4983.57
Electronics,Sony,Sales Associate,12 Days of Deals,420676.05,160,2629.23,502.99,4999.82
Electronics,Sony,Sales Associate,Autumn Deals Drive,452572.88,164,2759.59,501.19,4995.33
Electronics,Sony,Sales Associate,BOGO Blitz,505129.39,190,2658.58,508.20,4946.74
Electronics,Sony,Sales Associate,Back to School Boost,429222.76,158,2716.60,523.44,4991.63
Electronics,Sony,Sales Associate,Birthday Bash Sale,443783.13,161,2756.42,501.02,4994.15
Electronics,Sony,Sales Associate,Black Friday Blowout,457826.53,165,2774.71,608.21,4960.23
Electronics,Sony,Sales Associate,Cart Crasher Campaign,517589.02,175,2957.65,508.56,4995.09
Electronics,Sony,Sales Associate,Cashback Carnival,483096.05,175,2760.55,523.88,4978.78
Electronics,Sony,Sales Associate,Clearance Countdown,615061.68,214,2874.12,508.90,4987.51
Electronics,Sony,Sales Associate,Countdown to Savings,442983.36,159,2786.06,542.24,4938.50
Electronics,Sony,Sales Associate,Customer Appreciation Week,507885.70,173,2935.76,507.61,4991.30
Electronics,Sony,Sales Associate,Cyber Monday Mania,519825.97,185,2809.87,511.34,4973.90
Electronics,Sony,Sales Associate,Deal of the Month,478236.41,178,2686.72,519.59,4967.46
Electronics,Sony,Sales Associate,Double Points Bonanza,426163.76,158,2697.24,500.48,4994.70
Electronics,Sony,Sales Associate,Early Bird Specials,475709.78,174,2733.96,506.68,4949.93
Electronics,Sony,Sales Associate,End of Season Sale,439490.79,166,2647.53,523.23,4998.09
Electronics,Sony,Sales Associate,Exclusive Insider Offers,539003.69,191,2822.01,565.36,4993.72
Electronics,Sony,Sales Associate,Festive Fever Promo,566307.41,197,2874.66,503.82,4970.94
Electronics,Sony,Sales Associate,Final Call Frenzy,507434.09,184,2757.79,541.57,4999.96
Electronics,Sony,Sales Associate,Flash Frenzy Friday,487284.01,177,2753.02,504.09,4999.95
Electronics,Sony,Sales Associate,"Gift More, Spend Less",436104.95,167,2611.41,506.16,4984.69
Electronics,Sony,Sales Associate,Golden Hour Bargains,509831.67,190,2683.32,508.06,4924.56
Electronics,Sony,Sales Associate,Green Weekend Deals,489246.17,177,2764.10,526.97,4990.75
Electronics,Sony,Sales Associate,Happy Hour Discounts,457027.36,171,2672.67,515.98,4992.74
Electronics,Sony,Sales Associate,Holiday Shopping Rush,455490.60,162,2811.67,510.18,4935.15
Electronics,Sony,Sales Associate,Hot Picks Promo,497560.49,187,2660.75,510.10,4995.49
Electronics,Sony,Sales Associate,Instant Gratification Sale,475869.43,172,2766.68,509.28,4998.49
Electronics,Sony,Sales Associate,Limited Time Treasures,499841.43,176,2840.01,597.67,4985.29
Electronics,Sony,Sales Associate,Loyalty Rewards Blast,519675.88,204,2547.43,526.16,4953.27
Electronics,Sony,Sales Associate,Mega Weekend Bonanza,547943.19,198,2767.39,523.20,4993.46
Electronics,Sony,Sales Associate,Mid-Year Madness,468648.62,174,2693.38,500.72,4976.96
Electronics,Sony,Sales Associate,Midnight Madness,472749.30,177,2670.90,512.68,4951.39
Electronics,Sony,Sales Associate,Mystery Discount Days,465323.44,167,2786.37,509.49,4994.20
Electronics,Sony,Sales Associate,New Arrival Showcase,467911.25,169,2768.71,504.98,4999.95
Electronics,Sony,Sales Associate,New Product Launch Promo,468270.71,173,2706.77,500.19,4995.68
Electronics,Sony,Sales Associate,New Year Kickoff,540610.27,193,2801.09,512.45,4982.65
Electronics,Sony,Sales Associate,Price Drop Parade,493289.33,183,2695.57,507.21,4998.12
Electronics,Sony,Sales Associate,Red Tag Clearance,411409.69,143,2876.99,508.61,4990.99
Electronics,Sony,Sales Associate,Seasonal Surprise Box,516465.83,187,2761.85,579.77,4984.48
Electronics,Sony,Sales Associate,Shop & Save Spectacular,435330.05,161,2703.91,520.03,4975.26
Electronics,Sony,Sales Associate,Smart Shopper Week,449822.69,166,2709.78,568.60,4998.63
Electronics,Sony,Sales Associate,Spring Refresh Event,439066.47,158,2778.90,551.95,4972.32
Electronics,Sony,Sales Associate,Spring Splash Discounts,509085.63,176,2892.53,525.62,4999.08
Electronics,Sony,Sales Associate,Summer Sizzle Promo,495721.37,184,2694.14,511.89,4990.62
Electronics,Sony,Sales Associate,Super Savings Week,483411.76,167,2894.68,513.54,4990.49
Electronics,Sony,Sales Associate,Ultimate Value Event,588965.73,211,2791.31,539.45,4999.13
Electronics,Sony,Sales Associate,VIP Access Sale,454386.20,160,2839.91,510.24,4936.63
Electronics,Sony,Sales Associate,Weekend Warrior Specials,486886.73,173,2814.37,510.23,4968.73
Electronics,Sony,Sales Associate,Winter Clearance Carnival,549509.39,185,2970.32,515.95,4973.51
Electronics,Sony,Sales Associate,Winter Wonders Sale,439952.76,165,2666.38,538.27,4977.49
Electronics,Sony,Salesperson,12 Days of Deals,525927.48,196,2683.30,530.57,4990.97
Electronics,Sony,Salesperson,Autumn Deals Drive,396093.02,150,2640.62,506.00,4967.80
Electronics,Sony,Salesperson,BOGO Blitz,467299.29,167,2798.20,523.81,4998.29
Electronics,Sony,Salesperson,Back to School Boost,479905.51,179,2681.04,583.06,4982.40
Electronics,Sony,Salesperson,Birthday Bash Sale,399918.74,143,2796.63,502.96,4987.85
Electronics,Sony,Salesperson,Black Friday Blowout,494292.65,188,2629.22,535.02,4942.04
Electronics,Sony,Salesperson,Cart Crasher Campaign,599969.87,206,2912.48,505.65,4979.04
Electronics,Sony,Salesperson,Cashback Carnival,446741.77,169,2643.44,541.55,4953.41
Electronics,Sony,Salesperson,Clearance Countdown,455352.62,179,2543.87,523.47,4985.51
Electronics,Sony,Salesperson,Countdown to Savings,458551.17,167,2745.82,504.17,4940.36
Electronics,Sony,Salesperson,Customer Appreciation Week,527236.60,190,2774.93,566.26,4988.06
Electronics,Sony,Salesperson,Cyber Monday Mania,488342.95,185,2639.69,505.16,4940.66
Electronics,Sony,Salesperson,Deal of the Month,457822.20,173,2646.37,515.37,4973.74
Electronics,Sony,Salesperson,Double Points Bonanza,533826.26,195,2737.57,515.08,4971.56
Electronics,Sony,Salesperson,Early Bird Specials,456755.10,177,2580.54,504.33,4986.96
Electronics,Sony,Salesperson,End of Season Sale,479998.36,174,2758.61,554.54,4933.71
Electronics,Sony,Salesperson,Exclusive Insider Offers,420810.04,153,2750.39,516.09,4941.89
Electronics,Sony,Salesperson,Festive Fever Promo,449906.37,165,2726.71,540.24,4963.12
Electronics,Sony,Salesperson,Final Call Frenzy,473028.31,171,2766.25,501.33,4953.48
Electronics,Sony,Salesperson,Flash Frenzy Friday,433693.21,158,2744.89,507.07,4973.02
Electronics,Sony,Salesperson,"Gift More, Spend Less",470631.64,173,2720.41,517.58,4979.59
Electronics,Sony,Salesperson,Golden Hour Bargains,346562.12,127,2728.84,543.91,4960.69
Electronics,Sony,Salesperson,Green Weekend Deals,471689.31,178,2649.94,510.33,4975.50
Electronics,Sony,Salesperson,Happy Hour Discounts,545000.27,194,2809.28,504.99,4998.47
Electronics,Sony,Salesperson,Holiday Shopping Rush,463575.50,168,2759.38,513.38,4987.20
Electronics,Sony,Salesperson,Hot Picks Promo,506837.90,167,3034.96,510.79,4991.75
Electronics,Sony,Salesperson,Instant Gratification Sale,489124.92,171,2860.38,513.72,4998.62
Electronics,Sony,Salesperson,Limited Time Treasures,467659.90,171,2734.85,522.56,4992.86
Electronics,Sony,Salesperson,Loyalty Rewards Blast,486761.77,181,2689.29,516.52,4966.52
Electronics,Sony,Salesperson,Mega Weekend Bonanza,473535.27,167,2835.54,562.58,4975.78
Electronics,Sony,Salesperson,Mid-Year Madness,440379.40,165,2668.97,502.59,4934.82
Electronics,Sony,Salesperson,Midnight Madness,477633.48,165,2894.75,526.60,4994.33
Electronics,Sony,Salesperson,Mystery Discount Days,455306.71,160,2845.67,529.74,4988.03
Electronics,Sony,Salesperson,New Arrival Showcase,449494.66,158,2844.90,620.27,4950.67
Electronics,Sony,Salesperson,New Product Launch Promo,506518.96,177,2861.69,515.51,4978.88
Electronics,Sony,Salesperson,New Year Kickoff,461075.05,164,2811.43,515.89,4972.00
Electronics,Sony,Salesperson,Price Drop Parade,528614.10,188,2811.78,526.22,4998.14
Electronics,Sony,Salesperson,Red Tag Clearance,494200.61,196,2521.43,516.61,4913.17
Electronics,Sony,Salesperson,Seasonal Surprise Box,404851.20,149,2717.12,529.84,4993.58
Electronics,Sony,Salesperson,Shop & Save Spectacular,501583.40,187,2682.26,537.32,4966.61
Electronics,Sony,Salesperson,Smart Shopper Week,375828.01,141,2665.45,505.80,4997.06
Electronics,Sony,Salesperson,Spring Refresh Event,444390.80,166,2677.05,516.09,4993.03
Electronics,Sony,Salesperson,Spring Splash Discounts,482540.48,167,2889.46,531.58,4986.75
Electronics,Sony,Salesperson,Summer Sizzle Promo,496883.11,178,2791.48,534.76,4995.77
Electronics,Sony,Salesperson,Super Savings Week,450358.75,168,2680.71,517.54,4957.55
Electronics,Sony,Salesperson,Ultimate Value Event,409362.26,148,2765.96,543.96,4907.40
Electronics,Sony,Salesperson,VIP Access Sale,491705.05,178,2762.39,524.73,4927.39
Electronics,Sony,Salesperson,Weekend Warrior Specials,363157.06,142,2557.44,530.46,4879.01
Electronics,Sony,Salesperson,Winter Clearance Carnival,483760.03,183,2643.50,523.40,4993.31
Electronics,Sony,Salesperson,Winter Wonders Sale,469826.03,181,2595.72,518.25,4969.95
Electronics,Sony,Senior Salesperson,12 Days of Deals,412767.22,154,2680.31,562.19,4973.41
Electronics,Sony,Senior Salesperson,Autumn Deals Drive,455323.74,160,2845.77,510.09,4957.15
Electronics,Sony,Senior Salesperson,BOGO Blitz,413860.25,149,2777.59,552.77,4977.23
Electronics,Sony,Senior Salesperson,Back to School Boost,470579.78,177,2658.64,513.64,4997.92
Electronics,Sony,Senior Salesperson,Birthday Bash Sale,446271.34,164,2721.17,501.00,4992.83
Electronics,Sony,Senior Salesperson,Black Friday Blowout,427225.82,150,2848.17,505.50,4988.29
Electronics,Sony,Senior Salesperson,Cart Crasher Campaign,431152.85,153,2817.99,502.78,4907.07
Electronics,Sony,Senior Salesperson,Cashback Carnival,505210.71,171,2954.45,512.39,4993.59
Electronics,Sony,Senior Salesperson,Clearance Countdown,412773.44,153,2697.87,584.52,4949.19
Electronics,Sony,Senior Salesperson,Countdown to Savings,395140.97,145,2725.11,515.96,4965.43
Electronics,Sony,Senior Salesperson,Customer Appreciation Week,354151.56,132,2682.97,505.23,4990.76
Electronics,Sony,Senior Salesperson,Cyber Monday Mania,360828.40,144,2505.75,504.44,4978.20
Electronics,Sony,Senior Salesperson,Deal of the Month,396926.03,146,2718.67,536.01,4987.90
Electronics,Sony,Senior Salesperson,Double Points Bonanza,422980.29,153,2764.58,519.81,4986.99
Electronics,Sony,Senior Salesperson,Early Bird Specials,444731.58,161,2762.31,511.67,4987.13
Electronics,Sony,Senior Salesperson,End of Season Sale,404418.53,152,2660.65,514.21,4964.37
Electronics,Sony,Senior Salesperson,Exclusive Insider Offers,374601.14,150,2497.34,512.91,4893.34
Electronics,Sony,Senior Salesperson,Festive Fever Promo,411867.19,150,2745.78,506.93,4958.41
Electronics,Sony,Senior Salesperson,Final Call Frenzy,380439.65,141,2698.15,535.12,4982.74
Electronics,Sony,Senior Salesperson,Flash Frenzy Friday,487266.01,171,2849.51,512.99,4985.86
Electronics,Sony,Senior Salesperson,"Gift More, Spend Less",331886.99,116,2861.09,656.53,4948.34
Electronics,Sony,Senior Salesperson,Golden Hour Bargains,454417.02,169,2688.86,581.05,4968.20
Electronics,Sony,Senior Salesperson,Green Weekend Deals,354826.43,134,2647.96,509.28,4941.55
Electronics,Sony,Senior Salesperson,Happy Hour Discounts,367078.50,138,2659.99,551.97,4985.65
Electronics,Sony,Senior Salesperson,Holiday Shopping Rush,397136.65,153,2595.66,500.69,4951.50
Electronics,Sony,Senior Salesperson,Hot Picks Promo,420703.14,155,2714.21,517.20,4973.40
Electronics,Sony,Senior Salesperson,Instant Gratification Sale,340677.16,136,2504.98,502.13,4959.15
Electronics,Sony,Senior Salesperson,Limited Time Treasures,469553.47,160,2934.71,579.94,4940.69
Electronics,Sony,Senior Salesperson,Loyalty Rewards Blast,391085.32,147,2660.44,539.81,4909.35
Electronics,Sony,Senior Salesperson,Mega Weekend Bonanza,389201.34,143,2721.69,503.47,4947.75
Electronics,Sony,Senior Salesperson,Mid-Year Madness,439432.62,170,2584.90,510.22,4998.40
Electronics,Sony,Senior Salesperson,Midnight Madness,348572.26,126,2766.45,579.06,4964.02
Electronics,Sony,Senior Salesperson,Mystery Discount Days,413797.22,153,2704.56,511.46,4959.25
Electronics,Sony,Senior Salesperson,New Arrival Showcase,383589.07,138,2779.63,633.40,4961.02
Electronics,Sony,Senior Salesperson,New Product Launch Promo,389574.46,149,2614.59,501.14,4941.76
Electronics,Sony,Senior Salesperson,New Year Kickoff,477767.11,163,2931.09,514.40,4995.99
Electronics,Sony,Senior Salesperson,Price Drop Parade,419896.34,152,2762.48,515.45,4979.51
Electronics,Sony,Senior Salesperson,Red Tag Clearance,443390.09,156,2842.24,533.63,4971.53
Electronics,Sony,Senior Salesperson,Seasonal Surprise Box,428977.21,150,2859.85,513.30,4984.81
Electronics,Sony,Senior Salesperson,Shop & Save Spectacular,431968.00,151,2860.72,530.91,4984.81
Electronics,Sony,Senior Salesperson,Smart Shopper Week,362144.60,143,2532.48,521.56,4968.44
Electronics,Sony,Senior Salesperson,Spring Refresh Event,474748.19,166,2859.93,500.80,4997.33
Electronics,Sony,Senior Salesperson,Spring Splash Discounts,327809.23,124,2643.62,516.08,4946.52
Electronics,Sony,Senior Salesperson,Summer Sizzle Promo,409751.76,149,2750.01,514.80,4995.40
Electronics,Sony,Senior Salesperson,Super Savings Week,342125.47,126,2715.28,518.20,4900.60
Electronics,Sony,Senior Salesperson,Ultimate Value Event,371716.93,145,2563.57,511.37,4997.03
Electronics,Sony,Senior Salesperson,VIP Access Sale,402430.81,145,2775.38,524.94,4943.62
Electronics,Sony,Senior Salesperson,Weekend Warrior Specials,360700.27,139,2594.97,501.99,4962.71
Electronics,Sony,Senior Salesperson,Winter Clearance Carnival,493137.50,163,3025.38,526.96,4980.07
Electronics,Sony,Senior Salesperson,Winter Wonders Sale,412333.99,153,2694.99,521.18,4993.05
Furniture,Godrej Interio,Manager,12 Days of Deals,419021.88,149,2812.23,544.30,4951.91
Furniture,Godrej Interio,Manager,Autumn Deals Drive,428826.29,163,2630.84,544.91,4952.83
Furniture,Godrej Interio,Manager,BOGO Blitz,521584.46,186,2804.22,546.38,4993.17
Furniture,Godrej Interio,Manager,Back to School Boost,495220.08,189,2620.21,513.26,4985.54
Furniture,Godrej Interio,Manager,Birthday Bash Sale,393964.15,149,2644.05,504.51,4974.19
Furniture,Godrej Interio,Manager,Black Friday Blowout,433237.26,159,2724.76,503.75,4968.56
Furniture,Godrej Interio,Manager,Cart Crasher Campaign,518704.64,176,2947.19,508.04,4992.17
Furniture,Godrej Interio,Manager,Cashback Carnival,445978.74,154,2895.97,527.06,4985.74
Furniture,Godrej Interio,Manager,Clearance Countdown,444740.70,161,2762.36,500.68,4932.80
Furniture,Godrej Interio,Manager,Countdown to Savings,498237.35,179,2783.45,533.05,4949.64
Furniture,Godrej Interio,Manager,Customer Appreciation Week,460012.22,177,2598.94,545.09,4969.00
Furniture,Godrej Interio,Manager,Cyber Monday Mania,415541.90,149,2788.87,518.33,4990.60
Furniture,Godrej Interio,Manager,Deal of the Month,472819.06,168,2814.40,544.33,4984.70
Furniture,Godrej Interio,Manager,Double Points Bonanza,418093.93,159,2629.52,543.87,4953.59
Furniture,Godrej Interio,Manager,Early Bird Specials,512769.80,184,2786.79,543.16,4996.61
Furniture,Godrej Interio,Manager,End of Season Sale,481058.90,183,2628.74,513.73,4945.57
Furniture,Godrej Interio,Manager,Exclusive Insider Offers,507636.98,171,2968.64,623.20,4961.40
Furniture,Godrej Interio,Manager,Festive Fever Promo,437777.73,165,2653.20,501.32,4992.74
Furniture,Godrej Interio,Manager,Final Call Frenzy,472450.26,171,2762.87,522.24,4987.08
Furniture,Godrej Interio,Manager,Flash Frenzy Friday,520201.82,178,2922.48,508.53,4987.91
Furniture,Godrej Interio,Manager,"Gift More, Spend Less",395187.17,152,2599.92,538.45,4970.55
Furniture,Godrej Interio,Manager,Golden Hour Bargains,435814.35,162,2690.21,503.86,4991.93
Furniture,Godrej Interio,Manager,Green Weekend Deals,401119.88,159,2522.77,540.81,4951.67
Furniture,Godrej Interio,Manager,Happy Hour Discounts,391661.90,143,2738.89,508.72,4915.92
Furniture,Godrej Interio,Manager,Holiday Shopping Rush,396522.96,146,2715.91,526.83,4975.04
Furniture,Godrej Interio,Manager,Hot Picks Promo,523696.12,189,2770.88,531.25,4992.50
Furniture,Godrej Interio,Manager,Instant Gratification Sale,476314.79,166,2869.37,555.91,4992.46
Furniture,Godrej Interio,Manager,Limited Time Treasures,441470.92,175,2522.69,552.03,4997.24
Furniture,Godrej Interio,Manager,Loyalty Rewards Blast,424842.34,161,2638.77,524.65,4861.44
Furniture,Godrej Interio,Manager,Mega Weekend Bonanza,432260.94,153,2825.23,503.48,4979.63
Furniture,Godrej Interio,Manager,Mid-Year Madness,453952.05,168,2702.10,516.15,4969.47
Furniture,Godrej Interio,Manager,Midnight Madness,469774.54,174,2699.85,517.81,4931.97
Furniture,Godrej Interio,Manager,Mystery Discount Days,476873.92,176,2709.51,579.35,4995.76
Furniture,Godrej Interio,Manager,New Arrival Showcase,538140.09,185,2908.87,516.79,4997.96
Furniture,Godrej Interio,Manager,New Product Launch Promo,477582.62,175,2729.04,502.89,4978.75
Furniture,Godrej Interio,Manager,New Year Kickoff,481946.50,167,2885.91,501.02,4990.41
Furniture,Godrej Interio,Manager,Price Drop Parade,405648.55,144,2817.00,516.60,4997.34
Furniture,Godrej Interio,Manager,Red Tag Clearance,472044.98,169,2793.17,512.99,4992.46
Furniture,Godrej Interio,Manager,Seasonal Surprise Box,444093.24,165,2691.47,513.46,4998.58
Furniture,Godrej Interio,Manager,Shop & Save Spectacular,482191.15,173,2787.23,507.30,4993.55
Furniture,Godrej Interio,Manager,Smart Shopper Week,386189.88,151,2557.55,503.02,4926.81
Furniture,Godrej Interio,Manager,Spring Refresh Event,463378.74,175,2647.88,519.53,4997.69
Furniture,Godrej Interio,Manager,Spring Splash Discounts,497991.78,177,2813.51,553.23,4993.95
Furniture,Godrej Interio,Manager,Summer Sizzle Promo,390954.60,147,2659.56,507.16,4900.39
Furniture,Godrej Interio,Manager,Super Savings Week,474410.18,182,2606.65,521.34,4892.45
Furniture,Godrej Interio,Manager,Ultimate Value Event,455287.06,174,2616.59,503.99,4996.74
Furniture,Godrej Interio,Manager,VIP Access Sale,458508.80,167,2745.56,511.16,4975.11
Furniture,Godrej Interio,Manager,Weekend Warrior Specials,463617.07,168,2759.63,501.67,4999.65
Furniture,Godrej Interio,Manager,Winter Clearance Carnival,428191.95,161,2659.58,511.63,4994.03
Furniture,Godrej Interio,Manager,Winter Wonders Sale,445160.98,172,2588.15,502.50,4924.13
Furniture,Godrej Interio,Sales Associate,12 Days of Deals,435995.47,165,2642.40,513.03,4962.08
Furniture,Godrej Interio,Sales Associate,Autumn Deals Drive,417543.67,166,2515.32,503.92,4996.09
Furniture,Godrej Interio,Sales Associate,BOGO Blitz,510716.02,195,2619.06,567.85,4948.25
Furniture,Godrej Interio,Sales Associate,Back to School Boost,438516.02,167,2625.84,503.95,4967.67
Furniture,Godrej Interio,Sales Associate,Birthday Bash Sale,512697.03,178,2880.32,532.68,4985.32
Furniture,Godrej Interio,Sales Associate,Black Friday Blowout,445148.76,164,2714.32,500.23,4981.02
Furniture,Godrej Interio,Sales Associate,Cart Crasher Campaign,513278.55,187,2744.81,525.66,4985.58
Furniture,Godrej Interio,Sales Associate,Cashback Carnival,551338.87,186,2964.19,517.68,4990.33
Furniture,Godrej Interio,Sales Associate,Clearance Countdown,485085.27,167,2904.70,534.86,4949.50
Furniture,Godrej Interio,Sales Associate,Countdown to Savings,441528.35,156,2830.31,505.04,4965.60
Furniture,Godrej Interio,Sales Associate,Customer Appreciation Week,479216.51,177,2707.44,511.43,4983.49
Furniture,Godrej Interio,Sales Associate,Cyber Monday Mania,432371.37,159,2719.32,552.24,4967.88
Furniture,Godrej Interio,Sales Associate,Deal of the Month,458071.09,179,2559.06,522.37,4898.93
Furniture,Godrej Interio,Sales Associate,Double Points Bonanza,532270.59,187,2846.37,521.42,4969.78
Furniture,Godrej Interio,Sales Associate,Early Bird Specials,453688.11,167,2716.70,566.44,4975.86
Furniture,Godrej Interio,Sales Associate,End of Season Sale,494702.94,176,2810.81,520.33,4981.33
Furniture,Godrej Interio,Sales Associate,Exclusive Insider Offers,454236.69,170,2671.98,528.63,4870.27
Furniture,Godrej Interio,Sales Associate,Festive Fever Promo,486306.70,172,2827.36,506.65,4982.97
Furniture,Godrej Interio,Sales Associate,Final Call Frenzy,491102.57,173,2838.74,507.44,4991.12
Furniture,Godrej Interio,Sales Associate,Flash Frenzy Friday,462434.83,172,2688.57,526.58,4973.07
Furniture,Godrej Interio,Sales Associate,"Gift More, Spend Less",378290.92,150,2521.94,510.42,4997.34
Furniture,Godrej Interio,Sales Associate,Golden Hour Bargains,439710.31,155,2836.84,530.23,4994.26
Furniture,Godrej Interio,Sales Associate,Green Weekend Deals,415849.44,159,2615.41,533.15,4906.71
Furniture,Godrej Interio,Sales Associate,Happy Hour Discounts,473746.13,182,2603.00,532.68,4989.55
Furniture,Godrej Interio,Sales Associate,Holiday Shopping Rush,447447.60,161,2779.18,508.47,4961.23
Furniture,Godrej Interio,Sales Associate,Hot Picks Promo,516918.28,186,2779.13,537.48,4985.01
Furniture,Godrej Interio,Sales Associate,Instant Gratification Sale,515146.75,184,2799.71,506.86,4954.47
Furniture,Godrej Interio,Sales Associate,Limited Time Treasures,529100.26,200,2645.50,509.62,4969.33
Furniture,Godrej Interio,Sales Associate,Loyalty Rewards Blast,503538.30,188,2678.40,500.57,4979.86
Furniture,Godrej Interio,Sales Associate,Mega Weekend Bonanza,509180.94,195,2611.18,505.50,4967.80
Furniture,Godrej Interio,Sales Associate,Mid-Year Madness,452555.36,164,2759.48,569.09,4951.64
Furniture,Godrej Interio,Sales Associate,Midnight Madness,422185.88,152,2777.54,504.76,4990.79
Furniture,Godrej Interio,Sales Associate,Mystery Discount Days,498685.28,173,2882.57,543.68,4990.95
Furniture,Godrej Interio,Sales Associate,New Arrival Showcase,539703.86,189,2855.58,518.18,4999.20
Furniture,Godrej Interio,Sales Associate,New Product Launch Promo,493371.41,190,2596.69,501.02,4981.29
Furniture,Godrej Interio,Sales Associate,New Year Kickoff,516089.70,184,2804.84,523.85,4998.10
Furniture,Godrej Interio,Sales Associate,Price Drop Parade,485059.60,170,2853.29,516.13,4986.52
Furniture,Godrej Interio,Sales Associate,Red Tag Clearance,482154.07,165,2922.15,521.31,4989.66
Furniture,Godrej Interio,Sales Associate,Seasonal Surprise Box,440865.44,168,2624.20,513.77,4988.21
Furniture,Godrej Interio,Sales Associate,Shop & Save Spectacular,460385.37,167,2756.80,551.24,4943.53
Furniture,Godrej Interio,Sales Associate,Smart Shopper Week,441249.14,154,2865.25,502.89,4994.01
Furniture,Godrej Interio,Sales Associate,Spring Refresh Event,470404.51,174,2703.47,565.81,4991.57
Furniture,Godrej Interio,Sales Associate,Spring Splash Discounts,528045.58,193,2735.99,529.78,4999.44
Furniture,Godrej Interio,Sales Associate,Summer Sizzle Promo,490519.42,178,2755.73,512.99,4978.50
Furniture,Godrej Interio,Sales Associate,Super Savings Week,540177.18,193,2798.85,513.58,4995.00
Furniture,Godrej Interio,Sales Associate,Ultimate Value Event,440764.07,165,2671.30,503.68,4998.80
Furniture,Godrej Interio,Sales Associate,VIP Access Sale,407535.75,147,2772.35,516.56,4990.62
Furniture,Godrej Interio,Sales Associate,Weekend Warrior Specials,469036.04,174,2695.61,503.19,4994.27
Furniture,Godrej Interio,Sales Associate,Winter Clearance Carnival,417337.44,153,2727.70,510.07,4996.65
Furniture,Godrej Interio,Sales Associate,Winter Wonders Sale,492702.54,177,2783.63,532.26,4925.28
Furniture,Godrej Interio,Salesperson,12 Days of Deals,543470.15,193,2815.91,525.17,4993.26
Furniture,Godrej Interio,Salesperson,Autumn Deals Drive,474100.84,170,2788.83,534.33,4999.01
Furniture,Godrej Interio,Salesperson,BOGO Blitz,486379.95,176,2763.52,524.25,4993.32
Furniture,Godrej Interio,Salesperson,Back to School Boost,508923.35,179,2843.15,556.73,4976.19
Furniture,Godrej Interio,Salesperson,Birthday Bash Sale,469833.54,173,2715.80,540.55,4991.81
Furniture,Godrej Interio,Salesperson,Black Friday Blowout,504244.38,186,2710.99,641.33,4995.43
Furniture,Godrej Interio,Salesperson,Cart Crasher Campaign,440013.94,167,2634.81,512.98,4979.69
Furniture,Godrej Interio,Salesperson,Cashback Carnival,551291.84,202,2729.17,503.47,4994.56
Furniture,Godrej Interio,Salesperson,Clearance Countdown,457714.78,170,2692.44,503.67,4955.27
Furniture,Godrej Interio,Salesperson,Countdown to Savings,479746.59,174,2757.16,516.03,4997.06
Furniture,Godrej Interio,Salesperson,Customer Appreciation Week,440600.33,169,2607.10,504.82,4994.15
Furniture,Godrej Interio,Salesperson,Cyber Monday Mania,438460.98,156,2810.65,530.68,4989.74
Furniture,Godrej Interio,Salesperson,Deal of the Month,453109.87,164,2762.87,529.83,4999.17
Furniture,Godrej Interio,Salesperson,Double Points Bonanza,448092.62,159,2818.19,541.02,4937.39
Furniture,Godrej Interio,Salesperson,Early Bird Specials,493492.84,184,2682.03,533.28,4967.49
Furniture,Godrej Interio,Salesperson,End of Season Sale,460076.46,166,2771.54,525.10,4986.81
Furniture,Godrej Interio,Salesperson,Exclusive Insider Offers,427833.74,157,2725.06,577.46,4996.56
Furniture,Godrej Interio,Salesperson,Festive Fever Promo,522314.88,188,2778.27,519.75,4983.00
Furniture,Godrej Interio,Salesperson,Final Call Frenzy,375791.05,141,2665.18,549.09,4969.74
Furniture,Godrej Interio,Salesperson,Flash Frenzy Friday,481820.31,176,2737.62,543.71,4971.62
Furniture,Godrej Interio,Salesperson,"Gift More, Spend Less",485042.03,180,2694.68,539.75,4982.73
Furniture,Godrej Interio,Salesperson,Golden Hour Bargains,459031.28,172,2668.79,527.27,4965.04
Furniture,Godrej Interio,Salesperson,Green Weekend Deals,452496.61,170,2661.74,540.64,4960.27
Furniture,Godrej Interio,Salesperson,Happy Hour Discounts,475979.20,179,2659.10,501.14,4984.81
Furniture,Godrej Interio,Salesperson,Holiday Shopping Rush,484878.59,176,2754.99,517.29,4996.98
Furniture,Godrej Interio,Salesperson,Hot Picks Promo,490803.90,173,2837.02,503.85,4984.76
Furniture,Godrej Interio,Salesperson,Instant Gratification Sale,412401.63,156,2643.60,532.98,4985.85
Furniture,Godrej Interio,Salesperson,Limited Time Treasures,542751.36,197,2755.08,509.42,4992.00
Furniture,Godrej Interio,Salesperson,Loyalty Rewards Blast,498308.53,182,2737.96,500.38,4969.47
Furniture,Godrej Interio,Salesperson,Mega Weekend Bonanza,467642.66,171,2734.75,536.98,4960.38
Furniture,Godrej Interio,Salesperson,Mid-Year Madness,445494.84,166,2683.70,544.63,4981.05
Furniture,Godrej Interio,Salesperson,Midnight Madness,507609.90,187,2714.49,525.06,4994.08
Furniture,Godrej Interio,Salesperson,Mystery Discount Days,483067.73,182,2654.22,502.26,4970.42
Furniture,Godrej Interio,Salesperson,New Arrival Showcase,522653.00,200,2613.26,510.39,4994.26
Furniture,Godrej Interio,Salesperson,New Product Launch Promo,462599.49,171,2705.26,575.16,4998.30
Furniture,Godrej Interio,Salesperson,New Year Kickoff,559573.29,198,2826.13,502.26,4993.25
Furniture,Godrej Interio,Salesperson,Price Drop Parade,430913.32,152,2834.96,506.58,4959.12
Furniture,Godrej Interio,Salesperson,Red Tag Clearance,455065.62,158,2880.16,503.77,4929.46
Furniture,Godrej Interio,Salesperson,Seasonal Surprise Box,529149.64,190,2785.00,504.08,4969.94
Furniture,Godrej Interio,Salesperson,Shop & Save Spectacular,535913.10,187,2865.85,517.77,4998.08
Furniture,Godrej Interio,Salesperson,Smart Shopper Week,437888.11,164,2670.05,533.87,4978.99
Furniture,Godrej Interio,Salesperson,Spring Refresh Event,433456.84,163,2659.24,527.10,4982.80
Furniture,Godrej Interio,Salesperson,Spring Splash Discounts,445723.99,164,2717.83,521.14,4984.10
Furniture,Godrej Interio,Salesperson,Summer Sizzle Promo,444544.13,166,2677.98,530.16,4985.90
Furniture,Godrej Interio,Salesperson,Super Savings Week,479430.02,171,2803.68,508.26,4983.42
Furniture,Godrej Interio,Salesperson,Ultimate Value Event,462018.99,165,2800.12,518.75,4948.10
Furniture,Godrej Interio,Salesperson,VIP Access Sale,466493.24,168,2776.75,562.82,4984.11
Furniture,Godrej Interio,Salesperson,Weekend Warrior Specials,458352.35,163,2811.98,516.67,4973.02
Furniture,Godrej Interio,Salesperson,Winter Clearance Carnival,456150.36,166,2747.89,502.61,4932.27
Furniture,Godrej Interio,Salesperson,Winter Wonders Sale,514591.07,176,2923.81,506.83,4977.90
Furniture,Godrej Interio,Senior Salesperson,12 Days of Deals,363350.70,134,2711.57,529.69,4998.57
Furniture,Godrej Interio,Senior Salesperson,Autumn Deals Drive,403832.27,149,2710.28,568.27,4901.75
Furniture,Godrej Interio,Senior Salesperson,BOGO Blitz,418538.32,144,2906.52,503.27,4931.16
Furniture,Godrej Interio,Senior Salesperson,Back to School Boost,393773.70,145,2715.68,541.29,4982.57
Furniture,Godrej Interio,Senior Salesperson,Birthday Bash Sale,385463.69,143,2695.55,521.61,4952.61
Furniture,Godrej Interio,Senior Salesperson,Black Friday Blowout,490686.79,182,2696.08,508.66,4978.12
Furniture,Godrej Interio,Senior Salesperson,Cart Crasher Campaign,385073.84,149,2584.39,510.12,4982.44
Furniture,Godrej Interio,Senior Salesperson,Cashback Carnival,416583.51,151,2758.83,511.05,4974.87
Furniture,Godrej Interio,Senior Salesperson,Clearance Countdown,463734.16,167,2776.85,553.26,4992.67
Furniture,Godrej Interio,Senior Salesperson,Countdown to Savings,433544.68,150,2890.30,510.59,4957.59
Furniture,Godrej Interio,Senior Salesperson,Customer Appreciation Week,387351.69,150,2582.34,523.94,4994.87
Furniture,Godrej Interio,Senior Salesperson,Cyber Monday Mania,388032.04,142,2732.62,533.41,4994.23
Furniture,Godrej Interio,Senior Salesperson,Deal of the Month,433816.28,152,2854.05,518.45,4931.37
Furniture,Godrej Interio,Senior Salesperson,Double Points Bonanza,465535.27,161,2891.52,551.23,4973.00
Furniture,Godrej Interio,Senior Salesperson,Early Bird Specials,360888.98,140,2577.78,509.67,4984.99
Furniture,Godrej Interio,Senior Salesperson,End of Season Sale,402667.35,145,2777.02,504.42,4967.48
Furniture,Godrej Interio,Senior Salesperson,Exclusive Insider Offers,350168.58,138,2537.45,501.18,4968.59
Furniture,Godrej Interio,Senior Salesperson,Festive Fever Promo,470806.81,172,2737.25,503.27,4951.26
Furniture,Godrej Interio,Senior Salesperson,Final Call Frenzy,401291.07,140,2866.36,527.90,4982.02
Furniture,Godrej Interio,Senior Salesperson,Flash Frenzy Friday,435999.28,160,2725.00,504.49,4995.77
Furniture,Godrej Interio,Senior Salesperson,"Gift More, Spend Less",394250.69,143,2757.00,651.46,4996.39
Furniture,Godrej Interio,Senior Salesperson,Golden Hour Bargains,444763.60,153,2906.95,524.23,4954.89
Furniture,Godrej Interio,Senior Salesperson,Green Weekend Deals,398840.08,152,2623.95,533.64,4982.78
Furniture,Godrej Interio,Senior Salesperson,Happy Hour Discounts,422205.67,147,2872.15,515.31,4961.60
Furniture,Godrej Interio,Senior Salesperson,Holiday Shopping Rush,443776.62,166,2673.35,524.03,4908.02
Furniture,Godrej Interio,Senior Salesperson,Hot Picks Promo,439033.29,149,2946.53,509.80,4992.57
Furniture,Godrej Interio,Senior Salesperson,Instant Gratification Sale,414448.13,156,2656.72,528.04,4976.43
Furniture,Godrej Interio,Senior Salesperson,Limited Time Treasures,451288.15,169,2670.34,522.57,4972.61
Furniture,Godrej Interio,Senior Salesperson,Loyalty Rewards Blast,413775.44,162,2554.17,502.59,4853.06
Furniture,Godrej Interio,Senior Salesperson,Mega Weekend Bonanza,456726.42,171,2670.91,511.89,4961.29
Furniture,Godrej Interio,Senior Salesperson,Mid-Year Madness,408702.88,148,2761.51,516.46,4999.77
Furniture,Godrej Interio,Senior Salesperson,Midnight Madness,504993.94,169,2988.13,587.73,4989.23
Furniture,Godrej Interio,Senior Salesperson,Mystery Discount Days,457193.10,168,2721.39,533.84,4985.71
Furniture,Godrej Interio,Senior Salesperson,New Arrival Showcase,358570.77,129,2779.62,511.07,4953.72
Furniture,Godrej Interio,Senior Salesperson,New Product Launch Promo,466957.51,172,2714.87,516.68,4999.40
Furniture,Godrej Interio,Senior Salesperson,New Year Kickoff,472520.24,173,2731.33,514.79,4951.71
Furniture,Godrej Interio,Senior Salesperson,Price Drop Parade,439166.17,151,2908.39,612.50,4992.35
Furniture,Godrej Interio,Senior Salesperson,Red Tag Clearance,440797.93,165,2671.50,533.71,4988.53
Furniture,Godrej Interio,Senior Salesperson,Seasonal Surprise Box,399534.52,146,2736.54,503.81,4953.38
Furniture,Godrej Interio,Senior Salesperson,Shop & Save Spectacular,381465.70,140,2724.76,518.11,4984.38
Furniture,Godrej Interio,Senior Salesperson,Smart Shopper Week,407180.70,156,2610.13,552.35,4982.44
Furniture,Godrej Interio,Senior Salesperson,Spring Refresh Event,397653.93,146,2723.66,505.77,4946.99
Furniture,Godrej Interio,Senior Salesperson,Spring Splash Discounts,439388.69,149,2948.92,511.71,4980.63
Furniture,Godrej Interio,Senior Salesperson,Summer Sizzle Promo,403746.61,147,2746.58,508.43,4960.25
Furniture,Godrej Interio,Senior Salesperson,Super Savings Week,410978.14,150,2739.85,523.93,4963.87
Furniture,Godrej Interio,Senior Salesperson,Ultimate Value Event,381495.76,136,2805.12,502.47,4983.35
Furniture,Godrej Interio,Senior Salesperson,VIP Access Sale,369748.96,140,2641.06,549.87,4964.54
Furniture,Godrej Interio,Senior Salesperson,Weekend Warrior Specials,423091.01,160,2644.32,522.47,4999.39
Furniture,Godrej Interio,Senior Salesperson,Winter Clearance Carnival,477966.02,175,2731.23,513.27,4932.92
Furniture,Godrej Interio,Senior Salesperson,Winter Wonders Sale,450495.38,166,2713.83,506.14,4989.40
Furniture,Home Centre,Manager,12 Days of Deals,501647.18,183,2741.24,511.57,4983.70
Furniture,Home Centre,Manager,Autumn Deals Drive,448663.59,163,2752.54,556.26,4996.10
Furniture,Home Centre,Manager,BOGO Blitz,442999.00,152,2914.47,537.72,4981.32
Furniture,Home Centre,Manager,Back to School Boost,432591.39,160,2703.70,501.66,4979.25
Furniture,Home Centre,Manager,Birthday Bash Sale,424640.29,154,2757.40,560.52,4999.90
Furniture,Home Centre,Manager,Black Friday Blowout,485641.07,172,2823.49,510.67,4998.42
Furniture,Home Centre,Manager,Cart Crasher Campaign,465181.52,174,2673.46,522.29,4993.08
Furniture,Home Centre,Manager,Cashback Carnival,521724.25,194,2689.30,511.78,4947.77
Furniture,Home Centre,Manager,Clearance Countdown,468383.99,173,2707.42,500.93,4985.80
Furniture,Home Centre,Manager,Countdown to Savings,428184.58,147,2912.82,502.09,4984.66
Furniture,Home Centre,Manager,Customer Appreciation Week,440345.13,167,2636.80,504.04,4993.47
Furniture,Home Centre,Manager,Cyber Monday Mania,528757.60,193,2739.68,510.59,4972.73
Furniture,Home Centre,Manager,Deal of the Month,490810.51,180,2726.73,538.07,4983.12
Furniture,Home Centre,Manager,Double Points Bonanza,457288.91,171,2674.20,522.80,4999.60
Furniture,Home Centre,Manager,Early Bird Specials,538115.38,190,2832.19,516.12,4992.01
Furniture,Home Centre,Manager,End of Season Sale,409176.81,152,2691.95,501.93,4946.05
Furniture,Home Centre,Manager,Exclusive Insider Offers,384071.61,139,2763.11,528.63,4892.05
Furniture,Home Centre,Manager,Festive Fever Promo,424060.92,156,2718.34,533.40,4963.36
Furniture,Home Centre,Manager,Final Call Frenzy,468572.91,160,2928.58,515.69,4994.28
Furniture,Home Centre,Manager,Flash Frenzy Friday,501163.55,170,2948.02,552.41,4986.36
Furniture,Home Centre,Manager,"Gift More, Spend Less",452100.24,165,2740.00,523.75,4982.38
Furniture,Home Centre,Manager,Golden Hour Bargains,454126.36,173,2625.01,521.20,4911.90
Furniture,Home Centre,Manager,Green Weekend Deals,455595.29,160,2847.47,541.08,4931.17
Furniture,Home Centre,Manager,Happy Hour Discounts,444105.93,162,2741.39,541.11,4947.41
Furniture,Home Centre,Manager,Holiday Shopping Rush,435855.15,164,2657.65,560.91,4982.07
Furniture,Home Centre,Manager,Hot Picks Promo,447620.99,169,2648.64,507.02,4994.45
Furniture,Home Centre,Manager,Instant Gratification Sale,544589.72,197,2764.41,560.93,4979.03
Furniture,Home Centre,Manager,Limited Time Treasures,408906.37,149,2744.34,597.24,4989.62
Furniture,Home Centre,Manager,Loyalty Rewards Blast,459423.80,162,2835.95,556.56,4965.24
Furniture,Home Centre,Manager,Mega Weekend Bonanza,498253.24,176,2830.98,517.92,4987.63
Furniture,Home Centre,Manager,Mid-Year Madness,525643.98,186,2826.04,517.65,4999.10
Furniture,Home Centre,Manager,Midnight Madness,471850.35,170,2775.59,524.01,4940.74
Furniture,Home Centre,Manager,Mystery Discount Days,425314.33,163,2609.29,508.31,4964.89
Furniture,Home Centre,Manager,New Arrival Showcase,420071.91,157,2675.62,517.95,4986.42
Furniture,Home Centre,Manager,New Product Launch Promo,396375.44,148,2678.21,506.40,4975.77
Furniture,Home Centre,Manager,New Year Kickoff,481635.94,178,2705.82,533.16,4882.28
Furniture,Home Centre,Manager,Price Drop Parade,430081.66,154,2792.74,514.90,4988.04
Furniture,Home Centre,Manager,Red Tag Clearance,407300.29,148,2752.03,502.90,4982.49
Furniture,Home Centre,Manager,Seasonal Surprise Box,431431.47,162,2663.16,534.20,4991.57
Furniture,Home Centre,Manager,Shop & Save Spectacular,483769.04,177,2733.16,506.96,4966.89
Furniture,Home Centre,Manager,Smart Shopper Week,571690.73,195,2931.75,525.47,4990.04
Furniture,Home Centre,Manager,Spring Refresh Event,517970.13,177,2926.38,517.25,4982.74
Furniture,Home Centre,Manager,Spring Splash Discounts,411718.41,160,2573.24,512.14,4983.25
Furniture,Home Centre,Manager,Summer Sizzle Promo,465292.31,171,2721.01,514.78,4967.21
Furniture,Home Centre,Manager,Super Savings Week,468407.30,180,2602.26,504.79,4999.89
Furniture,Home Centre,Manager,Ultimate Value Event,497107.09,171,2907.06,502.11,4953.71
Furniture,Home Centre,Manager,VIP Access Sale,430500.20,155,2777.42,506.27,4985.67
Furniture,Home Centre,Manager,Weekend Warrior Specials,453658.92,165,2749.45,501.07,4984.29
Furniture,Home Centre,Manager,Winter Clearance Carnival,488139.26,175,2789.37,590.61,4938.69
Furniture,Home Centre,Manager,Winter Wonders Sale,475233.41,167,2845.71,597.96,4990.65
Furniture,Home Centre,Sales Associate,12 Days of Deals,491836.14,169,2910.27,522.11,4968.93
Furniture,Home Centre,Sales Associate,Autumn Deals Drive,527398.94,197,2677.15,545.21,4964.41
Furniture,Home Centre,Sales Associate,BOGO Blitz,481668.72,182,2646.53,526.54,4947.19
Furniture,Home Centre,Sales Associate,Back to School Boost,517209.79,185,2795.73,532.00,4982.20
Furniture,Home Centre,Sales Associate,Birthday Bash Sale,545763.71,197,2770.37,597.45,4999.68
Furniture,Home Centre,Sales Associate,Black Friday Blowout,561052.89,195,2877.19,506.02,4958.84
Furniture,Home Centre,Sales Associate,Cart Crasher Campaign,502970.50,180,2794.28,514.16,4976.90
Furniture,Home Centre,Sales Associate,Cashback Carnival,559708.28,195,2870.30,516.22,4968.31
Furniture,Home Centre,Sales Associate,Clearance Countdown,529968.71,188,2818.98,542.87,4969.26
Furniture,Home Centre,Sales Associate,Countdown to Savings,551961.35,200,2759.81,508.05,4996.16
Furniture,Home Centre,Sales Associate,Customer Appreciation Week,470686.67,175,2689.64,512.71,4997.65
Furniture,Home Centre,Sales Associate,Cyber Monday Mania,366258.32,139,2634.95,556.22,4951.52
Furniture,Home Centre,Sales Associate,Deal of the Month,520986.18,187,2786.02,511.83,4907.44
Furniture,Home Centre,Sales Associate,Double Points Bonanza,459442.54,166,2767.73,540.94,4998.55
Furniture,Home Centre,Sales Associate,Early Bird Specials,437399.21,160,2733.75,513.40,4954.82
Furniture,Home Centre,Sales Associate,End of Season Sale,490776.53,172,2853.35,525.78,4982.60
Furniture,Home Centre,Sales Associate,Exclusive Insider Offers,452720.46,169,2678.82,510.64,4952.88
Furniture,Home Centre,Sales Associate,Festive Fever Promo,483534.45,172,2811.25,572.81,4995.46
Furniture,Home Centre,Sales Associate,Final Call Frenzy,444215.59,167,2659.97,524.69,4978.05
Furniture,Home Centre,Sales Associate,Flash Frenzy Friday,464880.79,172,2702.80,515.80,4978.95
Furniture,Home Centre,Sales Associate,"Gift More, Spend Less",496847.58,175,2839.13,534.25,4964.11
Furniture,Home Centre,Sales Associate,Golden Hour Bargains,439370.36,168,2615.30,532.85,4936.41
Furniture,Home Centre,Sales Associate,Green Weekend Deals,491609.43,179,2746.42,519.82,4996.96
Furniture,Home Centre,Sales Associate,Happy Hour Discounts,497812.27,188,2647.94,508.48,4996.28
Furniture,Home Centre,Sales Associate,Holiday Shopping Rush,469618.02,179,2623.56,514.22,4993.06
Furniture,Home Centre,Sales Associate,Hot Picks Promo,460939.49,173,2664.39,538.50,4953.09
Furniture,Home Centre,Sales Associate,Instant Gratification Sale,601679.74,202,2978.61,502.68,4998.90
Furniture,Home Centre,Sales Associate,Limited Time Treasures,545852.04,193,2828.25,531.60,4968.45
Furniture,Home Centre,Sales Associate,Loyalty Rewards Blast,499349.92,175,2853.43,543.59,4975.39
Furniture,Home Centre,Sales Associate,Mega Weekend Bonanza,520993.49,182,2862.60,502.08,4981.69
Furniture,Home Centre,Sales Associate,Mid-Year Madness,434974.30,170,2558.67,503.37,4929.30
Furniture,Home Centre,Sales Associate,Midnight Madness,545714.95,193,2827.54,541.46,4998.34
Furniture,Home Centre,Sales Associate,Mystery Discount Days,454824.37,167,2723.50,552.67,4952.91
Furniture,Home Centre,Sales Associate,New Arrival Showcase,497332.08,175,2841.90,552.71,4973.78
Furniture,Home Centre,Sales Associate,New Product Launch Promo,493321.97,182,2710.56,512.82,4993.43
Furniture,Home Centre,Sales Associate,New Year Kickoff,548550.97,188,2917.82,515.48,4990.71
Furniture,Home Centre,Sales Associate,Price Drop Parade,550103.69,209,2632.08,515.18,4974.07
Furniture,Home Centre,Sales Associate,Red Tag Clearance,498412.01,172,2897.74,511.73,4867.47
Furniture,Home Centre,Sales Associate,Seasonal Surprise Box,443499.04,161,2754.65,504.75,4953.43
Furniture,Home Centre,Sales Associate,Shop & Save Spectacular,484408.82,169,2866.32,524.81,4998.65
Furniture,Home Centre,Sales Associate,Smart Shopper Week,454675.38,161,2824.07,546.19,4978.52
Furniture,Home Centre,Sales Associate,Spring Refresh Event,497196.63,178,2793.24,567.45,4993.59
Furniture,Home Centre,Sales Associate,Spring Splash Discounts,504010.05,191,2638.80,522.23,4992.41
Furniture,Home Centre,Sales Associate,Summer Sizzle Promo,509780.65,187,2726.10,533.88,4985.78
Furniture,Home Centre,Sales Associate,Super Savings Week,442688.76,170,2604.05,509.93,4976.42
Furniture,Home Centre,Sales Associate,Ultimate Value Event,486085.90,179,2715.56,509.12,4990.91
Furniture,Home Centre,Sales Associate,VIP Access Sale,499595.93,181,2760.20,508.98,4941.66
Furniture,Home Centre,Sales Associate,Weekend Warrior Specials,476139.23,178,2674.94,515.07,4993.77
Furniture,Home Centre,Sales Associate,Winter Clearance Carnival,530288.21,185,2866.42,501.40,4955.42
Furniture,Home Centre,Sales Associate,Winter Wonders Sale,555278.62,201,2762.58,529.00,4994.81
Furniture,Home Centre,Salesperson,12 Days of Deals,504169.34,181,2785.47,526.24,4950.53
Furniture,Home Centre,Salesperson,Autumn Deals Drive,469118.61,171,2743.38,514.26,4985.47
Furniture,Home Centre,Salesperson,BOGO Blitz,497382.22,175,2842.18,530.09,4965.90
Furniture,Home Centre,Salesperson,Back to School Boost,423870.79,158,2682.73,502.98,4942.74
Furniture,Home Centre,Salesperson,Birthday Bash Sale,419356.23,148,2833.49,511.57,4997.22
Furniture,Home Centre,Salesperson,Black Friday Blowout,468113.95,179,2615.16,516.16,4962.78
Furniture,Home Centre,Salesperson,Cart Crasher Campaign,442034.94,163,2711.87,525.72,4998.52
Furniture,Home Centre,Salesperson,Cashback Carnival,421929.89,150,2812.87,500.92,4994.06
Furniture,Home Centre,Salesperson,Clearance Countdown,493970.94,168,2940.30,574.03,4947.82
Furniture,Home Centre,Salesperson,Countdown to Savings,471795.96,173,2727.14,535.92,4978.29
Furniture,Home Centre,Salesperson,Customer Appreciation Week,494499.61,182,2717.03,609.10,4993.27
Furniture,Home Centre,Salesperson,Cyber Monday Mania,441597.91,164,2692.67,562.22,4952.38
Furniture,Home Centre,Salesperson,Deal of the Month,469455.70,186,2523.96,513.84,4982.45
Furniture,Home Centre,Salesperson,Double Points Bonanza,482494.47,170,2838.20,509.59,4997.23
Furniture,Home Centre,Salesperson,Early Bird Specials,498984.55,181,2756.82,506.72,4996.66
Furniture,Home Centre,Salesperson,End of Season Sale,455051.59,163,2791.73,579.06,4976.95
Furniture,Home Centre,Salesperson,Exclusive Insider Offers,461985.34,166,2783.04,529.13,4937.55
Furniture,Home Centre,Salesperson,Festive Fever Promo,479913.22,175,2742.36,535.27,4985.76
Furniture,Home Centre,Salesperson,Final Call Frenzy,501314.43,176,2848.38,501.98,4996.48
Furniture,Home Centre,Salesperson,Flash Frenzy Friday,480448.94,174,2761.20,515.92,4966.36
Furniture,Home Centre,Salesperson,"Gift More, Spend Less",431304.87,161,2678.91,525.52,4983.69
Furniture,Home Centre,Salesperson,Golden Hour Bargains,434742.63,159,2734.23,514.50,4967.96
Furniture,Home Centre,Salesperson,Green Weekend Deals,478344.77,167,2864.34,581.44,4999.33
Furniture,Home Centre,Salesperson,Happy Hour Discounts,478917.64,170,2817.16,538.73,4986.24
Furniture,Home Centre,Salesperson,Holiday Shopping Rush,514463.26,181,2842.34,547.25,4948.19
Furniture,Home Centre,Salesperson,Hot Picks Promo,475782.14,179,2658.00,508.23,4995.54
Furniture,Home Centre,Salesperson,Instant Gratification Sale,497409.53,171,2908.83,506.30,4997.47
Furniture,Home Centre,Salesperson,Limited Time Treasures,549800.23,198,2776.77,522.07,4966.27
Furniture,Home Centre,Salesperson,Loyalty Rewards Blast,495673.77,172,2881.82,522.21,4996.69
Furniture,Home Centre,Salesperson,Mega Weekend Bonanza,501233.37,180,2784.63,532.51,4992.81
Furniture,Home Centre,Salesperson,Mid-Year Madness,456636.74,168,2718.08,512.10,4995.61
Furniture,Home Centre,Salesperson,Midnight Madness,444038.35,159,2792.69,504.23,4990.99
Furniture,Home Centre,Salesperson,Mystery Discount Days,403623.39,145,2783.61,510.92,4994.22
Furniture,Home Centre,Salesperson,New Arrival Showcase,481166.35,168,2864.09,503.77,4991.45
Furniture,Home Centre,Salesperson,New Product Launch Promo,482044.14,161,2994.06,527.94,4996.63
Furniture,Home Centre,Salesperson,New Year Kickoff,501981.77,187,2684.39,522.64,4978.80
Furniture,Home Centre,Salesperson,Price Drop Parade,545811.83,181,3015.53,521.21,4992.90
Furniture,Home Centre,Salesperson,Red Tag Clearance,468902.91,181,2590.62,517.90,4997.86
Furniture,Home Centre,Salesperson,Seasonal Surprise Box,549742.02,196,2804.81,503.27,4996.39
Furniture,Home Centre,Salesperson,Shop & Save Spectacular,502281.61,175,2870.18,524.38,4995.45
Furniture,Home Centre,Salesperson,Smart Shopper Week,530883.25,186,2854.21,550.69,4999.64
Furniture,Home Centre,Salesperson,Spring Refresh Event,476001.92,172,2767.45,501.41,4956.72
Furniture,Home Centre,Salesperson,Spring Splash Discounts,504145.68,183,2754.89,500.35,4991.66
Furniture,Home Centre,Salesperson,Summer Sizzle Promo,537242.71,193,2783.64,506.50,4992.32
Furniture,Home Centre,Salesperson,Super Savings Week,431281.16,154,2800.53,543.41,4984.05
Furniture,Home Centre,Salesperson,Ultimate Value Event,423061.76,158,2677.61,527.90,4996.74
Furniture,Home Centre,Salesperson,VIP Access Sale,525429.05,193,2722.43,500.23,4973.34
Furniture,Home Centre,Salesperson,Weekend Warrior Specials,484373.68,171,2832.59,520.87,4998.93
Furniture,Home Centre,Salesperson,Winter Clearance Carnival,407491.43,145,2810.29,572.43,4961.65
Furniture,Home Centre,Salesperson,Winter Wonders Sale,449839.46,162,2776.79,526.87,4965.99
Furniture,Home Centre,Senior Salesperson,12 Days of Deals,470083.70,172,2733.04,524.14,4983.81
Furniture,Home Centre,Senior Salesperson,Autumn Deals Drive,429543.20,148,2902.32,556.49,4995.92
Furniture,Home Centre,Senior Salesperson,BOGO Blitz,435732.73,153,2847.93,561.45,4988.57
Furniture,Home Centre,Senior Salesperson,Back to School Boost,437375.46,152,2877.47,522.83,4938.68
Furniture,Home Centre,Senior Salesperson,Birthday Bash Sale,417909.20,151,2767.61,519.78,4973.03
Furniture,Home Centre,Senior Salesperson,Black Friday Blowout,334947.11,122,2745.47,504.85,4970.05
Furniture,Home Centre,Senior Salesperson,Cart Crasher Campaign,429697.44,152,2826.96,510.50,4997.41
Furniture,Home Centre,Senior Salesperson,Cashback Carnival,448462.87,158,2838.37,504.95,4986.79
Furniture,Home Centre,Senior Salesperson,Clearance Countdown,379315.97,138,2748.67,510.13,4955.47
Furniture,Home Centre,Senior Salesperson,Countdown to Savings,407555.63,153,2663.76,519.55,4940.08
Furniture,Home Centre,Senior Salesperson,Customer Appreciation Week,351188.87,133,2640.52,519.44,4985.04
Furniture,Home Centre,Senior Salesperson,Cyber Monday Mania,410477.47,154,2665.44,500.56,4944.51
Furniture,Home Centre,Senior Salesperson,Deal of the Month,360399.41,134,2689.55,503.22,4996.19
Furniture,Home Centre,Senior Salesperson,Double Points Bonanza,465887.04,163,2858.20,510.18,4986.86
Furniture,Home Centre,Senior Salesperson,Early Bird Specials,399394.25,155,2576.74,538.92,4967.55
Furniture,Home Centre,Senior Salesperson,End of Season Sale,425067.80,150,2833.79,581.38,4987.50
Furniture,Home Centre,Senior Salesperson,Exclusive Insider Offers,397006.00,146,2719.22,591.13,4992.03
Furniture,Home Centre,Senior Salesperson,Festive Fever Promo,469481.52,166,2828.20,541.46,4992.90
Furniture,Home Centre,Senior Salesperson,Final Call Frenzy,468470.36,165,2839.21,535.62,4958.79
Furniture,Home Centre,Senior Salesperson,Flash Frenzy Friday,423944.39,157,2700.28,520.14,4999.30
Furniture,Home Centre,Senior Salesperson,"Gift More, Spend Less",410283.67,156,2630.02,501.75,4987.64
Furniture,Home Centre,Senior Salesperson,Golden Hour Bargains,367973.77,134,2746.07,502.72,4977.23
Furniture,Home Centre,Senior Salesperson,Green Weekend Deals,402162.58,150,2681.08,515.31,4986.03
Furniture,Home Centre,Senior Salesperson,Happy Hour Discounts,433285.08,154,2813.54,558.39,4982.88
Furniture,Home Centre,Senior Salesperson,Holiday Shopping Rush,421446.77,152,2772.68,576.17,4970.72
Furniture,Home Centre,Senior Salesperson,Hot Picks Promo,448092.22,161,2783.18,506.64,4986.12
Furniture,Home Centre,Senior Salesperson,Instant Gratification Sale,450185.88,158,2849.28,547.48,4964.13
Furniture,Home Centre,Senior Salesperson,Limited Time Treasures,334588.25,119,2811.67,516.63,4939.30
Furniture,Home Centre,Senior Salesperson,Loyalty Rewards Blast,402544.10,148,2719.89,500.58,4958.99
Furniture,Home Centre,Senior Salesperson,Mega Weekend Bonanza,320118.55,119,2690.07,512.04,4827.48
Furniture,Home Centre,Senior Salesperson,Mid-Year Madness,452307.03,162,2792.02,507.51,4940.57
Furniture,Home Centre,Senior Salesperson,Midnight Madness,351732.06,134,2624.87,523.76,4994.64
Furniture,Home Centre,Senior Salesperson,Mystery Discount Days,434205.42,156,2783.37,542.21,4994.16
Furniture,Home Centre,Senior Salesperson,New Arrival Showcase,428741.40,157,2730.84,519.21,4966.99
Furniture,Home Centre,Senior Salesperson,New Product Launch Promo,394056.08,148,2662.54,507.73,4993.37
Furniture,Home Centre,Senior Salesperson,New Year Kickoff,464809.52,170,2734.17,504.13,4862.34
Furniture,Home Centre,Senior Salesperson,Price Drop Parade,410113.71,147,2789.89,567.28,4959.85
Furniture,Home Centre,Senior Salesperson,Red Tag Clearance,417962.72,152,2749.75,614.69,4979.65
Furniture,Home Centre,Senior Salesperson,Seasonal Surprise Box,425124.18,162,2624.22,506.79,4994.35
Furniture,Home Centre,Senior Salesperson,Shop & Save Spectacular,346916.29,137,2532.24,570.83,4949.32
Furniture,Home Centre,Senior Salesperson,Smart Shopper Week,422946.33,151,2800.97,503.09,4988.34
Furniture,Home Centre,Senior Salesperson,Spring Refresh Event,440779.30,154,2862.20,553.11,4998.45
Furniture,Home Centre,Senior Salesperson,Spring Splash Discounts,427416.07,155,2757.52,541.82,4951.93
Furniture,Home Centre,Senior Salesperson,Summer Sizzle Promo,463504.66,157,2952.26,596.68,4996.51
Furniture,Home Centre,Senior Salesperson,Super Savings Week,401458.80,144,2787.91,588.48,4966.19
Furniture,Home Centre,Senior Salesperson,Ultimate Value Event,393513.09,140,2810.81,542.44,4985.80
Furniture,Home Centre,Senior Salesperson,VIP Access Sale,462597.91,163,2838.02,553.49,4942.22
Furniture,Home Centre,Senior Salesperson,Weekend Warrior Specials,409897.96,150,2732.65,529.59,4962.75
Furniture,Home Centre,Senior Salesperson,Winter Clearance Carnival,438237.13,157,2791.32,511.03,4960.39
Furniture,Home Centre,Senior Salesperson,Winter Wonders Sale,403401.37,166,2430.13,510.01,4976.63
Furniture,IKEA,Manager,12 Days of Deals,460199.91,181,2542.54,530.23,4939.62
Furniture,IKEA,Manager,Autumn Deals Drive,515336.82,181,2847.16,516.06,4992.85
Furniture,IKEA,Manager,BOGO Blitz,494442.67,179,2762.25,539.04,4974.58
Furniture,IKEA,Manager,Back to School Boost,538826.66,201,2680.73,518.12,4933.96
Furniture,IKEA,Manager,Birthday Bash Sale,384717.36,141,2728.49,507.97,4960.71
Furniture,IKEA,Manager,Black Friday Blowout,499097.46,177,2819.76,509.40,4996.79
Furniture,IKEA,Manager,Cart Crasher Campaign,401700.89,150,2678.01,520.45,4972.24
Furniture,IKEA,Manager,Cashback Carnival,453982.02,166,2734.83,555.21,4979.09
Furniture,IKEA,Manager,Clearance Countdown,529170.53,196,2699.85,505.37,4996.82
Furniture,IKEA,Manager,Countdown to Savings,512803.09,185,2771.91,553.05,4997.53
Furniture,IKEA,Manager,Customer Appreciation Week,440001.47,163,2699.40,520.61,4901.22
Furniture,IKEA,Manager,Cyber Monday Mania,458330.21,162,2829.20,529.18,4982.23
Furniture,IKEA,Manager,Deal of the Month,428744.60,157,2730.86,516.16,4972.32
Furniture,IKEA,Manager,Double Points Bonanza,483183.82,169,2859.08,608.28,4985.21
Furniture,IKEA,Manager,Early Bird Specials,414911.74,158,2626.02,542.46,4883.24
Furniture,IKEA,Manager,End of Season Sale,414755.19,156,2658.69,510.38,4942.61
Furniture,IKEA,Manager,Exclusive Insider Offers,452671.86,167,2710.61,544.52,4953.68
Furniture,IKEA,Manager,Festive Fever Promo,441120.63,170,2594.83,553.79,4946.37
Furniture,IKEA,Manager,Final Call Frenzy,506172.18,188,2692.41,511.45,4943.31
Furniture,IKEA,Manager,Flash Frenzy Friday,445704.61,159,2803.17,584.52,4995.61
Furniture,IKEA,Manager,"Gift More, Spend Less",410789.27,154,2667.46,547.44,4978.60
Furniture,IKEA,Manager,Golden Hour Bargains,440571.64,156,2824.18,575.34,4988.47
Furniture,IKEA,Manager,Green Weekend Deals,445159.16,162,2747.90,598.17,4990.96
Furniture,IKEA,Manager,Happy Hour Discounts,413555.86,159,2600.98,501.84,4985.13
Furniture,IKEA,Manager,Holiday Shopping Rush,477145.77,166,2874.37,504.36,4978.77
Furniture,IKEA,Manager,Hot Picks Promo,401623.39,147,2732.13,515.79,4988.80
Furniture,IKEA,Manager,Instant Gratification Sale,484924.16,171,2835.81,525.51,4965.71
Furniture,IKEA,Manager,Limited Time Treasures,500412.63,176,2843.25,512.09,4982.22
Furniture,IKEA,Manager,Loyalty Rewards Blast,456176.53,163,2798.63,503.05,4963.99
Furniture,IKEA,Manager,Mega Weekend Bonanza,485578.53,170,2856.34,506.14,4980.66
Furniture,IKEA,Manager,Mid-Year Madness,493698.02,178,2773.58,519.24,4898.94
Furniture,IKEA,Manager,Midnight Madness,487323.43,169,2883.57,550.05,4971.62
Furniture,IKEA,Manager,Mystery Discount Days,451781.44,155,2914.72,544.58,4973.46
Furniture,IKEA,Manager,New Arrival Showcase,395987.62,155,2554.76,537.69,4989.50
Furniture,IKEA,Manager,New Product Launch Promo,500724.76,179,2797.35,506.75,4996.31
Furniture,IKEA,Manager,New Year Kickoff,413873.56,149,2777.67,568.73,4985.25
Furniture,IKEA,Manager,Price Drop Parade,427416.13,156,2739.85,518.80,4977.59
Furniture,IKEA,Manager,Red Tag Clearance,445358.37,170,2619.76,563.23,4985.95
Furniture,IKEA,Manager,Seasonal Surprise Box,432544.81,159,2720.41,508.28,4939.79
Furniture,IKEA,Manager,Shop & Save Spectacular,567995.77,200,2839.98,522.88,4981.91
Furniture,IKEA,Manager,Smart Shopper Week,492551.57,189,2606.09,508.91,4964.50
Furniture,IKEA,Manager,Spring Refresh Event,489859.41,171,2864.67,524.73,4965.08
Furniture,IKEA,Manager,Spring Splash Discounts,406763.27,151,2693.80,504.61,4980.73
Furniture,IKEA,Manager,Summer Sizzle Promo,376789.49,137,2750.29,516.94,4980.96
Furniture,IKEA,Manager,Super Savings Week,437179.28,157,2784.58,512.77,4991.69
Furniture,IKEA,Manager,Ultimate Value Event,484760.30,187,2592.30,502.21,4957.77
Furniture,IKEA,Manager,VIP Access Sale,481544.58,169,2849.38,592.90,4978.19
Furniture,IKEA,Manager,Weekend Warrior Specials,389685.44,147,2650.92,532.47,4999.21
Furniture,IKEA,Manager,Winter Clearance Carnival,522259.09,189,2763.28,517.16,4990.80
Furniture,IKEA,Manager,Winter Wonders Sale,498500.87,177,2816.39,507.39,4964.69
Furniture,IKEA,Sales Associate,12 Days of Deals,464738.91,177,2625.64,522.20,4986.30
Furniture,IKEA,Sales Associate,Autumn Deals Drive,536389.17,196,2736.68,507.41,4969.05
Furniture,IKEA,Sales Associate,BOGO Blitz,467538.45,179,2611.95,504.41,4987.72
Furniture,IKEA,Sales Associate,Back to School Boost,461648.30,164,2814.93,522.41,4984.57
Furniture,IKEA,Sales Associate,Birthday Bash Sale,492460.85,185,2661.95,535.75,4975.48
Furniture,IKEA,Sales Associate,Black Friday Blowout,469815.71,159,2954.82,545.56,4999.69
Furniture,IKEA,Sales Associate,Cart Crasher Campaign,505515.49,183,2762.38,530.64,4998.49
Furniture,IKEA,Sales Associate,Cashback Carnival,502166.17,181,2774.40,511.49,4994.29
Furniture,IKEA,Sales Associate,Clearance Countdown,520505.54,188,2768.65,546.69,4984.16
Furniture,IKEA,Sales Associate,Countdown to Savings,470614.45,166,2835.03,558.89,4875.88
Furniture,IKEA,Sales Associate,Customer Appreciation Week,520767.60,199,2616.92,556.45,4951.62
Furniture,IKEA,Sales Associate,Cyber Monday Mania,498967.55,173,2884.21,512.23,4986.05
Furniture,IKEA,Sales Associate,Deal of the Month,478028.02,174,2747.29,510.39,4978.58
Furniture,IKEA,Sales Associate,Double Points Bonanza,489857.07,170,2881.51,505.59,4996.14
Furniture,IKEA,Sales Associate,Early Bird Specials,482406.46,177,2725.46,510.94,4995.21
Furniture,IKEA,Sales Associate,End of Season Sale,479680.10,182,2635.60,510.32,4998.04
Furniture,IKEA,Sales Associate,Exclusive Insider Offers,485741.17,169,2874.21,516.73,4998.36
Furniture,IKEA,Sales Associate,Festive Fever Promo,437124.77,161,2715.06,520.70,4996.22
Furniture,IKEA,Sales Associate,Final Call Frenzy,589268.31,209,2819.47,509.98,4998.78
Furniture,IKEA,Sales Associate,Flash Frenzy Friday,486319.34,170,2860.70,536.59,4990.19
Furniture,IKEA,Sales Associate,"Gift More, Spend Less",510674.21,178,2868.96,562.84,4990.04
Furniture,IKEA,Sales Associate,Golden Hour Bargains,568564.67,202,2814.68,512.00,4995.04
Furniture,IKEA,Sales Associate,Green Weekend Deals,505292.91,172,2937.75,514.59,4993.14
Furniture,IKEA,Sales Associate,Happy Hour Discounts,541117.61,189,2863.06,500.31,4998.88
Furniture,IKEA,Sales Associate,Holiday Shopping Rush,508513.17,186,2733.94,503.97,4906.52
Furniture,IKEA,Sales Associate,Hot Picks Promo,430009.74,158,2721.58,508.91,4965.19
Furniture,IKEA,Sales Associate,Instant Gratification Sale,497861.43,173,2877.81,525.78,4964.79
Furniture,IKEA,Sales Associate,Limited Time Treasures,469363.95,184,2550.89,503.76,4923.89
Furniture,IKEA,Sales Associate,Loyalty Rewards Blast,489416.59,177,2765.07,519.41,4976.01
Furniture,IKEA,Sales Associate,Mega Weekend Bonanza,502114.20,180,2789.52,560.67,4992.05
Furniture,IKEA,Sales Associate,Mid-Year Madness,430961.06,150,2873.07,513.37,4973.50
Furniture,IKEA,Sales Associate,Midnight Madness,537832.26,196,2744.04,503.86,4993.52
Furniture,IKEA,Sales Associate,Mystery Discount Days,546166.04,193,2829.88,534.07,4964.73
Furniture,IKEA,Sales Associate,New Arrival Showcase,489178.96,176,2779.43,568.99,4995.34
Furniture,IKEA,Sales Associate,New Product Launch Promo,463923.32,172,2697.23,501.50,4955.52
Furniture,IKEA,Sales Associate,New Year Kickoff,507138.81,177,2865.19,562.41,4996.37
Furniture,IKEA,Sales Associate,Price Drop Parade,559351.39,192,2913.29,509.45,4992.16
Furniture,IKEA,Sales Associate,Red Tag Clearance,537510.39,184,2921.25,539.33,4979.47
Furniture,IKEA,Sales Associate,Seasonal Surprise Box,423831.35,170,2493.13,502.27,4965.53
Furniture,IKEA,Sales Associate,Shop & Save Spectacular,495687.84,176,2816.41,561.71,4982.65
Furniture,IKEA,Sales Associate,Smart Shopper Week,467823.78,169,2768.19,508.73,4957.56
Furniture,IKEA,Sales Associate,Spring Refresh Event,564009.33,198,2848.53,521.50,4980.47
Furniture,IKEA,Sales Associate,Spring Splash Discounts,531466.99,187,2842.07,584.50,4985.59
Furniture,IKEA,Sales Associate,Summer Sizzle Promo,522870.46,193,2709.17,533.72,4945.51
Furniture,IKEA,Sales Associate,Super Savings Week,452350.37,172,2629.94,520.77,4976.40
Furniture,IKEA,Sales Associate,Ultimate Value Event,434485.31,160,2715.53,549.01,4964.90
Furniture,IKEA,Sales Associate,VIP Access Sale,413419.97,148,2793.38,506.30,4953.93
Furniture,IKEA,Sales Associate,Weekend Warrior Specials,461470.47,167,2763.30,517.17,4996.77
Furniture,IKEA,Sales Associate,Winter Clearance Carnival,530176.62,193,2747.03,505.94,4972.17
Furniture,IKEA,Sales Associate,Winter Wonders Sale,462245.91,170,2719.09,516.58,4924.35
Furniture,IKEA,Salesperson,12 Days of Deals,500038.58,181,2762.64,502.40,4991.30
Furniture,IKEA,Salesperson,Autumn Deals Drive,471816.00,170,2775.39,520.05,4991.47
Furniture,IKEA,Salesperson,BOGO Blitz,507357.73,180,2818.65,516.92,4899.60
Furniture,IKEA,Salesperson,Back to School Boost,491836.02,176,2794.52,519.26,4978.78
Furniture,IKEA,Salesperson,Birthday Bash Sale,503115.34,183,2749.26,501.52,4998.56
Furniture,IKEA,Salesperson,Black Friday Blowout,543484.68,190,2860.45,508.77,4988.24
Furniture,IKEA,Salesperson,Cart Crasher Campaign,544860.78,198,2751.82,510.87,4929.94
Furniture,IKEA,Salesperson,Cashback Carnival,477700.64,172,2777.33,586.27,4999.12
Furniture,IKEA,Salesperson,Clearance Countdown,428961.29,160,2681.01,547.73,4989.47
Furniture,IKEA,Salesperson,Countdown to Savings,477996.31,167,2862.25,539.27,4991.93
Furniture,IKEA,Salesperson,Customer Appreciation Week,456176.95,170,2683.39,506.29,4972.06
Furniture,IKEA,Salesperson,Cyber Monday Mania,505559.57,178,2840.22,573.00,4991.04
Furniture,IKEA,Salesperson,Deal of the Month,469993.13,184,2554.31,514.18,4932.29
Furniture,IKEA,Salesperson,Double Points Bonanza,455925.99,173,2635.41,525.74,4975.02
Furniture,IKEA,Salesperson,Early Bird Specials,497518.33,180,2763.99,510.66,4990.56
Furniture,IKEA,Salesperson,End of Season Sale,421315.95,144,2925.81,500.31,4951.74
Furniture,IKEA,Salesperson,Exclusive Insider Offers,465527.59,171,2722.38,501.83,4995.57
Furniture,IKEA,Salesperson,Festive Fever Promo,422645.24,158,2674.97,525.44,4998.21
Furniture,IKEA,Salesperson,Final Call Frenzy,435622.06,157,2774.66,523.82,4944.86
Furniture,IKEA,Salesperson,Flash Frenzy Friday,433923.02,157,2763.84,505.68,4984.50
Furniture,IKEA,Salesperson,"Gift More, Spend Less",406265.88,150,2708.44,500.71,4998.02
Furniture,IKEA,Salesperson,Golden Hour Bargains,455913.14,161,2831.76,520.80,4934.40
Furniture,IKEA,Salesperson,Green Weekend Deals,547434.31,207,2644.61,507.46,4959.11
Furniture,IKEA,Salesperson,Happy Hour Discounts,461660.53,168,2747.98,553.88,4986.70
Furniture,IKEA,Salesperson,Holiday Shopping Rush,510289.89,181,2819.28,508.35,4997.57
Furniture,IKEA,Salesperson,Hot Picks Promo,477407.77,174,2743.72,507.08,4946.09
Furniture,IKEA,Salesperson,Instant Gratification Sale,457020.77,165,2769.82,503.56,4978.72
Furniture,IKEA,Salesperson,Limited Time Treasures,485335.55,178,2726.60,510.86,4992.20
Furniture,IKEA,Salesperson,Loyalty Rewards Blast,495281.42,186,2662.80,510.64,4952.46
Furniture,IKEA,Salesperson,Mega Weekend Bonanza,423745.82,157,2699.02,505.20,4982.15
Furniture,IKEA,Salesperson,Mid-Year Madness,470485.64,163,2886.41,577.35,4921.93
Furniture,IKEA,Salesperson,Midnight Madness,504241.96,188,2682.14,501.83,4965.15
Furniture,IKEA,Salesperson,Mystery Discount Days,496949.52,182,2730.49,503.79,4988.12
Furniture,IKEA,Salesperson,New Arrival Showcase,441289.39,172,2565.64,508.31,4968.19
Furniture,IKEA,Salesperson,New Product Launch Promo,469116.94,169,2775.84,568.13,4988.06
Furniture,IKEA,Salesperson,New Year Kickoff,504436.96,179,2818.08,590.62,4989.76
Furniture,IKEA,Salesperson,Price Drop Parade,423519.74,157,2697.58,507.32,4964.64
Furniture,IKEA,Salesperson,Red Tag Clearance,527864.12,183,2884.50,518.85,4996.34
Furniture,IKEA,Salesperson,Seasonal Surprise Box,522622.79,200,2613.11,513.76,4974.45
Furniture,IKEA,Salesperson,Shop & Save Spectacular,520903.52,178,2926.42,570.46,4974.70
Furniture,IKEA,Salesperson,Smart Shopper Week,504315.66,186,2711.37,546.85,4998.03
Furniture,IKEA,Salesperson,Spring Refresh Event,497863.44,172,2894.55,530.34,4995.87
Furniture,IKEA,Salesperson,Spring Splash Discounts,512274.49,181,2830.25,507.36,4992.95
Furniture,IKEA,Salesperson,Summer Sizzle Promo,518151.51,188,2756.13,511.39,4995.89
Furniture,IKEA,Salesperson,Super Savings Week,517041.73,189,2735.67,542.81,4974.90
Furniture,IKEA,Salesperson,Ultimate Value Event,509328.13,178,2861.39,530.37,4982.52
Furniture,IKEA,Salesperson,VIP Access Sale,446569.41,174,2566.49,544.19,4992.06
Furniture,IKEA,Salesperson,Weekend Warrior Specials,498324.21,183,2723.08,508.80,4996.74
Furniture,IKEA,Salesperson,Winter Clearance Carnival,445542.28,163,2733.39,515.16,4971.15
Furniture,IKEA,Salesperson,Winter Wonders Sale,537379.56,197,2727.82,502.50,4877.54
Furniture,IKEA,Senior Salesperson,12 Days of Deals,347206.51,131,2650.43,520.16,4959.63
Furniture,IKEA,Senior Salesperson,Autumn Deals Drive,404140.81,154,2624.29,521.97,4993.26
Furniture,IKEA,Senior Salesperson,BOGO Blitz,364425.22,141,2584.58,535.66,4969.79
Furniture,IKEA,Senior Salesperson,Back to School Boost,451707.26,171,2641.56,505.83,4984.77
Furniture,IKEA,Senior Salesperson,Birthday Bash Sale,424164.15,153,2772.31,515.93,4932.89
Furniture,IKEA,Senior Salesperson,Black Friday Blowout,433315.90,149,2908.16,516.21,4989.76
Furniture,IKEA,Senior Salesperson,Cart Crasher Campaign,402114.32,138,2913.87,501.43,4972.80
Furniture,IKEA,Senior Salesperson,Cashback Carnival,411679.90,158,2605.57,503.76,4956.59
Furniture,IKEA,Senior Salesperson,Clearance Countdown,399927.81,139,2877.18,511.76,4982.22
Furniture,IKEA,Senior Salesperson,Countdown to Savings,373639.31,142,2631.26,548.97,4982.59
Furniture,IKEA,Senior Salesperson,Customer Appreciation Week,382466.65,149,2566.89,508.99,4807.94
Furniture,IKEA,Senior Salesperson,Cyber Monday Mania,419387.53,153,2741.09,504.38,4968.21
Furniture,IKEA,Senior Salesperson,Deal of the Month,412080.73,155,2658.59,506.65,4965.26
Furniture,IKEA,Senior Salesperson,Double Points Bonanza,425873.34,157,2712.57,524.63,4981.65
Furniture,IKEA,Senior Salesperson,Early Bird Specials,410199.72,151,2716.55,528.21,4996.11
Furniture,IKEA,Senior Salesperson,End of Season Sale,389659.98,149,2615.17,547.34,4967.34
Furniture,IKEA,Senior Salesperson,Exclusive Insider Offers,416106.18,153,2719.65,515.52,4993.53
Furniture,IKEA,Senior Salesperson,Festive Fever Promo,423437.38,158,2679.98,524.62,4954.42
Furniture,IKEA,Senior Salesperson,Final Call Frenzy,392579.76,154,2549.22,523.64,4980.05
Furniture,IKEA,Senior Salesperson,Flash Frenzy Friday,424145.48,155,2736.42,505.21,4980.36
Furniture,IKEA,Senior Salesperson,"Gift More, Spend Less",415822.44,157,2648.55,560.57,4973.42
Furniture,IKEA,Senior Salesperson,Golden Hour Bargains,485643.81,173,2807.19,514.75,4969.77
Furniture,IKEA,Senior Salesperson,Green Weekend Deals,452292.34,164,2757.88,503.96,4979.50
Furniture,IKEA,Senior Salesperson,Happy Hour Discounts,370222.11,138,2682.77,523.82,4983.94
Furniture,IKEA,Senior Salesperson,Holiday Shopping Rush,430439.37,158,2724.30,511.35,4996.87
Furniture,IKEA,Senior Salesperson,Hot Picks Promo,461822.95,152,3038.31,598.90,4997.56
Furniture,IKEA,Senior Salesperson,Instant Gratification Sale,366938.31,134,2738.35,529.10,4933.90
Furniture,IKEA,Senior Salesperson,Limited Time Treasures,410056.19,154,2662.70,502.15,4995.00
Furniture,IKEA,Senior Salesperson,Loyalty Rewards Blast,411907.47,153,2692.21,552.24,4923.20
Furniture,IKEA,Senior Salesperson,Mega Weekend Bonanza,390678.48,143,2732.02,513.38,4993.16
Furniture,IKEA,Senior Salesperson,Mid-Year Madness,403984.80,142,2844.96,541.21,4934.88
Furniture,IKEA,Senior Salesperson,Midnight Madness,382760.93,138,2773.63,532.82,4846.57
Furniture,IKEA,Senior Salesperson,Mystery Discount Days,414040.91,157,2637.20,502.33,4971.06
Furniture,IKEA,Senior Salesperson,New Arrival Showcase,410285.00,156,2630.03,531.16,4995.42
Furniture,IKEA,Senior Salesperson,New Product Launch Promo,447178.49,163,2743.43,517.28,4996.35
Furniture,IKEA,Senior Salesperson,New Year Kickoff,443985.06,163,2723.83,588.37,4938.31
Furniture,IKEA,Senior Salesperson,Price Drop Parade,429436.23,162,2650.84,500.06,4972.29
Furniture,IKEA,Senior Salesperson,Red Tag Clearance,406751.06,146,2785.97,540.55,4993.99
Furniture,IKEA,Senior Salesperson,Seasonal Surprise Box,453538.21,161,2817.01,501.95,4970.16
Furniture,IKEA,Senior Salesperson,Shop & Save Spectacular,416899.47,151,2760.92,516.22,4993.27
Furniture,IKEA,Senior Salesperson,Smart Shopper Week,390541.16,141,2769.80,561.14,4907.17
Furniture,IKEA,Senior Salesperson,Spring Refresh Event,463420.63,169,2742.13,510.54,4969.56
Furniture,IKEA,Senior Salesperson,Spring Splash Discounts,372933.95,147,2536.97,502.30,4981.71
Furniture,IKEA,Senior Salesperson,Summer Sizzle Promo,355322.17,136,2612.66,518.03,4998.66
Furniture,IKEA,Senior Salesperson,Super Savings Week,384153.20,140,2743.95,503.67,4980.21
Furniture,IKEA,Senior Salesperson,Ultimate Value Event,365293.86,131,2788.50,558.17,4983.29
Furniture,IKEA,Senior Salesperson,VIP Access Sale,358024.79,134,2671.83,558.88,4979.83
Furniture,IKEA,Senior Salesperson,Weekend Warrior Specials,436386.12,154,2833.68,501.39,4979.98
Furniture,IKEA,Senior Salesperson,Winter Clearance Carnival,417998.17,158,2645.56,616.82,4956.48
Furniture,IKEA,Senior Salesperson,Winter Wonders Sale,398116.54,140,2843.69,516.64,4988.05
Furniture,Pepperfry,Manager,12 Days of Deals,451154.25,164,2750.94,527.66,4994.90
Furniture,Pepperfry,Manager,Autumn Deals Drive,489377.22,186,2631.06,522.34,4991.13
Furniture,Pepperfry,Manager,BOGO Blitz,409778.26,163,2513.98,553.67,4964.01
Furniture,Pepperfry,Manager,Back to School Boost,497152.04,183,2716.68,536.43,4973.29
Furniture,Pepperfry,Manager,Birthday Bash Sale,467994.30,162,2888.85,615.23,4978.06
Furniture,Pepperfry,Manager,Black Friday Blowout,507788.17,183,2774.80,509.50,4951.89
Furniture,Pepperfry,Manager,Cart Crasher Campaign,424967.88,158,2689.67,610.37,4995.62
Furniture,Pepperfry,Manager,Cashback Carnival,465014.86,170,2735.38,531.14,4982.35
Furniture,Pepperfry,Manager,Clearance Countdown,467834.84,168,2784.73,513.61,4993.94
Furniture,Pepperfry,Manager,Countdown to Savings,557892.29,193,2890.63,534.29,4996.52
Furniture,Pepperfry,Manager,Customer Appreciation Week,436473.88,162,2694.28,519.37,4948.58
Furniture,Pepperfry,Manager,Cyber Monday Mania,502734.18,186,2702.87,513.45,4973.75
Furniture,Pepperfry,Manager,Deal of the Month,437351.80,162,2699.70,581.06,4952.12
Furniture,Pepperfry,Manager,Double Points Bonanza,517838.78,177,2925.64,525.26,4948.98
Furniture,Pepperfry,Manager,Early Bird Specials,402373.62,161,2499.22,500.89,4847.79
Furniture,Pepperfry,Manager,End of Season Sale,508911.07,177,2875.20,521.45,4997.14
Furniture,Pepperfry,Manager,Exclusive Insider Offers,477213.47,174,2742.61,568.45,4978.51
Furniture,Pepperfry,Manager,Festive Fever Promo,489279.73,167,2929.82,527.30,4987.38
Furniture,Pepperfry,Manager,Final Call Frenzy,444424.81,161,2760.40,521.13,4932.44
Furniture,Pepperfry,Manager,Flash Frenzy Friday,440257.42,158,2786.44,517.48,4985.49
Furniture,Pepperfry,Manager,"Gift More, Spend Less",446475.91,166,2689.61,538.26,4973.69
Furniture,Pepperfry,Manager,Golden Hour Bargains,512111.63,172,2977.39,519.79,4938.47
Furniture,Pepperfry,Manager,Green Weekend Deals,480312.92,167,2876.13,631.35,4988.23
Furniture,Pepperfry,Manager,Happy Hour Discounts,481676.90,173,2784.26,528.65,4972.59
Furniture,Pepperfry,Manager,Holiday Shopping Rush,416234.79,150,2774.90,513.66,4979.12
Furniture,Pepperfry,Manager,Hot Picks Promo,510904.20,182,2807.17,506.63,4979.54
Furniture,Pepperfry,Manager,Instant Gratification Sale,382903.24,143,2677.65,503.79,4983.28
Furniture,Pepperfry,Manager,Limited Time Treasures,499114.90,178,2804.02,519.20,4865.82
Furniture,Pepperfry,Manager,Loyalty Rewards Blast,471363.30,178,2648.11,501.05,4984.77
Furniture,Pepperfry,Manager,Mega Weekend Bonanza,507182.14,184,2756.42,504.00,4954.57
Furniture,Pepperfry,Manager,Mid-Year Madness,490109.36,180,2722.83,527.66,4975.15
Furniture,Pepperfry,Manager,Midnight Madness,450444.25,165,2729.97,510.82,4995.95
Furniture,Pepperfry,Manager,Mystery Discount Days,502873.55,172,2923.68,516.22,4983.15
Furniture,Pepperfry,Manager,New Arrival Showcase,459942.80,171,2689.72,537.87,4972.66
Furniture,Pepperfry,Manager,New Product Launch Promo,412155.72,153,2693.83,525.70,4942.86
Furniture,Pepperfry,Manager,New Year Kickoff,408124.66,149,2739.09,509.51,4978.88
Furniture,Pepperfry,Manager,Price Drop Parade,560248.32,194,2887.88,536.58,4978.43
Furniture,Pepperfry,Manager,Red Tag Clearance,446449.70,166,2689.46,510.52,4857.82
Furniture,Pepperfry,Manager,Seasonal Surprise Box,478716.27,183,2615.94,523.27,4994.59
Furniture,Pepperfry,Manager,Shop & Save Spectacular,446727.18,160,2792.04,551.34,4936.93
Furniture,Pepperfry,Manager,Smart Shopper Week,424090.87,145,2924.76,547.39,4992.28
Furniture,Pepperfry,Manager,Spring Refresh Event,430717.22,156,2761.01,507.71,4994.60
Furniture,Pepperfry,Manager,Spring Splash Discounts,457125.06,163,2804.45,506.06,4998.77
Furniture,Pepperfry,Manager,Summer Sizzle Promo,498507.86,180,2769.49,504.85,4998.67
Furniture,Pepperfry,Manager,Super Savings Week,479467.62,164,2923.58,505.61,4988.24
Furniture,Pepperfry,Manager,Ultimate Value Event,447399.48,158,2831.64,507.45,4987.34
Furniture,Pepperfry,Manager,VIP Access Sale,461433.80,183,2521.50,540.51,4923.91
Furniture,Pepperfry,Manager,Weekend Warrior Specials,467575.45,166,2816.72,522.35,4990.85
Furniture,Pepperfry,Manager,Winter Clearance Carnival,402329.62,153,2629.61,516.46,4971.04
Furniture,Pepperfry,Manager,Winter Wonders Sale,474771.51,176,2697.57,526.03,4917.70
Furniture,Pepperfry,Sales Associate,12 Days of Deals,513175.95,180,2850.98,535.48,4989.95
Furniture,Pepperfry,Sales Associate,Autumn Deals Drive,487824.47,180,2710.14,500.56,4995.68
Furniture,Pepperfry,Sales Associate,BOGO Blitz,388942.72,138,2818.43,602.29,4971.07
Furniture,Pepperfry,Sales Associate,Back to School Boost,596671.55,218,2737.03,522.56,4982.61
Furniture,Pepperfry,Sales Associate,Birthday Bash Sale,515162.80,179,2878.00,505.99,4977.19
Furniture,Pepperfry,Sales Associate,Black Friday Blowout,505075.59,177,2853.53,538.12,4989.06
Furniture,Pepperfry,Sales Associate,Cart Crasher Campaign,430985.47,158,2727.76,526.75,4968.82
Furniture,Pepperfry,Sales Associate,Cashback Carnival,478881.32,176,2720.92,510.52,4993.83
Furniture,Pepperfry,Sales Associate,Clearance Countdown,380234.44,149,2551.91,580.88,4917.47
Furniture,Pepperfry,Sales Associate,Countdown to Savings,474362.23,174,2726.22,510.93,4999.16
Furniture,Pepperfry,Sales Associate,Customer Appreciation Week,469710.27,177,2653.73,502.67,4994.34
Furniture,Pepperfry,Sales Associate,Cyber Monday Mania,471222.17,172,2739.66,565.99,4993.83
Furniture,Pepperfry,Sales Associate,Deal of the Month,452843.51,163,2778.18,501.02,4962.10
Furniture,Pepperfry,Sales Associate,Double Points Bonanza,477073.02,170,2806.31,544.99,4999.14
Furniture,Pepperfry,Sales Associate,Early Bird Specials,501310.96,171,2931.64,501.84,4997.80
Furniture,Pepperfry,Sales Associate,End of Season Sale,459293.42,178,2580.30,534.90,4946.25
Furniture,Pepperfry,Sales Associate,Exclusive Insider Offers,438594.87,168,2610.68,550.37,4939.74
Furniture,Pepperfry,Sales Associate,Festive Fever Promo,475801.71,172,2766.29,510.18,4956.89
Furniture,Pepperfry,Sales Associate,Final Call Frenzy,435966.92,154,2830.95,519.31,4996.83
Furniture,Pepperfry,Sales Associate,Flash Frenzy Friday,550501.08,204,2698.53,508.18,4979.41
Furniture,Pepperfry,Sales Associate,"Gift More, Spend Less",450360.54,172,2618.38,507.96,4997.79
Furniture,Pepperfry,Sales Associate,Golden Hour Bargains,433069.73,168,2577.80,540.95,4922.05
Furniture,Pepperfry,Sales Associate,Green Weekend Deals,525785.08,185,2842.08,514.11,4984.86
Furniture,Pepperfry,Sales Associate,Happy Hour Discounts,435608.18,161,2705.64,535.94,4965.26
Furniture,Pepperfry,Sales Associate,Holiday Shopping Rush,470189.31,172,2733.66,519.50,4971.19
Furniture,Pepperfry,Sales Associate,Hot Picks Promo,398873.77,154,2590.09,511.15,4994.52
Furniture,Pepperfry,Sales Associate,Instant Gratification Sale,513474.47,181,2836.88,513.55,4999.03
Furniture,Pepperfry,Sales Associate,Limited Time Treasures,553441.05,189,2928.26,539.73,4965.73
Furniture,Pepperfry,Sales Associate,Loyalty Rewards Blast,461879.92,166,2782.41,543.31,4999.26
Furniture,Pepperfry,Sales Associate,Mega Weekend Bonanza,491904.69,179,2748.07,532.98,4982.65
Furniture,Pepperfry,Sales Associate,Mid-Year Madness,415479.53,153,2715.55,566.34,4984.30
Furniture,Pepperfry,Sales Associate,Midnight Madness,422432.07,162,2607.61,501.59,4990.20
Furniture,Pepperfry,Sales Associate,Mystery Discount Days,458516.76,171,2681.38,531.22,4982.44
Furniture,Pepperfry,Sales Associate,New Arrival Showcase,500563.88,187,2676.81,522.25,4974.32
Furniture,Pepperfry,Sales Associate,New Product Launch Promo,445238.77,153,2910.06,506.27,4992.74
Furniture,Pepperfry,Sales Associate,New Year Kickoff,473265.50,172,2751.54,508.86,4939.46
Furniture,Pepperfry,Sales Associate,Price Drop Parade,476322.57,168,2835.25,524.69,4987.91
Furniture,Pepperfry,Sales Associate,Red Tag Clearance,442713.08,167,2650.98,504.90,4986.09
Furniture,Pepperfry,Sales Associate,Seasonal Surprise Box,509470.70,170,2996.89,512.96,4989.64
Furniture,Pepperfry,Sales Associate,Shop & Save Spectacular,467100.65,176,2653.98,545.80,4979.05
Furniture,Pepperfry,Sales Associate,Smart Shopper Week,470535.93,174,2704.23,513.39,4942.17
Furniture,Pepperfry,Sales Associate,Spring Refresh Event,491722.48,179,2747.05,550.52,4989.36
Furniture,Pepperfry,Sales Associate,Spring Splash Discounts,483485.57,177,2731.56,554.37,4934.94
Furniture,Pepperfry,Sales Associate,Summer Sizzle Promo,530871.17,193,2750.63,505.17,4936.63
Furniture,Pepperfry,Sales Associate,Super Savings Week,495336.13,176,2814.41,530.39,4989.93
Furniture,Pepperfry,Sales Associate,Ultimate Value Event,473735.08,176,2691.68,512.05,4993.55
Furniture,Pepperfry,Sales Associate,VIP Access Sale,523550.87,187,2799.74,508.01,4994.17
Furniture,Pepperfry,Sales Associate,Weekend Warrior Specials,547479.71,188,2912.13,504.11,4946.47
Furniture,Pepperfry,Sales Associate,Winter Clearance Carnival,467381.73,171,2733.23,532.06,4927.95
Furniture,Pepperfry,Sales Associate,Winter Wonders Sale,431157.32,156,2763.83,507.73,4995.12
Furniture,Pepperfry,Salesperson,12 Days of Deals,427941.13,155,2760.91,518.52,4977.17
Furniture,Pepperfry,Salesperson,Autumn Deals Drive,510028.96,182,2802.36,536.60,4984.50
Furniture,Pepperfry,Salesperson,BOGO Blitz,495713.76,175,2832.65,533.30,4983.71
Furniture,Pepperfry,Salesperson,Back to School Boost,428518.40,160,2678.24,556.95,4988.70
Furniture,Pepperfry,Salesperson,Birthday Bash Sale,387458.67,144,2690.69,506.94,4988.66
Furniture,Pepperfry,Salesperson,Black Friday Blowout,549529.81,198,2775.40,507.45,4999.47
Furniture,Pepperfry,Salesperson,Cart Crasher Campaign,454576.98,160,2841.11,569.29,4980.81
Furniture,Pepperfry,Salesperson,Cashback Carnival,471354.38,165,2856.69,514.11,4977.12
Furniture,Pepperfry,Salesperson,Clearance Countdown,490359.76,177,2770.39,518.07,4995.77
Furniture,Pepperfry,Salesperson,Countdown to Savings,471212.39,173,2723.77,517.78,4971.53
Furniture,Pepperfry,Salesperson,Customer Appreciation Week,457792.14,161,2843.43,572.33,4996.24
Furniture,Pepperfry,Salesperson,Cyber Monday Mania,449488.08,167,2691.55,506.92,4987.06
Furniture,Pepperfry,Salesperson,Deal of the Month,446264.44,164,2721.12,544.70,4997.12
Furniture,Pepperfry,Salesperson,Double Points Bonanza,549383.85,190,2891.49,526.68,4995.73
Furniture,Pepperfry,Salesperson,Early Bird Specials,476272.65,166,2869.11,534.87,4981.51
Furniture,Pepperfry,Salesperson,End of Season Sale,370929.21,142,2612.18,529.29,4998.80
Furniture,Pepperfry,Salesperson,Exclusive Insider Offers,514341.18,177,2905.88,537.21,4995.54
Furniture,Pepperfry,Salesperson,Festive Fever Promo,517836.45,190,2725.46,534.37,4998.62
Furniture,Pepperfry,Salesperson,Final Call Frenzy,487500.01,173,2817.92,502.89,4924.53
Furniture,Pepperfry,Salesperson,Flash Frenzy Friday,555534.18,208,2670.84,505.20,4998.41
Furniture,Pepperfry,Salesperson,"Gift More, Spend Less",500440.31,186,2690.54,502.35,4989.34
Furniture,Pepperfry,Salesperson,Golden Hour Bargains,384163.15,151,2544.13,506.98,4994.22
Furniture,Pepperfry,Salesperson,Green Weekend Deals,466984.38,173,2699.33,503.53,4989.00
Furniture,Pepperfry,Salesperson,Happy Hour Discounts,458887.04,172,2667.95,527.96,4998.48
Furniture,Pepperfry,Salesperson,Holiday Shopping Rush,394677.94,141,2799.13,512.13,4980.16
Furniture,Pepperfry,Salesperson,Hot Picks Promo,542389.40,190,2854.68,504.44,4968.22
Furniture,Pepperfry,Salesperson,Instant Gratification Sale,468935.40,176,2664.41,554.64,4902.63
Furniture,Pepperfry,Salesperson,Limited Time Treasures,545374.07,204,2673.40,512.85,4994.63
Furniture,Pepperfry,Salesperson,Loyalty Rewards Blast,420290.53,152,2765.07,566.57,4974.67
Furniture,Pepperfry,Salesperson,Mega Weekend Bonanza,496721.85,180,2759.57,562.78,4988.69
Furniture,Pepperfry,Salesperson,Mid-Year Madness,462106.51,160,2888.17,515.95,4981.53
Furniture,Pepperfry,Salesperson,Midnight Madness,488124.35,186,2624.32,505.16,4973.03
Furniture,Pepperfry,Salesperson,Mystery Discount Days,486885.27,180,2704.92,514.73,4986.60
Furniture,Pepperfry,Salesperson,New Arrival Showcase,483615.34,183,2642.71,518.75,4982.59
Furniture,Pepperfry,Salesperson,New Product Launch Promo,505592.74,180,2808.85,515.14,4990.42
Furniture,Pepperfry,Salesperson,New Year Kickoff,511517.19,183,2795.18,540.21,4997.66
Furniture,Pepperfry,Salesperson,Price Drop Parade,415174.57,152,2731.41,525.37,4979.50
Furniture,Pepperfry,Salesperson,Red Tag Clearance,380257.69,146,2604.50,514.56,4993.73
Furniture,Pepperfry,Salesperson,Seasonal Surprise Box,524373.74,190,2759.86,501.63,4984.30
Furniture,Pepperfry,Salesperson,Shop & Save Spectacular,414332.85,150,2762.22,516.37,4956.57
Furniture,Pepperfry,Salesperson,Smart Shopper Week,455665.10,170,2680.38,504.73,4962.46
Furniture,Pepperfry,Salesperson,Spring Refresh Event,533244.24,188,2836.41,505.59,4981.96
Furniture,Pepperfry,Salesperson,Spring Splash Discounts,460863.15,166,2776.28,504.32,4985.62
Furniture,Pepperfry,Salesperson,Summer Sizzle Promo,482117.34,178,2708.52,553.31,4991.31
Furniture,Pepperfry,Salesperson,Super Savings Week,461308.48,167,2762.33,509.73,4976.02
Furniture,Pepperfry,Salesperson,Ultimate Value Event,550994.96,193,2854.90,578.06,4978.36
Furniture,Pepperfry,Salesperson,VIP Access Sale,489268.03,170,2878.05,502.41,4956.79
Furniture,Pepperfry,Salesperson,Weekend Warrior Specials,510143.50,188,2713.53,541.59,4994.16
Furniture,Pepperfry,Salesperson,Winter Clearance Carnival,513120.33,177,2898.98,581.93,4998.34
Furniture,Pepperfry,Salesperson,Winter Wonders Sale,427172.98,151,2828.96,562.97,4907.50
Furniture,Pepperfry,Senior Salesperson,12 Days of Deals,400565.63,144,2781.71,532.05,4998.58
Furniture,Pepperfry,Senior Salesperson,Autumn Deals Drive,404263.13,159,2542.54,555.79,4998.96
Furniture,Pepperfry,Senior Salesperson,BOGO Blitz,358619.73,132,2716.82,511.25,4994.26
Furniture,Pepperfry,Senior Salesperson,Back to School Boost,405976.65,149,2724.68,541.98,4976.00
Furniture,Pepperfry,Senior Salesperson,Birthday Bash Sale,406866.44,144,2825.46,538.75,4992.29
Furniture,Pepperfry,Senior Salesperson,Black Friday Blowout,424921.51,153,2777.26,578.62,4978.91
Furniture,Pepperfry,Senior Salesperson,Cart Crasher Campaign,423350.83,152,2785.20,501.27,4998.24
Furniture,Pepperfry,Senior Salesperson,Cashback Carnival,341335.53,130,2625.66,527.33,4924.94
Furniture,Pepperfry,Senior Salesperson,Clearance Countdown,418974.50,160,2618.59,510.97,4940.34
Furniture,Pepperfry,Senior Salesperson,Countdown to Savings,406557.14,146,2784.64,535.15,4970.47
Furniture,Pepperfry,Senior Salesperson,Customer Appreciation Week,458084.98,165,2776.27,516.70,4996.70
Furniture,Pepperfry,Senior Salesperson,Cyber Monday Mania,397960.34,137,2904.82,582.56,4942.24
Furniture,Pepperfry,Senior Salesperson,Deal of the Month,404006.01,147,2748.34,530.94,4923.70
Furniture,Pepperfry,Senior Salesperson,Double Points Bonanza,434941.91,160,2718.39,505.06,4980.78
Furniture,Pepperfry,Senior Salesperson,Early Bird Specials,387550.27,134,2892.17,540.32,4984.65
Furniture,Pepperfry,Senior Salesperson,End of Season Sale,418721.57,141,2969.66,549.80,4989.62
Furniture,Pepperfry,Senior Salesperson,Exclusive Insider Offers,452804.97,160,2830.03,514.75,4924.10
Furniture,Pepperfry,Senior Salesperson,Festive Fever Promo,443240.62,163,2719.27,540.71,4963.78
Furniture,Pepperfry,Senior Salesperson,Final Call Frenzy,383684.73,146,2627.98,540.59,4998.23
Furniture,Pepperfry,Senior Salesperson,Flash Frenzy Friday,429829.12,145,2964.34,503.24,4975.50
Furniture,Pepperfry,Senior Salesperson,"Gift More, Spend Less",372797.12,138,2701.43,508.69,4998.32
Furniture,Pepperfry,Senior Salesperson,Golden Hour Bargains,456701.19,168,2718.46,511.16,4963.54
Furniture,Pepperfry,Senior Salesperson,Green Weekend Deals,392045.61,142,2760.88,523.33,4996.89
Furniture,Pepperfry,Senior Salesperson,Happy Hour Discounts,497090.04,164,3031.04,511.00,4955.87
Furniture,Pepperfry,Senior Salesperson,Holiday Shopping Rush,438069.25,160,2737.93,579.52,4989.06
Furniture,Pepperfry,Senior Salesperson,Hot Picks Promo,426264.70,152,2804.37,526.96,4992.88
Furniture,Pepperfry,Senior Salesperson,Instant Gratification Sale,450267.01,158,2849.79,532.54,4978.07
Furniture,Pepperfry,Senior Salesperson,Limited Time Treasures,418541.21,154,2717.80,505.62,4971.23
Furniture,Pepperfry,Senior Salesperson,Loyalty Rewards Blast,336615.54,133,2530.94,506.46,4997.60
Furniture,Pepperfry,Senior Salesperson,Mega Weekend Bonanza,450049.50,155,2903.55,516.08,4907.74
Furniture,Pepperfry,Senior Salesperson,Mid-Year Madness,461285.58,167,2762.19,518.75,4987.96
Furniture,Pepperfry,Senior Salesperson,Midnight Madness,444713.70,159,2796.94,540.58,4998.12
Furniture,Pepperfry,Senior Salesperson,Mystery Discount Days,418765.27,155,2701.71,519.89,4955.39
Furniture,Pepperfry,Senior Salesperson,New Arrival Showcase,460299.10,169,2723.66,532.89,4998.89
Furniture,Pepperfry,Senior Salesperson,New Product Launch Promo,398691.11,149,2675.78,500.59,4934.19
Furniture,Pepperfry,Senior Salesperson,New Year Kickoff,388036.31,146,2657.78,508.25,4994.30
Furniture,Pepperfry,Senior Salesperson,Price Drop Parade,428318.35,160,2676.99,515.78,4946.69
Furniture,Pepperfry,Senior Salesperson,Red Tag Clearance,357200.77,134,2665.68,503.92,4959.26
Furniture,Pepperfry,Senior Salesperson,Seasonal Surprise Box,477839.93,163,2931.53,551.60,4998.54
Furniture,Pepperfry,Senior Salesperson,Shop & Save Spectacular,365971.50,133,2751.67,532.02,4976.95
Furniture,Pepperfry,Senior Salesperson,Smart Shopper Week,449855.91,154,2921.14,517.06,4936.39
Furniture,Pepperfry,Senior Salesperson,Spring Refresh Event,462927.37,171,2707.18,500.36,4937.58
Furniture,Pepperfry,Senior Salesperson,Spring Splash Discounts,402197.26,150,2681.32,688.76,4998.36
Furniture,Pepperfry,Senior Salesperson,Summer Sizzle Promo,436610.47,152,2872.44,507.30,4943.96
Furniture,Pepperfry,Senior Salesperson,Super Savings Week,448838.66,159,2822.88,548.65,4956.80
Furniture,Pepperfry,Senior Salesperson,Ultimate Value Event,331747.55,126,2632.92,517.68,4979.40
Furniture,Pepperfry,Senior Salesperson,VIP Access Sale,423511.96,166,2551.28,506.42,4918.79
Furniture,Pepperfry,Senior Salesperson,Weekend Warrior Specials,404837.42,152,2663.40,552.32,4988.54
Furniture,Pepperfry,Senior Salesperson,Winter Clearance Carnival,419728.83,165,2543.81,531.86,4941.16
Furniture,Pepperfry,Senior Salesperson,Winter Wonders Sale,419882.98,142,2956.92,581.88,4995.39
Furniture,Urban Ladder,Manager,12 Days of Deals,474282.01,174,2725.76,502.44,4906.00
Furniture,Urban Ladder,Manager,Autumn Deals Drive,454030.98,173,2624.46,513.29,4994.21
Furniture,Urban Ladder,Manager,BOGO Blitz,495962.69,180,2755.35,505.47,4990.46
Furniture,Urban Ladder,Manager,Back to School Boost,409610.19,160,2560.06,518.90,4988.37
Furniture,Urban Ladder,Manager,Birthday Bash Sale,444973.60,159,2798.58,512.40,4910.59
Furniture,Urban Ladder,Manager,Black Friday Blowout,442693.01,161,2749.65,520.45,4981.67
Furniture,Urban Ladder,Manager,Cart Crasher Campaign,443565.39,165,2688.28,503.66,4994.60
Furniture,Urban Ladder,Manager,Cashback Carnival,470008.95,177,2655.42,538.91,4999.14
Furniture,Urban Ladder,Manager,Clearance Countdown,489813.08,176,2783.03,525.08,4974.11
Furniture,Urban Ladder,Manager,Countdown to Savings,447974.76,164,2731.55,516.93,4989.47
Furniture,Urban Ladder,Manager,Customer Appreciation Week,443708.97,167,2656.94,510.46,4988.63
Furniture,Urban Ladder,Manager,Cyber Monday Mania,472813.61,165,2865.54,541.91,4990.19
Furniture,Urban Ladder,Manager,Deal of the Month,534528.20,191,2798.58,515.03,4999.11
Furniture,Urban Ladder,Manager,Double Points Bonanza,473446.53,172,2752.60,500.57,4993.12
Furniture,Urban Ladder,Manager,Early Bird Specials,397979.40,155,2567.61,550.25,4915.05
Furniture,Urban Ladder,Manager,End of Season Sale,447724.98,160,2798.28,512.45,4962.83
Furniture,Urban Ladder,Manager,Exclusive Insider Offers,458648.91,159,2884.58,543.79,4974.56
Furniture,Urban Ladder,Manager,Festive Fever Promo,443431.35,172,2578.09,500.07,4987.04
Furniture,Urban Ladder,Manager,Final Call Frenzy,430618.11,153,2814.50,502.39,4933.43
Furniture,Urban Ladder,Manager,Flash Frenzy Friday,486467.88,180,2702.60,503.14,4977.76
Furniture,Urban Ladder,Manager,"Gift More, Spend Less",525027.03,187,2807.63,530.54,4928.30
Furniture,Urban Ladder,Manager,Golden Hour Bargains,410355.05,153,2682.06,552.47,4999.31
Furniture,Urban Ladder,Manager,Green Weekend Deals,430730.47,156,2761.09,504.20,4996.26
Furniture,Urban Ladder,Manager,Happy Hour Discounts,410848.74,151,2720.85,565.45,4980.92
Furniture,Urban Ladder,Manager,Holiday Shopping Rush,403366.22,146,2762.78,523.84,4983.44
Furniture,Urban Ladder,Manager,Hot Picks Promo,459005.26,177,2593.25,502.87,4992.39
Furniture,Urban Ladder,Manager,Instant Gratification Sale,478311.66,175,2733.21,519.80,4995.20
Furniture,Urban Ladder,Manager,Limited Time Treasures,456646.67,161,2836.31,508.15,4981.63
Furniture,Urban Ladder,Manager,Loyalty Rewards Blast,503120.63,176,2858.64,554.50,4967.59
Furniture,Urban Ladder,Manager,Mega Weekend Bonanza,432711.78,175,2472.64,518.64,4961.40
Furniture,Urban Ladder,Manager,Mid-Year Madness,430619.99,166,2594.10,524.03,4986.89
Furniture,Urban Ladder,Manager,Midnight Madness,462541.44,164,2820.37,512.52,4986.82
Furniture,Urban Ladder,Manager,Mystery Discount Days,427574.35,161,2655.74,540.55,4986.24
Furniture,Urban Ladder,Manager,New Arrival Showcase,452161.93,160,2826.01,519.12,4946.72
Furniture,Urban Ladder,Manager,New Product Launch Promo,488871.75,184,2656.91,511.19,4930.03
Furniture,Urban Ladder,Manager,New Year Kickoff,454814.97,177,2569.58,502.12,4990.45
Furniture,Urban Ladder,Manager,Price Drop Parade,464432.16,165,2814.74,517.69,4985.49
Furniture,Urban Ladder,Manager,Red Tag Clearance,467482.01,168,2782.63,517.96,4989.74
Furniture,Urban Ladder,Manager,Seasonal Surprise Box,453228.73,168,2697.79,512.82,4883.68
Furniture,Urban Ladder,Manager,Shop & Save Spectacular,442134.92,164,2695.94,504.91,4923.56
Furniture,Urban Ladder,Manager,Smart Shopper Week,474929.80,159,2986.98,500.56,4987.03
Furniture,Urban Ladder,Manager,Spring Refresh Event,453691.37,170,2668.77,505.62,4957.18
Furniture,Urban Ladder,Manager,Spring Splash Discounts,433228.13,155,2795.02,533.15,4989.67
Furniture,Urban Ladder,Manager,Summer Sizzle Promo,538111.18,189,2847.15,593.30,4964.62
Furniture,Urban Ladder,Manager,Super Savings Week,499780.18,177,2823.62,500.70,4994.43
Furniture,Urban Ladder,Manager,Ultimate Value Event,448697.27,157,2857.94,527.82,4969.68
Furniture,Urban Ladder,Manager,VIP Access Sale,436826.15,157,2782.33,512.62,4985.27
Furniture,Urban Ladder,Manager,Weekend Warrior Specials,449390.27,152,2956.51,511.76,4965.69
Furniture,Urban Ladder,Manager,Winter Clearance Carnival,433863.89,170,2552.14,510.72,4993.18
Furniture,Urban Ladder,Manager,Winter Wonders Sale,420223.71,156,2693.74,512.61,4941.88
Furniture,Urban Ladder,Sales Associate,12 Days of Deals,468500.14,166,2822.29,555.80,4974.34
Furniture,Urban Ladder,Sales Associate,Autumn Deals Drive,460001.24,162,2839.51,525.05,4958.56
Furniture,Urban Ladder,Sales Associate,BOGO Blitz,512596.37,190,2697.88,549.16,4972.69
Furniture,Urban Ladder,Sales Associate,Back to School Boost,429715.35,154,2790.36,514.02,4973.23
Furniture,Urban Ladder,Sales Associate,Birthday Bash Sale,459177.21,177,2594.22,501.84,4989.44
Furniture,Urban Ladder,Sales Associate,Black Friday Blowout,453193.61,168,2697.58,507.23,4941.78
Furniture,Urban Ladder,Sales Associate,Cart Crasher Campaign,441730.12,158,2795.76,549.68,4978.75
Furniture,Urban Ladder,Sales Associate,Cashback Carnival,423642.56,162,2615.08,502.45,4997.15
Furniture,Urban Ladder,Sales Associate,Clearance Countdown,493751.67,181,2727.91,507.62,4973.64
Furniture,Urban Ladder,Sales Associate,Countdown to Savings,384542.30,144,2670.43,556.44,4979.96
Furniture,Urban Ladder,Sales Associate,Customer Appreciation Week,438814.30,159,2759.84,501.28,4940.14
Furniture,Urban Ladder,Sales Associate,Cyber Monday Mania,531617.44,185,2873.61,566.44,4980.84
Furniture,Urban Ladder,Sales Associate,Deal of the Month,509188.57,190,2679.94,526.05,4979.19
Furniture,Urban Ladder,Sales Associate,Double Points Bonanza,521250.33,187,2787.43,512.14,4955.59
Furniture,Urban Ladder,Sales Associate,Early Bird Specials,472132.86,169,2793.69,519.18,4975.68
Furniture,Urban Ladder,Sales Associate,End of Season Sale,563945.46,194,2906.94,518.17,4989.65
Furniture,Urban Ladder,Sales Associate,Exclusive Insider Offers,515499.71,195,2643.59,523.65,4970.97
Furniture,Urban Ladder,Sales Associate,Festive Fever Promo,513207.31,176,2915.95,502.37,4976.00
Furniture,Urban Ladder,Sales Associate,Final Call Frenzy,489735.83,185,2647.22,504.15,4963.21
Furniture,Urban Ladder,Sales Associate,Flash Frenzy Friday,515088.20,192,2682.75,547.66,4946.00
Furniture,Urban Ladder,Sales Associate,"Gift More, Spend Less",529218.50,187,2830.05,511.64,4983.56
Furniture,Urban Ladder,Sales Associate,Golden Hour Bargains,483217.15,165,2928.59,506.16,4997.28
Furniture,Urban Ladder,Sales Associate,Green Weekend Deals,420328.40,162,2594.62,505.86,4959.85
Furniture,Urban Ladder,Sales Associate,Happy Hour Discounts,439971.53,162,2715.87,538.10,4996.65
Furniture,Urban Ladder,Sales Associate,Holiday Shopping Rush,558389.39,197,2834.46,502.02,4989.87
Furniture,Urban Ladder,Sales Associate,Hot Picks Promo,494210.65,184,2685.93,526.55,4995.82
Furniture,Urban Ladder,Sales Associate,Instant Gratification Sale,414992.27,146,2842.41,641.47,4934.11
Furniture,Urban Ladder,Sales Associate,Limited Time Treasures,565482.41,192,2945.22,505.63,4999.59
Furniture,Urban Ladder,Sales Associate,Loyalty Rewards Blast,438894.94,169,2597.01,533.09,4998.17
Furniture,Urban Ladder,Sales Associate,Mega Weekend Bonanza,418826.23,150,2792.17,514.45,4969.19
Furniture,Urban Ladder,Sales Associate,Mid-Year Madness,465488.34,170,2738.17,570.79,4983.50
Furniture,Urban Ladder,Sales Associate,Midnight Madness,545211.43,194,2810.37,536.99,4924.45
Furniture,Urban Ladder,Sales Associate,Mystery Discount Days,525822.21,182,2889.13,518.40,4960.87
Furniture,Urban Ladder,Sales Associate,New Arrival Showcase,502656.27,180,2792.53,521.56,4947.54
Furniture,Urban Ladder,Sales Associate,New Product Launch Promo,455613.61,170,2680.08,507.93,4999.22
Furniture,Urban Ladder,Sales Associate,New Year Kickoff,478419.79,168,2847.74,510.88,4998.26
Furniture,Urban Ladder,Sales Associate,Price Drop Parade,433977.12,170,2552.81,522.55,4970.12
Furniture,Urban Ladder,Sales Associate,Red Tag Clearance,433746.08,163,2661.02,511.21,4942.90
Furniture,Urban Ladder,Sales Associate,Seasonal Surprise Box,549252.51,194,2831.20,519.55,4996.98
Furniture,Urban Ladder,Sales Associate,Shop & Save Spectacular,540845.09,204,2651.20,522.23,4960.60
Furniture,Urban Ladder,Sales Associate,Smart Shopper Week,465146.46,164,2836.26,502.36,4951.40
Furniture,Urban Ladder,Sales Associate,Spring Refresh Event,457577.58,168,2723.68,519.15,4999.58
Furniture,Urban Ladder,Sales Associate,Spring Splash Discounts,528398.96,187,2825.66,515.63,4974.77
Furniture,Urban Ladder,Sales Associate,Summer Sizzle Promo,509845.24,191,2669.35,517.24,4975.46
Furniture,Urban Ladder,Sales Associate,Super Savings Week,533321.37,174,3065.07,538.95,4997.19
Furniture,Urban Ladder,Sales Associate,Ultimate Value Event,447178.93,159,2812.45,501.69,4971.96
Furniture,Urban Ladder,Sales Associate,VIP Access Sale,450632.95,171,2635.28,525.71,4951.50
Furniture,Urban Ladder,Sales Associate,Weekend Warrior Specials,517752.03,186,2783.61,537.49,4991.81
Furniture,Urban Ladder,Sales Associate,Winter Clearance Carnival,436063.99,164,2658.93,509.43,4998.82
Furniture,Urban Ladder,Sales Associate,Winter Wonders Sale,547518.34,207,2645.02,567.25,4952.83
Furniture,Urban Ladder,Salesperson,12 Days of Deals,459473.95,156,2945.35,504.24,4873.06
Furniture,Urban Ladder,Salesperson,Autumn Deals Drive,494539.52,179,2762.79,546.05,4976.85
Furniture,Urban Ladder,Salesperson,BOGO Blitz,466087.12,177,2633.26,511.15,4986.09
Furniture,Urban Ladder,Salesperson,Back to School Boost,543333.91,189,2874.78,506.98,4996.70
Furniture,Urban Ladder,Salesperson,Birthday Bash Sale,512200.60,180,2845.56,513.44,4996.86
Furniture,Urban Ladder,Salesperson,Black Friday Blowout,530741.62,182,2916.16,546.69,4974.48
Furniture,Urban Ladder,Salesperson,Cart Crasher Campaign,487889.99,187,2609.04,514.35,4982.54
Furniture,Urban Ladder,Salesperson,Cashback Carnival,454766.28,159,2860.17,556.95,4999.62
Furniture,Urban Ladder,Salesperson,Clearance Countdown,471188.24,153,3079.66,534.77,4979.50
Furniture,Urban Ladder,Salesperson,Countdown to Savings,489258.74,190,2575.05,527.22,4986.67
Furniture,Urban Ladder,Salesperson,Customer Appreciation Week,514777.30,184,2797.70,520.37,4971.48
Furniture,Urban Ladder,Salesperson,Cyber Monday Mania,512521.62,180,2847.34,559.61,4960.71
Furniture,Urban Ladder,Salesperson,Deal of the Month,511668.46,185,2765.78,543.62,4985.15
Furniture,Urban Ladder,Salesperson,Double Points Bonanza,420167.90,153,2746.20,508.58,4986.14
Furniture,Urban Ladder,Salesperson,Early Bird Specials,440568.25,161,2736.45,503.43,4926.46
Furniture,Urban Ladder,Salesperson,End of Season Sale,483103.62,174,2776.46,509.93,4944.26
Furniture,Urban Ladder,Salesperson,Exclusive Insider Offers,456564.45,166,2750.39,536.95,4966.55
Furniture,Urban Ladder,Salesperson,Festive Fever Promo,400160.59,161,2485.47,509.05,4981.46
Furniture,Urban Ladder,Salesperson,Final Call Frenzy,528098.70,192,2750.51,501.06,4997.58
Furniture,Urban Ladder,Salesperson,Flash Frenzy Friday,407275.08,143,2848.08,553.91,4995.63
Furniture,Urban Ladder,Salesperson,"Gift More, Spend Less",500514.76,171,2926.99,507.61,4994.85
Furniture,Urban Ladder,Salesperson,Golden Hour Bargains,440447.62,157,2805.40,517.42,4995.50
Furniture,Urban Ladder,Salesperson,Green Weekend Deals,543803.40,195,2788.74,502.15,4977.30
Furniture,Urban Ladder,Salesperson,Happy Hour Discounts,519180.16,186,2791.29,511.43,4974.37
Furniture,Urban Ladder,Salesperson,Holiday Shopping Rush,456974.42,163,2803.52,582.41,4984.48
Furniture,Urban Ladder,Salesperson,Hot Picks Promo,445321.84,165,2698.92,537.81,4986.19
Furniture,Urban Ladder,Salesperson,Instant Gratification Sale,506226.72,184,2751.23,503.70,4994.07
Furniture,Urban Ladder,Salesperson,Limited Time Treasures,442319.69,159,2781.88,500.34,4997.33
Furniture,Urban Ladder,Salesperson,Loyalty Rewards Blast,450844.76,177,2547.15,519.34,4908.37
Furniture,Urban Ladder,Salesperson,Mega Weekend Bonanza,503864.67,181,2783.78,507.73,4956.78
Furniture,Urban Ladder,Salesperson,Mid-Year Madness,473961.21,177,2677.75,517.19,4995.47
Furniture,Urban Ladder,Salesperson,Midnight Madness,507748.91,183,2774.58,504.51,4952.26
Furniture,Urban Ladder,Salesperson,Mystery Discount Days,502241.73,171,2937.09,574.06,4985.92
Furniture,Urban Ladder,Salesperson,New Arrival Showcase,457145.80,160,2857.16,515.29,4993.66
Furniture,Urban Ladder,Salesperson,New Product Launch Promo,523408.70,188,2784.09,514.36,4974.55
Furniture,Urban Ladder,Salesperson,New Year Kickoff,474414.06,163,2910.52,516.44,4975.31
Furniture,Urban Ladder,Salesperson,Price Drop Parade,444810.49,157,2833.19,527.07,4989.67
Furniture,Urban Ladder,Salesperson,Red Tag Clearance,454374.47,175,2596.43,524.98,4941.39
Furniture,Urban Ladder,Salesperson,Seasonal Surprise Box,491932.34,182,2702.92,508.05,4976.82
Furniture,Urban Ladder,Salesperson,Shop & Save Spectacular,496034.40,181,2740.52,537.15,4990.61
Furniture,Urban Ladder,Salesperson,Smart Shopper Week,445211.55,154,2890.98,610.87,4996.17
Furniture,Urban Ladder,Salesperson,Spring Refresh Event,416355.34,156,2668.94,519.56,4978.85
Furniture,Urban Ladder,Salesperson,Spring Splash Discounts,535016.05,199,2688.52,502.65,4996.37
Furniture,Urban Ladder,Salesperson,Summer Sizzle Promo,491207.87,178,2759.59,522.40,4988.83
Furniture,Urban Ladder,Salesperson,Super Savings Week,467315.72,175,2670.38,506.49,4989.51
Furniture,Urban Ladder,Salesperson,Ultimate Value Event,517920.23,172,3011.16,551.58,4989.35
Furniture,Urban Ladder,Salesperson,VIP Access Sale,532715.73,183,2911.01,562.69,4987.04
Furniture,Urban Ladder,Salesperson,Weekend Warrior Specials,531479.63,185,2872.86,501.38,4997.30
Furniture,Urban Ladder,Salesperson,Winter Clearance Carnival,525457.91,174,3019.87,528.22,4973.40
Furniture,Urban Ladder,Salesperson,Winter Wonders Sale,567626.73,194,2925.91,514.12,4997.81
Furniture,Urban Ladder,Senior Salesperson,12 Days of Deals,467191.61,162,2883.90,517.13,4932.19
Furniture,Urban Ladder,Senior Salesperson,Autumn Deals Drive,372363.19,129,2886.54,513.05,4950.83
Furniture,Urban Ladder,Senior Salesperson,BOGO Blitz,416699.38,162,2572.22,506.07,4964.98
Furniture,Urban Ladder,Senior Salesperson,Back to School Boost,411772.40,155,2656.60,548.34,4980.30
Furniture,Urban Ladder,Senior Salesperson,Birthday Bash Sale,379030.46,134,2828.59,505.39,4969.68
Furniture,Urban Ladder,Senior Salesperson,Black Friday Blowout,460697.09,166,2775.28,535.42,4999.88
Furniture,Urban Ladder,Senior Salesperson,Cart Crasher Campaign,383259.03,152,2521.44,520.50,4979.28
Furniture,Urban Ladder,Senior Salesperson,Cashback Carnival,344586.58,133,2590.88,513.56,4916.82
Furniture,Urban Ladder,Senior Salesperson,Clearance Countdown,397638.63,149,2668.72,528.08,4992.50
Furniture,Urban Ladder,Senior Salesperson,Countdown to Savings,348860.03,136,2565.15,534.00,4978.44
Furniture,Urban Ladder,Senior Salesperson,Customer Appreciation Week,340665.41,132,2580.80,514.26,4955.41
Furniture,Urban Ladder,Senior Salesperson,Cyber Monday Mania,386572.25,150,2577.15,557.71,4990.17
Furniture,Urban Ladder,Senior Salesperson,Deal of the Month,478887.43,169,2833.65,513.90,4976.52
Furniture,Urban Ladder,Senior Salesperson,Double Points Bonanza,408743.75,141,2898.89,511.48,4955.98
Furniture,Urban Ladder,Senior Salesperson,Early Bird Specials,399306.42,140,2852.19,508.32,4985.13
Furniture,Urban Ladder,Senior Salesperson,End of Season Sale,407920.30,152,2683.69,525.90,4986.18
Furniture,Urban Ladder,Senior Salesperson,Exclusive Insider Offers,390233.96,151,2584.33,511.93,4989.04
Furniture,Urban Ladder,Senior Salesperson,Festive Fever Promo,360305.14,142,2537.36,520.73,4991.65
Furniture,Urban Ladder,Senior Salesperson,Final Call Frenzy,403240.03,145,2780.97,536.40,4970.13
Furniture,Urban Ladder,Senior Salesperson,Flash Frenzy Friday,458465.61,173,2650.09,502.44,4951.36
Furniture,Urban Ladder,Senior Salesperson,"Gift More, Spend Less",471023.71,164,2872.10,510.14,4966.46
Furniture,Urban Ladder,Senior Salesperson,Golden Hour Bargains,440559.24,151,2917.61,524.42,4956.05
Furniture,Urban Ladder,Senior Salesperson,Green Weekend Deals,452372.97,169,2676.76,509.75,4995.24
Furniture,Urban Ladder,Senior Salesperson,Happy Hour Discounts,422008.35,150,2813.39,521.26,4997.56
Furniture,Urban Ladder,Senior Salesperson,Holiday Shopping Rush,378260.77,128,2955.16,583.45,4989.08
Furniture,Urban Ladder,Senior Salesperson,Hot Picks Promo,489785.90,175,2798.78,516.46,4997.23
Furniture,Urban Ladder,Senior Salesperson,Instant Gratification Sale,435473.58,155,2809.51,505.46,4995.76
Furniture,Urban Ladder,Senior Salesperson,Limited Time Treasures,418676.28,148,2828.89,503.33,4968.61
Furniture,Urban Ladder,Senior Salesperson,Loyalty Rewards Blast,374338.19,135,2772.88,601.62,4976.53
Furniture,Urban Ladder,Senior Salesperson,Mega Weekend Bonanza,402222.68,147,2736.21,504.49,4972.66
Furniture,Urban Ladder,Senior Salesperson,Mid-Year Madness,381675.69,146,2614.22,501.87,4997.34
Furniture,Urban Ladder,Senior Salesperson,Midnight Madness,488744.44,170,2874.97,561.50,4992.67
Furniture,Urban Ladder,Senior Salesperson,Mystery Discount Days,454913.49,159,2861.09,508.84,4995.72
Furniture,Urban Ladder,Senior Salesperson,New Arrival Showcase,398075.44,147,2708.00,545.50,4989.98
Furniture,Urban Ladder,Senior Salesperson,New Product Launch Promo,402037.31,148,2716.47,500.98,4976.55
Furniture,Urban Ladder,Senior Salesperson,New Year Kickoff,429798.31,167,2573.64,518.38,4989.93
Furniture,Urban Ladder,Senior Salesperson,Price Drop Parade,463183.94,162,2859.16,504.00,4954.46
Furniture,Urban Ladder,Senior Salesperson,Red Tag Clearance,417037.30,149,2798.91,501.29,4999.64
Furniture,Urban Ladder,Senior Salesperson,Seasonal Surprise Box,418518.94,142,2947.32,598.06,4973.70
Furniture,Urban Ladder,Senior Salesperson,Shop & Save Spectacular,390388.88,138,2828.90,537.34,4973.80
Furniture,Urban Ladder,Senior Salesperson,Smart Shopper Week,496249.67,180,2756.94,553.99,4986.18
Furniture,Urban Ladder,Senior Salesperson,Spring Refresh Event,379468.29,138,2749.77,532.31,4944.13
Furniture,Urban Ladder,Senior Salesperson,Spring Splash Discounts,447128.99,157,2847.96,538.76,4973.77
Furniture,Urban Ladder,Senior Salesperson,Summer Sizzle Promo,346872.80,135,2569.43,546.91,4990.61
Furniture,Urban Ladder,Senior Salesperson,Super Savings Week,441853.17,147,3005.80,540.00,4982.89
Furniture,Urban Ladder,Senior Salesperson,Ultimate Value Event,356308.53,133,2679.01,566.03,4978.65
Furniture,Urban Ladder,Senior Salesperson,VIP Access Sale,382512.73,134,2854.57,524.32,4995.75
Furniture,Urban Ladder,Senior Salesperson,Weekend Warrior Specials,389404.96,147,2649.01,521.83,4904.31
Furniture,Urban Ladder,Senior Salesperson,Winter Clearance Carnival,443453.97,155,2860.99,516.64,4839.91
Furniture,Urban Ladder,Senior Salesperson,Winter Wonders Sale,338906.95,120,2824.22,500.29,4917.97
Groceries,Amul,Manager,12 Days of Deals,416637.25,153,2723.12,509.79,4979.03
Groceries,Amul,Manager,Autumn Deals Drive,412219.14,158,2608.98,515.60,4945.68
Groceries,Amul,Manager,BOGO Blitz,484563.37,173,2800.94,540.75,4976.91
Groceries,Amul,Manager,Back to School Boost,440673.54,166,2654.66,510.22,4903.52
Groceries,Amul,Manager,Birthday Bash Sale,410276.18,157,2613.22,504.89,4991.73
Groceries,Amul,Manager,Black Friday Blowout,400926.49,160,2505.79,573.19,4866.15
Groceries,Amul,Manager,Cart Crasher Campaign,434359.47,153,2838.95,511.33,4979.93
Groceries,Amul,Manager,Cashback Carnival,481329.49,170,2831.35,504.64,4990.08
Groceries,Amul,Manager,Clearance Countdown,406042.49,152,2671.33,512.75,4988.53
Groceries,Amul,Manager,Countdown to Savings,504849.85,176,2868.47,613.95,4996.12
Groceries,Amul,Manager,Customer Appreciation Week,467572.18,169,2766.70,523.23,4961.65
Groceries,Amul,Manager,Cyber Monday Mania,458495.61,176,2605.09,524.94,4964.74
Groceries,Amul,Manager,Deal of the Month,384495.97,151,2546.33,531.31,4993.79
Groceries,Amul,Manager,Double Points Bonanza,454691.01,162,2806.73,535.24,4978.48
Groceries,Amul,Manager,Early Bird Specials,484048.18,173,2797.97,506.59,4998.19
Groceries,Amul,Manager,End of Season Sale,400293.85,152,2633.51,523.20,4992.97
Groceries,Amul,Manager,Exclusive Insider Offers,391395.81,146,2680.79,551.99,4955.25
Groceries,Amul,Manager,Festive Fever Promo,405165.40,153,2648.14,502.30,4958.72
Groceries,Amul,Manager,Final Call Frenzy,484437.54,182,2661.74,530.48,4981.71
Groceries,Amul,Manager,Flash Frenzy Friday,449091.21,159,2824.47,505.72,4965.48
Groceries,Amul,Manager,"Gift More, Spend Less",486255.37,188,2586.46,513.65,4948.57
Groceries,Amul,Manager,Golden Hour Bargains,410864.44,159,2584.05,547.43,4987.95
Groceries,Amul,Manager,Green Weekend Deals,518380.68,173,2996.42,523.59,4990.34
Groceries,Amul,Manager,Happy Hour Discounts,542580.76,188,2886.07,515.77,4994.07
Groceries,Amul,Manager,Holiday Shopping Rush,504303.53,180,2801.69,519.79,4940.74
Groceries,Amul,Manager,Hot Picks Promo,476077.44,171,2784.08,594.17,4970.14
Groceries,Amul,Manager,Instant Gratification Sale,453789.58,174,2607.99,538.21,4994.91
Groceries,Amul,Manager,Limited Time Treasures,487787.45,162,3011.03,538.99,4950.48
Groceries,Amul,Manager,Loyalty Rewards Blast,498645.70,181,2754.95,542.92,4983.94
Groceries,Amul,Manager,Mega Weekend Bonanza,504150.47,181,2785.36,536.58,4937.05
Groceries,Amul,Manager,Mid-Year Madness,457597.44,166,2756.61,517.69,4935.73
Groceries,Amul,Manager,Midnight Madness,457441.43,169,2706.75,514.61,4925.03
Groceries,Amul,Manager,Mystery Discount Days,489066.83,175,2794.67,501.42,4987.59
Groceries,Amul,Manager,New Arrival Showcase,462996.40,165,2806.04,514.01,4991.21
Groceries,Amul,Manager,New Product Launch Promo,436014.29,163,2674.93,515.13,4998.84
Groceries,Amul,Manager,New Year Kickoff,456279.98,168,2715.95,515.94,4995.56
Groceries,Amul,Manager,Price Drop Parade,441305.92,162,2724.11,501.52,4961.06
Groceries,Amul,Manager,Red Tag Clearance,456847.44,175,2610.56,538.57,4977.83
Groceries,Amul,Manager,Seasonal Surprise Box,419524.94,147,2853.91,608.98,4989.05
Groceries,Amul,Manager,Shop & Save Spectacular,446081.39,169,2639.53,571.28,4965.46
Groceries,Amul,Manager,Smart Shopper Week,487239.66,174,2800.23,539.28,4993.24
Groceries,Amul,Manager,Spring Refresh Event,489839.98,171,2864.56,557.26,4926.83
Groceries,Amul,Manager,Spring Splash Discounts,492295.67,181,2719.87,531.39,4952.07
Groceries,Amul,Manager,Summer Sizzle Promo,477538.51,177,2697.96,503.45,4958.77
Groceries,Amul,Manager,Super Savings Week,460415.45,167,2756.98,505.59,4998.98
Groceries,Amul,Manager,Ultimate Value Event,474766.55,163,2912.68,500.47,4976.08
Groceries,Amul,Manager,VIP Access Sale,482310.32,180,2679.50,506.56,4972.70
Groceries,Amul,Manager,Weekend Warrior Specials,422619.53,160,2641.37,514.24,4983.71
Groceries,Amul,Manager,Winter Clearance Carnival,423191.40,155,2730.27,504.18,4959.55
Groceries,Amul,Manager,Winter Wonders Sale,466955.91,177,2638.17,530.70,4970.36
Groceries,Amul,Sales Associate,12 Days of Deals,517657.72,186,2783.11,512.19,4998.04
Groceries,Amul,Sales Associate,Autumn Deals Drive,551054.10,194,2840.49,528.74,4988.50
Groceries,Amul,Sales Associate,BOGO Blitz,442501.69,160,2765.64,508.02,4914.64
Groceries,Amul,Sales Associate,Back to School Boost,464019.52,176,2636.47,626.08,4971.31
Groceries,Amul,Sales Associate,Birthday Bash Sale,444017.86,159,2792.57,508.14,4929.63
Groceries,Amul,Sales Associate,Black Friday Blowout,483087.71,179,2698.81,528.01,4976.63
Groceries,Amul,Sales Associate,Cart Crasher Campaign,525265.94,185,2839.28,503.17,4973.11
Groceries,Amul,Sales Associate,Cashback Carnival,492595.70,180,2736.64,507.41,4981.24
Groceries,Amul,Sales Associate,Clearance Countdown,601903.16,210,2866.21,521.65,4996.54
Groceries,Amul,Sales Associate,Countdown to Savings,478800.85,165,2901.82,525.99,4972.19
Groceries,Amul,Sales Associate,Customer Appreciation Week,463155.63,166,2790.09,536.15,4950.72
Groceries,Amul,Sales Associate,Cyber Monday Mania,510162.88,192,2657.10,504.57,4984.13
Groceries,Amul,Sales Associate,Deal of the Month,456145.36,166,2747.86,507.49,4951.40
Groceries,Amul,Sales Associate,Double Points Bonanza,443668.63,163,2721.89,501.88,4971.99
Groceries,Amul,Sales Associate,Early Bird Specials,464557.08,178,2609.87,526.82,4975.80
Groceries,Amul,Sales Associate,End of Season Sale,456399.42,158,2888.60,533.82,4996.71
Groceries,Amul,Sales Associate,Exclusive Insider Offers,459818.33,167,2753.40,524.48,4995.02
Groceries,Amul,Sales Associate,Festive Fever Promo,451929.00,164,2755.66,586.22,4975.21
Groceries,Amul,Sales Associate,Final Call Frenzy,465124.68,171,2720.03,536.95,4957.28
Groceries,Amul,Sales Associate,Flash Frenzy Friday,483263.17,170,2842.72,501.88,4990.59
Groceries,Amul,Sales Associate,"Gift More, Spend Less",510842.30,187,2731.78,509.81,4994.74
Groceries,Amul,Sales Associate,Golden Hour Bargains,504026.56,178,2831.61,518.50,4982.52
Groceries,Amul,Sales Associate,Green Weekend Deals,433099.52,164,2640.85,500.74,4990.44
Groceries,Amul,Sales Associate,Happy Hour Discounts,424787.42,164,2590.17,532.80,4957.25
Groceries,Amul,Sales Associate,Holiday Shopping Rush,545366.58,199,2740.54,562.81,4993.00
Groceries,Amul,Sales Associate,Hot Picks Promo,452648.41,180,2514.71,538.05,4950.51
Groceries,Amul,Sales Associate,Instant Gratification Sale,490178.34,183,2678.57,501.41,4990.30
Groceries,Amul,Sales Associate,Limited Time Treasures,453716.82,168,2700.70,544.66,4922.52
Groceries,Amul,Sales Associate,Loyalty Rewards Blast,442279.32,175,2527.31,504.51,4995.73
Groceries,Amul,Sales Associate,Mega Weekend Bonanza,455857.29,160,2849.11,522.84,4955.85
Groceries,Amul,Sales Associate,Mid-Year Madness,457604.30,167,2740.15,503.67,4970.79
Groceries,Amul,Sales Associate,Midnight Madness,451880.07,168,2689.76,505.68,4978.67
Groceries,Amul,Sales Associate,Mystery Discount Days,525604.97,189,2780.98,528.84,4991.87
Groceries,Amul,Sales Associate,New Arrival Showcase,535796.55,197,2719.78,505.84,4997.29
Groceries,Amul,Sales Associate,New Product Launch Promo,495467.50,175,2831.24,660.68,4921.89
Groceries,Amul,Sales Associate,New Year Kickoff,447771.44,170,2633.95,520.12,4964.10
Groceries,Amul,Sales Associate,Price Drop Parade,416820.34,162,2572.97,508.09,4979.50
Groceries,Amul,Sales Associate,Red Tag Clearance,537566.53,191,2814.48,555.52,4932.61
Groceries,Amul,Sales Associate,Seasonal Surprise Box,449074.32,168,2673.06,529.72,4980.43
Groceries,Amul,Sales Associate,Shop & Save Spectacular,545202.49,194,2810.32,515.39,4991.95
Groceries,Amul,Sales Associate,Smart Shopper Week,501841.63,176,2851.37,535.26,4972.33
Groceries,Amul,Sales Associate,Spring Refresh Event,472861.77,164,2883.30,517.80,4974.41
Groceries,Amul,Sales Associate,Spring Splash Discounts,457730.17,163,2808.16,561.76,4986.07
Groceries,Amul,Sales Associate,Summer Sizzle Promo,427188.61,160,2669.93,506.96,4983.08
Groceries,Amul,Sales Associate,Super Savings Week,479297.50,162,2958.63,515.67,4998.75
Groceries,Amul,Sales Associate,Ultimate Value Event,504545.32,176,2866.73,550.15,4993.94
Groceries,Amul,Sales Associate,VIP Access Sale,499194.25,186,2683.84,503.17,4981.87
Groceries,Amul,Sales Associate,Weekend Warrior Specials,483175.71,182,2654.81,528.50,4994.22
Groceries,Amul,Sales Associate,Winter Clearance Carnival,547750.93,196,2794.65,520.29,4989.51
Groceries,Amul,Sales Associate,Winter Wonders Sale,465576.10,171,2722.67,538.51,4954.73
Groceries,Amul,Salesperson,12 Days of Deals,609950.39,214,2850.24,509.59,4998.30
Groceries,Amul,Salesperson,Autumn Deals Drive,435580.50,151,2884.64,502.75,4997.96
Groceries,Amul,Salesperson,BOGO Blitz,461268.55,164,2812.61,509.11,4961.20
Groceries,Amul,Salesperson,Back to School Boost,438487.96,163,2690.11,515.54,4998.07
Groceries,Amul,Salesperson,Birthday Bash Sale,488025.50,172,2837.36,557.52,4962.77
Groceries,Amul,Salesperson,Black Friday Blowout,412116.29,153,2693.57,533.67,4987.21
Groceries,Amul,Salesperson,Cart Crasher Campaign,439469.60,164,2679.69,506.65,4980.36
Groceries,Amul,Salesperson,Cashback Carnival,475360.52,182,2611.87,554.79,4959.52
Groceries,Amul,Salesperson,Clearance Countdown,538996.05,196,2749.98,527.22,4986.78
Groceries,Amul,Salesperson,Countdown to Savings,481369.14,170,2831.58,541.49,4938.26
Groceries,Amul,Salesperson,Customer Appreciation Week,425580.29,160,2659.88,501.25,4968.10
Groceries,Amul,Salesperson,Cyber Monday Mania,452321.65,164,2758.06,539.69,4996.97
Groceries,Amul,Salesperson,Deal of the Month,432461.02,158,2737.10,521.26,4987.90
Groceries,Amul,Salesperson,Double Points Bonanza,540718.08,196,2758.77,528.86,4996.36
Groceries,Amul,Salesperson,Early Bird Specials,373544.18,143,2612.20,506.38,4977.90
Groceries,Amul,Salesperson,End of Season Sale,500668.31,183,2735.89,504.05,4985.03
Groceries,Amul,Salesperson,Exclusive Insider Offers,458097.16,170,2694.69,536.96,4989.15
Groceries,Amul,Salesperson,Festive Fever Promo,454978.03,174,2614.82,520.21,4971.41
Groceries,Amul,Salesperson,Final Call Frenzy,442478.97,172,2572.55,509.79,4982.31
Groceries,Amul,Salesperson,Flash Frenzy Friday,531721.49,187,2843.43,516.77,4980.53
Groceries,Amul,Salesperson,"Gift More, Spend Less",506778.13,186,2724.61,504.23,4957.59
Groceries,Amul,Salesperson,Golden Hour Bargains,411666.30,163,2525.56,523.29,4972.31
Groceries,Amul,Salesperson,Green Weekend Deals,442160.17,165,2679.76,500.26,4985.16
Groceries,Amul,Salesperson,Happy Hour Discounts,533431.75,209,2552.31,523.44,4987.29
Groceries,Amul,Salesperson,Holiday Shopping Rush,437149.10,160,2732.18,504.65,4971.82
Groceries,Amul,Salesperson,Hot Picks Promo,407262.63,149,2733.31,547.81,4909.20
Groceries,Amul,Salesperson,Instant Gratification Sale,458159.10,173,2648.32,510.79,4953.85
Groceries,Amul,Salesperson,Limited Time Treasures,459347.31,165,2783.92,533.33,4986.97
Groceries,Amul,Salesperson,Loyalty Rewards Blast,543887.31,190,2862.56,555.45,4990.95
Groceries,Amul,Salesperson,Mega Weekend Bonanza,467440.25,161,2903.36,510.23,4968.25
Groceries,Amul,Salesperson,Mid-Year Madness,503977.69,178,2831.34,506.46,4966.74
Groceries,Amul,Salesperson,Midnight Madness,442065.28,175,2526.09,500.95,4998.10
Groceries,Amul,Salesperson,Mystery Discount Days,463625.87,165,2809.85,523.06,4974.65
Groceries,Amul,Salesperson,New Arrival Showcase,472739.63,163,2900.24,554.48,4995.23
Groceries,Amul,Salesperson,New Product Launch Promo,479106.80,180,2661.70,512.57,4994.33
Groceries,Amul,Salesperson,New Year Kickoff,487568.82,179,2723.85,536.28,4993.91
Groceries,Amul,Salesperson,Price Drop Parade,586978.20,202,2905.83,610.71,4981.26
Groceries,Amul,Salesperson,Red Tag Clearance,472630.31,170,2780.18,544.14,4949.07
Groceries,Amul,Salesperson,Seasonal Surprise Box,465946.99,182,2560.15,535.10,4954.10
Groceries,Amul,Salesperson,Shop & Save Spectacular,455837.73,162,2813.81,532.45,4986.30
Groceries,Amul,Salesperson,Smart Shopper Week,496495.26,182,2728.00,555.83,4993.62
Groceries,Amul,Salesperson,Spring Refresh Event,435268.40,159,2737.54,512.88,4962.44
Groceries,Amul,Salesperson,Spring Splash Discounts,526598.26,191,2757.06,531.96,4963.85
Groceries,Amul,Salesperson,Summer Sizzle Promo,470589.41,176,2673.80,587.40,4976.48
Groceries,Amul,Salesperson,Super Savings Week,490877.83,176,2789.08,514.94,4973.98
Groceries,Amul,Salesperson,Ultimate Value Event,472547.53,161,2935.08,569.45,4990.23
Groceries,Amul,Salesperson,VIP Access Sale,459737.57,174,2642.17,522.64,4982.39
Groceries,Amul,Salesperson,Weekend Warrior Specials,498773.43,186,2681.58,500.62,4944.06
Groceries,Amul,Salesperson,Winter Clearance Carnival,462331.52,164,2819.09,565.02,4993.64
Groceries,Amul,Salesperson,Winter Wonders Sale,478766.72,171,2799.81,505.32,4975.59
Groceries,Amul,Senior Salesperson,12 Days of Deals,410532.75,148,2773.87,507.40,4938.30
Groceries,Amul,Senior Salesperson,Autumn Deals Drive,466294.66,169,2759.14,519.35,4999.80
Groceries,Amul,Senior Salesperson,BOGO Blitz,426843.23,147,2903.70,573.39,4986.67
Groceries,Amul,Senior Salesperson,Back to School Boost,366934.88,132,2779.81,513.98,4997.33
Groceries,Amul,Senior Salesperson,Birthday Bash Sale,441471.61,161,2742.06,528.97,4978.76
Groceries,Amul,Senior Salesperson,Black Friday Blowout,407383.86,153,2662.64,505.81,4950.07
Groceries,Amul,Senior Salesperson,Cart Crasher Campaign,387790.71,139,2789.86,581.61,4947.81
Groceries,Amul,Senior Salesperson,Cashback Carnival,402166.21,147,2735.82,569.38,4960.13
Groceries,Amul,Senior Salesperson,Clearance Countdown,452516.16,150,3016.77,531.76,4970.35
Groceries,Amul,Senior Salesperson,Countdown to Savings,479727.25,177,2710.32,514.73,4978.89
Groceries,Amul,Senior Salesperson,Customer Appreciation Week,477202.28,166,2874.71,608.15,4985.65
Groceries,Amul,Senior Salesperson,Cyber Monday Mania,416609.96,153,2722.94,510.36,4941.05
Groceries,Amul,Senior Salesperson,Deal of the Month,413295.76,147,2811.54,504.17,4994.21
Groceries,Amul,Senior Salesperson,Double Points Bonanza,424316.13,162,2619.24,514.40,4954.59
Groceries,Amul,Senior Salesperson,Early Bird Specials,335104.15,127,2638.62,512.60,4918.25
Groceries,Amul,Senior Salesperson,End of Season Sale,406071.93,148,2743.73,517.26,4918.94
Groceries,Amul,Senior Salesperson,Exclusive Insider Offers,481113.30,179,2687.78,519.26,4954.76
Groceries,Amul,Senior Salesperson,Festive Fever Promo,389335.46,139,2800.97,502.25,4980.61
Groceries,Amul,Senior Salesperson,Final Call Frenzy,365129.36,139,2626.83,542.51,4994.94
Groceries,Amul,Senior Salesperson,Flash Frenzy Friday,466775.27,166,2811.90,553.89,4961.75
Groceries,Amul,Senior Salesperson,"Gift More, Spend Less",424578.78,151,2811.78,521.08,4946.94
Groceries,Amul,Senior Salesperson,Golden Hour Bargains,404054.65,151,2675.86,504.10,4984.09
Groceries,Amul,Senior Salesperson,Green Weekend Deals,467919.00,170,2752.46,517.72,4994.70
Groceries,Amul,Senior Salesperson,Happy Hour Discounts,426887.29,148,2884.37,507.68,4995.48
Groceries,Amul,Senior Salesperson,Holiday Shopping Rush,416071.31,152,2737.31,521.68,4996.88
Groceries,Amul,Senior Salesperson,Hot Picks Promo,400563.72,148,2706.51,522.20,4991.62
Groceries,Amul,Senior Salesperson,Instant Gratification Sale,403671.44,149,2709.20,524.42,4988.78
Groceries,Amul,Senior Salesperson,Limited Time Treasures,382187.93,138,2769.48,500.84,4924.07
Groceries,Amul,Senior Salesperson,Loyalty Rewards Blast,444675.70,162,2744.91,539.74,4983.03
Groceries,Amul,Senior Salesperson,Mega Weekend Bonanza,455675.49,168,2712.35,501.33,4975.12
Groceries,Amul,Senior Salesperson,Mid-Year Madness,415669.45,153,2716.79,513.32,4894.18
Groceries,Amul,Senior Salesperson,Midnight Madness,421391.79,158,2667.04,506.04,4984.38
Groceries,Amul,Senior Salesperson,Mystery Discount Days,388381.63,137,2834.90,573.30,4977.87
Groceries,Amul,Senior Salesperson,New Arrival Showcase,432881.99,161,2688.71,510.88,4961.42
Groceries,Amul,Senior Salesperson,New Product Launch Promo,409539.01,149,2748.58,539.64,4967.82
Groceries,Amul,Senior Salesperson,New Year Kickoff,354106.92,131,2703.11,540.87,4996.25
Groceries,Amul,Senior Salesperson,Price Drop Parade,371026.72,127,2921.47,558.87,4984.55
Groceries,Amul,Senior Salesperson,Red Tag Clearance,371649.44,138,2693.11,506.29,4993.78
Groceries,Amul,Senior Salesperson,Seasonal Surprise Box,381656.44,141,2706.78,525.07,4975.74
Groceries,Amul,Senior Salesperson,Shop & Save Spectacular,417708.71,156,2677.62,523.81,4990.08
Groceries,Amul,Senior Salesperson,Smart Shopper Week,464882.86,171,2718.61,514.94,4966.67
Groceries,Amul,Senior Salesperson,Spring Refresh Event,484116.79,163,2970.04,524.46,4972.47
Groceries,Amul,Senior Salesperson,Spring Splash Discounts,426309.41,158,2698.16,509.39,4957.64
Groceries,Amul,Senior Salesperson,Summer Sizzle Promo,416381.79,153,2721.45,523.97,4988.04
Groceries,Amul,Senior Salesperson,Super Savings Week,439014.75,156,2814.20,545.99,4996.48
Groceries,Amul,Senior Salesperson,Ultimate Value Event,434325.06,160,2714.53,511.06,4918.00
Groceries,Amul,Senior Salesperson,VIP Access Sale,411080.80,150,2740.54,534.12,4975.04
Groceries,Amul,Senior Salesperson,Weekend Warrior Specials,376511.38,136,2768.47,525.52,4994.19
Groceries,Amul,Senior Salesperson,Winter Clearance Carnival,387902.89,146,2656.87,527.28,4955.80
Groceries,Amul,Senior Salesperson,Winter Wonders Sale,431800.21,159,2715.72,513.51,4995.64
Groceries,Britannia,Manager,12 Days of Deals,443980.73,162,2740.62,502.31,4998.87
Groceries,Britannia,Manager,Autumn Deals Drive,523150.30,181,2890.33,582.59,4943.00
Groceries,Britannia,Manager,BOGO Blitz,422159.09,158,2671.89,536.40,4981.67
Groceries,Britannia,Manager,Back to School Boost,489660.10,182,2690.44,530.36,4974.54
Groceries,Britannia,Manager,Birthday Bash Sale,380479.32,143,2660.69,538.15,4943.92
Groceries,Britannia,Manager,Black Friday Blowout,383840.94,143,2684.20,535.53,4997.76
Groceries,Britannia,Manager,Cart Crasher Campaign,469770.41,162,2899.82,514.48,4986.06
Groceries,Britannia,Manager,Cashback Carnival,500514.77,178,2811.88,531.43,4994.46
Groceries,Britannia,Manager,Clearance Countdown,557621.19,187,2981.93,535.22,4939.15
Groceries,Britannia,Manager,Countdown to Savings,487915.35,168,2904.26,540.48,4993.99
Groceries,Britannia,Manager,Customer Appreciation Week,427702.57,156,2741.68,504.57,4997.51
Groceries,Britannia,Manager,Cyber Monday Mania,453088.74,158,2867.65,506.32,4999.83
Groceries,Britannia,Manager,Deal of the Month,434637.83,163,2666.49,524.63,4989.02
Groceries,Britannia,Manager,Double Points Bonanza,453979.68,168,2702.26,509.38,4976.69
Groceries,Britannia,Manager,Early Bird Specials,393955.68,148,2661.86,522.30,4969.89
Groceries,Britannia,Manager,End of Season Sale,469437.65,175,2682.50,521.97,4979.66
Groceries,Britannia,Manager,Exclusive Insider Offers,427330.75,157,2721.85,542.32,4964.44
Groceries,Britannia,Manager,Festive Fever Promo,440636.29,167,2638.54,507.70,4941.21
Groceries,Britannia,Manager,Final Call Frenzy,449539.15,174,2583.56,514.82,4973.99
Groceries,Britannia,Manager,Flash Frenzy Friday,375332.10,144,2606.47,517.12,4943.28
Groceries,Britannia,Manager,"Gift More, Spend Less",393280.78,148,2657.30,539.59,4977.58
Groceries,Britannia,Manager,Golden Hour Bargains,478293.46,166,2881.29,568.42,4999.21
Groceries,Britannia,Manager,Green Weekend Deals,525315.04,185,2839.54,546.13,4986.11
Groceries,Britannia,Manager,Happy Hour Discounts,392048.80,136,2882.71,584.42,4998.94
Groceries,Britannia,Manager,Holiday Shopping Rush,513544.42,183,2806.25,555.51,4996.87
Groceries,Britannia,Manager,Hot Picks Promo,465933.56,178,2617.60,597.35,4992.31
Groceries,Britannia,Manager,Instant Gratification Sale,521053.75,181,2878.75,503.33,4988.57
Groceries,Britannia,Manager,Limited Time Treasures,425618.99,156,2728.33,534.05,4970.47
Groceries,Britannia,Manager,Loyalty Rewards Blast,420452.41,158,2661.09,568.10,4989.61
Groceries,Britannia,Manager,Mega Weekend Bonanza,347466.50,139,2499.76,517.93,4980.98
Groceries,Britannia,Manager,Mid-Year Madness,464795.99,172,2702.30,512.41,4962.63
Groceries,Britannia,Manager,Midnight Madness,427398.61,161,2654.65,516.01,4938.47
Groceries,Britannia,Manager,Mystery Discount Days,477549.51,174,2744.54,500.94,4983.72
Groceries,Britannia,Manager,New Arrival Showcase,509426.38,179,2845.96,514.09,4980.17
Groceries,Britannia,Manager,New Product Launch Promo,437450.73,170,2573.24,504.86,4973.45
Groceries,Britannia,Manager,New Year Kickoff,443438.16,170,2608.46,508.27,4996.56
Groceries,Britannia,Manager,Price Drop Parade,416896.07,153,2724.81,509.15,4996.09
Groceries,Britannia,Manager,Red Tag Clearance,481409.61,174,2766.72,526.41,4992.34
Groceries,Britannia,Manager,Seasonal Surprise Box,457072.04,172,2657.40,500.56,4970.45
Groceries,Britannia,Manager,Shop & Save Spectacular,449206.98,152,2955.31,591.48,4960.30
Groceries,Britannia,Manager,Smart Shopper Week,488413.13,170,2873.02,599.99,4999.40
Groceries,Britannia,Manager,Spring Refresh Event,476888.80,166,2872.82,545.76,4988.60
Groceries,Britannia,Manager,Spring Splash Discounts,435493.51,148,2942.52,527.46,4971.19
Groceries,Britannia,Manager,Summer Sizzle Promo,461835.78,170,2716.68,523.99,4963.04
Groceries,Britannia,Manager,Super Savings Week,435553.16,159,2739.33,512.49,4990.76
Groceries,Britannia,Manager,Ultimate Value Event,465564.64,172,2706.77,518.06,4985.14
Groceries,Britannia,Manager,VIP Access Sale,443989.14,164,2707.25,500.31,4991.40
Groceries,Britannia,Manager,Weekend Warrior Specials,453609.23,166,2732.59,539.36,4981.57
Groceries,Britannia,Manager,Winter Clearance Carnival,424269.22,154,2754.99,534.65,4985.64
Groceries,Britannia,Manager,Winter Wonders Sale,453875.62,167,2717.82,505.12,4885.59
Groceries,Britannia,Sales Associate,12 Days of Deals,530866.98,200,2654.33,522.13,4969.49
Groceries,Britannia,Sales Associate,Autumn Deals Drive,559765.30,206,2717.31,563.99,4992.02
Groceries,Britannia,Sales Associate,BOGO Blitz,465514.00,160,2909.46,527.21,4979.64
Groceries,Britannia,Sales Associate,Back to School Boost,474811.18,170,2793.01,546.92,4992.48
Groceries,Britannia,Sales Associate,Birthday Bash Sale,508749.94,181,2810.77,532.60,4977.49
Groceries,Britannia,Sales Associate,Black Friday Blowout,500355.81,184,2719.33,511.36,4976.10
Groceries,Britannia,Sales Associate,Cart Crasher Campaign,472269.16,166,2844.99,559.72,4993.97
Groceries,Britannia,Sales Associate,Cashback Carnival,489685.95,186,2632.72,510.20,4978.21
Groceries,Britannia,Sales Associate,Clearance Countdown,423978.18,155,2735.34,544.77,4988.73
Groceries,Britannia,Sales Associate,Countdown to Savings,464624.26,171,2717.10,501.28,4987.78
Groceries,Britannia,Sales Associate,Customer Appreciation Week,458507.64,166,2762.09,502.48,4997.84
Groceries,Britannia,Sales Associate,Cyber Monday Mania,472624.18,182,2596.84,504.09,4953.54
Groceries,Britannia,Sales Associate,Deal of the Month,476595.76,183,2604.35,503.27,4972.57
Groceries,Britannia,Sales Associate,Double Points Bonanza,506331.65,179,2828.67,513.08,4973.65
Groceries,Britannia,Sales Associate,Early Bird Specials,484600.44,179,2707.27,508.69,4895.47
Groceries,Britannia,Sales Associate,End of Season Sale,451910.52,164,2755.55,514.59,4940.34
Groceries,Britannia,Sales Associate,Exclusive Insider Offers,452217.59,176,2569.42,504.77,4963.41
Groceries,Britannia,Sales Associate,Festive Fever Promo,441244.30,169,2610.91,533.87,4995.96
Groceries,Britannia,Sales Associate,Final Call Frenzy,460552.69,173,2662.15,509.45,4984.89
Groceries,Britannia,Sales Associate,Flash Frenzy Friday,483293.69,174,2777.55,519.19,4948.22
Groceries,Britannia,Sales Associate,"Gift More, Spend Less",494903.28,181,2734.27,511.37,4983.21
Groceries,Britannia,Sales Associate,Golden Hour Bargains,472730.74,179,2640.95,504.86,4981.31
Groceries,Britannia,Sales Associate,Green Weekend Deals,495448.00,188,2635.36,503.85,4977.17
Groceries,Britannia,Sales Associate,Happy Hour Discounts,475954.31,165,2884.57,521.08,4915.30
Groceries,Britannia,Sales Associate,Holiday Shopping Rush,463630.62,178,2604.67,531.37,4983.09
Groceries,Britannia,Sales Associate,Hot Picks Promo,471874.65,175,2696.43,503.38,4984.48
Groceries,Britannia,Sales Associate,Instant Gratification Sale,484771.46,163,2974.06,629.47,4986.68
Groceries,Britannia,Sales Associate,Limited Time Treasures,533042.65,198,2692.13,544.43,4968.45
Groceries,Britannia,Sales Associate,Loyalty Rewards Blast,479736.71,174,2757.11,558.36,4955.36
Groceries,Britannia,Sales Associate,Mega Weekend Bonanza,487680.46,172,2835.35,531.18,4994.82
Groceries,Britannia,Sales Associate,Mid-Year Madness,462096.60,172,2686.61,595.97,4914.62
Groceries,Britannia,Sales Associate,Midnight Madness,494636.44,180,2747.98,502.72,4999.95
Groceries,Britannia,Sales Associate,Mystery Discount Days,475634.05,182,2613.37,509.55,4999.16
Groceries,Britannia,Sales Associate,New Arrival Showcase,555455.54,196,2833.96,502.57,4968.88
Groceries,Britannia,Sales Associate,New Product Launch Promo,505135.40,187,2701.26,502.18,4996.19
Groceries,Britannia,Sales Associate,New Year Kickoff,402684.05,161,2501.14,522.48,4882.24
Groceries,Britannia,Sales Associate,Price Drop Parade,492680.37,169,2915.27,561.95,4975.36
Groceries,Britannia,Sales Associate,Red Tag Clearance,449101.48,168,2673.22,509.89,4962.58
Groceries,Britannia,Sales Associate,Seasonal Surprise Box,471340.75,171,2756.38,504.42,4863.78
Groceries,Britannia,Sales Associate,Shop & Save Spectacular,477932.20,178,2685.01,544.08,4973.31
Groceries,Britannia,Sales Associate,Smart Shopper Week,450446.39,168,2681.23,511.85,4996.20
Groceries,Britannia,Sales Associate,Spring Refresh Event,504156.70,181,2785.40,522.27,4995.73
Groceries,Britannia,Sales Associate,Spring Splash Discounts,449077.73,167,2689.09,506.84,4908.40
Groceries,Britannia,Sales Associate,Summer Sizzle Promo,504935.80,176,2868.95,516.31,4904.98
Groceries,Britannia,Sales Associate,Super Savings Week,434807.49,157,2769.47,507.93,4960.86
Groceries,Britannia,Sales Associate,Ultimate Value Event,457376.64,163,2805.99,511.38,4980.15
Groceries,Britannia,Sales Associate,VIP Access Sale,480981.10,178,2702.14,502.12,4971.16
Groceries,Britannia,Sales Associate,Weekend Warrior Specials,461217.13,176,2620.55,531.81,4993.10
Groceries,Britannia,Sales Associate,Winter Clearance Carnival,498540.42,182,2739.23,503.43,4992.46
Groceries,Britannia,Sales Associate,Winter Wonders Sale,431395.64,164,2630.46,538.61,4991.71
Groceries,Britannia,Salesperson,12 Days of Deals,488139.11,179,2727.03,511.79,4875.93
Groceries,Britannia,Salesperson,Autumn Deals Drive,479202.77,164,2921.97,566.11,4996.15
Groceries,Britannia,Salesperson,BOGO Blitz,540146.71,184,2935.58,566.95,4992.77
Groceries,Britannia,Salesperson,Back to School Boost,465883.91,169,2756.71,500.43,4993.04
Groceries,Britannia,Salesperson,Birthday Bash Sale,554469.01,191,2902.98,546.23,4945.14
Groceries,Britannia,Salesperson,Black Friday Blowout,414937.95,149,2784.82,554.48,4970.84
Groceries,Britannia,Salesperson,Cart Crasher Campaign,434199.52,169,2569.23,530.62,4963.19
Groceries,Britannia,Salesperson,Cashback Carnival,430655.94,159,2708.53,516.36,4995.88
Groceries,Britannia,Salesperson,Clearance Countdown,459950.48,163,2821.78,509.31,4982.62
Groceries,Britannia,Salesperson,Countdown to Savings,422212.31,162,2606.25,500.65,4993.28
Groceries,Britannia,Salesperson,Customer Appreciation Week,459805.97,167,2753.33,503.77,4990.08
Groceries,Britannia,Salesperson,Cyber Monday Mania,492437.10,184,2676.29,510.17,4970.17
Groceries,Britannia,Salesperson,Deal of the Month,465740.19,178,2616.52,548.70,4945.58
Groceries,Britannia,Salesperson,Double Points Bonanza,471598.04,177,2664.40,517.45,4996.21
Groceries,Britannia,Salesperson,Early Bird Specials,503786.71,187,2694.05,527.91,4981.70
Groceries,Britannia,Salesperson,End of Season Sale,473985.97,170,2788.15,545.80,4992.46
Groceries,Britannia,Salesperson,Exclusive Insider Offers,483089.19,180,2683.83,523.27,4985.52
Groceries,Britannia,Salesperson,Festive Fever Promo,467007.75,179,2608.98,520.41,4895.20
Groceries,Britannia,Salesperson,Final Call Frenzy,429700.02,158,2719.62,542.89,4977.61
Groceries,Britannia,Salesperson,Flash Frenzy Friday,491864.49,176,2794.68,511.49,4971.18
Groceries,Britannia,Salesperson,"Gift More, Spend Less",508855.34,183,2780.63,529.28,4988.51
Groceries,Britannia,Salesperson,Golden Hour Bargains,544472.31,193,2821.10,513.90,4999.35
Groceries,Britannia,Salesperson,Green Weekend Deals,431228.52,158,2729.29,507.87,4963.60
Groceries,Britannia,Salesperson,Happy Hour Discounts,428683.00,157,2730.46,556.53,4970.94
Groceries,Britannia,Salesperson,Holiday Shopping Rush,508832.81,187,2721.03,536.22,4993.67
Groceries,Britannia,Salesperson,Hot Picks Promo,442109.73,165,2679.45,524.13,4968.11
Groceries,Britannia,Salesperson,Instant Gratification Sale,496297.83,177,2803.94,503.24,4984.04
Groceries,Britannia,Salesperson,Limited Time Treasures,433068.49,159,2723.70,574.71,4984.48
Groceries,Britannia,Salesperson,Loyalty Rewards Blast,469908.53,170,2764.17,547.44,4993.48
Groceries,Britannia,Salesperson,Mega Weekend Bonanza,356495.98,140,2546.40,521.56,4940.57
Groceries,Britannia,Salesperson,Mid-Year Madness,453218.86,166,2730.23,554.68,4978.60
Groceries,Britannia,Salesperson,Midnight Madness,494943.27,187,2646.76,505.45,4997.76
Groceries,Britannia,Salesperson,Mystery Discount Days,468591.88,178,2632.54,513.12,4994.43
Groceries,Britannia,Salesperson,New Arrival Showcase,423681.06,158,2681.53,560.09,4996.06
Groceries,Britannia,Salesperson,New Product Launch Promo,428303.37,156,2745.53,548.15,4961.94
Groceries,Britannia,Salesperson,New Year Kickoff,466529.53,177,2635.76,577.28,4991.55
Groceries,Britannia,Salesperson,Price Drop Parade,449663.33,163,2758.67,516.53,4985.06
Groceries,Britannia,Salesperson,Red Tag Clearance,384042.15,148,2594.88,570.42,4995.93
Groceries,Britannia,Salesperson,Seasonal Surprise Box,538077.58,172,3128.36,579.03,4991.34
Groceries,Britannia,Salesperson,Shop & Save Spectacular,499549.92,179,2790.78,523.23,4972.27
Groceries,Britannia,Salesperson,Smart Shopper Week,453566.01,168,2699.80,521.96,4991.20
Groceries,Britannia,Salesperson,Spring Refresh Event,495351.15,173,2863.30,521.49,4995.72
Groceries,Britannia,Salesperson,Spring Splash Discounts,466941.37,172,2714.78,538.55,4988.22
Groceries,Britannia,Salesperson,Summer Sizzle Promo,473524.17,172,2753.05,533.97,4991.99
Groceries,Britannia,Salesperson,Super Savings Week,463342.14,170,2725.54,552.31,4966.60
Groceries,Britannia,Salesperson,Ultimate Value Event,406871.61,153,2659.29,509.73,4955.51
Groceries,Britannia,Salesperson,VIP Access Sale,496966.69,182,2730.59,510.75,4993.43
Groceries,Britannia,Salesperson,Weekend Warrior Specials,454022.59,164,2768.43,522.41,4971.96
Groceries,Britannia,Salesperson,Winter Clearance Carnival,557037.05,184,3027.38,555.67,4996.82
Groceries,Britannia,Salesperson,Winter Wonders Sale,457179.00,170,2689.29,510.84,4999.56
Groceries,Britannia,Senior Salesperson,12 Days of Deals,427062.62,149,2866.19,509.36,4953.32
Groceries,Britannia,Senior Salesperson,Autumn Deals Drive,364288.43,137,2659.04,521.41,4941.48
Groceries,Britannia,Senior Salesperson,BOGO Blitz,397225.79,151,2630.63,551.93,4995.11
Groceries,Britannia,Senior Salesperson,Back to School Boost,440226.07,153,2877.29,505.29,4996.41
Groceries,Britannia,Senior Salesperson,Birthday Bash Sale,369782.54,131,2822.77,505.10,4997.17
Groceries,Britannia,Senior Salesperson,Black Friday Blowout,415164.07,142,2923.69,543.56,4976.55
Groceries,Britannia,Senior Salesperson,Cart Crasher Campaign,410105.81,155,2645.84,524.51,4988.44
Groceries,Britannia,Senior Salesperson,Cashback Carnival,397263.33,150,2648.42,525.08,4994.46
Groceries,Britannia,Senior Salesperson,Clearance Countdown,479116.13,169,2835.01,543.96,4995.69
Groceries,Britannia,Senior Salesperson,Countdown to Savings,397141.29,156,2545.78,510.46,4970.45
Groceries,Britannia,Senior Salesperson,Customer Appreciation Week,398284.56,141,2824.71,551.33,4991.50
Groceries,Britannia,Senior Salesperson,Cyber Monday Mania,362013.69,135,2681.58,516.80,4994.43
Groceries,Britannia,Senior Salesperson,Deal of the Month,426098.34,156,2731.40,504.60,4990.87
Groceries,Britannia,Senior Salesperson,Double Points Bonanza,354099.99,140,2529.29,527.93,4951.24
Groceries,Britannia,Senior Salesperson,Early Bird Specials,445204.54,162,2748.18,521.99,4998.24
Groceries,Britannia,Senior Salesperson,End of Season Sale,435957.36,158,2759.22,503.49,4962.97
Groceries,Britannia,Senior Salesperson,Exclusive Insider Offers,459625.30,156,2946.32,515.78,4998.29
Groceries,Britannia,Senior Salesperson,Festive Fever Promo,375032.83,143,2622.61,522.53,4977.21
Groceries,Britannia,Senior Salesperson,Final Call Frenzy,381509.53,134,2847.09,553.20,4987.51
Groceries,Britannia,Senior Salesperson,Flash Frenzy Friday,426520.61,154,2769.61,513.46,4950.37
Groceries,Britannia,Senior Salesperson,"Gift More, Spend Less",382087.53,146,2617.04,542.12,4890.17
Groceries,Britannia,Senior Salesperson,Golden Hour Bargains,384891.15,138,2789.07,504.64,4914.06
Groceries,Britannia,Senior Salesperson,Green Weekend Deals,348109.35,123,2830.16,524.29,4957.63
Groceries,Britannia,Senior Salesperson,Happy Hour Discounts,439594.55,150,2930.63,500.75,4928.52
Groceries,Britannia,Senior Salesperson,Holiday Shopping Rush,322396.24,124,2599.97,617.57,4920.09
Groceries,Britannia,Senior Salesperson,Hot Picks Promo,439808.93,161,2731.73,500.98,4990.46
Groceries,Britannia,Senior Salesperson,Instant Gratification Sale,433259.46,157,2759.61,503.39,4987.18
Groceries,Britannia,Senior Salesperson,Limited Time Treasures,452748.16,165,2743.93,508.03,4985.97
Groceries,Britannia,Senior Salesperson,Loyalty Rewards Blast,393602.73,145,2714.50,555.92,4965.51
Groceries,Britannia,Senior Salesperson,Mega Weekend Bonanza,440920.09,156,2826.41,507.42,4927.04
Groceries,Britannia,Senior Salesperson,Mid-Year Madness,395490.92,139,2845.26,536.55,4982.61
Groceries,Britannia,Senior Salesperson,Midnight Madness,408735.86,156,2620.10,508.47,4966.84
Groceries,Britannia,Senior Salesperson,Mystery Discount Days,327277.22,125,2618.22,529.92,4957.26
Groceries,Britannia,Senior Salesperson,New Arrival Showcase,443662.91,164,2705.26,526.83,4986.10
Groceries,Britannia,Senior Salesperson,New Product Launch Promo,424126.17,154,2754.07,506.42,4985.07
Groceries,Britannia,Senior Salesperson,New Year Kickoff,403074.47,141,2858.68,533.54,4971.14
Groceries,Britannia,Senior Salesperson,Price Drop Parade,417684.14,156,2677.46,600.35,4978.49
Groceries,Britannia,Senior Salesperson,Red Tag Clearance,375583.62,135,2782.10,504.16,4952.22
Groceries,Britannia,Senior Salesperson,Seasonal Surprise Box,399000.96,140,2850.01,603.74,4985.20
Groceries,Britannia,Senior Salesperson,Shop & Save Spectacular,383614.99,137,2800.11,547.10,4971.64
Groceries,Britannia,Senior Salesperson,Smart Shopper Week,394782.66,148,2667.45,513.67,4958.52
Groceries,Britannia,Senior Salesperson,Spring Refresh Event,456845.58,155,2947.39,556.22,4986.34
Groceries,Britannia,Senior Salesperson,Spring Splash Discounts,413349.18,157,2632.80,509.08,4968.61
Groceries,Britannia,Senior Salesperson,Summer Sizzle Promo,446676.05,161,2774.39,516.65,4998.54
Groceries,Britannia,Senior Salesperson,Super Savings Week,470332.20,167,2816.36,525.78,4987.66
Groceries,Britannia,Senior Salesperson,Ultimate Value Event,409158.48,148,2764.58,642.00,4987.11
Groceries,Britannia,Senior Salesperson,VIP Access Sale,481087.98,181,2657.94,512.39,4982.51
Groceries,Britannia,Senior Salesperson,Weekend Warrior Specials,475152.90,176,2699.73,524.12,4984.08
Groceries,Britannia,Senior Salesperson,Winter Clearance Carnival,344829.31,129,2673.10,515.18,4940.99
Groceries,Britannia,Senior Salesperson,Winter Wonders Sale,465839.01,164,2840.48,605.48,4984.95
Groceries,Kellogg's,Manager,12 Days of Deals,397255.97,146,2720.93,507.87,4995.38
Groceries,Kellogg's,Manager,Autumn Deals Drive,468051.12,172,2721.23,539.78,4947.79
Groceries,Kellogg's,Manager,BOGO Blitz,480494.43,173,2777.42,519.68,4932.71
Groceries,Kellogg's,Manager,Back to School Boost,401177.89,150,2674.52,513.48,4943.14
Groceries,Kellogg's,Manager,Birthday Bash Sale,407720.41,157,2596.95,542.75,4982.46
Groceries,Kellogg's,Manager,Black Friday Blowout,405188.46,155,2614.12,507.06,4918.00
Groceries,Kellogg's,Manager,Cart Crasher Campaign,386851.77,148,2613.86,580.22,4976.29
Groceries,Kellogg's,Manager,Cashback Carnival,353850.15,134,2640.67,545.28,4979.90
Groceries,Kellogg's,Manager,Clearance Countdown,457338.75,165,2771.75,508.52,4998.17
Groceries,Kellogg's,Manager,Countdown to Savings,404051.95,153,2640.86,519.69,4944.87
Groceries,Kellogg's,Manager,Customer Appreciation Week,548965.66,199,2758.62,528.76,4980.71
Groceries,Kellogg's,Manager,Cyber Monday Mania,500822.92,176,2845.58,523.58,4988.27
Groceries,Kellogg's,Manager,Deal of the Month,519203.47,183,2837.18,539.25,4985.85
Groceries,Kellogg's,Manager,Double Points Bonanza,430737.76,163,2642.56,500.95,4980.85
Groceries,Kellogg's,Manager,Early Bird Specials,526797.57,183,2878.68,520.10,4985.95
Groceries,Kellogg's,Manager,End of Season Sale,462257.32,174,2656.65,500.37,4995.76
Groceries,Kellogg's,Manager,Exclusive Insider Offers,486161.44,179,2715.99,534.32,4998.78
Groceries,Kellogg's,Manager,Festive Fever Promo,549996.14,192,2864.56,516.45,4979.05
Groceries,Kellogg's,Manager,Final Call Frenzy,449607.23,162,2775.35,508.87,4980.80
Groceries,Kellogg's,Manager,Flash Frenzy Friday,396196.93,154,2572.71,520.77,4933.40
Groceries,Kellogg's,Manager,"Gift More, Spend Less",422901.33,161,2626.72,531.56,4989.67
Groceries,Kellogg's,Manager,Golden Hour Bargains,417640.07,152,2747.63,516.63,4967.13
Groceries,Kellogg's,Manager,Green Weekend Deals,474990.49,177,2683.56,561.80,4994.05
Groceries,Kellogg's,Manager,Happy Hour Discounts,425441.45,159,2675.73,520.96,4953.23
Groceries,Kellogg's,Manager,Holiday Shopping Rush,476952.50,168,2839.00,506.03,4977.30
Groceries,Kellogg's,Manager,Hot Picks Promo,467696.28,174,2687.91,502.08,4963.48
Groceries,Kellogg's,Manager,Instant Gratification Sale,411560.60,154,2672.47,539.15,4998.35
Groceries,Kellogg's,Manager,Limited Time Treasures,411256.31,151,2723.55,522.99,4968.53
Groceries,Kellogg's,Manager,Loyalty Rewards Blast,418731.19,148,2829.26,518.02,4986.34
Groceries,Kellogg's,Manager,Mega Weekend Bonanza,460071.82,161,2857.59,574.25,4979.01
Groceries,Kellogg's,Manager,Mid-Year Madness,396003.01,140,2828.59,593.67,4944.95
Groceries,Kellogg's,Manager,Midnight Madness,429727.15,163,2636.36,613.60,4964.21
Groceries,Kellogg's,Manager,Mystery Discount Days,404284.88,153,2642.38,525.04,4982.99
Groceries,Kellogg's,Manager,New Arrival Showcase,381913.07,140,2727.95,543.92,4991.74
Groceries,Kellogg's,Manager,New Product Launch Promo,445280.64,161,2765.72,531.05,4947.79
Groceries,Kellogg's,Manager,New Year Kickoff,400199.50,146,2741.09,500.12,4924.97
Groceries,Kellogg's,Manager,Price Drop Parade,451256.52,169,2670.16,518.47,4999.58
Groceries,Kellogg's,Manager,Red Tag Clearance,465326.64,154,3021.60,566.07,4987.23
Groceries,Kellogg's,Manager,Seasonal Surprise Box,494712.21,165,2998.26,510.72,4984.48
Groceries,Kellogg's,Manager,Shop & Save Spectacular,468488.24,160,2928.05,523.57,4976.59
Groceries,Kellogg's,Manager,Smart Shopper Week,535758.17,184,2911.73,530.02,4971.62
Groceries,Kellogg's,Manager,Spring Refresh Event,489523.25,181,2704.55,513.24,4970.95
Groceries,Kellogg's,Manager,Spring Splash Discounts,392630.03,143,2745.66,500.68,4918.02
Groceries,Kellogg's,Manager,Summer Sizzle Promo,442929.81,154,2876.17,514.60,4986.64
Groceries,Kellogg's,Manager,Super Savings Week,462958.00,178,2600.89,504.29,4971.41
Groceries,Kellogg's,Manager,Ultimate Value Event,453029.49,171,2649.30,518.31,4997.75
Groceries,Kellogg's,Manager,VIP Access Sale,473874.28,167,2837.57,564.84,4981.81
Groceries,Kellogg's,Manager,Weekend Warrior Specials,466048.09,169,2757.68,522.36,4971.38
Groceries,Kellogg's,Manager,Winter Clearance Carnival,457918.12,167,2742.02,523.06,4960.30
Groceries,Kellogg's,Manager,Winter Wonders Sale,501468.34,178,2817.24,582.25,4973.29
Groceries,Kellogg's,Sales Associate,12 Days of Deals,472007.07,167,2826.39,523.58,4887.23
Groceries,Kellogg's,Sales Associate,Autumn Deals Drive,479598.85,175,2740.56,510.46,4984.97
Groceries,Kellogg's,Sales Associate,BOGO Blitz,407240.88,158,2577.47,500.98,4981.18
Groceries,Kellogg's,Sales Associate,Back to School Boost,444950.61,168,2648.52,517.84,4954.16
Groceries,Kellogg's,Sales Associate,Birthday Bash Sale,443699.92,165,2689.09,524.00,4960.47
Groceries,Kellogg's,Sales Associate,Black Friday Blowout,469748.32,167,2812.86,517.02,4999.51
Groceries,Kellogg's,Sales Associate,Cart Crasher Campaign,549195.81,198,2773.72,508.00,4992.71
Groceries,Kellogg's,Sales Associate,Cashback Carnival,489205.41,187,2616.07,535.64,4995.37
Groceries,Kellogg's,Sales Associate,Clearance Countdown,516694.35,186,2777.93,529.04,4984.76
Groceries,Kellogg's,Sales Associate,Countdown to Savings,475870.78,176,2703.81,504.50,4997.39
Groceries,Kellogg's,Sales Associate,Customer Appreciation Week,472876.47,180,2627.09,504.70,4992.51
Groceries,Kellogg's,Sales Associate,Cyber Monday Mania,444895.72,167,2664.05,512.85,4998.93
Groceries,Kellogg's,Sales Associate,Deal of the Month,542833.03,193,2812.61,503.94,4909.13
Groceries,Kellogg's,Sales Associate,Double Points Bonanza,438701.12,166,2642.78,503.26,4975.38
Groceries,Kellogg's,Sales Associate,Early Bird Specials,476794.65,171,2788.27,554.07,4995.00
Groceries,Kellogg's,Sales Associate,End of Season Sale,462180.58,173,2671.56,504.34,4990.61
Groceries,Kellogg's,Sales Associate,Exclusive Insider Offers,533455.93,181,2947.27,531.33,4977.13
Groceries,Kellogg's,Sales Associate,Festive Fever Promo,457575.85,166,2756.48,512.07,4996.81
Groceries,Kellogg's,Sales Associate,Final Call Frenzy,532994.74,192,2776.01,503.08,4918.76
Groceries,Kellogg's,Sales Associate,Flash Frenzy Friday,414698.54,150,2764.66,507.64,4996.77
Groceries,Kellogg's,Sales Associate,"Gift More, Spend Less",483372.90,170,2843.37,546.30,4984.47
Groceries,Kellogg's,Sales Associate,Golden Hour Bargains,517419.97,191,2709.01,528.06,4983.47
Groceries,Kellogg's,Sales Associate,Green Weekend Deals,497536.66,180,2764.09,544.59,4997.22
Groceries,Kellogg's,Sales Associate,Happy Hour Discounts,511581.40,183,2795.53,521.58,4979.21
Groceries,Kellogg's,Sales Associate,Holiday Shopping Rush,440550.20,152,2898.36,540.89,4998.79
Groceries,Kellogg's,Sales Associate,Hot Picks Promo,438482.71,162,2706.68,537.51,4979.15
Groceries,Kellogg's,Sales Associate,Instant Gratification Sale,468004.73,174,2689.68,517.98,4983.54
Groceries,Kellogg's,Sales Associate,Limited Time Treasures,495656.50,179,2769.03,545.26,4999.73
Groceries,Kellogg's,Sales Associate,Loyalty Rewards Blast,524440.32,186,2819.57,537.84,4948.67
Groceries,Kellogg's,Sales Associate,Mega Weekend Bonanza,484313.77,177,2736.24,540.14,4951.82
Groceries,Kellogg's,Sales Associate,Mid-Year Madness,566305.60,188,3012.26,617.06,4994.70
Groceries,Kellogg's,Sales Associate,Midnight Madness,500983.96,186,2693.46,533.87,4995.25
Groceries,Kellogg's,Sales Associate,Mystery Discount Days,507519.64,194,2616.08,504.02,4949.36
Groceries,Kellogg's,Sales Associate,New Arrival Showcase,387475.77,140,2767.68,509.54,4995.28
Groceries,Kellogg's,Sales Associate,New Product Launch Promo,491694.02,176,2793.72,535.51,4999.20
Groceries,Kellogg's,Sales Associate,New Year Kickoff,548670.11,192,2857.66,526.65,4946.53
Groceries,Kellogg's,Sales Associate,Price Drop Parade,460395.45,172,2676.72,512.52,4996.32
Groceries,Kellogg's,Sales Associate,Red Tag Clearance,420155.29,159,2642.49,504.22,4988.88
Groceries,Kellogg's,Sales Associate,Seasonal Surprise Box,527849.81,193,2734.97,545.45,4982.02
Groceries,Kellogg's,Sales Associate,Shop & Save Spectacular,442913.54,156,2839.19,568.70,4983.84
Groceries,Kellogg's,Sales Associate,Smart Shopper Week,502906.92,184,2733.19,520.40,4998.48
Groceries,Kellogg's,Sales Associate,Spring Refresh Event,492154.59,176,2796.33,501.42,4991.30
Groceries,Kellogg's,Sales Associate,Spring Splash Discounts,473405.59,181,2615.50,557.31,4992.00
Groceries,Kellogg's,Sales Associate,Summer Sizzle Promo,477210.10,171,2790.70,585.37,4987.53
Groceries,Kellogg's,Sales Associate,Super Savings Week,579038.07,212,2731.31,525.56,4969.50
Groceries,Kellogg's,Sales Associate,Ultimate Value Event,506161.24,176,2875.92,527.00,4993.23
Groceries,Kellogg's,Sales Associate,VIP Access Sale,439937.72,171,2572.74,542.10,4984.60
Groceries,Kellogg's,Sales Associate,Weekend Warrior Specials,500543.93,178,2812.04,503.77,4994.74
Groceries,Kellogg's,Sales Associate,Winter Clearance Carnival,450545.42,167,2697.88,530.94,4979.63
Groceries,Kellogg's,Sales Associate,Winter Wonders Sale,489499.72,178,2750.00,545.36,4991.51
Groceries,Kellogg's,Salesperson,12 Days of Deals,461983.60,166,2783.03,530.73,4979.99
Groceries,Kellogg's,Salesperson,Autumn Deals Drive,468002.51,164,2853.67,519.67,4990.87
Groceries,Kellogg's,Salesperson,BOGO Blitz,550523.32,195,2823.20,515.13,4998.59
Groceries,Kellogg's,Salesperson,Back to School Boost,558069.41,190,2937.21,566.26,4952.17
Groceries,Kellogg's,Salesperson,Birthday Bash Sale,514179.71,192,2678.02,535.18,4976.95
Groceries,Kellogg's,Salesperson,Black Friday Blowout,483718.12,173,2796.06,509.93,4997.53
Groceries,Kellogg's,Salesperson,Cart Crasher Campaign,437770.50,170,2575.12,504.51,4966.85
Groceries,Kellogg's,Salesperson,Cashback Carnival,527607.48,191,2762.34,554.91,4949.67
Groceries,Kellogg's,Salesperson,Clearance Countdown,534743.98,202,2647.25,524.37,4992.48
Groceries,Kellogg's,Salesperson,Countdown to Savings,473081.08,179,2642.91,519.41,4959.55
Groceries,Kellogg's,Salesperson,Customer Appreciation Week,470235.42,158,2976.17,500.64,4992.48
Groceries,Kellogg's,Salesperson,Cyber Monday Mania,488807.00,181,2700.59,508.82,4901.53
Groceries,Kellogg's,Salesperson,Deal of the Month,462573.33,170,2721.02,512.54,4970.00
Groceries,Kellogg's,Salesperson,Double Points Bonanza,439027.30,164,2677.00,530.74,4991.82
Groceries,Kellogg's,Salesperson,Early Bird Specials,501111.79,164,3055.56,537.32,4955.57
Groceries,Kellogg's,Salesperson,End of Season Sale,544582.31,196,2778.48,512.76,4997.29
Groceries,Kellogg's,Salesperson,Exclusive Insider Offers,439166.22,168,2614.08,522.11,4939.12
Groceries,Kellogg's,Salesperson,Festive Fever Promo,516189.35,176,2932.89,526.57,4962.86
Groceries,Kellogg's,Salesperson,Final Call Frenzy,533945.73,188,2840.14,513.98,4974.72
Groceries,Kellogg's,Salesperson,Flash Frenzy Friday,514529.32,187,2751.49,529.89,4981.40
Groceries,Kellogg's,Salesperson,"Gift More, Spend Less",489542.05,174,2813.46,513.62,4991.67
Groceries,Kellogg's,Salesperson,Golden Hour Bargains,422991.45,158,2677.16,500.16,4952.09
Groceries,Kellogg's,Salesperson,Green Weekend Deals,596756.87,214,2788.58,548.37,4985.55
Groceries,Kellogg's,Salesperson,Happy Hour Discounts,507626.82,194,2616.63,508.35,4981.53
Groceries,Kellogg's,Salesperson,Holiday Shopping Rush,435756.84,167,2609.32,501.56,4957.48
Groceries,Kellogg's,Salesperson,Hot Picks Promo,518234.02,181,2863.17,518.84,4985.82
Groceries,Kellogg's,Salesperson,Instant Gratification Sale,460579.90,168,2741.55,539.42,4999.70
Groceries,Kellogg's,Salesperson,Limited Time Treasures,432731.15,165,2622.61,513.89,4998.70
Groceries,Kellogg's,Salesperson,Loyalty Rewards Blast,520688.23,190,2740.46,509.85,4988.35
Groceries,Kellogg's,Salesperson,Mega Weekend Bonanza,496567.62,175,2837.53,507.71,4989.86
Groceries,Kellogg's,Salesperson,Mid-Year Madness,490033.20,180,2722.41,507.78,4948.53
Groceries,Kellogg's,Salesperson,Midnight Madness,488462.90,177,2759.68,505.05,4973.09
Groceries,Kellogg's,Salesperson,Mystery Discount Days,499582.91,175,2854.76,507.89,4962.69
Groceries,Kellogg's,Salesperson,New Arrival Showcase,523315.10,188,2783.59,532.48,4999.86
Groceries,Kellogg's,Salesperson,New Product Launch Promo,456256.84,174,2622.17,500.73,4986.09
Groceries,Kellogg's,Salesperson,New Year Kickoff,486475.38,179,2717.74,519.16,4974.44
Groceries,Kellogg's,Salesperson,Price Drop Parade,460815.00,163,2827.09,553.87,4999.50
Groceries,Kellogg's,Salesperson,Red Tag Clearance,459670.21,168,2736.13,541.19,4965.64
Groceries,Kellogg's,Salesperson,Seasonal Surprise Box,443465.23,160,2771.66,648.04,4981.47
Groceries,Kellogg's,Salesperson,Shop & Save Spectacular,481048.73,176,2733.23,508.47,4983.24
Groceries,Kellogg's,Salesperson,Smart Shopper Week,495184.80,182,2720.80,510.24,4947.16
Groceries,Kellogg's,Salesperson,Spring Refresh Event,458848.65,164,2797.86,520.77,4995.22
Groceries,Kellogg's,Salesperson,Spring Splash Discounts,470748.16,168,2802.07,529.24,4968.42
Groceries,Kellogg's,Salesperson,Summer Sizzle Promo,489394.51,168,2913.06,530.86,4959.78
Groceries,Kellogg's,Salesperson,Super Savings Week,494137.90,180,2745.21,556.19,4939.34
Groceries,Kellogg's,Salesperson,Ultimate Value Event,467631.45,167,2800.19,558.71,4967.24
Groceries,Kellogg's,Salesperson,VIP Access Sale,446850.67,164,2724.70,504.20,4972.93
Groceries,Kellogg's,Salesperson,Weekend Warrior Specials,471065.35,175,2691.80,527.47,4999.20
Groceries,Kellogg's,Salesperson,Winter Clearance Carnival,489828.05,181,2706.23,524.50,4990.07
Groceries,Kellogg's,Salesperson,Winter Wonders Sale,453590.81,171,2652.58,518.42,4999.85
Groceries,Kellogg's,Senior Salesperson,12 Days of Deals,392987.38,139,2827.25,526.99,4974.58
Groceries,Kellogg's,Senior Salesperson,Autumn Deals Drive,428219.01,157,2727.51,511.04,4998.64
Groceries,Kellogg's,Senior Salesperson,BOGO Blitz,414245.34,139,2980.18,560.67,4996.77
Groceries,Kellogg's,Senior Salesperson,Back to School Boost,453241.48,166,2730.37,505.75,4938.26
Groceries,Kellogg's,Senior Salesperson,Birthday Bash Sale,377941.58,139,2719.00,509.05,4991.43
Groceries,Kellogg's,Senior Salesperson,Black Friday Blowout,396048.01,146,2712.66,502.74,4991.85
Groceries,Kellogg's,Senior Salesperson,Cart Crasher Campaign,408058.91,139,2935.68,530.15,4999.82
Groceries,Kellogg's,Senior Salesperson,Cashback Carnival,399500.44,141,2833.34,505.38,4921.48
Groceries,Kellogg's,Senior Salesperson,Clearance Countdown,402027.42,147,2734.88,569.90,4999.80
Groceries,Kellogg's,Senior Salesperson,Countdown to Savings,450446.99,170,2649.69,502.00,4957.68
Groceries,Kellogg's,Senior Salesperson,Customer Appreciation Week,398099.53,141,2823.40,647.75,4986.20
Groceries,Kellogg's,Senior Salesperson,Cyber Monday Mania,420897.89,151,2787.40,546.22,4929.99
Groceries,Kellogg's,Senior Salesperson,Deal of the Month,404696.82,143,2830.05,503.06,4995.04
Groceries,Kellogg's,Senior Salesperson,Double Points Bonanza,397991.17,153,2601.25,583.06,4942.98
Groceries,Kellogg's,Senior Salesperson,Early Bird Specials,426075.25,159,2679.72,512.96,4971.38
Groceries,Kellogg's,Senior Salesperson,End of Season Sale,384067.52,133,2887.73,505.76,4981.94
Groceries,Kellogg's,Senior Salesperson,Exclusive Insider Offers,347166.81,134,2590.80,513.96,4968.08
Groceries,Kellogg's,Senior Salesperson,Festive Fever Promo,503205.81,183,2749.76,543.43,4981.65
Groceries,Kellogg's,Senior Salesperson,Final Call Frenzy,398527.18,134,2974.08,511.66,4969.30
Groceries,Kellogg's,Senior Salesperson,Flash Frenzy Friday,447846.04,168,2665.75,521.79,4985.90
Groceries,Kellogg's,Senior Salesperson,"Gift More, Spend Less",438014.49,160,2737.59,515.74,4991.67
Groceries,Kellogg's,Senior Salesperson,Golden Hour Bargains,399320.56,138,2893.63,530.21,4927.91
Groceries,Kellogg's,Senior Salesperson,Green Weekend Deals,415730.62,158,2631.21,573.33,4984.86
Groceries,Kellogg's,Senior Salesperson,Happy Hour Discounts,340380.62,135,2521.34,542.92,4995.35
Groceries,Kellogg's,Senior Salesperson,Holiday Shopping Rush,428903.22,163,2631.31,574.42,4957.44
Groceries,Kellogg's,Senior Salesperson,Hot Picks Promo,381887.06,137,2787.50,500.73,4999.96
Groceries,Kellogg's,Senior Salesperson,Instant Gratification Sale,482023.93,175,2754.42,519.33,4974.64
Groceries,Kellogg's,Senior Salesperson,Limited Time Treasures,432285.89,153,2825.40,517.17,4984.15
Groceries,Kellogg's,Senior Salesperson,Loyalty Rewards Blast,419814.67,151,2780.23,514.18,4977.90
Groceries,Kellogg's,Senior Salesperson,Mega Weekend Bonanza,389436.22,143,2723.33,508.38,4973.66
Groceries,Kellogg's,Senior Salesperson,Mid-Year Madness,475768.94,165,2883.45,518.81,4978.01
Groceries,Kellogg's,Senior Salesperson,Midnight Madness,392902.04,140,2806.44,586.18,4982.50
Groceries,Kellogg's,Senior Salesperson,Mystery Discount Days,374916.95,137,2736.62,503.39,4948.72
Groceries,Kellogg's,Senior Salesperson,New Arrival Showcase,421857.21,147,2869.78,527.29,4986.40
Groceries,Kellogg's,Senior Salesperson,New Product Launch Promo,379234.75,134,2830.11,519.00,4976.06
Groceries,Kellogg's,Senior Salesperson,New Year Kickoff,449367.25,155,2899.14,546.16,4981.27
Groceries,Kellogg's,Senior Salesperson,Price Drop Parade,440063.98,159,2767.70,519.69,4947.54
Groceries,Kellogg's,Senior Salesperson,Red Tag Clearance,444884.44,160,2780.53,537.77,4919.20
Groceries,Kellogg's,Senior Salesperson,Seasonal Surprise Box,432853.01,150,2885.69,519.49,4991.25
Groceries,Kellogg's,Senior Salesperson,Shop & Save Spectacular,383340.71,139,2757.85,511.78,4966.13
Groceries,Kellogg's,Senior Salesperson,Smart Shopper Week,349974.61,131,2671.56,500.54,4947.11
Groceries,Kellogg's,Senior Salesperson,Spring Refresh Event,417419.02,146,2859.03,527.87,4932.40
Groceries,Kellogg's,Senior Salesperson,Spring Splash Discounts,408588.06,152,2688.08,515.99,4984.62
Groceries,Kellogg's,Senior Salesperson,Summer Sizzle Promo,349745.36,121,2890.46,530.03,4999.26
Groceries,Kellogg's,Senior Salesperson,Super Savings Week,417221.07,151,2763.05,511.54,4966.40
Groceries,Kellogg's,Senior Salesperson,Ultimate Value Event,439757.76,161,2731.41,518.09,4984.90
Groceries,Kellogg's,Senior Salesperson,VIP Access Sale,473286.83,166,2851.13,512.01,4999.89
Groceries,Kellogg's,Senior Salesperson,Weekend Warrior Specials,387108.02,144,2688.25,528.19,4990.17
Groceries,Kellogg's,Senior Salesperson,Winter Clearance Carnival,387410.13,142,2728.24,544.02,4996.69
Groceries,Kellogg's,Senior Salesperson,Winter Wonders Sale,433316.79,152,2850.77,555.47,4970.09
Groceries,Nestle,Manager,12 Days of Deals,434511.97,153,2839.95,508.94,4991.83
Groceries,Nestle,Manager,Autumn Deals Drive,490707.00,176,2788.11,500.76,4969.96
Groceries,Nestle,Manager,BOGO Blitz,392118.46,143,2742.09,507.54,4996.36
Groceries,Nestle,Manager,Back to School Boost,466631.91,171,2728.84,500.60,4974.44
Groceries,Nestle,Manager,Birthday Bash Sale,415418.06,152,2733.01,504.67,4970.11
Groceries,Nestle,Manager,Black Friday Blowout,405427.56,144,2815.47,621.55,4974.44
Groceries,Nestle,Manager,Cart Crasher Campaign,461576.10,171,2699.28,506.39,4938.47
Groceries,Nestle,Manager,Cashback Carnival,406369.36,145,2802.55,529.04,4975.89
Groceries,Nestle,Manager,Clearance Countdown,426041.00,160,2662.76,577.28,4935.56
Groceries,Nestle,Manager,Countdown to Savings,480917.65,169,2845.67,518.46,4967.52
Groceries,Nestle,Manager,Customer Appreciation Week,483292.63,175,2761.67,511.44,4936.65
Groceries,Nestle,Manager,Cyber Monday Mania,449538.23,168,2675.82,520.11,4979.98
Groceries,Nestle,Manager,Deal of the Month,400348.49,147,2723.46,508.61,4980.84
Groceries,Nestle,Manager,Double Points Bonanza,470703.27,165,2852.75,502.21,4955.16
Groceries,Nestle,Manager,Early Bird Specials,453455.68,162,2799.11,521.12,4999.70
Groceries,Nestle,Manager,End of Season Sale,460198.21,168,2739.28,507.19,4928.47
Groceries,Nestle,Manager,Exclusive Insider Offers,452323.60,161,2809.46,506.83,4979.96
Groceries,Nestle,Manager,Festive Fever Promo,400332.06,141,2839.23,501.65,4918.40
Groceries,Nestle,Manager,Final Call Frenzy,509098.20,182,2797.24,579.67,4965.68
Groceries,Nestle,Manager,Flash Frenzy Friday,492502.43,177,2782.50,531.39,4996.14
Groceries,Nestle,Manager,"Gift More, Spend Less",459714.61,161,2855.37,575.81,4955.45
Groceries,Nestle,Manager,Golden Hour Bargains,440772.59,152,2899.82,509.01,4997.02
Groceries,Nestle,Manager,Green Weekend Deals,416680.44,149,2796.51,503.00,4986.13
Groceries,Nestle,Manager,Happy Hour Discounts,456981.84,167,2736.42,546.22,4987.95
Groceries,Nestle,Manager,Holiday Shopping Rush,463473.47,167,2775.29,548.83,4966.26
Groceries,Nestle,Manager,Hot Picks Promo,486258.38,175,2778.62,554.41,4991.69
Groceries,Nestle,Manager,Instant Gratification Sale,463857.64,166,2794.32,563.82,4988.21
Groceries,Nestle,Manager,Limited Time Treasures,500589.46,180,2781.05,546.83,4987.05
Groceries,Nestle,Manager,Loyalty Rewards Blast,469578.44,167,2811.85,501.89,4995.57
Groceries,Nestle,Manager,Mega Weekend Bonanza,485076.78,165,2939.86,554.20,4975.22
Groceries,Nestle,Manager,Mid-Year Madness,450385.34,170,2649.33,502.46,4990.79
Groceries,Nestle,Manager,Midnight Madness,485020.76,172,2819.89,545.56,4985.13
Groceries,Nestle,Manager,Mystery Discount Days,493197.67,172,2867.43,508.56,4940.12
Groceries,Nestle,Manager,New Arrival Showcase,449106.64,165,2721.86,503.73,4992.67
Groceries,Nestle,Manager,New Product Launch Promo,503167.26,180,2795.37,556.59,4984.26
Groceries,Nestle,Manager,New Year Kickoff,468102.00,166,2819.89,600.84,4991.95
Groceries,Nestle,Manager,Price Drop Parade,440457.82,169,2606.26,504.57,4948.27
Groceries,Nestle,Manager,Red Tag Clearance,408571.75,151,2705.77,501.12,4984.96
Groceries,Nestle,Manager,Seasonal Surprise Box,508623.79,183,2779.36,501.93,4970.39
Groceries,Nestle,Manager,Shop & Save Spectacular,456126.73,168,2715.04,503.57,4990.45
Groceries,Nestle,Manager,Smart Shopper Week,423579.34,149,2842.81,517.36,4987.67
Groceries,Nestle,Manager,Spring Refresh Event,467843.93,172,2720.02,547.01,4995.87
Groceries,Nestle,Manager,Spring Splash Discounts,460147.71,169,2722.77,506.63,4989.87
Groceries,Nestle,Manager,Summer Sizzle Promo,440815.39,157,2807.74,535.21,4894.36
Groceries,Nestle,Manager,Super Savings Week,430075.09,152,2829.44,502.79,4946.64
Groceries,Nestle,Manager,Ultimate Value Event,418766.53,161,2601.03,518.82,4944.65
Groceries,Nestle,Manager,VIP Access Sale,517541.08,189,2738.31,508.66,4996.03
Groceries,Nestle,Manager,Weekend Warrior Specials,452108.51,162,2790.79,513.49,4971.12
Groceries,Nestle,Manager,Winter Clearance Carnival,474485.70,175,2711.35,522.20,4977.05
Groceries,Nestle,Manager,Winter Wonders Sale,383908.65,143,2684.68,539.78,4961.39
Groceries,Nestle,Sales Associate,12 Days of Deals,516053.89,187,2759.65,518.82,4998.90
Groceries,Nestle,Sales Associate,Autumn Deals Drive,526393.17,187,2814.94,509.57,4986.81
Groceries,Nestle,Sales Associate,BOGO Blitz,486937.77,174,2798.49,546.53,4993.12
Groceries,Nestle,Sales Associate,Back to School Boost,530719.60,189,2808.04,578.39,4999.06
Groceries,Nestle,Sales Associate,Birthday Bash Sale,514863.43,189,2724.15,509.57,4937.05
Groceries,Nestle,Sales Associate,Black Friday Blowout,534078.63,181,2950.71,531.74,4998.22
Groceries,Nestle,Sales Associate,Cart Crasher Campaign,434243.82,170,2554.38,533.84,4974.14
Groceries,Nestle,Sales Associate,Cashback Carnival,515827.62,181,2849.88,502.91,4995.74
Groceries,Nestle,Sales Associate,Clearance Countdown,486633.32,174,2796.74,519.68,4997.60
Groceries,Nestle,Sales Associate,Countdown to Savings,490201.03,182,2693.41,517.81,4996.32
Groceries,Nestle,Sales Associate,Customer Appreciation Week,440524.45,161,2736.18,506.67,4995.70
Groceries,Nestle,Sales Associate,Cyber Monday Mania,386905.90,135,2865.97,512.16,4998.08
Groceries,Nestle,Sales Associate,Deal of the Month,571099.00,198,2884.34,510.11,4965.89
Groceries,Nestle,Sales Associate,Double Points Bonanza,442480.70,162,2731.36,511.56,4976.30
Groceries,Nestle,Sales Associate,Early Bird Specials,487365.36,180,2707.59,569.54,4989.85
Groceries,Nestle,Sales Associate,End of Season Sale,460938.29,177,2604.17,513.52,4997.30
Groceries,Nestle,Sales Associate,Exclusive Insider Offers,482953.92,170,2840.91,501.31,4999.92
Groceries,Nestle,Sales Associate,Festive Fever Promo,423616.97,156,2715.49,502.53,4990.21
Groceries,Nestle,Sales Associate,Final Call Frenzy,487506.95,172,2834.34,637.32,4961.65
Groceries,Nestle,Sales Associate,Flash Frenzy Friday,479470.54,171,2803.92,519.46,4915.94
Groceries,Nestle,Sales Associate,"Gift More, Spend Less",419296.07,161,2604.32,514.39,4926.43
Groceries,Nestle,Sales Associate,Golden Hour Bargains,574482.55,204,2816.09,526.71,4983.24
Groceries,Nestle,Sales Associate,Green Weekend Deals,515597.02,192,2685.40,511.58,4935.51
Groceries,Nestle,Sales Associate,Happy Hour Discounts,516259.78,186,2775.59,528.28,4993.28
Groceries,Nestle,Sales Associate,Holiday Shopping Rush,460894.81,168,2743.42,513.31,4963.95
Groceries,Nestle,Sales Associate,Hot Picks Promo,458370.11,178,2575.11,519.38,4998.48
Groceries,Nestle,Sales Associate,Instant Gratification Sale,424812.45,156,2723.16,529.97,4984.46
Groceries,Nestle,Sales Associate,Limited Time Treasures,406708.82,149,2729.59,569.29,4986.24
Groceries,Nestle,Sales Associate,Loyalty Rewards Blast,469700.53,169,2779.29,537.34,4995.71
Groceries,Nestle,Sales Associate,Mega Weekend Bonanza,474270.96,166,2857.05,572.03,4996.99
Groceries,Nestle,Sales Associate,Mid-Year Madness,442382.21,165,2681.10,541.79,4970.40
Groceries,Nestle,Sales Associate,Midnight Madness,442462.75,163,2714.50,505.39,4982.00
Groceries,Nestle,Sales Associate,Mystery Discount Days,518037.41,186,2785.15,549.61,4978.06
Groceries,Nestle,Sales Associate,New Arrival Showcase,475849.86,177,2688.42,527.41,4910.55
Groceries,Nestle,Sales Associate,New Product Launch Promo,453611.63,168,2700.07,521.20,4991.05
Groceries,Nestle,Sales Associate,New Year Kickoff,449675.23,170,2645.15,535.15,4979.80
Groceries,Nestle,Sales Associate,Price Drop Parade,536753.94,195,2752.58,515.56,4952.06
Groceries,Nestle,Sales Associate,Red Tag Clearance,592379.24,208,2847.98,514.75,4982.97
Groceries,Nestle,Sales Associate,Seasonal Surprise Box,436297.01,165,2644.22,506.26,4989.26
Groceries,Nestle,Sales Associate,Shop & Save Spectacular,489690.60,177,2766.61,501.53,4995.39
Groceries,Nestle,Sales Associate,Smart Shopper Week,507400.34,188,2698.94,516.99,4982.30
Groceries,Nestle,Sales Associate,Spring Refresh Event,497427.10,185,2688.80,537.76,4998.26
Groceries,Nestle,Sales Associate,Spring Splash Discounts,506462.78,180,2813.68,505.92,4977.56
Groceries,Nestle,Sales Associate,Summer Sizzle Promo,470435.98,170,2767.27,531.33,4904.76
Groceries,Nestle,Sales Associate,Super Savings Week,516614.25,191,2704.79,502.78,4995.70
Groceries,Nestle,Sales Associate,Ultimate Value Event,518733.13,175,2964.19,505.35,4997.53
Groceries,Nestle,Sales Associate,VIP Access Sale,443771.63,167,2657.32,520.31,4969.94
Groceries,Nestle,Sales Associate,Weekend Warrior Specials,421034.72,155,2716.35,527.86,4968.00
Groceries,Nestle,Sales Associate,Winter Clearance Carnival,560492.83,202,2774.72,526.61,4997.93
Groceries,Nestle,Sales Associate,Winter Wonders Sale,479087.72,173,2769.29,505.33,4978.26
Groceries,Nestle,Salesperson,12 Days of Deals,492671.85,182,2706.99,502.43,4992.79
Groceries,Nestle,Salesperson,Autumn Deals Drive,566597.91,206,2750.48,517.18,4997.95
Groceries,Nestle,Salesperson,BOGO Blitz,476745.94,174,2739.92,507.32,4983.97
Groceries,Nestle,Salesperson,Back to School Boost,509663.90,185,2754.94,518.77,4985.68
Groceries,Nestle,Salesperson,Birthday Bash Sale,416010.49,153,2719.02,504.91,4966.33
Groceries,Nestle,Salesperson,Black Friday Blowout,480695.47,174,2762.62,517.55,4964.44
Groceries,Nestle,Salesperson,Cart Crasher Campaign,468140.21,174,2690.46,534.76,4985.57
Groceries,Nestle,Salesperson,Cashback Carnival,517227.80,187,2765.92,512.47,4981.81
Groceries,Nestle,Salesperson,Clearance Countdown,479146.56,174,2753.72,541.52,4983.72
Groceries,Nestle,Salesperson,Countdown to Savings,542272.86,189,2869.17,521.96,4978.48
Groceries,Nestle,Salesperson,Customer Appreciation Week,500955.98,179,2798.64,554.04,4991.68
Groceries,Nestle,Salesperson,Cyber Monday Mania,484043.55,175,2765.96,511.89,4974.09
Groceries,Nestle,Salesperson,Deal of the Month,460665.15,169,2725.83,515.84,4992.95
Groceries,Nestle,Salesperson,Double Points Bonanza,489719.97,172,2847.21,519.92,4974.96
Groceries,Nestle,Salesperson,Early Bird Specials,473961.97,180,2633.12,514.86,4960.40
Groceries,Nestle,Salesperson,End of Season Sale,458413.94,168,2728.65,500.36,4996.20
Groceries,Nestle,Salesperson,Exclusive Insider Offers,402093.30,149,2698.61,527.18,4956.35
Groceries,Nestle,Salesperson,Festive Fever Promo,444557.42,164,2710.72,546.69,4990.52
Groceries,Nestle,Salesperson,Final Call Frenzy,543022.36,189,2873.13,520.72,4971.01
Groceries,Nestle,Salesperson,Flash Frenzy Friday,449647.68,161,2792.84,552.54,4974.40
Groceries,Nestle,Salesperson,"Gift More, Spend Less",435895.15,152,2867.73,524.93,4990.02
Groceries,Nestle,Salesperson,Golden Hour Bargains,428007.46,162,2642.02,512.52,4963.88
Groceries,Nestle,Salesperson,Green Weekend Deals,462189.27,170,2718.76,552.81,4989.20
Groceries,Nestle,Salesperson,Happy Hour Discounts,464930.60,165,2817.76,513.29,4973.97
Groceries,Nestle,Salesperson,Holiday Shopping Rush,470087.66,177,2655.86,507.76,4934.88
Groceries,Nestle,Salesperson,Hot Picks Promo,473021.82,162,2919.89,533.70,4971.36
Groceries,Nestle,Salesperson,Instant Gratification Sale,479558.90,174,2756.09,552.91,4924.58
Groceries,Nestle,Salesperson,Limited Time Treasures,416554.05,161,2587.29,510.30,4970.27
Groceries,Nestle,Salesperson,Loyalty Rewards Blast,480230.07,166,2892.95,518.57,4979.63
Groceries,Nestle,Salesperson,Mega Weekend Bonanza,450599.20,157,2870.06,517.28,4998.94
Groceries,Nestle,Salesperson,Mid-Year Madness,559873.77,203,2758.00,505.58,4973.73
Groceries,Nestle,Salesperson,Midnight Madness,499367.50,178,2805.44,551.37,4997.31
Groceries,Nestle,Salesperson,Mystery Discount Days,403443.33,152,2654.23,521.22,4967.91
Groceries,Nestle,Salesperson,New Arrival Showcase,513115.44,178,2882.67,568.71,4955.32
Groceries,Nestle,Salesperson,New Product Launch Promo,480931.77,164,2932.51,506.06,4923.75
Groceries,Nestle,Salesperson,New Year Kickoff,439356.00,161,2728.92,513.17,4959.40
Groceries,Nestle,Salesperson,Price Drop Parade,426848.76,159,2684.58,507.10,4951.46
Groceries,Nestle,Salesperson,Red Tag Clearance,493366.93,183,2695.99,524.18,4990.77
Groceries,Nestle,Salesperson,Seasonal Surprise Box,415640.08,151,2752.58,502.74,4992.02
Groceries,Nestle,Salesperson,Shop & Save Spectacular,492354.66,180,2735.30,509.90,4985.88
Groceries,Nestle,Salesperson,Smart Shopper Week,478883.23,173,2768.11,508.76,4959.04
Groceries,Nestle,Salesperson,Spring Refresh Event,479066.81,161,2975.57,521.03,4913.25
Groceries,Nestle,Salesperson,Spring Splash Discounts,390736.79,146,2676.28,515.16,4980.26
Groceries,Nestle,Salesperson,Summer Sizzle Promo,476958.43,173,2756.99,501.06,4952.92
Groceries,Nestle,Salesperson,Super Savings Week,553144.95,207,2672.20,506.25,4998.49
Groceries,Nestle,Salesperson,Ultimate Value Event,484053.99,172,2814.27,533.47,4997.42
Groceries,Nestle,Salesperson,VIP Access Sale,467942.75,169,2768.89,504.83,4901.54
Groceries,Nestle,Salesperson,Weekend Warrior Specials,479888.24,175,2742.22,502.46,4966.74
Groceries,Nestle,Salesperson,Winter Clearance Carnival,406944.69,156,2608.62,502.13,4986.87
Groceries,Nestle,Salesperson,Winter Wonders Sale,539952.08,189,2856.89,559.63,4956.56
Groceries,Nestle,Senior Salesperson,12 Days of Deals,461282.58,169,2729.48,505.54,4971.83
Groceries,Nestle,Senior Salesperson,Autumn Deals Drive,402492.45,150,2683.28,508.79,4949.59
Groceries,Nestle,Senior Salesperson,BOGO Blitz,436746.62,157,2781.83,557.27,4996.27
Groceries,Nestle,Senior Salesperson,Back to School Boost,401080.99,154,2604.42,523.50,4988.98
Groceries,Nestle,Senior Salesperson,Birthday Bash Sale,439512.05,148,2969.68,523.64,4991.37
Groceries,Nestle,Senior Salesperson,Black Friday Blowout,425925.19,151,2820.70,505.61,4897.48
Groceries,Nestle,Senior Salesperson,Cart Crasher Campaign,412632.07,154,2679.43,511.13,4977.72
Groceries,Nestle,Senior Salesperson,Cashback Carnival,404335.70,145,2788.52,562.91,4986.04
Groceries,Nestle,Senior Salesperson,Clearance Countdown,346249.30,130,2663.46,541.85,4968.64
Groceries,Nestle,Senior Salesperson,Countdown to Savings,411454.93,153,2689.25,548.40,4975.49
Groceries,Nestle,Senior Salesperson,Customer Appreciation Week,468343.69,167,2804.45,502.24,4967.81
Groceries,Nestle,Senior Salesperson,Cyber Monday Mania,378027.21,142,2662.16,535.29,4996.08
Groceries,Nestle,Senior Salesperson,Deal of the Month,367208.89,129,2846.58,522.42,4964.95
Groceries,Nestle,Senior Salesperson,Double Points Bonanza,372887.45,138,2702.08,515.79,4867.50
Groceries,Nestle,Senior Salesperson,Early Bird Specials,412758.94,146,2827.12,531.67,4959.18
Groceries,Nestle,Senior Salesperson,End of Season Sale,446300.33,156,2860.90,548.11,4998.37
Groceries,Nestle,Senior Salesperson,Exclusive Insider Offers,432760.37,161,2687.95,597.55,4957.80
Groceries,Nestle,Senior Salesperson,Festive Fever Promo,421045.13,160,2631.53,513.45,4997.65
Groceries,Nestle,Senior Salesperson,Final Call Frenzy,445801.02,165,2701.82,549.37,4968.70
Groceries,Nestle,Senior Salesperson,Flash Frenzy Friday,364819.31,137,2662.91,528.83,4978.54
Groceries,Nestle,Senior Salesperson,"Gift More, Spend Less",424986.07,160,2656.16,521.94,4993.41
Groceries,Nestle,Senior Salesperson,Golden Hour Bargains,402392.38,160,2514.95,520.68,4952.54
Groceries,Nestle,Senior Salesperson,Green Weekend Deals,421285.84,152,2771.62,519.55,4991.78
Groceries,Nestle,Senior Salesperson,Happy Hour Discounts,368240.15,143,2575.11,513.67,4995.84
Groceries,Nestle,Senior Salesperson,Holiday Shopping Rush,348418.00,133,2619.68,536.45,4999.39
Groceries,Nestle,Senior Salesperson,Hot Picks Promo,440160.28,153,2876.86,522.77,4999.88
Groceries,Nestle,Senior Salesperson,Instant Gratification Sale,441579.13,158,2794.80,500.03,4977.48
Groceries,Nestle,Senior Salesperson,Limited Time Treasures,469416.73,168,2794.15,516.07,4994.82
Groceries,Nestle,Senior Salesperson,Loyalty Rewards Blast,438312.04,154,2846.18,529.72,4967.18
Groceries,Nestle,Senior Salesperson,Mega Weekend Bonanza,397265.81,150,2648.44,506.20,4923.05
Groceries,Nestle,Senior Salesperson,Mid-Year Madness,402664.11,145,2776.99,522.89,4975.69
Groceries,Nestle,Senior Salesperson,Midnight Madness,373458.32,141,2648.64,535.91,4881.58
Groceries,Nestle,Senior Salesperson,Mystery Discount Days,459703.41,166,2769.30,511.48,4976.50
Groceries,Nestle,Senior Salesperson,New Arrival Showcase,381308.90,138,2763.11,518.52,4990.33
Groceries,Nestle,Senior Salesperson,New Product Launch Promo,386548.58,146,2647.59,534.41,4933.62
Groceries,Nestle,Senior Salesperson,New Year Kickoff,399826.27,147,2719.91,531.60,4968.40
Groceries,Nestle,Senior Salesperson,Price Drop Parade,392635.08,139,2824.71,504.15,4988.77
Groceries,Nestle,Senior Salesperson,Red Tag Clearance,429262.15,160,2682.89,615.35,4994.41
Groceries,Nestle,Senior Salesperson,Seasonal Surprise Box,321247.64,129,2490.29,509.29,4952.42
Groceries,Nestle,Senior Salesperson,Shop & Save Spectacular,453145.59,154,2942.50,587.82,4983.89
Groceries,Nestle,Senior Salesperson,Smart Shopper Week,484597.98,180,2692.21,515.37,4978.98
Groceries,Nestle,Senior Salesperson,Spring Refresh Event,403810.43,149,2710.14,623.46,4970.20
Groceries,Nestle,Senior Salesperson,Spring Splash Discounts,400321.59,143,2799.45,511.52,4998.53
Groceries,Nestle,Senior Salesperson,Summer Sizzle Promo,342213.98,141,2427.05,503.74,4871.94
Groceries,Nestle,Senior Salesperson,Super Savings Week,391069.57,148,2642.36,501.97,4999.88
Groceries,Nestle,Senior Salesperson,Ultimate Value Event,467092.68,171,2731.54,502.89,4945.15
Groceries,Nestle,Senior Salesperson,VIP Access Sale,432290.12,153,2825.43,514.92,4997.93
Groceries,Nestle,Senior Salesperson,Weekend Warrior Specials,395128.75,146,2706.36,640.42,4988.19
Groceries,Nestle,Senior Salesperson,Winter Clearance Carnival,417658.43,153,2729.79,507.50,4992.79
Groceries,Nestle,Senior Salesperson,Winter Wonders Sale,434741.73,166,2618.93,509.00,4971.48
Groceries,Tata,Manager,12 Days of Deals,423259.57,152,2784.60,586.31,4971.18
Groceries,Tata,Manager,Autumn Deals Drive,490819.06,182,2696.81,512.90,4999.13
Groceries,Tata,Manager,BOGO Blitz,374732.46,140,2676.66,507.25,4992.20
Groceries,Tata,Manager,Back to School Boost,477821.52,179,2669.39,502.61,4976.52
Groceries,Tata,Manager,Birthday Bash Sale,487043.47,185,2632.67,509.00,4983.43
Groceries,Tata,Manager,Black Friday Blowout,408938.70,152,2690.39,500.83,4975.84
Groceries,Tata,Manager,Cart Crasher Campaign,480429.09,171,2809.53,528.91,4989.38
Groceries,Tata,Manager,Cashback Carnival,482386.70,170,2837.57,512.58,4993.12
Groceries,Tata,Manager,Clearance Countdown,456914.15,168,2719.73,527.38,4998.45
Groceries,Tata,Manager,Countdown to Savings,426635.58,165,2585.67,537.16,4939.53
Groceries,Tata,Manager,Customer Appreciation Week,489173.11,179,2732.81,512.29,4956.31
Groceries,Tata,Manager,Cyber Monday Mania,462178.18,166,2784.21,522.56,4998.73
Groceries,Tata,Manager,Deal of the Month,439169.24,159,2762.07,545.77,4991.28
Groceries,Tata,Manager,Double Points Bonanza,485739.30,171,2840.58,536.06,4995.23
Groceries,Tata,Manager,Early Bird Specials,425557.21,158,2693.40,501.54,4981.93
Groceries,Tata,Manager,End of Season Sale,506930.29,170,2981.94,527.02,4991.22
Groceries,Tata,Manager,Exclusive Insider Offers,447274.69,166,2694.43,512.59,4947.74
Groceries,Tata,Manager,Festive Fever Promo,503244.00,179,2811.42,561.82,4986.36
Groceries,Tata,Manager,Final Call Frenzy,523866.05,187,2801.42,504.53,4973.20
Groceries,Tata,Manager,Flash Frenzy Friday,453628.71,168,2700.17,500.97,4995.90
Groceries,Tata,Manager,"Gift More, Spend Less",491456.84,176,2792.37,588.98,4998.23
Groceries,Tata,Manager,Golden Hour Bargains,507622.86,182,2789.14,506.12,4982.96
Groceries,Tata,Manager,Green Weekend Deals,469479.10,168,2794.52,550.88,4990.02
Groceries,Tata,Manager,Happy Hour Discounts,452022.92,167,2706.72,520.23,4926.37
Groceries,Tata,Manager,Holiday Shopping Rush,455758.33,172,2649.76,561.94,4997.86
Groceries,Tata,Manager,Hot Picks Promo,450950.23,170,2652.65,513.91,4993.32
Groceries,Tata,Manager,Instant Gratification Sale,516119.53,182,2835.82,507.03,4956.95
Groceries,Tata,Manager,Limited Time Treasures,369006.66,137,2693.48,562.01,4935.69
Groceries,Tata,Manager,Loyalty Rewards Blast,486167.52,175,2778.10,551.65,4993.52
Groceries,Tata,Manager,Mega Weekend Bonanza,459073.86,177,2593.64,510.97,4994.06
Groceries,Tata,Manager,Mid-Year Madness,508884.04,185,2750.72,525.19,4972.66
Groceries,Tata,Manager,Midnight Madness,398002.10,136,2926.49,508.69,4998.75
Groceries,Tata,Manager,Mystery Discount Days,408300.11,154,2651.30,506.85,4973.51
Groceries,Tata,Manager,New Arrival Showcase,428628.01,144,2976.58,629.59,4997.81
Groceries,Tata,Manager,New Product Launch Promo,484018.26,175,2765.82,531.14,4991.85
Groceries,Tata,Manager,New Year Kickoff,437996.85,166,2638.54,529.28,4972.93
Groceries,Tata,Manager,Price Drop Parade,525322.07,180,2918.46,505.58,4991.24
Groceries,Tata,Manager,Red Tag Clearance,461147.09,169,2728.68,517.10,4977.34
Groceries,Tata,Manager,Seasonal Surprise Box,431867.37,157,2750.75,519.82,4885.92
Groceries,Tata,Manager,Shop & Save Spectacular,422627.35,151,2798.86,530.47,4988.98
Groceries,Tata,Manager,Smart Shopper Week,471060.40,171,2754.74,522.43,4935.43
Groceries,Tata,Manager,Spring Refresh Event,558710.73,192,2909.95,531.03,4939.16
Groceries,Tata,Manager,Spring Splash Discounts,515580.27,181,2848.51,515.99,4985.59
Groceries,Tata,Manager,Summer Sizzle Promo,466451.88,166,2809.95,533.27,4950.77
Groceries,Tata,Manager,Super Savings Week,416686.86,154,2705.76,571.06,4959.48
Groceries,Tata,Manager,Ultimate Value Event,468908.11,171,2742.15,577.44,4983.18
Groceries,Tata,Manager,VIP Access Sale,420886.03,153,2750.89,541.29,4956.75
Groceries,Tata,Manager,Weekend Warrior Specials,532947.84,185,2880.80,504.09,4986.11
Groceries,Tata,Manager,Winter Clearance Carnival,436079.64,156,2795.38,513.93,4998.44
Groceries,Tata,Manager,Winter Wonders Sale,487410.94,175,2785.21,544.16,4930.69
Groceries,Tata,Sales Associate,12 Days of Deals,526132.84,180,2922.96,530.88,4964.28
Groceries,Tata,Sales Associate,Autumn Deals Drive,466568.89,176,2650.96,513.21,4983.23
Groceries,Tata,Sales Associate,BOGO Blitz,506312.60,183,2766.74,597.69,4981.68
Groceries,Tata,Sales Associate,Back to School Boost,481961.04,176,2738.42,534.39,4991.91
Groceries,Tata,Sales Associate,Birthday Bash Sale,445576.29,176,2531.68,503.77,4972.67
Groceries,Tata,Sales Associate,Black Friday Blowout,524609.59,181,2898.40,510.98,4990.79
Groceries,Tata,Sales Associate,Cart Crasher Campaign,465306.34,181,2570.75,526.15,4970.44
Groceries,Tata,Sales Associate,Cashback Carnival,436449.39,160,2727.81,533.43,4895.14
Groceries,Tata,Sales Associate,Clearance Countdown,511602.66,175,2923.44,583.20,4936.63
Groceries,Tata,Sales Associate,Countdown to Savings,506181.38,184,2750.99,537.63,4977.00
Groceries,Tata,Sales Associate,Customer Appreciation Week,476256.52,172,2768.93,535.31,4949.43
Groceries,Tata,Sales Associate,Cyber Monday Mania,462977.15,174,2660.79,580.71,4987.77
Groceries,Tata,Sales Associate,Deal of the Month,446280.45,168,2656.43,500.56,4960.46
Groceries,Tata,Sales Associate,Double Points Bonanza,475746.64,177,2687.83,504.96,4971.00
Groceries,Tata,Sales Associate,Early Bird Specials,531259.39,182,2919.01,529.23,4963.57
Groceries,Tata,Sales Associate,End of Season Sale,547980.23,203,2699.41,562.62,4989.11
Groceries,Tata,Sales Associate,Exclusive Insider Offers,517137.52,176,2938.28,536.37,4999.35
Groceries,Tata,Sales Associate,Festive Fever Promo,482738.12,180,2681.88,524.48,4983.92
Groceries,Tata,Sales Associate,Final Call Frenzy,530162.06,194,2732.79,545.24,4972.06
Groceries,Tata,Sales Associate,Flash Frenzy Friday,515357.04,175,2944.90,513.87,4983.94
Groceries,Tata,Sales Associate,"Gift More, Spend Less",515206.80,181,2846.45,509.79,4994.67
Groceries,Tata,Sales Associate,Golden Hour Bargains,462311.81,171,2703.58,548.98,4949.04
Groceries,Tata,Sales Associate,Green Weekend Deals,534085.91,188,2840.88,530.27,4955.19
Groceries,Tata,Sales Associate,Happy Hour Discounts,483495.63,176,2747.13,505.89,4954.32
Groceries,Tata,Sales Associate,Holiday Shopping Rush,451234.40,161,2802.70,521.62,4998.03
Groceries,Tata,Sales Associate,Hot Picks Promo,428272.11,157,2727.85,501.36,4936.74
Groceries,Tata,Sales Associate,Instant Gratification Sale,442549.59,160,2765.93,513.67,4953.70
Groceries,Tata,Sales Associate,Limited Time Treasures,452831.15,168,2695.42,553.09,4983.86
Groceries,Tata,Sales Associate,Loyalty Rewards Blast,486026.89,175,2777.30,554.82,4951.15
Groceries,Tata,Sales Associate,Mega Weekend Bonanza,418251.49,165,2534.86,507.64,4922.14
Groceries,Tata,Sales Associate,Mid-Year Madness,442045.23,160,2762.78,528.80,4982.57
Groceries,Tata,Sales Associate,Midnight Madness,464254.28,176,2637.81,500.01,4938.58
Groceries,Tata,Sales Associate,Mystery Discount Days,456719.77,165,2768.00,516.74,4990.44
Groceries,Tata,Sales Associate,New Arrival Showcase,493457.79,173,2852.36,505.15,4978.04
Groceries,Tata,Sales Associate,New Product Launch Promo,474736.74,175,2712.78,514.07,4994.23
Groceries,Tata,Sales Associate,New Year Kickoff,511191.09,191,2676.39,512.57,4989.23
Groceries,Tata,Sales Associate,Price Drop Parade,481923.84,169,2851.62,660.83,4994.92
Groceries,Tata,Sales Associate,Red Tag Clearance,596157.00,206,2893.97,509.75,4989.26
Groceries,Tata,Sales Associate,Seasonal Surprise Box,520509.36,188,2768.67,521.29,4975.64
Groceries,Tata,Sales Associate,Shop & Save Spectacular,502099.08,174,2885.63,506.56,4979.77
Groceries,Tata,Sales Associate,Smart Shopper Week,472268.04,171,2761.80,503.56,4952.40
Groceries,Tata,Sales Associate,Spring Refresh Event,534075.21,185,2886.89,513.02,4965.91
Groceries,Tata,Sales Associate,Spring Splash Discounts,507450.73,182,2788.19,574.76,4948.10
Groceries,Tata,Sales Associate,Summer Sizzle Promo,480033.27,179,2681.75,508.92,4950.00
Groceries,Tata,Sales Associate,Super Savings Week,467632.03,175,2672.18,506.37,4943.09
Groceries,Tata,Sales Associate,Ultimate Value Event,477746.74,175,2729.98,536.24,4954.63
Groceries,Tata,Sales Associate,VIP Access Sale,445040.12,168,2649.05,622.53,4965.99
Groceries,Tata,Sales Associate,Weekend Warrior Specials,486103.42,189,2571.98,504.05,4971.05
Groceries,Tata,Sales Associate,Winter Clearance Carnival,535743.72,196,2733.39,511.24,4982.02
Groceries,Tata,Sales Associate,Winter Wonders Sale,443170.65,170,2606.89,515.88,4983.25
Groceries,Tata,Salesperson,12 Days of Deals,505767.74,182,2778.94,508.44,4989.06
Groceries,Tata,Salesperson,Autumn Deals Drive,476320.63,177,2691.08,531.01,4965.73
Groceries,Tata,Salesperson,BOGO Blitz,525905.81,190,2767.93,521.61,4971.39
Groceries,Tata,Salesperson,Back to School Boost,484229.08,181,2675.30,570.23,4975.37
Groceries,Tata,Salesperson,Birthday Bash Sale,502969.40,184,2733.53,524.66,4939.36
Groceries,Tata,Salesperson,Black Friday Blowout,511524.85,186,2750.13,535.84,4961.05
Groceries,Tata,Salesperson,Cart Crasher Campaign,429516.36,164,2619.00,505.15,4923.75
Groceries,Tata,Salesperson,Cashback Carnival,493667.18,181,2727.44,544.59,4975.62
Groceries,Tata,Salesperson,Clearance Countdown,445118.69,160,2781.99,599.64,4998.78
Groceries,Tata,Salesperson,Countdown to Savings,434816.42,173,2513.39,500.91,4981.21
Groceries,Tata,Salesperson,Customer Appreciation Week,436956.54,156,2801.00,505.16,4997.51
Groceries,Tata,Salesperson,Cyber Monday Mania,472419.90,176,2684.20,506.44,4968.94
Groceries,Tata,Salesperson,Deal of the Month,564851.94,194,2911.61,516.78,4996.71
Groceries,Tata,Salesperson,Double Points Bonanza,440989.19,172,2563.89,509.49,4999.34
Groceries,Tata,Salesperson,Early Bird Specials,453584.83,171,2652.54,511.59,4983.85
Groceries,Tata,Salesperson,End of Season Sale,405647.17,147,2759.50,516.37,4960.84
Groceries,Tata,Salesperson,Exclusive Insider Offers,486043.86,177,2746.01,558.67,4989.67
Groceries,Tata,Salesperson,Festive Fever Promo,537770.86,193,2786.38,526.44,4943.83
Groceries,Tata,Salesperson,Final Call Frenzy,498170.58,173,2879.60,511.29,4995.49
Groceries,Tata,Salesperson,Flash Frenzy Friday,382364.56,145,2637.00,534.06,4990.84
Groceries,Tata,Salesperson,"Gift More, Spend Less",490380.97,181,2709.29,539.62,4990.54
Groceries,Tata,Salesperson,Golden Hour Bargains,500630.67,185,2706.11,508.71,4993.08
Groceries,Tata,Salesperson,Green Weekend Deals,458110.63,163,2810.49,525.90,4941.28
Groceries,Tata,Salesperson,Happy Hour Discounts,482530.16,173,2789.19,559.55,4962.61
Groceries,Tata,Salesperson,Holiday Shopping Rush,459474.91,169,2718.79,505.64,4999.06
Groceries,Tata,Salesperson,Hot Picks Promo,519857.55,170,3057.99,654.46,4967.62
Groceries,Tata,Salesperson,Instant Gratification Sale,532886.13,186,2864.98,524.03,4983.22
Groceries,Tata,Salesperson,Limited Time Treasures,482419.49,173,2788.55,508.05,4941.93
Groceries,Tata,Salesperson,Loyalty Rewards Blast,530121.42,186,2850.12,508.57,4951.19
Groceries,Tata,Salesperson,Mega Weekend Bonanza,423681.39,166,2552.30,537.35,4934.05
Groceries,Tata,Salesperson,Mid-Year Madness,511407.89,174,2939.13,500.47,4995.65
Groceries,Tata,Salesperson,Midnight Madness,476421.13,169,2819.06,618.60,4974.08
Groceries,Tata,Salesperson,Mystery Discount Days,459237.50,166,2766.49,527.14,4896.20
Groceries,Tata,Salesperson,New Arrival Showcase,481182.02,183,2629.41,502.27,4976.53
Groceries,Tata,Salesperson,New Product Launch Promo,421135.98,148,2845.51,536.56,4982.95
Groceries,Tata,Salesperson,New Year Kickoff,425042.68,158,2690.14,617.23,4971.59
Groceries,Tata,Salesperson,Price Drop Parade,418487.22,142,2947.09,563.50,4993.49
Groceries,Tata,Salesperson,Red Tag Clearance,411211.91,150,2741.41,540.87,4943.74
Groceries,Tata,Salesperson,Seasonal Surprise Box,380262.82,142,2677.91,505.51,4992.27
Groceries,Tata,Salesperson,Shop & Save Spectacular,478107.41,166,2880.17,541.69,4979.92
Groceries,Tata,Salesperson,Smart Shopper Week,475370.30,179,2655.70,516.91,4989.07
Groceries,Tata,Salesperson,Spring Refresh Event,412449.47,154,2678.24,512.51,4928.50
Groceries,Tata,Salesperson,Spring Splash Discounts,431181.43,157,2746.38,597.48,4986.70
Groceries,Tata,Salesperson,Summer Sizzle Promo,453897.11,164,2767.67,527.95,4949.25
Groceries,Tata,Salesperson,Super Savings Week,475429.58,170,2796.64,516.75,4996.91
Groceries,Tata,Salesperson,Ultimate Value Event,405149.23,161,2516.45,506.59,4992.62
Groceries,Tata,Salesperson,VIP Access Sale,506334.22,180,2812.97,508.05,4967.78
Groceries,Tata,Salesperson,Weekend Warrior Specials,478080.80,170,2812.24,523.22,4955.99
Groceries,Tata,Salesperson,Winter Clearance Carnival,482963.52,170,2840.96,542.01,4999.97
Groceries,Tata,Salesperson,Winter Wonders Sale,472208.90,175,2698.34,515.32,4986.54
Groceries,Tata,Senior Salesperson,12 Days of Deals,376776.60,137,2750.19,506.22,4982.14
Groceries,Tata,Senior Salesperson,Autumn Deals Drive,415557.24,149,2788.97,545.11,4891.60
Groceries,Tata,Senior Salesperson,BOGO Blitz,438881.21,172,2551.63,541.01,4983.29
Groceries,Tata,Senior Salesperson,Back to School Boost,436947.43,152,2874.65,520.02,4976.28
Groceries,Tata,Senior Salesperson,Birthday Bash Sale,415853.05,152,2735.88,534.09,4974.87
Groceries,Tata,Senior Salesperson,Black Friday Blowout,451394.46,161,2803.69,522.21,4956.11
Groceries,Tata,Senior Salesperson,Cart Crasher Campaign,461836.19,163,2833.35,505.99,4938.25
Groceries,Tata,Senior Salesperson,Cashback Carnival,398534.79,145,2748.52,607.14,4967.62
Groceries,Tata,Senior Salesperson,Clearance Countdown,369142.75,136,2714.28,502.02,4984.14
Groceries,Tata,Senior Salesperson,Countdown to Savings,446938.48,160,2793.37,525.83,4989.73
Groceries,Tata,Senior Salesperson,Customer Appreciation Week,386521.21,147,2629.40,573.54,4982.70
Groceries,Tata,Senior Salesperson,Cyber Monday Mania,415357.76,154,2697.13,507.95,4976.05
Groceries,Tata,Senior Salesperson,Deal of the Month,376076.33,139,2705.59,545.72,4934.95
Groceries,Tata,Senior Salesperson,Double Points Bonanza,421710.88,159,2652.27,512.98,4965.18
Groceries,Tata,Senior Salesperson,Early Bird Specials,426548.82,150,2843.66,548.86,4975.78
Groceries,Tata,Senior Salesperson,End of Season Sale,528859.42,184,2874.24,503.98,4968.93
Groceries,Tata,Senior Salesperson,Exclusive Insider Offers,449268.55,153,2936.40,504.09,4987.57
Groceries,Tata,Senior Salesperson,Festive Fever Promo,404309.63,144,2807.71,553.26,4941.39
Groceries,Tata,Senior Salesperson,Final Call Frenzy,392169.30,156,2513.91,532.24,4989.78
Groceries,Tata,Senior Salesperson,Flash Frenzy Friday,365040.48,131,2786.57,504.91,4985.60
Groceries,Tata,Senior Salesperson,"Gift More, Spend Less",426031.49,150,2840.21,509.60,4966.88
Groceries,Tata,Senior Salesperson,Golden Hour Bargains,421571.31,154,2737.48,653.29,4999.90
Groceries,Tata,Senior Salesperson,Green Weekend Deals,458033.71,167,2742.72,508.74,4947.56
Groceries,Tata,Senior Salesperson,Happy Hour Discounts,439700.03,163,2697.55,511.52,4967.69
Groceries,Tata,Senior Salesperson,Holiday Shopping Rush,389495.38,133,2928.54,560.39,4998.79
Groceries,Tata,Senior Salesperson,Hot Picks Promo,446799.26,160,2792.50,612.02,4889.55
Groceries,Tata,Senior Salesperson,Instant Gratification Sale,394241.08,138,2856.82,500.33,4987.65
Groceries,Tata,Senior Salesperson,Limited Time Treasures,434193.74,156,2783.29,510.40,4983.03
Groceries,Tata,Senior Salesperson,Loyalty Rewards Blast,371066.50,131,2832.57,507.01,4968.31
Groceries,Tata,Senior Salesperson,Mega Weekend Bonanza,422795.28,158,2675.92,515.94,4996.49
Groceries,Tata,Senior Salesperson,Mid-Year Madness,454051.08,170,2670.89,500.32,4954.32
Groceries,Tata,Senior Salesperson,Midnight Madness,430604.05,146,2949.34,511.10,4939.00
Groceries,Tata,Senior Salesperson,Mystery Discount Days,439491.67,158,2781.59,507.90,4934.31
Groceries,Tata,Senior Salesperson,New Arrival Showcase,374057.00,140,2671.84,511.64,4858.66
Groceries,Tata,Senior Salesperson,New Product Launch Promo,421369.76,152,2772.17,531.59,4994.79
Groceries,Tata,Senior Salesperson,New Year Kickoff,493824.75,184,2683.83,547.01,4990.17
Groceries,Tata,Senior Salesperson,Price Drop Parade,393005.81,141,2787.28,550.56,4999.83
Groceries,Tata,Senior Salesperson,Red Tag Clearance,436280.38,150,2908.54,505.74,4946.37
Groceries,Tata,Senior Salesperson,Seasonal Surprise Box,458117.49,169,2710.75,543.71,4954.23
Groceries,Tata,Senior Salesperson,Shop & Save Spectacular,370066.03,138,2681.64,501.87,4993.94
Groceries,Tata,Senior Salesperson,Smart Shopper Week,419810.40,143,2935.74,533.71,4969.54
Groceries,Tata,Senior Salesperson,Spring Refresh Event,407145.36,148,2750.98,517.46,4974.58
Groceries,Tata,Senior Salesperson,Spring Splash Discounts,402812.39,149,2703.44,545.74,4946.81
Groceries,Tata,Senior Salesperson,Summer Sizzle Promo,438614.04,161,2724.31,501.39,4981.75
Groceries,Tata,Senior Salesperson,Super Savings Week,415441.89,147,2826.14,531.54,4953.01
Groceries,Tata,Senior Salesperson,Ultimate Value Event,461700.09,165,2798.18,507.81,4995.88
Groceries,Tata,Senior Salesperson,VIP Access Sale,482048.34,182,2648.62,509.80,4974.89
Groceries,Tata,Senior Salesperson,Weekend Warrior Specials,359801.55,130,2767.70,543.12,4956.37
Groceries,Tata,Senior Salesperson,Winter Clearance Carnival,422573.60,154,2743.98,507.62,4950.26
Groceries,Tata,Senior Salesperson,Winter Wonders Sale,421051.81,151,2788.42,558.62,4960.98
Home Appliances,Bosch,Manager,12 Days of Deals,424987.87,163,2607.29,523.85,4999.32
Home Appliances,Bosch,Manager,Autumn Deals Drive,470501.33,172,2735.47,518.61,4997.76
Home Appliances,Bosch,Manager,BOGO Blitz,470684.38,176,2674.34,509.99,4986.98
Home Appliances,Bosch,Manager,Back to School Boost,486099.96,180,2700.56,530.98,4992.97
Home Appliances,Bosch,Manager,Birthday Bash Sale,453885.67,176,2578.90,558.71,4996.64
Home Appliances,Bosch,Manager,Black Friday Blowout,361969.71,151,2397.15,522.50,4935.21
Home Appliances,Bosch,Manager,Cart Crasher Campaign,438942.47,157,2795.81,517.43,4984.24
Home Appliances,Bosch,Manager,Cashback Carnival,449826.28,155,2902.11,519.67,4905.77
Home Appliances,Bosch,Manager,Clearance Countdown,455777.01,174,2619.41,512.22,4981.27
Home Appliances,Bosch,Manager,Countdown to Savings,384055.42,144,2667.05,516.55,4938.08
Home Appliances,Bosch,Manager,Customer Appreciation Week,410063.81,153,2680.16,583.22,4970.12
Home Appliances,Bosch,Manager,Cyber Monday Mania,561836.64,198,2837.56,502.91,4967.59
Home Appliances,Bosch,Manager,Deal of the Month,528751.89,188,2812.51,531.50,4986.31
Home Appliances,Bosch,Manager,Double Points Bonanza,501167.60,189,2651.68,503.85,4998.02
Home Appliances,Bosch,Manager,Early Bird Specials,465775.21,174,2676.87,502.49,4995.57
Home Appliances,Bosch,Manager,End of Season Sale,471027.09,183,2573.92,530.84,4999.19
Home Appliances,Bosch,Manager,Exclusive Insider Offers,447822.54,160,2798.89,530.98,4996.02
Home Appliances,Bosch,Manager,Festive Fever Promo,429525.99,154,2789.13,507.88,4963.38
Home Appliances,Bosch,Manager,Final Call Frenzy,478115.15,169,2829.08,556.58,4959.29
Home Appliances,Bosch,Manager,Flash Frenzy Friday,515498.71,192,2684.89,504.30,4988.13
Home Appliances,Bosch,Manager,"Gift More, Spend Less",424953.03,162,2623.17,524.84,4932.31
Home Appliances,Bosch,Manager,Golden Hour Bargains,426307.24,161,2647.87,578.08,4986.82
Home Appliances,Bosch,Manager,Green Weekend Deals,456065.66,162,2815.22,526.09,4988.41
Home Appliances,Bosch,Manager,Happy Hour Discounts,421712.28,158,2669.07,510.67,4969.19
Home Appliances,Bosch,Manager,Holiday Shopping Rush,434129.11,161,2696.45,612.00,4959.80
Home Appliances,Bosch,Manager,Hot Picks Promo,415455.59,165,2517.91,503.76,4994.98
Home Appliances,Bosch,Manager,Instant Gratification Sale,474289.04,175,2710.22,508.53,4961.45
Home Appliances,Bosch,Manager,Limited Time Treasures,491841.26,183,2687.66,505.55,4946.09
Home Appliances,Bosch,Manager,Loyalty Rewards Blast,380585.91,144,2642.96,516.91,4917.58
Home Appliances,Bosch,Manager,Mega Weekend Bonanza,455640.51,174,2618.62,508.82,4931.73
Home Appliances,Bosch,Manager,Mid-Year Madness,458641.66,173,2651.11,527.78,4959.77
Home Appliances,Bosch,Manager,Midnight Madness,474746.95,168,2825.87,521.02,4976.67
Home Appliances,Bosch,Manager,Mystery Discount Days,439590.69,161,2730.38,503.19,4984.00
Home Appliances,Bosch,Manager,New Arrival Showcase,505681.79,194,2606.61,524.04,4971.15
Home Appliances,Bosch,Manager,New Product Launch Promo,503568.61,181,2782.15,509.54,4914.35
Home Appliances,Bosch,Manager,New Year Kickoff,431676.24,162,2664.67,526.57,4989.14
Home Appliances,Bosch,Manager,Price Drop Parade,555748.69,198,2806.81,515.20,4972.07
Home Appliances,Bosch,Manager,Red Tag Clearance,370366.11,145,2554.25,500.88,4998.91
Home Appliances,Bosch,Manager,Seasonal Surprise Box,477619.42,173,2760.81,515.74,4989.03
Home Appliances,Bosch,Manager,Shop & Save Spectacular,464928.51,160,2905.80,516.11,4989.10
Home Appliances,Bosch,Manager,Smart Shopper Week,434478.23,159,2732.57,510.10,4976.44
Home Appliances,Bosch,Manager,Spring Refresh Event,491075.62,173,2838.59,508.04,4978.98
Home Appliances,Bosch,Manager,Spring Splash Discounts,525878.21,181,2905.40,510.27,4999.80
Home Appliances,Bosch,Manager,Summer Sizzle Promo,472524.30,157,3009.71,664.88,4973.82
Home Appliances,Bosch,Manager,Super Savings Week,439812.53,159,2766.12,501.99,4909.32
Home Appliances,Bosch,Manager,Ultimate Value Event,469100.30,167,2808.98,546.11,4973.09
Home Appliances,Bosch,Manager,VIP Access Sale,463664.84,164,2827.22,556.25,4976.21
Home Appliances,Bosch,Manager,Weekend Warrior Specials,399091.01,153,2608.44,505.78,4981.18
Home Appliances,Bosch,Manager,Winter Clearance Carnival,448716.74,154,2913.75,630.01,4970.34
Home Appliances,Bosch,Manager,Winter Wonders Sale,470804.84,170,2769.44,557.30,4984.43
Home Appliances,Bosch,Sales Associate,12 Days of Deals,423996.37,174,2436.76,504.11,4938.67
Home Appliances,Bosch,Sales Associate,Autumn Deals Drive,419749.19,158,2656.64,545.90,4992.17
Home Appliances,Bosch,Sales Associate,BOGO Blitz,483767.17,173,2796.34,503.66,4997.47
Home Appliances,Bosch,Sales Associate,Back to School Boost,442882.16,167,2651.99,529.02,4975.40
Home Appliances,Bosch,Sales Associate,Birthday Bash Sale,454393.96,175,2596.54,526.70,4996.94
Home Appliances,Bosch,Sales Associate,Black Friday Blowout,522536.54,190,2750.19,508.64,4973.40
Home Appliances,Bosch,Sales Associate,Cart Crasher Campaign,478069.97,176,2716.31,546.90,4994.64
Home Appliances,Bosch,Sales Associate,Cashback Carnival,443046.95,166,2668.96,520.34,4948.03
Home Appliances,Bosch,Sales Associate,Clearance Countdown,467497.38,175,2671.41,501.02,4995.95
Home Appliances,Bosch,Sales Associate,Countdown to Savings,485366.21,173,2805.59,571.59,4966.57
Home Appliances,Bosch,Sales Associate,Customer Appreciation Week,428140.74,160,2675.88,528.70,4903.08
Home Appliances,Bosch,Sales Associate,Cyber Monday Mania,509897.39,190,2683.67,536.26,4976.81
Home Appliances,Bosch,Sales Associate,Deal of the Month,408724.98,150,2724.83,501.60,4982.60
Home Appliances,Bosch,Sales Associate,Double Points Bonanza,489603.65,176,2781.84,506.17,4993.50
Home Appliances,Bosch,Sales Associate,Early Bird Specials,540911.95,200,2704.56,505.17,4941.87
Home Appliances,Bosch,Sales Associate,End of Season Sale,518396.89,185,2802.15,520.91,4990.44
Home Appliances,Bosch,Sales Associate,Exclusive Insider Offers,480485.23,172,2793.52,504.93,4998.02
Home Appliances,Bosch,Sales Associate,Festive Fever Promo,475546.15,181,2627.33,530.60,4938.32
Home Appliances,Bosch,Sales Associate,Final Call Frenzy,468339.19,177,2645.98,516.35,4889.19
Home Appliances,Bosch,Sales Associate,Flash Frenzy Friday,514444.76,183,2811.17,514.55,4975.88
Home Appliances,Bosch,Sales Associate,"Gift More, Spend Less",430907.20,155,2780.05,515.29,4945.09
Home Appliances,Bosch,Sales Associate,Golden Hour Bargains,442293.52,159,2781.72,681.33,4990.85
Home Appliances,Bosch,Sales Associate,Green Weekend Deals,468413.67,174,2692.03,517.77,4968.85
Home Appliances,Bosch,Sales Associate,Happy Hour Discounts,522327.90,191,2734.70,504.73,4994.19
Home Appliances,Bosch,Sales Associate,Holiday Shopping Rush,482869.23,173,2791.15,512.78,4953.48
Home Appliances,Bosch,Sales Associate,Hot Picks Promo,512106.01,187,2738.53,519.69,4970.93
Home Appliances,Bosch,Sales Associate,Instant Gratification Sale,497925.82,190,2620.66,513.46,4968.47
Home Appliances,Bosch,Sales Associate,Limited Time Treasures,504083.63,189,2667.11,537.63,4986.23
Home Appliances,Bosch,Sales Associate,Loyalty Rewards Blast,460015.73,170,2705.97,504.89,4906.58
Home Appliances,Bosch,Sales Associate,Mega Weekend Bonanza,478390.97,185,2585.90,515.46,4919.60
Home Appliances,Bosch,Sales Associate,Mid-Year Madness,485144.23,178,2725.53,539.05,4978.05
Home Appliances,Bosch,Sales Associate,Midnight Madness,455430.23,165,2760.18,513.66,4986.02
Home Appliances,Bosch,Sales Associate,Mystery Discount Days,455227.06,166,2742.33,530.13,4939.54
Home Appliances,Bosch,Sales Associate,New Arrival Showcase,474526.36,166,2858.59,553.30,4998.09
Home Appliances,Bosch,Sales Associate,New Product Launch Promo,504495.30,180,2802.75,524.16,4925.98
Home Appliances,Bosch,Sales Associate,New Year Kickoff,404084.07,157,2573.78,500.10,4975.23
Home Appliances,Bosch,Sales Associate,Price Drop Parade,498174.51,176,2830.54,518.20,4989.69
Home Appliances,Bosch,Sales Associate,Red Tag Clearance,469339.20,165,2844.48,507.44,4985.87
Home Appliances,Bosch,Sales Associate,Seasonal Surprise Box,505131.35,186,2715.76,505.59,4998.58
Home Appliances,Bosch,Sales Associate,Shop & Save Spectacular,460927.70,173,2664.32,540.10,4882.36
Home Appliances,Bosch,Sales Associate,Smart Shopper Week,411207.87,153,2687.63,541.92,4924.82
Home Appliances,Bosch,Sales Associate,Spring Refresh Event,493656.32,182,2712.40,501.78,4981.60
Home Appliances,Bosch,Sales Associate,Spring Splash Discounts,430020.16,160,2687.63,591.81,4972.77
Home Appliances,Bosch,Sales Associate,Summer Sizzle Promo,467806.41,165,2835.19,518.13,4943.83
Home Appliances,Bosch,Sales Associate,Super Savings Week,545103.16,196,2781.14,530.24,4971.79
Home Appliances,Bosch,Sales Associate,Ultimate Value Event,481009.70,177,2717.57,512.34,4967.62
Home Appliances,Bosch,Sales Associate,VIP Access Sale,493971.79,183,2699.30,549.15,4954.32
Home Appliances,Bosch,Sales Associate,Weekend Warrior Specials,428766.52,159,2696.64,521.91,4930.17
Home Appliances,Bosch,Sales Associate,Winter Clearance Carnival,488363.18,172,2839.32,523.72,4982.49
Home Appliances,Bosch,Sales Associate,Winter Wonders Sale,497148.33,181,2746.68,604.66,4999.74
Home Appliances,Bosch,Salesperson,12 Days of Deals,466571.54,174,2681.45,517.64,4995.00
Home Appliances,Bosch,Salesperson,Autumn Deals Drive,501613.69,190,2640.07,506.50,4974.23
Home Appliances,Bosch,Salesperson,BOGO Blitz,432031.12,161,2683.42,504.57,4946.99
Home Appliances,Bosch,Salesperson,Back to School Boost,481971.06,179,2692.58,500.13,4978.10
Home Appliances,Bosch,Salesperson,Birthday Bash Sale,433604.97,171,2535.70,530.53,4976.22
Home Appliances,Bosch,Salesperson,Black Friday Blowout,406984.15,155,2625.70,516.49,4935.74
Home Appliances,Bosch,Salesperson,Cart Crasher Campaign,443001.06,154,2876.63,510.35,4984.35
Home Appliances,Bosch,Salesperson,Cashback Carnival,479279.36,169,2835.97,513.18,4964.44
Home Appliances,Bosch,Salesperson,Clearance Countdown,448830.88,159,2822.84,601.80,4948.05
Home Appliances,Bosch,Salesperson,Countdown to Savings,470889.69,166,2836.68,523.62,4897.73
Home Appliances,Bosch,Salesperson,Customer Appreciation Week,543199.96,199,2729.65,502.07,4990.07
Home Appliances,Bosch,Salesperson,Cyber Monday Mania,431555.32,158,2731.36,503.20,4970.33
Home Appliances,Bosch,Salesperson,Deal of the Month,485357.66,181,2681.53,502.14,4985.15
Home Appliances,Bosch,Salesperson,Double Points Bonanza,525649.53,190,2766.58,517.58,4918.27
Home Appliances,Bosch,Salesperson,Early Bird Specials,423292.16,158,2679.06,510.39,4994.00
Home Appliances,Bosch,Salesperson,End of Season Sale,485206.39,181,2680.70,514.39,4888.83
Home Appliances,Bosch,Salesperson,Exclusive Insider Offers,490922.99,166,2957.37,503.97,4986.50
Home Appliances,Bosch,Salesperson,Festive Fever Promo,503625.38,188,2678.86,506.12,4991.17
Home Appliances,Bosch,Salesperson,Final Call Frenzy,482427.91,174,2772.57,523.58,4989.24
Home Appliances,Bosch,Salesperson,Flash Frenzy Friday,429962.38,161,2670.57,602.84,4968.99
Home Appliances,Bosch,Salesperson,"Gift More, Spend Less",487584.27,184,2649.91,546.58,4961.67
Home Appliances,Bosch,Salesperson,Golden Hour Bargains,446536.98,159,2808.41,544.38,4975.34
Home Appliances,Bosch,Salesperson,Green Weekend Deals,491864.62,178,2763.28,503.29,4977.38
Home Appliances,Bosch,Salesperson,Happy Hour Discounts,517503.51,184,2812.52,510.31,4994.66
Home Appliances,Bosch,Salesperson,Holiday Shopping Rush,402010.19,145,2772.48,526.76,4968.05
Home Appliances,Bosch,Salesperson,Hot Picks Promo,460845.03,169,2726.89,540.16,4994.65
Home Appliances,Bosch,Salesperson,Instant Gratification Sale,499615.99,174,2871.36,632.06,4979.59
Home Appliances,Bosch,Salesperson,Limited Time Treasures,427014.68,171,2497.16,515.46,4922.88
Home Appliances,Bosch,Salesperson,Loyalty Rewards Blast,453376.51,165,2747.74,502.39,4998.98
Home Appliances,Bosch,Salesperson,Mega Weekend Bonanza,429260.93,164,2617.44,513.49,4995.11
Home Appliances,Bosch,Salesperson,Mid-Year Madness,529830.55,177,2993.39,523.24,4992.45
Home Appliances,Bosch,Salesperson,Midnight Madness,412195.62,159,2592.43,523.48,4979.06
Home Appliances,Bosch,Salesperson,Mystery Discount Days,442510.90,166,2665.73,507.78,4994.86
Home Appliances,Bosch,Salesperson,New Arrival Showcase,452810.37,167,2711.44,534.33,4964.15
Home Appliances,Bosch,Salesperson,New Product Launch Promo,498022.77,184,2706.65,500.80,4968.14
Home Appliances,Bosch,Salesperson,New Year Kickoff,456476.12,164,2783.39,523.67,4972.54
Home Appliances,Bosch,Salesperson,Price Drop Parade,505970.95,179,2826.65,507.80,4992.73
Home Appliances,Bosch,Salesperson,Red Tag Clearance,468341.72,174,2691.62,514.93,4962.97
Home Appliances,Bosch,Salesperson,Seasonal Surprise Box,464475.27,171,2716.23,525.27,4998.61
Home Appliances,Bosch,Salesperson,Shop & Save Spectacular,496416.04,176,2820.55,541.25,4993.98
Home Appliances,Bosch,Salesperson,Smart Shopper Week,431280.70,163,2645.89,539.44,4945.71
Home Appliances,Bosch,Salesperson,Spring Refresh Event,456083.35,169,2698.72,516.63,4972.56
Home Appliances,Bosch,Salesperson,Spring Splash Discounts,497660.49,181,2749.51,568.39,4966.73
Home Appliances,Bosch,Salesperson,Summer Sizzle Promo,553421.20,194,2852.69,505.55,4998.36
Home Appliances,Bosch,Salesperson,Super Savings Week,517278.11,193,2680.20,560.14,4985.30
Home Appliances,Bosch,Salesperson,Ultimate Value Event,517238.72,189,2736.71,505.90,4942.10
Home Appliances,Bosch,Salesperson,VIP Access Sale,504548.06,169,2985.49,502.76,4983.36
Home Appliances,Bosch,Salesperson,Weekend Warrior Specials,493156.85,174,2834.23,519.68,4987.65
Home Appliances,Bosch,Salesperson,Winter Clearance Carnival,445496.22,156,2855.75,502.95,4991.75
Home Appliances,Bosch,Salesperson,Winter Wonders Sale,440753.77,165,2671.23,513.89,4934.63
Home Appliances,Bosch,Senior Salesperson,12 Days of Deals,377714.34,149,2535.00,509.29,4967.84
Home Appliances,Bosch,Senior Salesperson,Autumn Deals Drive,374689.92,143,2620.21,538.14,4970.58
Home Appliances,Bosch,Senior Salesperson,BOGO Blitz,343456.19,129,2662.45,544.98,4977.76
Home Appliances,Bosch,Senior Salesperson,Back to School Boost,359910.69,125,2879.29,516.87,4960.66
Home Appliances,Bosch,Senior Salesperson,Birthday Bash Sale,394502.43,135,2922.24,558.26,4994.42
Home Appliances,Bosch,Senior Salesperson,Black Friday Blowout,421631.49,145,2907.80,545.37,4949.22
Home Appliances,Bosch,Senior Salesperson,Cart Crasher Campaign,398615.86,147,2711.67,507.03,4993.68
Home Appliances,Bosch,Senior Salesperson,Cashback Carnival,415263.26,161,2579.27,536.37,4991.33
Home Appliances,Bosch,Senior Salesperson,Clearance Countdown,446205.28,167,2671.89,536.12,4989.38
Home Appliances,Bosch,Senior Salesperson,Countdown to Savings,364890.14,136,2683.02,502.22,4999.30
Home Appliances,Bosch,Senior Salesperson,Customer Appreciation Week,412284.89,150,2748.57,554.39,4977.70
Home Appliances,Bosch,Senior Salesperson,Cyber Monday Mania,333934.27,126,2650.27,521.19,4994.48
Home Appliances,Bosch,Senior Salesperson,Deal of the Month,365641.24,135,2708.45,541.03,4904.28
Home Appliances,Bosch,Senior Salesperson,Double Points Bonanza,388907.87,144,2700.75,506.58,4996.68
Home Appliances,Bosch,Senior Salesperson,Early Bird Specials,487315.65,170,2866.56,598.24,4985.72
Home Appliances,Bosch,Senior Salesperson,End of Season Sale,388706.58,141,2756.78,512.22,4914.90
Home Appliances,Bosch,Senior Salesperson,Exclusive Insider Offers,372626.52,143,2605.78,535.75,4966.68
Home Appliances,Bosch,Senior Salesperson,Festive Fever Promo,437699.51,159,2752.83,500.98,4981.86
Home Appliances,Bosch,Senior Salesperson,Final Call Frenzy,530480.01,183,2898.80,525.11,4989.15
Home Appliances,Bosch,Senior Salesperson,Flash Frenzy Friday,408244.83,151,2703.61,527.75,4968.77
Home Appliances,Bosch,Senior Salesperson,"Gift More, Spend Less",470219.41,173,2718.03,521.43,4857.96
Home Appliances,Bosch,Senior Salesperson,Golden Hour Bargains,412861.65,143,2887.14,500.65,4944.06
Home Appliances,Bosch,Senior Salesperson,Green Weekend Deals,477529.91,178,2682.75,503.05,4996.73
Home Appliances,Bosch,Senior Salesperson,Happy Hour Discounts,424824.70,151,2813.41,505.19,4980.09
Home Appliances,Bosch,Senior Salesperson,Holiday Shopping Rush,381302.14,139,2743.18,542.27,4986.26
Home Appliances,Bosch,Senior Salesperson,Hot Picks Promo,455521.78,168,2711.44,536.54,4982.89
Home Appliances,Bosch,Senior Salesperson,Instant Gratification Sale,377756.40,141,2679.12,509.24,4976.42
Home Appliances,Bosch,Senior Salesperson,Limited Time Treasures,457384.17,170,2690.50,503.29,4979.98
Home Appliances,Bosch,Senior Salesperson,Loyalty Rewards Blast,378574.57,132,2867.99,519.43,4989.24
Home Appliances,Bosch,Senior Salesperson,Mega Weekend Bonanza,395659.52,142,2786.33,596.88,4892.99
Home Appliances,Bosch,Senior Salesperson,Mid-Year Madness,397657.77,144,2761.51,504.23,4985.48
Home Appliances,Bosch,Senior Salesperson,Midnight Madness,403893.07,145,2785.47,502.75,4995.31
Home Appliances,Bosch,Senior Salesperson,Mystery Discount Days,378546.03,130,2911.89,570.03,4934.71
Home Appliances,Bosch,Senior Salesperson,New Arrival Showcase,404871.27,156,2595.33,539.37,4995.95
Home Appliances,Bosch,Senior Salesperson,New Product Launch Promo,455525.44,164,2777.59,541.26,4978.16
Home Appliances,Bosch,Senior Salesperson,New Year Kickoff,355081.43,134,2649.86,558.83,4951.92
Home Appliances,Bosch,Senior Salesperson,Price Drop Parade,452818.99,159,2847.92,517.19,4938.36
Home Appliances,Bosch,Senior Salesperson,Red Tag Clearance,505188.76,178,2838.14,525.89,4979.34
Home Appliances,Bosch,Senior Salesperson,Seasonal Surprise Box,369406.32,142,2601.45,520.54,4942.01
Home Appliances,Bosch,Senior Salesperson,Shop & Save Spectacular,359557.89,136,2643.81,636.58,4991.10
Home Appliances,Bosch,Senior Salesperson,Smart Shopper Week,498252.22,173,2880.07,557.51,4991.04
Home Appliances,Bosch,Senior Salesperson,Spring Refresh Event,359837.21,150,2398.91,516.49,4934.82
Home Appliances,Bosch,Senior Salesperson,Spring Splash Discounts,404873.18,148,2735.63,503.39,4995.52
Home Appliances,Bosch,Senior Salesperson,Summer Sizzle Promo,409616.89,156,2625.75,547.28,4938.62
Home Appliances,Bosch,Senior Salesperson,Super Savings Week,420525.23,156,2695.67,521.53,4942.99
Home Appliances,Bosch,Senior Salesperson,Ultimate Value Event,386193.72,149,2591.90,501.78,4998.56
Home Appliances,Bosch,Senior Salesperson,VIP Access Sale,414628.48,162,2559.44,500.66,4969.25
Home Appliances,Bosch,Senior Salesperson,Weekend Warrior Specials,440433.74,160,2752.71,522.66,4984.14
Home Appliances,Bosch,Senior Salesperson,Winter Clearance Carnival,429065.61,153,2804.35,509.17,4991.60
Home Appliances,Bosch,Senior Salesperson,Winter Wonders Sale,358929.53,139,2582.23,525.01,4880.85
Home Appliances,Haier,Manager,12 Days of Deals,436229.47,156,2796.34,509.06,4997.95
Home Appliances,Haier,Manager,Autumn Deals Drive,425962.39,171,2491.01,501.18,4997.36
Home Appliances,Haier,Manager,BOGO Blitz,544309.81,188,2895.26,507.20,4989.32
Home Appliances,Haier,Manager,Back to School Boost,410632.65,156,2632.26,520.38,4979.01
Home Appliances,Haier,Manager,Birthday Bash Sale,497827.37,176,2828.56,509.48,4992.41
Home Appliances,Haier,Manager,Black Friday Blowout,501352.33,182,2754.68,536.15,4949.38
Home Appliances,Haier,Manager,Cart Crasher Campaign,445390.38,166,2683.07,503.85,4998.05
Home Appliances,Haier,Manager,Cashback Carnival,526237.54,186,2829.23,511.57,4985.94
Home Appliances,Haier,Manager,Clearance Countdown,369443.68,134,2757.04,547.38,4989.41
Home Appliances,Haier,Manager,Countdown to Savings,479703.19,178,2694.96,529.42,4977.91
Home Appliances,Haier,Manager,Customer Appreciation Week,507927.94,180,2821.82,529.52,4977.09
Home Appliances,Haier,Manager,Cyber Monday Mania,467231.91,169,2764.69,520.04,4970.95
Home Appliances,Haier,Manager,Deal of the Month,399156.69,136,2934.98,522.64,4987.09
Home Appliances,Haier,Manager,Double Points Bonanza,424394.89,153,2773.82,524.63,4963.74
Home Appliances,Haier,Manager,Early Bird Specials,522899.53,184,2841.85,536.67,4999.06
Home Appliances,Haier,Manager,End of Season Sale,542088.45,181,2994.96,523.16,4960.50
Home Appliances,Haier,Manager,Exclusive Insider Offers,397395.66,143,2778.99,547.35,4986.96
Home Appliances,Haier,Manager,Festive Fever Promo,462507.68,162,2854.99,586.88,4922.55
Home Appliances,Haier,Manager,Final Call Frenzy,497216.71,178,2793.35,516.79,4940.28
Home Appliances,Haier,Manager,Flash Frenzy Friday,485152.26,178,2725.57,544.12,4996.85
Home Appliances,Haier,Manager,"Gift More, Spend Less",437538.06,162,2700.85,510.76,4987.44
Home Appliances,Haier,Manager,Golden Hour Bargains,449453.60,169,2659.49,517.65,4992.15
Home Appliances,Haier,Manager,Green Weekend Deals,423977.73,157,2700.50,516.25,4995.08
Home Appliances,Haier,Manager,Happy Hour Discounts,478095.86,185,2584.30,535.47,4987.44
Home Appliances,Haier,Manager,Holiday Shopping Rush,489638.01,181,2705.18,501.91,4997.27
Home Appliances,Haier,Manager,Hot Picks Promo,445800.80,164,2718.30,510.42,4967.12
Home Appliances,Haier,Manager,Instant Gratification Sale,474087.73,172,2756.32,524.80,4997.94
Home Appliances,Haier,Manager,Limited Time Treasures,455910.04,168,2713.75,510.26,4962.87
Home Appliances,Haier,Manager,Loyalty Rewards Blast,496986.37,183,2715.77,523.62,4979.51
Home Appliances,Haier,Manager,Mega Weekend Bonanza,434319.18,156,2784.10,502.30,4964.06
Home Appliances,Haier,Manager,Mid-Year Madness,370484.74,135,2744.33,568.30,4962.45
Home Appliances,Haier,Manager,Midnight Madness,455117.85,169,2693.01,551.99,4975.94
Home Appliances,Haier,Manager,Mystery Discount Days,475794.01,166,2866.23,561.80,4993.56
Home Appliances,Haier,Manager,New Arrival Showcase,509629.39,184,2769.72,531.50,4996.75
Home Appliances,Haier,Manager,New Product Launch Promo,483758.10,179,2702.56,505.85,4987.33
Home Appliances,Haier,Manager,New Year Kickoff,442786.11,167,2651.41,502.92,4984.54
Home Appliances,Haier,Manager,Price Drop Parade,491098.50,180,2728.32,512.15,4987.17
Home Appliances,Haier,Manager,Red Tag Clearance,422487.54,156,2708.25,534.32,4945.36
Home Appliances,Haier,Manager,Seasonal Surprise Box,492023.74,180,2733.47,515.41,4983.20
Home Appliances,Haier,Manager,Shop & Save Spectacular,433255.74,156,2777.28,563.89,4951.29
Home Appliances,Haier,Manager,Smart Shopper Week,488915.05,182,2686.35,542.46,4936.98
Home Appliances,Haier,Manager,Spring Refresh Event,458282.66,163,2811.55,546.26,4981.42
Home Appliances,Haier,Manager,Spring Splash Discounts,507356.56,179,2834.39,514.57,4998.92
Home Appliances,Haier,Manager,Summer Sizzle Promo,491006.42,182,2697.84,500.92,4959.06
Home Appliances,Haier,Manager,Super Savings Week,402370.87,157,2562.87,500.00,4911.35
Home Appliances,Haier,Manager,Ultimate Value Event,475527.44,171,2780.86,529.92,4995.13
Home Appliances,Haier,Manager,VIP Access Sale,432191.34,163,2651.48,512.80,4994.82
Home Appliances,Haier,Manager,Weekend Warrior Specials,458660.87,168,2730.12,539.36,4964.32
Home Appliances,Haier,Manager,Winter Clearance Carnival,451355.53,158,2856.68,529.23,4990.51
Home Appliances,Haier,Manager,Winter Wonders Sale,431896.30,159,2716.33,507.20,4970.91
Home Appliances,Haier,Sales Associate,12 Days of Deals,496442.22,178,2789.00,531.12,4990.47
Home Appliances,Haier,Sales Associate,Autumn Deals Drive,512862.17,185,2772.23,516.73,4988.25
Home Appliances,Haier,Sales Associate,BOGO Blitz,448740.46,169,2655.27,517.62,4946.11
Home Appliances,Haier,Sales Associate,Back to School Boost,533743.50,185,2885.10,512.31,4995.75
Home Appliances,Haier,Sales Associate,Birthday Bash Sale,478073.62,171,2795.75,555.83,4973.80
Home Appliances,Haier,Sales Associate,Black Friday Blowout,408337.42,150,2722.25,554.66,4991.37
Home Appliances,Haier,Sales Associate,Cart Crasher Campaign,511409.87,177,2889.32,526.02,4935.48
Home Appliances,Haier,Sales Associate,Cashback Carnival,450428.82,172,2618.77,505.90,4969.69
Home Appliances,Haier,Sales Associate,Clearance Countdown,463315.48,171,2709.45,525.75,4968.65
Home Appliances,Haier,Sales Associate,Countdown to Savings,504182.01,178,2832.48,518.31,4996.58
Home Appliances,Haier,Sales Associate,Customer Appreciation Week,524504.04,184,2850.57,507.64,4983.05
Home Appliances,Haier,Sales Associate,Cyber Monday Mania,462087.83,169,2734.25,504.75,4983.64
Home Appliances,Haier,Sales Associate,Deal of the Month,477224.51,182,2622.11,501.47,4964.91
Home Appliances,Haier,Sales Associate,Double Points Bonanza,498819.29,181,2755.91,522.00,4989.32
Home Appliances,Haier,Sales Associate,Early Bird Specials,535123.42,188,2846.40,503.37,4967.20
Home Appliances,Haier,Sales Associate,End of Season Sale,528223.40,190,2780.12,521.89,4983.83
Home Appliances,Haier,Sales Associate,Exclusive Insider Offers,513759.14,180,2854.22,513.00,4998.93
Home Appliances,Haier,Sales Associate,Festive Fever Promo,485364.65,178,2726.77,500.36,4996.92
Home Appliances,Haier,Sales Associate,Final Call Frenzy,527786.06,181,2915.95,510.19,4984.46
Home Appliances,Haier,Sales Associate,Flash Frenzy Friday,499934.06,175,2856.77,536.66,4936.43
Home Appliances,Haier,Sales Associate,"Gift More, Spend Less",483353.82,168,2877.11,533.28,4974.12
Home Appliances,Haier,Sales Associate,Golden Hour Bargains,454340.65,162,2804.57,524.79,4982.47
Home Appliances,Haier,Sales Associate,Green Weekend Deals,523687.11,193,2713.40,519.11,4944.13
Home Appliances,Haier,Sales Associate,Happy Hour Discounts,541976.60,196,2765.19,505.53,4992.76
Home Appliances,Haier,Sales Associate,Holiday Shopping Rush,509226.72,177,2876.99,501.74,4971.76
Home Appliances,Haier,Sales Associate,Hot Picks Promo,536406.60,193,2779.31,523.99,4991.08
Home Appliances,Haier,Sales Associate,Instant Gratification Sale,473567.60,177,2675.52,531.76,4950.95
Home Appliances,Haier,Sales Associate,Limited Time Treasures,375945.86,150,2506.31,513.33,4948.36
Home Appliances,Haier,Sales Associate,Loyalty Rewards Blast,498822.16,192,2598.03,502.48,4978.47
Home Appliances,Haier,Sales Associate,Mega Weekend Bonanza,477097.47,163,2926.98,502.05,4992.43
Home Appliances,Haier,Sales Associate,Mid-Year Madness,472876.94,171,2765.36,507.69,4993.47
Home Appliances,Haier,Sales Associate,Midnight Madness,530295.60,190,2791.03,585.05,4979.63
Home Appliances,Haier,Sales Associate,Mystery Discount Days,509885.41,188,2712.16,522.84,4982.28
Home Appliances,Haier,Sales Associate,New Arrival Showcase,434245.53,169,2569.50,509.40,4992.52
Home Appliances,Haier,Sales Associate,New Product Launch Promo,566966.13,201,2820.73,506.98,4977.38
Home Appliances,Haier,Sales Associate,New Year Kickoff,497987.02,171,2912.20,531.77,4983.53
Home Appliances,Haier,Sales Associate,Price Drop Parade,470237.22,176,2671.80,512.13,4971.13
Home Appliances,Haier,Sales Associate,Red Tag Clearance,386502.73,146,2647.28,577.01,4938.40
Home Appliances,Haier,Sales Associate,Seasonal Surprise Box,506965.39,181,2800.91,583.24,4998.82
Home Appliances,Haier,Sales Associate,Shop & Save Spectacular,444332.85,171,2598.44,509.98,4920.81
Home Appliances,Haier,Sales Associate,Smart Shopper Week,469645.75,175,2683.69,526.84,4961.09
Home Appliances,Haier,Sales Associate,Spring Refresh Event,464170.74,165,2813.16,526.41,4979.37
Home Appliances,Haier,Sales Associate,Spring Splash Discounts,487146.98,184,2647.54,538.54,4975.19
Home Appliances,Haier,Sales Associate,Summer Sizzle Promo,448759.71,158,2840.25,500.57,4986.22
Home Appliances,Haier,Sales Associate,Super Savings Week,386020.34,142,2718.45,535.78,4957.53
Home Appliances,Haier,Sales Associate,Ultimate Value Event,509648.42,184,2769.83,528.74,4997.27
Home Appliances,Haier,Sales Associate,VIP Access Sale,509715.05,187,2725.75,503.46,4963.11
Home Appliances,Haier,Sales Associate,Weekend Warrior Specials,522948.54,190,2752.36,542.65,4993.77
Home Appliances,Haier,Sales Associate,Winter Clearance Carnival,496437.36,178,2788.97,541.29,4987.30
Home Appliances,Haier,Sales Associate,Winter Wonders Sale,475479.34,176,2701.59,538.75,4933.38
Home Appliances,Haier,Salesperson,12 Days of Deals,527225.37,185,2849.87,544.31,4997.95
Home Appliances,Haier,Salesperson,Autumn Deals Drive,479759.49,184,2607.39,519.81,4993.37
Home Appliances,Haier,Salesperson,BOGO Blitz,529808.24,187,2833.20,561.20,4993.38
Home Appliances,Haier,Salesperson,Back to School Boost,481197.15,167,2881.42,581.38,4977.67
Home Appliances,Haier,Salesperson,Birthday Bash Sale,424455.04,165,2572.45,503.22,4942.17
Home Appliances,Haier,Salesperson,Black Friday Blowout,474283.69,175,2710.19,519.94,4999.91
Home Appliances,Haier,Salesperson,Cart Crasher Campaign,470384.28,171,2750.79,510.58,4954.94
Home Appliances,Haier,Salesperson,Cashback Carnival,458419.37,168,2728.69,528.38,4981.65
Home Appliances,Haier,Salesperson,Clearance Countdown,509183.59,173,2943.26,522.18,4989.53
Home Appliances,Haier,Salesperson,Countdown to Savings,424139.93,164,2586.22,500.39,4985.81
Home Appliances,Haier,Salesperson,Customer Appreciation Week,463283.99,180,2573.80,541.15,4988.67
Home Appliances,Haier,Salesperson,Cyber Monday Mania,435066.01,156,2788.88,516.56,4953.91
Home Appliances,Haier,Salesperson,Deal of the Month,485516.84,171,2839.28,503.83,4997.58
Home Appliances,Haier,Salesperson,Double Points Bonanza,460513.57,168,2741.15,555.86,4981.32
Home Appliances,Haier,Salesperson,Early Bird Specials,558516.17,212,2634.51,506.07,4978.25
Home Appliances,Haier,Salesperson,End of Season Sale,417183.32,156,2674.25,517.57,4894.94
Home Appliances,Haier,Salesperson,Exclusive Insider Offers,442250.31,165,2680.30,503.60,4934.45
Home Appliances,Haier,Salesperson,Festive Fever Promo,517353.56,192,2694.55,534.29,4995.04
Home Appliances,Haier,Salesperson,Final Call Frenzy,471751.94,170,2775.01,540.36,4991.35
Home Appliances,Haier,Salesperson,Flash Frenzy Friday,485559.59,172,2823.02,513.03,4994.80
Home Appliances,Haier,Salesperson,"Gift More, Spend Less",445576.07,167,2668.12,503.14,4998.06
Home Appliances,Haier,Salesperson,Golden Hour Bargains,518206.46,192,2698.99,500.66,4987.44
Home Appliances,Haier,Salesperson,Green Weekend Deals,500241.37,181,2763.76,529.34,4925.68
Home Appliances,Haier,Salesperson,Happy Hour Discounts,472813.31,179,2641.42,515.80,4953.29
Home Appliances,Haier,Salesperson,Holiday Shopping Rush,462544.06,175,2643.11,525.33,4968.79
Home Appliances,Haier,Salesperson,Hot Picks Promo,458340.58,166,2761.09,636.59,4976.29
Home Appliances,Haier,Salesperson,Instant Gratification Sale,452494.76,170,2661.73,517.08,4989.05
Home Appliances,Haier,Salesperson,Limited Time Treasures,484772.19,180,2693.18,510.98,4970.34
Home Appliances,Haier,Salesperson,Loyalty Rewards Blast,491240.09,185,2655.35,512.98,4996.51
Home Appliances,Haier,Salesperson,Mega Weekend Bonanza,421285.07,152,2771.61,554.71,4954.43
Home Appliances,Haier,Salesperson,Mid-Year Madness,493315.08,183,2695.71,528.78,4973.44
Home Appliances,Haier,Salesperson,Midnight Madness,466755.96,170,2745.62,549.61,4967.30
Home Appliances,Haier,Salesperson,Mystery Discount Days,431619.20,154,2802.72,502.59,4985.91
Home Appliances,Haier,Salesperson,New Arrival Showcase,433330.09,164,2642.26,501.45,4880.45
Home Appliances,Haier,Salesperson,New Product Launch Promo,443106.26,167,2653.33,509.55,4950.02
Home Appliances,Haier,Salesperson,New Year Kickoff,452292.40,170,2660.54,508.10,4963.68
Home Appliances,Haier,Salesperson,Price Drop Parade,495263.83,179,2766.84,532.25,4971.93
Home Appliances,Haier,Salesperson,Red Tag Clearance,482609.02,169,2855.67,552.43,4987.45
Home Appliances,Haier,Salesperson,Seasonal Surprise Box,534583.38,185,2889.64,544.60,4989.16
Home Appliances,Haier,Salesperson,Shop & Save Spectacular,486394.40,170,2861.14,520.17,4906.61
Home Appliances,Haier,Salesperson,Smart Shopper Week,488233.33,168,2906.15,524.75,4992.18
Home Appliances,Haier,Salesperson,Spring Refresh Event,465502.54,162,2873.47,519.51,4983.41
Home Appliances,Haier,Salesperson,Spring Splash Discounts,518342.50,193,2685.71,504.57,4940.93
Home Appliances,Haier,Salesperson,Summer Sizzle Promo,418952.44,157,2668.49,521.10,4994.55
Home Appliances,Haier,Salesperson,Super Savings Week,455390.17,163,2793.80,553.94,4974.82
Home Appliances,Haier,Salesperson,Ultimate Value Event,465223.02,176,2643.31,523.68,4993.56
Home Appliances,Haier,Salesperson,VIP Access Sale,471637.34,175,2695.07,500.69,4921.81
Home Appliances,Haier,Salesperson,Weekend Warrior Specials,422728.02,155,2727.28,518.68,4989.10
Home Appliances,Haier,Salesperson,Winter Clearance Carnival,488343.58,175,2790.53,524.71,4998.49
Home Appliances,Haier,Salesperson,Winter Wonders Sale,451305.86,172,2623.87,500.27,4969.24
Home Appliances,Haier,Senior Salesperson,12 Days of Deals,394174.45,143,2756.46,521.59,4965.62
Home Appliances,Haier,Senior Salesperson,Autumn Deals Drive,409576.81,156,2625.49,550.59,4994.72
Home Appliances,Haier,Senior Salesperson,BOGO Blitz,368362.01,137,2688.77,502.46,4983.38
Home Appliances,Haier,Senior Salesperson,Back to School Boost,377648.38,132,2860.97,515.76,4991.85
Home Appliances,Haier,Senior Salesperson,Birthday Bash Sale,500416.74,185,2704.96,503.66,4972.23
Home Appliances,Haier,Senior Salesperson,Black Friday Blowout,405825.49,146,2779.63,594.40,4995.14
Home Appliances,Haier,Senior Salesperson,Cart Crasher Campaign,429963.74,152,2828.71,588.03,4998.01
Home Appliances,Haier,Senior Salesperson,Cashback Carnival,395488.65,144,2746.45,545.19,4932.69
Home Appliances,Haier,Senior Salesperson,Clearance Countdown,435998.92,161,2708.07,539.57,4977.33
Home Appliances,Haier,Senior Salesperson,Countdown to Savings,417957.71,155,2696.50,603.09,4930.56
Home Appliances,Haier,Senior Salesperson,Customer Appreciation Week,387925.70,143,2712.77,555.50,4938.64
Home Appliances,Haier,Senior Salesperson,Cyber Monday Mania,363147.45,137,2650.71,545.44,4953.70
Home Appliances,Haier,Senior Salesperson,Deal of the Month,468881.70,161,2912.31,534.84,4981.03
Home Appliances,Haier,Senior Salesperson,Double Points Bonanza,451312.62,164,2751.91,551.95,4977.78
Home Appliances,Haier,Senior Salesperson,Early Bird Specials,438043.45,153,2863.03,538.49,4974.01
Home Appliances,Haier,Senior Salesperson,End of Season Sale,481256.94,179,2688.59,512.52,4935.35
Home Appliances,Haier,Senior Salesperson,Exclusive Insider Offers,406922.22,147,2768.18,502.55,4994.72
Home Appliances,Haier,Senior Salesperson,Festive Fever Promo,434171.20,164,2647.39,521.22,4956.26
Home Appliances,Haier,Senior Salesperson,Final Call Frenzy,420462.33,154,2730.27,521.41,4980.67
Home Appliances,Haier,Senior Salesperson,Flash Frenzy Friday,517107.68,181,2856.95,506.15,4990.20
Home Appliances,Haier,Senior Salesperson,"Gift More, Spend Less",416152.46,150,2774.35,531.27,4985.21
Home Appliances,Haier,Senior Salesperson,Golden Hour Bargains,361276.41,136,2656.44,569.50,4924.36
Home Appliances,Haier,Senior Salesperson,Green Weekend Deals,413426.68,143,2891.10,590.03,4958.34
Home Appliances,Haier,Senior Salesperson,Happy Hour Discounts,356066.12,135,2637.53,501.43,4972.57
Home Appliances,Haier,Senior Salesperson,Holiday Shopping Rush,392341.74,142,2762.97,517.12,4991.90
Home Appliances,Haier,Senior Salesperson,Hot Picks Promo,519708.51,191,2720.99,500.05,4968.49
Home Appliances,Haier,Senior Salesperson,Instant Gratification Sale,445465.17,161,2766.86,533.81,4982.10
Home Appliances,Haier,Senior Salesperson,Limited Time Treasures,367287.74,133,2761.56,580.93,4906.26
Home Appliances,Haier,Senior Salesperson,Loyalty Rewards Blast,456868.48,156,2928.64,530.00,4978.86
Home Appliances,Haier,Senior Salesperson,Mega Weekend Bonanza,394142.79,145,2718.23,537.24,4928.75
Home Appliances,Haier,Senior Salesperson,Mid-Year Madness,408433.18,154,2652.16,500.33,4968.35
Home Appliances,Haier,Senior Salesperson,Midnight Madness,377423.81,138,2734.96,555.03,4923.27
Home Appliances,Haier,Senior Salesperson,Mystery Discount Days,381527.97,136,2805.35,554.94,4948.74
Home Appliances,Haier,Senior Salesperson,New Arrival Showcase,417060.55,157,2656.44,566.85,4858.50
Home Appliances,Haier,Senior Salesperson,New Product Launch Promo,409068.57,154,2656.29,531.53,4997.06
Home Appliances,Haier,Senior Salesperson,New Year Kickoff,392573.44,138,2844.74,551.15,4952.67
Home Appliances,Haier,Senior Salesperson,Price Drop Parade,322663.54,134,2407.94,513.99,4950.05
Home Appliances,Haier,Senior Salesperson,Red Tag Clearance,421222.73,160,2632.64,563.68,4996.14
Home Appliances,Haier,Senior Salesperson,Seasonal Surprise Box,440617.92,152,2898.80,535.25,4974.92
Home Appliances,Haier,Senior Salesperson,Shop & Save Spectacular,461484.91,168,2746.93,532.46,4910.42
Home Appliances,Haier,Senior Salesperson,Smart Shopper Week,402675.60,149,2702.52,528.55,4918.23
Home Appliances,Haier,Senior Salesperson,Spring Refresh Event,383030.95,143,2678.54,570.19,4973.57
Home Appliances,Haier,Senior Salesperson,Spring Splash Discounts,436613.28,159,2746.00,563.92,4981.11
Home Appliances,Haier,Senior Salesperson,Summer Sizzle Promo,391539.44,138,2837.24,586.50,4989.20
Home Appliances,Haier,Senior Salesperson,Super Savings Week,343509.76,130,2642.38,501.03,4913.38
Home Appliances,Haier,Senior Salesperson,Ultimate Value Event,346140.72,132,2622.28,529.28,4999.84
Home Appliances,Haier,Senior Salesperson,VIP Access Sale,395392.08,139,2844.55,501.55,4959.01
Home Appliances,Haier,Senior Salesperson,Weekend Warrior Specials,389445.95,146,2667.44,536.36,4995.52
Home Appliances,Haier,Senior Salesperson,Winter Clearance Carnival,462783.54,161,2874.43,505.24,4956.50
Home Appliances,Haier,Senior Salesperson,Winter Wonders Sale,492356.99,181,2720.20,529.75,4985.21
Home Appliances,LG,Manager,12 Days of Deals,424726.93,151,2812.76,523.09,4994.82
Home Appliances,LG,Manager,Autumn Deals Drive,497614.86,182,2734.15,565.48,4978.61
Home Appliances,LG,Manager,BOGO Blitz,387256.49,142,2727.16,502.79,4903.32
Home Appliances,LG,Manager,Back to School Boost,466521.91,170,2744.25,505.89,4997.76
Home Appliances,LG,Manager,Birthday Bash Sale,489221.26,177,2763.96,569.80,4927.04
Home Appliances,LG,Manager,Black Friday Blowout,495805.90,170,2916.51,566.46,4986.53
Home Appliances,LG,Manager,Cart Crasher Campaign,435110.93,158,2753.87,511.50,4980.94
Home Appliances,LG,Manager,Cashback Carnival,466888.92,161,2899.93,524.39,4887.03
Home Appliances,LG,Manager,Clearance Countdown,464696.19,170,2733.51,602.59,4920.93
Home Appliances,LG,Manager,Countdown to Savings,472703.86,174,2716.69,509.56,4950.82
Home Appliances,LG,Manager,Customer Appreciation Week,466779.11,167,2795.08,512.13,4997.34
Home Appliances,LG,Manager,Cyber Monday Mania,450500.13,169,2665.68,502.61,4915.83
Home Appliances,LG,Manager,Deal of the Month,484190.84,168,2882.09,503.34,4996.40
Home Appliances,LG,Manager,Double Points Bonanza,489289.34,183,2673.71,521.21,4996.88
Home Appliances,LG,Manager,Early Bird Specials,457380.16,163,2806.01,550.91,4982.85
Home Appliances,LG,Manager,End of Season Sale,440125.60,161,2733.70,543.39,4974.81
Home Appliances,LG,Manager,Exclusive Insider Offers,439818.47,161,2731.79,511.95,4970.00
Home Appliances,LG,Manager,Festive Fever Promo,455877.58,166,2746.25,521.67,4982.26
Home Appliances,LG,Manager,Final Call Frenzy,424424.23,159,2669.33,511.25,4954.81
Home Appliances,LG,Manager,Flash Frenzy Friday,458831.91,176,2607.00,512.08,4983.45
Home Appliances,LG,Manager,"Gift More, Spend Less",484844.37,186,2606.69,503.59,4985.02
Home Appliances,LG,Manager,Golden Hour Bargains,491691.75,181,2716.53,537.86,4992.88
Home Appliances,LG,Manager,Green Weekend Deals,433602.87,163,2660.14,520.03,4944.47
Home Appliances,LG,Manager,Happy Hour Discounts,460233.31,165,2789.29,503.25,4985.88
Home Appliances,LG,Manager,Holiday Shopping Rush,433148.50,160,2707.18,534.28,4967.90
Home Appliances,LG,Manager,Hot Picks Promo,511844.20,179,2859.46,502.00,4903.48
Home Appliances,LG,Manager,Instant Gratification Sale,473179.59,171,2767.13,561.73,4941.64
Home Appliances,LG,Manager,Limited Time Treasures,397012.55,150,2646.75,572.01,4969.59
Home Appliances,LG,Manager,Loyalty Rewards Blast,441184.46,162,2723.36,503.07,4980.61
Home Appliances,LG,Manager,Mega Weekend Bonanza,465954.33,177,2632.51,503.69,4991.27
Home Appliances,LG,Manager,Mid-Year Madness,467079.34,161,2901.11,510.03,4981.59
Home Appliances,LG,Manager,Midnight Madness,457432.49,166,2755.62,523.55,4941.67
Home Appliances,LG,Manager,Mystery Discount Days,493905.54,184,2684.27,508.14,4980.25
Home Appliances,LG,Manager,New Arrival Showcase,496875.08,177,2807.20,521.82,4990.42
Home Appliances,LG,Manager,New Product Launch Promo,488768.72,178,2745.89,506.73,4995.22
Home Appliances,LG,Manager,New Year Kickoff,485175.07,174,2788.36,577.10,4950.31
Home Appliances,LG,Manager,Price Drop Parade,401297.05,155,2589.01,518.40,4972.04
Home Appliances,LG,Manager,Red Tag Clearance,544759.84,192,2837.29,525.53,4992.58
Home Appliances,LG,Manager,Seasonal Surprise Box,455886.39,163,2796.85,520.96,4961.12
Home Appliances,LG,Manager,Shop & Save Spectacular,438113.79,159,2755.43,527.66,4968.01
Home Appliances,LG,Manager,Smart Shopper Week,402322.17,149,2700.15,536.43,4974.00
Home Appliances,LG,Manager,Spring Refresh Event,439367.81,158,2780.81,533.11,4987.43
Home Appliances,LG,Manager,Spring Splash Discounts,457094.85,160,2856.84,522.44,4972.65
Home Appliances,LG,Manager,Summer Sizzle Promo,476417.72,169,2819.04,513.01,4971.71
Home Appliances,LG,Manager,Super Savings Week,543489.46,197,2758.83,500.28,4996.22
Home Appliances,LG,Manager,Ultimate Value Event,490906.13,191,2570.19,530.32,4999.91
Home Appliances,LG,Manager,VIP Access Sale,452062.35,164,2756.48,530.96,4999.15
Home Appliances,LG,Manager,Weekend Warrior Specials,421015.44,150,2806.77,530.49,4995.08
Home Appliances,LG,Manager,Winter Clearance Carnival,424919.09,161,2639.25,521.04,4993.03
Home Appliances,LG,Manager,Winter Wonders Sale,425378.28,152,2798.54,514.98,4977.14
Home Appliances,LG,Sales Associate,12 Days of Deals,509598.00,185,2754.58,528.40,4991.58
Home Appliances,LG,Sales Associate,Autumn Deals Drive,445768.66,163,2734.78,509.65,4989.91
Home Appliances,LG,Sales Associate,BOGO Blitz,560736.94,202,2775.93,534.16,4992.34
Home Appliances,LG,Sales Associate,Back to School Boost,487174.78,174,2799.86,506.56,4962.46
Home Appliances,LG,Sales Associate,Birthday Bash Sale,479815.09,175,2741.80,518.23,4962.81
Home Appliances,LG,Sales Associate,Black Friday Blowout,489633.22,177,2766.29,524.32,4949.76
Home Appliances,LG,Sales Associate,Cart Crasher Campaign,465219.63,167,2785.75,512.18,4952.81
Home Appliances,LG,Sales Associate,Cashback Carnival,489150.58,178,2748.04,500.98,4990.25
Home Appliances,LG,Sales Associate,Clearance Countdown,553478.21,198,2795.34,511.35,4982.16
Home Appliances,LG,Sales Associate,Countdown to Savings,528264.61,193,2737.12,517.34,4998.01
Home Appliances,LG,Sales Associate,Customer Appreciation Week,450100.37,170,2647.65,502.70,4996.86
Home Appliances,LG,Sales Associate,Cyber Monday Mania,488204.17,174,2805.77,503.24,4992.62
Home Appliances,LG,Sales Associate,Deal of the Month,456032.69,173,2636.03,505.17,4983.08
Home Appliances,LG,Sales Associate,Double Points Bonanza,442626.65,166,2666.43,524.67,4996.08
Home Appliances,LG,Sales Associate,Early Bird Specials,439749.64,164,2681.40,509.48,4991.59
Home Appliances,LG,Sales Associate,End of Season Sale,531047.31,187,2839.83,590.63,4965.51
Home Appliances,LG,Sales Associate,Exclusive Insider Offers,505986.57,182,2780.15,530.03,4988.31
Home Appliances,LG,Sales Associate,Festive Fever Promo,463105.03,167,2773.08,510.16,4993.32
Home Appliances,LG,Sales Associate,Final Call Frenzy,403168.42,153,2635.09,507.00,4951.46
Home Appliances,LG,Sales Associate,Flash Frenzy Friday,499645.90,182,2745.31,508.78,4981.93
Home Appliances,LG,Sales Associate,"Gift More, Spend Less",551798.42,187,2950.79,516.81,4987.76
Home Appliances,LG,Sales Associate,Golden Hour Bargains,437554.33,163,2684.38,517.84,4997.61
Home Appliances,LG,Sales Associate,Green Weekend Deals,468603.40,172,2724.44,502.66,4967.02
Home Appliances,LG,Sales Associate,Happy Hour Discounts,427452.63,147,2907.84,606.36,4944.68
Home Appliances,LG,Sales Associate,Holiday Shopping Rush,476236.43,180,2645.76,511.58,4987.27
Home Appliances,LG,Sales Associate,Hot Picks Promo,478137.32,165,2897.80,537.78,4997.12
Home Appliances,LG,Sales Associate,Instant Gratification Sale,532473.08,188,2832.30,507.74,4962.08
Home Appliances,LG,Sales Associate,Limited Time Treasures,486623.88,187,2602.27,507.19,4977.99
Home Appliances,LG,Sales Associate,Loyalty Rewards Blast,397016.92,145,2738.05,507.95,4985.68
Home Appliances,LG,Sales Associate,Mega Weekend Bonanza,522892.98,194,2695.32,504.08,4992.00
Home Appliances,LG,Sales Associate,Mid-Year Madness,445335.00,165,2699.00,512.74,4984.17
Home Appliances,LG,Sales Associate,Midnight Madness,471421.31,177,2663.40,500.72,4967.49
Home Appliances,LG,Sales Associate,Mystery Discount Days,449978.51,177,2542.25,506.37,4989.29
Home Appliances,LG,Sales Associate,New Arrival Showcase,425552.00,147,2894.91,512.30,4960.81
Home Appliances,LG,Sales Associate,New Product Launch Promo,468709.78,171,2740.99,502.50,4999.48
Home Appliances,LG,Sales Associate,New Year Kickoff,481523.40,175,2751.56,507.36,4994.13
Home Appliances,LG,Sales Associate,Price Drop Parade,405182.47,136,2979.28,686.72,4971.92
Home Appliances,LG,Sales Associate,Red Tag Clearance,480531.66,177,2714.87,513.32,4959.62
Home Appliances,LG,Sales Associate,Seasonal Surprise Box,512373.42,195,2627.56,516.69,4989.51
Home Appliances,LG,Sales Associate,Shop & Save Spectacular,515091.02,183,2814.71,517.55,4989.59
Home Appliances,LG,Sales Associate,Smart Shopper Week,551348.71,187,2948.39,509.77,4975.40
Home Appliances,LG,Sales Associate,Spring Refresh Event,490235.91,178,2754.13,506.82,4977.61
Home Appliances,LG,Sales Associate,Spring Splash Discounts,433979.91,162,2678.89,519.21,4996.52
Home Appliances,LG,Sales Associate,Summer Sizzle Promo,453330.23,160,2833.31,510.83,4967.18
Home Appliances,LG,Sales Associate,Super Savings Week,461576.49,166,2780.58,500.36,4977.16
Home Appliances,LG,Sales Associate,Ultimate Value Event,475747.17,172,2765.97,520.63,4991.35
Home Appliances,LG,Sales Associate,VIP Access Sale,496618.48,174,2854.13,500.93,4968.65
Home Appliances,LG,Sales Associate,Weekend Warrior Specials,451960.33,164,2755.86,591.00,4955.06
Home Appliances,LG,Sales Associate,Winter Clearance Carnival,553264.21,205,2698.85,527.13,4968.49
Home Appliances,LG,Sales Associate,Winter Wonders Sale,512180.65,184,2783.59,545.62,4968.81
Home Appliances,LG,Salesperson,12 Days of Deals,556720.98,195,2854.98,528.71,4966.68
Home Appliances,LG,Salesperson,Autumn Deals Drive,498071.67,182,2736.66,524.24,4973.44
Home Appliances,LG,Salesperson,BOGO Blitz,488354.14,173,2822.86,521.72,4912.89
Home Appliances,LG,Salesperson,Back to School Boost,424360.36,159,2668.93,523.52,4979.77
Home Appliances,LG,Salesperson,Birthday Bash Sale,468210.63,171,2738.07,505.08,4990.75
Home Appliances,LG,Salesperson,Black Friday Blowout,513739.10,181,2838.34,511.75,4965.51
Home Appliances,LG,Salesperson,Cart Crasher Campaign,462630.73,179,2584.53,509.43,4959.11
Home Appliances,LG,Salesperson,Cashback Carnival,445389.49,168,2651.13,502.35,4990.80
Home Appliances,LG,Salesperson,Clearance Countdown,486860.83,173,2814.22,533.90,4989.20
Home Appliances,LG,Salesperson,Countdown to Savings,457444.96,177,2584.43,567.72,4998.03
Home Appliances,LG,Salesperson,Customer Appreciation Week,490834.47,183,2682.16,525.18,4999.25
Home Appliances,LG,Salesperson,Cyber Monday Mania,469100.20,172,2727.33,518.85,4998.54
Home Appliances,LG,Salesperson,Deal of the Month,454760.95,173,2628.68,522.24,4992.33
Home Appliances,LG,Salesperson,Double Points Bonanza,426134.88,164,2598.38,529.19,4994.58
Home Appliances,LG,Salesperson,Early Bird Specials,490774.66,178,2757.16,500.92,4955.60
Home Appliances,LG,Salesperson,End of Season Sale,533131.55,192,2776.73,536.17,4991.36
Home Appliances,LG,Salesperson,Exclusive Insider Offers,483053.77,179,2698.62,533.62,4988.90
Home Appliances,LG,Salesperson,Festive Fever Promo,478965.63,170,2817.44,502.80,4989.90
Home Appliances,LG,Salesperson,Final Call Frenzy,444985.07,164,2713.32,535.55,4999.75
Home Appliances,LG,Salesperson,Flash Frenzy Friday,494461.79,177,2793.57,503.50,4998.72
Home Appliances,LG,Salesperson,"Gift More, Spend Less",352325.11,130,2710.19,547.42,4985.90
Home Appliances,LG,Salesperson,Golden Hour Bargains,484955.16,178,2724.47,544.19,4993.31
Home Appliances,LG,Salesperson,Green Weekend Deals,519484.54,189,2748.60,503.35,4985.83
Home Appliances,LG,Salesperson,Happy Hour Discounts,476981.95,173,2757.12,615.86,4980.26
Home Appliances,LG,Salesperson,Holiday Shopping Rush,528103.23,186,2839.26,600.14,4976.71
Home Appliances,LG,Salesperson,Hot Picks Promo,518536.77,184,2818.13,532.58,4990.18
Home Appliances,LG,Salesperson,Instant Gratification Sale,428893.51,161,2663.93,504.58,4982.48
Home Appliances,LG,Salesperson,Limited Time Treasures,521479.67,178,2929.66,559.60,4994.16
Home Appliances,LG,Salesperson,Loyalty Rewards Blast,479004.09,171,2801.19,522.58,4980.59
Home Appliances,LG,Salesperson,Mega Weekend Bonanza,493251.48,179,2755.59,503.23,4998.42
Home Appliances,LG,Salesperson,Mid-Year Madness,501620.54,182,2756.16,509.20,4997.94
Home Appliances,LG,Salesperson,Midnight Madness,453085.37,167,2713.09,567.59,4998.30
Home Appliances,LG,Salesperson,Mystery Discount Days,524452.17,181,2897.53,579.72,4998.62
Home Appliances,LG,Salesperson,New Arrival Showcase,470473.23,166,2834.18,504.80,4985.41
Home Appliances,LG,Salesperson,New Product Launch Promo,414303.94,154,2690.29,506.25,4962.22
Home Appliances,LG,Salesperson,New Year Kickoff,451961.38,177,2553.45,505.19,4977.78
Home Appliances,LG,Salesperson,Price Drop Parade,543084.99,202,2688.54,541.94,4956.27
Home Appliances,LG,Salesperson,Red Tag Clearance,446332.49,157,2842.88,524.81,4940.52
Home Appliances,LG,Salesperson,Seasonal Surprise Box,465090.03,166,2801.75,503.22,4998.13
Home Appliances,LG,Salesperson,Shop & Save Spectacular,522296.71,185,2823.23,570.00,4941.53
Home Appliances,LG,Salesperson,Smart Shopper Week,463876.20,165,2811.37,502.77,4991.28
Home Appliances,LG,Salesperson,Spring Refresh Event,502195.54,176,2853.38,511.23,4967.96
Home Appliances,LG,Salesperson,Spring Splash Discounts,541810.65,184,2944.62,505.95,4974.54
Home Appliances,LG,Salesperson,Summer Sizzle Promo,494528.83,190,2602.78,510.56,4984.22
Home Appliances,LG,Salesperson,Super Savings Week,457415.55,163,2806.23,508.76,4983.99
Home Appliances,LG,Salesperson,Ultimate Value Event,531074.86,198,2682.20,590.64,4979.82
Home Appliances,LG,Salesperson,VIP Access Sale,410906.07,157,2617.24,506.41,4959.80
Home Appliances,LG,Salesperson,Weekend Warrior Specials,485883.95,178,2729.69,542.72,4999.43
Home Appliances,LG,Salesperson,Winter Clearance Carnival,439739.25,165,2665.09,519.01,4931.31
Home Appliances,LG,Salesperson,Winter Wonders Sale,470933.53,170,2770.20,551.92,4995.52
Home Appliances,LG,Senior Salesperson,12 Days of Deals,447516.34,159,2814.57,524.29,4982.45
Home Appliances,LG,Senior Salesperson,Autumn Deals Drive,430545.46,162,2657.69,541.96,4961.68
Home Appliances,LG,Senior Salesperson,BOGO Blitz,347103.43,132,2629.57,525.80,4997.96
Home Appliances,LG,Senior Salesperson,Back to School Boost,418233.62,155,2698.28,508.32,4990.55
Home Appliances,LG,Senior Salesperson,Birthday Bash Sale,342002.97,123,2780.51,558.17,4932.02
Home Appliances,LG,Senior Salesperson,Black Friday Blowout,370030.19,142,2605.85,525.85,4971.61
Home Appliances,LG,Senior Salesperson,Cart Crasher Campaign,448987.74,154,2915.50,572.57,4986.92
Home Appliances,LG,Senior Salesperson,Cashback Carnival,405960.44,149,2724.57,510.00,4956.60
Home Appliances,LG,Senior Salesperson,Clearance Countdown,379427.39,149,2546.49,510.91,4909.57
Home Appliances,LG,Senior Salesperson,Countdown to Savings,420061.33,154,2727.67,544.57,4974.02
Home Appliances,LG,Senior Salesperson,Customer Appreciation Week,429113.12,149,2879.95,508.83,4972.23
Home Appliances,LG,Senior Salesperson,Cyber Monday Mania,411237.49,143,2875.79,505.30,4995.91
Home Appliances,LG,Senior Salesperson,Deal of the Month,406499.30,144,2822.91,502.44,4976.14
Home Appliances,LG,Senior Salesperson,Double Points Bonanza,437057.71,157,2783.81,543.52,4957.22
Home Appliances,LG,Senior Salesperson,Early Bird Specials,429020.38,156,2750.13,531.48,4994.19
Home Appliances,LG,Senior Salesperson,End of Season Sale,446774.51,165,2707.72,509.35,4940.10
Home Appliances,LG,Senior Salesperson,Exclusive Insider Offers,411925.89,156,2640.55,513.19,4884.51
Home Appliances,LG,Senior Salesperson,Festive Fever Promo,396257.49,147,2695.63,581.93,4963.16
Home Appliances,LG,Senior Salesperson,Final Call Frenzy,483491.08,166,2912.60,513.59,4998.16
Home Appliances,LG,Senior Salesperson,Flash Frenzy Friday,419381.40,150,2795.88,512.53,4997.21
Home Appliances,LG,Senior Salesperson,"Gift More, Spend Less",459809.75,169,2720.77,516.96,4986.38
Home Appliances,LG,Senior Salesperson,Golden Hour Bargains,432571.07,155,2790.78,591.29,4982.43
Home Appliances,LG,Senior Salesperson,Green Weekend Deals,424220.70,163,2602.58,547.59,4986.31
Home Appliances,LG,Senior Salesperson,Happy Hour Discounts,393271.93,145,2712.22,522.09,4989.69
Home Appliances,LG,Senior Salesperson,Holiday Shopping Rush,463360.76,168,2758.10,501.38,4994.25
Home Appliances,LG,Senior Salesperson,Hot Picks Promo,377638.17,145,2604.40,501.49,4997.89
Home Appliances,LG,Senior Salesperson,Instant Gratification Sale,365343.62,140,2609.60,531.09,4990.00
Home Appliances,LG,Senior Salesperson,Limited Time Treasures,397589.17,138,2881.08,576.02,4993.71
Home Appliances,LG,Senior Salesperson,Loyalty Rewards Blast,474667.41,177,2681.74,559.96,4998.29
Home Appliances,LG,Senior Salesperson,Mega Weekend Bonanza,378963.03,138,2746.11,525.07,4967.35
Home Appliances,LG,Senior Salesperson,Mid-Year Madness,403645.20,148,2727.33,640.52,4930.02
Home Appliances,LG,Senior Salesperson,Midnight Madness,346595.31,133,2605.98,506.51,4903.10
Home Appliances,LG,Senior Salesperson,Mystery Discount Days,458170.36,162,2828.21,504.42,4957.44
Home Appliances,LG,Senior Salesperson,New Arrival Showcase,437305.17,161,2716.18,524.01,4993.31
Home Appliances,LG,Senior Salesperson,New Product Launch Promo,401284.86,145,2767.48,502.45,4989.47
Home Appliances,LG,Senior Salesperson,New Year Kickoff,416007.66,142,2929.63,551.84,4989.85
Home Appliances,LG,Senior Salesperson,Price Drop Parade,404149.11,144,2806.59,523.98,4972.63
Home Appliances,LG,Senior Salesperson,Red Tag Clearance,444461.20,158,2813.05,546.35,4918.57
Home Appliances,LG,Senior Salesperson,Seasonal Surprise Box,417727.72,149,2803.54,528.01,4990.01
Home Appliances,LG,Senior Salesperson,Shop & Save Spectacular,434488.65,153,2839.80,521.76,4977.47
Home Appliances,LG,Senior Salesperson,Smart Shopper Week,424358.75,149,2848.05,514.81,4999.46
Home Appliances,LG,Senior Salesperson,Spring Refresh Event,476469.74,171,2786.37,526.45,4978.31
Home Appliances,LG,Senior Salesperson,Spring Splash Discounts,453548.32,165,2748.78,527.45,4993.76
Home Appliances,LG,Senior Salesperson,Summer Sizzle Promo,388210.84,146,2658.98,512.86,4994.68
Home Appliances,LG,Senior Salesperson,Super Savings Week,400646.34,154,2601.60,507.63,4879.29
Home Appliances,LG,Senior Salesperson,Ultimate Value Event,380488.07,130,2926.83,510.45,4956.46
Home Appliances,LG,Senior Salesperson,VIP Access Sale,364228.96,137,2658.61,510.68,4963.20
Home Appliances,LG,Senior Salesperson,Weekend Warrior Specials,368959.73,135,2733.04,507.56,4995.14
Home Appliances,LG,Senior Salesperson,Winter Clearance Carnival,414188.88,151,2742.97,592.63,4984.43
Home Appliances,LG,Senior Salesperson,Winter Wonders Sale,471466.94,176,2678.79,523.99,4908.30
Home Appliances,Samsung,Manager,12 Days of Deals,468368.47,172,2723.07,516.24,4914.47
Home Appliances,Samsung,Manager,Autumn Deals Drive,445630.25,172,2590.87,511.08,4988.82
Home Appliances,Samsung,Manager,BOGO Blitz,474117.15,172,2756.50,568.96,4982.68
Home Appliances,Samsung,Manager,Back to School Boost,554941.10,198,2802.73,540.03,4995.60
Home Appliances,Samsung,Manager,Birthday Bash Sale,411062.97,156,2635.02,500.93,4993.71
Home Appliances,Samsung,Manager,Black Friday Blowout,483422.93,178,2715.86,503.07,4973.49
Home Appliances,Samsung,Manager,Cart Crasher Campaign,464351.84,168,2764.00,603.15,4966.76
Home Appliances,Samsung,Manager,Cashback Carnival,483851.48,169,2863.03,520.49,4997.90
Home Appliances,Samsung,Manager,Clearance Countdown,497296.16,171,2908.16,515.09,4965.91
Home Appliances,Samsung,Manager,Countdown to Savings,511722.59,185,2766.07,504.79,4994.73
Home Appliances,Samsung,Manager,Customer Appreciation Week,457640.23,159,2878.24,518.27,4967.38
Home Appliances,Samsung,Manager,Cyber Monday Mania,497050.88,177,2808.20,526.96,4988.75
Home Appliances,Samsung,Manager,Deal of the Month,502645.73,181,2777.05,500.90,4918.36
Home Appliances,Samsung,Manager,Double Points Bonanza,473533.68,174,2721.46,506.78,4998.07
Home Appliances,Samsung,Manager,Early Bird Specials,480470.44,166,2894.40,565.79,4954.41
Home Appliances,Samsung,Manager,End of Season Sale,509734.87,186,2740.51,560.37,4944.86
Home Appliances,Samsung,Manager,Exclusive Insider Offers,424334.68,152,2791.68,501.41,4993.19
Home Appliances,Samsung,Manager,Festive Fever Promo,428260.55,168,2549.17,514.78,4986.26
Home Appliances,Samsung,Manager,Final Call Frenzy,483102.70,176,2744.90,520.49,4965.45
Home Appliances,Samsung,Manager,Flash Frenzy Friday,480372.82,169,2842.44,500.13,4995.77
Home Appliances,Samsung,Manager,"Gift More, Spend Less",415255.04,147,2824.86,506.87,4988.75
Home Appliances,Samsung,Manager,Golden Hour Bargains,491387.39,169,2907.62,519.85,4995.77
Home Appliances,Samsung,Manager,Green Weekend Deals,398806.65,150,2658.71,553.13,4901.53
Home Appliances,Samsung,Manager,Happy Hour Discounts,481467.52,169,2848.92,510.48,4977.03
Home Appliances,Samsung,Manager,Holiday Shopping Rush,474503.54,180,2636.13,536.09,4996.83
Home Appliances,Samsung,Manager,Hot Picks Promo,530124.43,186,2850.13,506.73,4971.86
Home Appliances,Samsung,Manager,Instant Gratification Sale,431346.61,158,2730.04,536.13,4985.06
Home Appliances,Samsung,Manager,Limited Time Treasures,444335.41,156,2848.30,584.77,4983.57
Home Appliances,Samsung,Manager,Loyalty Rewards Blast,531411.43,187,2841.77,505.77,4988.95
Home Appliances,Samsung,Manager,Mega Weekend Bonanza,480828.14,170,2828.40,520.37,4987.17
Home Appliances,Samsung,Manager,Mid-Year Madness,507923.78,194,2618.16,520.56,4998.26
Home Appliances,Samsung,Manager,Midnight Madness,473843.61,169,2803.81,502.76,4982.29
Home Appliances,Samsung,Manager,Mystery Discount Days,443443.13,165,2687.53,500.15,4990.54
Home Appliances,Samsung,Manager,New Arrival Showcase,527289.23,194,2717.99,506.53,4997.28
Home Appliances,Samsung,Manager,New Product Launch Promo,489895.13,181,2706.60,504.10,4868.41
Home Appliances,Samsung,Manager,New Year Kickoff,478661.30,169,2832.32,507.98,4971.89
Home Appliances,Samsung,Manager,Price Drop Parade,385683.65,148,2605.97,525.65,4994.05
Home Appliances,Samsung,Manager,Red Tag Clearance,448081.00,157,2854.02,576.35,4972.39
Home Appliances,Samsung,Manager,Seasonal Surprise Box,393618.86,160,2460.12,510.14,4974.29
Home Appliances,Samsung,Manager,Shop & Save Spectacular,451810.81,160,2823.82,520.81,4963.60
Home Appliances,Samsung,Manager,Smart Shopper Week,515513.61,184,2801.70,519.48,4975.74
Home Appliances,Samsung,Manager,Spring Refresh Event,423287.46,159,2662.19,537.74,4982.74
Home Appliances,Samsung,Manager,Spring Splash Discounts,430636.08,165,2609.92,535.77,4932.17
Home Appliances,Samsung,Manager,Summer Sizzle Promo,415326.04,155,2679.52,502.20,4979.55
Home Appliances,Samsung,Manager,Super Savings Week,442327.97,166,2664.63,521.08,4965.20
Home Appliances,Samsung,Manager,Ultimate Value Event,453841.29,171,2654.04,514.22,4998.14
Home Appliances,Samsung,Manager,VIP Access Sale,464784.94,164,2834.05,502.11,4964.49
Home Appliances,Samsung,Manager,Weekend Warrior Specials,444645.27,155,2868.68,515.22,4996.60
Home Appliances,Samsung,Manager,Winter Clearance Carnival,544870.54,199,2738.04,509.72,4986.95
Home Appliances,Samsung,Manager,Winter Wonders Sale,473724.97,171,2770.32,505.92,4992.13
Home Appliances,Samsung,Sales Associate,12 Days of Deals,488693.04,173,2824.82,549.80,4969.80
Home Appliances,Samsung,Sales Associate,Autumn Deals Drive,447959.15,169,2650.65,544.18,4960.92
Home Appliances,Samsung,Sales Associate,BOGO Blitz,499138.74,176,2836.02,511.61,4953.53
Home Appliances,Samsung,Sales Associate,Back to School Boost,533838.13,188,2839.56,542.04,4985.83
Home Appliances,Samsung,Sales Associate,Birthday Bash Sale,492872.59,174,2832.60,580.41,4970.25
Home Appliances,Samsung,Sales Associate,Black Friday Blowout,372972.63,143,2608.20,504.47,4952.64
Home Appliances,Samsung,Sales Associate,Cart Crasher Campaign,508644.67,189,2691.24,562.40,4999.98
Home Appliances,Samsung,Sales Associate,Cashback Carnival,474006.69,174,2724.18,503.09,4986.49
Home Appliances,Samsung,Sales Associate,Clearance Countdown,484743.77,165,2937.84,522.11,4988.35
Home Appliances,Samsung,Sales Associate,Countdown to Savings,504844.61,181,2789.20,509.30,4991.19
Home Appliances,Samsung,Sales Associate,Customer Appreciation Week,553833.61,197,2811.34,521.08,4971.26
Home Appliances,Samsung,Sales Associate,Cyber Monday Mania,421350.85,151,2790.40,511.18,4995.39
Home Appliances,Samsung,Sales Associate,Deal of the Month,509133.75,183,2782.15,500.38,4859.72
Home Appliances,Samsung,Sales Associate,Double Points Bonanza,503812.84,175,2878.93,505.53,4979.42
Home Appliances,Samsung,Sales Associate,Early Bird Specials,528097.98,189,2794.17,521.02,4996.45
Home Appliances,Samsung,Sales Associate,End of Season Sale,451521.08,166,2720.01,548.39,4976.59
Home Appliances,Samsung,Sales Associate,Exclusive Insider Offers,428740.44,162,2646.55,555.02,4986.83
Home Appliances,Samsung,Sales Associate,Festive Fever Promo,502981.05,175,2874.18,508.07,4955.25
Home Appliances,Samsung,Sales Associate,Final Call Frenzy,513400.35,189,2716.40,511.69,4997.52
Home Appliances,Samsung,Sales Associate,Flash Frenzy Friday,534663.58,189,2828.91,520.17,4903.27
Home Appliances,Samsung,Sales Associate,"Gift More, Spend Less",464023.93,170,2729.55,507.03,4993.57
Home Appliances,Samsung,Sales Associate,Golden Hour Bargains,554728.85,184,3014.83,565.20,4994.43
Home Appliances,Samsung,Sales Associate,Green Weekend Deals,496280.10,177,2803.84,520.32,4993.63
Home Appliances,Samsung,Sales Associate,Happy Hour Discounts,546360.20,199,2745.53,500.78,4998.71
Home Appliances,Samsung,Sales Associate,Holiday Shopping Rush,544409.89,200,2722.05,500.68,4948.60
Home Appliances,Samsung,Sales Associate,Hot Picks Promo,536287.41,188,2852.59,551.69,4973.51
Home Appliances,Samsung,Sales Associate,Instant Gratification Sale,448770.69,175,2564.40,501.53,4978.04
Home Appliances,Samsung,Sales Associate,Limited Time Treasures,485080.39,177,2740.57,516.28,4986.00
Home Appliances,Samsung,Sales Associate,Loyalty Rewards Blast,487480.22,182,2678.46,519.51,4980.77
Home Appliances,Samsung,Sales Associate,Mega Weekend Bonanza,416667.61,154,2705.63,514.77,4970.22
Home Appliances,Samsung,Sales Associate,Mid-Year Madness,508006.12,184,2760.90,503.72,4952.28
Home Appliances,Samsung,Sales Associate,Midnight Madness,524143.98,188,2788.00,510.68,4979.97
Home Appliances,Samsung,Sales Associate,Mystery Discount Days,443035.61,161,2751.77,537.24,4963.35
Home Appliances,Samsung,Sales Associate,New Arrival Showcase,464629.84,174,2670.29,519.02,4988.98
Home Appliances,Samsung,Sales Associate,New Product Launch Promo,506780.56,180,2815.45,515.78,4941.70
Home Appliances,Samsung,Sales Associate,New Year Kickoff,482358.28,180,2679.77,514.07,4968.65
Home Appliances,Samsung,Sales Associate,Price Drop Parade,422113.14,169,2497.71,504.91,4976.93
Home Appliances,Samsung,Sales Associate,Red Tag Clearance,394995.95,146,2705.45,626.04,4994.95
Home Appliances,Samsung,Sales Associate,Seasonal Surprise Box,473483.03,169,2801.67,521.43,4976.24
Home Appliances,Samsung,Sales Associate,Shop & Save Spectacular,451064.98,154,2928.99,500.21,4996.07
Home Appliances,Samsung,Sales Associate,Smart Shopper Week,505919.49,190,2662.73,522.78,4990.93
Home Appliances,Samsung,Sales Associate,Spring Refresh Event,432910.74,165,2623.70,512.46,4924.88
Home Appliances,Samsung,Sales Associate,Spring Splash Discounts,450626.99,164,2747.73,537.53,4994.95
Home Appliances,Samsung,Sales Associate,Summer Sizzle Promo,544691.67,192,2836.94,549.87,4962.25
Home Appliances,Samsung,Sales Associate,Super Savings Week,544525.60,192,2836.07,513.41,4991.38
Home Appliances,Samsung,Sales Associate,Ultimate Value Event,470042.14,165,2848.74,538.67,4999.45
Home Appliances,Samsung,Sales Associate,VIP Access Sale,548985.90,187,2935.75,508.20,4988.37
Home Appliances,Samsung,Sales Associate,Weekend Warrior Specials,519609.65,180,2886.72,507.28,4961.52
Home Appliances,Samsung,Sales Associate,Winter Clearance Carnival,530942.67,192,2765.33,518.60,4996.11
Home Appliances,Samsung,Sales Associate,Winter Wonders Sale,463083.36,169,2740.14,514.31,4997.89
Home Appliances,Samsung,Salesperson,12 Days of Deals,489079.35,179,2732.29,526.40,4994.43
Home Appliances,Samsung,Salesperson,Autumn Deals Drive,481078.54,172,2796.97,539.24,4990.98
Home Appliances,Samsung,Salesperson,BOGO Blitz,491322.48,177,2775.83,517.35,4998.46
Home Appliances,Samsung,Salesperson,Back to School Boost,449890.80,169,2662.08,500.09,4883.27
Home Appliances,Samsung,Salesperson,Birthday Bash Sale,487620.19,181,2694.03,584.45,4991.29
Home Appliances,Samsung,Salesperson,Black Friday Blowout,424754.61,169,2513.34,500.99,4984.40
Home Appliances,Samsung,Salesperson,Cart Crasher Campaign,504308.57,186,2711.34,505.92,4961.08
Home Appliances,Samsung,Salesperson,Cashback Carnival,483663.21,169,2861.91,545.49,4992.77
Home Appliances,Samsung,Salesperson,Clearance Countdown,416023.07,148,2810.97,516.99,4969.63
Home Appliances,Samsung,Salesperson,Countdown to Savings,441654.90,162,2726.26,572.69,4932.05
Home Appliances,Samsung,Salesperson,Customer Appreciation Week,418675.74,156,2683.82,534.07,4917.03
Home Appliances,Samsung,Salesperson,Cyber Monday Mania,523320.63,184,2844.13,521.06,4992.38
Home Appliances,Samsung,Salesperson,Deal of the Month,497043.01,171,2906.68,535.60,4996.68
Home Appliances,Samsung,Salesperson,Double Points Bonanza,454106.46,167,2719.20,528.30,4952.36
Home Appliances,Samsung,Salesperson,Early Bird Specials,436556.39,159,2745.64,536.64,4964.17
Home Appliances,Samsung,Salesperson,End of Season Sale,402964.68,145,2779.07,522.55,4970.59
Home Appliances,Samsung,Salesperson,Exclusive Insider Offers,412594.56,155,2661.90,550.80,4999.90
Home Appliances,Samsung,Salesperson,Festive Fever Promo,494423.14,182,2716.61,519.86,4996.31
Home Appliances,Samsung,Salesperson,Final Call Frenzy,413607.13,158,2617.77,503.00,4980.26
Home Appliances,Samsung,Salesperson,Flash Frenzy Friday,454197.62,176,2580.67,504.11,4979.08
Home Appliances,Samsung,Salesperson,"Gift More, Spend Less",521204.35,190,2743.18,569.57,4982.35
Home Appliances,Samsung,Salesperson,Golden Hour Bargains,487060.48,169,2882.01,525.51,4988.95
Home Appliances,Samsung,Salesperson,Green Weekend Deals,432060.80,158,2734.56,513.98,4951.31
Home Appliances,Samsung,Salesperson,Happy Hour Discounts,475670.80,173,2749.54,509.46,4992.52
Home Appliances,Samsung,Salesperson,Holiday Shopping Rush,505070.63,169,2988.58,557.64,4975.47
Home Appliances,Samsung,Salesperson,Hot Picks Promo,433040.48,156,2775.90,514.13,4983.59
Home Appliances,Samsung,Salesperson,Instant Gratification Sale,498830.73,180,2771.28,521.93,4986.07
Home Appliances,Samsung,Salesperson,Limited Time Treasures,465696.90,169,2755.60,512.94,4934.83
Home Appliances,Samsung,Salesperson,Loyalty Rewards Blast,499900.98,181,2761.88,501.61,4989.79
Home Appliances,Samsung,Salesperson,Mega Weekend Bonanza,428776.85,170,2522.22,520.73,4978.71
Home Appliances,Samsung,Salesperson,Mid-Year Madness,498349.48,185,2693.78,527.42,4992.99
Home Appliances,Samsung,Salesperson,Midnight Madness,449454.89,175,2568.31,514.45,4975.60
Home Appliances,Samsung,Salesperson,Mystery Discount Days,536561.65,197,2723.66,539.04,4999.42
Home Appliances,Samsung,Salesperson,New Arrival Showcase,440199.21,159,2768.55,527.42,4971.71
Home Appliances,Samsung,Salesperson,New Product Launch Promo,466669.15,174,2682.01,528.52,4971.54
Home Appliances,Samsung,Salesperson,New Year Kickoff,456355.64,158,2888.33,649.78,4999.87
Home Appliances,Samsung,Salesperson,Price Drop Parade,492884.85,176,2800.48,554.54,4965.31
Home Appliances,Samsung,Salesperson,Red Tag Clearance,396958.49,153,2594.50,525.61,4980.87
Home Appliances,Samsung,Salesperson,Seasonal Surprise Box,573541.48,203,2825.33,509.87,4970.18
Home Appliances,Samsung,Salesperson,Shop & Save Spectacular,430565.32,163,2641.51,511.32,4990.57
Home Appliances,Samsung,Salesperson,Smart Shopper Week,461808.48,180,2565.60,533.59,4999.66
Home Appliances,Samsung,Salesperson,Spring Refresh Event,463944.84,165,2811.79,552.37,4957.26
Home Appliances,Samsung,Salesperson,Spring Splash Discounts,466723.66,178,2622.04,503.09,4998.87
Home Appliances,Samsung,Salesperson,Summer Sizzle Promo,458494.60,169,2712.99,515.39,4977.21
Home Appliances,Samsung,Salesperson,Super Savings Week,482574.45,169,2855.47,523.10,4986.86
Home Appliances,Samsung,Salesperson,Ultimate Value Event,458223.87,168,2727.52,503.38,4988.25
Home Appliances,Samsung,Salesperson,VIP Access Sale,464311.31,171,2715.27,553.84,4996.47
Home Appliances,Samsung,Salesperson,Weekend Warrior Specials,512575.95,181,2831.91,510.76,4990.26
Home Appliances,Samsung,Salesperson,Winter Clearance Carnival,464440.14,168,2764.52,542.49,4980.90
Home Appliances,Samsung,Salesperson,Winter Wonders Sale,552254.80,188,2937.53,505.48,4991.58
Home Appliances,Samsung,Senior Salesperson,12 Days of Deals,452575.71,162,2793.68,525.67,4955.28
Home Appliances,Samsung,Senior Salesperson,Autumn Deals Drive,361634.18,143,2528.91,523.11,4874.49
Home Appliances,Samsung,Senior Salesperson,BOGO Blitz,385581.83,140,2754.16,508.32,4982.65
Home Appliances,Samsung,Senior Salesperson,Back to School Boost,437756.87,163,2685.62,506.54,4983.81
Home Appliances,Samsung,Senior Salesperson,Birthday Bash Sale,344258.52,129,2668.67,532.27,4938.66
Home Appliances,Samsung,Senior Salesperson,Black Friday Blowout,392698.76,137,2866.41,503.82,4999.22
Home Appliances,Samsung,Senior Salesperson,Cart Crasher Campaign,409775.38,150,2731.84,519.43,4994.38
Home Appliances,Samsung,Senior Salesperson,Cashback Carnival,436857.37,162,2696.65,538.29,4996.35
Home Appliances,Samsung,Senior Salesperson,Clearance Countdown,405693.83,150,2704.63,531.90,4961.69
Home Appliances,Samsung,Senior Salesperson,Countdown to Savings,438848.11,146,3005.81,606.28,4994.85
Home Appliances,Samsung,Senior Salesperson,Customer Appreciation Week,388132.18,141,2752.71,557.28,4977.06
Home Appliances,Samsung,Senior Salesperson,Cyber Monday Mania,404907.69,154,2629.27,514.18,4943.97
Home Appliances,Samsung,Senior Salesperson,Deal of the Month,408334.78,152,2686.41,505.98,4999.41
Home Appliances,Samsung,Senior Salesperson,Double Points Bonanza,411040.19,145,2834.76,579.20,4959.97
Home Appliances,Samsung,Senior Salesperson,Early Bird Specials,379914.74,146,2602.16,505.94,4993.64
Home Appliances,Samsung,Senior Salesperson,End of Season Sale,398977.21,138,2891.14,501.06,4939.81
Home Appliances,Samsung,Senior Salesperson,Exclusive Insider Offers,424879.27,151,2813.77,643.06,4939.40
Home Appliances,Samsung,Senior Salesperson,Festive Fever Promo,389786.87,154,2531.08,504.82,4999.21
Home Appliances,Samsung,Senior Salesperson,Final Call Frenzy,443424.09,154,2879.38,517.61,4995.76
Home Appliances,Samsung,Senior Salesperson,Flash Frenzy Friday,436794.05,146,2991.74,543.16,4991.73
Home Appliances,Samsung,Senior Salesperson,"Gift More, Spend Less",391289.70,151,2591.32,512.84,4971.85
Home Appliances,Samsung,Senior Salesperson,Golden Hour Bargains,420197.62,146,2878.07,523.41,4963.98
Home Appliances,Samsung,Senior Salesperson,Green Weekend Deals,388605.75,148,2625.71,503.87,4997.84
Home Appliances,Samsung,Senior Salesperson,Happy Hour Discounts,442393.21,155,2854.15,511.76,4959.67
Home Appliances,Samsung,Senior Salesperson,Holiday Shopping Rush,422756.32,153,2763.11,515.18,4953.39
Home Appliances,Samsung,Senior Salesperson,Hot Picks Promo,426536.53,161,2649.30,522.05,4992.55
Home Appliances,Samsung,Senior Salesperson,Instant Gratification Sale,419843.40,161,2607.72,512.23,4978.27
Home Appliances,Samsung,Senior Salesperson,Limited Time Treasures,455178.40,174,2615.97,500.36,4999.73
Home Appliances,Samsung,Senior Salesperson,Loyalty Rewards Blast,410476.63,150,2736.51,503.22,4914.51
Home Appliances,Samsung,Senior Salesperson,Mega Weekend Bonanza,527371.16,185,2850.65,515.84,4974.25
Home Appliances,Samsung,Senior Salesperson,Mid-Year Madness,403529.90,144,2802.29,614.15,4942.95
Home Appliances,Samsung,Senior Salesperson,Midnight Madness,383250.53,142,2698.95,530.26,4997.66
Home Appliances,Samsung,Senior Salesperson,Mystery Discount Days,408835.24,150,2725.57,541.84,4967.72
Home Appliances,Samsung,Senior Salesperson,New Arrival Showcase,421914.40,152,2775.75,500.17,4961.16
Home Appliances,Samsung,Senior Salesperson,New Product Launch Promo,423522.17,155,2732.40,547.78,4974.77
Home Appliances,Samsung,Senior Salesperson,New Year Kickoff,455331.06,167,2726.53,509.56,4998.67
Home Appliances,Samsung,Senior Salesperson,Price Drop Parade,457541.57,155,2951.88,510.91,4976.39
Home Appliances,Samsung,Senior Salesperson,Red Tag Clearance,385076.71,141,2731.04,561.36,4959.37
Home Appliances,Samsung,Senior Salesperson,Seasonal Surprise Box,457152.63,161,2839.46,539.78,4972.80
Home Appliances,Samsung,Senior Salesperson,Shop & Save Spectacular,345911.77,131,2640.55,533.34,4986.00
Home Appliances,Samsung,Senior Salesperson,Smart Shopper Week,482184.87,173,2787.20,513.31,4999.94
Home Appliances,Samsung,Senior Salesperson,Spring Refresh Event,379871.63,156,2435.07,511.37,4973.01
Home Appliances,Samsung,Senior Salesperson,Spring Splash Discounts,404635.77,146,2771.48,587.34,4774.28
Home Appliances,Samsung,Senior Salesperson,Summer Sizzle Promo,403349.68,156,2585.57,600.80,4955.59
Home Appliances,Samsung,Senior Salesperson,Super Savings Week,421262.52,152,2771.46,508.47,4987.77
Home Appliances,Samsung,Senior Salesperson,Ultimate Value Event,374082.84,132,2833.96,505.43,4992.64
Home Appliances,Samsung,Senior Salesperson,VIP Access Sale,424356.46,154,2755.56,505.73,4999.37
Home Appliances,Samsung,Senior Salesperson,Weekend Warrior Specials,405260.38,158,2564.94,504.80,4993.90
Home Appliances,Samsung,Senior Salesperson,Winter Clearance Carnival,360436.18,130,2772.59,520.70,4891.57
Home Appliances,Samsung,Senior Salesperson,Winter Wonders Sale,392100.97,144,2722.92,523.21,4974.22
Home Appliances,Whirlpool,Manager,12 Days of Deals,380869.83,140,2720.50,512.85,4943.88
Home Appliances,Whirlpool,Manager,Autumn Deals Drive,482444.03,183,2636.31,506.90,4994.25
Home Appliances,Whirlpool,Manager,BOGO Blitz,489088.51,179,2732.34,547.68,4999.75
Home Appliances,Whirlpool,Manager,Back to School Boost,471818.09,168,2808.44,567.23,4990.27
Home Appliances,Whirlpool,Manager,Birthday Bash Sale,516940.13,179,2887.93,574.46,4999.93
Home Appliances,Whirlpool,Manager,Black Friday Blowout,450319.86,169,2664.61,505.48,4967.86
Home Appliances,Whirlpool,Manager,Cart Crasher Campaign,471477.89,167,2823.22,511.77,4998.46
Home Appliances,Whirlpool,Manager,Cashback Carnival,423501.39,163,2598.17,607.17,4985.22
Home Appliances,Whirlpool,Manager,Clearance Countdown,464529.13,174,2669.71,596.99,4977.28
Home Appliances,Whirlpool,Manager,Countdown to Savings,498703.83,187,2666.87,541.72,4985.58
Home Appliances,Whirlpool,Manager,Customer Appreciation Week,404445.45,147,2751.33,552.10,4909.19
Home Appliances,Whirlpool,Manager,Cyber Monday Mania,442193.87,160,2763.71,561.47,4965.06
Home Appliances,Whirlpool,Manager,Deal of the Month,466767.87,176,2652.09,505.93,4979.92
Home Appliances,Whirlpool,Manager,Double Points Bonanza,499031.95,185,2697.47,512.55,4996.53
Home Appliances,Whirlpool,Manager,Early Bird Specials,481264.85,171,2814.41,509.54,4997.74
Home Appliances,Whirlpool,Manager,End of Season Sale,436516.92,159,2745.39,529.16,4992.04
Home Appliances,Whirlpool,Manager,Exclusive Insider Offers,478113.27,170,2812.43,550.56,4963.92
Home Appliances,Whirlpool,Manager,Festive Fever Promo,464673.93,170,2733.38,512.10,4924.00
Home Appliances,Whirlpool,Manager,Final Call Frenzy,473914.56,169,2804.23,506.46,4941.36
Home Appliances,Whirlpool,Manager,Flash Frenzy Friday,432251.69,158,2735.77,541.97,4985.89
Home Appliances,Whirlpool,Manager,"Gift More, Spend Less",483135.44,177,2729.58,510.64,4999.74
Home Appliances,Whirlpool,Manager,Golden Hour Bargains,480307.22,167,2876.09,545.40,4935.79
Home Appliances,Whirlpool,Manager,Green Weekend Deals,492938.76,173,2849.36,525.51,4997.45
Home Appliances,Whirlpool,Manager,Happy Hour Discounts,490369.08,174,2818.21,560.76,4965.89
Home Appliances,Whirlpool,Manager,Holiday Shopping Rush,450265.72,164,2745.52,560.74,4996.07
Home Appliances,Whirlpool,Manager,Hot Picks Promo,496209.30,185,2682.21,502.22,4958.41
Home Appliances,Whirlpool,Manager,Instant Gratification Sale,416000.47,155,2683.87,504.46,4930.54
Home Appliances,Whirlpool,Manager,Limited Time Treasures,525161.02,179,2933.86,530.77,4927.32
Home Appliances,Whirlpool,Manager,Loyalty Rewards Blast,495932.25,181,2739.96,509.23,4994.77
Home Appliances,Whirlpool,Manager,Mega Weekend Bonanza,454709.15,169,2690.59,505.95,4943.24
Home Appliances,Whirlpool,Manager,Mid-Year Madness,436036.47,161,2708.30,549.36,4996.93
Home Appliances,Whirlpool,Manager,Midnight Madness,469634.17,167,2812.18,517.06,4996.41
Home Appliances,Whirlpool,Manager,Mystery Discount Days,443009.08,167,2652.75,517.08,4996.71
Home Appliances,Whirlpool,Manager,New Arrival Showcase,540599.92,189,2860.32,515.54,4947.90
Home Appliances,Whirlpool,Manager,New Product Launch Promo,411832.68,148,2782.65,512.05,4964.35
Home Appliances,Whirlpool,Manager,New Year Kickoff,452092.48,163,2773.57,516.98,4987.36
Home Appliances,Whirlpool,Manager,Price Drop Parade,500544.13,191,2620.65,516.70,4961.14
Home Appliances,Whirlpool,Manager,Red Tag Clearance,412708.06,156,2645.56,520.89,4992.06
Home Appliances,Whirlpool,Manager,Seasonal Surprise Box,476049.64,176,2704.83,501.18,4980.30
Home Appliances,Whirlpool,Manager,Shop & Save Spectacular,459852.25,158,2910.46,585.15,4960.84
Home Appliances,Whirlpool,Manager,Smart Shopper Week,440227.02,163,2700.78,526.61,4948.75
Home Appliances,Whirlpool,Manager,Spring Refresh Event,444289.27,157,2829.87,512.12,4995.53
Home Appliances,Whirlpool,Manager,Spring Splash Discounts,520757.05,185,2814.90,533.14,4978.82
Home Appliances,Whirlpool,Manager,Summer Sizzle Promo,414969.75,150,2766.47,636.33,4996.11
Home Appliances,Whirlpool,Manager,Super Savings Week,426549.28,156,2734.29,506.58,4963.29
Home Appliances,Whirlpool,Manager,Ultimate Value Event,422928.43,156,2711.08,550.20,4987.19
Home Appliances,Whirlpool,Manager,VIP Access Sale,472076.93,168,2809.98,583.71,4990.03
Home Appliances,Whirlpool,Manager,Weekend Warrior Specials,528467.78,184,2872.11,563.44,4926.38
Home Appliances,Whirlpool,Manager,Winter Clearance Carnival,542781.65,188,2887.14,503.94,4998.56
Home Appliances,Whirlpool,Manager,Winter Wonders Sale,532237.41,196,2715.50,505.46,4990.42
Home Appliances,Whirlpool,Sales Associate,12 Days of Deals,439414.05,164,2679.35,531.47,4982.52
Home Appliances,Whirlpool,Sales Associate,Autumn Deals Drive,493644.71,175,2820.83,515.30,4992.57
Home Appliances,Whirlpool,Sales Associate,BOGO Blitz,482468.09,168,2871.83,509.26,4935.08
Home Appliances,Whirlpool,Sales Associate,Back to School Boost,453618.26,161,2817.50,516.16,4987.11
Home Appliances,Whirlpool,Sales Associate,Birthday Bash Sale,493656.73,190,2598.19,502.35,4977.09
Home Appliances,Whirlpool,Sales Associate,Black Friday Blowout,475674.34,174,2733.76,509.61,4989.56
Home Appliances,Whirlpool,Sales Associate,Cart Crasher Campaign,406933.32,159,2559.33,544.80,4998.18
Home Appliances,Whirlpool,Sales Associate,Cashback Carnival,538858.34,193,2792.01,544.56,4989.69
Home Appliances,Whirlpool,Sales Associate,Clearance Countdown,532757.07,185,2879.77,504.40,4955.33
Home Appliances,Whirlpool,Sales Associate,Countdown to Savings,567877.52,195,2912.19,540.29,4987.28
Home Appliances,Whirlpool,Sales Associate,Customer Appreciation Week,492785.89,191,2580.03,508.53,4987.90
Home Appliances,Whirlpool,Sales Associate,Cyber Monday Mania,518979.38,200,2594.90,519.48,4948.73
Home Appliances,Whirlpool,Sales Associate,Deal of the Month,431150.57,165,2613.03,543.52,4996.86
Home Appliances,Whirlpool,Sales Associate,Double Points Bonanza,444670.55,160,2779.19,538.44,4983.61
Home Appliances,Whirlpool,Sales Associate,Early Bird Specials,500353.63,182,2749.20,503.83,4975.22
Home Appliances,Whirlpool,Sales Associate,End of Season Sale,457890.07,168,2725.54,509.93,4999.78
Home Appliances,Whirlpool,Sales Associate,Exclusive Insider Offers,424386.03,150,2829.24,507.26,4988.24
Home Appliances,Whirlpool,Sales Associate,Festive Fever Promo,433895.54,171,2537.40,532.08,4960.17
Home Appliances,Whirlpool,Sales Associate,Final Call Frenzy,454799.58,163,2790.18,540.50,4968.63
Home Appliances,Whirlpool,Sales Associate,Flash Frenzy Friday,555284.80,195,2847.61,535.99,4997.67
Home Appliances,Whirlpool,Sales Associate,"Gift More, Spend Less",466820.21,178,2622.59,521.05,4977.84
Home Appliances,Whirlpool,Sales Associate,Golden Hour Bargains,474092.56,170,2788.78,520.19,4992.88
Home Appliances,Whirlpool,Sales Associate,Green Weekend Deals,461334.69,172,2682.18,543.04,4923.77
Home Appliances,Whirlpool,Sales Associate,Happy Hour Discounts,469340.37,171,2744.68,510.66,4991.86
Home Appliances,Whirlpool,Sales Associate,Holiday Shopping Rush,467920.66,177,2643.62,501.35,4977.01
Home Appliances,Whirlpool,Sales Associate,Hot Picks Promo,537254.91,194,2769.36,536.07,4988.39
Home Appliances,Whirlpool,Sales Associate,Instant Gratification Sale,516194.44,180,2867.75,501.38,4999.38
Home Appliances,Whirlpool,Sales Associate,Limited Time Treasures,459955.20,169,2721.63,537.80,4966.42
Home Appliances,Whirlpool,Sales Associate,Loyalty Rewards Blast,469058.10,179,2620.44,518.89,4981.19
Home Appliances,Whirlpool,Sales Associate,Mega Weekend Bonanza,502985.34,178,2825.76,511.24,4964.59
Home Appliances,Whirlpool,Sales Associate,Mid-Year Madness,498280.03,183,2722.84,506.56,4997.77
Home Appliances,Whirlpool,Sales Associate,Midnight Madness,503562.84,191,2636.45,539.75,4991.51
Home Appliances,Whirlpool,Sales Associate,Mystery Discount Days,585893.19,212,2763.65,502.03,4935.19
Home Appliances,Whirlpool,Sales Associate,New Arrival Showcase,494908.30,189,2618.56,508.56,4995.63
Home Appliances,Whirlpool,Sales Associate,New Product Launch Promo,444794.42,160,2779.97,504.31,4991.62
Home Appliances,Whirlpool,Sales Associate,New Year Kickoff,409194.85,146,2802.70,519.42,4995.20
Home Appliances,Whirlpool,Sales Associate,Price Drop Parade,493280.03,173,2851.33,510.58,4988.21
Home Appliances,Whirlpool,Sales Associate,Red Tag Clearance,451286.93,157,2874.44,524.41,4974.53
Home Appliances,Whirlpool,Sales Associate,Seasonal Surprise Box,479550.78,164,2924.09,544.29,4980.46
Home Appliances,Whirlpool,Sales Associate,Shop & Save Spectacular,503179.57,179,2811.06,516.34,4966.92
Home Appliances,Whirlpool,Sales Associate,Smart Shopper Week,457963.10,175,2616.93,536.82,4995.40
Home Appliances,Whirlpool,Sales Associate,Spring Refresh Event,506356.26,178,2844.70,508.23,4987.43
Home Appliances,Whirlpool,Sales Associate,Spring Splash Discounts,419963.73,152,2762.92,510.84,4966.93
Home Appliances,Whirlpool,Sales Associate,Summer Sizzle Promo,473281.36,170,2784.01,501.49,4980.77
Home Appliances,Whirlpool,Sales Associate,Super Savings Week,476826.21,177,2693.93,528.21,4998.47
Home Appliances,Whirlpool,Sales Associate,Ultimate Value Event,488217.65,182,2682.51,588.93,4994.11
Home Appliances,Whirlpool,Sales Associate,VIP Access Sale,469083.16,173,2711.46,504.55,4995.37
Home Appliances,Whirlpool,Sales Associate,Weekend Warrior Specials,486854.11,184,2645.95,502.66,4984.76
Home Appliances,Whirlpool,Sales Associate,Winter Clearance Carnival,479847.02,173,2773.68,554.70,4996.10
Home Appliances,Whirlpool,Sales Associate,Winter Wonders Sale,528962.79,195,2712.63,518.73,4998.01
Home Appliances,Whirlpool,Salesperson,12 Days of Deals,523294.21,203,2577.80,518.48,4999.73
Home Appliances,Whirlpool,Salesperson,Autumn Deals Drive,387883.68,152,2551.87,528.14,4995.61
Home Appliances,Whirlpool,Salesperson,BOGO Blitz,469666.48,172,2730.62,525.79,4958.24
Home Appliances,Whirlpool,Salesperson,Back to School Boost,483671.12,183,2643.01,523.66,4974.15
Home Appliances,Whirlpool,Salesperson,Birthday Bash Sale,398724.76,146,2730.99,503.99,4985.89
Home Appliances,Whirlpool,Salesperson,Black Friday Blowout,527142.92,192,2745.54,544.34,4954.51
Home Appliances,Whirlpool,Salesperson,Cart Crasher Campaign,536892.40,181,2966.26,504.51,4989.31
Home Appliances,Whirlpool,Salesperson,Cashback Carnival,476458.99,175,2722.62,524.46,4993.50
Home Appliances,Whirlpool,Salesperson,Clearance Countdown,448524.37,169,2653.99,515.22,4978.40
Home Appliances,Whirlpool,Salesperson,Countdown to Savings,454079.88,177,2565.42,518.12,4985.58
Home Appliances,Whirlpool,Salesperson,Customer Appreciation Week,465196.51,169,2752.64,551.62,4969.62
Home Appliances,Whirlpool,Salesperson,Cyber Monday Mania,505181.01,187,2701.50,543.64,4966.57
Home Appliances,Whirlpool,Salesperson,Deal of the Month,360892.65,137,2634.25,511.34,4986.45
Home Appliances,Whirlpool,Salesperson,Double Points Bonanza,457708.20,168,2724.45,510.32,4972.70
Home Appliances,Whirlpool,Salesperson,Early Bird Specials,428749.14,154,2784.09,518.44,4995.35
Home Appliances,Whirlpool,Salesperson,End of Season Sale,434516.42,152,2858.66,500.69,4965.77
Home Appliances,Whirlpool,Salesperson,Exclusive Insider Offers,535903.99,189,2835.47,524.47,4999.29
Home Appliances,Whirlpool,Salesperson,Festive Fever Promo,489115.88,173,2827.26,589.96,4986.51
Home Appliances,Whirlpool,Salesperson,Final Call Frenzy,521474.13,194,2688.01,519.27,4974.86
Home Appliances,Whirlpool,Salesperson,Flash Frenzy Friday,480735.54,174,2762.85,538.50,4983.73
Home Appliances,Whirlpool,Salesperson,"Gift More, Spend Less",506757.51,191,2653.18,501.53,4968.76
Home Appliances,Whirlpool,Salesperson,Golden Hour Bargains,501455.97,180,2785.87,526.50,4988.43
Home Appliances,Whirlpool,Salesperson,Green Weekend Deals,494026.17,175,2823.01,557.53,4971.75
Home Appliances,Whirlpool,Salesperson,Happy Hour Discounts,462801.39,171,2706.44,545.79,4968.19
Home Appliances,Whirlpool,Salesperson,Holiday Shopping Rush,450980.57,174,2591.84,527.04,4994.33
Home Appliances,Whirlpool,Salesperson,Hot Picks Promo,447751.52,154,2907.48,532.75,4943.48
Home Appliances,Whirlpool,Salesperson,Instant Gratification Sale,456480.70,164,2783.42,535.32,4965.16
Home Appliances,Whirlpool,Salesperson,Limited Time Treasures,458444.17,168,2728.83,524.09,4973.26
Home Appliances,Whirlpool,Salesperson,Loyalty Rewards Blast,447405.82,163,2744.82,515.06,4998.50
Home Appliances,Whirlpool,Salesperson,Mega Weekend Bonanza,443004.80,159,2786.19,552.46,4987.85
Home Appliances,Whirlpool,Salesperson,Mid-Year Madness,473374.92,178,2659.41,638.97,4990.13
Home Appliances,Whirlpool,Salesperson,Midnight Madness,500139.10,177,2825.64,546.61,4994.87
Home Appliances,Whirlpool,Salesperson,Mystery Discount Days,414241.57,157,2638.48,540.23,4985.69
Home Appliances,Whirlpool,Salesperson,New Arrival Showcase,544865.86,193,2823.14,505.86,4986.89
Home Appliances,Whirlpool,Salesperson,New Product Launch Promo,432156.49,158,2735.17,513.69,4967.65
Home Appliances,Whirlpool,Salesperson,New Year Kickoff,557449.81,203,2746.06,542.80,4990.53
Home Appliances,Whirlpool,Salesperson,Price Drop Parade,505168.66,181,2790.99,532.94,4984.36
Home Appliances,Whirlpool,Salesperson,Red Tag Clearance,460972.71,168,2743.89,539.02,4991.05
Home Appliances,Whirlpool,Salesperson,Seasonal Surprise Box,495963.98,182,2725.08,525.44,4986.23
Home Appliances,Whirlpool,Salesperson,Shop & Save Spectacular,460028.97,166,2771.26,517.06,4974.57
Home Appliances,Whirlpool,Salesperson,Smart Shopper Week,509393.92,191,2666.98,527.72,4948.78
Home Appliances,Whirlpool,Salesperson,Spring Refresh Event,440482.69,159,2770.33,615.75,4942.69
Home Appliances,Whirlpool,Salesperson,Spring Splash Discounts,469102.34,175,2680.58,589.74,4963.63
Home Appliances,Whirlpool,Salesperson,Summer Sizzle Promo,439916.46,161,2732.40,510.10,4943.77
Home Appliances,Whirlpool,Salesperson,Super Savings Week,463868.37,165,2811.32,510.14,4993.31
Home Appliances,Whirlpool,Salesperson,Ultimate Value Event,420130.37,147,2858.03,512.82,4995.58
Home Appliances,Whirlpool,Salesperson,VIP Access Sale,486952.72,184,2646.48,500.61,4999.48
Home Appliances,Whirlpool,Salesperson,Weekend Warrior Specials,440743.28,159,2771.97,558.67,4957.84
Home Appliances,Whirlpool,Salesperson,Winter Clearance Carnival,489748.90,171,2864.03,524.87,4980.20
Home Appliances,Whirlpool,Salesperson,Winter Wonders Sale,440622.36,165,2670.44,504.46,4998.39
Home Appliances,Whirlpool,Senior Salesperson,12 Days of Deals,507161.06,178,2849.22,512.21,4966.63
Home Appliances,Whirlpool,Senior Salesperson,Autumn Deals Drive,477649.97,171,2793.27,525.49,4959.88
Home Appliances,Whirlpool,Senior Salesperson,BOGO Blitz,431077.90,160,2694.24,511.13,4954.97
Home Appliances,Whirlpool,Senior Salesperson,Back to School Boost,402737.62,153,2632.27,565.84,4990.79
Home Appliances,Whirlpool,Senior Salesperson,Birthday Bash Sale,459919.26,164,2804.39,565.46,4979.16
Home Appliances,Whirlpool,Senior Salesperson,Black Friday Blowout,424280.35,148,2866.76,546.18,4922.31
Home Appliances,Whirlpool,Senior Salesperson,Cart Crasher Campaign,371172.47,138,2689.66,524.89,4986.87
Home Appliances,Whirlpool,Senior Salesperson,Cashback Carnival,373984.44,136,2749.89,510.98,4999.12
Home Appliances,Whirlpool,Senior Salesperson,Clearance Countdown,326658.82,120,2722.16,520.52,4994.45
Home Appliances,Whirlpool,Senior Salesperson,Countdown to Savings,433555.40,150,2890.37,527.07,4856.52
Home Appliances,Whirlpool,Senior Salesperson,Customer Appreciation Week,380599.97,143,2661.54,563.67,4997.60
Home Appliances,Whirlpool,Senior Salesperson,Cyber Monday Mania,531040.53,187,2839.79,531.01,4920.13
Home Appliances,Whirlpool,Senior Salesperson,Deal of the Month,399863.04,144,2776.83,502.82,4984.95
Home Appliances,Whirlpool,Senior Salesperson,Double Points Bonanza,459885.84,163,2821.39,532.31,4962.53
Home Appliances,Whirlpool,Senior Salesperson,Early Bird Specials,425012.93,151,2814.66,574.63,4994.29
Home Appliances,Whirlpool,Senior Salesperson,End of Season Sale,456902.72,159,2873.60,515.27,4913.48
Home Appliances,Whirlpool,Senior Salesperson,Exclusive Insider Offers,398342.05,149,2673.44,530.99,4988.00
Home Appliances,Whirlpool,Senior Salesperson,Festive Fever Promo,454547.30,160,2840.92,522.46,4997.98
Home Appliances,Whirlpool,Senior Salesperson,Final Call Frenzy,403550.33,153,2637.58,510.60,4922.30
Home Appliances,Whirlpool,Senior Salesperson,Flash Frenzy Friday,410879.02,152,2703.15,510.70,4997.83
Home Appliances,Whirlpool,Senior Salesperson,"Gift More, Spend Less",434118.38,156,2782.81,525.16,4963.82
Home Appliances,Whirlpool,Senior Salesperson,Golden Hour Bargains,434242.10,163,2664.06,505.82,4840.56
Home Appliances,Whirlpool,Senior Salesperson,Green Weekend Deals,479099.32,166,2886.14,500.21,4998.83
Home Appliances,Whirlpool,Senior Salesperson,Happy Hour Discounts,401061.41,145,2765.94,525.02,4966.70
Home Appliances,Whirlpool,Senior Salesperson,Holiday Shopping Rush,434206.37,164,2647.60,505.09,4982.63
Home Appliances,Whirlpool,Senior Salesperson,Hot Picks Promo,409586.77,144,2844.35,516.94,4955.78
Home Appliances,Whirlpool,Senior Salesperson,Instant Gratification Sale,391299.78,143,2736.36,521.68,4987.90
Home Appliances,Whirlpool,Senior Salesperson,Limited Time Treasures,432061.07,168,2571.79,501.55,4997.90
Home Appliances,Whirlpool,Senior Salesperson,Loyalty Rewards Blast,374818.19,126,2974.75,522.47,4948.66
Home Appliances,Whirlpool,Senior Salesperson,Mega Weekend Bonanza,468681.07,160,2929.26,604.38,4988.39
Home Appliances,Whirlpool,Senior Salesperson,Mid-Year Madness,409756.97,154,2660.76,531.74,4997.51
Home Appliances,Whirlpool,Senior Salesperson,Midnight Madness,386955.17,149,2597.01,514.34,4905.60
Home Appliances,Whirlpool,Senior Salesperson,Mystery Discount Days,370760.84,134,2766.87,568.95,4970.20
Home Appliances,Whirlpool,Senior Salesperson,New Arrival Showcase,416673.44,147,2834.51,500.44,4963.08
Home Appliances,Whirlpool,Senior Salesperson,New Product Launch Promo,402931.01,144,2798.13,523.86,4991.97
Home Appliances,Whirlpool,Senior Salesperson,New Year Kickoff,409177.51,148,2764.71,525.38,4991.05
Home Appliances,Whirlpool,Senior Salesperson,Price Drop Parade,425383.15,152,2798.57,529.27,4948.53
Home Appliances,Whirlpool,Senior Salesperson,Red Tag Clearance,377409.73,137,2754.82,524.22,4990.08
Home Appliances,Whirlpool,Senior Salesperson,Seasonal Surprise Box,413982.32,154,2688.20,508.60,4990.56
Home Appliances,Whirlpool,Senior Salesperson,Shop & Save Spectacular,324678.71,130,2497.53,551.97,4949.73
Home Appliances,Whirlpool,Senior Salesperson,Smart Shopper Week,474253.55,180,2634.74,512.44,4980.87
Home Appliances,Whirlpool,Senior Salesperson,Spring Refresh Event,387079.46,147,2633.19,505.17,4957.86
Home Appliances,Whirlpool,Senior Salesperson,Spring Splash Discounts,452815.88,153,2959.58,518.89,4992.50
Home Appliances,Whirlpool,Senior Salesperson,Summer Sizzle Promo,427977.39,153,2797.24,526.78,4950.25
Home Appliances,Whirlpool,Senior Salesperson,Super Savings Week,485402.59,165,2941.83,514.36,4973.97
Home Appliances,Whirlpool,Senior Salesperson,Ultimate Value Event,385895.44,143,2698.57,509.71,4986.43
Home Appliances,Whirlpool,Senior Salesperson,VIP Access Sale,406606.52,149,2728.90,538.11,4989.89
Home Appliances,Whirlpool,Senior Salesperson,Weekend Warrior Specials,484674.63,180,2692.64,507.69,4998.33
Home Appliances,Whirlpool,Senior Salesperson,Winter Clearance Carnival,380675.62,146,2607.37,512.37,4956.67
Home Appliances,Whirlpool,Senior Salesperson,Winter Wonders Sale,421428.27,151,2790.92,518.65,4996.00
Sports & Outdoors,Adidas,Manager,12 Days of Deals,556756.03,197,2826.17,504.41,4975.94
Sports & Outdoors,Adidas,Manager,Autumn Deals Drive,450552.71,166,2714.17,500.33,4998.38
Sports & Outdoors,Adidas,Manager,BOGO Blitz,444290.86,162,2742.54,538.68,4993.50
Sports & Outdoors,Adidas,Manager,Back to School Boost,438715.53,156,2812.28,507.11,4996.96
Sports & Outdoors,Adidas,Manager,Birthday Bash Sale,395471.44,143,2765.53,509.00,4947.52
Sports & Outdoors,Adidas,Manager,Black Friday Blowout,505841.49,177,2857.86,535.84,4926.91
Sports & Outdoors,Adidas,Manager,Cart Crasher Campaign,469252.77,163,2878.85,512.46,4979.31
Sports & Outdoors,Adidas,Manager,Cashback Carnival,403076.73,153,2634.49,509.51,4994.16
Sports & Outdoors,Adidas,Manager,Clearance Countdown,478033.84,165,2897.17,579.73,4986.35
Sports & Outdoors,Adidas,Manager,Countdown to Savings,467153.68,172,2716.01,564.66,4993.86
Sports & Outdoors,Adidas,Manager,Customer Appreciation Week,472839.44,157,3011.72,654.55,4988.63
Sports & Outdoors,Adidas,Manager,Cyber Monday Mania,460150.53,150,3067.67,517.23,4999.05
Sports & Outdoors,Adidas,Manager,Deal of the Month,372334.16,134,2778.61,518.06,4974.63
Sports & Outdoors,Adidas,Manager,Double Points Bonanza,385904.96,142,2717.64,507.68,4996.56
Sports & Outdoors,Adidas,Manager,Early Bird Specials,497141.02,171,2907.26,526.61,4998.17
Sports & Outdoors,Adidas,Manager,End of Season Sale,447507.03,171,2617.00,521.54,4976.16
Sports & Outdoors,Adidas,Manager,Exclusive Insider Offers,465486.51,162,2873.37,526.99,4927.69
Sports & Outdoors,Adidas,Manager,Festive Fever Promo,406602.93,157,2589.83,553.16,4982.65
Sports & Outdoors,Adidas,Manager,Final Call Frenzy,451689.56,170,2657.00,501.90,4986.38
Sports & Outdoors,Adidas,Manager,Flash Frenzy Friday,504823.50,180,2804.58,511.53,4990.62
Sports & Outdoors,Adidas,Manager,"Gift More, Spend Less",522300.50,194,2692.27,547.61,4990.08
Sports & Outdoors,Adidas,Manager,Golden Hour Bargains,470515.28,168,2800.69,536.94,4976.21
Sports & Outdoors,Adidas,Manager,Green Weekend Deals,464903.19,175,2656.59,574.36,4963.36
Sports & Outdoors,Adidas,Manager,Happy Hour Discounts,389629.60,145,2687.10,531.87,4987.84
Sports & Outdoors,Adidas,Manager,Holiday Shopping Rush,400991.14,149,2691.22,520.18,4978.37
Sports & Outdoors,Adidas,Manager,Hot Picks Promo,508797.21,179,2842.44,505.94,4957.64
Sports & Outdoors,Adidas,Manager,Instant Gratification Sale,467650.78,167,2800.30,547.30,4977.77
Sports & Outdoors,Adidas,Manager,Limited Time Treasures,435505.86,156,2791.70,500.43,4981.23
Sports & Outdoors,Adidas,Manager,Loyalty Rewards Blast,458713.03,170,2698.31,503.10,4967.54
Sports & Outdoors,Adidas,Manager,Mega Weekend Bonanza,521259.17,184,2832.93,525.37,4951.61
Sports & Outdoors,Adidas,Manager,Mid-Year Madness,414343.97,159,2605.94,502.53,4991.08
Sports & Outdoors,Adidas,Manager,Midnight Madness,499610.75,175,2854.92,500.45,4985.69
Sports & Outdoors,Adidas,Manager,Mystery Discount Days,445167.61,169,2634.13,506.53,4998.07
Sports & Outdoors,Adidas,Manager,New Arrival Showcase,410298.85,148,2772.29,513.56,4982.07
Sports & Outdoors,Adidas,Manager,New Product Launch Promo,470524.10,166,2834.48,564.61,4927.48
Sports & Outdoors,Adidas,Manager,New Year Kickoff,493217.37,172,2867.54,568.36,4984.10
Sports & Outdoors,Adidas,Manager,Price Drop Parade,495754.72,172,2882.29,555.57,4984.37
Sports & Outdoors,Adidas,Manager,Red Tag Clearance,505672.64,176,2873.14,582.74,4992.12
Sports & Outdoors,Adidas,Manager,Seasonal Surprise Box,474458.20,162,2928.75,515.20,4992.17
Sports & Outdoors,Adidas,Manager,Shop & Save Spectacular,519838.87,174,2987.58,536.53,4974.46
Sports & Outdoors,Adidas,Manager,Smart Shopper Week,504857.23,179,2820.43,521.59,4978.10
Sports & Outdoors,Adidas,Manager,Spring Refresh Event,478073.50,175,2731.85,565.27,4921.04
Sports & Outdoors,Adidas,Manager,Spring Splash Discounts,407109.07,149,2732.28,531.91,4998.18
Sports & Outdoors,Adidas,Manager,Summer Sizzle Promo,422868.84,144,2936.59,583.29,4973.85
Sports & Outdoors,Adidas,Manager,Super Savings Week,418366.13,160,2614.79,506.36,4962.64
Sports & Outdoors,Adidas,Manager,Ultimate Value Event,440767.12,166,2655.22,501.61,4956.51
Sports & Outdoors,Adidas,Manager,VIP Access Sale,465898.72,157,2967.51,516.95,4991.92
Sports & Outdoors,Adidas,Manager,Weekend Warrior Specials,472727.88,170,2780.75,518.17,4998.83
Sports & Outdoors,Adidas,Manager,Winter Clearance Carnival,446266.42,164,2721.14,509.53,4988.66
Sports & Outdoors,Adidas,Manager,Winter Wonders Sale,447857.34,160,2799.11,504.80,4988.65
Sports & Outdoors,Adidas,Sales Associate,12 Days of Deals,453390.38,164,2764.58,511.33,4968.66
Sports & Outdoors,Adidas,Sales Associate,Autumn Deals Drive,490883.42,175,2805.05,518.04,4974.39
Sports & Outdoors,Adidas,Sales Associate,BOGO Blitz,491534.65,173,2841.24,509.05,4982.08
Sports & Outdoors,Adidas,Sales Associate,Back to School Boost,439688.83,171,2571.28,508.79,4987.32
Sports & Outdoors,Adidas,Sales Associate,Birthday Bash Sale,465105.58,170,2735.92,520.20,4998.00
Sports & Outdoors,Adidas,Sales Associate,Black Friday Blowout,488242.40,178,2742.93,524.52,4991.94
Sports & Outdoors,Adidas,Sales Associate,Cart Crasher Campaign,472307.59,169,2794.72,522.03,4959.37
Sports & Outdoors,Adidas,Sales Associate,Cashback Carnival,510764.25,183,2791.06,556.95,4981.92
Sports & Outdoors,Adidas,Sales Associate,Clearance Countdown,481380.64,178,2704.39,509.58,4998.56
Sports & Outdoors,Adidas,Sales Associate,Countdown to Savings,507402.42,186,2727.97,553.26,4957.19
Sports & Outdoors,Adidas,Sales Associate,Customer Appreciation Week,541128.71,190,2848.05,520.41,4951.29
Sports & Outdoors,Adidas,Sales Associate,Cyber Monday Mania,500102.64,175,2857.73,512.33,4989.43
Sports & Outdoors,Adidas,Sales Associate,Deal of the Month,458396.70,167,2744.89,540.57,4947.38
Sports & Outdoors,Adidas,Sales Associate,Double Points Bonanza,446032.90,159,2805.24,503.76,4992.41
Sports & Outdoors,Adidas,Sales Associate,Early Bird Specials,459302.20,169,2717.76,505.34,4988.51
Sports & Outdoors,Adidas,Sales Associate,End of Season Sale,419314.30,151,2776.92,549.70,4980.34
Sports & Outdoors,Adidas,Sales Associate,Exclusive Insider Offers,499254.51,185,2698.67,503.34,4878.36
Sports & Outdoors,Adidas,Sales Associate,Festive Fever Promo,459888.00,174,2643.03,519.49,4991.54
Sports & Outdoors,Adidas,Sales Associate,Final Call Frenzy,501104.08,186,2694.11,539.41,4999.33
Sports & Outdoors,Adidas,Sales Associate,Flash Frenzy Friday,465600.59,170,2738.83,538.03,4997.00
Sports & Outdoors,Adidas,Sales Associate,"Gift More, Spend Less",499750.62,175,2855.72,524.46,4946.78
Sports & Outdoors,Adidas,Sales Associate,Golden Hour Bargains,515175.23,188,2740.29,503.10,4998.10
Sports & Outdoors,Adidas,Sales Associate,Green Weekend Deals,451326.79,159,2838.53,504.25,4996.09
Sports & Outdoors,Adidas,Sales Associate,Happy Hour Discounts,496205.76,182,2726.41,517.25,4975.40
Sports & Outdoors,Adidas,Sales Associate,Holiday Shopping Rush,494335.15,186,2657.72,506.26,4981.68
Sports & Outdoors,Adidas,Sales Associate,Hot Picks Promo,498167.11,179,2783.06,523.60,4990.00
Sports & Outdoors,Adidas,Sales Associate,Instant Gratification Sale,567131.14,194,2923.36,517.51,4987.32
Sports & Outdoors,Adidas,Sales Associate,Limited Time Treasures,469491.21,169,2778.05,596.64,4991.05
Sports & Outdoors,Adidas,Sales Associate,Loyalty Rewards Blast,423864.80,152,2788.58,508.93,4940.38
Sports & Outdoors,Adidas,Sales Associate,Mega Weekend Bonanza,448302.56,168,2668.47,547.14,4936.93
Sports & Outdoors,Adidas,Sales Associate,Mid-Year Madness,457812.14,173,2646.31,545.41,4949.66
Sports & Outdoors,Adidas,Sales Associate,Midnight Madness,497235.82,174,2857.68,533.16,4990.39
Sports & Outdoors,Adidas,Sales Associate,Mystery Discount Days,458166.27,169,2711.04,554.37,4950.82
Sports & Outdoors,Adidas,Sales Associate,New Arrival Showcase,492391.17,177,2781.87,526.98,4997.59
Sports & Outdoors,Adidas,Sales Associate,New Product Launch Promo,486678.66,171,2846.07,519.44,4984.55
Sports & Outdoors,Adidas,Sales Associate,New Year Kickoff,452553.28,162,2793.54,503.01,4995.24
Sports & Outdoors,Adidas,Sales Associate,Price Drop Parade,489105.11,168,2911.34,545.20,4943.31
Sports & Outdoors,Adidas,Sales Associate,Red Tag Clearance,472193.79,163,2896.89,504.13,4968.41
Sports & Outdoors,Adidas,Sales Associate,Seasonal Surprise Box,582524.87,206,2827.79,533.53,4982.93
Sports & Outdoors,Adidas,Sales Associate,Shop & Save Spectacular,467644.93,169,2767.13,507.72,4963.93
Sports & Outdoors,Adidas,Sales Associate,Smart Shopper Week,502534.84,182,2761.18,518.23,4988.00
Sports & Outdoors,Adidas,Sales Associate,Spring Refresh Event,451377.65,164,2752.30,524.13,4999.78
Sports & Outdoors,Adidas,Sales Associate,Spring Splash Discounts,515754.08,188,2743.37,560.52,4974.21
Sports & Outdoors,Adidas,Sales Associate,Summer Sizzle Promo,476686.59,174,2739.58,533.53,4976.25
Sports & Outdoors,Adidas,Sales Associate,Super Savings Week,506374.44,179,2828.91,540.72,4975.91
Sports & Outdoors,Adidas,Sales Associate,Ultimate Value Event,443669.07,170,2609.82,502.59,4983.26
Sports & Outdoors,Adidas,Sales Associate,VIP Access Sale,457851.53,169,2709.18,558.18,4989.16
Sports & Outdoors,Adidas,Sales Associate,Weekend Warrior Specials,459677.83,172,2672.55,529.97,4966.80
Sports & Outdoors,Adidas,Sales Associate,Winter Clearance Carnival,594124.57,213,2789.32,601.12,4997.18
Sports & Outdoors,Adidas,Sales Associate,Winter Wonders Sale,510577.56,184,2774.88,513.20,4983.97
Sports & Outdoors,Adidas,Salesperson,12 Days of Deals,491099.83,177,2774.58,503.94,4885.81
Sports & Outdoors,Adidas,Salesperson,Autumn Deals Drive,536292.76,199,2694.94,519.22,4969.14
Sports & Outdoors,Adidas,Salesperson,BOGO Blitz,470610.08,165,2852.18,526.59,4997.05
Sports & Outdoors,Adidas,Salesperson,Back to School Boost,486057.79,186,2613.21,527.30,4959.35
Sports & Outdoors,Adidas,Salesperson,Birthday Bash Sale,477958.64,178,2685.16,506.71,4993.81
Sports & Outdoors,Adidas,Salesperson,Black Friday Blowout,443120.60,156,2840.52,570.03,4990.39
Sports & Outdoors,Adidas,Salesperson,Cart Crasher Campaign,447383.31,164,2727.95,515.37,4923.30
Sports & Outdoors,Adidas,Salesperson,Cashback Carnival,480111.28,172,2791.34,502.87,4977.61
Sports & Outdoors,Adidas,Salesperson,Clearance Countdown,506860.23,179,2831.62,516.16,4993.50
Sports & Outdoors,Adidas,Salesperson,Countdown to Savings,479520.07,165,2906.18,579.23,4968.92
Sports & Outdoors,Adidas,Salesperson,Customer Appreciation Week,494859.19,181,2734.03,551.34,4957.35
Sports & Outdoors,Adidas,Salesperson,Cyber Monday Mania,482721.65,184,2623.49,519.85,4949.32
Sports & Outdoors,Adidas,Salesperson,Deal of the Month,344541.46,134,2571.20,524.49,4995.45
Sports & Outdoors,Adidas,Salesperson,Double Points Bonanza,424614.29,158,2687.43,507.03,4977.31
Sports & Outdoors,Adidas,Salesperson,Early Bird Specials,447801.78,176,2544.33,505.00,4991.02
Sports & Outdoors,Adidas,Salesperson,End of Season Sale,428838.06,161,2663.59,592.25,4987.37
Sports & Outdoors,Adidas,Salesperson,Exclusive Insider Offers,530578.00,190,2792.52,521.53,4991.28
Sports & Outdoors,Adidas,Salesperson,Festive Fever Promo,496417.10,178,2788.86,513.93,4984.89
Sports & Outdoors,Adidas,Salesperson,Final Call Frenzy,474175.17,168,2822.47,537.30,4995.87
Sports & Outdoors,Adidas,Salesperson,Flash Frenzy Friday,443948.63,168,2642.55,514.40,4981.24
Sports & Outdoors,Adidas,Salesperson,"Gift More, Spend Less",491922.05,174,2827.14,504.14,4994.22
Sports & Outdoors,Adidas,Salesperson,Golden Hour Bargains,487544.30,189,2579.60,505.89,4979.97
Sports & Outdoors,Adidas,Salesperson,Green Weekend Deals,461339.84,155,2976.39,512.50,4956.83
Sports & Outdoors,Adidas,Salesperson,Happy Hour Discounts,526491.07,182,2892.81,505.03,4981.47
Sports & Outdoors,Adidas,Salesperson,Holiday Shopping Rush,436734.14,166,2630.93,516.60,4963.18
Sports & Outdoors,Adidas,Salesperson,Hot Picks Promo,499383.09,189,2642.24,522.94,4901.15
Sports & Outdoors,Adidas,Salesperson,Instant Gratification Sale,441829.86,163,2710.61,500.89,4914.95
Sports & Outdoors,Adidas,Salesperson,Limited Time Treasures,455474.24,175,2602.71,532.31,4904.73
Sports & Outdoors,Adidas,Salesperson,Loyalty Rewards Blast,450630.76,157,2870.26,504.12,4993.88
Sports & Outdoors,Adidas,Salesperson,Mega Weekend Bonanza,502486.52,172,2921.43,575.16,4951.30
Sports & Outdoors,Adidas,Salesperson,Mid-Year Madness,497654.71,171,2910.26,612.05,4876.06
Sports & Outdoors,Adidas,Salesperson,Midnight Madness,467782.51,175,2673.04,520.72,4983.78
Sports & Outdoors,Adidas,Salesperson,Mystery Discount Days,441022.86,163,2705.66,528.21,4983.78
Sports & Outdoors,Adidas,Salesperson,New Arrival Showcase,510306.15,168,3037.54,566.44,4995.28
Sports & Outdoors,Adidas,Salesperson,New Product Launch Promo,520221.31,184,2827.29,501.61,4991.43
Sports & Outdoors,Adidas,Salesperson,New Year Kickoff,521927.92,181,2883.58,503.31,4957.93
Sports & Outdoors,Adidas,Salesperson,Price Drop Parade,433705.90,165,2628.52,516.53,4936.53
Sports & Outdoors,Adidas,Salesperson,Red Tag Clearance,432610.25,151,2864.97,506.04,4963.69
Sports & Outdoors,Adidas,Salesperson,Seasonal Surprise Box,384952.14,144,2673.28,501.08,4913.47
Sports & Outdoors,Adidas,Salesperson,Shop & Save Spectacular,464458.61,173,2684.73,530.01,4995.87
Sports & Outdoors,Adidas,Salesperson,Smart Shopper Week,471036.75,180,2616.87,507.17,4980.54
Sports & Outdoors,Adidas,Salesperson,Spring Refresh Event,422927.43,156,2711.07,508.56,4955.21
Sports & Outdoors,Adidas,Salesperson,Spring Splash Discounts,393533.25,148,2659.01,525.43,4959.63
Sports & Outdoors,Adidas,Salesperson,Summer Sizzle Promo,476977.32,163,2926.24,516.21,4985.23
Sports & Outdoors,Adidas,Salesperson,Super Savings Week,483955.50,175,2765.46,502.34,4944.40
Sports & Outdoors,Adidas,Salesperson,Ultimate Value Event,476157.04,173,2752.35,521.06,4991.47
Sports & Outdoors,Adidas,Salesperson,VIP Access Sale,459582.35,164,2802.33,521.88,4992.01
Sports & Outdoors,Adidas,Salesperson,Weekend Warrior Specials,534883.70,192,2785.85,528.63,4992.44
Sports & Outdoors,Adidas,Salesperson,Winter Clearance Carnival,588464.51,203,2898.84,532.03,4993.51
Sports & Outdoors,Adidas,Salesperson,Winter Wonders Sale,482057.02,173,2786.46,512.88,4970.45
Sports & Outdoors,Adidas,Senior Salesperson,12 Days of Deals,440374.00,171,2575.29,501.44,4984.11
Sports & Outdoors,Adidas,Senior Salesperson,Autumn Deals Drive,456459.41,156,2926.02,511.09,4995.60
Sports & Outdoors,Adidas,Senior Salesperson,BOGO Blitz,380772.97,144,2644.26,509.59,4945.58
Sports & Outdoors,Adidas,Senior Salesperson,Back to School Boost,494660.21,183,2703.06,540.41,4981.81
Sports & Outdoors,Adidas,Senior Salesperson,Birthday Bash Sale,381952.11,146,2616.11,526.47,4974.29
Sports & Outdoors,Adidas,Senior Salesperson,Black Friday Blowout,459814.78,160,2873.84,574.53,4990.51
Sports & Outdoors,Adidas,Senior Salesperson,Cart Crasher Campaign,438275.61,153,2864.55,527.92,4983.68
Sports & Outdoors,Adidas,Senior Salesperson,Cashback Carnival,426543.88,150,2843.63,526.46,4992.80
Sports & Outdoors,Adidas,Senior Salesperson,Clearance Countdown,367066.22,145,2531.49,543.14,4973.33
Sports & Outdoors,Adidas,Senior Salesperson,Countdown to Savings,430689.49,156,2760.83,510.44,4950.52
Sports & Outdoors,Adidas,Senior Salesperson,Customer Appreciation Week,425152.41,162,2624.40,581.82,4988.05
Sports & Outdoors,Adidas,Senior Salesperson,Cyber Monday Mania,432846.72,148,2924.64,516.35,4996.37
Sports & Outdoors,Adidas,Senior Salesperson,Deal of the Month,377454.29,143,2639.54,511.14,4972.55
Sports & Outdoors,Adidas,Senior Salesperson,Double Points Bonanza,415646.35,142,2927.09,502.14,4984.67
Sports & Outdoors,Adidas,Senior Salesperson,Early Bird Specials,370485.17,135,2744.33,505.26,4961.31
Sports & Outdoors,Adidas,Senior Salesperson,End of Season Sale,438318.58,163,2689.07,507.77,4990.21
Sports & Outdoors,Adidas,Senior Salesperson,Exclusive Insider Offers,346799.33,124,2796.77,507.80,4946.86
Sports & Outdoors,Adidas,Senior Salesperson,Festive Fever Promo,388638.00,137,2836.77,525.82,4988.63
Sports & Outdoors,Adidas,Senior Salesperson,Final Call Frenzy,493305.49,175,2818.89,514.15,4985.81
Sports & Outdoors,Adidas,Senior Salesperson,Flash Frenzy Friday,448372.46,168,2668.88,503.51,4995.53
Sports & Outdoors,Adidas,Senior Salesperson,"Gift More, Spend Less",445230.91,159,2800.19,519.95,4986.03
Sports & Outdoors,Adidas,Senior Salesperson,Golden Hour Bargains,394591.45,142,2778.81,590.45,4987.94
Sports & Outdoors,Adidas,Senior Salesperson,Green Weekend Deals,397991.66,142,2802.76,506.43,4874.81
Sports & Outdoors,Adidas,Senior Salesperson,Happy Hour Discounts,470472.12,164,2868.73,502.86,4965.94
Sports & Outdoors,Adidas,Senior Salesperson,Holiday Shopping Rush,402591.74,161,2500.57,545.23,4964.27
Sports & Outdoors,Adidas,Senior Salesperson,Hot Picks Promo,409080.11,148,2764.05,507.34,4945.82
Sports & Outdoors,Adidas,Senior Salesperson,Instant Gratification Sale,446801.78,156,2864.11,545.33,4932.63
Sports & Outdoors,Adidas,Senior Salesperson,Limited Time Treasures,433631.37,151,2871.73,509.09,4987.45
Sports & Outdoors,Adidas,Senior Salesperson,Loyalty Rewards Blast,481929.86,173,2785.72,502.35,4979.35
Sports & Outdoors,Adidas,Senior Salesperson,Mega Weekend Bonanza,470242.43,167,2815.82,515.58,4981.52
Sports & Outdoors,Adidas,Senior Salesperson,Mid-Year Madness,411005.19,156,2634.65,503.20,4975.75
Sports & Outdoors,Adidas,Senior Salesperson,Midnight Madness,413706.33,149,2776.55,500.23,4994.43
Sports & Outdoors,Adidas,Senior Salesperson,Mystery Discount Days,419415.86,153,2741.28,507.22,4962.98
Sports & Outdoors,Adidas,Senior Salesperson,New Arrival Showcase,459651.15,166,2768.98,530.40,4993.32
Sports & Outdoors,Adidas,Senior Salesperson,New Product Launch Promo,364904.97,133,2743.65,500.73,4984.64
Sports & Outdoors,Adidas,Senior Salesperson,New Year Kickoff,363727.57,138,2635.71,507.74,4906.61
Sports & Outdoors,Adidas,Senior Salesperson,Price Drop Parade,383067.99,141,2716.79,508.85,4992.13
Sports & Outdoors,Adidas,Senior Salesperson,Red Tag Clearance,524957.32,184,2853.03,528.94,4963.71
Sports & Outdoors,Adidas,Senior Salesperson,Seasonal Surprise Box,401275.12,161,2492.39,539.50,4976.23
Sports & Outdoors,Adidas,Senior Salesperson,Shop & Save Spectacular,404981.09,146,2773.84,503.19,4973.44
Sports & Outdoors,Adidas,Senior Salesperson,Smart Shopper Week,477877.10,168,2844.51,548.41,4962.60
Sports & Outdoors,Adidas,Senior Salesperson,Spring Refresh Event,409573.27,155,2642.41,506.81,4908.01
Sports & Outdoors,Adidas,Senior Salesperson,Spring Splash Discounts,479296.99,175,2738.84,514.92,4990.37
Sports & Outdoors,Adidas,Senior Salesperson,Summer Sizzle Promo,492130.25,182,2704.01,501.65,4967.54
Sports & Outdoors,Adidas,Senior Salesperson,Super Savings Week,453448.25,164,2764.93,556.94,4974.31
Sports & Outdoors,Adidas,Senior Salesperson,Ultimate Value Event,480491.44,176,2730.07,502.50,4998.24
Sports & Outdoors,Adidas,Senior Salesperson,VIP Access Sale,385330.47,149,2586.11,624.11,4875.73
Sports & Outdoors,Adidas,Senior Salesperson,Weekend Warrior Specials,453927.32,164,2767.85,501.48,4971.28
Sports & Outdoors,Adidas,Senior Salesperson,Winter Clearance Carnival,395160.29,150,2634.40,540.64,4984.27
Sports & Outdoors,Adidas,Senior Salesperson,Winter Wonders Sale,345219.71,136,2538.38,582.14,4995.17
Sports & Outdoors,Decathlon,Manager,12 Days of Deals,414019.67,153,2706.01,508.37,4977.69
Sports & Outdoors,Decathlon,Manager,Autumn Deals Drive,475611.21,168,2831.02,503.74,4990.55
Sports & Outdoors,Decathlon,Manager,BOGO Blitz,424935.68,155,2741.52,547.66,4938.15
Sports & Outdoors,Decathlon,Manager,Back to School Boost,474908.77,172,2761.10,582.15,4984.20
Sports & Outdoors,Decathlon,Manager,Birthday Bash Sale,465907.17,158,2948.78,512.52,4990.77
Sports & Outdoors,Decathlon,Manager,Black Friday Blowout,456550.85,164,2783.85,515.94,4987.52
Sports & Outdoors,Decathlon,Manager,Cart Crasher Campaign,445235.68,163,2731.51,511.39,4927.50
Sports & Outdoors,Decathlon,Manager,Cashback Carnival,419669.36,150,2797.80,505.40,4957.86
Sports & Outdoors,Decathlon,Manager,Clearance Countdown,551341.59,197,2798.69,501.38,4995.72
Sports & Outdoors,Decathlon,Manager,Countdown to Savings,431396.02,161,2679.48,508.38,4974.88
Sports & Outdoors,Decathlon,Manager,Customer Appreciation Week,511955.42,177,2892.40,538.36,4968.78
Sports & Outdoors,Decathlon,Manager,Cyber Monday Mania,428696.77,157,2730.55,555.06,4921.92
Sports & Outdoors,Decathlon,Manager,Deal of the Month,418126.39,157,2663.23,547.51,4898.67
Sports & Outdoors,Decathlon,Manager,Double Points Bonanza,440192.79,164,2684.10,508.18,4988.60
Sports & Outdoors,Decathlon,Manager,Early Bird Specials,465618.50,169,2755.14,550.01,4962.02
Sports & Outdoors,Decathlon,Manager,End of Season Sale,426084.04,168,2536.21,509.18,4978.05
Sports & Outdoors,Decathlon,Manager,Exclusive Insider Offers,489884.33,175,2799.34,524.76,4999.97
Sports & Outdoors,Decathlon,Manager,Festive Fever Promo,431746.64,158,2732.57,517.42,4997.72
Sports & Outdoors,Decathlon,Manager,Final Call Frenzy,476686.86,171,2787.64,522.72,4969.81
Sports & Outdoors,Decathlon,Manager,Flash Frenzy Friday,466465.46,176,2650.37,501.01,4996.10
Sports & Outdoors,Decathlon,Manager,"Gift More, Spend Less",475743.75,185,2571.59,522.05,4995.74
Sports & Outdoors,Decathlon,Manager,Golden Hour Bargains,496728.20,181,2744.35,534.98,4995.64
Sports & Outdoors,Decathlon,Manager,Green Weekend Deals,428354.55,157,2728.37,528.13,4946.21
Sports & Outdoors,Decathlon,Manager,Happy Hour Discounts,508929.81,173,2941.79,505.31,4989.33
Sports & Outdoors,Decathlon,Manager,Holiday Shopping Rush,432592.78,160,2703.70,514.08,4976.16
Sports & Outdoors,Decathlon,Manager,Hot Picks Promo,387154.02,153,2530.42,540.33,4948.28
Sports & Outdoors,Decathlon,Manager,Instant Gratification Sale,477749.51,171,2793.86,526.84,4942.29
Sports & Outdoors,Decathlon,Manager,Limited Time Treasures,475952.54,175,2719.73,564.99,4983.80
Sports & Outdoors,Decathlon,Manager,Loyalty Rewards Blast,407772.19,155,2630.79,500.22,4946.41
Sports & Outdoors,Decathlon,Manager,Mega Weekend Bonanza,461998.99,164,2817.07,524.92,4837.74
Sports & Outdoors,Decathlon,Manager,Mid-Year Madness,534957.25,187,2860.73,528.05,4982.99
Sports & Outdoors,Decathlon,Manager,Midnight Madness,441225.21,164,2690.40,538.48,4953.64
Sports & Outdoors,Decathlon,Manager,Mystery Discount Days,371003.93,137,2708.06,567.72,4939.35
Sports & Outdoors,Decathlon,Manager,New Arrival Showcase,446106.99,166,2687.39,509.28,4989.89
Sports & Outdoors,Decathlon,Manager,New Product Launch Promo,457828.18,169,2709.04,553.66,4973.97
Sports & Outdoors,Decathlon,Manager,New Year Kickoff,485552.70,167,2907.50,513.25,4950.07
Sports & Outdoors,Decathlon,Manager,Price Drop Parade,471381.30,176,2678.30,500.07,4991.46
Sports & Outdoors,Decathlon,Manager,Red Tag Clearance,452511.34,156,2900.71,530.70,4979.21
Sports & Outdoors,Decathlon,Manager,Seasonal Surprise Box,449155.51,166,2705.76,547.51,4991.22
Sports & Outdoors,Decathlon,Manager,Shop & Save Spectacular,458787.92,169,2714.72,507.87,4996.23
Sports & Outdoors,Decathlon,Manager,Smart Shopper Week,480556.53,175,2746.04,595.87,4960.71
Sports & Outdoors,Decathlon,Manager,Spring Refresh Event,521739.85,182,2866.70,521.35,4992.08
Sports & Outdoors,Decathlon,Manager,Spring Splash Discounts,392607.29,153,2566.06,508.75,4986.81
Sports & Outdoors,Decathlon,Manager,Summer Sizzle Promo,472828.88,178,2656.34,554.92,4984.84
Sports & Outdoors,Decathlon,Manager,Super Savings Week,442856.39,161,2750.66,517.65,4992.34
Sports & Outdoors,Decathlon,Manager,Ultimate Value Event,473412.09,174,2720.76,523.77,4978.40
Sports & Outdoors,Decathlon,Manager,VIP Access Sale,435439.75,147,2962.18,688.41,4959.80
Sports & Outdoors,Decathlon,Manager,Weekend Warrior Specials,420761.40,153,2750.07,524.53,4916.64
Sports & Outdoors,Decathlon,Manager,Winter Clearance Carnival,500053.51,182,2747.55,506.66,4995.26
Sports & Outdoors,Decathlon,Manager,Winter Wonders Sale,405496.44,149,2721.45,543.94,4966.56
Sports & Outdoors,Decathlon,Sales Associate,12 Days of Deals,473091.29,173,2734.63,515.62,4925.63
Sports & Outdoors,Decathlon,Sales Associate,Autumn Deals Drive,462245.69,176,2626.40,529.51,4974.89
Sports & Outdoors,Decathlon,Sales Associate,BOGO Blitz,483491.34,179,2701.07,525.65,4954.73
Sports & Outdoors,Decathlon,Sales Associate,Back to School Boost,433009.15,165,2624.30,517.77,4984.46
Sports & Outdoors,Decathlon,Sales Associate,Birthday Bash Sale,508847.29,185,2750.53,543.51,4965.21
Sports & Outdoors,Decathlon,Sales Associate,Black Friday Blowout,471347.36,172,2740.39,509.28,4941.88
Sports & Outdoors,Decathlon,Sales Associate,Cart Crasher Campaign,431668.69,165,2616.17,562.12,4972.39
Sports & Outdoors,Decathlon,Sales Associate,Cashback Carnival,503712.90,184,2737.57,500.39,4986.97
Sports & Outdoors,Decathlon,Sales Associate,Clearance Countdown,491132.54,166,2958.63,501.49,4989.75
Sports & Outdoors,Decathlon,Sales Associate,Countdown to Savings,495186.55,181,2735.84,500.09,4982.11
Sports & Outdoors,Decathlon,Sales Associate,Customer Appreciation Week,507056.97,179,2832.72,535.80,4972.94
Sports & Outdoors,Decathlon,Sales Associate,Cyber Monday Mania,534773.57,191,2799.86,509.96,4995.64
Sports & Outdoors,Decathlon,Sales Associate,Deal of the Month,507650.29,183,2774.05,559.39,4999.17
Sports & Outdoors,Decathlon,Sales Associate,Double Points Bonanza,546145.25,203,2690.37,546.09,4949.72
Sports & Outdoors,Decathlon,Sales Associate,Early Bird Specials,455616.41,167,2728.24,538.11,4985.23
Sports & Outdoors,Decathlon,Sales Associate,End of Season Sale,494795.62,187,2645.97,513.57,4959.07
Sports & Outdoors,Decathlon,Sales Associate,Exclusive Insider Offers,482561.45,166,2907.00,551.46,4992.70
Sports & Outdoors,Decathlon,Sales Associate,Festive Fever Promo,502171.34,184,2729.19,511.83,4972.98
Sports & Outdoors,Decathlon,Sales Associate,Final Call Frenzy,485340.83,177,2742.04,513.15,4998.08
Sports & Outdoors,Decathlon,Sales Associate,Flash Frenzy Friday,493054.49,193,2554.69,506.02,4967.05
Sports & Outdoors,Decathlon,Sales Associate,"Gift More, Spend Less",505234.88,188,2687.42,500.46,4969.49
Sports & Outdoors,Decathlon,Sales Associate,Golden Hour Bargains,580361.58,206,2817.29,522.75,4978.89
Sports & Outdoors,Decathlon,Sales Associate,Green Weekend Deals,492416.46,171,2879.63,521.12,4985.58
Sports & Outdoors,Decathlon,Sales Associate,Happy Hour Discounts,480920.30,171,2812.40,500.42,4968.59
Sports & Outdoors,Decathlon,Sales Associate,Holiday Shopping Rush,449828.83,161,2793.97,540.70,4953.25
Sports & Outdoors,Decathlon,Sales Associate,Hot Picks Promo,487544.65,175,2785.97,504.54,4989.71
Sports & Outdoors,Decathlon,Sales Associate,Instant Gratification Sale,473573.19,177,2675.55,540.53,4998.94
Sports & Outdoors,Decathlon,Sales Associate,Limited Time Treasures,460897.44,179,2574.85,517.48,4957.95
Sports & Outdoors,Decathlon,Sales Associate,Loyalty Rewards Blast,469614.58,171,2746.28,525.83,4985.62
Sports & Outdoors,Decathlon,Sales Associate,Mega Weekend Bonanza,474904.73,165,2878.21,555.22,4995.42
Sports & Outdoors,Decathlon,Sales Associate,Mid-Year Madness,473848.68,182,2603.56,544.04,4973.89
Sports & Outdoors,Decathlon,Sales Associate,Midnight Madness,470840.23,162,2906.42,501.16,4986.08
Sports & Outdoors,Decathlon,Sales Associate,Mystery Discount Days,457559.33,164,2790.00,603.69,4979.54
Sports & Outdoors,Decathlon,Sales Associate,New Arrival Showcase,498248.37,169,2948.22,531.66,4961.38
Sports & Outdoors,Decathlon,Sales Associate,New Product Launch Promo,412067.88,154,2675.77,531.89,4989.97
Sports & Outdoors,Decathlon,Sales Associate,New Year Kickoff,436587.68,162,2694.99,504.68,4965.80
Sports & Outdoors,Decathlon,Sales Associate,Price Drop Parade,435815.56,160,2723.85,511.58,4960.66
Sports & Outdoors,Decathlon,Sales Associate,Red Tag Clearance,494160.18,182,2715.17,500.15,4968.22
Sports & Outdoors,Decathlon,Sales Associate,Seasonal Surprise Box,469111.60,170,2759.48,557.13,4992.97
Sports & Outdoors,Decathlon,Sales Associate,Shop & Save Spectacular,439752.22,164,2681.42,541.78,4986.55
Sports & Outdoors,Decathlon,Sales Associate,Smart Shopper Week,516501.44,188,2747.35,505.62,4981.58
Sports & Outdoors,Decathlon,Sales Associate,Spring Refresh Event,463982.38,166,2795.07,500.56,4967.33
Sports & Outdoors,Decathlon,Sales Associate,Spring Splash Discounts,578420.30,204,2835.39,508.67,4955.54
Sports & Outdoors,Decathlon,Sales Associate,Summer Sizzle Promo,460648.87,173,2662.71,505.57,4991.16
Sports & Outdoors,Decathlon,Sales Associate,Super Savings Week,490229.03,166,2953.19,570.83,4998.97
Sports & Outdoors,Decathlon,Sales Associate,Ultimate Value Event,461812.43,172,2684.96,510.52,4996.78
Sports & Outdoors,Decathlon,Sales Associate,VIP Access Sale,457624.57,169,2707.84,519.81,4974.98
Sports & Outdoors,Decathlon,Sales Associate,Weekend Warrior Specials,475564.99,174,2733.13,514.80,4964.73
Sports & Outdoors,Decathlon,Sales Associate,Winter Clearance Carnival,586067.01,206,2844.99,511.88,4985.18
Sports & Outdoors,Decathlon,Sales Associate,Winter Wonders Sale,469320.00,168,2793.57,551.82,4993.77
Sports & Outdoors,Decathlon,Salesperson,12 Days of Deals,442297.48,163,2713.48,516.63,4909.92
Sports & Outdoors,Decathlon,Salesperson,Autumn Deals Drive,401304.21,151,2657.64,524.93,4936.45
Sports & Outdoors,Decathlon,Salesperson,BOGO Blitz,450186.59,166,2711.97,519.56,4947.15
Sports & Outdoors,Decathlon,Salesperson,Back to School Boost,508705.94,175,2906.89,526.10,4969.41
Sports & Outdoors,Decathlon,Salesperson,Birthday Bash Sale,433442.75,159,2726.06,508.25,4980.85
Sports & Outdoors,Decathlon,Salesperson,Black Friday Blowout,468965.17,175,2679.80,500.60,4978.37
Sports & Outdoors,Decathlon,Salesperson,Cart Crasher Campaign,549073.82,199,2759.16,504.84,4997.58
Sports & Outdoors,Decathlon,Salesperson,Cashback Carnival,400021.44,157,2547.91,502.58,4920.90
Sports & Outdoors,Decathlon,Salesperson,Clearance Countdown,418225.97,163,2565.80,501.31,4905.80
Sports & Outdoors,Decathlon,Salesperson,Countdown to Savings,466920.78,177,2637.97,504.21,4969.94
Sports & Outdoors,Decathlon,Salesperson,Customer Appreciation Week,510214.86,184,2772.91,640.75,4994.09
Sports & Outdoors,Decathlon,Salesperson,Cyber Monday Mania,435602.68,161,2705.61,505.17,4947.54
Sports & Outdoors,Decathlon,Salesperson,Deal of the Month,507190.36,175,2898.23,503.70,4967.88
Sports & Outdoors,Decathlon,Salesperson,Double Points Bonanza,369825.58,132,2801.71,524.66,4968.72
Sports & Outdoors,Decathlon,Salesperson,Early Bird Specials,472977.04,171,2765.95,524.55,4997.07
Sports & Outdoors,Decathlon,Salesperson,End of Season Sale,461647.44,170,2715.57,527.57,4999.05
Sports & Outdoors,Decathlon,Salesperson,Exclusive Insider Offers,535029.96,185,2892.05,525.50,4983.41
Sports & Outdoors,Decathlon,Salesperson,Festive Fever Promo,506549.61,185,2738.11,506.01,4961.62
Sports & Outdoors,Decathlon,Salesperson,Final Call Frenzy,520422.01,181,2875.26,510.70,4991.04
Sports & Outdoors,Decathlon,Salesperson,Flash Frenzy Friday,481754.50,178,2706.49,511.58,4990.60
Sports & Outdoors,Decathlon,Salesperson,"Gift More, Spend Less",478208.72,185,2584.91,516.29,4990.32
Sports & Outdoors,Decathlon,Salesperson,Golden Hour Bargains,521279.73,199,2619.50,506.18,4981.17
Sports & Outdoors,Decathlon,Salesperson,Green Weekend Deals,453273.33,168,2698.06,555.21,4967.35
Sports & Outdoors,Decathlon,Salesperson,Happy Hour Discounts,514332.72,185,2780.18,519.83,4981.62
Sports & Outdoors,Decathlon,Salesperson,Holiday Shopping Rush,576126.68,205,2810.37,521.38,4997.18
Sports & Outdoors,Decathlon,Salesperson,Hot Picks Promo,412547.72,159,2594.64,507.35,4994.34
Sports & Outdoors,Decathlon,Salesperson,Instant Gratification Sale,531178.56,184,2886.84,523.68,4963.66
Sports & Outdoors,Decathlon,Salesperson,Limited Time Treasures,509486.96,188,2710.04,513.55,4980.22
Sports & Outdoors,Decathlon,Salesperson,Loyalty Rewards Blast,508975.77,180,2827.64,545.58,4971.05
Sports & Outdoors,Decathlon,Salesperson,Mega Weekend Bonanza,530840.47,195,2722.26,500.15,4971.18
Sports & Outdoors,Decathlon,Salesperson,Mid-Year Madness,465619.36,170,2738.94,528.40,4987.28
Sports & Outdoors,Decathlon,Salesperson,Midnight Madness,475086.12,179,2654.11,529.40,4983.38
Sports & Outdoors,Decathlon,Salesperson,Mystery Discount Days,486774.88,173,2813.73,508.52,4975.87
Sports & Outdoors,Decathlon,Salesperson,New Arrival Showcase,539774.90,183,2949.59,506.47,4991.35
Sports & Outdoors,Decathlon,Salesperson,New Product Launch Promo,461194.71,173,2665.87,503.51,4977.46
Sports & Outdoors,Decathlon,Salesperson,New Year Kickoff,398131.02,151,2636.63,501.31,4997.16
Sports & Outdoors,Decathlon,Salesperson,Price Drop Parade,388906.86,137,2838.74,548.08,4942.94
Sports & Outdoors,Decathlon,Salesperson,Red Tag Clearance,522132.34,188,2777.30,522.56,4903.52
Sports & Outdoors,Decathlon,Salesperson,Seasonal Surprise Box,496179.15,179,2771.95,607.32,4871.04
Sports & Outdoors,Decathlon,Salesperson,Shop & Save Spectacular,524824.08,187,2806.55,502.57,4971.93
Sports & Outdoors,Decathlon,Salesperson,Smart Shopper Week,452666.43,171,2647.17,653.50,4995.51
Sports & Outdoors,Decathlon,Salesperson,Spring Refresh Event,514885.91,175,2942.21,542.78,4974.95
Sports & Outdoors,Decathlon,Salesperson,Spring Splash Discounts,484224.79,171,2831.72,523.64,4914.19
Sports & Outdoors,Decathlon,Salesperson,Summer Sizzle Promo,554022.69,203,2729.18,531.43,4989.61
Sports & Outdoors,Decathlon,Salesperson,Super Savings Week,563392.39,199,2831.12,501.50,4999.25
Sports & Outdoors,Decathlon,Salesperson,Ultimate Value Event,508996.40,178,2859.53,518.39,4970.94
Sports & Outdoors,Decathlon,Salesperson,VIP Access Sale,478214.74,175,2732.66,500.51,4993.65
Sports & Outdoors,Decathlon,Salesperson,Weekend Warrior Specials,476423.79,174,2738.07,535.42,4989.44
Sports & Outdoors,Decathlon,Salesperson,Winter Clearance Carnival,455716.06,164,2778.76,614.28,4999.77
Sports & Outdoors,Decathlon,Salesperson,Winter Wonders Sale,423027.04,153,2764.88,503.85,4987.82
Sports & Outdoors,Decathlon,Senior Salesperson,12 Days of Deals,396832.08,158,2511.60,510.07,4985.06
Sports & Outdoors,Decathlon,Senior Salesperson,Autumn Deals Drive,387515.64,138,2808.08,559.91,4986.73
Sports & Outdoors,Decathlon,Senior Salesperson,BOGO Blitz,416065.49,147,2830.38,514.68,4997.17
Sports & Outdoors,Decathlon,Senior Salesperson,Back to School Boost,492118.79,175,2812.11,515.62,4988.23
Sports & Outdoors,Decathlon,Senior Salesperson,Birthday Bash Sale,457675.37,159,2878.46,501.68,4942.62
Sports & Outdoors,Decathlon,Senior Salesperson,Black Friday Blowout,395608.37,147,2691.21,503.63,4990.38
Sports & Outdoors,Decathlon,Senior Salesperson,Cart Crasher Campaign,441175.48,163,2706.60,573.63,4995.47
Sports & Outdoors,Decathlon,Senior Salesperson,Cashback Carnival,424236.24,158,2685.04,515.06,4996.22
Sports & Outdoors,Decathlon,Senior Salesperson,Clearance Countdown,345506.13,138,2503.67,505.32,4945.34
Sports & Outdoors,Decathlon,Senior Salesperson,Countdown to Savings,455060.02,168,2708.69,524.07,4994.28
Sports & Outdoors,Decathlon,Senior Salesperson,Customer Appreciation Week,451077.18,166,2717.33,531.10,4950.51
Sports & Outdoors,Decathlon,Senior Salesperson,Cyber Monday Mania,353100.55,135,2615.56,501.43,4995.52
Sports & Outdoors,Decathlon,Senior Salesperson,Deal of the Month,412052.07,144,2861.47,558.56,4992.29
Sports & Outdoors,Decathlon,Senior Salesperson,Double Points Bonanza,449773.50,161,2793.62,502.80,4996.95
Sports & Outdoors,Decathlon,Senior Salesperson,Early Bird Specials,461601.10,170,2715.30,525.28,4961.54
Sports & Outdoors,Decathlon,Senior Salesperson,End of Season Sale,410300.96,141,2909.94,525.70,4957.98
Sports & Outdoors,Decathlon,Senior Salesperson,Exclusive Insider Offers,374056.52,136,2750.42,549.21,4928.16
Sports & Outdoors,Decathlon,Senior Salesperson,Festive Fever Promo,393119.21,135,2911.99,553.94,4990.56
Sports & Outdoors,Decathlon,Senior Salesperson,Final Call Frenzy,378701.28,131,2890.85,535.21,4990.97
Sports & Outdoors,Decathlon,Senior Salesperson,Flash Frenzy Friday,407756.12,148,2755.11,521.60,4985.05
Sports & Outdoors,Decathlon,Senior Salesperson,"Gift More, Spend Less",458558.13,170,2697.40,507.15,4996.60
Sports & Outdoors,Decathlon,Senior Salesperson,Golden Hour Bargains,447588.65,155,2887.67,509.56,4977.76
Sports & Outdoors,Decathlon,Senior Salesperson,Green Weekend Deals,403421.77,150,2689.48,546.77,4978.45
Sports & Outdoors,Decathlon,Senior Salesperson,Happy Hour Discounts,410771.14,143,2872.53,517.64,4942.02
Sports & Outdoors,Decathlon,Senior Salesperson,Holiday Shopping Rush,410887.02,154,2668.10,530.45,4994.86
Sports & Outdoors,Decathlon,Senior Salesperson,Hot Picks Promo,375525.50,141,2663.30,505.64,4954.41
Sports & Outdoors,Decathlon,Senior Salesperson,Instant Gratification Sale,349362.65,122,2863.63,586.11,4989.24
Sports & Outdoors,Decathlon,Senior Salesperson,Limited Time Treasures,359333.64,135,2661.73,538.45,4976.52
Sports & Outdoors,Decathlon,Senior Salesperson,Loyalty Rewards Blast,420279.98,156,2694.10,526.69,4963.63
Sports & Outdoors,Decathlon,Senior Salesperson,Mega Weekend Bonanza,392467.24,148,2651.81,516.27,4959.24
Sports & Outdoors,Decathlon,Senior Salesperson,Mid-Year Madness,489445.71,172,2845.61,509.74,4999.49
Sports & Outdoors,Decathlon,Senior Salesperson,Midnight Madness,366594.52,132,2777.23,506.71,4994.22
Sports & Outdoors,Decathlon,Senior Salesperson,Mystery Discount Days,467234.04,158,2957.18,609.31,4950.33
Sports & Outdoors,Decathlon,Senior Salesperson,New Arrival Showcase,437593.86,157,2787.22,511.49,4934.65
Sports & Outdoors,Decathlon,Senior Salesperson,New Product Launch Promo,399605.29,142,2814.12,538.53,4966.76
Sports & Outdoors,Decathlon,Senior Salesperson,New Year Kickoff,462237.75,173,2671.89,514.31,4960.98
Sports & Outdoors,Decathlon,Senior Salesperson,Price Drop Parade,397571.94,161,2469.39,533.84,4957.47
Sports & Outdoors,Decathlon,Senior Salesperson,Red Tag Clearance,390029.77,141,2766.17,539.89,4981.94
Sports & Outdoors,Decathlon,Senior Salesperson,Seasonal Surprise Box,390038.69,146,2671.50,539.15,4964.31
Sports & Outdoors,Decathlon,Senior Salesperson,Shop & Save Spectacular,392765.15,146,2690.17,536.44,4985.35
Sports & Outdoors,Decathlon,Senior Salesperson,Smart Shopper Week,450929.13,159,2836.03,511.12,4994.72
Sports & Outdoors,Decathlon,Senior Salesperson,Spring Refresh Event,421732.25,157,2686.19,521.35,4967.84
Sports & Outdoors,Decathlon,Senior Salesperson,Spring Splash Discounts,472413.20,165,2863.11,513.60,4991.41
Sports & Outdoors,Decathlon,Senior Salesperson,Summer Sizzle Promo,398638.27,152,2622.62,502.21,4953.74
Sports & Outdoors,Decathlon,Senior Salesperson,Super Savings Week,406056.35,139,2921.27,532.17,4984.03
Sports & Outdoors,Decathlon,Senior Salesperson,Ultimate Value Event,433375.30,156,2778.05,543.52,4909.66
Sports & Outdoors,Decathlon,Senior Salesperson,VIP Access Sale,332478.41,125,2659.83,574.54,4948.55
Sports & Outdoors,Decathlon,Senior Salesperson,Weekend Warrior Specials,349946.20,134,2611.54,520.44,4931.71
Sports & Outdoors,Decathlon,Senior Salesperson,Winter Clearance Carnival,437375.17,161,2716.62,527.44,4990.59
Sports & Outdoors,Decathlon,Senior Salesperson,Winter Wonders Sale,408397.29,150,2722.65,532.84,4984.24
Sports & Outdoors,Nike,Manager,12 Days of Deals,531874.53,195,2727.56,526.97,4999.67
Sports & Outdoors,Nike,Manager,Autumn Deals Drive,450423.28,176,2559.22,504.53,4971.00
Sports & Outdoors,Nike,Manager,BOGO Blitz,441015.05,161,2739.22,524.20,4944.99
Sports & Outdoors,Nike,Manager,Back to School Boost,386649.42,145,2666.55,538.07,4989.50
Sports & Outdoors,Nike,Manager,Birthday Bash Sale,425508.71,161,2642.91,500.14,4959.10
Sports & Outdoors,Nike,Manager,Black Friday Blowout,545833.45,189,2888.01,534.33,4996.57
Sports & Outdoors,Nike,Manager,Cart Crasher Campaign,489907.70,176,2783.57,587.74,4987.64
Sports & Outdoors,Nike,Manager,Cashback Carnival,402842.45,153,2632.96,539.65,4937.99
Sports & Outdoors,Nike,Manager,Clearance Countdown,440910.40,157,2808.35,530.89,4954.16
Sports & Outdoors,Nike,Manager,Countdown to Savings,492799.80,167,2950.90,515.55,4925.72
Sports & Outdoors,Nike,Manager,Customer Appreciation Week,542430.08,194,2796.03,540.76,4963.63
Sports & Outdoors,Nike,Manager,Cyber Monday Mania,467541.27,177,2641.48,502.42,4994.35
Sports & Outdoors,Nike,Manager,Deal of the Month,426926.09,156,2736.71,541.10,4974.48
Sports & Outdoors,Nike,Manager,Double Points Bonanza,477261.50,165,2892.49,535.98,4987.70
Sports & Outdoors,Nike,Manager,Early Bird Specials,489754.55,170,2880.91,513.61,4996.32
Sports & Outdoors,Nike,Manager,End of Season Sale,507574.15,187,2714.30,503.93,4989.84
Sports & Outdoors,Nike,Manager,Exclusive Insider Offers,444793.25,159,2797.44,513.90,4986.77
Sports & Outdoors,Nike,Manager,Festive Fever Promo,454034.58,162,2802.68,527.36,4964.48
Sports & Outdoors,Nike,Manager,Final Call Frenzy,430503.01,162,2657.43,520.19,4944.64
Sports & Outdoors,Nike,Manager,Flash Frenzy Friday,463504.26,168,2758.95,525.29,4967.46
Sports & Outdoors,Nike,Manager,"Gift More, Spend Less",440810.90,162,2721.05,545.01,4992.10
Sports & Outdoors,Nike,Manager,Golden Hour Bargains,527976.71,188,2808.39,511.02,4982.43
Sports & Outdoors,Nike,Manager,Green Weekend Deals,468314.46,172,2722.76,523.04,4996.07
Sports & Outdoors,Nike,Manager,Happy Hour Discounts,473245.75,172,2751.43,542.86,4959.82
Sports & Outdoors,Nike,Manager,Holiday Shopping Rush,419397.97,160,2621.24,510.74,4962.15
Sports & Outdoors,Nike,Manager,Hot Picks Promo,508842.42,180,2826.90,515.02,4997.69
Sports & Outdoors,Nike,Manager,Instant Gratification Sale,468874.43,173,2710.26,504.23,4959.91
Sports & Outdoors,Nike,Manager,Limited Time Treasures,465209.15,171,2720.52,501.18,4984.23
Sports & Outdoors,Nike,Manager,Loyalty Rewards Blast,384210.50,142,2705.71,509.96,4987.05
Sports & Outdoors,Nike,Manager,Mega Weekend Bonanza,566255.88,213,2658.48,514.59,4924.77
Sports & Outdoors,Nike,Manager,Mid-Year Madness,474872.55,173,2744.93,517.63,4941.47
Sports & Outdoors,Nike,Manager,Midnight Madness,431192.36,156,2764.05,512.31,4993.16
Sports & Outdoors,Nike,Manager,Mystery Discount Days,459061.48,169,2716.34,548.33,4995.72
Sports & Outdoors,Nike,Manager,New Arrival Showcase,467848.86,169,2768.34,517.42,4992.57
Sports & Outdoors,Nike,Manager,New Product Launch Promo,502779.81,183,2747.43,503.65,4995.97
Sports & Outdoors,Nike,Manager,New Year Kickoff,497206.28,175,2841.18,545.24,4890.33
Sports & Outdoors,Nike,Manager,Price Drop Parade,425912.75,159,2678.70,525.17,4976.11
Sports & Outdoors,Nike,Manager,Red Tag Clearance,459585.69,162,2836.95,520.69,4993.59
Sports & Outdoors,Nike,Manager,Seasonal Surprise Box,414031.82,162,2555.75,501.30,4975.84
Sports & Outdoors,Nike,Manager,Shop & Save Spectacular,477341.45,181,2637.25,512.09,4981.99
Sports & Outdoors,Nike,Manager,Smart Shopper Week,500940.29,175,2862.52,533.73,4987.87
Sports & Outdoors,Nike,Manager,Spring Refresh Event,453071.98,153,2961.25,529.72,4993.39
Sports & Outdoors,Nike,Manager,Spring Splash Discounts,479444.30,181,2648.86,509.54,4999.83
Sports & Outdoors,Nike,Manager,Summer Sizzle Promo,463538.79,163,2843.80,504.80,4958.51
Sports & Outdoors,Nike,Manager,Super Savings Week,456303.13,166,2748.81,523.55,4970.25
Sports & Outdoors,Nike,Manager,Ultimate Value Event,531569.93,195,2726.00,509.98,4987.42
Sports & Outdoors,Nike,Manager,VIP Access Sale,487992.33,174,2804.55,502.72,4980.75
Sports & Outdoors,Nike,Manager,Weekend Warrior Specials,484820.20,181,2678.56,531.13,4967.70
Sports & Outdoors,Nike,Manager,Winter Clearance Carnival,385752.14,148,2606.43,517.16,4962.57
Sports & Outdoors,Nike,Manager,Winter Wonders Sale,568606.71,200,2843.03,537.11,4934.27
Sports & Outdoors,Nike,Sales Associate,12 Days of Deals,529541.97,188,2816.71,543.09,4984.99
Sports & Outdoors,Nike,Sales Associate,Autumn Deals Drive,538312.75,202,2664.91,510.74,4955.95
Sports & Outdoors,Nike,Sales Associate,BOGO Blitz,496231.98,174,2851.91,604.86,4976.04
Sports & Outdoors,Nike,Sales Associate,Back to School Boost,547926.70,196,2795.54,649.28,4988.68
Sports & Outdoors,Nike,Sales Associate,Birthday Bash Sale,461978.79,166,2783.00,501.50,4987.98
Sports & Outdoors,Nike,Sales Associate,Black Friday Blowout,514291.92,194,2650.99,516.17,4962.57
Sports & Outdoors,Nike,Sales Associate,Cart Crasher Campaign,536896.02,187,2871.10,514.47,4943.85
Sports & Outdoors,Nike,Sales Associate,Cashback Carnival,440929.11,168,2624.58,512.71,4878.11
Sports & Outdoors,Nike,Sales Associate,Clearance Countdown,461277.63,173,2666.34,520.70,4986.64
Sports & Outdoors,Nike,Sales Associate,Countdown to Savings,420346.72,152,2765.44,522.18,4950.56
Sports & Outdoors,Nike,Sales Associate,Customer Appreciation Week,458845.97,179,2563.39,523.80,4999.02
Sports & Outdoors,Nike,Sales Associate,Cyber Monday Mania,498605.60,179,2785.51,505.34,4997.19
Sports & Outdoors,Nike,Sales Associate,Deal of the Month,496532.83,176,2821.21,511.13,4995.46
Sports & Outdoors,Nike,Sales Associate,Double Points Bonanza,480378.35,179,2683.68,527.94,4998.97
Sports & Outdoors,Nike,Sales Associate,Early Bird Specials,524141.90,178,2944.62,583.99,4946.91
Sports & Outdoors,Nike,Sales Associate,End of Season Sale,428812.53,159,2696.93,572.08,4991.78
Sports & Outdoors,Nike,Sales Associate,Exclusive Insider Offers,463233.79,174,2662.26,503.94,4976.74
Sports & Outdoors,Nike,Sales Associate,Festive Fever Promo,449244.55,159,2825.44,519.19,4967.48
Sports & Outdoors,Nike,Sales Associate,Final Call Frenzy,512648.84,185,2771.07,526.41,4997.60
Sports & Outdoors,Nike,Sales Associate,Flash Frenzy Friday,503168.97,186,2705.21,502.29,4948.69
Sports & Outdoors,Nike,Sales Associate,"Gift More, Spend Less",437851.90,159,2753.79,521.61,4966.25
Sports & Outdoors,Nike,Sales Associate,Golden Hour Bargains,512893.65,181,2833.67,510.74,4960.67
Sports & Outdoors,Nike,Sales Associate,Green Weekend Deals,518045.85,190,2726.56,531.87,4996.20
Sports & Outdoors,Nike,Sales Associate,Happy Hour Discounts,448383.16,170,2637.55,523.22,4944.14
Sports & Outdoors,Nike,Sales Associate,Holiday Shopping Rush,514504.77,184,2796.22,512.62,4998.76
Sports & Outdoors,Nike,Sales Associate,Hot Picks Promo,478193.74,182,2627.44,511.52,4955.82
Sports & Outdoors,Nike,Sales Associate,Instant Gratification Sale,510391.32,183,2789.02,529.97,4995.28
Sports & Outdoors,Nike,Sales Associate,Limited Time Treasures,403097.81,156,2583.96,610.98,4953.42
Sports & Outdoors,Nike,Sales Associate,Loyalty Rewards Blast,505498.86,175,2888.56,509.26,4928.27
Sports & Outdoors,Nike,Sales Associate,Mega Weekend Bonanza,491949.37,169,2910.94,568.45,4998.00
Sports & Outdoors,Nike,Sales Associate,Mid-Year Madness,403491.74,142,2841.49,574.62,4992.54
Sports & Outdoors,Nike,Sales Associate,Midnight Madness,455967.15,165,2763.44,592.27,4879.82
Sports & Outdoors,Nike,Sales Associate,Mystery Discount Days,468377.50,175,2676.44,507.57,4999.19
Sports & Outdoors,Nike,Sales Associate,New Arrival Showcase,474663.00,184,2579.69,503.53,4998.83
Sports & Outdoors,Nike,Sales Associate,New Product Launch Promo,500801.43,183,2736.62,543.36,4998.73
Sports & Outdoors,Nike,Sales Associate,New Year Kickoff,406787.23,153,2658.74,507.42,4996.00
Sports & Outdoors,Nike,Sales Associate,Price Drop Parade,516923.12,194,2664.55,521.42,4992.75
Sports & Outdoors,Nike,Sales Associate,Red Tag Clearance,465058.41,176,2642.38,528.60,4985.84
Sports & Outdoors,Nike,Sales Associate,Seasonal Surprise Box,539213.09,197,2737.12,541.39,4976.84
Sports & Outdoors,Nike,Sales Associate,Shop & Save Spectacular,477097.49,172,2773.82,554.29,4978.88
Sports & Outdoors,Nike,Sales Associate,Smart Shopper Week,443679.98,162,2738.77,514.53,4977.89
Sports & Outdoors,Nike,Sales Associate,Spring Refresh Event,493659.01,181,2727.40,503.69,4970.46
Sports & Outdoors,Nike,Sales Associate,Spring Splash Discounts,465068.39,174,2672.81,502.55,4974.79
Sports & Outdoors,Nike,Sales Associate,Summer Sizzle Promo,497463.28,177,2810.53,504.99,4998.50
Sports & Outdoors,Nike,Sales Associate,Super Savings Week,546903.94,200,2734.52,509.07,4963.13
Sports & Outdoors,Nike,Sales Associate,Ultimate Value Event,522379.10,193,2706.63,509.35,4964.19
Sports & Outdoors,Nike,Sales Associate,VIP Access Sale,481614.81,172,2800.09,527.65,4991.94
Sports & Outdoors,Nike,Sales Associate,Weekend Warrior Specials,444155.72,179,2481.32,511.11,4989.77
Sports & Outdoors,Nike,Sales Associate,Winter Clearance Carnival,558619.51,194,2879.48,513.80,4978.64
Sports & Outdoors,Nike,Sales Associate,Winter Wonders Sale,464645.10,163,2850.58,635.81,4981.89
Sports & Outdoors,Nike,Salesperson,12 Days of Deals,568519.00,202,2814.45,505.19,4999.02
Sports & Outdoors,Nike,Salesperson,Autumn Deals Drive,484603.00,177,2737.87,600.74,4988.18
Sports & Outdoors,Nike,Salesperson,BOGO Blitz,485501.58,181,2682.33,556.35,4985.60
Sports & Outdoors,Nike,Salesperson,Back to School Boost,449897.04,168,2677.96,513.03,4948.95
Sports & Outdoors,Nike,Salesperson,Birthday Bash Sale,502763.66,178,2824.51,565.21,4992.00
Sports & Outdoors,Nike,Salesperson,Black Friday Blowout,418068.06,150,2787.12,503.37,4987.76
Sports & Outdoors,Nike,Salesperson,Cart Crasher Campaign,465482.15,157,2964.85,556.95,4995.45
Sports & Outdoors,Nike,Salesperson,Cashback Carnival,481364.03,170,2831.55,578.73,4981.41
Sports & Outdoors,Nike,Salesperson,Clearance Countdown,476178.53,186,2560.10,511.98,4992.16
Sports & Outdoors,Nike,Salesperson,Countdown to Savings,519709.72,189,2749.79,505.40,4997.94
Sports & Outdoors,Nike,Salesperson,Customer Appreciation Week,444341.58,161,2759.89,551.87,4988.56
Sports & Outdoors,Nike,Salesperson,Cyber Monday Mania,476712.13,179,2663.20,530.13,4998.69
Sports & Outdoors,Nike,Salesperson,Deal of the Month,463356.14,168,2758.07,565.75,4986.89
Sports & Outdoors,Nike,Salesperson,Double Points Bonanza,509587.24,181,2815.40,507.25,4961.64
Sports & Outdoors,Nike,Salesperson,Early Bird Specials,477850.68,168,2844.35,507.63,4991.74
Sports & Outdoors,Nike,Salesperson,End of Season Sale,501046.83,171,2930.10,539.21,4993.65
Sports & Outdoors,Nike,Salesperson,Exclusive Insider Offers,563049.62,195,2887.43,520.40,4980.64
Sports & Outdoors,Nike,Salesperson,Festive Fever Promo,502151.95,184,2729.09,508.47,4973.24
Sports & Outdoors,Nike,Salesperson,Final Call Frenzy,391739.57,153,2560.39,508.36,4972.59
Sports & Outdoors,Nike,Salesperson,Flash Frenzy Friday,523459.23,180,2908.11,520.92,4995.14
Sports & Outdoors,Nike,Salesperson,"Gift More, Spend Less",466988.31,170,2746.99,522.13,4967.45
Sports & Outdoors,Nike,Salesperson,Golden Hour Bargains,463337.24,173,2678.25,500.01,4964.89
Sports & Outdoors,Nike,Salesperson,Green Weekend Deals,455732.89,172,2649.61,526.03,4918.56
Sports & Outdoors,Nike,Salesperson,Happy Hour Discounts,440130.06,162,2716.85,521.71,4998.95
Sports & Outdoors,Nike,Salesperson,Holiday Shopping Rush,510353.95,187,2729.17,541.68,4988.83
Sports & Outdoors,Nike,Salesperson,Hot Picks Promo,534244.38,195,2739.71,503.06,4989.53
Sports & Outdoors,Nike,Salesperson,Instant Gratification Sale,539302.94,190,2838.44,514.40,4940.54
Sports & Outdoors,Nike,Salesperson,Limited Time Treasures,489100.52,175,2794.86,526.41,4997.70
Sports & Outdoors,Nike,Salesperson,Loyalty Rewards Blast,474935.24,172,2761.25,530.05,4996.03
Sports & Outdoors,Nike,Salesperson,Mega Weekend Bonanza,411357.02,151,2724.22,503.85,4986.49
Sports & Outdoors,Nike,Salesperson,Mid-Year Madness,496094.52,188,2638.80,522.20,4956.16
Sports & Outdoors,Nike,Salesperson,Midnight Madness,509530.61,176,2895.06,509.62,4957.44
Sports & Outdoors,Nike,Salesperson,Mystery Discount Days,477062.37,179,2665.15,501.05,4990.54
Sports & Outdoors,Nike,Salesperson,New Arrival Showcase,425434.75,161,2642.45,510.89,4992.00
Sports & Outdoors,Nike,Salesperson,New Product Launch Promo,459947.76,167,2754.18,518.54,4998.60
Sports & Outdoors,Nike,Salesperson,New Year Kickoff,459539.23,168,2735.35,515.94,4966.27
Sports & Outdoors,Nike,Salesperson,Price Drop Parade,489872.24,171,2864.75,511.87,4996.87
Sports & Outdoors,Nike,Salesperson,Red Tag Clearance,475338.73,173,2747.62,538.00,4882.85
Sports & Outdoors,Nike,Salesperson,Seasonal Surprise Box,448904.05,172,2609.91,571.49,4969.06
Sports & Outdoors,Nike,Salesperson,Shop & Save Spectacular,521106.43,184,2832.10,657.66,4977.67
Sports & Outdoors,Nike,Salesperson,Smart Shopper Week,474111.19,173,2740.53,533.38,4975.06
Sports & Outdoors,Nike,Salesperson,Spring Refresh Event,542171.18,185,2930.66,505.18,4978.00
Sports & Outdoors,Nike,Salesperson,Spring Splash Discounts,418398.38,155,2699.34,605.28,4951.51
Sports & Outdoors,Nike,Salesperson,Summer Sizzle Promo,579078.17,197,2939.48,512.51,4963.19
Sports & Outdoors,Nike,Salesperson,Super Savings Week,464375.88,165,2814.40,526.21,4963.41
Sports & Outdoors,Nike,Salesperson,Ultimate Value Event,417443.79,153,2728.39,506.99,4980.70
Sports & Outdoors,Nike,Salesperson,VIP Access Sale,481529.97,171,2815.96,523.12,4986.22
Sports & Outdoors,Nike,Salesperson,Weekend Warrior Specials,406680.01,157,2590.32,500.79,4948.39
Sports & Outdoors,Nike,Salesperson,Winter Clearance Carnival,482133.81,177,2723.92,503.87,4947.80
Sports & Outdoors,Nike,Salesperson,Winter Wonders Sale,539871.26,179,3016.04,517.25,4992.09
Sports & Outdoors,Nike,Senior Salesperson,12 Days of Deals,445173.01,164,2714.47,514.15,4986.27
Sports & Outdoors,Nike,Senior Salesperson,Autumn Deals Drive,400647.54,153,2618.61,534.94,4971.65
Sports & Outdoors,Nike,Senior Salesperson,BOGO Blitz,434014.54,144,3013.99,503.15,4984.94
Sports & Outdoors,Nike,Senior Salesperson,Back to School Boost,462739.04,163,2838.89,559.15,4953.40
Sports & Outdoors,Nike,Senior Salesperson,Birthday Bash Sale,423398.28,154,2749.34,551.26,4955.19
Sports & Outdoors,Nike,Senior Salesperson,Black Friday Blowout,451590.67,160,2822.44,607.03,4963.97
Sports & Outdoors,Nike,Senior Salesperson,Cart Crasher Campaign,464996.21,165,2818.16,515.04,4993.50
Sports & Outdoors,Nike,Senior Salesperson,Cashback Carnival,417764.77,154,2712.76,528.26,4933.73
Sports & Outdoors,Nike,Senior Salesperson,Clearance Countdown,424775.84,156,2722.92,548.50,4952.47
Sports & Outdoors,Nike,Senior Salesperson,Countdown to Savings,398072.09,146,2726.52,538.10,4972.93
Sports & Outdoors,Nike,Senior Salesperson,Customer Appreciation Week,435794.66,150,2905.30,529.37,4952.86
Sports & Outdoors,Nike,Senior Salesperson,Cyber Monday Mania,387881.00,142,2731.56,515.22,4966.23
Sports & Outdoors,Nike,Senior Salesperson,Deal of the Month,385561.65,156,2471.55,533.01,4969.28
Sports & Outdoors,Nike,Senior Salesperson,Double Points Bonanza,451256.42,161,2802.83,509.65,4977.98
Sports & Outdoors,Nike,Senior Salesperson,Early Bird Specials,398160.10,143,2784.34,528.26,4989.56
Sports & Outdoors,Nike,Senior Salesperson,End of Season Sale,494033.33,179,2759.96,509.96,4979.32
Sports & Outdoors,Nike,Senior Salesperson,Exclusive Insider Offers,422575.69,150,2817.17,502.99,4988.56
Sports & Outdoors,Nike,Senior Salesperson,Festive Fever Promo,400035.21,146,2739.97,569.03,4885.67
Sports & Outdoors,Nike,Senior Salesperson,Final Call Frenzy,407798.64,152,2682.89,502.59,4951.66
Sports & Outdoors,Nike,Senior Salesperson,Flash Frenzy Friday,453952.45,157,2891.42,562.19,4990.81
Sports & Outdoors,Nike,Senior Salesperson,"Gift More, Spend Less",417596.10,153,2729.39,530.12,4890.70
Sports & Outdoors,Nike,Senior Salesperson,Golden Hour Bargains,358375.87,133,2694.56,501.07,4959.19
Sports & Outdoors,Nike,Senior Salesperson,Green Weekend Deals,461323.38,171,2697.80,503.13,4948.17
Sports & Outdoors,Nike,Senior Salesperson,Happy Hour Discounts,407859.39,142,2872.25,519.18,4985.47
Sports & Outdoors,Nike,Senior Salesperson,Holiday Shopping Rush,396685.33,146,2717.02,502.99,4969.05
Sports & Outdoors,Nike,Senior Salesperson,Hot Picks Promo,416772.56,149,2797.13,511.30,4980.07
Sports & Outdoors,Nike,Senior Salesperson,Instant Gratification Sale,439586.20,166,2648.11,500.07,4912.62
Sports & Outdoors,Nike,Senior Salesperson,Limited Time Treasures,424538.51,153,2774.76,525.94,4994.02
Sports & Outdoors,Nike,Senior Salesperson,Loyalty Rewards Blast,409176.13,153,2674.35,500.80,4977.09
Sports & Outdoors,Nike,Senior Salesperson,Mega Weekend Bonanza,437903.56,165,2653.96,509.61,4962.46
Sports & Outdoors,Nike,Senior Salesperson,Mid-Year Madness,395423.08,144,2745.99,583.04,4895.13
Sports & Outdoors,Nike,Senior Salesperson,Midnight Madness,427065.96,147,2905.21,531.19,4953.20
Sports & Outdoors,Nike,Senior Salesperson,Mystery Discount Days,396779.26,147,2699.18,509.10,4998.21
Sports & Outdoors,Nike,Senior Salesperson,New Arrival Showcase,388358.02,136,2855.57,514.30,4990.73
Sports & Outdoors,Nike,Senior Salesperson,New Product Launch Promo,449360.00,160,2808.50,507.14,4930.33
Sports & Outdoors,Nike,Senior Salesperson,New Year Kickoff,450414.66,159,2832.80,540.79,4972.44
Sports & Outdoors,Nike,Senior Salesperson,Price Drop Parade,430567.35,157,2742.47,543.06,4984.81
Sports & Outdoors,Nike,Senior Salesperson,Red Tag Clearance,405394.83,145,2795.83,516.57,4999.05
Sports & Outdoors,Nike,Senior Salesperson,Seasonal Surprise Box,457626.33,162,2824.85,500.31,4992.44
Sports & Outdoors,Nike,Senior Salesperson,Shop & Save Spectacular,435547.25,151,2884.42,570.68,4995.87
Sports & Outdoors,Nike,Senior Salesperson,Smart Shopper Week,391590.30,141,2777.24,519.54,4996.44
Sports & Outdoors,Nike,Senior Salesperson,Spring Refresh Event,415218.66,138,3008.83,534.15,4992.74
Sports & Outdoors,Nike,Senior Salesperson,Spring Splash Discounts,377169.65,139,2713.45,545.42,4990.88
Sports & Outdoors,Nike,Senior Salesperson,Summer Sizzle Promo,429832.65,155,2773.11,519.70,4997.66
Sports & Outdoors,Nike,Senior Salesperson,Super Savings Week,465764.33,155,3004.93,574.21,4994.88
Sports & Outdoors,Nike,Senior Salesperson,Ultimate Value Event,436955.15,166,2632.26,511.53,4999.44
Sports & Outdoors,Nike,Senior Salesperson,VIP Access Sale,474642.47,168,2825.25,545.77,4989.88
Sports & Outdoors,Nike,Senior Salesperson,Weekend Warrior Specials,409211.67,148,2764.94,512.07,4976.50
Sports & Outdoors,Nike,Senior Salesperson,Winter Clearance Carnival,438299.07,154,2846.10,503.08,4998.38
Sports & Outdoors,Nike,Senior Salesperson,Winter Wonders Sale,397013.59,142,2795.87,537.49,4986.53
Sports & Outdoors,Puma,Manager,12 Days of Deals,463986.78,165,2812.04,555.82,4952.75
Sports & Outdoors,Puma,Manager,Autumn Deals Drive,401192.67,149,2692.57,548.41,4970.91
Sports & Outdoors,Puma,Manager,BOGO Blitz,490054.76,180,2722.53,529.41,4997.71
Sports & Outdoors,Puma,Manager,Back to School Boost,534836.16,186,2875.46,501.48,4950.63
Sports & Outdoors,Puma,Manager,Birthday Bash Sale,474910.99,169,2810.12,535.78,4984.92
Sports & Outdoors,Puma,Manager,Black Friday Blowout,500225.12,182,2748.49,572.21,4987.34
Sports & Outdoors,Puma,Manager,Cart Crasher Campaign,474059.88,177,2678.30,513.92,4972.90
Sports & Outdoors,Puma,Manager,Cashback Carnival,401797.75,138,2911.58,526.61,4962.01
Sports & Outdoors,Puma,Manager,Clearance Countdown,422814.43,162,2609.97,545.06,4945.98
Sports & Outdoors,Puma,Manager,Countdown to Savings,529763.64,186,2848.19,502.49,4987.12
Sports & Outdoors,Puma,Manager,Customer Appreciation Week,426011.24,156,2730.84,541.87,4923.76
Sports & Outdoors,Puma,Manager,Cyber Monday Mania,525568.26,183,2871.96,513.22,4983.99
Sports & Outdoors,Puma,Manager,Deal of the Month,428744.63,161,2663.01,515.41,4991.35
Sports & Outdoors,Puma,Manager,Double Points Bonanza,424631.53,150,2830.88,626.89,4995.61
Sports & Outdoors,Puma,Manager,Early Bird Specials,451848.61,167,2705.68,501.96,4972.38
Sports & Outdoors,Puma,Manager,End of Season Sale,419198.85,152,2757.89,502.75,4966.06
Sports & Outdoors,Puma,Manager,Exclusive Insider Offers,472967.60,170,2782.16,522.46,4992.49
Sports & Outdoors,Puma,Manager,Festive Fever Promo,516522.66,179,2885.60,503.81,4983.07
Sports & Outdoors,Puma,Manager,Final Call Frenzy,432292.66,161,2685.05,531.38,4987.28
Sports & Outdoors,Puma,Manager,Flash Frenzy Friday,427920.85,152,2815.27,504.35,4964.22
Sports & Outdoors,Puma,Manager,"Gift More, Spend Less",481770.65,178,2706.58,522.73,4964.50
Sports & Outdoors,Puma,Manager,Golden Hour Bargains,468052.86,180,2600.29,552.00,4914.47
Sports & Outdoors,Puma,Manager,Green Weekend Deals,448213.62,161,2783.94,588.86,4997.63
Sports & Outdoors,Puma,Manager,Happy Hour Discounts,582395.75,207,2813.51,540.32,4979.88
Sports & Outdoors,Puma,Manager,Holiday Shopping Rush,476748.15,170,2804.40,537.34,4963.13
Sports & Outdoors,Puma,Manager,Hot Picks Promo,474611.69,167,2841.99,500.04,4985.79
Sports & Outdoors,Puma,Manager,Instant Gratification Sale,449230.87,165,2722.61,506.16,4988.31
Sports & Outdoors,Puma,Manager,Limited Time Treasures,473048.80,170,2782.64,527.90,4987.22
Sports & Outdoors,Puma,Manager,Loyalty Rewards Blast,487872.38,176,2772.00,536.80,4959.49
Sports & Outdoors,Puma,Manager,Mega Weekend Bonanza,404887.63,145,2792.33,511.55,4954.54
Sports & Outdoors,Puma,Manager,Mid-Year Madness,475502.20,177,2686.45,502.72,4998.69
Sports & Outdoors,Puma,Manager,Midnight Madness,428894.06,150,2859.29,514.18,4993.54
Sports & Outdoors,Puma,Manager,Mystery Discount Days,466772.04,158,2954.25,500.04,4989.36
Sports & Outdoors,Puma,Manager,New Arrival Showcase,528519.40,184,2872.39,568.11,4975.47
Sports & Outdoors,Puma,Manager,New Product Launch Promo,428626.93,155,2765.34,510.50,4994.43
Sports & Outdoors,Puma,Manager,New Year Kickoff,430191.30,152,2830.21,536.62,4950.56
Sports & Outdoors,Puma,Manager,Price Drop Parade,449384.86,157,2862.32,605.96,4968.88
Sports & Outdoors,Puma,Manager,Red Tag Clearance,473997.33,173,2739.87,605.66,4991.35
Sports & Outdoors,Puma,Manager,Seasonal Surprise Box,524885.31,195,2691.72,537.31,4986.54
Sports & Outdoors,Puma,Manager,Shop & Save Spectacular,492952.03,178,2769.39,512.89,4998.60
Sports & Outdoors,Puma,Manager,Smart Shopper Week,453123.85,171,2649.85,509.78,4991.23
Sports & Outdoors,Puma,Manager,Spring Refresh Event,465366.20,171,2721.44,524.81,4991.31
Sports & Outdoors,Puma,Manager,Spring Splash Discounts,440321.40,154,2859.23,593.45,4987.61
Sports & Outdoors,Puma,Manager,Summer Sizzle Promo,471811.25,170,2775.36,540.77,4939.93
Sports & Outdoors,Puma,Manager,Super Savings Week,468541.04,166,2822.54,515.06,4970.76
Sports & Outdoors,Puma,Manager,Ultimate Value Event,447221.82,164,2726.96,523.37,4919.43
Sports & Outdoors,Puma,Manager,VIP Access Sale,464043.32,167,2778.70,599.39,4995.80
Sports & Outdoors,Puma,Manager,Weekend Warrior Specials,516032.65,178,2899.06,506.15,4984.56
Sports & Outdoors,Puma,Manager,Winter Clearance Carnival,408656.29,151,2706.33,512.66,4986.12
Sports & Outdoors,Puma,Manager,Winter Wonders Sale,454538.89,171,2658.12,543.84,4993.15
Sports & Outdoors,Puma,Sales Associate,12 Days of Deals,559328.23,198,2824.89,512.46,4966.10
Sports & Outdoors,Puma,Sales Associate,Autumn Deals Drive,515860.11,192,2686.77,522.24,4990.69
Sports & Outdoors,Puma,Sales Associate,BOGO Blitz,486807.72,185,2631.39,511.07,4986.87
Sports & Outdoors,Puma,Sales Associate,Back to School Boost,547850.55,182,3010.17,525.33,4981.70
Sports & Outdoors,Puma,Sales Associate,Birthday Bash Sale,515913.34,192,2687.05,503.09,4980.67
Sports & Outdoors,Puma,Sales Associate,Black Friday Blowout,496955.44,191,2601.86,513.30,4932.58
Sports & Outdoors,Puma,Sales Associate,Cart Crasher Campaign,426343.56,158,2698.38,517.04,4949.21
Sports & Outdoors,Puma,Sales Associate,Cashback Carnival,495345.40,183,2706.81,508.13,4993.05
Sports & Outdoors,Puma,Sales Associate,Clearance Countdown,491930.15,175,2811.03,519.06,4989.35
Sports & Outdoors,Puma,Sales Associate,Countdown to Savings,451315.52,165,2735.25,549.15,4996.57
Sports & Outdoors,Puma,Sales Associate,Customer Appreciation Week,439730.24,161,2731.24,529.19,4984.83
Sports & Outdoors,Puma,Sales Associate,Cyber Monday Mania,472477.41,181,2610.37,516.38,4969.51
Sports & Outdoors,Puma,Sales Associate,Deal of the Month,498648.48,181,2754.96,503.87,4982.04
Sports & Outdoors,Puma,Sales Associate,Double Points Bonanza,452667.99,162,2794.25,512.78,4975.60
Sports & Outdoors,Puma,Sales Associate,Early Bird Specials,488782.76,180,2715.46,513.18,4952.71
Sports & Outdoors,Puma,Sales Associate,End of Season Sale,532636.71,181,2942.74,537.92,4972.92
Sports & Outdoors,Puma,Sales Associate,Exclusive Insider Offers,539982.82,201,2686.48,513.77,4925.43
Sports & Outdoors,Puma,Sales Associate,Festive Fever Promo,575074.26,197,2919.16,503.49,4991.31
Sports & Outdoors,Puma,Sales Associate,Final Call Frenzy,449289.13,171,2627.42,549.25,4956.24
Sports & Outdoors,Puma,Sales Associate,Flash Frenzy Friday,511253.63,186,2748.68,506.15,4997.51
Sports & Outdoors,Puma,Sales Associate,"Gift More, Spend Less",498366.51,181,2753.41,543.39,4991.44
Sports & Outdoors,Puma,Sales Associate,Golden Hour Bargains,484704.69,182,2663.21,506.68,4984.15
Sports & Outdoors,Puma,Sales Associate,Green Weekend Deals,480625.78,173,2778.18,504.95,4995.46
Sports & Outdoors,Puma,Sales Associate,Happy Hour Discounts,468776.58,167,2807.05,551.91,4999.78
Sports & Outdoors,Puma,Sales Associate,Holiday Shopping Rush,442031.76,161,2745.54,568.15,4985.94
Sports & Outdoors,Puma,Sales Associate,Hot Picks Promo,407229.15,156,2610.44,502.43,4967.42
Sports & Outdoors,Puma,Sales Associate,Instant Gratification Sale,490874.33,179,2742.31,532.13,4978.71
Sports & Outdoors,Puma,Sales Associate,Limited Time Treasures,484709.11,178,2723.08,518.56,4944.27
Sports & Outdoors,Puma,Sales Associate,Loyalty Rewards Blast,422642.98,154,2744.43,525.17,4982.62
Sports & Outdoors,Puma,Sales Associate,Mega Weekend Bonanza,443750.57,153,2900.33,566.81,4989.73
Sports & Outdoors,Puma,Sales Associate,Mid-Year Madness,485450.71,170,2855.59,539.97,4993.79
Sports & Outdoors,Puma,Sales Associate,Midnight Madness,508616.97,183,2779.33,555.51,4972.82
Sports & Outdoors,Puma,Sales Associate,Mystery Discount Days,458772.43,169,2714.63,504.07,4990.91
Sports & Outdoors,Puma,Sales Associate,New Arrival Showcase,525664.25,194,2709.61,504.11,4990.92
Sports & Outdoors,Puma,Sales Associate,New Product Launch Promo,503482.16,175,2877.04,565.47,4983.86
Sports & Outdoors,Puma,Sales Associate,New Year Kickoff,486565.47,175,2780.37,514.47,4970.64
Sports & Outdoors,Puma,Sales Associate,Price Drop Parade,495526.37,178,2783.86,530.52,4990.43
Sports & Outdoors,Puma,Sales Associate,Red Tag Clearance,441204.16,169,2610.68,504.14,4951.77
Sports & Outdoors,Puma,Sales Associate,Seasonal Surprise Box,452434.91,171,2645.82,518.01,4923.93
Sports & Outdoors,Puma,Sales Associate,Shop & Save Spectacular,419407.82,150,2796.05,505.73,4997.56
Sports & Outdoors,Puma,Sales Associate,Smart Shopper Week,471970.11,171,2760.06,581.46,4993.72
Sports & Outdoors,Puma,Sales Associate,Spring Refresh Event,475587.41,177,2686.93,510.28,4956.13
Sports & Outdoors,Puma,Sales Associate,Spring Splash Discounts,470225.33,168,2798.96,506.18,4967.87
Sports & Outdoors,Puma,Sales Associate,Summer Sizzle Promo,529751.31,182,2910.72,500.10,4985.79
Sports & Outdoors,Puma,Sales Associate,Super Savings Week,415978.60,152,2736.70,540.25,4971.00
Sports & Outdoors,Puma,Sales Associate,Ultimate Value Event,480837.99,173,2779.41,549.73,4963.97
Sports & Outdoors,Puma,Sales Associate,VIP Access Sale,488808.25,171,2858.53,525.46,4928.85
Sports & Outdoors,Puma,Sales Associate,Weekend Warrior Specials,515766.43,185,2787.93,506.78,4984.36
Sports & Outdoors,Puma,Sales Associate,Winter Clearance Carnival,534701.66,183,2921.87,559.10,4987.65
Sports & Outdoors,Puma,Sales Associate,Winter Wonders Sale,489362.57,177,2764.76,535.61,4991.15
Sports & Outdoors,Puma,Salesperson,12 Days of Deals,431348.27,159,2712.88,559.51,4950.60
Sports & Outdoors,Puma,Salesperson,Autumn Deals Drive,417780.98,160,2611.13,507.26,4997.04
Sports & Outdoors,Puma,Salesperson,BOGO Blitz,469598.25,178,2638.19,527.12,4969.70
Sports & Outdoors,Puma,Salesperson,Back to School Boost,459960.05,175,2628.34,508.34,4998.09
Sports & Outdoors,Puma,Salesperson,Birthday Bash Sale,509399.23,185,2753.51,519.85,4971.78
Sports & Outdoors,Puma,Salesperson,Black Friday Blowout,455330.09,175,2601.89,511.67,4943.27
Sports & Outdoors,Puma,Salesperson,Cart Crasher Campaign,491049.66,190,2584.47,522.71,4993.76
Sports & Outdoors,Puma,Salesperson,Cashback Carnival,444101.65,163,2724.55,509.05,4956.15
Sports & Outdoors,Puma,Salesperson,Clearance Countdown,475396.69,177,2685.86,549.99,4918.30
Sports & Outdoors,Puma,Salesperson,Countdown to Savings,554352.46,198,2799.76,500.66,4979.42
Sports & Outdoors,Puma,Salesperson,Customer Appreciation Week,509552.36,182,2799.74,546.73,4962.54
Sports & Outdoors,Puma,Salesperson,Cyber Monday Mania,520000.84,194,2680.42,508.24,4992.50
Sports & Outdoors,Puma,Salesperson,Deal of the Month,474021.89,168,2821.56,524.07,4999.89
Sports & Outdoors,Puma,Salesperson,Double Points Bonanza,500264.99,185,2704.14,504.90,4998.01
Sports & Outdoors,Puma,Salesperson,Early Bird Specials,370251.39,143,2589.17,560.30,4947.23
Sports & Outdoors,Puma,Salesperson,End of Season Sale,556771.45,198,2811.98,531.46,4996.88
Sports & Outdoors,Puma,Salesperson,Exclusive Insider Offers,466665.55,165,2828.28,563.18,4998.46
Sports & Outdoors,Puma,Salesperson,Festive Fever Promo,423581.55,156,2715.27,535.25,4862.90
Sports & Outdoors,Puma,Salesperson,Final Call Frenzy,399156.05,152,2626.03,510.32,4983.68
Sports & Outdoors,Puma,Salesperson,Flash Frenzy Friday,448482.08,162,2768.41,508.31,4968.94
Sports & Outdoors,Puma,Salesperson,"Gift More, Spend Less",472921.92,180,2627.34,575.90,4975.83
Sports & Outdoors,Puma,Salesperson,Golden Hour Bargains,472817.03,172,2748.94,558.21,4989.95
Sports & Outdoors,Puma,Salesperson,Green Weekend Deals,438698.61,178,2464.60,508.67,4987.48
Sports & Outdoors,Puma,Salesperson,Happy Hour Discounts,468760.49,172,2725.35,516.34,4993.63
Sports & Outdoors,Puma,Salesperson,Holiday Shopping Rush,517177.59,189,2736.39,528.26,4974.10
Sports & Outdoors,Puma,Salesperson,Hot Picks Promo,497566.89,176,2827.08,526.10,4965.18
Sports & Outdoors,Puma,Salesperson,Instant Gratification Sale,536217.20,202,2654.54,500.41,4861.44
Sports & Outdoors,Puma,Salesperson,Limited Time Treasures,391729.71,148,2646.82,509.04,4988.87
Sports & Outdoors,Puma,Salesperson,Loyalty Rewards Blast,409791.05,160,2561.19,514.60,4983.91
Sports & Outdoors,Puma,Salesperson,Mega Weekend Bonanza,478387.80,176,2718.11,502.77,4993.01
Sports & Outdoors,Puma,Salesperson,Mid-Year Madness,470752.00,174,2705.47,539.25,4995.13
Sports & Outdoors,Puma,Salesperson,Midnight Madness,520420.36,187,2783.00,546.44,4996.42
Sports & Outdoors,Puma,Salesperson,Mystery Discount Days,510107.72,181,2818.27,502.74,4995.75
Sports & Outdoors,Puma,Salesperson,New Arrival Showcase,425230.93,159,2674.41,500.37,4984.98
Sports & Outdoors,Puma,Salesperson,New Product Launch Promo,482447.51,170,2837.93,503.81,4955.58
Sports & Outdoors,Puma,Salesperson,New Year Kickoff,487723.61,168,2903.12,526.62,4994.88
Sports & Outdoors,Puma,Salesperson,Price Drop Parade,442410.66,172,2572.15,504.82,4985.83
Sports & Outdoors,Puma,Salesperson,Red Tag Clearance,429447.02,157,2735.33,568.64,4912.11
Sports & Outdoors,Puma,Salesperson,Seasonal Surprise Box,460124.90,170,2706.62,554.91,4993.44
Sports & Outdoors,Puma,Salesperson,Shop & Save Spectacular,474656.98,171,2775.77,509.04,4995.89
Sports & Outdoors,Puma,Salesperson,Smart Shopper Week,486861.73,178,2735.18,566.22,4990.11
Sports & Outdoors,Puma,Salesperson,Spring Refresh Event,482506.53,179,2695.57,555.91,4982.97
Sports & Outdoors,Puma,Salesperson,Spring Splash Discounts,440357.50,156,2822.80,517.03,4994.34
Sports & Outdoors,Puma,Salesperson,Summer Sizzle Promo,476663.75,177,2693.02,502.54,4982.08
Sports & Outdoors,Puma,Salesperson,Super Savings Week,515723.34,191,2700.12,527.66,4981.53
Sports & Outdoors,Puma,Salesperson,Ultimate Value Event,476048.78,169,2816.86,503.10,4996.51
Sports & Outdoors,Puma,Salesperson,VIP Access Sale,492247.67,177,2781.06,507.72,4994.03
Sports & Outdoors,Puma,Salesperson,Weekend Warrior Specials,458146.58,170,2694.98,520.21,4966.25
Sports & Outdoors,Puma,Salesperson,Winter Clearance Carnival,422499.72,148,2854.73,537.76,4985.65
Sports & Outdoors,Puma,Salesperson,Winter Wonders Sale,428999.21,153,2803.92,596.68,4981.86
Sports & Outdoors,Puma,Senior Salesperson,12 Days of Deals,426513.53,156,2734.06,502.11,4987.18
Sports & Outdoors,Puma,Senior Salesperson,Autumn Deals Drive,396054.60,156,2538.81,501.93,4996.09
Sports & Outdoors,Puma,Senior Salesperson,BOGO Blitz,420336.21,147,2859.43,503.44,4977.94
Sports & Outdoors,Puma,Senior Salesperson,Back to School Boost,423153.62,162,2612.06,538.59,4904.47
Sports & Outdoors,Puma,Senior Salesperson,Birthday Bash Sale,484098.75,175,2766.28,528.92,4979.87
Sports & Outdoors,Puma,Senior Salesperson,Black Friday Blowout,421744.82,155,2720.93,541.89,4997.46
Sports & Outdoors,Puma,Senior Salesperson,Cart Crasher Campaign,306421.44,120,2553.51,510.88,4969.62
Sports & Outdoors,Puma,Senior Salesperson,Cashback Carnival,483641.78,177,2732.44,502.29,4989.37
Sports & Outdoors,Puma,Senior Salesperson,Clearance Countdown,388131.42,150,2587.54,501.13,4969.40
Sports & Outdoors,Puma,Senior Salesperson,Countdown to Savings,421855.96,149,2831.25,511.34,4999.61
Sports & Outdoors,Puma,Senior Salesperson,Customer Appreciation Week,525475.16,182,2887.23,626.21,4993.43
Sports & Outdoors,Puma,Senior Salesperson,Cyber Monday Mania,481015.39,169,2846.24,509.87,4976.44
Sports & Outdoors,Puma,Senior Salesperson,Deal of the Month,423723.49,156,2716.18,511.61,4967.22
Sports & Outdoors,Puma,Senior Salesperson,Double Points Bonanza,458716.73,162,2831.58,510.07,4993.64
Sports & Outdoors,Puma,Senior Salesperson,Early Bird Specials,463662.32,163,2844.55,550.55,4930.03
Sports & Outdoors,Puma,Senior Salesperson,End of Season Sale,391695.30,142,2758.42,505.12,4970.86
Sports & Outdoors,Puma,Senior Salesperson,Exclusive Insider Offers,465783.63,164,2840.14,523.97,4978.62
Sports & Outdoors,Puma,Senior Salesperson,Festive Fever Promo,476746.53,176,2708.79,520.42,4996.45
Sports & Outdoors,Puma,Senior Salesperson,Final Call Frenzy,452230.90,153,2955.76,500.03,4967.44
Sports & Outdoors,Puma,Senior Salesperson,Flash Frenzy Friday,400967.99,158,2537.77,504.62,4988.12
Sports & Outdoors,Puma,Senior Salesperson,"Gift More, Spend Less",443045.74,161,2751.84,510.02,4911.72
Sports & Outdoors,Puma,Senior Salesperson,Golden Hour Bargains,439677.33,166,2648.66,512.16,4933.73
Sports & Outdoors,Puma,Senior Salesperson,Green Weekend Deals,507330.42,175,2899.03,613.16,4986.34
Sports & Outdoors,Puma,Senior Salesperson,Happy Hour Discounts,380482.99,144,2642.24,537.80,4981.80
Sports & Outdoors,Puma,Senior Salesperson,Holiday Shopping Rush,450140.91,155,2904.13,503.52,4937.14
Sports & Outdoors,Puma,Senior Salesperson,Hot Picks Promo,454394.74,170,2672.91,521.51,4996.43
Sports & Outdoors,Puma,Senior Salesperson,Instant Gratification Sale,490164.38,173,2833.32,526.64,4925.60
Sports & Outdoors,Puma,Senior Salesperson,Limited Time Treasures,427054.91,156,2737.53,516.03,4976.63
Sports & Outdoors,Puma,Senior Salesperson,Loyalty Rewards Blast,399690.54,150,2664.60,600.73,4988.95
Sports & Outdoors,Puma,Senior Salesperson,Mega Weekend Bonanza,422329.87,147,2872.99,548.95,4972.97
Sports & Outdoors,Puma,Senior Salesperson,Mid-Year Madness,391233.86,148,2643.47,533.67,4984.19
Sports & Outdoors,Puma,Senior Salesperson,Midnight Madness,360372.56,138,2611.40,510.11,4971.39
Sports & Outdoors,Puma,Senior Salesperson,Mystery Discount Days,384884.44,147,2618.26,518.46,4926.97
Sports & Outdoors,Puma,Senior Salesperson,New Arrival Showcase,475505.92,167,2847.34,521.99,4994.48
Sports & Outdoors,Puma,Senior Salesperson,New Product Launch Promo,384554.13,139,2766.58,538.90,4993.05
Sports & Outdoors,Puma,Senior Salesperson,New Year Kickoff,399247.89,149,2679.52,528.73,4961.96
Sports & Outdoors,Puma,Senior Salesperson,Price Drop Parade,372617.11,139,2680.70,523.19,4951.12
Sports & Outdoors,Puma,Senior Salesperson,Red Tag Clearance,416184.32,161,2585.00,521.89,4962.87
Sports & Outdoors,Puma,Senior Salesperson,Seasonal Surprise Box,445359.23,163,2732.27,503.60,4996.14
Sports & Outdoors,Puma,Senior Salesperson,Shop & Save Spectacular,457889.61,167,2741.85,520.00,4978.72
Sports & Outdoors,Puma,Senior Salesperson,Smart Shopper Week,429140.55,155,2768.65,519.29,4996.42
Sports & Outdoors,Puma,Senior Salesperson,Spring Refresh Event,438511.54,158,2775.39,502.39,4950.84
Sports & Outdoors,Puma,Senior Salesperson,Spring Splash Discounts,432242.27,148,2920.56,539.65,4989.65
Sports & Outdoors,Puma,Senior Salesperson,Summer Sizzle Promo,429759.13,157,2737.32,500.81,4997.06
Sports & Outdoors,Puma,Senior Salesperson,Super Savings Week,419416.58,148,2833.90,557.53,4941.32
Sports & Outdoors,Puma,Senior Salesperson,Ultimate Value Event,388234.48,137,2833.83,527.81,4953.25
Sports & Outdoors,Puma,Senior Salesperson,VIP Access Sale,415119.41,145,2862.89,618.36,4974.48
Sports & Outdoors,Puma,Senior Salesperson,Weekend Warrior Specials,416876.01,162,2573.31,524.41,4911.95
Sports & Outdoors,Puma,Senior Salesperson,Winter Clearance Carnival,438447.67,153,2865.67,505.00,4990.30
Sports & Outdoors,Puma,Senior Salesperson,Winter Wonders Sale,462786.74,175,2644.50,534.89,4959.30
Sports & Outdoors,Reebok,Manager,12 Days of Deals,465704.96,161,2892.58,542.34,4975.83
Sports & Outdoors,Reebok,Manager,Autumn Deals Drive,435128.70,158,2753.98,500.04,4969.05
Sports & Outdoors,Reebok,Manager,BOGO Blitz,437621.31,157,2787.40,609.06,4996.52
Sports & Outdoors,Reebok,Manager,Back to School Boost,441180.54,163,2706.63,516.83,4993.57
Sports & Outdoors,Reebok,Manager,Birthday Bash Sale,501551.66,184,2725.82,594.32,4999.34
Sports & Outdoors,Reebok,Manager,Black Friday Blowout,473419.12,177,2674.68,519.70,4998.42
Sports & Outdoors,Reebok,Manager,Cart Crasher Campaign,461200.83,172,2681.40,571.54,4880.76
Sports & Outdoors,Reebok,Manager,Cashback Carnival,547203.45,186,2941.95,560.79,4981.66
Sports & Outdoors,Reebok,Manager,Clearance Countdown,404949.76,152,2664.14,572.29,4971.14
Sports & Outdoors,Reebok,Manager,Countdown to Savings,400230.14,151,2650.53,511.78,4943.23
Sports & Outdoors,Reebok,Manager,Customer Appreciation Week,473593.29,166,2852.97,513.15,4988.73
Sports & Outdoors,Reebok,Manager,Cyber Monday Mania,560160.91,199,2814.88,594.28,4998.53
Sports & Outdoors,Reebok,Manager,Deal of the Month,549989.60,201,2736.27,509.93,4974.33
Sports & Outdoors,Reebok,Manager,Double Points Bonanza,589777.55,202,2919.69,548.36,4976.06
Sports & Outdoors,Reebok,Manager,Early Bird Specials,397265.57,147,2702.49,512.51,4962.77
Sports & Outdoors,Reebok,Manager,End of Season Sale,415197.34,168,2471.41,518.78,4996.20
Sports & Outdoors,Reebok,Manager,Exclusive Insider Offers,471809.46,168,2808.39,504.56,4996.28
Sports & Outdoors,Reebok,Manager,Festive Fever Promo,419583.07,160,2622.39,543.23,4953.99
Sports & Outdoors,Reebok,Manager,Final Call Frenzy,488064.17,166,2940.15,506.47,4982.79
Sports & Outdoors,Reebok,Manager,Flash Frenzy Friday,488444.99,171,2856.40,503.56,4996.39
Sports & Outdoors,Reebok,Manager,"Gift More, Spend Less",371400.00,131,2835.11,556.69,4974.13
Sports & Outdoors,Reebok,Manager,Golden Hour Bargains,431187.06,151,2855.54,511.94,4934.41
Sports & Outdoors,Reebok,Manager,Green Weekend Deals,388066.78,144,2694.91,567.97,4971.36
Sports & Outdoors,Reebok,Manager,Happy Hour Discounts,497686.80,178,2795.99,506.19,4995.06
Sports & Outdoors,Reebok,Manager,Holiday Shopping Rush,401885.03,159,2527.58,501.14,4972.41
Sports & Outdoors,Reebok,Manager,Hot Picks Promo,500632.50,180,2781.29,528.21,4982.28
Sports & Outdoors,Reebok,Manager,Instant Gratification Sale,434094.98,167,2599.37,534.60,4941.51
Sports & Outdoors,Reebok,Manager,Limited Time Treasures,498972.05,174,2867.66,580.33,4985.47
Sports & Outdoors,Reebok,Manager,Loyalty Rewards Blast,423095.97,155,2729.65,525.16,4987.16
Sports & Outdoors,Reebok,Manager,Mega Weekend Bonanza,451631.59,177,2551.59,509.28,4973.58
Sports & Outdoors,Reebok,Manager,Mid-Year Madness,503353.03,181,2780.96,508.91,4981.73
Sports & Outdoors,Reebok,Manager,Midnight Madness,422445.80,155,2725.46,560.28,4994.74
Sports & Outdoors,Reebok,Manager,Mystery Discount Days,446213.55,169,2640.32,505.83,4943.04
Sports & Outdoors,Reebok,Manager,New Arrival Showcase,428857.10,164,2614.98,516.35,4928.17
Sports & Outdoors,Reebok,Manager,New Product Launch Promo,451745.30,168,2688.96,517.66,4999.30
Sports & Outdoors,Reebok,Manager,New Year Kickoff,451918.72,172,2627.43,545.25,4967.47
Sports & Outdoors,Reebok,Manager,Price Drop Parade,490899.16,178,2757.86,500.50,4989.65
Sports & Outdoors,Reebok,Manager,Red Tag Clearance,467101.41,163,2865.65,580.97,4997.25
Sports & Outdoors,Reebok,Manager,Seasonal Surprise Box,475486.46,188,2529.18,507.86,4928.83
Sports & Outdoors,Reebok,Manager,Shop & Save Spectacular,445124.23,162,2747.68,518.70,4891.99
Sports & Outdoors,Reebok,Manager,Smart Shopper Week,432453.93,169,2558.90,500.78,4991.18
Sports & Outdoors,Reebok,Manager,Spring Refresh Event,530669.79,184,2884.07,533.06,4984.55
Sports & Outdoors,Reebok,Manager,Spring Splash Discounts,418561.68,154,2717.93,549.86,4991.81
Sports & Outdoors,Reebok,Manager,Summer Sizzle Promo,490670.86,176,2787.90,507.75,4987.70
Sports & Outdoors,Reebok,Manager,Super Savings Week,454712.28,170,2674.78,532.78,4940.90
Sports & Outdoors,Reebok,Manager,Ultimate Value Event,466759.77,174,2682.53,513.97,4977.44
Sports & Outdoors,Reebok,Manager,VIP Access Sale,463176.81,160,2894.86,506.74,4998.87
Sports & Outdoors,Reebok,Manager,Weekend Warrior Specials,437874.65,157,2789.01,501.32,4975.63
Sports & Outdoors,Reebok,Manager,Winter Clearance Carnival,480161.10,168,2858.10,513.07,4973.35
Sports & Outdoors,Reebok,Manager,Winter Wonders Sale,497216.34,179,2777.74,508.42,4980.40
Sports & Outdoors,Reebok,Sales Associate,12 Days of Deals,487828.78,184,2651.24,518.98,4991.91
Sports & Outdoors,Reebok,Sales Associate,Autumn Deals Drive,519685.92,186,2794.01,523.40,4996.48
Sports & Outdoors,Reebok,Sales Associate,BOGO Blitz,412958.44,160,2580.99,558.51,4959.99
Sports & Outdoors,Reebok,Sales Associate,Back to School Boost,513582.03,186,2761.19,564.50,4999.33
Sports & Outdoors,Reebok,Sales Associate,Birthday Bash Sale,467139.13,173,2700.23,518.95,4915.49
Sports & Outdoors,Reebok,Sales Associate,Black Friday Blowout,487221.38,175,2784.12,522.92,4935.22
Sports & Outdoors,Reebok,Sales Associate,Cart Crasher Campaign,472173.24,175,2698.13,500.78,4996.75
Sports & Outdoors,Reebok,Sales Associate,Cashback Carnival,496303.34,173,2868.81,504.12,4990.45
Sports & Outdoors,Reebok,Sales Associate,Clearance Countdown,428142.82,169,2533.39,500.37,4905.74
Sports & Outdoors,Reebok,Sales Associate,Countdown to Savings,518029.59,189,2740.90,528.41,4981.78
Sports & Outdoors,Reebok,Sales Associate,Customer Appreciation Week,415914.87,161,2583.32,520.00,4997.68
Sports & Outdoors,Reebok,Sales Associate,Cyber Monday Mania,456815.86,165,2768.58,515.98,4955.49
Sports & Outdoors,Reebok,Sales Associate,Deal of the Month,530879.81,185,2869.62,510.28,4993.19
Sports & Outdoors,Reebok,Sales Associate,Double Points Bonanza,493321.94,184,2681.10,521.66,4977.11
Sports & Outdoors,Reebok,Sales Associate,Early Bird Specials,518648.52,182,2849.72,525.44,4986.84
Sports & Outdoors,Reebok,Sales Associate,End of Season Sale,504226.57,176,2864.92,511.10,4975.10
Sports & Outdoors,Reebok,Sales Associate,Exclusive Insider Offers,518087.32,177,2927.05,519.54,4960.88
Sports & Outdoors,Reebok,Sales Associate,Festive Fever Promo,477566.49,176,2713.45,515.60,4935.48
Sports & Outdoors,Reebok,Sales Associate,Final Call Frenzy,440885.99,167,2640.04,520.51,4962.97
Sports & Outdoors,Reebok,Sales Associate,Flash Frenzy Friday,522549.47,180,2903.05,507.52,4962.52
Sports & Outdoors,Reebok,Sales Associate,"Gift More, Spend Less",548957.52,188,2919.99,505.11,4956.45
Sports & Outdoors,Reebok,Sales Associate,Golden Hour Bargains,481963.75,172,2802.11,522.30,4993.17
Sports & Outdoors,Reebok,Sales Associate,Green Weekend Deals,489471.78,188,2603.57,506.53,4998.01
Sports & Outdoors,Reebok,Sales Associate,Happy Hour Discounts,481900.56,173,2785.55,512.26,4989.45
Sports & Outdoors,Reebok,Sales Associate,Holiday Shopping Rush,414382.26,156,2656.30,506.69,4934.16
Sports & Outdoors,Reebok,Sales Associate,Hot Picks Promo,531839.23,189,2813.96,517.08,4996.34
Sports & Outdoors,Reebok,Sales Associate,Instant Gratification Sale,481861.15,173,2785.32,508.86,4979.20
Sports & Outdoors,Reebok,Sales Associate,Limited Time Treasures,525566.31,192,2737.32,502.11,4961.17
Sports & Outdoors,Reebok,Sales Associate,Loyalty Rewards Blast,507995.78,187,2716.55,530.92,4977.15
Sports & Outdoors,Reebok,Sales Associate,Mega Weekend Bonanza,535055.41,189,2830.98,508.48,4982.69
Sports & Outdoors,Reebok,Sales Associate,Mid-Year Madness,509694.13,179,2847.45,517.08,4966.70
Sports & Outdoors,Reebok,Sales Associate,Midnight Madness,475670.32,174,2733.74,524.44,4992.08
Sports & Outdoors,Reebok,Sales Associate,Mystery Discount Days,470922.55,171,2753.93,509.60,4976.19
Sports & Outdoors,Reebok,Sales Associate,New Arrival Showcase,455899.89,165,2763.03,529.30,4967.08
Sports & Outdoors,Reebok,Sales Associate,New Product Launch Promo,540266.60,195,2770.60,617.89,4971.43
Sports & Outdoors,Reebok,Sales Associate,New Year Kickoff,493822.60,177,2789.96,503.09,4996.62
Sports & Outdoors,Reebok,Sales Associate,Price Drop Parade,474743.79,176,2697.41,505.17,4928.47
Sports & Outdoors,Reebok,Sales Associate,Red Tag Clearance,470864.88,162,2906.57,545.94,4990.98
Sports & Outdoors,Reebok,Sales Associate,Seasonal Surprise Box,528828.30,184,2874.07,548.66,4927.00
Sports & Outdoors,Reebok,Sales Associate,Shop & Save Spectacular,442125.34,166,2663.41,506.24,4992.07
Sports & Outdoors,Reebok,Sales Associate,Smart Shopper Week,433001.56,175,2474.29,509.40,4998.20
Sports & Outdoors,Reebok,Sales Associate,Spring Refresh Event,463198.16,171,2708.76,518.52,4986.59
Sports & Outdoors,Reebok,Sales Associate,Spring Splash Discounts,562760.12,194,2900.83,543.51,4985.32
Sports & Outdoors,Reebok,Sales Associate,Summer Sizzle Promo,502732.16,193,2604.83,504.14,4986.48
Sports & Outdoors,Reebok,Sales Associate,Super Savings Week,554991.49,188,2952.08,549.33,4973.55
Sports & Outdoors,Reebok,Sales Associate,Ultimate Value Event,490394.27,186,2636.53,519.99,4993.60
Sports & Outdoors,Reebok,Sales Associate,VIP Access Sale,503368.52,174,2892.92,517.53,4988.88
Sports & Outdoors,Reebok,Sales Associate,Weekend Warrior Specials,504481.39,173,2916.08,560.27,4974.37
Sports & Outdoors,Reebok,Sales Associate,Winter Clearance Carnival,493834.42,172,2871.13,630.69,4981.24
Sports & Outdoors,Reebok,Sales Associate,Winter Wonders Sale,523274.70,179,2923.32,523.86,4960.06
Sports & Outdoors,Reebok,Salesperson,12 Days of Deals,539993.56,192,2812.47,515.75,4998.61
Sports & Outdoors,Reebok,Salesperson,Autumn Deals Drive,485247.97,173,2804.90,500.76,4996.59
Sports & Outdoors,Reebok,Salesperson,BOGO Blitz,400392.95,146,2742.42,508.28,4996.45
Sports & Outdoors,Reebok,Salesperson,Back to School Boost,361858.02,141,2566.37,505.03,4992.25
Sports & Outdoors,Reebok,Salesperson,Birthday Bash Sale,404586.57,153,2644.36,517.17,4990.08
Sports & Outdoors,Reebok,Salesperson,Black Friday Blowout,479126.93,176,2722.31,504.45,4999.65
Sports & Outdoors,Reebok,Salesperson,Cart Crasher Campaign,431470.89,162,2663.40,571.92,4995.24
Sports & Outdoors,Reebok,Salesperson,Cashback Carnival,485503.77,184,2638.61,585.49,4975.48
Sports & Outdoors,Reebok,Salesperson,Clearance Countdown,456072.35,164,2780.93,505.38,4980.70
Sports & Outdoors,Reebok,Salesperson,Countdown to Savings,515211.22,184,2800.06,563.97,4996.44
Sports & Outdoors,Reebok,Salesperson,Customer Appreciation Week,528822.61,186,2843.13,539.50,4997.64
Sports & Outdoors,Reebok,Salesperson,Cyber Monday Mania,520914.88,188,2770.82,504.92,4997.82
Sports & Outdoors,Reebok,Salesperson,Deal of the Month,423884.24,158,2682.81,515.58,4965.47
Sports & Outdoors,Reebok,Salesperson,Double Points Bonanza,501756.19,184,2726.94,528.57,4994.46
Sports & Outdoors,Reebok,Salesperson,Early Bird Specials,477802.12,178,2684.28,532.76,4996.35
Sports & Outdoors,Reebok,Salesperson,End of Season Sale,504514.03,177,2850.36,503.57,4986.64
Sports & Outdoors,Reebok,Salesperson,Exclusive Insider Offers,465540.01,169,2754.67,506.05,4994.27
Sports & Outdoors,Reebok,Salesperson,Festive Fever Promo,486065.92,183,2656.10,510.79,4962.44
Sports & Outdoors,Reebok,Salesperson,Final Call Frenzy,437779.35,170,2575.17,500.30,4978.35
Sports & Outdoors,Reebok,Salesperson,Flash Frenzy Friday,472575.41,170,2779.86,522.74,4981.04
Sports & Outdoors,Reebok,Salesperson,"Gift More, Spend Less",503904.17,189,2666.16,501.32,4934.57
Sports & Outdoors,Reebok,Salesperson,Golden Hour Bargains,481155.01,178,2703.12,502.76,4995.89
Sports & Outdoors,Reebok,Salesperson,Green Weekend Deals,539699.67,186,2901.61,507.51,4984.29
Sports & Outdoors,Reebok,Salesperson,Happy Hour Discounts,489780.22,174,2814.83,529.96,4956.75
Sports & Outdoors,Reebok,Salesperson,Holiday Shopping Rush,497099.99,183,2716.39,546.15,4948.62
Sports & Outdoors,Reebok,Salesperson,Hot Picks Promo,495694.40,175,2832.54,523.62,4978.08
Sports & Outdoors,Reebok,Salesperson,Instant Gratification Sale,449918.92,170,2646.58,504.24,4991.13
Sports & Outdoors,Reebok,Salesperson,Limited Time Treasures,423436.09,148,2861.05,515.91,4991.63
Sports & Outdoors,Reebok,Salesperson,Loyalty Rewards Blast,522279.98,183,2853.99,501.42,4976.95
Sports & Outdoors,Reebok,Salesperson,Mega Weekend Bonanza,480682.89,171,2811.01,536.68,4986.53
Sports & Outdoors,Reebok,Salesperson,Mid-Year Madness,437831.27,167,2621.74,545.44,4984.84
Sports & Outdoors,Reebok,Salesperson,Midnight Madness,445309.28,171,2604.15,526.93,4997.31
Sports & Outdoors,Reebok,Salesperson,Mystery Discount Days,516750.72,181,2854.98,502.16,4999.55
Sports & Outdoors,Reebok,Salesperson,New Arrival Showcase,526488.82,178,2957.80,532.36,4996.77
Sports & Outdoors,Reebok,Salesperson,New Product Launch Promo,465702.74,173,2691.92,514.75,4962.50
Sports & Outdoors,Reebok,Salesperson,New Year Kickoff,502173.37,176,2853.26,505.98,4992.04
Sports & Outdoors,Reebok,Salesperson,Price Drop Parade,500412.23,177,2827.19,505.89,4921.01
Sports & Outdoors,Reebok,Salesperson,Red Tag Clearance,506530.33,179,2829.78,502.70,4995.31
Sports & Outdoors,Reebok,Salesperson,Seasonal Surprise Box,504164.02,178,2832.38,546.03,4993.02
Sports & Outdoors,Reebok,Salesperson,Shop & Save Spectacular,549208.68,201,2732.38,502.76,4969.16
Sports & Outdoors,Reebok,Salesperson,Smart Shopper Week,460639.75,173,2662.66,506.78,4941.75
Sports & Outdoors,Reebok,Salesperson,Spring Refresh Event,532889.91,196,2718.83,507.06,4959.22
Sports & Outdoors,Reebok,Salesperson,Spring Splash Discounts,508733.16,184,2764.85,512.45,4991.74
Sports & Outdoors,Reebok,Salesperson,Summer Sizzle Promo,446054.41,172,2593.34,507.30,4984.77
Sports & Outdoors,Reebok,Salesperson,Super Savings Week,476153.37,165,2885.78,522.37,4960.22
Sports & Outdoors,Reebok,Salesperson,Ultimate Value Event,474205.46,163,2909.24,510.80,4994.22
Sports & Outdoors,Reebok,Salesperson,VIP Access Sale,482544.65,175,2757.40,558.82,4988.78
Sports & Outdoors,Reebok,Salesperson,Weekend Warrior Specials,500293.77,177,2826.52,506.11,4997.81
Sports & Outdoors,Reebok,Salesperson,Winter Clearance Carnival,402460.34,146,2756.58,520.00,4905.68
Sports & Outdoors,Reebok,Salesperson,Winter Wonders Sale,513188.24,179,2866.97,510.35,4987.57
Sports & Outdoors,Reebok,Senior Salesperson,12 Days of Deals,415179.26,147,2824.35,521.61,4987.38
Sports & Outdoors,Reebok,Senior Salesperson,Autumn Deals Drive,416636.14,146,2853.67,506.80,4994.50
Sports & Outdoors,Reebok,Senior Salesperson,BOGO Blitz,444217.71,173,2567.73,509.14,4941.65
Sports & Outdoors,Reebok,Senior Salesperson,Back to School Boost,433076.47,156,2776.13,544.67,4976.61
Sports & Outdoors,Reebok,Senior Salesperson,Birthday Bash Sale,431104.65,151,2855.00,547.20,4891.14
Sports & Outdoors,Reebok,Senior Salesperson,Black Friday Blowout,428444.95,148,2894.90,544.70,4988.78
Sports & Outdoors,Reebok,Senior Salesperson,Cart Crasher Campaign,432816.00,155,2792.36,523.73,4972.86
Sports & Outdoors,Reebok,Senior Salesperson,Cashback Carnival,410701.96,147,2793.89,509.18,4949.13
Sports & Outdoors,Reebok,Senior Salesperson,Clearance Countdown,437955.50,158,2771.87,557.90,4996.31
Sports & Outdoors,Reebok,Senior Salesperson,Countdown to Savings,434272.09,158,2748.56,506.58,4989.29
Sports & Outdoors,Reebok,Senior Salesperson,Customer Appreciation Week,462181.79,162,2852.97,502.81,4998.61
Sports & Outdoors,Reebok,Senior Salesperson,Cyber Monday Mania,445473.28,156,2855.60,518.14,4983.66
Sports & Outdoors,Reebok,Senior Salesperson,Deal of the Month,410680.50,153,2684.19,520.45,4981.95
Sports & Outdoors,Reebok,Senior Salesperson,Double Points Bonanza,405538.09,152,2668.01,521.66,4974.51
Sports & Outdoors,Reebok,Senior Salesperson,Early Bird Specials,436845.94,157,2782.46,508.41,4979.45
Sports & Outdoors,Reebok,Senior Salesperson,End of Season Sale,351992.87,129,2728.63,503.46,4976.80
Sports & Outdoors,Reebok,Senior Salesperson,Exclusive Insider Offers,307295.65,112,2743.71,543.25,4995.69
Sports & Outdoors,Reebok,Senior Salesperson,Festive Fever Promo,459733.65,162,2837.86,506.83,4998.24
Sports & Outdoors,Reebok,Senior Salesperson,Final Call Frenzy,416563.03,157,2653.27,510.98,4943.92
Sports & Outdoors,Reebok,Senior Salesperson,Flash Frenzy Friday,417060.27,156,2673.46,527.26,4988.82
Sports & Outdoors,Reebok,Senior Salesperson,"Gift More, Spend Less",503023.62,175,2874.42,531.66,4868.63
Sports & Outdoors,Reebok,Senior Salesperson,Golden Hour Bargains,384136.87,147,2613.18,506.96,4990.16
Sports & Outdoors,Reebok,Senior Salesperson,Green Weekend Deals,378821.03,145,2612.56,500.26,4999.53
Sports & Outdoors,Reebok,Senior Salesperson,Happy Hour Discounts,438440.55,164,2673.42,516.62,4975.91
Sports & Outdoors,Reebok,Senior Salesperson,Holiday Shopping Rush,382232.01,138,2769.80,512.59,4966.98
Sports & Outdoors,Reebok,Senior Salesperson,Hot Picks Promo,417898.17,146,2862.32,521.15,4879.27
Sports & Outdoors,Reebok,Senior Salesperson,Instant Gratification Sale,454310.78,162,2804.39,511.73,4986.49
Sports & Outdoors,Reebok,Senior Salesperson,Limited Time Treasures,474327.04,166,2857.39,521.66,4998.98
Sports & Outdoors,Reebok,Senior Salesperson,Loyalty Rewards Blast,335011.61,127,2637.89,502.36,4957.46
Sports & Outdoors,Reebok,Senior Salesperson,Mega Weekend Bonanza,431055.04,152,2835.89,528.79,4979.33
Sports & Outdoors,Reebok,Senior Salesperson,Mid-Year Madness,473827.40,164,2889.19,537.96,4994.65
Sports & Outdoors,Reebok,Senior Salesperson,Midnight Madness,423947.08,160,2649.67,554.48,4987.96
Sports & Outdoors,Reebok,Senior Salesperson,Mystery Discount Days,444806.39,157,2833.16,504.23,4984.10
Sports & Outdoors,Reebok,Senior Salesperson,New Arrival Showcase,437945.82,162,2703.37,506.32,4979.93
Sports & Outdoors,Reebok,Senior Salesperson,New Product Launch Promo,419402.74,152,2759.23,545.19,4996.38
Sports & Outdoors,Reebok,Senior Salesperson,New Year Kickoff,418433.87,159,2631.66,505.26,4996.40
Sports & Outdoors,Reebok,Senior Salesperson,Price Drop Parade,357412.55,140,2552.95,518.34,4933.54
Sports & Outdoors,Reebok,Senior Salesperson,Red Tag Clearance,454482.85,163,2788.24,515.84,4971.34
Sports & Outdoors,Reebok,Senior Salesperson,Seasonal Surprise Box,436177.31,156,2796.01,501.12,4980.23
Sports & Outdoors,Reebok,Senior Salesperson,Shop & Save Spectacular,459813.24,160,2873.83,641.33,4961.03
Sports & Outdoors,Reebok,Senior Salesperson,Smart Shopper Week,398413.13,141,2825.63,552.22,4971.82
Sports & Outdoors,Reebok,Senior Salesperson,Spring Refresh Event,374756.74,143,2620.68,555.60,4973.33
Sports & Outdoors,Reebok,Senior Salesperson,Spring Splash Discounts,440145.21,173,2544.19,502.90,4988.90
Sports & Outdoors,Reebok,Senior Salesperson,Summer Sizzle Promo,454213.38,160,2838.83,502.59,4995.91
Sports & Outdoors,Reebok,Senior Salesperson,Super Savings Week,395926.89,142,2788.22,533.05,4960.37
Sports & Outdoors,Reebok,Senior Salesperson,Ultimate Value Event,382253.61,141,2711.02,510.65,4985.73
Sports & Outdoors,Reebok,Senior Salesperson,VIP Access Sale,412583.85,148,2787.73,611.09,4987.95
Sports & Outdoors,Reebok,Senior Salesperson,Weekend Warrior Specials,398571.70,156,2554.95,503.07,4976.59
Sports & Outdoors,Reebok,Senior Salesperson,Winter Clearance Carnival,413245.63,154,2683.41,529.51,4968.01
Sports & Outdoors,Reebok,Senior Salesperson,Winter Wonders Sale,427806.10,154,2777.96,537.39,4965.98
