brand,customer_segment,campaign_name,sum_amount,count,avg_amount,min_amount,max_amount
Adidas,Budget Shopper,12 Days of Deals,413483.74,156,2650.54,505.04,4954.87
Adidas,Budget Shopper,Autumn Deals Drive,332662.99,125,2661.30,518.04,4982.16
Adidas,Budget Shopper,BOGO Blitz,356489.90,133,2680.38,550.36,4973.52
Adidas,Budget Shopper,Back to School Boost,339409.13,128,2651.63,508.79,4939.84
Adidas,Budget Shopper,Birthday Bash Sale,357999.70,136,2632.35,518.24,4929.82
Adidas,Budget Shopper,Black Friday Blowout,360237.55,127,2836.52,576.66,4965.74
Adidas,Budget Shopper,Cart Crasher Campaign,386562.77,129,2996.61,571.88,4931.02
Adidas,Budget Shopper,Cashback Carnival,377335.26,146,2584.49,534.21,4951.70
Adidas,Budget Shopper,Clearance Countdown,332390.32,128,2596.80,503.98,4964.25
Adidas,Budget Shopper,Countdown to Savings,332104.34,119,2790.79,516.38,4966.52
Adidas,Budget Shopper,Customer Appreciation Week,329977.29,121,2727.09,523.17,4925.34
Adidas,Budget Shopper,Cyber Monday Mania,354916.25,127,2794.62,551.31,4993.46
Adidas,Budget Shopper,Deal of the Month,372097.02,126,2953.15,598.75,4907.31
Adidas,Budget Shopper,Double Points Bonanza,371349.94,137,2710.58,502.14,4935.43
Adidas,Budget Shopper,Early Bird Specials,395923.88,131,3022.32,505.34,4996.74
Adidas,Budget Shopper,End of Season Sale,377240.68,127,2970.40,549.70,4971.31
Adidas,Budget Shopper,Exclusive Insider Offers,303459.71,128,2370.78,507.80,4884.21
Adidas,Budget Shopper,Festive Fever Promo,380171.90,140,2715.51,553.16,4976.80
Adidas,Budget Shopper,Final Call Frenzy,418003.59,143,2923.10,575.48,4995.87
Adidas,Budget Shopper,Flash Frenzy Friday,336583.00,126,2671.29,501.20,4990.62
Adidas,Budget Shopper,"Gift More, Spend Less",320144.57,113,2833.14,524.46,4988.68
Adidas,Budget Shopper,Golden Hour Bargains,365617.96,134,2728.49,510.81,4994.32
Adidas,Budget Shopper,Green Weekend Deals,348536.31,126,2766.16,539.17,4926.07
Adidas,Budget Shopper,Happy Hour Discounts,356284.22,134,2658.84,505.03,4919.71
Adidas,Budget Shopper,Holiday Shopping Rush,391921.34,144,2721.68,540.22,4981.68
Adidas,Budget Shopper,Hot Picks Promo,399747.05,141,2835.09,610.78,4990.00
Adidas,Budget Shopper,Instant Gratification Sale,324418.00,115,2821.03,522.75,4994.90
Adidas,Budget Shopper,Limited Time Treasures,383073.71,136,2816.72,500.43,4983.53
Adidas,Budget Shopper,Loyalty Rewards Blast,326531.76,123,2654.73,545.47,4971.65
Adidas,Budget Shopper,Mega Weekend Bonanza,349966.02,128,2734.11,574.73,4980.14
Adidas,Budget Shopper,Mid-Year Madness,341259.28,124,2752.09,509.13,4949.66
Adidas,Budget Shopper,Midnight Madness,324765.28,121,2684.01,518.16,4990.39
Adidas,Budget Shopper,Mystery Discount Days,347143.16,128,2712.06,528.21,4943.34
Adidas,Budget Shopper,New Arrival Showcase,341427.31,118,2893.45,550.60,4986.33
Adidas,Budget Shopper,New Product Launch Promo,368732.41,135,2731.35,501.61,4999.95
Adidas,Budget Shopper,New Year Kickoff,347454.32,129,2693.44,519.85,4995.24
Adidas,Budget Shopper,Price Drop Parade,282994.17,114,2482.41,511.21,4976.80
Adidas,Budget Shopper,Red Tag Clearance,334293.62,118,2833.00,520.14,4964.81
Adidas,Budget Shopper,Seasonal Surprise Box,349133.78,120,2909.45,527.98,4982.93
Adidas,Budget Shopper,Shop & Save Spectacular,406343.70,144,2821.83,516.93,4992.75
Adidas,Budget Shopper,Smart Shopper Week,369430.55,137,2696.57,554.36,4985.85
Adidas,Budget Shopper,Spring Refresh Event,365372.55,132,2767.97,541.03,4987.97
Adidas,Budget Shopper,Spring Splash Discounts,401136.58,146,2747.51,534.86,4990.13
Adidas,Budget Shopper,Summer Sizzle Promo,341480.71,124,2753.88,581.51,4983.81
Adidas,Budget Shopper,Super Savings Week,297908.00,114,2613.23,622.39,4859.11
Adidas,Budget Shopper,Ultimate Value Event,357552.57,125,2860.42,548.08,4998.36
Adidas,Budget Shopper,VIP Access Sale,454257.86,156,2911.91,534.21,4991.92
Adidas,Budget Shopper,Weekend Warrior Specials,393573.83,144,2733.15,561.75,4935.09
Adidas,Budget Shopper,Winter Clearance Carnival,414877.07,149,2784.41,542.82,4993.51
Adidas,Budget Shopper,Winter Wonders Sale,404989.10,142,2852.04,506.23,4969.49
Adidas,Churn Risk,12 Days of Deals,357854.83,130,2752.73,538.90,4976.56
Adidas,Churn Risk,Autumn Deals Drive,335492.65,120,2795.77,592.30,4998.38
Adidas,Churn Risk,BOGO Blitz,362345.08,125,2898.76,540.74,4991.38
Adidas,Churn Risk,Back to School Boost,365751.97,135,2709.27,605.49,4987.32
Adidas,Churn Risk,Birthday Bash Sale,380841.70,142,2681.98,506.71,4993.81
Adidas,Churn Risk,Black Friday Blowout,379039.58,131,2893.43,503.18,4977.09
Adidas,Churn Risk,Cart Crasher Campaign,340376.74,122,2789.97,540.89,4979.31
Adidas,Churn Risk,Cashback Carnival,379023.19,137,2766.59,526.46,4994.16
Adidas,Churn Risk,Clearance Countdown,355785.06,126,2823.69,563.58,4998.56
Adidas,Churn Risk,Countdown to Savings,388533.59,138,2815.46,529.00,4968.92
Adidas,Churn Risk,Customer Appreciation Week,358049.47,133,2692.10,520.41,4937.49
Adidas,Churn Risk,Cyber Monday Mania,351156.78,119,2950.90,587.59,4974.49
Adidas,Churn Risk,Deal of the Month,333827.53,121,2758.91,511.14,4995.45
Adidas,Churn Risk,Double Points Bonanza,339499.22,127,2673.22,504.72,4976.03
Adidas,Churn Risk,Early Bird Specials,347739.68,123,2827.15,615.84,4995.32
Adidas,Churn Risk,End of Season Sale,386721.63,142,2723.39,560.40,4983.53
Adidas,Churn Risk,Exclusive Insider Offers,392557.34,144,2726.09,508.78,4984.33
Adidas,Churn Risk,Festive Fever Promo,357643.40,133,2689.05,510.97,4986.10
Adidas,Churn Risk,Final Call Frenzy,405482.21,141,2875.76,514.15,4910.75
Adidas,Churn Risk,Flash Frenzy Friday,339261.53,124,2735.98,511.20,4997.00
Adidas,Churn Risk,"Gift More, Spend Less",353181.06,140,2522.72,510.65,4958.60
Adidas,Churn Risk,Golden Hour Bargains,390180.39,142,2747.75,508.67,4991.51
Adidas,Churn Risk,Green Weekend Deals,356328.54,130,2740.99,602.01,4948.82
Adidas,Churn Risk,Happy Hour Discounts,327490.83,121,2706.54,505.67,4994.51
Adidas,Churn Risk,Holiday Shopping Rush,387737.40,138,2809.69,578.57,4952.40
Adidas,Churn Risk,Hot Picks Promo,427038.27,151,2828.07,523.60,4927.71
Adidas,Churn Risk,Instant Gratification Sale,375086.32,139,2698.46,566.52,4998.40
Adidas,Churn Risk,Limited Time Treasures,292328.62,110,2657.53,624.56,4831.16
Adidas,Churn Risk,Loyalty Rewards Blast,333627.08,111,3005.65,554.99,4990.36
Adidas,Churn Risk,Mega Weekend Bonanza,326153.75,123,2651.66,515.58,4992.14
Adidas,Churn Risk,Mid-Year Madness,432294.82,147,2940.78,532.31,4991.08
Adidas,Churn Risk,Midnight Madness,371219.31,134,2770.29,512.42,4994.43
Adidas,Churn Risk,Mystery Discount Days,425991.67,150,2839.94,532.78,4979.18
Adidas,Churn Risk,New Arrival Showcase,407667.97,141,2891.26,526.98,4993.32
Adidas,Churn Risk,New Product Launch Promo,376008.44,131,2870.29,500.73,4999.18
Adidas,Churn Risk,New Year Kickoff,349684.40,132,2649.12,543.84,4988.93
Adidas,Churn Risk,Price Drop Parade,344484.09,127,2712.47,560.63,4932.51
Adidas,Churn Risk,Red Tag Clearance,302529.04,115,2630.69,618.81,4982.81
Adidas,Churn Risk,Seasonal Surprise Box,398576.29,141,2826.78,515.20,4992.17
Adidas,Churn Risk,Shop & Save Spectacular,357178.81,129,2768.83,511.32,4948.15
Adidas,Churn Risk,Smart Shopper Week,481075.21,177,2717.94,594.66,4999.86
Adidas,Churn Risk,Spring Refresh Event,335541.18,125,2684.33,534.63,4997.20
Adidas,Churn Risk,Spring Splash Discounts,315681.82,123,2566.52,535.63,4995.14
Adidas,Churn Risk,Summer Sizzle Promo,343977.81,131,2625.78,513.04,4985.23
Adidas,Churn Risk,Super Savings Week,342928.31,123,2788.04,506.36,4962.64
Adidas,Churn Risk,Ultimate Value Event,311353.68,124,2510.92,521.06,4979.03
Adidas,Churn Risk,VIP Access Sale,324778.33,121,2684.12,558.18,4976.34
Adidas,Churn Risk,Weekend Warrior Specials,289040.60,111,2603.97,502.77,4993.94
Adidas,Churn Risk,Winter Clearance Carnival,422826.02,148,2856.93,532.03,4997.18
Adidas,Churn Risk,Winter Wonders Sale,339798.19,127,2675.58,511.60,4929.83
Adidas,Deal Seeker,12 Days of Deals,382274.52,147,2600.51,523.07,4970.14
Adidas,Deal Seeker,Autumn Deals Drive,404532.18,138,2931.39,518.04,4991.85
Adidas,Deal Seeker,BOGO Blitz,421223.51,148,2846.10,518.34,4917.52
Adidas,Deal Seeker,Back to School Boost,425261.41,157,2708.67,518.87,4989.82
Adidas,Deal Seeker,Birthday Bash Sale,358473.13,127,2822.62,529.74,4994.20
Adidas,Deal Seeker,Black Friday Blowout,360233.65,130,2771.03,524.52,4956.18
Adidas,Deal Seeker,Cart Crasher Campaign,373398.95,135,2765.92,512.46,4944.12
Adidas,Deal Seeker,Cashback Carnival,379269.53,132,2873.25,515.77,4939.63
Adidas,Deal Seeker,Clearance Countdown,364096.75,136,2677.18,505.52,4958.31
Adidas,Deal Seeker,Countdown to Savings,393997.37,133,2962.39,509.94,4963.31
Adidas,Deal Seeker,Customer Appreciation Week,404419.57,135,2995.70,661.57,4988.05
Adidas,Deal Seeker,Cyber Monday Mania,394049.26,143,2755.59,572.65,4990.88
Adidas,Deal Seeker,Deal of the Month,386824.53,134,2886.75,577.97,4972.55
Adidas,Deal Seeker,Double Points Bonanza,316068.92,117,2701.44,507.68,4996.56
Adidas,Deal Seeker,Early Bird Specials,366965.09,133,2759.14,506.32,4982.97
Adidas,Deal Seeker,End of Season Sale,388276.66,147,2641.34,515.55,4979.39
Adidas,Deal Seeker,Exclusive Insider Offers,366717.25,123,2981.44,534.77,4971.71
Adidas,Deal Seeker,Festive Fever Promo,400732.76,139,2882.97,523.41,4963.85
Adidas,Deal Seeker,Final Call Frenzy,387484.42,137,2828.35,509.40,4992.84
Adidas,Deal Seeker,Flash Frenzy Friday,316849.68,120,2640.41,511.53,4994.26
Adidas,Deal Seeker,"Gift More, Spend Less",387777.32,143,2711.73,504.14,4946.78
Adidas,Deal Seeker,Golden Hour Bargains,363017.91,140,2592.99,522.15,4998.10
Adidas,Deal Seeker,Green Weekend Deals,363579.45,134,2713.28,501.10,4953.96
Adidas,Deal Seeker,Happy Hour Discounts,339996.44,122,2786.86,597.27,4945.76
Adidas,Deal Seeker,Holiday Shopping Rush,357835.14,135,2650.63,506.26,4969.91
Adidas,Deal Seeker,Hot Picks Promo,352630.11,131,2691.83,520.65,4968.49
Adidas,Deal Seeker,Instant Gratification Sale,366487.24,131,2797.61,509.42,4985.30
Adidas,Deal Seeker,Limited Time Treasures,339635.04,130,2612.58,501.46,4936.80
Adidas,Deal Seeker,Loyalty Rewards Blast,407457.41,146,2790.80,503.10,4941.50
Adidas,Deal Seeker,Mega Weekend Bonanza,390910.42,132,2961.44,559.96,4957.09
Adidas,Deal Seeker,Mid-Year Madness,287553.05,120,2396.28,501.32,4975.75
Adidas,Deal Seeker,Midnight Madness,399693.86,144,2775.65,512.27,4952.37
Adidas,Deal Seeker,Mystery Discount Days,339040.64,124,2734.20,534.57,4976.22
Adidas,Deal Seeker,New Arrival Showcase,365947.83,121,3024.36,599.07,4982.07
Adidas,Deal Seeker,New Product Launch Promo,355177.19,128,2774.82,541.18,4991.43
Adidas,Deal Seeker,New Year Kickoff,383238.56,135,2838.80,565.76,4977.99
Adidas,Deal Seeker,Price Drop Parade,401638.66,142,2828.44,545.20,4992.13
Adidas,Deal Seeker,Red Tag Clearance,389997.28,131,2977.08,509.09,4957.70
Adidas,Deal Seeker,Seasonal Surprise Box,381024.49,140,2721.60,500.52,4978.73
Adidas,Deal Seeker,Shop & Save Spectacular,371303.66,127,2923.65,528.50,4995.87
Adidas,Deal Seeker,Smart Shopper Week,382231.69,137,2790.01,564.26,4983.10
Adidas,Deal Seeker,Spring Refresh Event,314242.82,115,2732.55,511.11,4917.83
Adidas,Deal Seeker,Spring Splash Discounts,379939.88,144,2638.47,500.46,4996.95
Adidas,Deal Seeker,Summer Sizzle Promo,387009.93,138,2804.42,513.93,4975.17
Adidas,Deal Seeker,Super Savings Week,397085.62,141,2816.21,515.33,4983.09
Adidas,Deal Seeker,Ultimate Value Event,391629.56,146,2682.39,573.04,4980.77
Adidas,Deal Seeker,VIP Access Sale,347176.16,119,2917.45,560.93,4952.43
Adidas,Deal Seeker,Weekend Warrior Specials,390915.36,138,2832.72,528.56,4976.61
Adidas,Deal Seeker,Winter Clearance Carnival,396060.61,140,2829.00,509.53,4945.48
Adidas,Deal Seeker,Winter Wonders Sale,384028.60,140,2743.06,512.88,4996.30
Adidas,First-time Buyer,12 Days of Deals,474276.78,167,2839.98,512.27,4984.11
Adidas,First-time Buyer,Autumn Deals Drive,396166.47,149,2658.84,534.57,4974.39
Adidas,First-time Buyer,BOGO Blitz,385164.70,130,2962.81,523.98,4997.05
Adidas,First-time Buyer,Back to School Boost,382466.69,149,2566.89,550.18,4999.86
Adidas,First-time Buyer,Birthday Bash Sale,359106.19,126,2850.05,509.00,4994.96
Adidas,First-time Buyer,Black Friday Blowout,407248.71,143,2847.89,556.22,4990.39
Adidas,First-time Buyer,Cart Crasher Campaign,319100.57,116,2750.87,581.42,4950.65
Adidas,First-time Buyer,Cashback Carnival,345568.26,129,2678.82,503.40,4972.53
Adidas,First-time Buyer,Clearance Countdown,278148.53,96,2897.38,553.93,4993.67
Adidas,First-time Buyer,Countdown to Savings,325533.60,131,2484.99,515.05,4993.86
Adidas,First-time Buyer,Customer Appreciation Week,435111.17,161,2702.55,510.44,4947.90
Adidas,First-time Buyer,Cyber Monday Mania,282757.70,106,2667.53,525.26,4977.18
Adidas,First-time Buyer,Deal of the Month,379920.77,133,2856.55,520.13,4989.69
Adidas,First-time Buyer,Double Points Bonanza,329325.84,117,2814.75,507.03,4985.88
Adidas,First-time Buyer,Early Bird Specials,405160.06,139,2914.82,526.61,4978.03
Adidas,First-time Buyer,End of Season Sale,360225.87,138,2610.33,521.54,4976.16
Adidas,First-time Buyer,Exclusive Insider Offers,357915.27,127,2818.23,512.76,4926.65
Adidas,First-time Buyer,Festive Fever Promo,348397.62,129,2700.76,504.43,4972.63
Adidas,First-time Buyer,Final Call Frenzy,387147.37,139,2785.23,501.90,4978.28
Adidas,First-time Buyer,Flash Frenzy Friday,336582.77,123,2736.45,503.51,4989.55
Adidas,First-time Buyer,"Gift More, Spend Less",410025.77,144,2847.40,530.30,4986.03
Adidas,First-time Buyer,Golden Hour Bargains,344894.36,129,2673.60,503.10,4962.75
Adidas,First-time Buyer,Green Weekend Deals,396944.66,143,2775.84,506.43,4939.51
Adidas,First-time Buyer,Happy Hour Discounts,323909.15,121,2676.94,510.62,4981.47
Adidas,First-time Buyer,Holiday Shopping Rush,351073.62,139,2525.71,542.11,4942.38
Adidas,First-time Buyer,Hot Picks Promo,357099.57,131,2725.95,573.26,4968.97
Adidas,First-time Buyer,Instant Gratification Sale,333205.90,128,2603.17,501.99,4997.63
Adidas,First-time Buyer,Limited Time Treasures,346969.00,119,2915.71,571.04,4961.50
Adidas,First-time Buyer,Loyalty Rewards Blast,345781.28,125,2766.25,508.93,4993.88
Adidas,First-time Buyer,Mega Weekend Bonanza,337801.17,127,2659.85,518.73,4931.29
Adidas,First-time Buyer,Mid-Year Madness,324238.59,115,2819.47,515.76,4925.56
Adidas,First-time Buyer,Midnight Madness,383900.26,132,2908.34,522.78,4983.78
Adidas,First-time Buyer,Mystery Discount Days,319313.22,119,2683.30,531.52,4950.33
Adidas,First-time Buyer,New Arrival Showcase,434589.77,159,2733.27,501.06,4996.95
Adidas,First-time Buyer,New Product Launch Promo,375189.15,134,2799.92,510.20,4988.14
Adidas,First-time Buyer,New Year Kickoff,311803.81,125,2494.43,503.01,4749.20
Adidas,First-time Buyer,Price Drop Parade,332418.04,120,2770.15,515.61,4984.37
Adidas,First-time Buyer,Red Tag Clearance,404161.34,147,2749.40,580.93,4989.71
Adidas,First-time Buyer,Seasonal Surprise Box,359899.51,129,2789.92,519.58,4947.29
Adidas,First-time Buyer,Shop & Save Spectacular,355675.59,129,2757.18,513.48,4923.68
Adidas,First-time Buyer,Smart Shopper Week,391029.45,135,2896.51,575.11,4988.00
Adidas,First-time Buyer,Spring Refresh Event,363469.50,139,2614.89,508.72,4979.80
Adidas,First-time Buyer,Spring Splash Discounts,372304.07,132,2820.49,550.55,4974.21
Adidas,First-time Buyer,Summer Sizzle Promo,381888.35,143,2670.55,527.09,4923.81
Adidas,First-time Buyer,Super Savings Week,373973.37,129,2899.02,511.09,4990.11
Adidas,First-time Buyer,Ultimate Value Event,396355.29,150,2642.37,586.95,4944.24
Adidas,First-time Buyer,VIP Access Sale,322299.99,113,2852.21,538.17,4996.65
Adidas,First-time Buyer,Weekend Warrior Specials,394656.29,157,2513.73,506.49,4974.91
Adidas,First-time Buyer,Winter Clearance Carnival,394185.34,137,2877.27,548.74,4958.23
Adidas,First-time Buyer,Winter Wonders Sale,336418.58,125,2691.35,592.93,4995.17
Adidas,High Value,12 Days of Deals,351073.26,128,2742.76,510.93,4998.46
Adidas,High Value,Autumn Deals Drive,342620.29,125,2740.96,587.07,4943.25
Adidas,High Value,BOGO Blitz,365374.10,127,2876.96,631.23,4969.00
Adidas,High Value,Back to School Boost,313912.52,117,2683.01,501.04,4959.35
Adidas,High Value,Birthday Bash Sale,336032.92,125,2688.26,502.17,4882.99
Adidas,High Value,Black Friday Blowout,397506.31,145,2741.42,535.84,4926.91
Adidas,High Value,Cart Crasher Campaign,359793.80,142,2533.76,515.37,4923.90
Adidas,High Value,Cashback Carnival,391995.72,141,2780.11,527.96,4981.92
Adidas,High Value,Clearance Countdown,397438.09,147,2703.66,500.53,4995.33
Adidas,High Value,Countdown to Savings,356381.21,127,2806.15,643.83,4932.95
Adidas,High Value,Customer Appreciation Week,346241.39,132,2623.04,617.64,4960.87
Adidas,High Value,Cyber Monday Mania,427006.23,153,2790.89,508.76,4996.37
Adidas,High Value,Deal of the Month,280134.42,112,2501.20,504.75,4869.24
Adidas,High Value,Double Points Bonanza,359684.17,133,2704.39,514.48,4992.41
Adidas,High Value,Early Bird Specials,385496.37,142,2714.76,504.93,4993.12
Adidas,High Value,End of Season Sale,314624.14,118,2666.31,511.79,4917.49
Adidas,High Value,Exclusive Insider Offers,406203.01,145,2801.40,535.92,4987.28
Adidas,High Value,Festive Fever Promo,406358.66,141,2881.98,566.14,4977.68
Adidas,High Value,Final Call Frenzy,309890.81,117,2648.64,539.41,4972.71
Adidas,High Value,Flash Frenzy Friday,366947.15,131,2801.12,519.52,4981.75
Adidas,High Value,"Gift More, Spend Less",345324.74,131,2636.07,523.26,4990.08
Adidas,High Value,Golden Hour Bargains,361130.77,132,2735.84,511.16,4987.66
Adidas,High Value,Green Weekend Deals,332614.03,119,2795.08,513.01,4981.60
Adidas,High Value,Happy Hour Discounts,389751.94,142,2744.73,517.25,4987.27
Adidas,High Value,Holiday Shopping Rush,366631.34,131,2798.71,506.77,4998.34
Adidas,High Value,Hot Picks Promo,349241.87,127,2749.94,505.94,4887.78
Adidas,High Value,Instant Gratification Sale,387532.28,142,2729.10,500.95,4993.28
Adidas,High Value,Limited Time Treasures,397301.33,144,2759.04,512.61,4999.38
Adidas,High Value,Loyalty Rewards Blast,393396.65,140,2809.98,502.35,4979.35
Adidas,High Value,Mega Weekend Bonanza,379722.06,136,2792.07,600.44,4996.59
Adidas,High Value,Mid-Year Madness,327890.42,121,2709.84,612.20,4927.68
Adidas,High Value,Midnight Madness,335873.42,122,2753.06,556.43,4949.02
Adidas,High Value,Mystery Discount Days,342256.48,128,2673.88,500.17,4967.22
Adidas,High Value,New Arrival Showcase,360229.35,131,2749.84,522.55,4995.28
Adidas,High Value,New Product Launch Promo,360649.77,133,2711.65,539.45,4951.78
Adidas,High Value,New Year Kickoff,386494.21,143,2702.76,503.31,4989.24
Adidas,High Value,Price Drop Parade,362706.32,132,2747.78,503.07,4979.30
Adidas,High Value,Red Tag Clearance,408890.32,139,2941.66,601.39,4933.11
Adidas,High Value,Seasonal Surprise Box,363049.34,136,2669.48,533.53,4826.54
Adidas,High Value,Shop & Save Spectacular,361388.34,131,2758.69,514.88,4974.46
Adidas,High Value,Smart Shopper Week,326547.16,123,2654.85,507.97,4948.24
Adidas,High Value,Spring Refresh Event,294947.50,113,2610.15,534.63,4999.78
Adidas,High Value,Spring Splash Discounts,356586.17,139,2565.37,535.84,4958.61
Adidas,High Value,Summer Sizzle Promo,324876.11,117,2776.72,635.62,4998.80
Adidas,High Value,Super Savings Week,416301.38,158,2634.82,502.34,4959.27
Adidas,High Value,Ultimate Value Event,401531.52,142,2827.69,507.38,4974.76
Adidas,High Value,VIP Access Sale,361942.61,135,2681.06,506.38,4942.86
Adidas,High Value,Weekend Warrior Specials,428102.10,158,2709.51,501.48,4870.51
Adidas,High Value,Winter Clearance Carnival,410215.82,153,2681.15,595.76,4958.83
Adidas,High Value,Winter Wonders Sale,344168.12,132,2607.33,601.78,4832.79
Adidas,In-Store Regular,12 Days of Deals,424116.97,152,2790.24,501.08,4958.02
Adidas,In-Store Regular,Autumn Deals Drive,398419.02,143,2786.15,511.09,4980.77
Adidas,In-Store Regular,BOGO Blitz,395667.54,145,2728.74,500.64,4988.61
Adidas,In-Store Regular,Back to School Boost,349881.63,127,2754.97,507.11,4965.45
Adidas,In-Store Regular,Birthday Bash Sale,329002.82,125,2632.02,504.16,4831.06
Adidas,In-Store Regular,Black Friday Blowout,404666.94,142,2849.77,502.05,4990.51
Adidas,In-Store Regular,Cart Crasher Campaign,337690.81,128,2638.21,521.26,4959.37
Adidas,In-Store Regular,Cashback Carnival,247754.80,98,2528.11,558.08,4962.48
Adidas,In-Store Regular,Clearance Countdown,307876.15,118,2609.12,532.69,4993.56
Adidas,In-Store Regular,Countdown to Savings,311450.71,118,2639.41,501.16,4996.97
Adidas,In-Store Regular,Customer Appreciation Week,351075.89,137,2562.60,527.58,4973.71
Adidas,In-Store Regular,Cyber Monday Mania,379196.27,132,2872.70,519.85,4960.73
Adidas,In-Store Regular,Deal of the Month,297279.36,110,2702.54,534.06,4974.63
Adidas,In-Store Regular,Double Points Bonanza,296246.18,112,2645.06,503.76,4977.08
Adidas,In-Store Regular,Early Bird Specials,361588.74,138,2620.21,534.11,4998.17
Adidas,In-Store Regular,End of Season Sale,387073.70,134,2888.61,507.77,4997.48
Adidas,In-Store Regular,Exclusive Insider Offers,353424.74,122,2896.92,532.79,4990.23
Adidas,In-Store Regular,Festive Fever Promo,350763.48,128,2740.34,518.22,4988.63
Adidas,In-Store Regular,Final Call Frenzy,359142.36,132,2720.78,568.63,4999.33
Adidas,In-Store Regular,Flash Frenzy Friday,402685.38,145,2777.14,528.03,4989.45
Adidas,In-Store Regular,"Gift More, Spend Less",365650.64,128,2856.65,535.98,4986.37
Adidas,In-Store Regular,Golden Hour Bargains,346468.59,125,2771.75,531.04,4999.76
Adidas,In-Store Regular,Green Weekend Deals,336467.92,123,2735.51,565.23,4963.36
Adidas,In-Store Regular,Happy Hour Discounts,392238.98,135,2905.47,525.65,4969.85
Adidas,In-Store Regular,Holiday Shopping Rush,336077.19,124,2710.30,520.18,4903.73
Adidas,In-Store Regular,Hot Picks Promo,417935.58,145,2882.31,523.21,4989.96
Adidas,In-Store Regular,Instant Gratification Sale,416884.11,132,3158.21,574.82,4976.89
Adidas,In-Store Regular,Limited Time Treasures,328854.71,121,2717.81,528.37,4891.99
Adidas,In-Store Regular,Loyalty Rewards Blast,297052.91,122,2434.86,507.26,4950.64
Adidas,In-Store Regular,Mega Weekend Bonanza,388500.15,133,2921.05,537.88,4966.53
Adidas,In-Store Regular,Mid-Year Madness,344333.79,136,2531.87,550.59,4989.23
Adidas,In-Store Regular,Midnight Madness,385536.51,137,2814.14,500.45,4948.81
Adidas,In-Store Regular,Mystery Discount Days,382136.08,140,2729.54,506.53,4954.34
Adidas,In-Store Regular,New Arrival Showcase,403950.56,138,2927.18,513.56,4951.47
Adidas,In-Store Regular,New Product Launch Promo,360906.04,135,2673.38,552.27,4984.56
Adidas,In-Store Regular,New Year Kickoff,357104.07,126,2834.16,502.81,4948.61
Adidas,In-Store Regular,Price Drop Parade,316163.56,115,2749.25,554.85,4911.61
Adidas,In-Store Regular,Red Tag Clearance,387616.54,142,2729.69,506.04,4962.42
Adidas,In-Store Regular,Seasonal Surprise Box,279600.28,110,2541.82,539.50,4968.37
Adidas,In-Store Regular,Shop & Save Spectacular,302276.98,120,2518.97,519.63,4969.48
Adidas,In-Store Regular,Smart Shopper Week,398957.81,141,2829.49,555.25,4908.48
Adidas,In-Store Regular,Spring Refresh Event,414493.66,147,2819.68,508.56,4943.76
Adidas,In-Store Regular,Spring Splash Discounts,313548.62,116,2703.01,601.29,4998.18
Adidas,In-Store Regular,Summer Sizzle Promo,306973.09,111,2765.52,583.29,4935.81
Adidas,In-Store Regular,Super Savings Week,359201.62,134,2680.61,692.13,4933.06
Adidas,In-Store Regular,Ultimate Value Event,279197.40,97,2878.32,502.50,4998.24
Adidas,In-Store Regular,VIP Access Sale,360345.14,128,2815.20,520.45,4987.83
Adidas,In-Store Regular,Weekend Warrior Specials,391902.39,143,2740.58,502.44,4964.14
Adidas,In-Store Regular,Winter Clearance Carnival,444938.50,154,2889.21,601.12,4992.09
Adidas,In-Store Regular,Winter Wonders Sale,343524.06,122,2815.77,520.80,4953.75
Adidas,Loyal Customer,12 Days of Deals,324003.93,119,2722.72,504.41,4974.07
Adidas,Loyal Customer,Autumn Deals Drive,428499.77,147,2914.96,566.54,4981.04
Adidas,Loyal Customer,BOGO Blitz,380485.02,133,2860.79,535.82,4998.71
Adidas,Loyal Customer,Back to School Boost,420349.74,150,2802.33,692.30,4996.96
Adidas,Loyal Customer,Birthday Bash Sale,399527.72,144,2774.50,500.58,4998.00
Adidas,Loyal Customer,Black Friday Blowout,358877.25,128,2803.73,557.08,4961.89
Adidas,Loyal Customer,Cart Crasher Campaign,369526.33,132,2799.44,555.02,4994.25
Adidas,Loyal Customer,Cashback Carnival,362507.23,132,2746.27,532.95,4982.89
Adidas,Loyal Customer,Clearance Countdown,401237.43,156,2572.03,531.33,4986.35
Adidas,Loyal Customer,Countdown to Savings,371086.19,136,2728.57,510.44,4973.90
Adidas,Loyal Customer,Customer Appreciation Week,345416.56,129,2677.65,503.78,4947.58
Adidas,Loyal Customer,Cyber Monday Mania,372590.95,140,2661.36,517.23,4952.82
Adidas,Loyal Customer,Deal of the Month,401388.97,147,2730.54,545.36,4872.78
Adidas,Loyal Customer,Double Points Bonanza,358115.49,121,2959.63,506.41,4979.79
Adidas,Loyal Customer,Early Bird Specials,361224.97,129,2800.19,630.48,4927.36
Adidas,Loyal Customer,End of Season Sale,320371.02,119,2692.19,558.29,4987.68
Adidas,Loyal Customer,Exclusive Insider Offers,381193.13,139,2742.40,503.34,4927.19
Adidas,Loyal Customer,Festive Fever Promo,372976.23,138,2702.73,513.73,4991.54
Adidas,Loyal Customer,Final Call Frenzy,361727.34,137,2640.35,514.83,4936.83
Adidas,Loyal Customer,Flash Frenzy Friday,339681.49,130,2612.93,533.79,4995.53
Adidas,Loyal Customer,"Gift More, Spend Less",388115.83,141,2752.59,519.95,4972.49
Adidas,Loyal Customer,Golden Hour Bargains,332053.35,124,2677.85,536.94,4987.94
Adidas,Loyal Customer,Green Weekend Deals,364943.30,137,2663.82,512.50,4954.03
Adidas,Loyal Customer,Happy Hour Discounts,357003.70,122,2926.26,578.94,4971.52
Adidas,Loyal Customer,Holiday Shopping Rush,322093.74,121,2661.93,507.47,4971.68
Adidas,Loyal Customer,Hot Picks Promo,355621.30,121,2939.02,579.54,4964.66
Adidas,Loyal Customer,Instant Gratification Sale,453175.49,153,2961.93,591.91,4987.32
Adidas,Loyal Customer,Limited Time Treasures,329127.41,123,2675.83,551.98,4991.05
Adidas,Loyal Customer,Loyalty Rewards Blast,349043.19,125,2792.35,503.40,4977.69
Adidas,Loyal Customer,Mega Weekend Bonanza,338950.67,131,2587.41,538.40,4951.30
Adidas,Loyal Customer,Mid-Year Madness,347105.26,131,2649.66,561.26,4991.43
Adidas,Loyal Customer,Midnight Madness,400712.01,145,2763.53,518.95,4986.14
Adidas,Loyal Customer,Mystery Discount Days,368932.18,133,2773.93,725.32,4983.78
Adidas,Loyal Customer,New Arrival Showcase,356030.14,132,2697.20,572.30,4955.51
Adidas,Loyal Customer,New Product Launch Promo,352917.49,119,2965.69,520.95,4979.77
Adidas,Loyal Customer,New Year Kickoff,345848.88,126,2744.83,554.80,4963.23
Adidas,Loyal Customer,Price Drop Parade,423085.25,142,2979.47,507.14,4918.74
Adidas,Loyal Customer,Red Tag Clearance,396328.14,136,2914.18,514.99,4968.23
Adidas,Loyal Customer,Seasonal Surprise Box,392730.55,144,2727.30,559.89,4964.98
Adidas,Loyal Customer,Shop & Save Spectacular,443673.17,149,2977.67,503.19,4992.80
Adidas,Loyal Customer,Smart Shopper Week,353439.77,133,2657.44,521.59,4977.56
Adidas,Loyal Customer,Spring Refresh Event,401955.96,141,2850.75,565.27,4995.47
Adidas,Loyal Customer,Spring Splash Discounts,361838.47,133,2720.59,560.52,4880.35
Adidas,Loyal Customer,Summer Sizzle Promo,440886.10,157,2808.19,501.65,4984.71
Adidas,Loyal Customer,Super Savings Week,403592.32,145,2783.40,514.08,4992.84
Adidas,Loyal Customer,Ultimate Value Event,355705.12,139,2559.03,501.61,4983.26
Adidas,Loyal Customer,VIP Access Sale,401779.85,142,2829.44,540.60,4991.78
Adidas,Loyal Customer,Weekend Warrior Specials,390380.29,148,2637.70,540.40,4998.83
Adidas,Loyal Customer,Winter Clearance Carnival,363797.46,126,2887.28,510.29,4953.01
Adidas,Loyal Customer,Winter Wonders Sale,282501.34,117,2414.54,504.80,4889.71
Adidas,Occasional Shopper,12 Days of Deals,374111.88,126,2969.14,539.04,4968.66
Adidas,Occasional Shopper,Autumn Deals Drive,388123.50,140,2772.31,500.33,4969.14
Adidas,Occasional Shopper,BOGO Blitz,348907.29,126,2769.11,510.81,4969.52
Adidas,Occasional Shopper,Back to School Boost,397560.36,147,2704.49,501.52,4961.94
Adidas,Occasional Shopper,Birthday Bash Sale,386354.59,133,2904.92,532.26,4947.52
Adidas,Occasional Shopper,Black Friday Blowout,403194.67,147,2742.82,573.60,4994.34
Adidas,Occasional Shopper,Cart Crasher Campaign,390310.96,140,2787.94,520.56,4923.30
Adidas,Occasional Shopper,Cashback Carnival,410105.23,147,2789.83,529.52,4961.14
Adidas,Occasional Shopper,Clearance Countdown,405525.03,139,2917.45,503.83,4952.99
Adidas,Occasional Shopper,Countdown to Savings,388817.21,144,2700.12,502.59,4992.78
Adidas,Occasional Shopper,Customer Appreciation Week,407335.12,145,2809.21,546.36,4994.47
Adidas,Occasional Shopper,Cyber Monday Mania,424022.16,145,2924.29,512.33,4999.05
Adidas,Occasional Shopper,Deal of the Month,267076.68,109,2450.24,529.02,4869.70
Adidas,Occasional Shopper,Double Points Bonanza,359670.39,129,2788.14,575.94,4986.54
Adidas,Occasional Shopper,Early Bird Specials,412346.87,151,2730.77,505.00,4994.73
Adidas,Occasional Shopper,End of Season Sale,419239.91,146,2871.51,552.42,4980.34
Adidas,Occasional Shopper,Exclusive Insider Offers,380089.27,132,2879.46,511.16,4991.28
Adidas,Occasional Shopper,Festive Fever Promo,338352.56,118,2867.39,548.90,4918.47
Adidas,Occasional Shopper,Final Call Frenzy,368993.13,137,2693.38,532.09,4995.70
Adidas,Occasional Shopper,Flash Frenzy Friday,354345.44,135,2624.78,521.17,4911.20
Adidas,Occasional Shopper,"Gift More, Spend Less",346050.12,126,2746.43,532.59,4994.22
Adidas,Occasional Shopper,Golden Hour Bargains,367139.30,137,2679.85,539.51,4972.07
Adidas,Occasional Shopper,Green Weekend Deals,335934.70,119,2822.98,560.33,4996.09
Adidas,Occasional Shopper,Happy Hour Discounts,375307.84,132,2843.24,502.86,4965.94
Adidas,Occasional Shopper,Holiday Shopping Rush,366534.02,134,2735.33,524.61,4988.67
Adidas,Occasional Shopper,Hot Picks Promo,341508.10,129,2647.35,540.99,4964.05
Adidas,Occasional Shopper,Instant Gratification Sale,347100.92,120,2892.51,517.51,4953.65
Adidas,Occasional Shopper,Limited Time Treasures,366120.39,129,2838.14,512.09,4979.59
Adidas,Occasional Shopper,Loyalty Rewards Blast,406563.55,138,2946.11,513.69,4989.94
Adidas,Occasional Shopper,Mega Weekend Bonanza,415080.66,153,2712.95,575.14,4981.52
Adidas,Occasional Shopper,Mid-Year Madness,327302.79,124,2639.54,502.00,4896.51
Adidas,Occasional Shopper,Midnight Madness,390311.19,136,2869.94,504.20,4935.43
Adidas,Occasional Shopper,Mystery Discount Days,323746.08,117,2767.06,571.58,4940.60
Adidas,Occasional Shopper,New Arrival Showcase,343315.76,128,2682.15,525.22,4955.32
Adidas,Occasional Shopper,New Product Launch Promo,370445.45,137,2703.98,526.80,4979.03
Adidas,Occasional Shopper,New Year Kickoff,392755.95,143,2746.55,557.45,4991.46
Adidas,Occasional Shopper,Price Drop Parade,347025.57,133,2609.21,506.80,4936.53
Adidas,Occasional Shopper,Red Tag Clearance,404227.49,140,2887.34,582.74,4995.28
Adidas,Occasional Shopper,Seasonal Surprise Box,355507.25,124,2866.99,501.08,4990.98
Adidas,Occasional Shopper,Shop & Save Spectacular,373907.68,130,2876.21,507.72,4963.93
Adidas,Occasional Shopper,Smart Shopper Week,385770.31,140,2755.50,536.78,4967.21
Adidas,Occasional Shopper,Spring Refresh Event,388398.31,144,2697.21,506.81,4973.07
Adidas,Occasional Shopper,Spring Splash Discounts,356947.80,129,2767.04,527.34,4993.32
Adidas,Occasional Shopper,Summer Sizzle Promo,422154.54,141,2994.00,533.53,4973.85
Adidas,Occasional Shopper,Super Savings Week,327855.91,111,2953.66,501.26,4998.86
Adidas,Occasional Shopper,Ultimate Value Event,392721.89,146,2689.88,502.59,4983.22
Adidas,Occasional Shopper,VIP Access Sale,394913.68,151,2615.32,506.71,4970.86
Adidas,Occasional Shopper,Weekend Warrior Specials,364061.32,130,2800.47,501.72,4971.28
Adidas,Occasional Shopper,Winter Clearance Carnival,356264.30,134,2658.69,526.27,4988.66
Adidas,Occasional Shopper,Winter Wonders Sale,375622.13,131,2867.34,645.02,4993.56
Adidas,Online Shopper,12 Days of Deals,389364.55,133,2927.55,660.25,4977.02
Adidas,Online Shopper,Autumn Deals Drive,354229.51,137,2585.62,502.62,4982.21
Adidas,Online Shopper,BOGO Blitz,343107.84,138,2486.29,509.05,4990.14
Adidas,Online Shopper,Back to School Boost,356247.67,127,2805.10,637.79,4994.39
Adidas,Online Shopper,Birthday Bash Sale,314330.91,119,2641.44,516.00,4933.99
Adidas,Online Shopper,Black Friday Blowout,359374.48,133,2702.06,562.65,4944.99
Adidas,Online Shopper,Cart Crasher Campaign,402330.24,141,2853.41,522.03,4983.68
Adidas,Online Shopper,Cashback Carnival,359044.36,127,2827.12,531.51,4949.97
Adidas,Online Shopper,Clearance Countdown,334766.14,131,2555.47,566.49,4993.50
Adidas,Online Shopper,Countdown to Savings,357737.11,129,2773.16,502.26,4989.47
Adidas,Online Shopper,Customer Appreciation Week,383294.53,124,3091.08,528.34,4977.50
Adidas,Online Shopper,Cyber Monday Mania,383167.58,134,2859.46,606.41,4989.43
Adidas,Online Shopper,Deal of the Month,341504.23,127,2689.01,524.61,4999.41
Adidas,Online Shopper,Double Points Bonanza,364823.43,134,2722.56,528.47,4984.67
Adidas,Online Shopper,Early Bird Specials,360414.44,139,2592.91,541.82,4988.51
Adidas,Online Shopper,End of Season Sale,361383.27,129,2801.42,557.84,4990.21
Adidas,Online Shopper,Exclusive Insider Offers,384655.83,138,2787.36,516.58,4975.61
Adidas,Online Shopper,Festive Fever Promo,368047.22,135,2726.28,520.59,4984.89
Adidas,Online Shopper,Final Call Frenzy,321766.51,120,2681.39,519.45,4966.19
Adidas,Online Shopper,Flash Frenzy Friday,378579.22,145,2610.89,595.12,4976.92
Adidas,Online Shopper,"Gift More, Spend Less",364793.48,131,2784.68,547.61,4977.21
Adidas,Online Shopper,Golden Hour Bargains,370958.79,138,2688.11,534.86,4935.36
Adidas,Online Shopper,Green Weekend Deals,334026.71,118,2830.73,513.09,4990.27
Adidas,Online Shopper,Happy Hour Discounts,308495.17,118,2614.37,542.00,4916.45
Adidas,Online Shopper,Holiday Shopping Rush,351184.05,128,2743.63,551.56,4963.18
Adidas,Online Shopper,Hot Picks Promo,365284.70,136,2685.92,526.98,4987.14
Adidas,Online Shopper,Instant Gratification Sale,327263.08,121,2704.65,500.89,4973.67
Adidas,Online Shopper,Limited Time Treasures,358583.10,133,2696.11,558.62,4927.28
Adidas,Online Shopper,Loyalty Rewards Blast,341195.71,124,2751.58,509.05,4976.27
Adidas,Online Shopper,Mega Weekend Bonanza,352287.75,128,2752.25,508.93,4951.61
Adidas,Online Shopper,Mid-Year Madness,386665.15,147,2630.38,541.49,4981.55
Adidas,Online Shopper,Midnight Madness,354750.95,129,2750.01,500.23,4937.53
Adidas,Online Shopper,Mystery Discount Days,336321.00,124,2712.27,529.02,4950.82
Adidas,Online Shopper,New Arrival Showcase,387228.73,133,2911.49,529.94,4997.59
Adidas,Online Shopper,New Product Launch Promo,337250.37,121,2787.19,519.44,4919.44
Adidas,Online Shopper,New Year Kickoff,303687.31,110,2760.79,503.72,4984.10
Adidas,Online Shopper,Price Drop Parade,417629.83,152,2747.56,559.26,4974.39
Adidas,Online Shopper,Red Tag Clearance,452524.75,157,2882.32,504.13,4966.78
Adidas,Online Shopper,Seasonal Surprise Box,401511.54,151,2659.02,500.11,4976.23
Adidas,Online Shopper,Shop & Save Spectacular,340376.58,127,2680.13,557.74,4973.44
Adidas,Online Shopper,Smart Shopper Week,325585.24,121,2690.79,528.74,4991.97
Adidas,Online Shopper,Spring Refresh Event,378338.60,133,2844.65,533.04,4985.02
Adidas,Online Shopper,Spring Splash Discounts,321154.39,122,2632.41,534.24,4990.37
Adidas,Online Shopper,Summer Sizzle Promo,382690.28,146,2621.17,506.00,4958.89
Adidas,Online Shopper,Super Savings Week,348873.53,133,2623.11,528.38,4856.00
Adidas,Online Shopper,Ultimate Value Event,391963.20,141,2779.88,607.38,4991.47
Adidas,Online Shopper,VIP Access Sale,319463.36,121,2640.19,510.81,4978.47
Adidas,Online Shopper,Weekend Warrior Specials,390581.49,140,2789.87,528.63,4992.44
Adidas,Online Shopper,Winter Clearance Carnival,361248.97,127,2844.48,535.08,4932.29
Adidas,Online Shopper,Winter Wonders Sale,332405.59,125,2659.24,614.79,4975.48
Adidas,Premium Shopper,12 Days of Deals,298563.45,120,2488.03,524.97,4987.39
Adidas,Premium Shopper,Autumn Deals Drive,401011.38,142,2824.02,558.07,4996.22
Adidas,Premium Shopper,BOGO Blitz,373823.24,138,2708.86,570.27,4993.50
Adidas,Premium Shopper,Back to School Boost,395397.71,142,2784.49,532.74,4964.49
Adidas,Premium Shopper,Birthday Bash Sale,324106.92,114,2843.04,517.04,4974.29
Adidas,Premium Shopper,Black Friday Blowout,361609.39,142,2546.54,546.08,4967.45
Adidas,Premium Shopper,Cart Crasher Campaign,372467.46,125,2979.74,525.18,4967.90
Adidas,Premium Shopper,Cashback Carnival,369369.65,137,2696.13,502.29,4924.41
Adidas,Premium Shopper,Clearance Countdown,356478.66,129,2763.40,516.16,4904.11
Adidas,Premium Shopper,Countdown to Savings,387941.12,140,2771.01,510.74,4976.20
Adidas,Premium Shopper,Customer Appreciation Week,415102.90,142,2923.26,543.16,4980.59
Adidas,Premium Shopper,Cyber Monday Mania,278659.84,109,2556.51,516.35,4917.69
Adidas,Premium Shopper,Deal of the Month,366840.20,136,2697.35,559.31,4980.89
Adidas,Premium Shopper,Double Points Bonanza,390886.47,136,2874.17,524.38,4995.71
Adidas,Premium Shopper,Early Bird Specials,315265.37,110,2866.05,556.33,4961.87
Adidas,Premium Shopper,End of Season Sale,262244.72,104,2521.58,553.90,4978.41
Adidas,Premium Shopper,Exclusive Insider Offers,398584.00,138,2888.29,526.99,4889.16
Adidas,Premium Shopper,Festive Fever Promo,374876.47,133,2818.62,553.01,4982.38
Adidas,Premium Shopper,Final Call Frenzy,355035.61,129,2752.21,550.77,4986.38
Adidas,Premium Shopper,Flash Frenzy Friday,316209.00,120,2635.07,509.03,4926.08
Adidas,Premium Shopper,"Gift More, Spend Less",348945.95,126,2769.41,533.89,4993.87
Adidas,Premium Shopper,Golden Hour Bargains,391934.96,141,2779.68,506.24,4967.36
Adidas,Premium Shopper,Green Weekend Deals,303451.37,116,2615.96,518.83,4999.76
Adidas,Premium Shopper,Happy Hour Discounts,344698.49,122,2825.40,575.25,4987.84
Adidas,Premium Shopper,Holiday Shopping Rush,317370.37,114,2783.95,531.41,4952.54
Adidas,Premium Shopper,Hot Picks Promo,398539.08,141,2826.52,523.47,4938.72
Adidas,Premium Shopper,Instant Gratification Sale,382501.85,142,2693.68,515.12,4977.77
Adidas,Premium Shopper,Limited Time Treasures,335489.97,121,2772.64,509.09,4981.23
Adidas,Premium Shopper,Loyalty Rewards Blast,352272.22,131,2689.10,530.81,4971.34
Adidas,Premium Shopper,Mega Weekend Bonanza,379719.17,139,2731.79,562.35,4980.15
Adidas,Premium Shopper,Mid-Year Madness,424181.93,152,2790.67,502.53,4886.37
Adidas,Premium Shopper,Midnight Madness,318197.17,114,2791.20,520.72,4819.00
Adidas,Premium Shopper,Mystery Discount Days,372117.73,138,2696.51,507.22,4998.07
Adidas,Premium Shopper,New Arrival Showcase,322029.01,128,2515.85,513.68,4941.54
Adidas,Premium Shopper,New Product Launch Promo,361336.13,131,2758.29,500.83,4984.79
Adidas,Premium Shopper,New Year Kickoff,324645.53,122,2661.03,506.98,4967.83
Adidas,Premium Shopper,Price Drop Parade,343645.23,128,2684.73,508.98,4989.39
Adidas,Premium Shopper,Red Tag Clearance,322740.08,121,2667.27,521.17,4855.69
Adidas,Premium Shopper,Seasonal Surprise Box,358274.87,135,2653.89,562.24,4980.91
Adidas,Premium Shopper,Shop & Save Spectacular,357361.70,142,2516.63,532.33,4900.10
Adidas,Premium Shopper,Smart Shopper Week,332625.99,129,2578.50,507.17,4925.47
Adidas,Premium Shopper,Spring Refresh Event,392014.35,139,2820.25,515.97,4985.65
Adidas,Premium Shopper,Spring Splash Discounts,405827.18,142,2857.94,531.91,4972.98
Adidas,Premium Shopper,Summer Sizzle Promo,401777.31,137,2932.68,590.03,4974.59
Adidas,Premium Shopper,Super Savings Week,362283.57,138,2625.24,509.31,4973.62
Adidas,Premium Shopper,Ultimate Value Event,401999.65,139,2892.08,576.32,4909.30
Adidas,Premium Shopper,VIP Access Sale,356550.38,124,2875.41,576.24,4992.01
Adidas,Premium Shopper,Weekend Warrior Specials,370616.69,130,2850.90,505.42,4970.87
Adidas,Premium Shopper,Winter Clearance Carnival,287410.19,115,2499.22,517.38,4948.29
Adidas,Premium Shopper,Winter Wonders Sale,342607.29,135,2537.83,513.20,4973.78
Amul,Budget Shopper,12 Days of Deals,223048.88,76,2934.85,631.55,4960.82
Amul,Budget Shopper,Autumn Deals Drive,126072.41,51,2472.01,533.92,4798.56
Amul,Budget Shopper,BOGO Blitz,216212.38,77,2807.95,553.52,4961.20
Amul,Budget Shopper,Back to School Boost,180311.73,62,2908.25,762.16,4885.90
Amul,Budget Shopper,Birthday Bash Sale,177875.74,63,2823.42,504.89,4852.84
Amul,Budget Shopper,Black Friday Blowout,184323.07,68,2710.63,861.14,4987.21
Amul,Budget Shopper,Cart Crasher Campaign,213823.44,74,2889.51,511.33,4979.93
Amul,Budget Shopper,Cashback Carnival,186540.00,65,2869.85,657.79,4866.78
Amul,Budget Shopper,Clearance Countdown,159943.06,62,2579.73,566.62,4979.67
Amul,Budget Shopper,Countdown to Savings,187430.65,69,2716.39,525.99,4932.56
Amul,Budget Shopper,Customer Appreciation Week,155747.29,58,2685.30,528.88,4968.10
Amul,Budget Shopper,Cyber Monday Mania,217379.47,71,3061.68,505.34,4988.32
Amul,Budget Shopper,Deal of the Month,174542.04,63,2770.51,531.31,4966.41
Amul,Budget Shopper,Double Points Bonanza,179999.56,67,2686.56,638.38,4884.35
Amul,Budget Shopper,Early Bird Specials,217632.74,81,2686.82,529.28,4998.19
Amul,Budget Shopper,End of Season Sale,162174.42,59,2748.72,526.69,4918.94
Amul,Budget Shopper,Exclusive Insider Offers,154895.12,61,2539.26,543.32,4976.87
Amul,Budget Shopper,Festive Fever Promo,145429.09,59,2464.90,573.70,4655.08
Amul,Budget Shopper,Final Call Frenzy,194922.25,76,2564.77,509.79,4840.11
Amul,Budget Shopper,Flash Frenzy Friday,210564.06,71,2965.69,553.89,4886.32
Amul,Budget Shopper,"Gift More, Spend Less",161112.66,61,2641.19,612.91,4735.40
Amul,Budget Shopper,Golden Hour Bargains,146574.87,58,2527.15,642.55,4982.52
Amul,Budget Shopper,Green Weekend Deals,193486.77,70,2764.10,567.95,4987.34
Amul,Budget Shopper,Happy Hour Discounts,201954.02,68,2969.91,532.80,4965.16
Amul,Budget Shopper,Holiday Shopping Rush,191190.48,70,2731.29,504.65,4951.91
Amul,Budget Shopper,Hot Picks Promo,170900.90,65,2629.24,601.74,4991.62
Amul,Budget Shopper,Instant Gratification Sale,181163.96,67,2703.94,535.57,4913.98
Amul,Budget Shopper,Limited Time Treasures,181409.16,65,2790.91,693.26,4868.59
Amul,Budget Shopper,Loyalty Rewards Blast,227167.86,80,2839.60,546.14,4995.73
Amul,Budget Shopper,Mega Weekend Bonanza,199321.35,77,2588.59,510.23,4900.36
Amul,Budget Shopper,Mid-Year Madness,196702.82,70,2810.04,618.23,4964.05
Amul,Budget Shopper,Midnight Madness,169512.25,62,2734.07,602.21,4913.23
Amul,Budget Shopper,Mystery Discount Days,160504.21,58,2767.31,519.06,4954.08
Amul,Budget Shopper,New Arrival Showcase,198418.17,68,2917.91,640.22,4983.53
Amul,Budget Shopper,New Product Launch Promo,198495.11,73,2719.11,606.36,4994.33
Amul,Budget Shopper,New Year Kickoff,193231.52,76,2542.52,515.94,4807.98
Amul,Budget Shopper,Price Drop Parade,138858.62,49,2833.85,591.96,4961.06
Amul,Budget Shopper,Red Tag Clearance,154245.40,55,2804.46,624.66,4796.24
Amul,Budget Shopper,Seasonal Surprise Box,196416.91,67,2931.60,628.48,4954.90
Amul,Budget Shopper,Shop & Save Spectacular,255749.15,88,2906.24,516.27,4905.37
Amul,Budget Shopper,Smart Shopper Week,197340.72,67,2945.38,776.15,4972.33
Amul,Budget Shopper,Spring Refresh Event,225646.70,77,2930.48,512.88,4962.44
Amul,Budget Shopper,Spring Splash Discounts,200811.20,72,2789.04,583.95,4973.26
Amul,Budget Shopper,Summer Sizzle Promo,185299.06,67,2765.66,506.66,4744.84
Amul,Budget Shopper,Super Savings Week,176373.35,63,2799.58,566.72,4993.57
Amul,Budget Shopper,Ultimate Value Event,206076.80,67,3075.77,531.00,4993.94
Amul,Budget Shopper,VIP Access Sale,144323.61,55,2624.07,598.97,4907.47
Amul,Budget Shopper,Weekend Warrior Specials,171719.30,63,2725.70,528.50,4944.06
Amul,Budget Shopper,Winter Clearance Carnival,200501.59,73,2746.60,534.85,4845.17
Amul,Budget Shopper,Winter Wonders Sale,185192.25,66,2805.94,574.61,4975.59
Amul,Churn Risk,12 Days of Deals,181762.19,71,2560.03,507.40,4946.63
Amul,Churn Risk,Autumn Deals Drive,182195.09,62,2938.63,519.35,4991.33
Amul,Churn Risk,BOGO Blitz,149709.67,57,2626.49,508.02,4969.93
Amul,Churn Risk,Back to School Boost,172156.43,70,2459.38,510.22,4815.53
Amul,Churn Risk,Birthday Bash Sale,182007.57,66,2757.69,550.06,4908.95
Amul,Churn Risk,Black Friday Blowout,168721.34,61,2765.92,615.63,4906.99
Amul,Churn Risk,Cart Crasher Campaign,173094.72,64,2704.60,511.89,4946.11
Amul,Churn Risk,Cashback Carnival,216751.84,81,2675.95,618.55,4950.63
Amul,Churn Risk,Clearance Countdown,172621.79,63,2740.03,531.76,4996.54
Amul,Churn Risk,Countdown to Savings,188661.94,63,2994.63,566.34,4952.48
Amul,Churn Risk,Customer Appreciation Week,165362.54,59,2802.75,523.23,4922.35
Amul,Churn Risk,Cyber Monday Mania,174472.02,69,2528.58,587.52,4973.84
Amul,Churn Risk,Deal of the Month,157143.87,65,2417.60,507.71,4993.47
Amul,Churn Risk,Double Points Bonanza,171636.53,62,2768.33,631.85,4967.11
Amul,Churn Risk,Early Bird Specials,204524.66,70,2921.78,531.55,4945.47
Amul,Churn Risk,End of Season Sale,193787.44,69,2808.51,527.75,4987.09
Amul,Churn Risk,Exclusive Insider Offers,224479.05,78,2877.94,524.48,4995.02
Amul,Churn Risk,Festive Fever Promo,181120.11,66,2744.24,502.30,4944.51
Amul,Churn Risk,Final Call Frenzy,193721.21,70,2767.45,542.36,4981.71
Amul,Churn Risk,Flash Frenzy Friday,171655.18,56,3065.27,653.97,4861.39
Amul,Churn Risk,"Gift More, Spend Less",172543.33,70,2464.90,509.81,4921.22
Amul,Churn Risk,Golden Hour Bargains,181900.08,67,2714.93,554.28,4987.95
Amul,Churn Risk,Green Weekend Deals,157094.20,60,2618.24,516.92,4989.76
Amul,Churn Risk,Happy Hour Discounts,209227.07,80,2615.34,594.55,4994.07
Amul,Churn Risk,Holiday Shopping Rush,208126.69,70,2973.24,609.74,4959.22
Amul,Churn Risk,Hot Picks Promo,186478.05,65,2868.89,522.20,4909.20
Amul,Churn Risk,Instant Gratification Sale,181218.79,66,2745.74,526.86,4993.73
Amul,Churn Risk,Limited Time Treasures,211321.99,70,3018.89,544.66,4986.97
Amul,Churn Risk,Loyalty Rewards Blast,215587.72,80,2694.85,586.94,4946.28
Amul,Churn Risk,Mega Weekend Bonanza,159897.59,58,2756.85,753.47,4972.51
Amul,Churn Risk,Mid-Year Madness,195417.99,74,2640.78,523.14,4785.71
Amul,Churn Risk,Midnight Madness,181434.18,67,2707.97,514.61,4967.50
Amul,Churn Risk,Mystery Discount Days,167041.12,62,2694.21,523.06,4986.29
Amul,Churn Risk,New Arrival Showcase,176700.08,60,2945.00,510.88,4968.93
Amul,Churn Risk,New Product Launch Promo,206460.61,79,2613.43,628.22,4986.22
Amul,Churn Risk,New Year Kickoff,93677.01,40,2341.93,561.24,4951.60
Amul,Churn Risk,Price Drop Parade,181874.63,69,2635.86,515.06,4870.22
Amul,Churn Risk,Red Tag Clearance,196831.71,70,2811.88,544.26,4910.97
Amul,Churn Risk,Seasonal Surprise Box,168064.32,67,2508.42,529.72,4951.49
Amul,Churn Risk,Shop & Save Spectacular,177463.96,60,2957.73,626.48,4988.86
Amul,Churn Risk,Smart Shopper Week,162312.17,59,2751.05,617.94,4821.10
Amul,Churn Risk,Spring Refresh Event,226420.02,83,2727.95,657.16,4971.67
Amul,Churn Risk,Spring Splash Discounts,188551.75,66,2856.84,531.96,4952.07
Amul,Churn Risk,Summer Sizzle Promo,160428.06,62,2587.55,557.94,4947.43
Amul,Churn Risk,Super Savings Week,254339.53,91,2794.94,565.86,4961.59
Amul,Churn Risk,Ultimate Value Event,175713.10,65,2703.28,547.97,4913.37
Amul,Churn Risk,VIP Access Sale,182900.59,71,2576.06,506.56,4944.73
Amul,Churn Risk,Weekend Warrior Specials,162203.67,60,2703.39,630.59,4833.07
Amul,Churn Risk,Winter Clearance Carnival,182895.53,70,2612.79,504.18,4964.39
Amul,Churn Risk,Winter Wonders Sale,170033.93,61,2787.44,606.59,4951.87
Amul,Deal Seeker,12 Days of Deals,160087.84,61,2624.39,601.16,4998.30
Amul,Deal Seeker,Autumn Deals Drive,172702.07,65,2656.95,515.60,4988.50
Amul,Deal Seeker,BOGO Blitz,166569.47,60,2776.16,540.75,4976.91
Amul,Deal Seeker,Back to School Boost,171034.88,63,2714.84,515.54,4875.27
Amul,Deal Seeker,Birthday Bash Sale,143620.08,59,2434.24,568.57,4991.73
Amul,Deal Seeker,Black Friday Blowout,196391.39,67,2931.21,575.51,4918.18
Amul,Deal Seeker,Cart Crasher Campaign,152158.02,54,2817.74,581.61,4925.35
Amul,Deal Seeker,Cashback Carnival,147959.87,54,2740.00,569.38,4960.13
Amul,Deal Seeker,Clearance Countdown,251784.68,88,2861.19,521.65,4954.44
Amul,Deal Seeker,Countdown to Savings,178172.18,64,2783.94,514.73,4978.89
Amul,Deal Seeker,Customer Appreciation Week,197550.99,69,2863.06,514.47,4954.81
Amul,Deal Seeker,Cyber Monday Mania,210211.50,73,2879.61,669.83,4966.25
Amul,Deal Seeker,Deal of the Month,158386.11,58,2730.79,515.87,4994.21
Amul,Deal Seeker,Double Points Bonanza,185952.33,69,2694.96,501.88,4978.48
Amul,Deal Seeker,Early Bird Specials,144665.35,50,2893.31,536.86,4841.48
Amul,Deal Seeker,End of Season Sale,203601.82,74,2751.38,578.59,4773.75
Amul,Deal Seeker,Exclusive Insider Offers,159813.75,57,2803.75,540.66,4918.01
Amul,Deal Seeker,Festive Fever Promo,177554.01,70,2536.49,520.21,4980.61
Amul,Deal Seeker,Final Call Frenzy,179686.01,68,2642.44,563.87,4950.03
Amul,Deal Seeker,Flash Frenzy Friday,179525.15,70,2564.65,501.88,4944.63
Amul,Deal Seeker,"Gift More, Spend Less",197026.52,73,2698.99,565.47,4948.57
Amul,Deal Seeker,Golden Hour Bargains,209893.80,73,2875.26,506.22,4982.02
Amul,Deal Seeker,Green Weekend Deals,184376.23,64,2880.88,562.47,4904.03
Amul,Deal Seeker,Happy Hour Discounts,165992.90,63,2634.81,507.68,4995.48
Amul,Deal Seeker,Holiday Shopping Rush,192776.04,66,2920.85,519.79,4955.59
Amul,Deal Seeker,Hot Picks Promo,187779.27,65,2888.91,628.28,4957.21
Amul,Deal Seeker,Instant Gratification Sale,175591.82,66,2660.48,510.79,4990.30
Amul,Deal Seeker,Limited Time Treasures,197874.79,69,2867.75,533.33,4924.07
Amul,Deal Seeker,Loyalty Rewards Blast,186360.47,65,2867.08,549.70,4990.89
Amul,Deal Seeker,Mega Weekend Bonanza,183589.88,67,2740.15,533.53,4943.66
Amul,Deal Seeker,Mid-Year Madness,221160.89,82,2697.08,604.17,4966.74
Amul,Deal Seeker,Midnight Madness,233727.79,81,2885.53,505.68,4978.67
Amul,Deal Seeker,Mystery Discount Days,202792.99,74,2740.45,630.83,4910.70
Amul,Deal Seeker,New Arrival Showcase,188877.76,73,2587.37,573.92,4968.72
Amul,Deal Seeker,New Product Launch Promo,203800.17,74,2754.06,612.29,4908.86
Amul,Deal Seeker,New Year Kickoff,184715.76,62,2979.29,690.88,4996.25
Amul,Deal Seeker,Price Drop Parade,192908.86,68,2836.90,584.93,4982.98
Amul,Deal Seeker,Red Tag Clearance,184568.45,67,2754.75,556.06,4894.20
Amul,Deal Seeker,Seasonal Surprise Box,129608.94,55,2356.53,525.07,4797.54
Amul,Deal Seeker,Shop & Save Spectacular,184321.92,62,2972.93,722.00,4847.79
Amul,Deal Seeker,Smart Shopper Week,192344.28,72,2671.45,555.83,4851.51
Amul,Deal Seeker,Spring Refresh Event,209665.53,76,2758.76,720.24,4941.86
Amul,Deal Seeker,Spring Splash Discounts,167264.83,58,2883.88,531.39,4920.06
Amul,Deal Seeker,Summer Sizzle Promo,176621.28,66,2676.08,564.93,4950.06
Amul,Deal Seeker,Super Savings Week,143281.24,56,2558.59,571.62,4996.45
Amul,Deal Seeker,Ultimate Value Event,230177.42,75,3069.03,550.15,4918.00
Amul,Deal Seeker,VIP Access Sale,152915.83,61,2506.82,503.17,4927.26
Amul,Deal Seeker,Weekend Warrior Specials,125826.51,49,2567.89,514.24,4783.38
Amul,Deal Seeker,Winter Clearance Carnival,175525.78,58,3026.31,600.79,4928.87
Amul,Deal Seeker,Winter Wonders Sale,193308.63,69,2801.57,505.32,4995.64
Amul,First-time Buyer,12 Days of Deals,193144.40,73,2645.81,578.12,4742.58
Amul,First-time Buyer,Autumn Deals Drive,151894.75,58,2618.87,528.74,4962.22
Amul,First-time Buyer,BOGO Blitz,197492.89,65,3038.35,631.17,4931.63
Amul,First-time Buyer,Back to School Boost,202431.70,68,2976.94,651.96,4997.33
Amul,First-time Buyer,Birthday Bash Sale,184336.39,65,2835.94,620.29,4908.20
Amul,First-time Buyer,Black Friday Blowout,138675.67,58,2390.96,528.01,4976.63
Amul,First-time Buyer,Cart Crasher Campaign,163356.85,63,2592.97,505.99,4955.63
Amul,First-time Buyer,Cashback Carnival,164146.83,60,2735.78,778.55,4981.24
Amul,First-time Buyer,Clearance Countdown,234699.45,81,2897.52,554.52,4988.53
Amul,First-time Buyer,Countdown to Savings,189963.94,69,2753.10,541.49,4996.12
Amul,First-time Buyer,Customer Appreciation Week,233221.64,78,2990.02,574.05,4930.71
Amul,First-time Buyer,Cyber Monday Mania,167084.82,61,2739.10,590.21,4964.74
Amul,First-time Buyer,Deal of the Month,167653.71,59,2841.59,571.92,4987.90
Amul,First-time Buyer,Double Points Bonanza,168784.39,68,2482.12,535.24,4980.56
Amul,First-time Buyer,Early Bird Specials,169921.09,66,2574.56,588.58,4876.46
Amul,First-time Buyer,End of Season Sale,188688.90,69,2734.62,517.26,4902.21
Amul,First-time Buyer,Exclusive Insider Offers,167453.73,63,2658.00,519.26,4862.54
Amul,First-time Buyer,Festive Fever Promo,171098.59,58,2949.98,502.25,4960.05
Amul,First-time Buyer,Final Call Frenzy,165801.69,71,2335.24,530.48,4982.31
Amul,First-time Buyer,Flash Frenzy Friday,167447.57,68,2462.46,556.90,4976.96
Amul,First-time Buyer,"Gift More, Spend Less",200498.41,68,2948.51,512.89,4946.63
Amul,First-time Buyer,Golden Hour Bargains,190606.71,72,2647.32,539.57,4872.17
Amul,First-time Buyer,Green Weekend Deals,168272.17,67,2511.52,500.26,4990.34
Amul,First-time Buyer,Happy Hour Discounts,170799.28,61,2799.99,523.44,4749.65
Amul,First-time Buyer,Holiday Shopping Rush,227758.08,84,2711.41,620.24,4846.34
Amul,First-time Buyer,Hot Picks Promo,173284.82,67,2586.34,538.05,4970.14
Amul,First-time Buyer,Instant Gratification Sale,171930.28,69,2491.74,515.09,4715.36
Amul,First-time Buyer,Limited Time Treasures,145655.49,50,2913.11,633.14,4854.17
Amul,First-time Buyer,Loyalty Rewards Blast,239345.12,86,2783.08,555.45,4874.62
Amul,First-time Buyer,Mega Weekend Bonanza,176958.18,66,2681.18,522.84,4968.25
Amul,First-time Buyer,Mid-Year Madness,191112.91,69,2769.75,513.32,4925.70
Amul,First-time Buyer,Midnight Madness,179604.65,67,2680.67,526.84,4908.42
Amul,First-time Buyer,Mystery Discount Days,212264.90,77,2756.69,603.72,4987.59
Amul,First-time Buyer,New Arrival Showcase,133424.79,53,2517.45,600.99,4887.01
Amul,First-time Buyer,New Product Launch Promo,155452.60,55,2826.41,947.19,4967.82
Amul,First-time Buyer,New Year Kickoff,185695.60,67,2771.58,552.18,4995.56
Amul,First-time Buyer,Price Drop Parade,128162.77,40,3204.07,967.82,4856.12
Amul,First-time Buyer,Red Tag Clearance,172712.45,65,2657.11,567.94,4918.56
Amul,First-time Buyer,Seasonal Surprise Box,206330.56,70,2947.58,535.10,4980.43
Amul,First-time Buyer,Shop & Save Spectacular,186771.19,71,2630.58,664.55,4944.58
Amul,First-time Buyer,Smart Shopper Week,232610.12,85,2736.59,525.21,4938.26
Amul,First-time Buyer,Spring Refresh Event,149286.67,54,2764.57,517.80,4891.71
Amul,First-time Buyer,Spring Splash Discounts,230334.98,84,2742.08,574.39,4845.01
Amul,First-time Buyer,Summer Sizzle Promo,162407.80,57,2849.26,503.45,4943.88
Amul,First-time Buyer,Super Savings Week,235177.98,79,2976.94,515.67,4998.98
Amul,First-time Buyer,Ultimate Value Event,132787.15,49,2709.94,672.24,4885.42
Amul,First-time Buyer,VIP Access Sale,180540.87,70,2579.16,534.12,4920.24
Amul,First-time Buyer,Weekend Warrior Specials,208118.59,78,2668.19,605.46,4994.19
Amul,First-time Buyer,Winter Clearance Carnival,157634.72,65,2425.15,711.34,4989.51
Amul,First-time Buyer,Winter Wonders Sale,211385.56,84,2516.49,613.59,4954.40
Amul,High Value,12 Days of Deals,201089.70,68,2957.20,565.67,4997.68
Amul,High Value,Autumn Deals Drive,207599.09,71,2923.93,553.21,4997.96
Amul,High Value,BOGO Blitz,192778.65,72,2677.48,568.41,4924.24
Amul,High Value,Back to School Boost,179598.13,68,2641.15,577.03,4998.07
Amul,High Value,Birthday Bash Sale,185534.96,66,2811.14,669.91,4878.86
Amul,High Value,Black Friday Blowout,177507.95,68,2610.41,577.14,4837.89
Amul,High Value,Cart Crasher Campaign,189261.23,66,2867.59,506.65,4905.23
Amul,High Value,Cashback Carnival,232197.95,79,2939.21,534.24,4854.66
Amul,High Value,Clearance Countdown,190788.88,70,2725.56,566.60,4970.82
Amul,High Value,Countdown to Savings,204012.82,72,2833.51,679.33,4821.14
Amul,High Value,Customer Appreciation Week,206509.69,76,2717.23,617.15,4961.65
Amul,High Value,Cyber Monday Mania,208483.10,80,2606.04,546.55,4788.36
Amul,High Value,Deal of the Month,185631.85,68,2729.88,571.51,4972.05
Amul,High Value,Double Points Bonanza,194227.88,72,2697.61,635.19,4909.55
Amul,High Value,Early Bird Specials,152613.41,61,2501.86,688.28,4935.14
Amul,High Value,End of Season Sale,165392.51,59,2803.26,504.05,4915.87
Amul,High Value,Exclusive Insider Offers,188641.37,71,2656.92,611.50,4928.23
Amul,High Value,Festive Fever Promo,150505.38,55,2736.46,516.37,4939.19
Amul,High Value,Final Call Frenzy,168486.86,62,2717.53,746.54,4994.94
Amul,High Value,Flash Frenzy Friday,215998.99,72,2999.99,519.72,4965.48
Amul,High Value,"Gift More, Spend Less",191542.74,75,2553.90,540.41,4928.98
Amul,High Value,Golden Hour Bargains,175587.63,64,2743.56,530.53,4927.89
Amul,High Value,Green Weekend Deals,212643.47,70,3037.76,612.58,4990.44
Amul,High Value,Happy Hour Discounts,181928.70,65,2798.90,607.93,4900.41
Amul,High Value,Holiday Shopping Rush,206940.90,74,2796.50,509.06,4898.49
Amul,High Value,Hot Picks Promo,144416.33,58,2489.94,614.65,4840.29
Amul,High Value,Instant Gratification Sale,160642.98,60,2677.38,584.66,4967.79
Amul,High Value,Limited Time Treasures,146244.70,55,2658.99,587.15,4948.05
Amul,High Value,Loyalty Rewards Blast,159296.50,62,2569.30,515.42,4898.72
Amul,High Value,Mega Weekend Bonanza,174515.58,69,2529.21,501.33,4909.18
Amul,High Value,Mid-Year Madness,138578.38,55,2519.61,537.84,4935.49
Amul,High Value,Midnight Madness,149346.19,60,2489.10,500.95,4998.10
Amul,High Value,Mystery Discount Days,228123.01,76,3001.62,612.56,4991.87
Amul,High Value,New Arrival Showcase,214481.37,85,2523.31,517.40,4919.02
Amul,High Value,New Product Launch Promo,174186.86,67,2599.80,535.84,4932.51
Amul,High Value,New Year Kickoff,169509.62,63,2690.63,550.25,4858.74
Amul,High Value,Price Drop Parade,203871.76,75,2718.29,610.71,4978.61
Amul,High Value,Red Tag Clearance,228687.68,82,2788.87,508.01,4801.17
Amul,High Value,Seasonal Surprise Box,183534.34,64,2867.72,553.80,4989.05
Amul,High Value,Shop & Save Spectacular,187288.86,71,2637.87,532.45,4921.03
Amul,High Value,Smart Shopper Week,212379.16,74,2869.99,514.94,4764.22
Amul,High Value,Spring Refresh Event,201967.57,68,2970.11,643.43,4930.63
Amul,High Value,Spring Splash Discounts,130221.24,56,2325.38,509.39,4617.44
Amul,High Value,Summer Sizzle Promo,208178.07,76,2739.19,557.31,4966.48
Amul,High Value,Super Savings Week,203831.49,73,2792.21,691.25,4982.69
Amul,High Value,Ultimate Value Event,167138.39,57,2932.25,500.47,4977.14
Amul,High Value,VIP Access Sale,214899.28,77,2790.90,622.56,4944.64
Amul,High Value,Weekend Warrior Specials,176436.71,70,2520.52,555.11,4920.91
Amul,High Value,Winter Clearance Carnival,167225.20,64,2612.89,527.28,4959.55
Amul,High Value,Winter Wonders Sale,163854.17,57,2874.63,599.51,4971.26
Amul,In-Store Regular,12 Days of Deals,210195.89,72,2919.39,509.79,4969.33
Amul,In-Store Regular,Autumn Deals Drive,190112.88,67,2837.51,574.89,4972.59
Amul,In-Store Regular,BOGO Blitz,211254.81,66,3200.83,563.77,4899.50
Amul,In-Store Regular,Back to School Boost,184736.98,66,2799.05,628.46,4923.81
Amul,In-Store Regular,Birthday Bash Sale,192896.59,68,2836.71,622.78,4962.77
Amul,In-Store Regular,Black Friday Blowout,154163.72,55,2802.98,505.81,4726.49
Amul,In-Store Regular,Cart Crasher Campaign,183179.25,63,2907.61,630.67,4947.81
Amul,In-Store Regular,Cashback Carnival,219131.71,76,2883.31,507.41,4935.78
Amul,In-Store Regular,Clearance Countdown,197829.56,71,2786.33,523.73,4943.13
Amul,In-Store Regular,Countdown to Savings,170889.27,62,2756.28,584.49,4854.45
Amul,In-Store Regular,Customer Appreciation Week,212380.84,78,2722.83,582.26,4934.00
Amul,In-Store Regular,Cyber Monday Mania,168783.40,68,2482.11,524.94,4863.19
Amul,In-Store Regular,Deal of the Month,163591.74,62,2638.58,656.40,4993.79
Amul,In-Store Regular,Double Points Bonanza,187606.73,61,3075.52,514.40,4996.36
Amul,In-Store Regular,Early Bird Specials,145767.28,57,2557.32,506.38,4975.80
Amul,In-Store Regular,End of Season Sale,120807.90,47,2570.38,559.12,4946.60
Amul,In-Store Regular,Exclusive Insider Offers,196635.80,76,2587.31,556.76,4916.25
Amul,In-Store Regular,Festive Fever Promo,161165.07,62,2599.44,586.22,4966.13
Amul,In-Store Regular,Final Call Frenzy,168582.03,57,2957.58,638.79,4943.30
Amul,In-Store Regular,Flash Frenzy Friday,226273.16,77,2938.61,579.21,4990.59
Amul,In-Store Regular,"Gift More, Spend Less",169451.67,60,2824.19,620.06,4994.74
Amul,In-Store Regular,Golden Hour Bargains,152585.99,60,2543.10,563.45,4923.31
Amul,In-Store Regular,Green Weekend Deals,188934.62,73,2588.15,586.44,4985.16
Amul,In-Store Regular,Happy Hour Discounts,198087.40,77,2572.56,577.09,4987.29
Amul,In-Store Regular,Holiday Shopping Rush,143838.45,57,2523.48,564.62,4971.82
Amul,In-Store Regular,Hot Picks Promo,187509.84,69,2717.53,596.37,4969.56
Amul,In-Store Regular,Instant Gratification Sale,181963.18,69,2637.15,524.65,4795.40
Amul,In-Store Regular,Limited Time Treasures,164209.94,60,2736.83,543.56,4946.13
Amul,In-Store Regular,Loyalty Rewards Blast,197149.05,74,2664.18,504.51,4983.94
Amul,In-Store Regular,Mega Weekend Bonanza,233742.42,84,2782.65,611.67,4975.12
Amul,In-Store Regular,Mid-Year Madness,169493.97,58,2922.31,553.01,4958.08
Amul,In-Store Regular,Midnight Madness,187159.17,71,2636.04,526.06,4984.38
Amul,In-Store Regular,Mystery Discount Days,149042.77,52,2866.21,635.86,4974.65
Amul,In-Store Regular,New Arrival Showcase,193290.47,68,2842.51,565.79,4982.00
Amul,In-Store Regular,New Product Launch Promo,172617.83,61,2829.80,527.33,4792.28
Amul,In-Store Regular,New Year Kickoff,187440.61,70,2677.72,595.47,4971.84
Amul,In-Store Regular,Price Drop Parade,201632.63,74,2724.77,508.09,4930.66
Amul,In-Store Regular,Red Tag Clearance,161616.37,65,2486.41,587.93,4949.07
Amul,In-Store Regular,Seasonal Surprise Box,171193.20,66,2593.84,608.98,4907.78
Amul,In-Store Regular,Shop & Save Spectacular,188791.43,73,2586.18,538.66,4916.56
Amul,In-Store Regular,Smart Shopper Week,165060.89,70,2358.01,547.22,4970.68
Amul,In-Store Regular,Spring Refresh Event,176070.29,59,2984.24,572.67,4914.05
Amul,In-Store Regular,Spring Splash Discounts,208450.02,77,2707.14,581.33,4963.85
Amul,In-Store Regular,Summer Sizzle Promo,196709.22,67,2935.96,574.54,4983.08
Amul,In-Store Regular,Super Savings Week,181868.33,60,3031.14,523.91,4996.48
Amul,In-Store Regular,Ultimate Value Event,184115.53,64,2876.81,614.51,4819.44
Amul,In-Store Regular,VIP Access Sale,227780.05,80,2847.25,579.38,4981.87
Amul,In-Store Regular,Weekend Warrior Specials,203674.82,75,2715.66,579.62,4978.26
Amul,In-Store Regular,Winter Clearance Carnival,188217.14,65,2895.65,527.77,4961.71
Amul,In-Store Regular,Winter Wonders Sale,220968.99,87,2539.87,513.51,4965.01
Amul,Loyal Customer,12 Days of Deals,201684.69,73,2762.80,512.19,4998.04
Amul,Loyal Customer,Autumn Deals Drive,207516.15,74,2804.27,523.84,4923.18
Amul,Loyal Customer,BOGO Blitz,137516.24,57,2412.57,642.26,4921.67
Amul,Loyal Customer,Back to School Boost,143307.61,57,2514.17,535.73,4971.31
Amul,Loyal Customer,Birthday Bash Sale,175769.62,62,2834.99,508.14,4929.63
Amul,Loyal Customer,Black Friday Blowout,155051.11,65,2385.40,533.67,4955.58
Amul,Loyal Customer,Cart Crasher Campaign,161379.21,62,2602.89,597.90,4973.11
Amul,Loyal Customer,Cashback Carnival,194376.37,74,2626.71,554.79,4990.08
Amul,Loyal Customer,Clearance Countdown,212616.26,70,3037.38,527.22,4883.13
Amul,Loyal Customer,Countdown to Savings,237666.62,85,2796.08,576.57,4972.19
Amul,Loyal Customer,Customer Appreciation Week,173638.20,64,2713.10,529.76,4970.23
Amul,Loyal Customer,Cyber Monday Mania,180868.68,70,2583.84,504.57,4903.71
Amul,Loyal Customer,Deal of the Month,194837.37,68,2865.26,504.17,4953.50
Amul,Loyal Customer,Double Points Bonanza,198758.73,68,2922.92,562.78,4913.31
Amul,Loyal Customer,Early Bird Specials,159770.53,60,2662.84,506.59,4864.77
Amul,Loyal Customer,End of Season Sale,195076.51,66,2955.70,574.50,4971.17
Amul,Loyal Customer,Exclusive Insider Offers,181263.77,71,2553.01,566.05,4941.48
Amul,Loyal Customer,Festive Fever Promo,179375.92,72,2491.33,560.85,4674.94
Amul,Loyal Customer,Final Call Frenzy,160350.86,64,2505.48,562.12,4965.52
Amul,Loyal Customer,Flash Frenzy Friday,169019.06,62,2726.11,642.05,4980.53
Amul,Loyal Customer,"Gift More, Spend Less",199114.81,69,2885.72,582.82,4933.88
Amul,Loyal Customer,Golden Hour Bargains,195701.34,69,2836.25,523.61,4923.04
Amul,Loyal Customer,Green Weekend Deals,231839.87,83,2793.25,517.72,4988.93
Amul,Loyal Customer,Happy Hour Discounts,198297.49,84,2360.68,548.05,4708.43
Amul,Loyal Customer,Holiday Shopping Rush,203533.64,74,2750.45,636.56,4881.35
Amul,Loyal Customer,Hot Picks Promo,183088.30,65,2816.74,599.75,4968.40
Amul,Loyal Customer,Instant Gratification Sale,174595.49,69,2530.37,501.41,4994.91
Amul,Loyal Customer,Limited Time Treasures,179719.57,61,2946.22,500.84,4847.37
Amul,Loyal Customer,Loyalty Rewards Blast,232456.96,88,2641.56,601.22,4975.22
Amul,Loyal Customer,Mega Weekend Bonanza,191726.20,63,3043.27,622.90,4937.05
Amul,Loyal Customer,Mid-Year Madness,172937.22,59,2931.14,713.44,4970.79
Amul,Loyal Customer,Midnight Madness,145943.99,64,2280.37,539.70,4759.09
Amul,Loyal Customer,Mystery Discount Days,193075.36,68,2839.34,573.30,4899.32
Amul,Loyal Customer,New Arrival Showcase,192528.55,70,2750.41,530.33,4954.68
Amul,Loyal Customer,New Product Launch Promo,175169.24,60,2919.49,518.35,4824.14
Amul,Loyal Customer,New Year Kickoff,135916.56,56,2427.08,527.43,4956.00
Amul,Loyal Customer,Price Drop Parade,166477.75,62,2685.12,501.52,4981.26
Amul,Loyal Customer,Red Tag Clearance,167366.80,65,2574.87,647.83,4647.48
Amul,Loyal Customer,Seasonal Surprise Box,151433.81,61,2482.52,551.86,4942.47
Amul,Loyal Customer,Shop & Save Spectacular,152077.36,53,2869.38,536.61,4986.30
Amul,Loyal Customer,Smart Shopper Week,170893.81,66,2589.30,648.85,4993.24
Amul,Loyal Customer,Spring Refresh Event,164175.74,58,2830.62,557.26,4949.19
Amul,Loyal Customer,Spring Splash Discounts,197288.09,63,3131.56,610.50,4986.07
Amul,Loyal Customer,Summer Sizzle Promo,163665.28,64,2557.27,506.96,4988.04
Amul,Loyal Customer,Super Savings Week,176302.81,61,2890.21,524.88,4998.75
Amul,Loyal Customer,Ultimate Value Event,196802.27,70,2811.46,568.91,4928.90
Amul,Loyal Customer,VIP Access Sale,189282.67,72,2628.93,520.38,4956.97
Amul,Loyal Customer,Weekend Warrior Specials,181254.13,68,2665.50,517.98,4954.45
Amul,Loyal Customer,Winter Clearance Carnival,168767.26,60,2812.79,676.01,4968.91
Amul,Loyal Customer,Winter Wonders Sale,188162.32,71,2650.17,557.97,4926.90
Amul,Occasional Shopper,12 Days of Deals,189244.15,64,2956.94,586.21,4948.73
Amul,Occasional Shopper,Autumn Deals Drive,213781.30,71,3011.00,648.25,4999.80
Amul,Occasional Shopper,BOGO Blitz,200674.48,64,3135.54,578.49,4986.67
Amul,Occasional Shopper,Back to School Boost,148378.78,61,2432.44,617.11,4858.01
Amul,Occasional Shopper,Birthday Bash Sale,176139.29,68,2590.28,657.32,4914.18
Amul,Occasional Shopper,Black Friday Blowout,194793.61,78,2497.35,592.32,4733.47
Amul,Occasional Shopper,Cart Crasher Campaign,212037.97,72,2944.97,503.17,4980.36
Amul,Occasional Shopper,Cashback Carnival,159214.78,62,2567.98,504.64,4864.97
Amul,Occasional Shopper,Clearance Countdown,206851.55,74,2795.29,512.75,4791.24
Amul,Occasional Shopper,Countdown to Savings,198369.95,69,2874.93,563.65,4891.94
Amul,Occasional Shopper,Customer Appreciation Week,146714.72,52,2821.44,514.02,4985.65
Amul,Occasional Shopper,Cyber Monday Mania,160863.06,57,2822.16,510.36,4996.97
Amul,Occasional Shopper,Deal of the Month,174253.56,61,2856.62,524.00,4970.32
Amul,Occasional Shopper,Double Points Bonanza,166544.65,70,2379.21,531.46,4874.77
Amul,Occasional Shopper,Early Bird Specials,187758.86,64,2933.73,526.82,4918.25
Amul,Occasional Shopper,End of Season Sale,162021.63,59,2746.13,550.29,4992.97
Amul,Occasional Shopper,Exclusive Insider Offers,175599.08,61,2878.67,546.25,4963.53
Amul,Occasional Shopper,Festive Fever Promo,189289.71,67,2825.22,525.60,4971.41
Amul,Occasional Shopper,Final Call Frenzy,202814.07,71,2856.54,594.77,4970.89
Amul,Occasional Shopper,Flash Frenzy Friday,191517.97,62,3089.00,505.72,4990.00
Amul,Occasional Shopper,"Gift More, Spend Less",176781.31,74,2388.94,504.23,4832.31
Amul,Occasional Shopper,Golden Hour Bargains,168682.91,70,2409.76,518.50,4872.99
Amul,Occasional Shopper,Green Weekend Deals,201976.11,71,2844.73,578.11,4884.56
Amul,Occasional Shopper,Happy Hour Discounts,229148.85,73,3139.03,612.02,4949.93
Amul,Occasional Shopper,Holiday Shopping Rush,178211.60,71,2510.02,521.68,4928.86
Amul,Occasional Shopper,Hot Picks Promo,133162.24,56,2377.90,567.16,4862.76
Amul,Occasional Shopper,Instant Gratification Sale,205044.76,75,2733.93,623.85,4957.47
Amul,Occasional Shopper,Limited Time Treasures,196536.25,72,2729.67,610.16,4943.48
Amul,Occasional Shopper,Loyalty Rewards Blast,185827.59,69,2693.15,539.74,4938.02
Amul,Occasional Shopper,Mega Weekend Bonanza,200298.20,63,3179.34,536.58,4938.54
Amul,Occasional Shopper,Mid-Year Madness,216047.77,77,2805.82,641.41,4935.73
Amul,Occasional Shopper,Midnight Madness,175313.95,66,2656.27,543.35,4990.89
Amul,Occasional Shopper,Mystery Discount Days,192489.75,67,2872.98,606.00,4781.46
Amul,Occasional Shopper,New Arrival Showcase,165546.69,58,2854.25,544.01,4933.46
Amul,Occasional Shopper,New Product Launch Promo,169307.74,64,2645.43,512.57,4998.84
Amul,Occasional Shopper,New Year Kickoff,187582.98,71,2642.01,540.87,4982.60
Amul,Occasional Shopper,Price Drop Parade,188976.15,73,2588.71,665.60,4768.13
Amul,Occasional Shopper,Red Tag Clearance,209299.20,72,2906.93,544.14,4993.78
Amul,Occasional Shopper,Seasonal Surprise Box,153832.62,62,2481.17,592.04,4965.65
Amul,Occasional Shopper,Shop & Save Spectacular,194034.01,70,2771.91,576.09,4861.12
Amul,Occasional Shopper,Smart Shopper Week,197636.45,68,2906.42,593.06,4990.50
Amul,Occasional Shopper,Spring Refresh Event,168027.93,58,2897.03,567.22,4974.41
Amul,Occasional Shopper,Spring Splash Discounts,192696.45,78,2470.47,539.19,4948.66
Amul,Occasional Shopper,Summer Sizzle Promo,176026.73,70,2514.67,600.73,4910.70
Amul,Occasional Shopper,Super Savings Week,130965.52,49,2672.77,549.33,4758.73
Amul,Occasional Shopper,Ultimate Value Event,234199.11,84,2788.08,511.06,4910.92
Amul,Occasional Shopper,VIP Access Sale,154268.17,62,2488.20,546.86,4949.66
Amul,Occasional Shopper,Weekend Warrior Specials,161599.41,65,2486.14,592.83,4931.05
Amul,Occasional Shopper,Winter Clearance Carnival,162368.36,60,2706.14,580.33,4816.76
Amul,Occasional Shopper,Winter Wonders Sale,180464.00,57,3166.04,784.97,4918.95
Amul,Online Shopper,12 Days of Deals,231430.44,81,2857.17,549.22,4946.35
Amul,Online Shopper,Autumn Deals Drive,234582.57,82,2860.76,518.91,4964.87
Amul,Online Shopper,BOGO Blitz,194330.25,70,2776.15,509.11,4939.01
Amul,Online Shopper,Back to School Boost,170846.20,64,2669.47,531.01,4697.58
Amul,Online Shopper,Birthday Bash Sale,182481.03,69,2644.65,563.69,4904.83
Amul,Online Shopper,Black Friday Blowout,173846.61,69,2519.52,688.76,4927.84
Amul,Online Shopper,Cart Crasher Campaign,181279.92,62,2923.87,562.26,4957.07
Amul,Online Shopper,Cashback Carnival,149295.81,59,2530.44,548.41,4945.67
Amul,Online Shopper,Clearance Countdown,182625.29,64,2853.52,532.75,4990.25
Amul,Online Shopper,Countdown to Savings,240366.86,82,2931.30,561.62,4940.19
Amul,Online Shopper,Customer Appreciation Week,186028.07,68,2735.71,659.91,4943.15
Amul,Online Shopper,Cyber Monday Mania,196651.26,74,2657.45,582.66,4984.13
Amul,Online Shopper,Deal of the Month,140542.82,54,2602.64,685.32,4908.48
Amul,Online Shopper,Double Points Bonanza,190736.93,68,2804.95,638.04,4974.57
Amul,Online Shopper,Early Bird Specials,138684.66,58,2391.11,527.53,4897.40
Amul,Online Shopper,End of Season Sale,179187.19,67,2674.44,533.82,4996.71
Amul,Online Shopper,Exclusive Insider Offers,159093.45,61,2608.09,536.96,4989.15
Amul,Online Shopper,Festive Fever Promo,171878.42,59,2913.19,739.34,4947.56
Amul,Online Shopper,Final Call Frenzy,163974.74,62,2644.75,521.68,4923.62
Amul,Online Shopper,Flash Frenzy Friday,213849.55,75,2851.33,517.20,4927.36
Amul,Online Shopper,"Gift More, Spend Less",258557.46,92,2810.41,534.77,4946.94
Amul,Online Shopper,Golden Hour Bargains,123304.35,51,2417.73,614.44,4757.86
Amul,Online Shopper,Green Weekend Deals,114461.87,39,2934.92,500.74,4977.70
Amul,Online Shopper,Happy Hour Discounts,200043.86,77,2597.97,515.77,4945.03
Amul,Online Shopper,Holiday Shopping Rush,187791.20,64,2934.24,653.96,4940.74
Amul,Online Shopper,Hot Picks Promo,207313.71,77,2692.39,605.98,4878.53
Amul,Online Shopper,Instant Gratification Sale,190068.77,71,2677.02,524.42,4988.78
Amul,Online Shopper,Limited Time Treasures,205058.18,75,2734.11,538.99,4967.38
Amul,Online Shopper,Loyalty Rewards Blast,136745.40,51,2681.28,622.24,4983.03
Amul,Online Shopper,Mega Weekend Bonanza,151544.83,52,2914.32,523.21,4910.67
Amul,Online Shopper,Mid-Year Madness,163701.63,60,2728.36,503.67,4541.67
Amul,Online Shopper,Midnight Madness,177425.22,64,2772.27,506.04,4876.30
Amul,Online Shopper,Mystery Discount Days,179890.67,66,2725.62,501.42,4930.13
Amul,Online Shopper,New Arrival Showcase,220439.98,76,2900.53,505.84,4991.21
Amul,Online Shopper,New Product Launch Promo,176809.05,63,2806.49,751.06,4857.82
Amul,Online Shopper,New Year Kickoff,212753.64,76,2799.39,520.12,4870.51
Amul,Online Shopper,Price Drop Parade,244550.41,83,2946.39,682.46,4984.55
Amul,Online Shopper,Red Tag Clearance,206876.89,75,2758.36,569.29,4915.47
Amul,Online Shopper,Seasonal Surprise Box,188717.16,67,2816.67,589.22,4913.09
Amul,Online Shopper,Shop & Save Spectacular,149269.10,63,2369.35,515.39,4991.95
Amul,Online Shopper,Smart Shopper Week,210009.87,73,2876.85,576.33,4993.62
Amul,Online Shopper,Spring Refresh Event,179538.44,64,2805.29,524.46,4835.64
Amul,Online Shopper,Spring Splash Discounts,218246.57,78,2798.03,567.08,4957.64
Amul,Online Shopper,Summer Sizzle Promo,203028.97,75,2707.05,507.24,4951.82
Amul,Online Shopper,Super Savings Week,184724.83,65,2841.92,505.59,4985.40
Amul,Online Shopper,Ultimate Value Event,214479.61,71,3020.84,636.67,4808.69
Amul,Online Shopper,VIP Access Sale,208522.06,80,2606.53,654.81,4824.39
Amul,Online Shopper,Weekend Warrior Specials,215212.85,72,2989.07,500.62,4994.22
Amul,Online Shopper,Winter Clearance Carnival,225214.52,75,3002.86,596.23,4993.64
Amul,Online Shopper,Winter Wonders Sale,166895.05,62,2691.86,614.15,4969.80
Amul,Premium Shopper,12 Days of Deals,163089.93,62,2630.48,533.71,4864.36
Amul,Premium Shopper,Autumn Deals Drive,178692.09,71,2516.79,502.75,4964.57
Amul,Premium Shopper,BOGO Blitz,148638.00,56,2654.25,551.37,4884.53
Amul,Premium Shopper,Back to School Boost,157313.46,58,2712.30,723.87,4892.01
Amul,Premium Shopper,Birthday Bash Sale,183129.88,63,2906.82,544.85,4978.76
Amul,Premium Shopper,Black Friday Blowout,160039.88,56,2857.85,566.67,4950.07
Amul,Premium Shopper,Cart Crasher Campaign,157315.11,61,2578.94,504.65,4951.73
Amul,Premium Shopper,Cashback Carnival,181836.76,69,2635.32,578.96,4669.72
Amul,Premium Shopper,Clearance Countdown,189697.34,65,2918.42,566.95,4986.78
Amul,Premium Shopper,Countdown to Savings,149212.86,53,2815.34,808.00,4938.26
Amul,Premium Shopper,Customer Appreciation Week,156356.40,59,2650.11,501.25,4950.72
Amul,Premium Shopper,Cyber Monday Mania,152792.79,62,2464.40,667.76,4941.05
Amul,Premium Shopper,Deal of the Month,169815.04,64,2653.36,507.49,4856.48
Amul,Premium Shopper,Double Points Bonanza,219146.12,78,2809.57,528.86,4924.52
Amul,Premium Shopper,Early Bird Specials,135915.01,54,2516.94,541.20,4977.90
Amul,Premium Shopper,End of Season Sale,192695.19,72,2676.32,566.56,4985.03
Amul,Premium Shopper,Exclusive Insider Offers,182549.48,63,2897.61,602.79,4766.99
Amul,Premium Shopper,Festive Fever Promo,173991.59,62,2806.32,520.44,4905.05
Amul,Premium Shopper,Final Call Frenzy,158830.83,63,2521.12,536.95,4975.97
Amul,Premium Shopper,Flash Frenzy Friday,185000.45,69,2681.17,516.77,4932.47
Amul,Premium Shopper,"Gift More, Spend Less",201825.67,70,2883.22,532.15,4958.43
Amul,Premium Shopper,Golden Hour Bargains,185774.27,67,2772.75,504.10,4984.09
Amul,Premium Shopper,Green Weekend Deals,208474.06,75,2779.65,507.29,4994.70
Amul,Premium Shopper,Happy Hour Discounts,172207.65,61,2823.08,650.75,4954.42
Amul,Premium Shopper,Holiday Shopping Rush,162723.44,61,2667.60,562.81,4996.88
Amul,Premium Shopper,Hot Picks Promo,162618.74,61,2665.88,612.87,4855.64
Amul,Premium Shopper,Instant Gratification Sale,183578.43,67,2739.98,598.65,4937.14
Amul,Premium Shopper,Limited Time Treasures,155009.44,56,2768.03,772.91,4978.95
Amul,Premium Shopper,Loyalty Rewards Blast,149551.36,53,2821.72,507.19,4982.89
Amul,Premium Shopper,Mega Weekend Bonanza,211529.27,71,2979.29,677.22,4955.85
Amul,Premium Shopper,Mid-Year Madness,169695.30,60,2828.25,1026.36,4953.70
Amul,Premium Shopper,Midnight Madness,173311.18,68,2548.69,576.88,4772.44
Amul,Premium Shopper,Mystery Discount Days,181454.52,66,2749.31,636.95,4933.11
Amul,Premium Shopper,New Arrival Showcase,220706.71,75,2942.76,514.01,4997.29
Amul,Premium Shopper,New Product Launch Promo,187828.39,71,2645.47,515.13,4937.31
Amul,Premium Shopper,New Year Kickoff,195203.86,67,2913.49,650.34,4952.01
Amul,Premium Shopper,Price Drop Parade,168817.60,60,2813.63,575.18,4979.50
Amul,Premium Shopper,Red Tag Clearance,156488.77,58,2698.08,506.29,4932.61
Amul,Premium Shopper,Seasonal Surprise Box,167070.83,59,2831.71,622.07,4951.02
Amul,Premium Shopper,Shop & Save Spectacular,189063.34,70,2700.90,523.81,4931.15
Amul,Premium Shopper,Smart Shopper Week,209871.94,69,3041.62,598.32,4863.22
Amul,Premium Shopper,Spring Refresh Event,181288.05,60,3021.47,555.77,4972.47
Amul,Premium Shopper,Spring Splash Discounts,169068.38,61,2771.61,543.07,4914.70
Amul,Premium Shopper,Summer Sizzle Promo,159333.85,62,2569.90,523.97,4958.77
Amul,Premium Shopper,Super Savings Week,182740.45,64,2855.32,513.13,4855.76
Amul,Premium Shopper,Ultimate Value Event,144695.08,58,2494.74,655.71,4976.08
Amul,Premium Shopper,VIP Access Sale,196889.81,62,3175.64,720.14,4982.39
Amul,Premium Shopper,Weekend Warrior Specials,175034.06,64,2734.91,525.52,4936.91
Amul,Premium Shopper,Winter Clearance Carnival,192826.64,71,2715.87,642.55,4946.47
Amul,Premium Shopper,Winter Wonders Sale,162834.04,64,2544.28,523.35,4939.22
Apple,Budget Shopper,12 Days of Deals,151670.71,58,2615.01,614.91,4794.64
Apple,Budget Shopper,Autumn Deals Drive,170216.37,62,2745.43,520.68,4928.46
Apple,Budget Shopper,BOGO Blitz,133368.38,54,2469.78,593.80,4967.43
Apple,Budget Shopper,Back to School Boost,165984.93,61,2721.06,718.28,4953.99
Apple,Budget Shopper,Birthday Bash Sale,237481.37,85,2793.90,504.53,4989.43
Apple,Budget Shopper,Black Friday Blowout,196852.86,69,2852.94,522.18,4855.90
Apple,Budget Shopper,Cart Crasher Campaign,166839.89,63,2648.25,508.39,4919.19
Apple,Budget Shopper,Cashback Carnival,211018.71,71,2972.09,538.48,4966.36
Apple,Budget Shopper,Clearance Countdown,240588.34,86,2797.54,518.31,4924.47
Apple,Budget Shopper,Countdown to Savings,210841.85,75,2811.22,504.78,4989.61
Apple,Budget Shopper,Customer Appreciation Week,196853.89,72,2734.08,514.94,4918.65
Apple,Budget Shopper,Cyber Monday Mania,172466.73,65,2653.33,553.89,4942.52
Apple,Budget Shopper,Deal of the Month,168995.32,56,3017.77,557.49,4945.91
Apple,Budget Shopper,Double Points Bonanza,135206.53,54,2503.82,523.27,4776.17
Apple,Budget Shopper,Early Bird Specials,203999.93,71,2873.24,630.75,4960.42
Apple,Budget Shopper,End of Season Sale,219389.28,81,2708.51,620.80,4958.06
Apple,Budget Shopper,Exclusive Insider Offers,210922.41,81,2603.98,548.24,4906.27
Apple,Budget Shopper,Festive Fever Promo,200492.67,70,2864.18,658.47,4977.00
Apple,Budget Shopper,Final Call Frenzy,193918.49,73,2656.42,643.25,4918.57
Apple,Budget Shopper,Flash Frenzy Friday,129050.49,48,2688.55,796.56,4841.99
Apple,Budget Shopper,"Gift More, Spend Less",154924.70,57,2717.98,546.48,4959.32
Apple,Budget Shopper,Golden Hour Bargains,157265.53,59,2665.52,598.71,4948.72
Apple,Budget Shopper,Green Weekend Deals,206879.45,79,2618.73,508.03,4991.30
Apple,Budget Shopper,Happy Hour Discounts,181126.15,65,2786.56,768.67,4938.08
Apple,Budget Shopper,Holiday Shopping Rush,187684.42,65,2887.45,725.85,4964.53
Apple,Budget Shopper,Hot Picks Promo,175743.35,57,3083.22,546.96,4986.36
Apple,Budget Shopper,Instant Gratification Sale,202226.59,72,2808.70,591.14,4976.47
Apple,Budget Shopper,Limited Time Treasures,206495.43,75,2753.27,565.81,4849.16
Apple,Budget Shopper,Loyalty Rewards Blast,220494.83,77,2863.57,530.61,4860.64
Apple,Budget Shopper,Mega Weekend Bonanza,183738.44,66,2783.92,675.97,4770.82
Apple,Budget Shopper,Mid-Year Madness,209962.91,74,2837.34,536.81,4956.28
Apple,Budget Shopper,Midnight Madness,167476.55,61,2745.52,538.82,4836.51
Apple,Budget Shopper,Mystery Discount Days,160975.71,59,2728.40,529.87,4936.02
Apple,Budget Shopper,New Arrival Showcase,191602.02,75,2554.69,567.63,4984.20
Apple,Budget Shopper,New Product Launch Promo,250340.10,94,2663.19,547.90,4866.80
Apple,Budget Shopper,New Year Kickoff,186104.27,66,2819.76,544.46,4976.30
Apple,Budget Shopper,Price Drop Parade,209000.80,76,2750.01,511.56,4987.47
Apple,Budget Shopper,Red Tag Clearance,165234.85,64,2581.79,501.68,4849.75
Apple,Budget Shopper,Seasonal Surprise Box,204447.20,65,3145.34,644.95,4989.80
Apple,Budget Shopper,Shop & Save Spectacular,158032.17,59,2678.51,596.20,4962.95
Apple,Budget Shopper,Smart Shopper Week,196148.67,69,2842.73,553.73,4888.79
Apple,Budget Shopper,Spring Refresh Event,180095.28,60,3001.59,551.23,4991.42
Apple,Budget Shopper,Spring Splash Discounts,145540.87,50,2910.82,551.13,4918.40
Apple,Budget Shopper,Summer Sizzle Promo,147640.40,54,2734.08,648.86,4929.25
Apple,Budget Shopper,Super Savings Week,154699.13,56,2762.48,545.86,4995.51
Apple,Budget Shopper,Ultimate Value Event,135299.22,49,2761.21,626.63,4930.85
Apple,Budget Shopper,VIP Access Sale,210862.44,76,2774.51,554.81,4966.55
Apple,Budget Shopper,Weekend Warrior Specials,230050.33,87,2644.26,606.73,4979.11
Apple,Budget Shopper,Winter Clearance Carnival,169498.30,62,2733.84,542.96,4856.09
Apple,Budget Shopper,Winter Wonders Sale,155066.61,61,2542.08,539.70,4969.91
Apple,Churn Risk,12 Days of Deals,142899.45,52,2748.07,525.65,4911.15
Apple,Churn Risk,Autumn Deals Drive,200161.23,74,2704.88,519.51,4864.89
Apple,Churn Risk,BOGO Blitz,170358.90,62,2747.72,535.66,4967.49
Apple,Churn Risk,Back to School Boost,172045.80,67,2567.85,564.07,4942.89
Apple,Churn Risk,Birthday Bash Sale,177082.27,63,2810.83,552.08,4953.96
Apple,Churn Risk,Black Friday Blowout,202031.30,71,2845.51,588.47,4994.08
Apple,Churn Risk,Cart Crasher Campaign,191313.39,65,2943.28,511.88,4934.00
Apple,Churn Risk,Cashback Carnival,165293.86,60,2754.90,596.38,4758.69
Apple,Churn Risk,Clearance Countdown,149518.79,54,2768.87,535.65,4925.41
Apple,Churn Risk,Countdown to Savings,165380.36,69,2396.82,500.60,4932.68
Apple,Churn Risk,Customer Appreciation Week,159743.90,54,2958.22,556.19,4971.35
Apple,Churn Risk,Cyber Monday Mania,220235.50,78,2823.53,684.20,4960.89
Apple,Churn Risk,Deal of the Month,212500.16,76,2796.05,530.23,4992.24
Apple,Churn Risk,Double Points Bonanza,144040.90,58,2483.46,700.90,4822.70
Apple,Churn Risk,Early Bird Specials,157429.69,58,2714.30,816.77,4936.18
Apple,Churn Risk,End of Season Sale,195314.94,73,2675.55,593.37,4965.76
Apple,Churn Risk,Exclusive Insider Offers,166367.55,61,2727.34,572.10,4989.13
Apple,Churn Risk,Festive Fever Promo,179636.26,63,2851.37,532.91,4960.42
Apple,Churn Risk,Final Call Frenzy,170806.52,65,2627.79,545.25,4968.20
Apple,Churn Risk,Flash Frenzy Friday,200733.84,77,2606.93,531.26,4960.46
Apple,Churn Risk,"Gift More, Spend Less",155163.63,54,2873.40,574.13,4926.30
Apple,Churn Risk,Golden Hour Bargains,172289.15,63,2734.75,604.40,4842.44
Apple,Churn Risk,Green Weekend Deals,165460.30,62,2668.71,553.98,4968.69
Apple,Churn Risk,Happy Hour Discounts,191612.43,74,2589.36,539.60,4881.90
Apple,Churn Risk,Holiday Shopping Rush,220186.75,82,2685.20,502.32,4923.12
Apple,Churn Risk,Hot Picks Promo,192088.64,70,2744.12,629.15,4966.73
Apple,Churn Risk,Instant Gratification Sale,173363.27,65,2667.13,600.29,4890.35
Apple,Churn Risk,Limited Time Treasures,208058.96,73,2850.12,587.23,4958.13
Apple,Churn Risk,Loyalty Rewards Blast,192326.23,68,2828.33,629.79,4990.76
Apple,Churn Risk,Mega Weekend Bonanza,186719.11,66,2829.08,592.20,4948.99
Apple,Churn Risk,Mid-Year Madness,164671.43,56,2940.56,621.45,4942.37
Apple,Churn Risk,Midnight Madness,184539.21,70,2636.27,531.62,4920.67
Apple,Churn Risk,Mystery Discount Days,154492.07,58,2663.66,527.53,4930.80
Apple,Churn Risk,New Arrival Showcase,159150.78,57,2792.12,508.74,4850.21
Apple,Churn Risk,New Product Launch Promo,209077.50,79,2646.55,516.58,4981.24
Apple,Churn Risk,New Year Kickoff,194346.89,74,2626.31,601.98,4929.13
Apple,Churn Risk,Price Drop Parade,209799.40,80,2622.49,534.99,4798.94
Apple,Churn Risk,Red Tag Clearance,145270.52,53,2740.95,536.16,4894.21
Apple,Churn Risk,Seasonal Surprise Box,185783.24,68,2732.11,525.09,4879.38
Apple,Churn Risk,Shop & Save Spectacular,203622.54,71,2867.92,581.98,4991.11
Apple,Churn Risk,Smart Shopper Week,192357.62,66,2914.51,706.35,4935.43
Apple,Churn Risk,Spring Refresh Event,206429.80,73,2827.81,620.66,4948.28
Apple,Churn Risk,Spring Splash Discounts,239724.89,86,2787.50,515.83,4985.90
Apple,Churn Risk,Summer Sizzle Promo,142211.11,56,2539.48,898.67,4871.33
Apple,Churn Risk,Super Savings Week,158476.28,61,2597.97,527.66,4986.02
Apple,Churn Risk,Ultimate Value Event,186520.46,70,2664.58,547.36,4990.13
Apple,Churn Risk,VIP Access Sale,213510.52,79,2702.66,612.74,4994.23
Apple,Churn Risk,Weekend Warrior Specials,175492.86,68,2580.78,533.15,4910.55
Apple,Churn Risk,Winter Clearance Carnival,163505.00,64,2554.77,555.87,4980.20
Apple,Churn Risk,Winter Wonders Sale,182647.66,63,2899.17,834.33,4966.50
Apple,Deal Seeker,12 Days of Deals,210121.61,80,2626.52,581.30,4902.44
Apple,Deal Seeker,Autumn Deals Drive,150697.82,52,2898.04,542.98,4884.81
Apple,Deal Seeker,BOGO Blitz,182886.78,65,2813.64,517.95,4857.38
Apple,Deal Seeker,Back to School Boost,162449.36,63,2578.56,531.82,4767.34
Apple,Deal Seeker,Birthday Bash Sale,178665.08,63,2835.95,549.35,4939.25
Apple,Deal Seeker,Black Friday Blowout,185359.86,71,2610.70,523.77,4926.30
Apple,Deal Seeker,Cart Crasher Campaign,185508.80,74,2506.88,543.09,4820.38
Apple,Deal Seeker,Cashback Carnival,161804.22,58,2789.73,511.73,4954.22
Apple,Deal Seeker,Clearance Countdown,200176.89,73,2742.15,537.97,4945.34
Apple,Deal Seeker,Countdown to Savings,207651.30,79,2628.50,559.29,4954.00
Apple,Deal Seeker,Customer Appreciation Week,171854.70,64,2685.23,513.82,4997.50
Apple,Deal Seeker,Cyber Monday Mania,182295.12,58,3143.02,746.85,4888.18
Apple,Deal Seeker,Deal of the Month,184488.31,67,2753.56,588.36,4976.21
Apple,Deal Seeker,Double Points Bonanza,147259.55,59,2495.92,524.99,4933.35
Apple,Deal Seeker,Early Bird Specials,185387.47,66,2808.90,511.39,4948.77
Apple,Deal Seeker,End of Season Sale,210073.72,72,2917.69,518.61,4987.71
Apple,Deal Seeker,Exclusive Insider Offers,196238.24,72,2725.53,564.00,4986.42
Apple,Deal Seeker,Festive Fever Promo,201006.02,68,2955.97,667.67,4986.14
Apple,Deal Seeker,Final Call Frenzy,204248.57,67,3048.49,509.18,4987.50
Apple,Deal Seeker,Flash Frenzy Friday,182232.97,63,2892.59,555.56,4990.29
Apple,Deal Seeker,"Gift More, Spend Less",200666.15,66,3040.40,559.08,4984.39
Apple,Deal Seeker,Golden Hour Bargains,170515.06,63,2706.59,502.34,4950.57
Apple,Deal Seeker,Green Weekend Deals,208003.53,68,3058.88,807.19,4999.77
Apple,Deal Seeker,Happy Hour Discounts,181341.91,63,2878.44,814.79,4983.25
Apple,Deal Seeker,Holiday Shopping Rush,176294.98,67,2631.27,528.27,4935.41
Apple,Deal Seeker,Hot Picks Promo,154318.63,53,2911.67,669.98,4927.63
Apple,Deal Seeker,Instant Gratification Sale,185994.72,70,2657.07,554.46,4926.48
Apple,Deal Seeker,Limited Time Treasures,148299.22,57,2601.74,536.75,4968.06
Apple,Deal Seeker,Loyalty Rewards Blast,176433.53,61,2892.35,571.54,4996.70
Apple,Deal Seeker,Mega Weekend Bonanza,168857.12,60,2814.29,598.79,4958.79
Apple,Deal Seeker,Mid-Year Madness,159964.03,64,2499.44,509.00,4940.15
Apple,Deal Seeker,Midnight Madness,208346.52,78,2671.11,641.15,4998.11
Apple,Deal Seeker,Mystery Discount Days,159192.24,60,2653.20,531.64,4944.04
Apple,Deal Seeker,New Arrival Showcase,160877.09,57,2822.41,533.21,4997.32
Apple,Deal Seeker,New Product Launch Promo,159836.66,53,3015.79,540.97,4942.74
Apple,Deal Seeker,New Year Kickoff,172786.65,70,2468.38,521.49,4968.95
Apple,Deal Seeker,Price Drop Parade,199324.01,82,2430.78,530.28,4926.51
Apple,Deal Seeker,Red Tag Clearance,194890.73,69,2824.50,600.05,4950.96
Apple,Deal Seeker,Seasonal Surprise Box,195554.40,78,2507.11,547.55,4946.55
Apple,Deal Seeker,Shop & Save Spectacular,219136.79,79,2773.88,513.31,4954.82
Apple,Deal Seeker,Smart Shopper Week,228171.53,82,2782.58,551.50,4997.75
Apple,Deal Seeker,Spring Refresh Event,171230.30,64,2675.47,525.85,4957.58
Apple,Deal Seeker,Spring Splash Discounts,188912.46,67,2819.59,554.43,4989.38
Apple,Deal Seeker,Summer Sizzle Promo,205991.05,76,2710.41,628.21,4975.75
Apple,Deal Seeker,Super Savings Week,193206.84,71,2721.22,597.68,4909.57
Apple,Deal Seeker,Ultimate Value Event,197288.49,73,2702.58,519.87,4837.80
Apple,Deal Seeker,VIP Access Sale,157920.23,62,2547.10,538.56,4974.40
Apple,Deal Seeker,Weekend Warrior Specials,145435.81,55,2644.29,761.71,4986.26
Apple,Deal Seeker,Winter Clearance Carnival,218876.48,77,2842.55,515.92,4977.62
Apple,Deal Seeker,Winter Wonders Sale,181346.46,66,2747.67,533.84,4970.79
Apple,First-time Buyer,12 Days of Deals,156297.74,58,2694.79,615.63,4987.59
Apple,First-time Buyer,Autumn Deals Drive,113514.12,41,2768.64,518.47,4801.99
Apple,First-time Buyer,BOGO Blitz,138995.82,55,2527.20,608.16,4954.04
Apple,First-time Buyer,Back to School Boost,199053.95,74,2689.92,507.63,4991.54
Apple,First-time Buyer,Birthday Bash Sale,189146.59,74,2556.04,556.71,4983.95
Apple,First-time Buyer,Black Friday Blowout,215704.05,80,2696.30,556.92,4908.79
Apple,First-time Buyer,Cart Crasher Campaign,188765.09,62,3044.60,561.34,4954.75
Apple,First-time Buyer,Cashback Carnival,171652.63,59,2909.37,522.52,4941.15
Apple,First-time Buyer,Clearance Countdown,189634.31,64,2963.04,592.01,4965.14
Apple,First-time Buyer,Countdown to Savings,183733.99,70,2624.77,505.11,4962.76
Apple,First-time Buyer,Customer Appreciation Week,186079.26,70,2658.28,556.29,4965.87
Apple,First-time Buyer,Cyber Monday Mania,204474.07,69,2963.39,637.43,4989.43
Apple,First-time Buyer,Deal of the Month,183571.08,64,2868.30,517.66,4999.96
Apple,First-time Buyer,Double Points Bonanza,186843.37,67,2788.71,554.75,4927.61
Apple,First-time Buyer,Early Bird Specials,165018.62,64,2578.42,586.30,4968.08
Apple,First-time Buyer,End of Season Sale,162046.03,58,2793.90,509.28,4958.72
Apple,First-time Buyer,Exclusive Insider Offers,174731.27,62,2818.25,526.79,4882.75
Apple,First-time Buyer,Festive Fever Promo,178506.79,66,2704.65,537.13,4965.47
Apple,First-time Buyer,Final Call Frenzy,204340.83,71,2878.04,830.14,4955.97
Apple,First-time Buyer,Flash Frenzy Friday,130222.66,50,2604.45,505.51,4815.57
Apple,First-time Buyer,"Gift More, Spend Less",137965.83,57,2420.45,541.12,4872.86
Apple,First-time Buyer,Golden Hour Bargains,184856.40,68,2718.48,555.72,4983.14
Apple,First-time Buyer,Green Weekend Deals,178578.69,64,2790.29,542.53,4848.98
Apple,First-time Buyer,Happy Hour Discounts,187531.35,66,2841.38,521.65,4993.94
Apple,First-time Buyer,Holiday Shopping Rush,113648.05,40,2841.20,555.78,4914.75
Apple,First-time Buyer,Hot Picks Promo,185384.05,68,2726.24,576.49,4995.24
Apple,First-time Buyer,Instant Gratification Sale,164782.35,67,2459.44,568.83,4874.82
Apple,First-time Buyer,Limited Time Treasures,220474.08,81,2721.90,552.06,4972.61
Apple,First-time Buyer,Loyalty Rewards Blast,199927.91,70,2856.11,564.71,4991.91
Apple,First-time Buyer,Mega Weekend Bonanza,211868.87,70,3026.70,519.39,4823.34
Apple,First-time Buyer,Mid-Year Madness,151797.75,56,2710.67,506.67,4946.83
Apple,First-time Buyer,Midnight Madness,215034.08,79,2721.95,540.94,4987.52
Apple,First-time Buyer,Mystery Discount Days,162016.71,52,3115.71,692.62,4945.05
Apple,First-time Buyer,New Arrival Showcase,214565.88,74,2899.54,533.92,4999.20
Apple,First-time Buyer,New Product Launch Promo,201331.05,74,2720.69,541.64,4983.02
Apple,First-time Buyer,New Year Kickoff,186172.42,62,3002.78,526.40,4949.44
Apple,First-time Buyer,Price Drop Parade,182061.67,61,2984.62,663.54,4996.99
Apple,First-time Buyer,Red Tag Clearance,208879.48,77,2712.72,634.22,4943.01
Apple,First-time Buyer,Seasonal Surprise Box,207309.89,75,2764.13,567.86,4892.96
Apple,First-time Buyer,Shop & Save Spectacular,186456.05,68,2742.00,521.35,4982.70
Apple,First-time Buyer,Smart Shopper Week,212606.96,75,2834.76,512.23,4989.46
Apple,First-time Buyer,Spring Refresh Event,218732.69,76,2878.06,548.89,4972.86
Apple,First-time Buyer,Spring Splash Discounts,159152.67,60,2652.54,514.69,4978.50
Apple,First-time Buyer,Summer Sizzle Promo,118553.33,50,2371.07,521.68,4928.89
Apple,First-time Buyer,Super Savings Week,200122.30,68,2942.98,602.86,4931.90
Apple,First-time Buyer,Ultimate Value Event,179351.24,66,2717.44,551.47,4997.68
Apple,First-time Buyer,VIP Access Sale,196603.66,67,2934.38,530.94,4834.86
Apple,First-time Buyer,Weekend Warrior Specials,162168.65,66,2457.10,506.54,4861.26
Apple,First-time Buyer,Winter Clearance Carnival,199236.52,76,2621.53,511.37,4869.36
Apple,First-time Buyer,Winter Wonders Sale,195512.14,66,2962.31,538.75,4991.72
Apple,High Value,12 Days of Deals,167842.87,72,2331.15,597.06,4864.90
Apple,High Value,Autumn Deals Drive,212777.39,74,2875.37,523.27,4849.25
Apple,High Value,BOGO Blitz,152422.51,55,2771.32,671.79,4849.84
Apple,High Value,Back to School Boost,245717.63,86,2857.18,579.91,4834.72
Apple,High Value,Birthday Bash Sale,192869.33,63,3061.42,566.11,4931.47
Apple,High Value,Black Friday Blowout,190501.45,74,2574.34,565.69,4852.53
Apple,High Value,Cart Crasher Campaign,209176.83,75,2789.02,601.15,4966.70
Apple,High Value,Cashback Carnival,165311.45,61,2710.02,584.80,4992.85
Apple,High Value,Clearance Countdown,188477.16,64,2944.96,547.08,4956.48
Apple,High Value,Countdown to Savings,165141.16,65,2540.63,522.02,4971.77
Apple,High Value,Customer Appreciation Week,210449.49,76,2769.07,546.87,4971.63
Apple,High Value,Cyber Monday Mania,214113.12,78,2745.04,532.84,4946.49
Apple,High Value,Deal of the Month,156162.11,59,2646.82,507.33,4820.47
Apple,High Value,Double Points Bonanza,138251.46,48,2880.24,562.96,4939.70
Apple,High Value,Early Bird Specials,178135.51,71,2508.95,503.12,4841.04
Apple,High Value,End of Season Sale,170960.67,60,2849.34,610.79,4962.18
Apple,High Value,Exclusive Insider Offers,146962.47,55,2672.04,749.57,4822.25
Apple,High Value,Festive Fever Promo,179700.21,62,2898.39,500.64,4881.24
Apple,High Value,Final Call Frenzy,155539.01,59,2636.25,600.13,4958.68
Apple,High Value,Flash Frenzy Friday,183020.19,69,2652.47,518.70,4976.45
Apple,High Value,"Gift More, Spend Less",174747.20,68,2569.81,543.51,4957.19
Apple,High Value,Golden Hour Bargains,126404.96,54,2340.83,514.33,4915.41
Apple,High Value,Green Weekend Deals,172645.00,60,2877.42,556.37,4993.95
Apple,High Value,Happy Hour Discounts,190938.67,67,2849.83,552.46,4976.08
Apple,High Value,Holiday Shopping Rush,172710.94,64,2698.61,641.19,4938.12
Apple,High Value,Hot Picks Promo,174440.92,65,2683.71,519.48,4974.13
Apple,High Value,Instant Gratification Sale,195814.43,72,2719.64,533.07,4898.86
Apple,High Value,Limited Time Treasures,162053.58,63,2572.28,582.89,4973.60
Apple,High Value,Loyalty Rewards Blast,175040.74,68,2574.13,514.95,4925.93
Apple,High Value,Mega Weekend Bonanza,145509.84,59,2466.27,527.11,4736.87
Apple,High Value,Mid-Year Madness,189325.04,66,2868.56,505.44,4881.39
Apple,High Value,Midnight Madness,177838.34,61,2915.38,807.14,4916.73
Apple,High Value,Mystery Discount Days,230854.07,75,3078.05,552.86,4996.73
Apple,High Value,New Arrival Showcase,166031.00,63,2635.41,522.67,4980.00
Apple,High Value,New Product Launch Promo,181154.69,71,2551.47,555.54,4989.38
Apple,High Value,New Year Kickoff,194210.58,69,2814.65,515.62,4878.65
Apple,High Value,Price Drop Parade,141060.19,49,2878.78,650.43,4985.27
Apple,High Value,Red Tag Clearance,162243.04,58,2797.29,551.68,4976.36
Apple,High Value,Seasonal Surprise Box,162737.79,65,2503.66,505.64,4833.46
Apple,High Value,Shop & Save Spectacular,189843.45,67,2833.48,539.52,4928.43
Apple,High Value,Smart Shopper Week,220790.32,78,2830.65,545.66,4999.52
Apple,High Value,Spring Refresh Event,190115.82,70,2715.94,528.99,4931.60
Apple,High Value,Spring Splash Discounts,178504.64,66,2704.62,534.41,4998.48
Apple,High Value,Summer Sizzle Promo,172869.09,65,2659.52,501.26,4985.95
Apple,High Value,Super Savings Week,207249.98,72,2878.47,568.81,4989.79
Apple,High Value,Ultimate Value Event,190763.95,67,2847.22,519.49,4993.10
Apple,High Value,VIP Access Sale,197126.31,74,2663.87,551.45,4944.64
Apple,High Value,Weekend Warrior Specials,150578.51,61,2468.50,567.32,4762.46
Apple,High Value,Winter Clearance Carnival,191087.21,73,2617.63,592.87,4961.60
Apple,High Value,Winter Wonders Sale,190873.76,69,2766.29,660.37,4979.50
Apple,In-Store Regular,12 Days of Deals,128488.58,48,2676.85,759.97,4763.11
Apple,In-Store Regular,Autumn Deals Drive,173072.09,62,2791.49,584.14,4966.20
Apple,In-Store Regular,BOGO Blitz,111954.57,40,2798.86,530.34,4942.61
Apple,In-Store Regular,Back to School Boost,187914.67,67,2804.70,501.01,4929.23
Apple,In-Store Regular,Birthday Bash Sale,177652.28,67,2651.53,595.19,4891.13
Apple,In-Store Regular,Black Friday Blowout,206713.43,81,2552.02,511.49,4935.40
Apple,In-Store Regular,Cart Crasher Campaign,228904.37,82,2791.52,526.19,4963.92
Apple,In-Store Regular,Cashback Carnival,136360.67,49,2782.87,661.03,4897.73
Apple,In-Store Regular,Clearance Countdown,154865.33,55,2815.73,580.35,4982.48
Apple,In-Store Regular,Countdown to Savings,167057.02,58,2880.29,668.44,4907.56
Apple,In-Store Regular,Customer Appreciation Week,199040.69,71,2803.39,531.79,4998.63
Apple,In-Store Regular,Cyber Monday Mania,161681.97,69,2343.22,532.36,4892.21
Apple,In-Store Regular,Deal of the Month,127141.95,47,2705.15,683.84,4985.85
Apple,In-Store Regular,Double Points Bonanza,175478.97,59,2974.22,500.80,4999.96
Apple,In-Store Regular,Early Bird Specials,143957.60,60,2399.29,540.77,4582.78
Apple,In-Store Regular,End of Season Sale,164714.64,66,2495.68,525.53,4997.96
Apple,In-Store Regular,Exclusive Insider Offers,214912.34,79,2720.41,659.36,4997.92
Apple,In-Store Regular,Festive Fever Promo,202411.34,78,2595.02,630.29,4875.91
Apple,In-Store Regular,Final Call Frenzy,178904.55,69,2592.82,500.25,4934.87
Apple,In-Store Regular,Flash Frenzy Friday,158449.47,61,2597.53,577.96,4614.70
Apple,In-Store Regular,"Gift More, Spend Less",193473.03,74,2614.50,549.75,4993.33
Apple,In-Store Regular,Golden Hour Bargains,178019.66,63,2825.71,562.30,4977.35
Apple,In-Store Regular,Green Weekend Deals,154378.92,59,2616.59,612.20,4972.68
Apple,In-Store Regular,Happy Hour Discounts,165947.38,58,2861.16,733.72,4990.56
Apple,In-Store Regular,Holiday Shopping Rush,165623.50,61,2715.14,551.49,4976.35
Apple,In-Store Regular,Hot Picks Promo,178765.84,64,2793.22,523.30,4865.76
Apple,In-Store Regular,Instant Gratification Sale,178833.97,64,2794.28,552.05,4993.60
Apple,In-Store Regular,Limited Time Treasures,188557.76,66,2856.94,573.14,4920.90
Apple,In-Store Regular,Loyalty Rewards Blast,189170.61,67,2823.44,740.74,4966.00
Apple,In-Store Regular,Mega Weekend Bonanza,201387.98,67,3005.79,599.05,4918.86
Apple,In-Store Regular,Mid-Year Madness,180616.50,63,2866.93,507.11,4989.21
Apple,In-Store Regular,Midnight Madness,169525.27,64,2648.83,532.81,4923.05
Apple,In-Store Regular,Mystery Discount Days,219987.89,76,2894.58,590.92,4976.16
Apple,In-Store Regular,New Arrival Showcase,187229.19,64,2925.46,573.67,4970.42
Apple,In-Store Regular,New Product Launch Promo,200945.39,74,2715.48,599.56,4940.22
Apple,In-Store Regular,New Year Kickoff,214893.18,74,2903.96,528.83,4996.42
Apple,In-Store Regular,Price Drop Parade,166338.25,63,2640.29,564.27,4977.85
Apple,In-Store Regular,Red Tag Clearance,209860.26,75,2798.14,556.56,4943.14
Apple,In-Store Regular,Seasonal Surprise Box,168567.22,68,2478.93,611.34,4940.27
Apple,In-Store Regular,Shop & Save Spectacular,193123.80,73,2645.53,503.16,4991.97
Apple,In-Store Regular,Smart Shopper Week,166440.36,60,2774.01,625.87,4939.78
Apple,In-Store Regular,Spring Refresh Event,235939.89,80,2949.25,513.21,4891.43
Apple,In-Store Regular,Spring Splash Discounts,189236.91,66,2867.23,586.22,4952.97
Apple,In-Store Regular,Summer Sizzle Promo,192047.55,67,2866.38,501.20,4995.70
Apple,In-Store Regular,Super Savings Week,184890.64,70,2641.29,702.03,4886.93
Apple,In-Store Regular,Ultimate Value Event,223693.87,79,2831.57,550.76,4927.08
Apple,In-Store Regular,VIP Access Sale,218666.85,71,3079.81,593.55,4873.82
Apple,In-Store Regular,Weekend Warrior Specials,215557.35,77,2799.45,524.39,4938.61
Apple,In-Store Regular,Winter Clearance Carnival,186894.20,67,2789.47,620.68,4798.89
Apple,In-Store Regular,Winter Wonders Sale,179903.20,68,2645.64,585.97,4962.99
Apple,Loyal Customer,12 Days of Deals,153311.40,53,2892.67,634.51,4776.26
Apple,Loyal Customer,Autumn Deals Drive,187718.78,69,2720.56,589.61,4924.18
Apple,Loyal Customer,BOGO Blitz,170496.80,69,2470.97,528.94,4998.43
Apple,Loyal Customer,Back to School Boost,133871.03,50,2677.42,613.15,4728.82
Apple,Loyal Customer,Birthday Bash Sale,194837.57,71,2744.19,530.70,4995.40
Apple,Loyal Customer,Black Friday Blowout,182207.74,64,2847.00,684.32,4980.78
Apple,Loyal Customer,Cart Crasher Campaign,160860.78,57,2822.12,580.80,4893.72
Apple,Loyal Customer,Cashback Carnival,178299.46,67,2661.19,604.06,4988.77
Apple,Loyal Customer,Clearance Countdown,199338.05,69,2888.96,533.77,4889.26
Apple,Loyal Customer,Countdown to Savings,168540.53,62,2718.40,511.63,4966.84
Apple,Loyal Customer,Customer Appreciation Week,204571.29,72,2841.27,517.88,4983.41
Apple,Loyal Customer,Cyber Monday Mania,157065.26,55,2855.73,606.82,4984.30
Apple,Loyal Customer,Deal of the Month,222705.15,77,2892.27,678.50,4991.67
Apple,Loyal Customer,Double Points Bonanza,176891.43,65,2721.41,579.52,4957.21
Apple,Loyal Customer,Early Bird Specials,158196.72,57,2775.38,541.70,4973.65
Apple,Loyal Customer,End of Season Sale,161203.72,58,2779.37,525.39,4956.16
Apple,Loyal Customer,Exclusive Insider Offers,205298.43,77,2666.21,528.96,4891.79
Apple,Loyal Customer,Festive Fever Promo,157855.66,65,2428.55,521.00,4962.22
Apple,Loyal Customer,Final Call Frenzy,197084.26,72,2737.28,523.38,4992.74
Apple,Loyal Customer,Flash Frenzy Friday,153438.38,61,2515.38,509.18,4938.80
Apple,Loyal Customer,"Gift More, Spend Less",160189.97,59,2715.08,513.99,4961.47
Apple,Loyal Customer,Golden Hour Bargains,161261.86,53,3042.68,898.07,4930.02
Apple,Loyal Customer,Green Weekend Deals,151794.48,57,2663.06,589.17,4964.11
Apple,Loyal Customer,Happy Hour Discounts,179749.13,62,2899.18,552.32,4961.42
Apple,Loyal Customer,Holiday Shopping Rush,164885.40,55,2997.92,612.81,4975.71
Apple,Loyal Customer,Hot Picks Promo,191486.96,70,2735.53,505.53,4883.03
Apple,Loyal Customer,Instant Gratification Sale,172835.20,71,2434.30,510.27,4925.23
Apple,Loyal Customer,Limited Time Treasures,182831.66,67,2728.83,559.09,4838.89
Apple,Loyal Customer,Loyalty Rewards Blast,192740.66,65,2965.24,508.20,4896.51
Apple,Loyal Customer,Mega Weekend Bonanza,179524.19,66,2720.06,504.97,4842.43
Apple,Loyal Customer,Mid-Year Madness,168019.53,64,2625.31,532.41,4993.10
Apple,Loyal Customer,Midnight Madness,218092.80,71,3071.73,514.32,4999.83
Apple,Loyal Customer,Mystery Discount Days,184702.20,67,2756.75,536.13,4986.37
Apple,Loyal Customer,New Arrival Showcase,194270.73,76,2556.19,519.44,4961.19
Apple,Loyal Customer,New Product Launch Promo,200620.29,74,2711.08,562.42,4973.77
Apple,Loyal Customer,New Year Kickoff,196616.85,72,2730.79,569.98,4877.01
Apple,Loyal Customer,Price Drop Parade,192299.87,60,3205.00,671.28,4926.76
Apple,Loyal Customer,Red Tag Clearance,155409.77,55,2825.63,514.32,4784.51
Apple,Loyal Customer,Seasonal Surprise Box,203184.73,70,2902.64,582.98,4907.28
Apple,Loyal Customer,Shop & Save Spectacular,169242.03,61,2774.46,544.21,4957.04
Apple,Loyal Customer,Smart Shopper Week,152962.82,60,2549.38,614.80,4977.85
Apple,Loyal Customer,Spring Refresh Event,186198.80,61,3052.44,509.43,4998.88
Apple,Loyal Customer,Spring Splash Discounts,195710.08,70,2795.86,508.55,4933.17
Apple,Loyal Customer,Summer Sizzle Promo,193040.01,67,2881.19,510.80,4982.47
Apple,Loyal Customer,Super Savings Week,193255.11,64,3019.61,713.94,4987.93
Apple,Loyal Customer,Ultimate Value Event,190827.63,66,2891.33,554.83,4999.80
Apple,Loyal Customer,VIP Access Sale,175194.21,69,2539.05,522.89,4993.82
Apple,Loyal Customer,Weekend Warrior Specials,228930.56,73,3136.04,509.48,4941.72
Apple,Loyal Customer,Winter Clearance Carnival,185039.60,66,2803.63,539.57,4982.10
Apple,Loyal Customer,Winter Wonders Sale,140732.60,54,2606.16,579.35,4988.84
Apple,Occasional Shopper,12 Days of Deals,202644.71,80,2533.06,510.31,4956.65
Apple,Occasional Shopper,Autumn Deals Drive,202184.21,71,2847.66,616.79,4985.10
Apple,Occasional Shopper,BOGO Blitz,167129.94,67,2494.48,558.22,4767.23
Apple,Occasional Shopper,Back to School Boost,176857.61,63,2807.26,559.19,4963.15
Apple,Occasional Shopper,Birthday Bash Sale,156140.48,59,2646.45,534.39,4705.42
Apple,Occasional Shopper,Black Friday Blowout,189416.66,70,2705.95,594.21,4955.85
Apple,Occasional Shopper,Cart Crasher Campaign,170132.16,64,2658.32,512.07,4887.13
Apple,Occasional Shopper,Cashback Carnival,190629.81,70,2723.28,500.55,4986.61
Apple,Occasional Shopper,Clearance Countdown,148281.84,55,2696.03,557.46,4960.06
Apple,Occasional Shopper,Countdown to Savings,152484.26,60,2541.40,618.71,4798.69
Apple,Occasional Shopper,Customer Appreciation Week,175936.10,64,2749.00,571.26,4996.83
Apple,Occasional Shopper,Cyber Monday Mania,173112.49,68,2545.77,535.88,4952.76
Apple,Occasional Shopper,Deal of the Month,217860.35,74,2944.06,655.22,4997.93
Apple,Occasional Shopper,Double Points Bonanza,135332.05,49,2761.88,637.32,4962.94
Apple,Occasional Shopper,Early Bird Specials,181138.14,71,2551.24,523.17,4945.36
Apple,Occasional Shopper,End of Season Sale,178278.80,63,2829.82,581.77,4949.54
Apple,Occasional Shopper,Exclusive Insider Offers,177422.17,69,2571.34,536.56,4982.45
Apple,Occasional Shopper,Festive Fever Promo,152360.46,55,2770.19,527.15,4994.26
Apple,Occasional Shopper,Final Call Frenzy,159735.60,61,2618.62,512.06,4909.71
Apple,Occasional Shopper,Flash Frenzy Friday,182186.20,62,2938.49,505.17,4990.08
Apple,Occasional Shopper,"Gift More, Spend Less",161018.37,58,2776.18,519.09,4956.17
Apple,Occasional Shopper,Golden Hour Bargains,175886.02,62,2836.87,664.31,4996.32
Apple,Occasional Shopper,Green Weekend Deals,174462.42,58,3007.97,573.88,4941.41
Apple,Occasional Shopper,Happy Hour Discounts,179609.25,64,2806.39,532.22,4971.25
Apple,Occasional Shopper,Holiday Shopping Rush,210559.22,76,2770.52,500.26,4991.74
Apple,Occasional Shopper,Hot Picks Promo,218815.69,82,2668.48,594.98,4932.84
Apple,Occasional Shopper,Instant Gratification Sale,229358.15,74,3099.43,544.57,4896.37
Apple,Occasional Shopper,Limited Time Treasures,177148.90,71,2495.05,536.32,4883.64
Apple,Occasional Shopper,Loyalty Rewards Blast,176406.12,64,2756.35,567.44,4869.49
Apple,Occasional Shopper,Mega Weekend Bonanza,183751.81,71,2588.05,511.57,4899.65
Apple,Occasional Shopper,Mid-Year Madness,181185.00,63,2875.95,594.94,4927.50
Apple,Occasional Shopper,Midnight Madness,174087.49,63,2763.29,542.11,4791.09
Apple,Occasional Shopper,Mystery Discount Days,209308.65,76,2754.06,572.94,4989.07
Apple,Occasional Shopper,New Arrival Showcase,204345.99,73,2799.26,524.74,4965.90
Apple,Occasional Shopper,New Product Launch Promo,225088.56,78,2885.75,512.83,4905.25
Apple,Occasional Shopper,New Year Kickoff,195630.88,67,2919.86,527.88,4976.95
Apple,Occasional Shopper,Price Drop Parade,202019.71,66,3060.90,644.99,4878.17
Apple,Occasional Shopper,Red Tag Clearance,178437.53,66,2703.60,550.72,4707.33
Apple,Occasional Shopper,Seasonal Surprise Box,227987.67,73,3123.12,509.83,4997.26
Apple,Occasional Shopper,Shop & Save Spectacular,217681.31,82,2654.65,577.25,4979.44
Apple,Occasional Shopper,Smart Shopper Week,171519.76,60,2858.66,504.91,4914.25
Apple,Occasional Shopper,Spring Refresh Event,232528.18,80,2906.60,557.29,4980.66
Apple,Occasional Shopper,Spring Splash Discounts,202737.35,72,2815.80,562.52,4890.82
Apple,Occasional Shopper,Summer Sizzle Promo,150186.99,57,2634.86,510.94,4988.14
Apple,Occasional Shopper,Super Savings Week,170272.77,65,2619.58,635.84,4971.00
Apple,Occasional Shopper,Ultimate Value Event,214952.26,67,3208.24,683.68,4987.50
Apple,Occasional Shopper,VIP Access Sale,203591.70,70,2908.45,684.65,4965.04
Apple,Occasional Shopper,Weekend Warrior Specials,184558.58,68,2714.10,510.55,4880.85
Apple,Occasional Shopper,Winter Clearance Carnival,208022.14,77,2701.59,513.61,4871.86
Apple,Occasional Shopper,Winter Wonders Sale,219008.78,82,2670.84,544.90,4989.20
Apple,Online Shopper,12 Days of Deals,212688.67,75,2835.85,552.29,4970.33
Apple,Online Shopper,Autumn Deals Drive,183418.19,67,2737.58,547.15,4971.89
Apple,Online Shopper,BOGO Blitz,174180.47,68,2561.48,579.56,4778.44
Apple,Online Shopper,Back to School Boost,180490.37,62,2911.13,636.94,4988.38
Apple,Online Shopper,Birthday Bash Sale,159396.27,60,2656.60,526.91,4976.43
Apple,Online Shopper,Black Friday Blowout,149185.12,58,2572.16,521.24,4955.38
Apple,Online Shopper,Cart Crasher Campaign,180993.55,65,2784.52,577.45,4998.84
Apple,Online Shopper,Cashback Carnival,244203.06,91,2683.55,525.06,4904.22
Apple,Online Shopper,Clearance Countdown,166089.35,60,2768.16,510.87,4921.18
Apple,Online Shopper,Countdown to Savings,194733.13,69,2822.22,558.23,4989.36
Apple,Online Shopper,Customer Appreciation Week,158946.85,59,2694.01,755.99,4881.95
Apple,Online Shopper,Cyber Monday Mania,151799.55,58,2617.23,518.12,4990.26
Apple,Online Shopper,Deal of the Month,193888.58,76,2551.17,581.47,4799.00
Apple,Online Shopper,Double Points Bonanza,212546.90,76,2796.67,522.75,4964.53
Apple,Online Shopper,Early Bird Specials,170255.22,68,2503.75,554.99,4840.69
Apple,Online Shopper,End of Season Sale,176103.81,62,2840.38,527.68,4995.06
Apple,Online Shopper,Exclusive Insider Offers,222784.79,73,3051.85,609.15,4992.73
Apple,Online Shopper,Festive Fever Promo,156630.33,62,2526.30,501.00,4929.15
Apple,Online Shopper,Final Call Frenzy,176023.53,63,2794.02,726.87,4911.69
Apple,Online Shopper,Flash Frenzy Friday,136212.65,50,2724.25,566.53,4852.27
Apple,Online Shopper,"Gift More, Spend Less",166470.86,66,2522.29,542.77,4828.97
Apple,Online Shopper,Golden Hour Bargains,196676.07,73,2694.19,512.23,4973.66
Apple,Online Shopper,Green Weekend Deals,235813.60,81,2911.28,517.70,4971.54
Apple,Online Shopper,Happy Hour Discounts,193529.89,70,2764.71,547.60,4927.11
Apple,Online Shopper,Holiday Shopping Rush,201741.98,68,2966.79,724.79,4988.74
Apple,Online Shopper,Hot Picks Promo,207985.73,73,2849.12,525.81,4929.93
Apple,Online Shopper,Instant Gratification Sale,204942.64,76,2696.61,501.85,4996.98
Apple,Online Shopper,Limited Time Treasures,171751.30,60,2862.52,520.41,4880.99
Apple,Online Shopper,Loyalty Rewards Blast,185357.10,76,2438.91,513.80,4878.36
Apple,Online Shopper,Mega Weekend Bonanza,162905.93,60,2715.10,542.35,4956.74
Apple,Online Shopper,Mid-Year Madness,162181.71,61,2658.72,536.76,4912.87
Apple,Online Shopper,Midnight Madness,170812.15,64,2668.94,565.55,4588.07
Apple,Online Shopper,Mystery Discount Days,171282.36,61,2807.91,500.77,4911.77
Apple,Online Shopper,New Arrival Showcase,222556.78,72,3091.07,597.73,4961.78
Apple,Online Shopper,New Product Launch Promo,196681.04,82,2398.55,511.01,4907.53
Apple,Online Shopper,New Year Kickoff,202868.42,73,2779.02,503.50,4971.73
Apple,Online Shopper,Price Drop Parade,198376.99,68,2917.31,541.45,4871.12
Apple,Online Shopper,Red Tag Clearance,202020.49,74,2730.01,535.93,4980.72
Apple,Online Shopper,Seasonal Surprise Box,206181.06,75,2749.08,500.70,4917.93
Apple,Online Shopper,Shop & Save Spectacular,145808.59,56,2603.72,659.43,4994.26
Apple,Online Shopper,Smart Shopper Week,180014.42,74,2432.63,654.43,4750.12
Apple,Online Shopper,Spring Refresh Event,158005.35,56,2821.52,666.38,4997.20
Apple,Online Shopper,Spring Splash Discounts,170231.91,55,3095.13,775.72,4937.18
Apple,Online Shopper,Summer Sizzle Promo,163019.77,55,2964.00,533.54,4902.99
Apple,Online Shopper,Super Savings Week,172861.71,67,2580.03,560.61,4889.16
Apple,Online Shopper,Ultimate Value Event,154368.33,55,2806.70,617.11,4998.93
Apple,Online Shopper,VIP Access Sale,183416.11,66,2779.03,583.11,4960.73
Apple,Online Shopper,Weekend Warrior Specials,168376.65,60,2806.28,598.84,4940.93
Apple,Online Shopper,Winter Clearance Carnival,178254.84,71,2510.63,521.11,4995.16
Apple,Online Shopper,Winter Wonders Sale,162839.07,56,2907.84,601.33,4964.53
Apple,Premium Shopper,12 Days of Deals,209632.45,71,2952.57,708.68,4956.22
Apple,Premium Shopper,Autumn Deals Drive,168908.32,62,2724.33,535.79,4861.19
Apple,Premium Shopper,BOGO Blitz,204120.02,72,2835.00,507.85,4916.26
Apple,Premium Shopper,Back to School Boost,155067.96,64,2422.94,530.14,4850.37
Apple,Premium Shopper,Birthday Bash Sale,181029.15,60,3017.15,540.73,4935.82
Apple,Premium Shopper,Black Friday Blowout,177070.69,61,2902.80,562.13,4982.42
Apple,Premium Shopper,Cart Crasher Campaign,189579.98,72,2633.06,531.59,4862.32
Apple,Premium Shopper,Cashback Carnival,175955.27,58,3033.71,562.52,4909.04
Apple,Premium Shopper,Clearance Countdown,182866.44,69,2650.24,548.24,4912.03
Apple,Premium Shopper,Countdown to Savings,199677.72,76,2627.34,628.15,4929.75
Apple,Premium Shopper,Customer Appreciation Week,208285.63,74,2814.67,507.42,4962.63
Apple,Premium Shopper,Cyber Monday Mania,166115.28,65,2555.62,526.23,4970.73
Apple,Premium Shopper,Deal of the Month,189553.22,65,2916.20,520.13,4954.01
Apple,Premium Shopper,Double Points Bonanza,190868.74,68,2806.89,509.10,4980.94
Apple,Premium Shopper,Early Bird Specials,165971.12,58,2861.57,525.72,4982.24
Apple,Premium Shopper,End of Season Sale,200668.43,72,2787.06,504.05,4911.34
Apple,Premium Shopper,Exclusive Insider Offers,185517.75,65,2854.12,559.53,4985.88
Apple,Premium Shopper,Festive Fever Promo,185302.47,64,2895.35,524.53,4787.91
Apple,Premium Shopper,Final Call Frenzy,189060.08,72,2625.83,526.03,4946.54
Apple,Premium Shopper,Flash Frenzy Friday,201905.83,74,2728.46,592.00,4949.47
Apple,Premium Shopper,"Gift More, Spend Less",188631.26,73,2583.99,508.46,4842.27
Apple,Premium Shopper,Golden Hour Bargains,231900.47,82,2828.05,729.69,4995.98
Apple,Premium Shopper,Green Weekend Deals,134615.50,52,2588.76,629.03,4986.11
Apple,Premium Shopper,Happy Hour Discounts,207399.74,76,2728.94,532.66,4985.69
Apple,Premium Shopper,Holiday Shopping Rush,176843.57,68,2600.64,516.51,4787.76
Apple,Premium Shopper,Hot Picks Promo,163810.92,59,2776.46,620.38,4967.95
Apple,Premium Shopper,Instant Gratification Sale,157985.36,65,2430.54,585.02,4977.85
Apple,Premium Shopper,Limited Time Treasures,175235.21,64,2738.05,502.69,4977.48
Apple,Premium Shopper,Loyalty Rewards Blast,167921.42,63,2665.42,575.02,4940.07
Apple,Premium Shopper,Mega Weekend Bonanza,204966.17,76,2696.92,621.69,4977.51
Apple,Premium Shopper,Mid-Year Madness,166866.56,59,2828.25,662.57,4871.36
Apple,Premium Shopper,Midnight Madness,160826.05,59,2725.87,537.46,4982.21
Apple,Premium Shopper,Mystery Discount Days,202910.50,65,3121.70,602.24,4953.93
Apple,Premium Shopper,New Arrival Showcase,192254.76,71,2707.81,540.04,4995.38
Apple,Premium Shopper,New Product Launch Promo,125193.42,51,2454.77,603.90,4973.07
Apple,Premium Shopper,New Year Kickoff,198440.75,73,2718.37,677.26,4966.50
Apple,Premium Shopper,Price Drop Parade,133637.21,52,2569.95,534.32,4972.74
Apple,Premium Shopper,Red Tag Clearance,203244.54,72,2822.84,544.24,4991.96
Apple,Premium Shopper,Seasonal Surprise Box,168331.29,66,2550.47,579.58,4841.81
Apple,Premium Shopper,Shop & Save Spectacular,169826.54,60,2830.44,600.46,4813.54
Apple,Premium Shopper,Smart Shopper Week,235017.96,82,2866.07,536.06,4942.02
Apple,Premium Shopper,Spring Refresh Event,180842.51,67,2699.14,509.24,4903.47
Apple,Premium Shopper,Spring Splash Discounts,171452.54,62,2765.36,848.22,4886.04
Apple,Premium Shopper,Summer Sizzle Promo,195936.95,67,2924.43,607.77,4969.25
Apple,Premium Shopper,Super Savings Week,179753.36,66,2723.54,544.30,4996.76
Apple,Premium Shopper,Ultimate Value Event,135365.24,52,2603.18,541.37,4949.42
Apple,Premium Shopper,VIP Access Sale,155437.89,61,2548.16,503.41,4936.06
Apple,Premium Shopper,Weekend Warrior Specials,152678.96,59,2587.78,541.17,4844.08
Apple,Premium Shopper,Winter Clearance Carnival,185525.76,75,2473.68,535.73,4983.88
Apple,Premium Shopper,Winter Wonders Sale,191067.91,68,2809.82,708.05,4958.40
Bosch,Budget Shopper,12 Days of Deals,177592.24,66,2690.79,565.18,4784.24
Bosch,Budget Shopper,Autumn Deals Drive,190995.75,68,2808.76,506.50,4989.53
Bosch,Budget Shopper,BOGO Blitz,176653.35,68,2597.84,531.42,4968.29
Bosch,Budget Shopper,Back to School Boost,171986.61,67,2566.96,516.87,4883.82
Bosch,Budget Shopper,Birthday Bash Sale,178094.38,62,2872.49,544.66,4944.31
Bosch,Budget Shopper,Black Friday Blowout,149131.26,54,2761.69,508.64,4939.15
Bosch,Budget Shopper,Cart Crasher Campaign,172924.64,65,2660.38,573.46,4979.99
Bosch,Budget Shopper,Cashback Carnival,229230.36,85,2696.83,629.50,4908.37
Bosch,Budget Shopper,Clearance Countdown,188940.35,73,2588.22,598.64,4773.36
Bosch,Budget Shopper,Countdown to Savings,193063.00,72,2681.43,543.01,4802.70
Bosch,Budget Shopper,Customer Appreciation Week,160580.25,61,2632.46,528.70,4879.40
Bosch,Budget Shopper,Cyber Monday Mania,209691.02,72,2912.38,502.91,4976.81
Bosch,Budget Shopper,Deal of the Month,174141.75,61,2854.78,778.00,4950.96
Bosch,Budget Shopper,Double Points Bonanza,213760.90,76,2812.64,503.85,4922.42
Bosch,Budget Shopper,Early Bird Specials,160143.73,59,2714.30,598.24,4918.29
Bosch,Budget Shopper,End of Season Sale,238551.16,83,2874.11,630.11,4999.19
Bosch,Budget Shopper,Exclusive Insider Offers,213111.51,80,2663.89,530.40,4986.50
Bosch,Budget Shopper,Festive Fever Promo,153927.94,62,2482.71,500.98,4914.20
Bosch,Budget Shopper,Final Call Frenzy,162486.87,57,2850.65,527.74,4973.19
Bosch,Budget Shopper,Flash Frenzy Friday,216912.27,77,2817.04,526.39,4987.57
Bosch,Budget Shopper,"Gift More, Spend Less",179458.38,64,2804.04,531.30,4921.84
Bosch,Budget Shopper,Golden Hour Bargains,147534.58,56,2634.55,500.71,4938.92
Bosch,Budget Shopper,Green Weekend Deals,224652.83,78,2880.16,506.97,4996.73
Bosch,Budget Shopper,Happy Hour Discounts,205231.67,66,3109.57,585.81,4994.19
Bosch,Budget Shopper,Holiday Shopping Rush,201458.11,72,2798.03,547.73,4936.65
Bosch,Budget Shopper,Hot Picks Promo,171392.65,66,2596.86,503.76,4988.48
Bosch,Budget Shopper,Instant Gratification Sale,155363.03,51,3046.33,533.45,4803.17
Bosch,Budget Shopper,Limited Time Treasures,243558.65,91,2676.47,530.51,4885.29
Bosch,Budget Shopper,Loyalty Rewards Blast,208405.88,70,2977.23,732.67,4998.98
Bosch,Budget Shopper,Mega Weekend Bonanza,167963.48,60,2799.39,523.86,4910.87
Bosch,Budget Shopper,Mid-Year Madness,190718.36,75,2542.91,558.90,4992.45
Bosch,Budget Shopper,Midnight Madness,158887.75,60,2648.13,589.87,4995.31
Bosch,Budget Shopper,Mystery Discount Days,182818.32,68,2688.50,503.19,4975.16
Bosch,Budget Shopper,New Arrival Showcase,126887.78,48,2643.50,539.37,4826.65
Bosch,Budget Shopper,New Product Launch Promo,212751.96,76,2799.37,646.70,4909.69
Bosch,Budget Shopper,New Year Kickoff,141876.04,56,2533.50,500.10,4637.33
Bosch,Budget Shopper,Price Drop Parade,159225.71,57,2793.43,533.28,4992.73
Bosch,Budget Shopper,Red Tag Clearance,173613.28,63,2755.77,514.93,4716.81
Bosch,Budget Shopper,Seasonal Surprise Box,215102.93,79,2722.82,521.38,4972.63
Bosch,Budget Shopper,Shop & Save Spectacular,175979.97,66,2666.36,623.62,4991.10
Bosch,Budget Shopper,Smart Shopper Week,190692.68,67,2846.16,510.10,4854.03
Bosch,Budget Shopper,Spring Refresh Event,216940.81,80,2711.76,528.70,4981.60
Bosch,Budget Shopper,Spring Splash Discounts,194737.62,63,3091.07,562.62,4999.80
Bosch,Budget Shopper,Summer Sizzle Promo,183877.24,66,2786.02,576.53,4918.20
Bosch,Budget Shopper,Super Savings Week,202605.72,70,2894.37,555.70,4966.26
Bosch,Budget Shopper,Ultimate Value Event,238667.51,81,2946.51,513.46,4998.56
Bosch,Budget Shopper,VIP Access Sale,226673.14,83,2731.00,601.60,4947.40
Bosch,Budget Shopper,Weekend Warrior Specials,213036.65,73,2918.31,505.78,4932.07
Bosch,Budget Shopper,Winter Clearance Carnival,170350.82,59,2887.30,569.71,4880.23
Bosch,Budget Shopper,Winter Wonders Sale,165664.81,60,2761.08,525.01,4977.07
Bosch,Churn Risk,12 Days of Deals,165279.45,63,2623.48,504.11,4947.52
Bosch,Churn Risk,Autumn Deals Drive,185267.19,68,2724.52,545.90,4937.45
Bosch,Churn Risk,BOGO Blitz,221153.58,74,2988.56,528.46,4984.36
Bosch,Churn Risk,Back to School Boost,196889.07,74,2660.66,621.68,4992.97
Bosch,Churn Risk,Birthday Bash Sale,230348.53,79,2915.80,541.59,4985.02
Bosch,Churn Risk,Black Friday Blowout,153592.11,60,2559.87,540.57,4927.21
Bosch,Churn Risk,Cart Crasher Campaign,165261.01,59,2801.03,567.05,4965.11
Bosch,Churn Risk,Cashback Carnival,152461.65,50,3049.23,520.34,4856.06
Bosch,Churn Risk,Clearance Countdown,216030.34,81,2667.04,568.00,4995.95
Bosch,Churn Risk,Countdown to Savings,174987.32,61,2868.64,656.95,4974.44
Bosch,Churn Risk,Customer Appreciation Week,192361.72,64,3005.65,502.07,4990.07
Bosch,Churn Risk,Cyber Monday Mania,157887.93,60,2631.47,536.26,4931.15
Bosch,Churn Risk,Deal of the Month,204106.60,72,2834.81,531.50,4915.61
Bosch,Churn Risk,Double Points Bonanza,189432.71,68,2785.78,541.40,4893.21
Bosch,Churn Risk,Early Bird Specials,200524.83,71,2824.29,709.09,4884.69
Bosch,Churn Risk,End of Season Sale,225731.32,89,2536.31,520.91,4777.09
Bosch,Churn Risk,Exclusive Insider Offers,163778.09,60,2729.63,572.87,4718.06
Bosch,Churn Risk,Festive Fever Promo,172397.61,60,2873.29,579.52,4911.44
Bosch,Churn Risk,Final Call Frenzy,184890.87,64,2888.92,532.63,4989.15
Bosch,Churn Risk,Flash Frenzy Friday,199265.65,77,2587.87,522.32,4975.88
Bosch,Churn Risk,"Gift More, Spend Less",187633.62,69,2719.33,540.84,4953.63
Bosch,Churn Risk,Golden Hour Bargains,153967.74,56,2749.42,611.45,4930.86
Bosch,Churn Risk,Green Weekend Deals,171549.96,65,2639.23,517.77,4968.85
Bosch,Churn Risk,Happy Hour Discounts,200001.70,76,2631.60,511.72,4939.07
Bosch,Churn Risk,Holiday Shopping Rush,209285.01,71,2947.68,512.78,4968.05
Bosch,Churn Risk,Hot Picks Promo,216293.24,75,2883.91,563.10,4846.70
Bosch,Churn Risk,Instant Gratification Sale,220147.05,78,2822.40,522.25,4961.45
Bosch,Churn Risk,Limited Time Treasures,178659.76,60,2977.66,563.43,4979.98
Bosch,Churn Risk,Loyalty Rewards Blast,182339.80,64,2849.06,517.11,4906.58
Bosch,Churn Risk,Mega Weekend Bonanza,177098.67,67,2643.26,585.07,4948.26
Bosch,Churn Risk,Mid-Year Madness,192604.52,66,2918.25,536.29,4946.53
Bosch,Churn Risk,Midnight Madness,206467.63,79,2613.51,502.75,4958.94
Bosch,Churn Risk,Mystery Discount Days,172249.75,66,2609.84,544.80,4777.49
Bosch,Churn Risk,New Arrival Showcase,166248.14,68,2444.83,553.30,4964.15
Bosch,Churn Risk,New Product Launch Promo,187325.81,63,2973.43,573.35,4786.21
Bosch,Churn Risk,New Year Kickoff,159671.11,59,2706.29,520.40,4942.14
Bosch,Churn Risk,Price Drop Parade,176359.09,63,2799.35,695.65,4689.34
Bosch,Churn Risk,Red Tag Clearance,179093.62,68,2633.73,522.06,4882.96
Bosch,Churn Risk,Seasonal Surprise Box,173594.31,69,2515.86,505.59,4981.41
Bosch,Churn Risk,Shop & Save Spectacular,178115.75,62,2872.83,611.71,4860.79
Bosch,Churn Risk,Smart Shopper Week,171039.39,61,2803.92,523.85,4976.44
Bosch,Churn Risk,Spring Refresh Event,147374.22,53,2780.65,515.12,4934.82
Bosch,Churn Risk,Spring Splash Discounts,209534.75,79,2652.34,598.33,4823.88
Bosch,Churn Risk,Summer Sizzle Promo,167653.80,61,2748.42,505.55,4958.74
Bosch,Churn Risk,Super Savings Week,165552.52,57,2904.43,521.53,4882.07
Bosch,Churn Risk,Ultimate Value Event,164095.51,64,2563.99,543.34,4908.36
Bosch,Churn Risk,VIP Access Sale,208021.08,69,3014.80,571.44,4969.25
Bosch,Churn Risk,Weekend Warrior Specials,180231.98,61,2954.62,1008.53,4987.65
Bosch,Churn Risk,Winter Clearance Carnival,149259.66,53,2816.22,509.17,4865.77
Bosch,Churn Risk,Winter Wonders Sale,187529.28,71,2641.26,513.89,4953.77
Bosch,Deal Seeker,12 Days of Deals,192692.47,75,2569.23,509.29,4995.00
Bosch,Deal Seeker,Autumn Deals Drive,174804.88,70,2497.21,570.73,4644.20
Bosch,Deal Seeker,BOGO Blitz,178405.50,62,2877.51,588.04,4966.80
Bosch,Deal Seeker,Back to School Boost,159578.86,61,2616.05,552.09,4962.05
Bosch,Deal Seeker,Birthday Bash Sale,169167.28,69,2451.70,530.53,4996.94
Bosch,Deal Seeker,Black Friday Blowout,208892.75,77,2712.89,613.95,4927.49
Bosch,Deal Seeker,Cart Crasher Campaign,176682.15,63,2804.48,566.15,4993.56
Bosch,Deal Seeker,Cashback Carnival,199533.49,76,2625.44,600.23,4963.83
Bosch,Deal Seeker,Clearance Countdown,145536.94,61,2385.85,501.45,4830.35
Bosch,Deal Seeker,Countdown to Savings,154619.78,61,2534.75,502.22,4999.30
Bosch,Deal Seeker,Customer Appreciation Week,186452.63,67,2782.88,577.73,4970.12
Bosch,Deal Seeker,Cyber Monday Mania,205427.54,76,2702.99,596.00,4970.33
Bosch,Deal Seeker,Deal of the Month,165299.86,67,2467.16,521.81,4808.30
Bosch,Deal Seeker,Double Points Bonanza,194569.01,72,2702.35,517.58,4894.10
Bosch,Deal Seeker,Early Bird Specials,191672.11,65,2948.80,545.43,4994.26
Bosch,Deal Seeker,End of Season Sale,183690.35,62,2962.75,547.81,4988.61
Bosch,Deal Seeker,Exclusive Insider Offers,172458.65,59,2923.03,556.90,4996.02
Bosch,Deal Seeker,Festive Fever Promo,226176.72,90,2513.07,558.56,4938.32
Bosch,Deal Seeker,Final Call Frenzy,207071.41,72,2875.99,516.35,4898.75
Bosch,Deal Seeker,Flash Frenzy Friday,133017.54,50,2660.35,856.35,4959.65
Bosch,Deal Seeker,"Gift More, Spend Less",176492.05,67,2634.21,644.34,4852.25
Bosch,Deal Seeker,Golden Hour Bargains,204794.99,68,3011.69,594.47,4944.06
Bosch,Deal Seeker,Green Weekend Deals,185427.74,79,2347.19,526.09,4822.91
Bosch,Deal Seeker,Happy Hour Discounts,198606.27,70,2837.23,549.23,4942.23
Bosch,Deal Seeker,Holiday Shopping Rush,194111.27,74,2623.13,571.06,4876.44
Bosch,Deal Seeker,Hot Picks Promo,172698.42,62,2785.46,542.43,4946.79
Bosch,Deal Seeker,Instant Gratification Sale,202258.61,76,2661.30,514.98,4979.59
Bosch,Deal Seeker,Limited Time Treasures,224741.15,84,2675.49,515.46,4966.06
Bosch,Deal Seeker,Loyalty Rewards Blast,171381.53,66,2596.69,502.39,4989.24
Bosch,Deal Seeker,Mega Weekend Bonanza,131123.04,57,2300.40,515.46,4944.97
Bosch,Deal Seeker,Mid-Year Madness,168914.54,63,2681.18,559.89,4945.62
Bosch,Deal Seeker,Midnight Madness,174749.17,63,2773.80,583.15,4972.67
Bosch,Deal Seeker,Mystery Discount Days,144923.97,60,2415.40,570.03,4798.97
Bosch,Deal Seeker,New Arrival Showcase,248214.95,85,2920.18,760.05,4777.28
Bosch,Deal Seeker,New Product Launch Promo,170341.88,64,2661.59,500.80,4962.41
Bosch,Deal Seeker,New Year Kickoff,145669.65,57,2555.61,593.28,4989.14
Bosch,Deal Seeker,Price Drop Parade,216020.88,74,2919.20,762.68,4932.81
Bosch,Deal Seeker,Red Tag Clearance,183981.45,65,2830.48,500.88,4998.91
Bosch,Deal Seeker,Seasonal Surprise Box,170898.02,62,2756.42,573.20,4998.61
Bosch,Deal Seeker,Shop & Save Spectacular,184220.33,66,2791.22,567.50,4981.78
Bosch,Deal Seeker,Smart Shopper Week,195887.08,65,3013.65,612.14,4991.04
Bosch,Deal Seeker,Spring Refresh Event,161274.93,68,2371.69,517.87,4936.29
Bosch,Deal Seeker,Spring Splash Discounts,165541.64,60,2759.03,503.39,4825.80
Bosch,Deal Seeker,Summer Sizzle Promo,186867.63,63,2966.15,521.06,4943.83
Bosch,Deal Seeker,Super Savings Week,150691.33,60,2511.52,549.17,4942.99
Bosch,Deal Seeker,Ultimate Value Event,217974.41,78,2794.54,526.43,4951.42
Bosch,Deal Seeker,VIP Access Sale,181706.35,66,2753.13,502.77,4863.45
Bosch,Deal Seeker,Weekend Warrior Specials,144944.27,56,2588.29,522.66,4798.56
Bosch,Deal Seeker,Winter Clearance Carnival,156330.89,57,2742.65,546.78,4939.21
Bosch,Deal Seeker,Winter Wonders Sale,194592.75,69,2820.18,555.56,4997.54
Bosch,First-time Buyer,12 Days of Deals,162720.80,59,2757.98,546.21,4956.33
Bosch,First-time Buyer,Autumn Deals Drive,162786.28,60,2713.10,546.07,4927.21
Bosch,First-time Buyer,BOGO Blitz,152308.87,54,2820.53,509.99,4946.99
Bosch,First-time Buyer,Back to School Boost,203943.76,71,2872.45,531.42,4935.69
Bosch,First-time Buyer,Birthday Bash Sale,180137.47,66,2729.36,537.53,4994.42
Bosch,First-time Buyer,Black Friday Blowout,204851.19,74,2768.26,519.77,4935.72
Bosch,First-time Buyer,Cart Crasher Campaign,211774.61,78,2715.06,507.03,4972.46
Bosch,First-time Buyer,Cashback Carnival,172900.09,56,3087.50,772.15,4897.74
Bosch,First-time Buyer,Clearance Countdown,148998.55,53,2811.29,541.62,4833.02
Bosch,First-time Buyer,Countdown to Savings,147993.93,56,2642.75,567.20,4903.79
Bosch,First-time Buyer,Customer Appreciation Week,138274.70,57,2425.87,592.28,4903.08
Bosch,First-time Buyer,Cyber Monday Mania,199757.47,77,2594.25,503.20,4882.33
Bosch,First-time Buyer,Deal of the Month,161168.83,61,2642.11,502.14,4840.41
Bosch,First-time Buyer,Double Points Bonanza,209652.14,73,2871.95,519.13,4986.75
Bosch,First-time Buyer,Early Bird Specials,191190.92,67,2853.60,535.63,4971.26
Bosch,First-time Buyer,End of Season Sale,203111.56,75,2708.15,520.64,4914.90
Bosch,First-time Buyer,Exclusive Insider Offers,156531.11,61,2566.08,510.30,4753.69
Bosch,First-time Buyer,Festive Fever Promo,188754.46,65,2903.91,625.63,4981.86
Bosch,First-time Buyer,Final Call Frenzy,225040.38,85,2647.53,523.58,4881.80
Bosch,First-time Buyer,Flash Frenzy Friday,188420.43,72,2616.95,541.93,4988.13
Bosch,First-time Buyer,"Gift More, Spend Less",183894.78,70,2627.07,551.29,4961.67
Bosch,First-time Buyer,Golden Hour Bargains,151144.70,61,2477.78,691.20,4905.61
Bosch,First-time Buyer,Green Weekend Deals,216246.24,78,2772.39,512.34,4932.77
Bosch,First-time Buyer,Happy Hour Discounts,200370.33,74,2707.71,552.78,4994.66
Bosch,First-time Buyer,Holiday Shopping Rush,172779.40,62,2786.76,542.27,4984.77
Bosch,First-time Buyer,Hot Picks Promo,185193.06,71,2608.35,536.54,4970.93
Bosch,First-time Buyer,Instant Gratification Sale,175974.21,67,2626.48,519.83,4968.47
Bosch,First-time Buyer,Limited Time Treasures,170740.53,69,2474.50,543.35,4871.37
Bosch,First-time Buyer,Loyalty Rewards Blast,154261.99,56,2754.68,534.55,4968.33
Bosch,First-time Buyer,Mega Weekend Bonanza,171260.25,64,2675.94,602.05,4769.54
Bosch,First-time Buyer,Mid-Year Madness,184102.24,66,2789.43,523.24,4977.92
Bosch,First-time Buyer,Midnight Madness,177926.86,64,2780.11,523.48,4937.41
Bosch,First-time Buyer,Mystery Discount Days,162910.44,57,2858.08,593.83,4904.71
Bosch,First-time Buyer,New Arrival Showcase,155641.30,64,2431.90,524.04,4954.01
Bosch,First-time Buyer,New Product Launch Promo,221468.97,80,2768.36,634.68,4925.98
Bosch,First-time Buyer,New Year Kickoff,170266.02,58,2935.62,529.42,4865.18
Bosch,First-time Buyer,Price Drop Parade,238707.87,88,2712.59,518.20,4914.00
Bosch,First-time Buyer,Red Tag Clearance,213441.68,77,2771.97,526.33,4985.87
Bosch,First-time Buyer,Seasonal Surprise Box,169519.69,68,2492.94,557.01,4976.59
Bosch,First-time Buyer,Shop & Save Spectacular,143046.24,56,2554.40,593.16,4993.98
Bosch,First-time Buyer,Smart Shopper Week,199550.24,65,3070.00,638.64,4937.64
Bosch,First-time Buyer,Spring Refresh Event,198243.34,72,2753.38,610.10,4978.98
Bosch,First-time Buyer,Spring Splash Discounts,180877.34,64,2826.21,631.95,4995.52
Bosch,First-time Buyer,Summer Sizzle Promo,187208.10,66,2836.49,556.25,4998.36
Bosch,First-time Buyer,Super Savings Week,213878.01,73,2929.84,535.76,4941.38
Bosch,First-time Buyer,Ultimate Value Event,158270.39,56,2826.26,548.76,4836.58
Bosch,First-time Buyer,VIP Access Sale,192687.46,69,2792.57,556.25,4915.05
Bosch,First-time Buyer,Weekend Warrior Specials,160894.11,62,2595.07,519.68,4942.45
Bosch,First-time Buyer,Winter Clearance Carnival,150363.83,53,2837.05,530.27,4982.49
Bosch,First-time Buyer,Winter Wonders Sale,167347.19,64,2614.80,610.46,4880.85
Bosch,High Value,12 Days of Deals,188758.87,73,2585.74,568.43,4930.77
Bosch,High Value,Autumn Deals Drive,151011.63,58,2603.65,611.60,4997.76
Bosch,High Value,BOGO Blitz,202706.37,73,2776.80,547.47,4997.47
Bosch,High Value,Back to School Boost,188759.52,64,2949.37,500.13,4753.73
Bosch,High Value,Birthday Bash Sale,168518.74,62,2718.04,573.79,4945.11
Bosch,High Value,Black Friday Blowout,158457.00,62,2555.76,537.26,4935.74
Bosch,High Value,Cart Crasher Campaign,147187.08,52,2830.52,531.87,4960.08
Bosch,High Value,Cashback Carnival,160239.07,59,2715.92,544.01,4991.33
Bosch,High Value,Clearance Countdown,157461.07,60,2624.35,513.39,4972.08
Bosch,High Value,Countdown to Savings,215833.21,74,2916.67,571.59,4771.04
Bosch,High Value,Customer Appreciation Week,205140.29,77,2664.16,586.93,4818.69
Bosch,High Value,Cyber Monday Mania,198371.79,75,2644.96,574.82,4994.48
Bosch,High Value,Deal of the Month,185761.79,56,3317.17,659.83,4943.28
Bosch,High Value,Double Points Bonanza,179233.02,70,2560.47,514.22,4942.33
Bosch,High Value,Early Bird Specials,147959.20,58,2551.02,510.39,4840.64
Bosch,High Value,End of Season Sale,174822.79,63,2774.96,634.84,4990.44
Bosch,High Value,Exclusive Insider Offers,166662.29,56,2976.11,730.46,4859.12
Bosch,High Value,Festive Fever Promo,194724.91,75,2596.33,506.12,4963.38
Bosch,High Value,Final Call Frenzy,173354.18,66,2626.58,525.11,4959.29
Bosch,High Value,Flash Frenzy Friday,197663.22,70,2823.76,504.30,4925.48
Bosch,High Value,"Gift More, Spend Less",182918.66,80,2286.48,515.29,4930.12
Bosch,High Value,Golden Hour Bargains,169716.31,59,2876.55,544.38,4966.01
Bosch,High Value,Green Weekend Deals,153815.52,53,2902.18,651.24,4977.38
Bosch,High Value,Happy Hour Discounts,178058.52,63,2826.33,505.19,4969.19
Bosch,High Value,Holiday Shopping Rush,116982.49,46,2543.10,575.78,4951.95
Bosch,High Value,Hot Picks Promo,182286.42,70,2604.09,566.50,4926.29
Bosch,High Value,Instant Gratification Sale,169342.91,68,2490.34,509.24,4953.26
Bosch,High Value,Limited Time Treasures,177261.98,69,2569.01,597.74,4943.08
Bosch,High Value,Loyalty Rewards Blast,166939.58,60,2782.33,577.92,4943.31
Bosch,High Value,Mega Weekend Bonanza,190358.17,68,2799.38,807.02,4641.72
Bosch,High Value,Mid-Year Madness,198050.89,72,2750.71,504.23,4929.02
Bosch,High Value,Midnight Madness,169415.59,65,2606.39,510.44,4979.06
Bosch,High Value,Mystery Discount Days,160502.40,58,2767.28,643.97,4939.54
Bosch,High Value,New Arrival Showcase,187399.67,73,2567.12,559.44,4911.88
Bosch,High Value,New Product Launch Promo,188678.47,69,2734.47,541.26,4906.06
Bosch,High Value,New Year Kickoff,166748.55,68,2452.18,560.73,4922.34
Bosch,High Value,Price Drop Parade,216048.15,80,2700.60,515.20,4989.69
Bosch,High Value,Red Tag Clearance,184177.93,68,2708.50,507.44,4975.74
Bosch,High Value,Seasonal Surprise Box,163670.45,57,2871.41,556.90,4900.50
Bosch,High Value,Shop & Save Spectacular,187269.92,63,2972.54,674.39,4952.88
Bosch,High Value,Smart Shopper Week,162333.53,58,2798.85,570.86,4909.62
Bosch,High Value,Spring Refresh Event,171316.01,59,2903.66,508.04,4978.78
Bosch,High Value,Spring Splash Discounts,202318.64,75,2697.58,551.58,4966.73
Bosch,High Value,Summer Sizzle Promo,174316.05,62,2811.55,518.13,4785.67
Bosch,High Value,Super Savings Week,186601.78,74,2521.65,501.99,4894.73
Bosch,High Value,Ultimate Value Event,154754.26,65,2380.83,505.90,4927.19
Bosch,High Value,VIP Access Sale,157568.73,62,2541.43,591.86,4976.21
Bosch,High Value,Weekend Warrior Specials,174146.73,63,2764.23,561.63,4943.53
Bosch,High Value,Winter Clearance Carnival,236263.21,79,2990.67,633.71,4970.34
Bosch,High Value,Winter Wonders Sale,143428.19,52,2758.23,677.70,4943.48
Bosch,In-Store Regular,12 Days of Deals,168684.39,67,2517.68,509.13,4967.84
Bosch,In-Store Regular,Autumn Deals Drive,169722.80,69,2459.75,644.18,4822.55
Bosch,In-Store Regular,BOGO Blitz,175305.44,61,2873.86,503.66,4992.03
Bosch,In-Store Regular,Back to School Boost,175565.56,59,2975.69,532.20,4975.40
Bosch,In-Store Regular,Birthday Bash Sale,180223.37,69,2611.93,564.43,4935.16
Bosch,In-Store Regular,Black Friday Blowout,167875.80,62,2707.67,567.18,4949.22
Bosch,In-Store Regular,Cart Crasher Campaign,164935.84,62,2660.26,546.90,4972.36
Bosch,In-Store Regular,Cashback Carnival,170393.45,62,2748.28,532.90,4941.97
Bosch,In-Store Regular,Clearance Countdown,152351.37,58,2626.75,601.80,4958.56
Bosch,In-Store Regular,Countdown to Savings,187779.76,71,2644.79,516.55,4904.58
Bosch,In-Store Regular,Customer Appreciation Week,154959.01,57,2718.58,554.39,4857.14
Bosch,In-Store Regular,Cyber Monday Mania,204640.93,71,2882.27,612.38,4948.23
Bosch,In-Store Regular,Deal of the Month,215784.06,77,2802.39,534.60,4982.60
Bosch,In-Store Regular,Double Points Bonanza,179583.37,68,2640.93,543.82,4994.91
Bosch,In-Store Regular,Early Bird Specials,187136.91,73,2563.52,536.36,4985.72
Bosch,In-Store Regular,End of Season Sale,154182.02,55,2803.31,581.78,4889.71
Bosch,In-Store Regular,Exclusive Insider Offers,170794.18,59,2894.82,503.97,4966.68
Bosch,In-Store Regular,Festive Fever Promo,158856.62,58,2738.91,566.93,4601.83
Bosch,In-Store Regular,Final Call Frenzy,241568.71,81,2982.33,548.85,4851.36
Bosch,In-Store Regular,Flash Frenzy Friday,162699.00,63,2582.52,602.84,4873.10
Bosch,In-Store Regular,"Gift More, Spend Less",173565.85,64,2711.97,546.58,4794.14
Bosch,In-Store Regular,Golden Hour Bargains,179571.57,64,2805.81,625.04,4951.00
Bosch,In-Store Regular,Green Weekend Deals,176169.22,59,2985.92,507.12,4988.41
Bosch,In-Store Regular,Happy Hour Discounts,182551.87,68,2684.59,510.31,4880.57
Bosch,In-Store Regular,Holiday Shopping Rush,158471.02,59,2685.95,526.76,4895.62
Bosch,In-Store Regular,Hot Picks Promo,177910.01,67,2655.37,519.69,4958.76
Bosch,In-Store Regular,Instant Gratification Sale,175690.25,62,2833.71,591.65,4906.36
Bosch,In-Store Regular,Limited Time Treasures,191119.62,79,2419.24,528.46,4975.17
Bosch,In-Store Regular,Loyalty Rewards Blast,141643.06,53,2672.51,516.91,4937.38
Bosch,In-Store Regular,Mega Weekend Bonanza,156535.97,62,2524.77,558.33,4888.87
Bosch,In-Store Regular,Mid-Year Madness,196043.13,65,3016.05,563.42,4959.77
Bosch,In-Store Regular,Midnight Madness,182026.62,68,2676.86,521.02,4970.69
Bosch,In-Store Regular,Mystery Discount Days,188987.64,63,2999.80,588.78,4984.00
Bosch,In-Store Regular,New Arrival Showcase,197383.63,65,3036.67,553.92,4995.95
Bosch,In-Store Regular,New Product Launch Promo,210303.92,82,2564.68,506.06,4904.03
Bosch,In-Store Regular,New Year Kickoff,170854.25,65,2628.53,561.57,4985.21
Bosch,In-Store Regular,Price Drop Parade,161403.21,57,2831.64,517.19,4797.01
Bosch,In-Store Regular,Red Tag Clearance,181862.62,65,2797.89,585.12,4888.47
Bosch,In-Store Regular,Seasonal Surprise Box,191824.18,68,2820.94,696.56,4986.66
Bosch,In-Store Regular,Shop & Save Spectacular,183364.31,62,2957.49,554.15,4990.91
Bosch,In-Store Regular,Smart Shopper Week,171989.91,71,2422.39,523.69,4953.08
Bosch,In-Store Regular,Spring Refresh Event,194750.99,71,2742.97,533.76,4978.70
Bosch,In-Store Regular,Spring Splash Discounts,176042.65,62,2839.40,607.14,4944.30
Bosch,In-Store Regular,Summer Sizzle Promo,172563.52,66,2614.60,524.56,4961.44
Bosch,In-Store Regular,Super Savings Week,178493.52,73,2445.12,535.91,4925.93
Bosch,In-Store Regular,Ultimate Value Event,196502.46,71,2767.64,501.78,4967.62
Bosch,In-Store Regular,VIP Access Sale,226789.61,78,2907.56,678.85,4931.67
Bosch,In-Store Regular,Weekend Warrior Specials,186421.04,67,2782.40,655.44,4981.18
Bosch,In-Store Regular,Winter Clearance Carnival,218690.90,79,2768.24,724.95,4937.00
Bosch,In-Store Regular,Winter Wonders Sale,162247.56,57,2846.45,557.30,4998.96
Bosch,Loyal Customer,12 Days of Deals,137664.57,57,2415.17,607.78,4999.32
Bosch,Loyal Customer,Autumn Deals Drive,139175.14,53,2625.95,531.99,4918.39
Bosch,Loyal Customer,BOGO Blitz,126164.39,52,2426.24,556.57,4844.68
Bosch,Loyal Customer,Back to School Boost,174956.11,67,2611.29,578.08,4960.66
Bosch,Loyal Customer,Birthday Bash Sale,189126.01,72,2626.75,584.23,4927.23
Bosch,Loyal Customer,Black Friday Blowout,133262.19,53,2514.38,545.37,4918.82
Bosch,Loyal Customer,Cart Crasher Campaign,202830.34,76,2668.82,510.35,4994.64
Bosch,Loyal Customer,Cashback Carnival,167066.19,63,2651.84,536.37,4891.46
Bosch,Loyal Customer,Clearance Countdown,211092.51,71,2973.13,512.22,4989.38
Bosch,Loyal Customer,Countdown to Savings,172654.07,60,2877.57,544.24,4929.05
Bosch,Loyal Customer,Customer Appreciation Week,160944.16,60,2682.40,583.22,4956.72
Bosch,Loyal Customer,Cyber Monday Mania,158180.28,53,2984.53,713.19,4982.25
Bosch,Loyal Customer,Deal of the Month,177600.69,67,2650.76,542.47,4954.27
Bosch,Loyal Customer,Double Points Bonanza,162123.92,56,2895.07,607.27,4996.68
Bosch,Loyal Customer,Early Bird Specials,183102.54,68,2692.68,643.89,4966.99
Bosch,Loyal Customer,End of Season Sale,134149.43,53,2531.12,534.95,4735.10
Bosch,Loyal Customer,Exclusive Insider Offers,157497.25,56,2812.45,535.75,4947.81
Bosch,Loyal Customer,Festive Fever Promo,173181.23,66,2623.96,537.25,4948.80
Bosch,Loyal Customer,Final Call Frenzy,154451.91,57,2709.68,693.40,4903.63
Bosch,Loyal Customer,Flash Frenzy Friday,188774.17,73,2585.95,504.44,4848.48
Bosch,Loyal Customer,"Gift More, Spend Less",214748.38,76,2825.64,610.64,4879.24
Bosch,Loyal Customer,Golden Hour Bargains,197221.19,72,2739.18,705.59,4990.85
Bosch,Loyal Customer,Green Weekend Deals,200520.68,73,2746.86,524.57,4896.75
Bosch,Loyal Customer,Happy Hour Discounts,184886.97,65,2844.41,593.69,4980.09
Bosch,Loyal Customer,Holiday Shopping Rush,141593.18,54,2622.10,546.36,4986.26
Bosch,Loyal Customer,Hot Picks Promo,185606.02,68,2729.50,591.43,4931.85
Bosch,Loyal Customer,Instant Gratification Sale,184279.72,76,2424.73,508.53,4741.60
Bosch,Loyal Customer,Limited Time Treasures,145788.58,58,2513.60,563.29,4930.61
Bosch,Loyal Customer,Loyalty Rewards Blast,154423.32,55,2807.70,502.78,4710.70
Bosch,Loyal Customer,Mega Weekend Bonanza,188905.08,76,2485.59,513.49,4995.11
Bosch,Loyal Customer,Mid-Year Madness,181484.51,60,3024.74,548.24,4985.48
Bosch,Loyal Customer,Midnight Madness,146426.07,55,2662.29,588.36,4855.27
Bosch,Loyal Customer,Mystery Discount Days,163354.74,62,2634.75,530.13,4994.86
Bosch,Loyal Customer,New Arrival Showcase,170252.80,60,2837.55,549.51,4998.09
Bosch,Loyal Customer,New Product Launch Promo,210943.99,69,3057.16,604.35,4936.33
Bosch,Loyal Customer,New Year Kickoff,179585.09,63,2850.56,517.81,4920.04
Bosch,Loyal Customer,Price Drop Parade,215356.22,78,2760.98,545.71,4931.32
Bosch,Loyal Customer,Red Tag Clearance,195100.75,67,2911.95,593.53,4980.12
Bosch,Loyal Customer,Seasonal Surprise Box,162661.15,62,2623.57,515.74,4998.58
Bosch,Loyal Customer,Shop & Save Spectacular,163192.38,65,2510.65,540.10,4973.61
Bosch,Loyal Customer,Smart Shopper Week,160849.78,60,2680.83,541.92,4969.81
Bosch,Loyal Customer,Spring Refresh Event,174842.16,64,2731.91,654.83,4879.14
Bosch,Loyal Customer,Spring Splash Discounts,175733.28,66,2662.63,510.27,4894.83
Bosch,Loyal Customer,Summer Sizzle Promo,180410.29,63,2863.66,547.28,4973.82
Bosch,Loyal Customer,Super Savings Week,231384.38,83,2787.76,567.86,4938.04
Bosch,Loyal Customer,Ultimate Value Event,168444.65,63,2673.72,642.16,4914.84
Bosch,Loyal Customer,VIP Access Sale,146339.60,53,2761.12,524.74,4916.63
Bosch,Loyal Customer,Weekend Warrior Specials,169768.28,67,2533.85,543.49,4793.52
Bosch,Loyal Customer,Winter Clearance Carnival,194218.29,73,2660.52,523.72,4991.60
Bosch,Loyal Customer,Winter Wonders Sale,190652.09,74,2576.38,697.36,4922.74
Bosch,Occasional Shopper,12 Days of Deals,165094.64,68,2427.86,544.71,4947.58
Bosch,Occasional Shopper,Autumn Deals Drive,162088.89,60,2701.48,569.53,4992.17
Bosch,Occasional Shopper,BOGO Blitz,173467.92,70,2478.11,508.21,4986.98
Bosch,Occasional Shopper,Back to School Boost,161029.39,62,2597.25,530.98,4984.75
Bosch,Occasional Shopper,Birthday Bash Sale,131391.93,50,2627.84,526.70,4976.22
Bosch,Occasional Shopper,Black Friday Blowout,192455.67,72,2673.00,612.52,4805.04
Bosch,Occasional Shopper,Cart Crasher Campaign,210199.22,72,2919.43,577.77,4984.35
Bosch,Occasional Shopper,Cashback Carnival,166855.08,61,2735.33,753.14,4870.48
Bosch,Occasional Shopper,Clearance Countdown,191584.92,75,2554.47,547.05,4820.92
Bosch,Occasional Shopper,Countdown to Savings,156425.72,56,2793.32,632.05,4938.08
Bosch,Occasional Shopper,Customer Appreciation Week,206368.63,70,2948.12,692.07,4977.70
Bosch,Occasional Shopper,Cyber Monday Mania,149356.29,51,2928.55,864.34,4778.17
Bosch,Occasional Shopper,Deal of the Month,179119.12,66,2713.93,511.48,4975.62
Bosch,Occasional Shopper,Double Points Bonanza,163231.21,65,2511.25,533.41,4868.93
Bosch,Occasional Shopper,Early Bird Specials,262940.65,90,2921.56,518.12,4995.57
Bosch,Occasional Shopper,End of Season Sale,206017.13,78,2641.25,530.84,4691.27
Bosch,Occasional Shopper,Exclusive Insider Offers,234367.59,77,3043.73,530.98,4998.02
Bosch,Occasional Shopper,Festive Fever Promo,183343.13,66,2777.93,581.71,4944.71
Bosch,Occasional Shopper,Final Call Frenzy,226528.68,83,2729.26,529.66,4860.46
Bosch,Occasional Shopper,Flash Frenzy Friday,187450.40,72,2603.48,559.12,4960.13
Bosch,Occasional Shopper,"Gift More, Spend Less",157335.30,61,2579.27,522.62,4552.99
Bosch,Occasional Shopper,Golden Hour Bargains,209155.56,73,2865.14,500.65,4986.82
Bosch,Occasional Shopper,Green Weekend Deals,182573.21,67,2724.97,509.17,4967.83
Bosch,Occasional Shopper,Happy Hour Discounts,205330.03,75,2737.73,508.90,4952.28
Bosch,Occasional Shopper,Holiday Shopping Rush,173643.87,66,2630.97,538.00,4953.48
Bosch,Occasional Shopper,Hot Picks Promo,162932.65,61,2671.03,540.16,4994.65
Bosch,Occasional Shopper,Instant Gratification Sale,168975.94,60,2816.27,555.90,4956.57
Bosch,Occasional Shopper,Limited Time Treasures,177860.98,68,2615.60,503.29,4986.23
Bosch,Occasional Shopper,Loyalty Rewards Blast,141663.32,55,2575.70,882.80,4904.35
Bosch,Occasional Shopper,Mega Weekend Bonanza,180646.37,68,2656.56,508.82,4924.43
Bosch,Occasional Shopper,Mid-Year Madness,163592.80,65,2516.81,531.39,4978.05
Bosch,Occasional Shopper,Midnight Madness,159154.96,54,2947.31,549.02,4986.36
Bosch,Occasional Shopper,Mystery Discount Days,173400.30,59,2938.99,607.44,4933.95
Bosch,Occasional Shopper,New Arrival Showcase,203920.50,74,2755.68,534.33,4956.26
Bosch,Occasional Shopper,New Product Launch Promo,191417.00,69,2774.16,825.08,4978.16
Bosch,Occasional Shopper,New Year Kickoff,166843.19,64,2606.92,528.09,4974.38
Bosch,Occasional Shopper,Price Drop Parade,219037.87,71,3085.04,723.55,4985.41
Bosch,Occasional Shopper,Red Tag Clearance,148491.19,56,2651.63,605.22,4825.92
Bosch,Occasional Shopper,Seasonal Surprise Box,221447.03,79,2803.13,692.34,4923.12
Bosch,Occasional Shopper,Shop & Save Spectacular,177175.54,69,2567.76,523.02,4810.63
Bosch,Occasional Shopper,Smart Shopper Week,138373.25,57,2427.60,549.53,4799.62
Bosch,Occasional Shopper,Spring Refresh Event,166978.42,63,2650.45,516.63,4972.56
Bosch,Occasional Shopper,Spring Splash Discounts,191096.58,70,2729.95,651.85,4915.78
Bosch,Occasional Shopper,Summer Sizzle Promo,206733.33,69,2996.14,767.38,4940.51
Bosch,Occasional Shopper,Super Savings Week,171551.48,64,2680.49,632.38,4985.30
Bosch,Occasional Shopper,Ultimate Value Event,138546.14,51,2716.59,649.85,4932.67
Bosch,Occasional Shopper,VIP Access Sale,169979.72,61,2786.55,500.66,4983.36
Bosch,Occasional Shopper,Weekend Warrior Specials,167363.01,60,2789.38,525.87,4924.73
Bosch,Occasional Shopper,Winter Clearance Carnival,207259.09,72,2878.60,608.16,4918.55
Bosch,Occasional Shopper,Winter Wonders Sale,203629.54,71,2868.02,760.89,4970.04
Bosch,Online Shopper,12 Days of Deals,171826.02,68,2526.85,523.85,4779.51
Bosch,Online Shopper,Autumn Deals Drive,210778.87,78,2702.29,537.73,4843.88
Bosch,Online Shopper,BOGO Blitz,177659.98,68,2612.65,631.80,4870.55
Bosch,Online Shopper,Back to School Boost,171753.95,65,2642.37,529.02,4978.10
Bosch,Online Shopper,Birthday Bash Sale,149464.51,64,2335.38,572.96,4996.64
Bosch,Online Shopper,Black Friday Blowout,204046.13,75,2720.62,516.49,4909.30
Bosch,Online Shopper,Cart Crasher Campaign,150808.73,52,2900.17,542.40,4993.68
Bosch,Online Shopper,Cashback Carnival,205403.59,75,2738.71,519.67,4933.74
Bosch,Online Shopper,Clearance Countdown,232109.75,84,2763.21,501.02,4928.38
Bosch,Online Shopper,Countdown to Savings,168073.11,61,2755.30,671.51,4713.93
Bosch,Online Shopper,Customer Appreciation Week,195385.31,78,2504.94,576.13,4893.50
Bosch,Online Shopper,Cyber Monday Mania,167247.26,65,2573.03,535.60,4881.91
Bosch,Online Shopper,Deal of the Month,159397.40,62,2570.93,513.98,4986.31
Bosch,Online Shopper,Double Points Bonanza,177143.24,70,2530.62,506.58,4946.45
Bosch,Online Shopper,Early Bird Specials,188354.90,72,2616.04,585.66,4856.69
Bosch,Online Shopper,End of Season Sale,161195.79,60,2686.60,512.22,4887.32
Bosch,Online Shopper,Exclusive Insider Offers,172189.84,66,2608.94,504.93,4846.15
Bosch,Online Shopper,Festive Fever Promo,212744.15,73,2914.30,530.60,4991.17
Bosch,Online Shopper,Final Call Frenzy,199792.72,71,2813.98,820.35,4989.24
Bosch,Online Shopper,Flash Frenzy Friday,208139.54,70,2973.42,529.18,4968.77
Bosch,Online Shopper,"Gift More, Spend Less",186682.63,63,2963.22,594.48,4945.09
Bosch,Online Shopper,Golden Hour Bargains,162169.44,58,2796.02,655.52,4975.34
Bosch,Online Shopper,Green Weekend Deals,196799.97,74,2659.46,503.05,4965.73
Bosch,Online Shopper,Happy Hour Discounts,170744.44,69,2474.56,504.73,4980.24
Bosch,Online Shopper,Holiday Shopping Rush,140628.25,48,2929.76,612.00,4896.94
Bosch,Online Shopper,Hot Picks Promo,202679.98,80,2533.50,522.86,4961.64
Bosch,Online Shopper,Instant Gratification Sale,178097.58,69,2581.12,520.25,4836.71
Bosch,Online Shopper,Limited Time Treasures,193837.96,71,2730.11,554.62,4953.59
Bosch,Online Shopper,Loyalty Rewards Blast,178522.42,67,2664.51,525.35,4951.70
Bosch,Online Shopper,Mega Weekend Bonanza,237195.91,86,2758.09,567.54,4905.44
Bosch,Online Shopper,Mid-Year Madness,222235.10,75,2963.13,581.24,4938.39
Bosch,Online Shopper,Midnight Madness,151578.62,52,2914.97,723.86,4977.45
Bosch,Online Shopper,Mystery Discount Days,202281.63,73,2770.98,520.91,4939.79
Bosch,Online Shopper,New Arrival Showcase,204256.83,78,2618.68,541.81,4833.13
Bosch,Online Shopper,New Product Launch Promo,209841.68,74,2835.70,524.16,4968.14
Bosch,Online Shopper,New Year Kickoff,194003.87,69,2811.65,579.16,4959.27
Bosch,Online Shopper,Price Drop Parade,203373.22,74,2748.29,507.80,4912.42
Bosch,Online Shopper,Red Tag Clearance,175963.66,69,2550.20,640.38,4931.32
Bosch,Online Shopper,Seasonal Surprise Box,143120.75,54,2650.38,553.85,4911.09
Bosch,Online Shopper,Shop & Save Spectacular,212896.28,73,2916.39,526.43,4965.39
Bosch,Online Shopper,Smart Shopper Week,211136.81,76,2778.12,587.05,4852.97
Bosch,Online Shopper,Spring Refresh Event,211691.96,81,2613.48,569.03,4846.35
Bosch,Online Shopper,Spring Splash Discounts,188000.21,65,2892.31,837.96,4874.64
Bosch,Online Shopper,Summer Sizzle Promo,239522.13,89,2691.26,523.79,4907.79
Bosch,Online Shopper,Super Savings Week,207285.92,73,2839.53,530.24,4971.79
Bosch,Online Shopper,Ultimate Value Event,247663.47,93,2663.05,535.77,4892.86
Bosch,Online Shopper,VIP Access Sale,192771.40,73,2640.70,575.74,4910.95
Bosch,Online Shopper,Weekend Warrior Specials,192139.39,70,2744.85,530.34,4959.11
Bosch,Online Shopper,Winter Clearance Carnival,157463.86,52,3028.15,563.43,4991.75
Bosch,Online Shopper,Winter Wonders Sale,141783.97,57,2487.44,604.66,4896.88
Bosch,Premium Shopper,12 Days of Deals,162956.67,64,2546.20,534.72,4740.91
Bosch,Premium Shopper,Autumn Deals Drive,219922.70,79,2783.83,518.61,4969.25
Bosch,Premium Shopper,BOGO Blitz,146113.46,57,2563.39,518.35,4804.46
Bosch,Premium Shopper,Back to School Boost,166401.04,61,2727.89,551.01,4954.35
Bosch,Premium Shopper,Birthday Bash Sale,159914.81,64,2498.67,558.71,4869.60
Bosch,Premium Shopper,Black Friday Blowout,140557.79,52,2703.03,655.56,4973.40
Bosch,Premium Shopper,Cart Crasher Campaign,156025.74,55,2836.83,566.04,4967.99
Bosch,Premium Shopper,Cashback Carnival,163332.88,64,2552.08,513.18,4964.44
Bosch,Premium Shopper,Clearance Countdown,174204.75,59,2952.62,617.22,4932.64
Bosch,Premium Shopper,Countdown to Savings,133771.56,47,2846.20,572.37,4897.73
Bosch,Premium Shopper,Customer Appreciation Week,193222.70,71,2721.45,659.60,4966.52
Bosch,Premium Shopper,Cyber Monday Mania,186663.11,72,2592.54,585.88,4967.59
Bosch,Premium Shopper,Deal of the Month,166095.67,65,2555.32,501.60,4934.48
Bosch,Premium Shopper,Double Points Bonanza,236599.13,81,2920.98,506.17,4998.02
Bosch,Premium Shopper,Early Bird Specials,204269.18,79,2585.69,502.49,4941.87
Bosch,Premium Shopper,End of Season Sale,181885.40,72,2526.19,514.39,4922.22
Bosch,Premium Shopper,Exclusive Insider Offers,184466.77,67,2753.24,559.84,4986.32
Bosch,Premium Shopper,Festive Fever Promo,182290.26,67,2720.75,507.88,4975.44
Bosch,Premium Shopper,Final Call Frenzy,184176.53,67,2748.90,604.07,4973.09
Bosch,Premium Shopper,Flash Frenzy Friday,185808.46,63,2949.34,527.75,4945.39
Bosch,Premium Shopper,"Gift More, Spend Less",170934.26,60,2848.90,516.65,4934.61
Bosch,Premium Shopper,Golden Hour Bargains,152723.31,55,2776.79,585.56,4791.32
Bosch,Premium Shopper,Green Weekend Deals,186118.49,66,2819.98,503.29,4915.23
Bosch,Premium Shopper,Happy Hour Discounts,160586.59,58,2768.73,520.95,4877.88
Bosch,Premium Shopper,Holiday Shopping Rush,191358.07,66,2899.36,575.80,4940.97
Bosch,Premium Shopper,Hot Picks Promo,186935.96,69,2709.22,540.14,4994.98
Bosch,Premium Shopper,Instant Gratification Sale,219457.95,73,3006.27,622.98,4976.42
Bosch,Premium Shopper,Limited Time Treasures,176754.53,64,2761.79,792.52,4948.91
Bosch,Premium Shopper,Loyalty Rewards Blast,172971.82,65,2661.10,519.43,4823.96
Bosch,Premium Shopper,Mega Weekend Bonanza,157864.99,57,2769.56,640.34,4931.73
Bosch,Premium Shopper,Mid-Year Madness,173528.12,65,2669.66,539.05,4991.40
Bosch,Premium Shopper,Midnight Madness,219632.60,77,2852.37,753.14,4994.08
Bosch,Premium Shopper,Mystery Discount Days,164445.49,57,2885.01,583.21,4982.52
Bosch,Premium Shopper,New Arrival Showcase,177684.19,68,2613.00,594.80,4948.12
Bosch,Premium Shopper,New Product Launch Promo,158538.44,63,2516.48,534.58,4959.94
Bosch,Premium Shopper,New Year Kickoff,151800.09,58,2617.24,509.52,4975.23
Bosch,Premium Shopper,Price Drop Parade,207180.92,70,2959.73,554.70,4938.81
Bosch,Premium Shopper,Red Tag Clearance,177509.61,64,2773.59,547.51,4936.48
Bosch,Premium Shopper,Seasonal Surprise Box,204793.85,74,2767.48,529.17,4932.78
Bosch,Premium Shopper,Shop & Save Spectacular,176569.42,63,2802.69,516.11,4989.10
Bosch,Premium Shopper,Smart Shopper Week,173366.35,68,2549.51,539.44,4884.91
Bosch,Premium Shopper,Spring Refresh Event,157239.66,63,2495.87,501.78,4758.62
Bosch,Premium Shopper,Spring Splash Discounts,174549.33,66,2644.69,568.39,4626.47
Bosch,Premium Shopper,Summer Sizzle Promo,204216.71,67,3048.01,605.13,4967.15
Bosch,Premium Shopper,Super Savings Week,214674.37,77,2787.98,573.51,4885.57
Bosch,Premium Shopper,Ultimate Value Event,168623.64,60,2810.39,562.35,4929.57
Bosch,Premium Shopper,VIP Access Sale,174276.08,64,2723.06,549.15,4958.89
Bosch,Premium Shopper,Weekend Warrior Specials,172502.66,67,2574.67,539.66,4908.52
Bosch,Premium Shopper,Winter Clearance Carnival,171441.20,58,2955.88,502.95,4927.35
Bosch,Premium Shopper,Winter Wonders Sale,210761.09,80,2634.51,596.67,4999.74
Britannia,Budget Shopper,12 Days of Deals,157197.38,56,2807.10,522.13,4953.32
Britannia,Budget Shopper,Autumn Deals Drive,177644.73,60,2960.75,563.99,4972.47
Britannia,Budget Shopper,BOGO Blitz,179748.67,64,2808.57,551.93,4995.11
Britannia,Budget Shopper,Back to School Boost,183501.52,66,2780.33,587.95,4871.57
Britannia,Budget Shopper,Birthday Bash Sale,201263.79,71,2834.70,616.79,4843.29
Britannia,Budget Shopper,Black Friday Blowout,122104.92,47,2597.98,535.53,4976.41
Britannia,Budget Shopper,Cart Crasher Campaign,168458.93,61,2761.62,570.36,4976.47
Britannia,Budget Shopper,Cashback Carnival,209731.52,76,2759.63,566.38,4954.55
Britannia,Budget Shopper,Clearance Countdown,193381.87,68,2843.85,543.96,4948.76
Britannia,Budget Shopper,Countdown to Savings,204729.14,74,2766.61,506.50,4987.78
Britannia,Budget Shopper,Customer Appreciation Week,202041.33,72,2806.13,506.49,4963.57
Britannia,Budget Shopper,Cyber Monday Mania,178986.69,68,2632.16,510.17,4901.23
Britannia,Budget Shopper,Deal of the Month,185099.68,64,2892.18,622.49,4966.90
Britannia,Budget Shopper,Double Points Bonanza,153575.46,56,2742.42,590.96,4830.99
Britannia,Budget Shopper,Early Bird Specials,185518.30,69,2688.67,632.49,4868.95
Britannia,Budget Shopper,End of Season Sale,207012.88,73,2835.79,503.49,4934.84
Britannia,Budget Shopper,Exclusive Insider Offers,147265.00,61,2414.18,514.44,4933.08
Britannia,Budget Shopper,Festive Fever Promo,175240.88,66,2655.16,532.86,4914.97
Britannia,Budget Shopper,Final Call Frenzy,148415.81,55,2698.47,591.86,4926.13
Britannia,Budget Shopper,Flash Frenzy Friday,226921.41,79,2872.42,517.12,4943.28
Britannia,Budget Shopper,"Gift More, Spend Less",172209.68,59,2918.81,555.81,4836.34
Britannia,Budget Shopper,Golden Hour Bargains,171452.89,65,2637.74,568.42,4863.09
Britannia,Budget Shopper,Green Weekend Deals,194458.37,66,2946.34,507.87,4932.78
Britannia,Budget Shopper,Happy Hour Discounts,180027.65,62,2903.67,521.08,4917.15
Britannia,Budget Shopper,Holiday Shopping Rush,203598.17,80,2544.98,531.37,4920.09
Britannia,Budget Shopper,Hot Picks Promo,165007.82,62,2661.42,534.86,4757.90
Britannia,Budget Shopper,Instant Gratification Sale,173666.17,60,2894.44,503.39,4947.51
Britannia,Budget Shopper,Limited Time Treasures,193366.87,69,2802.42,548.58,4898.05
Britannia,Budget Shopper,Loyalty Rewards Blast,169873.27,66,2573.84,633.45,4837.04
Britannia,Budget Shopper,Mega Weekend Bonanza,179061.41,64,2797.83,584.11,4906.54
Britannia,Budget Shopper,Mid-Year Madness,171463.01,69,2484.97,554.68,4877.43
Britannia,Budget Shopper,Midnight Madness,175737.14,68,2584.37,508.29,4999.95
Britannia,Budget Shopper,Mystery Discount Days,187200.24,73,2564.39,516.56,4999.16
Britannia,Budget Shopper,New Arrival Showcase,194041.72,67,2896.15,588.98,4982.55
Britannia,Budget Shopper,New Product Launch Promo,175621.65,65,2701.87,502.18,4974.65
Britannia,Budget Shopper,New Year Kickoff,133040.05,52,2558.46,574.98,4691.31
Britannia,Budget Shopper,Price Drop Parade,152996.75,57,2684.15,634.36,4985.06
Britannia,Budget Shopper,Red Tag Clearance,125599.30,53,2369.80,504.16,4868.41
Britannia,Budget Shopper,Seasonal Surprise Box,148926.00,51,2920.12,592.92,4787.94
Britannia,Budget Shopper,Shop & Save Spectacular,175442.53,65,2699.12,566.91,4798.04
Britannia,Budget Shopper,Smart Shopper Week,213228.39,84,2538.43,513.67,4976.60
Britannia,Budget Shopper,Spring Refresh Event,188563.59,63,2993.07,522.27,4989.96
Britannia,Budget Shopper,Spring Splash Discounts,148284.38,59,2513.29,509.08,4971.19
Britannia,Budget Shopper,Summer Sizzle Promo,185011.50,65,2846.33,544.19,4963.56
Britannia,Budget Shopper,Super Savings Week,189734.58,73,2599.10,525.78,4966.60
Britannia,Budget Shopper,Ultimate Value Event,167009.88,66,2530.45,562.43,4972.81
Britannia,Budget Shopper,VIP Access Sale,213720.67,79,2705.32,584.95,4991.26
Britannia,Budget Shopper,Weekend Warrior Specials,204972.11,78,2627.85,573.04,4881.79
Britannia,Budget Shopper,Winter Clearance Carnival,187556.66,64,2930.57,602.32,4996.82
Britannia,Budget Shopper,Winter Wonders Sale,169128.71,69,2451.14,555.81,4999.56
Britannia,Churn Risk,12 Days of Deals,165777.53,63,2631.39,502.31,4875.93
Britannia,Churn Risk,Autumn Deals Drive,180734.43,67,2697.53,582.59,4996.15
Britannia,Churn Risk,BOGO Blitz,164548.07,58,2837.04,578.25,4979.64
Britannia,Churn Risk,Back to School Boost,225090.85,80,2813.64,530.36,4793.90
Britannia,Churn Risk,Birthday Bash Sale,191817.56,66,2906.33,532.60,4939.58
Britannia,Churn Risk,Black Friday Blowout,127119.56,45,2824.88,704.43,4808.16
Britannia,Churn Risk,Cart Crasher Campaign,204699.73,73,2804.11,553.08,4988.44
Britannia,Churn Risk,Cashback Carnival,175104.52,66,2653.10,510.20,4976.60
Britannia,Churn Risk,Clearance Countdown,199905.07,70,2855.79,509.31,4830.30
Britannia,Churn Risk,Countdown to Savings,159079.42,55,2892.35,580.44,4970.45
Britannia,Churn Risk,Customer Appreciation Week,127520.18,47,2713.20,502.48,4975.49
Britannia,Churn Risk,Cyber Monday Mania,170170.00,61,2789.67,779.44,4994.43
Britannia,Churn Risk,Deal of the Month,175043.36,68,2574.17,605.34,4917.30
Britannia,Churn Risk,Double Points Bonanza,190583.59,76,2507.68,517.45,4996.21
Britannia,Churn Risk,Early Bird Specials,198682.88,77,2580.30,508.69,4981.70
Britannia,Churn Risk,End of Season Sale,177519.06,65,2731.06,544.04,4979.66
Britannia,Churn Risk,Exclusive Insider Offers,245780.28,85,2891.53,599.74,4945.34
Britannia,Churn Risk,Festive Fever Promo,214131.42,75,2855.09,532.60,4874.89
Britannia,Churn Risk,Final Call Frenzy,187529.07,65,2885.06,754.91,4977.61
Britannia,Churn Risk,Flash Frenzy Friday,146902.51,57,2577.24,511.49,4933.75
Britannia,Churn Risk,"Gift More, Spend Less",196428.41,75,2619.05,542.12,4983.21
Britannia,Churn Risk,Golden Hour Bargains,152739.24,56,2727.49,523.66,4975.65
Britannia,Churn Risk,Green Weekend Deals,208021.06,79,2633.18,569.88,4986.11
Britannia,Churn Risk,Happy Hour Discounts,169887.34,65,2613.65,500.75,4876.99
Britannia,Churn Risk,Holiday Shopping Rush,167312.71,64,2614.26,682.63,4943.21
Britannia,Churn Risk,Hot Picks Promo,140299.83,54,2598.15,605.29,4984.48
Britannia,Churn Risk,Instant Gratification Sale,180158.04,59,3053.53,785.71,4984.04
Britannia,Churn Risk,Limited Time Treasures,183655.47,70,2623.65,567.06,4954.03
Britannia,Churn Risk,Loyalty Rewards Blast,159038.57,62,2565.14,558.36,4874.64
Britannia,Churn Risk,Mega Weekend Bonanza,183117.61,72,2543.30,621.44,4940.57
Britannia,Churn Risk,Mid-Year Madness,126010.02,47,2681.06,536.55,4826.61
Britannia,Churn Risk,Midnight Madness,164440.62,62,2652.27,502.72,4938.47
Britannia,Churn Risk,Mystery Discount Days,172096.25,67,2568.60,502.96,4985.40
Britannia,Churn Risk,New Arrival Showcase,179709.06,65,2764.75,526.83,4982.00
Britannia,Churn Risk,New Product Launch Promo,211357.85,75,2818.10,551.54,4937.22
Britannia,Churn Risk,New Year Kickoff,223184.60,86,2595.17,568.63,4978.14
Britannia,Churn Risk,Price Drop Parade,208314.96,72,2893.26,591.32,4978.22
Britannia,Churn Risk,Red Tag Clearance,185491.40,73,2540.98,565.43,4960.13
Britannia,Churn Risk,Seasonal Surprise Box,168700.23,61,2765.58,501.54,4863.78
Britannia,Churn Risk,Shop & Save Spectacular,203318.97,75,2710.92,547.10,4875.46
Britannia,Churn Risk,Smart Shopper Week,175675.66,65,2702.70,590.93,4991.20
Britannia,Churn Risk,Spring Refresh Event,184728.80,71,2601.81,546.33,4948.97
Britannia,Churn Risk,Spring Splash Discounts,161521.76,58,2784.86,519.10,4968.61
Britannia,Churn Risk,Summer Sizzle Promo,191984.50,66,2908.86,516.65,4966.02
Britannia,Churn Risk,Super Savings Week,183738.27,69,2662.87,520.94,4969.03
Britannia,Churn Risk,Ultimate Value Event,157994.26,56,2821.33,606.06,4940.16
Britannia,Churn Risk,VIP Access Sale,166216.18,60,2770.27,530.11,4832.02
Britannia,Churn Risk,Weekend Warrior Specials,197408.85,65,3037.06,531.81,4943.75
Britannia,Churn Risk,Winter Clearance Carnival,162911.06,57,2858.09,515.18,4940.99
Britannia,Churn Risk,Winter Wonders Sale,205696.40,72,2856.89,513.05,4960.60
Britannia,Deal Seeker,12 Days of Deals,232388.30,82,2834.00,587.18,4935.31
Britannia,Deal Seeker,Autumn Deals Drive,165955.09,63,2634.21,673.78,4692.21
Britannia,Deal Seeker,BOGO Blitz,161036.35,58,2776.49,633.17,4975.04
Britannia,Deal Seeker,Back to School Boost,174071.32,64,2719.86,533.76,4974.54
Britannia,Deal Seeker,Birthday Bash Sale,181360.01,65,2790.15,576.80,4921.74
Britannia,Deal Seeker,Black Friday Blowout,161291.06,58,2780.88,579.15,4976.55
Britannia,Deal Seeker,Cart Crasher Campaign,163689.55,63,2598.25,514.48,4882.63
Britannia,Deal Seeker,Cashback Carnival,163784.04,62,2641.68,576.20,4978.21
Britannia,Deal Seeker,Clearance Countdown,222032.57,79,2810.54,535.22,4823.76
Britannia,Deal Seeker,Countdown to Savings,174019.67,69,2522.02,501.28,4986.56
Britannia,Deal Seeker,Customer Appreciation Week,191896.76,67,2864.13,556.94,4971.56
Britannia,Deal Seeker,Cyber Monday Mania,188273.34,72,2614.91,506.32,4986.17
Britannia,Deal Seeker,Deal of the Month,207864.42,76,2735.06,548.70,4989.02
Britannia,Deal Seeker,Double Points Bonanza,185849.96,68,2733.09,583.43,4951.24
Britannia,Deal Seeker,Early Bird Specials,186200.73,67,2779.12,532.94,4961.08
Britannia,Deal Seeker,End of Season Sale,179262.34,70,2560.89,521.97,4924.38
Britannia,Deal Seeker,Exclusive Insider Offers,146939.66,56,2623.92,585.25,4977.08
Britannia,Deal Seeker,Festive Fever Promo,168764.26,63,2678.80,507.70,4957.49
Britannia,Deal Seeker,Final Call Frenzy,128450.36,47,2732.99,610.42,4973.99
Britannia,Deal Seeker,Flash Frenzy Friday,181395.22,66,2748.41,513.46,4905.99
Britannia,Deal Seeker,"Gift More, Spend Less",160944.38,60,2682.41,513.73,4977.58
Britannia,Deal Seeker,Golden Hour Bargains,173645.76,66,2631.00,513.90,4914.06
Britannia,Deal Seeker,Green Weekend Deals,134235.44,53,2532.74,546.13,4899.66
Britannia,Deal Seeker,Happy Hour Discounts,190654.45,66,2888.70,762.56,4928.52
Britannia,Deal Seeker,Holiday Shopping Rush,140728.05,51,2759.37,603.85,4964.93
Britannia,Deal Seeker,Hot Picks Promo,143596.03,63,2279.30,548.14,4745.13
Britannia,Deal Seeker,Instant Gratification Sale,178464.44,72,2478.67,538.31,4987.18
Britannia,Deal Seeker,Limited Time Treasures,200381.06,70,2862.59,579.01,4942.60
Britannia,Deal Seeker,Loyalty Rewards Blast,140230.90,52,2696.75,547.44,4903.31
Britannia,Deal Seeker,Mega Weekend Bonanza,150191.67,53,2833.81,521.56,4946.67
Britannia,Deal Seeker,Mid-Year Madness,212318.73,77,2757.39,576.89,4953.03
Britannia,Deal Seeker,Midnight Madness,192391.17,64,3006.11,529.02,4961.98
Britannia,Deal Seeker,Mystery Discount Days,188837.84,72,2622.75,529.92,4983.72
Britannia,Deal Seeker,New Arrival Showcase,160671.40,62,2591.47,582.85,4945.97
Britannia,Deal Seeker,New Product Launch Promo,141901.83,56,2533.96,590.88,4613.58
Britannia,Deal Seeker,New Year Kickoff,156510.55,68,2301.63,522.53,4991.55
Britannia,Deal Seeker,Price Drop Parade,193158.77,70,2759.41,561.95,4989.23
Britannia,Deal Seeker,Red Tag Clearance,159084.60,56,2840.80,509.89,4952.22
Britannia,Deal Seeker,Seasonal Surprise Box,163565.51,52,3145.49,550.71,4900.38
Britannia,Deal Seeker,Shop & Save Spectacular,179634.71,65,2763.61,654.03,4960.30
Britannia,Deal Seeker,Smart Shopper Week,187777.97,62,3028.68,777.13,4994.32
Britannia,Deal Seeker,Spring Refresh Event,179198.81,63,2844.43,556.22,4986.34
Britannia,Deal Seeker,Spring Splash Discounts,216630.73,80,2707.88,525.52,4865.43
Britannia,Deal Seeker,Summer Sizzle Promo,172639.31,61,2830.15,536.71,4950.32
Britannia,Deal Seeker,Super Savings Week,211318.95,75,2817.59,623.02,4942.27
Britannia,Deal Seeker,Ultimate Value Event,179946.56,66,2726.46,552.47,4953.84
Britannia,Deal Seeker,VIP Access Sale,173204.66,69,2510.21,504.74,4831.24
Britannia,Deal Seeker,Weekend Warrior Specials,226925.37,75,3025.67,527.94,4981.57
Britannia,Deal Seeker,Winter Clearance Carnival,202118.91,74,2731.34,520.09,4958.00
Britannia,Deal Seeker,Winter Wonders Sale,174929.37,61,2867.69,510.84,4855.60
Britannia,First-time Buyer,12 Days of Deals,178779.59,68,2629.11,517.30,4969.49
Britannia,First-time Buyer,Autumn Deals Drive,181685.58,63,2883.90,540.99,4949.28
Britannia,First-time Buyer,BOGO Blitz,148047.67,55,2691.78,589.52,4830.12
Britannia,First-time Buyer,Back to School Boost,204461.47,74,2762.99,516.02,4970.11
Britannia,First-time Buyer,Birthday Bash Sale,184367.84,58,3178.76,557.62,4997.17
Britannia,First-time Buyer,Black Friday Blowout,206116.34,71,2903.05,554.48,4997.76
Britannia,First-time Buyer,Cart Crasher Campaign,160647.45,55,2920.86,716.65,4853.24
Britannia,First-time Buyer,Cashback Carnival,184203.69,64,2878.18,541.62,4995.88
Britannia,First-time Buyer,Clearance Countdown,145459.77,52,2797.30,804.37,4995.69
Britannia,First-time Buyer,Countdown to Savings,204086.12,68,3001.27,510.46,4960.70
Britannia,First-time Buyer,Customer Appreciation Week,182490.22,62,2943.39,521.64,4997.51
Britannia,First-time Buyer,Cyber Monday Mania,176693.03,63,2804.65,823.99,4999.83
Britannia,First-time Buyer,Deal of the Month,167683.69,70,2395.48,503.27,4990.87
Britannia,First-time Buyer,Double Points Bonanza,187217.95,68,2753.21,559.70,4973.65
Britannia,First-time Buyer,Early Bird Specials,183626.70,61,3010.27,510.77,4877.27
Britannia,First-time Buyer,End of Season Sale,189439.91,71,2668.17,545.80,4970.76
Britannia,First-time Buyer,Exclusive Insider Offers,211540.20,75,2820.54,628.16,4985.52
Britannia,First-time Buyer,Festive Fever Promo,176954.40,73,2424.03,522.53,4942.66
Britannia,First-time Buyer,Final Call Frenzy,192073.45,68,2824.61,715.50,4987.51
Britannia,First-time Buyer,Flash Frenzy Friday,175427.72,58,3024.62,611.91,4908.15
Britannia,First-time Buyer,"Gift More, Spend Less",178854.00,66,2709.91,529.28,4902.56
Britannia,First-time Buyer,Golden Hour Bargains,184339.33,63,2926.02,675.36,4834.17
Britannia,First-time Buyer,Green Weekend Deals,159173.24,59,2697.85,646.30,4892.44
Britannia,First-time Buyer,Happy Hour Discounts,191829.66,65,2951.23,626.11,4970.94
Britannia,First-time Buyer,Holiday Shopping Rush,195114.06,74,2636.68,630.63,4992.12
Britannia,First-time Buyer,Hot Picks Promo,140444.57,59,2380.42,503.19,4801.97
Britannia,First-time Buyer,Instant Gratification Sale,214535.88,74,2899.13,546.52,4982.50
Britannia,First-time Buyer,Limited Time Treasures,166388.18,61,2727.68,592.46,4974.48
Britannia,First-time Buyer,Loyalty Rewards Blast,193096.20,67,2882.03,566.09,4965.51
Britannia,First-time Buyer,Mega Weekend Bonanza,190425.25,64,2975.39,556.20,4980.98
Britannia,First-time Buyer,Mid-Year Madness,178060.35,65,2739.39,512.41,4943.07
Britannia,First-time Buyer,Midnight Madness,187315.78,74,2531.29,524.50,4686.12
Britannia,First-time Buyer,Mystery Discount Days,173063.01,59,2933.27,500.94,4958.81
Britannia,First-time Buyer,New Arrival Showcase,194657.12,75,2595.43,677.70,4903.07
Britannia,First-time Buyer,New Product Launch Promo,169656.32,62,2736.39,577.80,4811.65
Britannia,First-time Buyer,New Year Kickoff,119676.02,52,2301.46,522.48,4971.14
Britannia,First-time Buyer,Price Drop Parade,141728.81,57,2486.47,550.10,4978.49
Britannia,First-time Buyer,Red Tag Clearance,149460.06,57,2622.11,524.27,4925.95
Britannia,First-time Buyer,Seasonal Surprise Box,199692.06,69,2894.09,584.47,4991.34
Britannia,First-time Buyer,Shop & Save Spectacular,154565.58,56,2760.10,544.08,4973.31
Britannia,First-time Buyer,Smart Shopper Week,216682.54,75,2889.10,512.47,4943.46
Britannia,First-time Buyer,Spring Refresh Event,126706.88,48,2639.73,546.51,4995.72
Britannia,First-time Buyer,Spring Splash Discounts,188043.64,72,2611.72,523.24,4988.22
Britannia,First-time Buyer,Summer Sizzle Promo,183694.50,68,2701.39,576.53,4998.54
Britannia,First-time Buyer,Super Savings Week,191316.07,66,2898.73,538.15,4990.76
Britannia,First-time Buyer,Ultimate Value Event,168356.22,62,2715.42,509.73,4862.96
Britannia,First-time Buyer,VIP Access Sale,239035.29,84,2845.66,511.08,4975.49
Britannia,First-time Buyer,Weekend Warrior Specials,184927.49,65,2845.04,612.81,4956.89
Britannia,First-time Buyer,Winter Clearance Carnival,189008.76,67,2821.03,571.65,4983.75
Britannia,First-time Buyer,Winter Wonders Sale,184647.81,66,2797.69,529.74,4995.24
Britannia,High Value,12 Days of Deals,213871.62,81,2640.39,607.87,4998.87
Britannia,High Value,Autumn Deals Drive,236156.68,84,2811.39,596.31,4941.48
Britannia,High Value,BOGO Blitz,220717.80,79,2793.90,584.14,4992.77
Britannia,High Value,Back to School Boost,188186.10,68,2767.44,612.42,4992.48
Britannia,High Value,Birthday Bash Sale,143399.55,59,2430.50,538.15,4883.64
Britannia,High Value,Black Friday Blowout,186622.79,66,2827.62,565.85,4804.58
Britannia,High Value,Cart Crasher Campaign,184959.51,71,2605.06,566.55,4943.38
Britannia,High Value,Cashback Carnival,163885.99,61,2686.66,531.43,4903.59
Britannia,High Value,Clearance Countdown,231913.94,78,2973.26,533.17,4964.96
Britannia,High Value,Countdown to Savings,175105.55,64,2736.02,510.60,4819.94
Britannia,High Value,Customer Appreciation Week,201798.44,75,2690.65,504.57,4836.25
Britannia,High Value,Cyber Monday Mania,151897.57,55,2761.77,504.09,4784.08
Britannia,High Value,Deal of the Month,242548.05,90,2694.98,508.50,4961.60
Britannia,High Value,Double Points Bonanza,203050.08,70,2900.72,509.38,4967.01
Britannia,High Value,Early Bird Specials,225329.54,77,2926.36,593.13,4955.84
Britannia,High Value,End of Season Sale,193672.32,70,2766.75,548.97,4992.46
Britannia,High Value,Exclusive Insider Offers,174655.22,63,2772.31,515.78,4998.29
Britannia,High Value,Festive Fever Promo,146526.89,65,2254.26,543.13,4946.66
Britannia,High Value,Final Call Frenzy,206860.73,70,2955.15,542.89,4951.81
Britannia,High Value,Flash Frenzy Friday,143976.20,55,2617.75,595.30,4948.22
Britannia,High Value,"Gift More, Spend Less",194928.27,69,2825.05,565.43,4906.37
Britannia,High Value,Golden Hour Bargains,200724.19,68,2951.83,533.31,4981.31
Britannia,High Value,Green Weekend Deals,184807.91,70,2640.11,509.92,4963.60
Britannia,High Value,Happy Hour Discounts,183735.22,69,2662.83,565.90,4916.84
Britannia,High Value,Holiday Shopping Rush,185742.41,64,2902.23,536.22,4917.14
Britannia,High Value,Hot Picks Promo,258423.19,98,2636.97,548.94,4938.31
Britannia,High Value,Instant Gratification Sale,172851.66,61,2833.63,629.47,4988.57
Britannia,High Value,Limited Time Treasures,213496.89,79,2702.49,566.56,4984.48
Britannia,High Value,Loyalty Rewards Blast,184188.48,67,2749.08,555.92,4989.61
Britannia,High Value,Mega Weekend Bonanza,183495.04,71,2584.44,507.42,4893.13
Britannia,High Value,Mid-Year Madness,146223.94,59,2478.37,565.36,4962.63
Britannia,High Value,Midnight Madness,186478.77,65,2868.90,547.91,4882.60
Britannia,High Value,Mystery Discount Days,158148.85,59,2680.49,509.55,4925.11
Britannia,High Value,New Arrival Showcase,191470.93,69,2774.94,509.61,4968.88
Britannia,High Value,New Product Launch Promo,239796.26,84,2854.72,504.86,4961.71
Britannia,High Value,New Year Kickoff,174735.39,62,2818.31,508.27,4869.25
Britannia,High Value,Price Drop Parade,221805.79,77,2880.59,600.35,4975.62
Britannia,High Value,Red Tag Clearance,181725.30,65,2795.77,602.29,4965.97
Britannia,High Value,Seasonal Surprise Box,210198.54,76,2765.77,504.60,4811.41
Britannia,High Value,Shop & Save Spectacular,185542.94,69,2689.03,592.13,4971.64
Britannia,High Value,Smart Shopper Week,167138.05,64,2611.53,604.60,4994.27
Britannia,High Value,Spring Refresh Event,237225.09,81,2928.70,534.69,4988.05
Britannia,High Value,Spring Splash Discounts,193301.24,67,2885.09,527.46,4962.78
Britannia,High Value,Summer Sizzle Promo,159859.49,58,2756.20,523.99,4902.16
Britannia,High Value,Super Savings Week,164769.20,59,2792.70,512.49,4987.66
Britannia,High Value,Ultimate Value Event,200034.38,70,2857.63,607.06,4980.15
Britannia,High Value,VIP Access Sale,147882.81,54,2738.57,644.90,4965.21
Britannia,High Value,Weekend Warrior Specials,153850.87,59,2607.64,565.21,4993.10
Britannia,High Value,Winter Clearance Carnival,179739.30,61,2946.55,554.19,4956.81
Britannia,High Value,Winter Wonders Sale,208303.26,77,2705.24,538.61,4991.71
Britannia,In-Store Regular,12 Days of Deals,178956.31,68,2631.71,522.33,4860.10
Britannia,In-Store Regular,Autumn Deals Drive,138672.43,53,2616.46,620.92,4510.43
Britannia,In-Store Regular,BOGO Blitz,191740.85,66,2905.16,536.40,4962.10
Britannia,In-Store Regular,Back to School Boost,177345.26,63,2815.00,514.06,4948.15
Britannia,In-Store Regular,Birthday Bash Sale,216307.96,79,2738.08,546.23,4957.12
Britannia,In-Store Regular,Black Friday Blowout,200681.30,70,2866.88,529.25,4976.10
Britannia,In-Store Regular,Cart Crasher Campaign,196653.57,70,2809.34,643.08,4908.20
Britannia,In-Store Regular,Cashback Carnival,213853.51,77,2777.32,552.79,4956.13
Britannia,In-Store Regular,Clearance Countdown,208409.79,73,2854.93,526.91,4905.38
Britannia,In-Store Regular,Countdown to Savings,143848.52,63,2283.31,528.80,4924.25
Britannia,In-Store Regular,Customer Appreciation Week,156257.89,60,2604.30,556.10,4991.50
Britannia,In-Store Regular,Cyber Monday Mania,194792.86,73,2668.40,519.41,4990.68
Britannia,In-Store Regular,Deal of the Month,185725.73,64,2901.96,537.27,4982.09
Britannia,In-Store Regular,Double Points Bonanza,132137.66,51,2590.93,513.08,4905.32
Britannia,In-Store Regular,Early Bird Specials,220298.55,79,2788.59,527.91,4998.24
Britannia,In-Store Regular,End of Season Sale,199931.54,73,2738.79,707.12,4955.22
Britannia,In-Store Regular,Exclusive Insider Offers,197990.33,73,2712.20,520.69,4813.75
Britannia,In-Store Regular,Festive Fever Promo,185598.10,71,2614.06,690.21,4895.20
Britannia,In-Store Regular,Final Call Frenzy,191061.62,73,2617.28,513.86,4898.58
Britannia,In-Store Regular,Flash Frenzy Friday,224588.77,81,2772.70,519.19,4783.54
Britannia,In-Store Regular,"Gift More, Spend Less",160679.25,62,2591.60,511.37,4917.73
Britannia,In-Store Regular,Golden Hour Bargains,183594.11,67,2740.21,504.64,4999.35
Britannia,In-Store Regular,Green Weekend Deals,142735.87,56,2548.85,517.75,4890.58
Britannia,In-Store Regular,Happy Hour Discounts,175569.70,61,2878.19,584.42,4887.17
Britannia,In-Store Regular,Holiday Shopping Rush,254811.37,89,2863.05,613.95,4993.67
Britannia,In-Store Regular,Hot Picks Promo,227386.27,72,3158.14,713.88,4992.31
Britannia,In-Store Regular,Instant Gratification Sale,251198.93,83,3026.49,537.58,4961.20
Britannia,In-Store Regular,Limited Time Treasures,186506.02,65,2869.32,566.84,4918.02
Britannia,In-Store Regular,Loyalty Rewards Blast,184840.41,67,2758.81,568.10,4933.09
Britannia,In-Store Regular,Mega Weekend Bonanza,123947.23,48,2582.23,606.58,4921.55
Britannia,In-Store Regular,Mid-Year Madness,183109.78,60,3051.83,650.33,4905.06
Britannia,In-Store Regular,Midnight Madness,174914.97,69,2535.00,508.98,4951.56
Britannia,In-Store Regular,Mystery Discount Days,172354.63,67,2572.46,523.74,4994.43
Britannia,In-Store Regular,New Arrival Showcase,175525.66,64,2742.59,514.09,4880.87
Britannia,In-Store Regular,New Product Launch Promo,140843.53,59,2387.18,572.30,4961.94
Britannia,In-Store Regular,New Year Kickoff,183434.17,73,2512.80,579.78,4848.94
Britannia,In-Store Regular,Price Drop Parade,163110.11,64,2548.60,540.41,4906.51
Britannia,In-Store Regular,Red Tag Clearance,188767.99,65,2904.12,555.67,4995.93
Britannia,In-Store Regular,Seasonal Surprise Box,160563.74,65,2470.21,504.42,4636.00
Britannia,In-Store Regular,Shop & Save Spectacular,186414.46,69,2701.66,553.10,4941.14
Britannia,In-Store Regular,Smart Shopper Week,145216.88,54,2689.20,521.96,4994.55
Britannia,In-Store Regular,Spring Refresh Event,220594.20,75,2941.26,750.71,4981.20
Britannia,In-Store Regular,Spring Splash Discounts,167297.20,60,2788.29,538.55,4802.70
Britannia,In-Store Regular,Summer Sizzle Promo,193093.48,69,2798.46,572.62,4904.98
Britannia,In-Store Regular,Super Savings Week,208579.92,75,2781.07,527.12,4931.94
Britannia,In-Store Regular,Ultimate Value Event,169714.70,62,2737.33,518.74,4915.16
Britannia,In-Store Regular,VIP Access Sale,213247.34,75,2843.30,610.04,4991.40
Britannia,In-Store Regular,Weekend Warrior Specials,177267.63,71,2496.73,522.41,4984.08
Britannia,In-Store Regular,Winter Clearance Carnival,138566.29,50,2771.33,590.27,4940.83
Britannia,In-Store Regular,Winter Wonders Sale,160821.54,61,2636.42,542.27,4885.59
Britannia,Loyal Customer,12 Days of Deals,177466.52,69,2571.98,509.36,4911.08
Britannia,Loyal Customer,Autumn Deals Drive,265210.34,85,3120.12,521.41,4992.02
Britannia,Loyal Customer,BOGO Blitz,166766.30,64,2605.72,527.21,4822.96
Britannia,Loyal Customer,Back to School Boost,198516.17,70,2835.95,505.29,4892.04
Britannia,Loyal Customer,Birthday Bash Sale,170487.79,61,2794.88,654.25,4945.14
Britannia,Loyal Customer,Black Friday Blowout,169271.50,62,2730.19,543.56,4951.39
Britannia,Loyal Customer,Cart Crasher Campaign,187174.64,71,2636.26,524.51,4983.78
Britannia,Loyal Customer,Cashback Carnival,135255.35,45,3005.67,759.88,4994.46
Britannia,Loyal Customer,Clearance Countdown,195294.57,64,3051.48,528.91,4988.73
Britannia,Loyal Customer,Countdown to Savings,200000.52,72,2777.79,519.37,4852.14
Britannia,Loyal Customer,Customer Appreciation Week,186592.52,69,2704.24,646.90,4941.51
Britannia,Loyal Customer,Cyber Monday Mania,242858.41,85,2857.16,542.52,4980.50
Britannia,Loyal Customer,Deal of the Month,149289.74,58,2573.96,531.09,4920.60
Britannia,Loyal Customer,Double Points Bonanza,168790.58,60,2813.18,589.86,4976.69
Britannia,Loyal Customer,Early Bird Specials,170325.62,67,2542.17,521.99,4968.51
Britannia,Loyal Customer,End of Season Sale,154138.22,57,2704.18,653.26,4876.04
Britannia,Loyal Customer,Exclusive Insider Offers,159373.14,60,2656.22,523.27,4970.10
Britannia,Loyal Customer,Festive Fever Promo,194107.64,66,2941.02,535.59,4853.16
Britannia,Loyal Customer,Final Call Frenzy,178272.10,69,2583.65,514.82,4902.84
Britannia,Loyal Customer,Flash Frenzy Friday,173894.08,61,2850.72,557.25,4946.77
Britannia,Loyal Customer,"Gift More, Spend Less",159204.98,60,2653.42,520.54,4988.51
Britannia,Loyal Customer,Golden Hour Bargains,235045.31,83,2831.87,504.86,4976.17
Britannia,Loyal Customer,Green Weekend Deals,174838.72,58,3014.46,503.85,4928.33
Britannia,Loyal Customer,Happy Hour Discounts,171061.40,56,3054.67,556.53,4912.46
Britannia,Loyal Customer,Holiday Shopping Rush,173840.26,62,2803.88,628.81,4980.40
Britannia,Loyal Customer,Hot Picks Promo,197292.42,70,2818.46,561.36,4990.46
Britannia,Loyal Customer,Instant Gratification Sale,186300.42,66,2822.73,503.24,4864.74
Britannia,Loyal Customer,Limited Time Treasures,203882.18,78,2613.87,508.03,4898.86
Britannia,Loyal Customer,Loyalty Rewards Blast,179795.56,63,2853.90,621.27,4993.48
Britannia,Loyal Customer,Mega Weekend Bonanza,147395.79,55,2679.92,527.14,4994.82
Britannia,Loyal Customer,Mid-Year Madness,225300.37,77,2925.98,553.62,4978.60
Britannia,Loyal Customer,Midnight Madness,167229.13,63,2654.43,545.56,4920.43
Britannia,Loyal Customer,Mystery Discount Days,152809.25,59,2589.99,598.61,4966.36
Britannia,Loyal Customer,New Arrival Showcase,219984.43,75,2933.13,554.53,4863.19
Britannia,Loyal Customer,New Product Launch Promo,174597.72,65,2686.12,507.93,4954.29
Britannia,Loyal Customer,New Year Kickoff,187729.90,69,2720.72,542.56,4897.39
Britannia,Loyal Customer,Price Drop Parade,183685.50,58,3166.99,575.09,4893.79
Britannia,Loyal Customer,Red Tag Clearance,188323.18,66,2853.38,625.72,4953.32
Britannia,Loyal Customer,Seasonal Surprise Box,181486.50,59,3076.04,575.15,4990.82
Britannia,Loyal Customer,Shop & Save Spectacular,151253.56,56,2700.96,523.23,4972.27
Britannia,Loyal Customer,Smart Shopper Week,172441.35,62,2781.31,511.85,4999.40
Britannia,Loyal Customer,Spring Refresh Event,217923.63,77,2830.18,535.58,4995.73
Britannia,Loyal Customer,Spring Splash Discounts,178552.08,59,3026.31,506.84,4869.80
Britannia,Loyal Customer,Summer Sizzle Promo,172352.96,63,2735.76,608.67,4609.93
Britannia,Loyal Customer,Super Savings Week,140684.48,53,2654.42,586.98,4770.88
Britannia,Loyal Customer,Ultimate Value Event,144977.60,50,2899.55,631.93,4987.11
Britannia,Loyal Customer,VIP Access Sale,234663.19,86,2728.64,533.73,4993.43
Britannia,Loyal Customer,Weekend Warrior Specials,207981.90,72,2888.64,582.94,4928.07
Britannia,Loyal Customer,Winter Clearance Carnival,160994.23,65,2476.83,555.67,4823.76
Britannia,Loyal Customer,Winter Wonders Sale,125274.10,49,2556.61,626.88,4870.47
Britannia,Occasional Shopper,12 Days of Deals,199368.98,71,2808.01,527.56,4959.67
Britannia,Occasional Shopper,Autumn Deals Drive,195027.03,72,2708.71,566.11,4994.04
Britannia,Occasional Shopper,BOGO Blitz,145985.02,57,2561.14,613.75,4832.72
Britannia,Occasional Shopper,Back to School Boost,179436.92,66,2718.74,500.43,4996.41
Britannia,Occasional Shopper,Birthday Bash Sale,191695.10,67,2861.12,505.10,4960.94
Britannia,Occasional Shopper,Black Friday Blowout,199943.25,74,2701.94,588.77,4935.59
Britannia,Occasional Shopper,Cart Crasher Campaign,176250.15,69,2554.35,529.04,4920.87
Britannia,Occasional Shopper,Cashback Carnival,167383.00,70,2391.19,572.56,4931.02
Britannia,Occasional Shopper,Clearance Countdown,172201.34,59,2918.67,572.70,4956.25
Britannia,Occasional Shopper,Countdown to Savings,139951.49,52,2691.37,551.96,4846.01
Britannia,Occasional Shopper,Customer Appreciation Week,153396.66,54,2840.68,551.33,4974.39
Britannia,Occasional Shopper,Cyber Monday Mania,141058.68,60,2350.98,516.80,4933.08
Britannia,Occasional Shopper,Deal of the Month,166761.97,64,2605.66,504.60,4981.81
Britannia,Occasional Shopper,Double Points Bonanza,169948.09,65,2614.59,524.98,4933.00
Britannia,Occasional Shopper,Early Bird Specials,146111.94,59,2476.47,519.87,4824.88
Britannia,Occasional Shopper,End of Season Sale,184601.33,68,2714.73,514.59,4955.01
Britannia,Occasional Shopper,Exclusive Insider Offers,191693.00,71,2699.90,504.77,4968.20
Britannia,Occasional Shopper,Festive Fever Promo,144845.48,52,2785.49,581.33,4995.96
Britannia,Occasional Shopper,Final Call Frenzy,141078.77,62,2275.46,509.45,4897.90
Britannia,Occasional Shopper,Flash Frenzy Friday,154038.85,59,2610.83,516.25,4971.18
Britannia,Occasional Shopper,"Gift More, Spend Less",212379.71,69,3077.97,682.30,4836.20
Britannia,Occasional Shopper,Golden Hour Bargains,186941.72,62,3015.19,556.79,4999.21
Britannia,Occasional Shopper,Green Weekend Deals,206040.42,75,2747.21,910.68,4905.53
Britannia,Occasional Shopper,Happy Hour Discounts,151718.85,57,2661.73,572.32,4841.07
Britannia,Occasional Shopper,Holiday Shopping Rush,155818.93,61,2554.41,713.33,4792.50
Britannia,Occasional Shopper,Hot Picks Promo,191720.85,67,2861.51,549.12,4965.75
Britannia,Occasional Shopper,Instant Gratification Sale,198384.25,71,2794.14,638.52,4838.22
Britannia,Occasional Shopper,Limited Time Treasures,180546.30,72,2507.59,673.34,4920.02
Britannia,Occasional Shopper,Loyalty Rewards Blast,190089.20,70,2715.56,612.90,4976.10
Britannia,Occasional Shopper,Mega Weekend Bonanza,175585.25,63,2787.07,517.93,4938.42
Britannia,Occasional Shopper,Mid-Year Madness,186310.66,69,2700.15,517.53,4949.48
Britannia,Occasional Shopper,Midnight Madness,224815.88,82,2741.66,599.87,4966.84
Britannia,Occasional Shopper,Mystery Discount Days,167367.46,68,2461.29,518.63,4975.26
Britannia,Occasional Shopper,New Arrival Showcase,227934.20,84,2713.50,718.61,4981.10
Britannia,Occasional Shopper,New Product Launch Promo,165905.74,59,2811.96,567.11,4985.07
Britannia,Occasional Shopper,New Year Kickoff,178153.83,58,3071.62,526.01,4996.56
Britannia,Occasional Shopper,Price Drop Parade,216208.80,73,2961.76,509.15,4971.16
Britannia,Occasional Shopper,Red Tag Clearance,187167.46,65,2879.50,570.42,4974.40
Britannia,Occasional Shopper,Seasonal Surprise Box,177230.97,68,2606.34,500.56,4905.99
Britannia,Occasional Shopper,Shop & Save Spectacular,201108.01,62,3243.68,759.40,4930.43
Britannia,Occasional Shopper,Smart Shopper Week,149815.95,53,2826.72,630.08,4959.39
Britannia,Occasional Shopper,Spring Refresh Event,205960.79,67,3074.04,683.58,4985.50
Britannia,Occasional Shopper,Spring Splash Discounts,130947.37,49,2672.40,811.31,4974.19
Britannia,Occasional Shopper,Summer Sizzle Promo,228721.39,84,2722.87,570.74,4855.83
Britannia,Occasional Shopper,Super Savings Week,218592.70,71,3078.77,516.65,4977.81
Britannia,Occasional Shopper,Ultimate Value Event,153073.82,57,2685.51,595.35,4893.48
Britannia,Occasional Shopper,VIP Access Sale,193919.99,70,2770.29,528.77,4897.61
Britannia,Occasional Shopper,Weekend Warrior Specials,160897.62,65,2475.35,569.35,4960.09
Britannia,Occasional Shopper,Winter Clearance Carnival,215216.44,75,2869.55,503.43,4985.64
Britannia,Occasional Shopper,Winter Wonders Sale,170174.40,60,2836.24,597.99,4904.35
Britannia,Online Shopper,12 Days of Deals,139207.02,53,2626.55,531.82,4770.24
Britannia,Online Shopper,Autumn Deals Drive,192568.22,69,2790.84,728.09,4935.54
Britannia,Online Shopper,BOGO Blitz,233430.53,76,3071.45,592.42,4942.97
Britannia,Online Shopper,Back to School Boost,183079.98,66,2773.94,568.25,4893.54
Britannia,Online Shopper,Birthday Bash Sale,141274.62,48,2943.22,560.49,4925.48
Britannia,Online Shopper,Black Friday Blowout,160683.84,57,2819.01,511.36,4921.35
Britannia,Online Shopper,Cart Crasher Campaign,183552.33,63,2913.53,578.28,4993.97
Britannia,Online Shopper,Cashback Carnival,160731.33,64,2511.43,525.08,4952.28
Britannia,Online Shopper,Clearance Countdown,186281.69,66,2822.45,566.70,4982.62
Britannia,Online Shopper,Countdown to Savings,223860.03,85,2633.65,500.65,4993.28
Britannia,Online Shopper,Customer Appreciation Week,179783.27,64,2809.11,508.82,4997.84
Britannia,Online Shopper,Cyber Monday Mania,176996.48,64,2765.57,530.81,4971.10
Britannia,Online Shopper,Deal of the Month,145392.13,64,2271.75,580.21,4960.93
Britannia,Online Shopper,Double Points Bonanza,206648.65,78,2649.34,563.63,4889.55
Britannia,Online Shopper,Early Bird Specials,182697.90,69,2647.80,570.04,4932.18
Britannia,Online Shopper,End of Season Sale,171991.02,64,2687.36,690.15,4932.19
Britannia,Online Shopper,Exclusive Insider Offers,161827.56,58,2790.13,612.06,4936.06
Britannia,Online Shopper,Festive Fever Promo,127948.76,52,2460.55,635.71,4977.21
Britannia,Online Shopper,Final Call Frenzy,179091.87,65,2755.26,571.79,4953.05
Britannia,Online Shopper,Flash Frenzy Friday,192997.85,70,2757.11,544.69,4819.55
Britannia,Online Shopper,"Gift More, Spend Less",174025.32,72,2417.02,556.90,4827.16
Britannia,Online Shopper,Golden Hour Bargains,199059.18,76,2619.20,586.31,4894.54
Britannia,Online Shopper,Green Weekend Deals,204236.31,66,3094.49,550.17,4932.46
Britannia,Online Shopper,Happy Hour Discounts,140492.87,50,2809.86,649.44,4909.53
Britannia,Online Shopper,Holiday Shopping Rush,140803.00,58,2427.64,536.14,4918.98
Britannia,Online Shopper,Hot Picks Promo,196368.71,71,2765.76,503.38,4938.80
Britannia,Online Shopper,Instant Gratification Sale,197634.97,67,2949.78,503.33,4967.72
Britannia,Online Shopper,Limited Time Treasures,150846.85,59,2556.73,534.05,4970.47
Britannia,Online Shopper,Loyalty Rewards Blast,170825.20,60,2847.09,688.66,4883.92
Britannia,Online Shopper,Mega Weekend Bonanza,165657.61,64,2588.40,521.92,4838.31
Britannia,Online Shopper,Mid-Year Madness,177231.98,62,2858.58,617.18,4982.61
Britannia,Online Shopper,Midnight Madness,172645.22,71,2431.62,547.19,4981.40
Britannia,Online Shopper,Mystery Discount Days,201249.58,68,2959.55,529.97,4928.82
Britannia,Online Shopper,New Arrival Showcase,199279.46,71,2806.75,502.57,4996.06
Britannia,Online Shopper,New Product Launch Promo,184898.19,71,2604.20,631.67,4973.45
Britannia,Online Shopper,New Year Kickoff,202128.65,74,2731.47,710.04,4903.25
Britannia,Online Shopper,Price Drop Parade,137057.88,52,2635.73,516.53,4885.09
Britannia,Online Shopper,Red Tag Clearance,157580.05,62,2541.61,635.01,4812.81
Britannia,Online Shopper,Seasonal Surprise Box,241893.79,80,3023.67,651.03,4877.70
Britannia,Online Shopper,Shop & Save Spectacular,204043.34,69,2957.15,575.20,4904.13
Britannia,Online Shopper,Smart Shopper Week,185989.89,67,2775.97,581.64,4996.20
Britannia,Online Shopper,Spring Refresh Event,190798.04,65,2935.35,521.49,4989.50
Britannia,Online Shopper,Spring Splash Discounts,190540.59,65,2931.39,538.24,4947.94
Britannia,Online Shopper,Summer Sizzle Promo,234526.68,80,2931.58,516.31,4991.99
Britannia,Online Shopper,Super Savings Week,156253.57,60,2604.23,576.11,4960.86
Britannia,Online Shopper,Ultimate Value Event,221278.84,80,2765.99,511.38,4933.65
Britannia,Online Shopper,VIP Access Sale,154858.20,62,2497.71,510.75,4956.38
Britannia,Online Shopper,Weekend Warrior Specials,178664.10,67,2666.63,539.36,4708.54
Britannia,Online Shopper,Winter Clearance Carnival,169269.76,60,2821.16,719.06,4945.33
Britannia,Online Shopper,Winter Wonders Sale,207434.69,77,2693.96,505.12,4863.51
Britannia,Premium Shopper,12 Days of Deals,247036.19,79,3127.04,576.48,4966.88
Britannia,Premium Shopper,Autumn Deals Drive,192752.27,72,2677.11,581.12,4989.58
Britannia,Premium Shopper,BOGO Blitz,213024.33,76,2802.95,768.07,4976.30
Britannia,Premium Shopper,Back to School Boost,156891.67,57,2752.49,522.66,4993.04
Britannia,Premium Shopper,Birthday Bash Sale,191506.59,72,2659.81,612.11,4977.49
Britannia,Premium Shopper,Black Friday Blowout,180464.21,68,2653.89,539.77,4966.13
Britannia,Premium Shopper,Cart Crasher Campaign,160259.04,56,2861.77,558.32,4951.62
Britannia,Premium Shopper,Cashback Carnival,244187.04,88,2774.85,541.80,4835.54
Britannia,Premium Shopper,Clearance Countdown,165785.37,65,2550.54,551.10,4942.64
Britannia,Premium Shopper,Countdown to Savings,147212.75,55,2676.60,530.03,4993.99
Britannia,Premium Shopper,Customer Appreciation Week,162523.47,60,2708.72,569.05,4950.43
Britannia,Premium Shopper,Cyber Monday Mania,158436.65,58,2731.67,579.84,4932.97
Britannia,Premium Shopper,Deal of the Month,177663.35,62,2865.54,647.33,4972.57
Britannia,Premium Shopper,Double Points Bonanza,188207.34,72,2613.99,524.11,4966.22
Britannia,Premium Shopper,Early Bird Specials,128755.21,51,2524.61,719.61,4923.85
Britannia,Premium Shopper,End of Season Sale,173722.88,56,3102.19,530.79,4986.12
Britannia,Premium Shopper,Exclusive Insider Offers,185198.44,67,2764.16,709.02,4945.55
Britannia,Premium Shopper,Festive Fever Promo,189803.34,75,2530.71,548.07,4866.29
Britannia,Premium Shopper,Final Call Frenzy,168467.61,65,2591.81,535.19,4934.97
Britannia,Premium Shopper,Flash Frenzy Friday,156868.28,62,2530.13,541.51,4956.99
Britannia,Premium Shopper,"Gift More, Spend Less",169472.93,66,2567.77,539.59,4867.45
Britannia,Premium Shopper,Golden Hour Bargains,192845.93,70,2754.94,603.81,4970.45
Britannia,Premium Shopper,Green Weekend Deals,191553.57,72,2660.47,518.95,4977.17
Britannia,Premium Shopper,Happy Hour Discounts,181303.52,57,3180.76,554.25,4998.94
Britannia,Premium Shopper,Holiday Shopping Rush,190635.13,69,2762.83,555.51,4996.87
Britannia,Premium Shopper,Hot Picks Promo,159187.18,63,2526.78,500.98,4968.11
Britannia,Premium Shopper,Instant Gratification Sale,182187.74,65,2802.89,573.70,4986.68
Britannia,Premium Shopper,Limited Time Treasures,165408.47,55,3007.43,683.50,4985.97
Britannia,Premium Shopper,Loyalty Rewards Blast,191722.59,73,2626.34,550.06,4971.28
Britannia,Premium Shopper,Mega Weekend Bonanza,133686.17,53,2522.38,527.53,4804.72
Britannia,Premium Shopper,Mid-Year Madness,169573.53,64,2649.59,676.25,4906.97
Britannia,Premium Shopper,Midnight Madness,179745.50,66,2723.42,505.45,4997.76
Britannia,Premium Shopper,Mystery Discount Days,175925.55,67,2625.75,574.19,4867.42
Britannia,Premium Shopper,New Arrival Showcase,188951.91,65,2906.95,554.81,4984.12
Britannia,Premium Shopper,New Product Launch Promo,190436.58,71,2682.21,506.42,4996.19
Britannia,Premium Shopper,New Year Kickoff,157133.05,55,2856.96,816.22,4935.83
Britannia,Premium Shopper,Price Drop Parade,158856.54,61,2604.21,611.58,4996.09
Britannia,Premium Shopper,Red Tag Clearance,166937.52,63,2649.80,569.21,4992.34
Britannia,Premium Shopper,Seasonal Surprise Box,213233.99,74,2881.54,558.30,4955.49
Britannia,Premium Shopper,Shop & Save Spectacular,168979.99,60,2816.33,546.95,4967.07
Britannia,Premium Shopper,Smart Shopper Week,173241.51,68,2547.67,522.67,4931.51
Britannia,Premium Shopper,Spring Refresh Event,181542.40,65,2792.96,614.12,4878.73
Britannia,Premium Shopper,Spring Splash Discounts,189742.80,75,2529.90,582.80,4895.82
Britannia,Premium Shopper,Summer Sizzle Promo,165087.99,65,2539.82,533.97,4911.24
Britannia,Premium Shopper,Super Savings Week,139047.25,52,2673.99,507.93,4718.23
Britannia,Premium Shopper,Ultimate Value Event,176585.11,67,2635.60,518.06,4985.14
Britannia,Premium Shopper,VIP Access Sale,166276.58,66,2519.34,500.31,4938.44
Britannia,Premium Shopper,Weekend Warrior Specials,151105.91,65,2324.71,524.12,4887.30
Britannia,Premium Shopper,Winter Clearance Carnival,219294.59,76,2885.46,534.65,4918.77
Britannia,Premium Shopper,Winter Wonders Sale,201878.99,73,2765.47,659.93,4984.95
Decathlon,Budget Shopper,12 Days of Deals,174511.19,65,2684.79,536.52,4961.49
Decathlon,Budget Shopper,Autumn Deals Drive,162760.33,63,2583.50,524.69,4983.97
Decathlon,Budget Shopper,BOGO Blitz,162390.34,63,2577.62,514.68,4975.22
Decathlon,Budget Shopper,Back to School Boost,221530.64,76,2914.88,603.34,4984.20
Decathlon,Budget Shopper,Birthday Bash Sale,193436.99,67,2887.12,587.09,4990.77
Decathlon,Budget Shopper,Black Friday Blowout,197403.30,69,2860.92,532.14,4922.45
Decathlon,Budget Shopper,Cart Crasher Campaign,163181.51,61,2675.11,573.63,4926.05
Decathlon,Budget Shopper,Cashback Carnival,166639.72,61,2731.80,500.42,4949.57
Decathlon,Budget Shopper,Clearance Countdown,167763.12,59,2843.44,587.08,4995.72
Decathlon,Budget Shopper,Countdown to Savings,175624.38,66,2660.98,519.24,4982.11
Decathlon,Budget Shopper,Customer Appreciation Week,169815.65,62,2738.96,531.10,4956.10
Decathlon,Budget Shopper,Cyber Monday Mania,179283.44,67,2675.87,524.66,4902.43
Decathlon,Budget Shopper,Deal of the Month,179823.17,66,2724.59,559.39,4986.28
Decathlon,Budget Shopper,Double Points Bonanza,169209.81,67,2525.52,532.45,4883.33
Decathlon,Budget Shopper,Early Bird Specials,198764.68,73,2722.80,768.46,4938.48
Decathlon,Budget Shopper,End of Season Sale,155125.17,59,2629.24,596.34,4957.98
Decathlon,Budget Shopper,Exclusive Insider Offers,200637.07,72,2786.63,560.19,4965.05
Decathlon,Budget Shopper,Festive Fever Promo,189507.23,65,2915.50,508.66,4964.15
Decathlon,Budget Shopper,Final Call Frenzy,196396.03,70,2805.66,513.15,4989.89
Decathlon,Budget Shopper,Flash Frenzy Friday,195926.89,75,2612.36,517.41,4855.25
Decathlon,Budget Shopper,"Gift More, Spend Less",194804.21,73,2668.55,507.15,4951.52
Decathlon,Budget Shopper,Golden Hour Bargains,210515.63,80,2631.45,538.27,4977.76
Decathlon,Budget Shopper,Green Weekend Deals,204364.05,69,2961.80,574.87,4975.04
Decathlon,Budget Shopper,Happy Hour Discounts,191003.23,66,2893.99,500.42,4989.33
Decathlon,Budget Shopper,Holiday Shopping Rush,166489.54,57,2920.87,747.38,4930.37
Decathlon,Budget Shopper,Hot Picks Promo,196989.33,77,2558.30,505.64,4989.71
Decathlon,Budget Shopper,Instant Gratification Sale,170864.41,70,2440.92,560.25,4801.80
Decathlon,Budget Shopper,Limited Time Treasures,174219.61,61,2856.06,658.03,4957.95
Decathlon,Budget Shopper,Loyalty Rewards Blast,207369.83,76,2728.55,538.23,4963.63
Decathlon,Budget Shopper,Mega Weekend Bonanza,236644.74,81,2921.54,676.50,4995.42
Decathlon,Budget Shopper,Mid-Year Madness,171700.40,68,2525.01,601.18,4863.38
Decathlon,Budget Shopper,Midnight Madness,197292.16,73,2702.63,533.64,4972.15
Decathlon,Budget Shopper,Mystery Discount Days,189733.03,63,3011.64,709.98,4958.83
Decathlon,Budget Shopper,New Arrival Showcase,176590.86,69,2559.29,511.49,4923.13
Decathlon,Budget Shopper,New Product Launch Promo,142482.94,53,2688.36,512.46,4957.53
Decathlon,Budget Shopper,New Year Kickoff,186529.14,68,2743.08,567.43,4793.71
Decathlon,Budget Shopper,Price Drop Parade,178752.35,73,2448.66,546.69,4973.83
Decathlon,Budget Shopper,Red Tag Clearance,198331.79,72,2754.61,539.89,4958.76
Decathlon,Budget Shopper,Seasonal Surprise Box,182204.61,64,2846.95,566.38,4950.51
Decathlon,Budget Shopper,Shop & Save Spectacular,214199.24,74,2894.58,549.00,4971.93
Decathlon,Budget Shopper,Smart Shopper Week,184441.36,67,2752.86,539.99,4995.51
Decathlon,Budget Shopper,Spring Refresh Event,151968.25,58,2620.14,589.24,4992.08
Decathlon,Budget Shopper,Spring Splash Discounts,176670.86,65,2718.01,508.67,4991.41
Decathlon,Budget Shopper,Summer Sizzle Promo,201753.62,73,2763.75,530.85,4984.84
Decathlon,Budget Shopper,Super Savings Week,170496.23,62,2749.94,517.65,4984.03
Decathlon,Budget Shopper,Ultimate Value Event,158585.70,63,2517.23,586.02,4541.99
Decathlon,Budget Shopper,VIP Access Sale,144135.33,55,2620.64,500.51,4904.98
Decathlon,Budget Shopper,Weekend Warrior Specials,152872.75,60,2547.88,520.44,4869.82
Decathlon,Budget Shopper,Winter Clearance Carnival,194905.22,77,2531.24,506.66,4982.80
Decathlon,Budget Shopper,Winter Wonders Sale,152808.11,53,2883.17,543.94,4889.87
Decathlon,Churn Risk,12 Days of Deals,144440.68,51,2832.17,517.78,4879.29
Decathlon,Churn Risk,Autumn Deals Drive,201167.37,73,2755.72,564.53,4986.73
Decathlon,Churn Risk,BOGO Blitz,198562.23,69,2877.71,525.65,4954.33
Decathlon,Churn Risk,Back to School Boost,152683.41,56,2726.49,595.62,4984.46
Decathlon,Churn Risk,Birthday Bash Sale,155074.86,57,2720.61,543.51,4812.18
Decathlon,Churn Risk,Black Friday Blowout,189360.16,68,2784.71,503.63,4893.32
Decathlon,Churn Risk,Cart Crasher Campaign,150665.64,59,2553.65,606.58,4995.47
Decathlon,Churn Risk,Cashback Carnival,187378.44,73,2566.83,505.42,4950.43
Decathlon,Churn Risk,Clearance Countdown,204848.15,72,2845.11,505.32,4886.33
Decathlon,Churn Risk,Countdown to Savings,189207.60,66,2866.78,504.21,4925.49
Decathlon,Churn Risk,Customer Appreciation Week,168999.09,60,2816.65,566.78,4983.28
Decathlon,Churn Risk,Cyber Monday Mania,229268.25,84,2729.38,505.17,4883.25
Decathlon,Churn Risk,Deal of the Month,184513.48,65,2838.67,644.08,4889.72
Decathlon,Churn Risk,Double Points Bonanza,119849.44,43,2787.20,660.42,4927.22
Decathlon,Churn Risk,Early Bird Specials,196232.02,69,2843.94,550.01,4997.07
Decathlon,Churn Risk,End of Season Sale,185335.96,70,2647.66,600.00,4863.81
Decathlon,Churn Risk,Exclusive Insider Offers,162484.31,55,2954.26,636.87,4983.41
Decathlon,Churn Risk,Festive Fever Promo,199592.39,70,2851.32,514.87,4967.67
Decathlon,Churn Risk,Final Call Frenzy,196702.09,69,2850.75,601.56,4889.11
Decathlon,Churn Risk,Flash Frenzy Friday,160023.57,61,2623.34,511.58,4974.34
Decathlon,Churn Risk,"Gift More, Spend Less",235160.52,86,2734.42,567.40,4955.13
Decathlon,Churn Risk,Golden Hour Bargains,191254.05,68,2812.56,534.98,4905.56
Decathlon,Churn Risk,Green Weekend Deals,229879.64,76,3024.73,521.12,4946.21
Decathlon,Churn Risk,Happy Hour Discounts,183170.35,61,3002.79,549.22,4942.02
Decathlon,Churn Risk,Holiday Shopping Rush,159058.75,62,2565.46,534.43,4867.59
Decathlon,Churn Risk,Hot Picks Promo,150644.38,62,2429.75,549.19,4953.46
Decathlon,Churn Risk,Instant Gratification Sale,201088.51,71,2832.23,690.66,4896.24
Decathlon,Churn Risk,Limited Time Treasures,176901.74,71,2491.57,692.30,4925.67
Decathlon,Churn Risk,Loyalty Rewards Blast,166029.66,61,2721.80,555.42,4951.51
Decathlon,Churn Risk,Mega Weekend Bonanza,144465.37,52,2778.18,526.52,4707.10
Decathlon,Churn Risk,Mid-Year Madness,173827.02,65,2674.26,528.40,4897.36
Decathlon,Churn Risk,Midnight Madness,156235.99,59,2648.07,558.72,4858.48
Decathlon,Churn Risk,Mystery Discount Days,154623.79,55,2811.34,585.28,4950.33
Decathlon,Churn Risk,New Arrival Showcase,240115.27,78,3078.40,525.62,4974.64
Decathlon,Churn Risk,New Product Launch Promo,185322.17,68,2725.33,641.60,4865.96
Decathlon,Churn Risk,New Year Kickoff,172800.45,63,2742.86,610.61,4833.15
Decathlon,Churn Risk,Price Drop Parade,219117.28,74,2961.04,511.58,4938.70
Decathlon,Churn Risk,Red Tag Clearance,204508.11,69,2963.89,541.98,4949.27
Decathlon,Churn Risk,Seasonal Surprise Box,184434.23,66,2794.46,539.15,4945.68
Decathlon,Churn Risk,Shop & Save Spectacular,195426.09,73,2677.07,618.23,4966.99
Decathlon,Churn Risk,Smart Shopper Week,206905.94,74,2796.03,561.24,4863.69
Decathlon,Churn Risk,Spring Refresh Event,242543.27,84,2887.42,500.56,4967.33
Decathlon,Churn Risk,Spring Splash Discounts,186315.87,67,2780.83,583.03,4914.19
Decathlon,Churn Risk,Summer Sizzle Promo,186559.00,72,2591.10,546.24,4953.10
Decathlon,Churn Risk,Super Savings Week,170753.26,58,2944.02,795.15,4961.10
Decathlon,Churn Risk,Ultimate Value Event,190184.96,68,2796.84,531.19,4884.52
Decathlon,Churn Risk,VIP Access Sale,178638.92,65,2748.29,688.41,4934.67
Decathlon,Churn Risk,Weekend Warrior Specials,156429.76,62,2523.06,524.53,4971.83
Decathlon,Churn Risk,Winter Clearance Carnival,223618.63,82,2727.06,588.69,4945.69
Decathlon,Churn Risk,Winter Wonders Sale,185889.42,64,2904.52,535.39,4980.69
Decathlon,Deal Seeker,12 Days of Deals,209578.10,76,2757.61,519.31,4977.69
Decathlon,Deal Seeker,Autumn Deals Drive,228919.21,78,2934.86,528.92,4942.33
Decathlon,Deal Seeker,BOGO Blitz,159530.26,65,2454.31,604.66,4878.45
Decathlon,Deal Seeker,Back to School Boost,160941.16,65,2476.02,555.35,4742.57
Decathlon,Deal Seeker,Birthday Bash Sale,135313.09,50,2706.26,645.55,4826.35
Decathlon,Deal Seeker,Black Friday Blowout,197479.03,67,2947.45,515.63,4917.85
Decathlon,Deal Seeker,Cart Crasher Campaign,147309.43,51,2888.42,606.87,4927.50
Decathlon,Deal Seeker,Cashback Carnival,164771.78,62,2657.61,502.58,4943.05
Decathlon,Deal Seeker,Clearance Countdown,162960.92,58,2809.67,548.33,4945.34
Decathlon,Deal Seeker,Countdown to Savings,177006.94,65,2723.18,568.11,4974.88
Decathlon,Deal Seeker,Customer Appreciation Week,257875.11,86,2998.55,557.19,4990.46
Decathlon,Deal Seeker,Cyber Monday Mania,165524.44,59,2805.50,631.87,4962.39
Decathlon,Deal Seeker,Deal of the Month,212372.63,78,2722.73,516.25,4839.16
Decathlon,Deal Seeker,Double Points Bonanza,182570.73,68,2684.86,554.62,4897.28
Decathlon,Deal Seeker,Early Bird Specials,210039.05,75,2800.52,524.55,4766.54
Decathlon,Deal Seeker,End of Season Sale,197545.20,75,2633.94,515.47,4969.12
Decathlon,Deal Seeker,Exclusive Insider Offers,130087.47,51,2550.73,525.50,4833.57
Decathlon,Deal Seeker,Festive Fever Promo,169951.20,63,2697.64,517.42,4972.98
Decathlon,Deal Seeker,Final Call Frenzy,208926.37,78,2678.54,599.07,4977.47
Decathlon,Deal Seeker,Flash Frenzy Friday,207303.99,83,2497.64,501.01,4990.60
Decathlon,Deal Seeker,"Gift More, Spend Less",164759.85,66,2496.36,500.46,4995.74
Decathlon,Deal Seeker,Golden Hour Bargains,191264.18,74,2584.65,548.78,4958.69
Decathlon,Deal Seeker,Green Weekend Deals,183633.97,63,2914.82,772.00,4985.58
Decathlon,Deal Seeker,Happy Hour Discounts,192533.90,72,2674.08,505.31,4968.59
Decathlon,Deal Seeker,Holiday Shopping Rush,210574.88,74,2845.61,540.70,4994.86
Decathlon,Deal Seeker,Hot Picks Promo,167701.10,63,2661.92,504.54,4954.41
Decathlon,Deal Seeker,Instant Gratification Sale,193264.48,69,2800.93,581.58,4961.93
Decathlon,Deal Seeker,Limited Time Treasures,156921.76,56,2802.17,538.45,4942.51
Decathlon,Deal Seeker,Loyalty Rewards Blast,166852.15,55,3033.68,683.30,4904.28
Decathlon,Deal Seeker,Mega Weekend Bonanza,198435.16,68,2918.16,626.03,4971.18
Decathlon,Deal Seeker,Mid-Year Madness,165092.67,62,2662.78,528.05,4999.49
Decathlon,Deal Seeker,Midnight Madness,183065.84,68,2692.14,506.71,4953.17
Decathlon,Deal Seeker,Mystery Discount Days,172113.54,63,2731.96,567.72,4914.24
Decathlon,Deal Seeker,New Arrival Showcase,164412.64,60,2740.21,506.47,4934.65
Decathlon,Deal Seeker,New Product Launch Promo,162617.48,61,2665.86,559.17,4977.46
Decathlon,Deal Seeker,New Year Kickoff,165584.10,63,2628.32,514.31,4928.80
Decathlon,Deal Seeker,Price Drop Parade,131976.01,47,2808.00,540.15,4991.46
Decathlon,Deal Seeker,Red Tag Clearance,121726.08,53,2296.72,563.61,4825.75
Decathlon,Deal Seeker,Seasonal Surprise Box,175203.31,61,2872.19,573.57,4991.22
Decathlon,Deal Seeker,Shop & Save Spectacular,203207.17,68,2988.34,544.79,4943.74
Decathlon,Deal Seeker,Smart Shopper Week,186441.32,73,2553.99,578.79,4981.58
Decathlon,Deal Seeker,Spring Refresh Event,241476.64,85,2840.90,678.74,4967.84
Decathlon,Deal Seeker,Spring Splash Discounts,179113.37,68,2634.02,508.75,4960.00
Decathlon,Deal Seeker,Summer Sizzle Promo,159886.11,58,2756.66,543.65,4991.16
Decathlon,Deal Seeker,Super Savings Week,179586.28,59,3043.84,582.69,4985.14
Decathlon,Deal Seeker,Ultimate Value Event,180070.83,68,2648.10,614.66,4996.78
Decathlon,Deal Seeker,VIP Access Sale,174620.54,62,2816.46,514.26,4974.98
Decathlon,Deal Seeker,Weekend Warrior Specials,186989.27,70,2671.28,514.80,4773.80
Decathlon,Deal Seeker,Winter Clearance Carnival,153903.60,65,2367.75,653.82,4886.12
Decathlon,Deal Seeker,Winter Wonders Sale,112600.26,43,2618.61,503.85,4984.24
Decathlon,First-time Buyer,12 Days of Deals,176644.11,71,2487.95,510.07,4935.50
Decathlon,First-time Buyer,Autumn Deals Drive,156698.78,60,2611.65,529.51,4990.55
Decathlon,First-time Buyer,BOGO Blitz,169388.27,60,2823.14,719.55,4767.23
Decathlon,First-time Buyer,Back to School Boost,179855.87,64,2810.25,517.77,4938.10
Decathlon,First-time Buyer,Birthday Bash Sale,159869.00,57,2804.72,501.68,4901.69
Decathlon,First-time Buyer,Black Friday Blowout,117643.24,48,2450.90,586.43,4979.46
Decathlon,First-time Buyer,Cart Crasher Campaign,185486.02,72,2576.19,536.52,4892.78
Decathlon,First-time Buyer,Cashback Carnival,209419.89,73,2868.77,502.94,4986.97
Decathlon,First-time Buyer,Clearance Countdown,186195.43,65,2864.55,600.68,4965.75
Decathlon,First-time Buyer,Countdown to Savings,202821.67,78,2600.28,500.09,4933.77
Decathlon,First-time Buyer,Customer Appreciation Week,181474.81,65,2791.92,535.80,4879.47
Decathlon,First-time Buyer,Cyber Monday Mania,157852.08,57,2769.33,515.74,4903.90
Decathlon,First-time Buyer,Deal of the Month,141081.79,53,2661.92,606.84,4967.88
Decathlon,First-time Buyer,Double Points Bonanza,191248.50,68,2812.48,502.80,4968.72
Decathlon,First-time Buyer,Early Bird Specials,190444.23,68,2800.65,538.11,4912.04
Decathlon,First-time Buyer,End of Season Sale,185830.58,64,2903.60,509.18,4966.80
Decathlon,First-time Buyer,Exclusive Insider Offers,190951.68,65,2937.72,524.76,4916.69
Decathlon,First-time Buyer,Festive Fever Promo,177722.34,61,2913.48,586.44,4836.69
Decathlon,First-time Buyer,Final Call Frenzy,187062.03,64,2922.84,536.00,4990.97
Decathlon,First-time Buyer,Flash Frenzy Friday,141491.47,55,2572.57,505.25,4971.21
Decathlon,First-time Buyer,"Gift More, Spend Less",190996.19,69,2768.06,581.91,4887.39
Decathlon,First-time Buyer,Golden Hour Bargains,186064.86,63,2953.41,562.14,4928.25
Decathlon,First-time Buyer,Green Weekend Deals,168453.67,64,2632.09,570.64,4910.20
Decathlon,First-time Buyer,Happy Hour Discounts,251099.02,82,3062.18,527.31,4961.32
Decathlon,First-time Buyer,Holiday Shopping Rush,221120.00,79,2798.99,521.38,4997.18
Decathlon,First-time Buyer,Hot Picks Promo,138185.11,51,2709.51,540.33,4886.81
Decathlon,First-time Buyer,Instant Gratification Sale,152030.07,53,2868.49,540.53,4963.66
Decathlon,First-time Buyer,Limited Time Treasures,142044.91,59,2407.54,565.52,4720.95
Decathlon,First-time Buyer,Loyalty Rewards Blast,209086.81,75,2787.82,625.58,4971.05
Decathlon,First-time Buyer,Mega Weekend Bonanza,198482.58,73,2718.94,600.10,4936.86
Decathlon,First-time Buyer,Mid-Year Madness,215370.09,76,2833.82,729.88,4822.75
Decathlon,First-time Buyer,Midnight Madness,161929.42,55,2944.17,639.49,4953.64
Decathlon,First-time Buyer,Mystery Discount Days,165692.94,66,2510.50,781.24,4788.18
Decathlon,First-time Buyer,New Arrival Showcase,192002.29,70,2742.89,664.46,4924.99
Decathlon,First-time Buyer,New Product Launch Promo,200614.94,71,2825.56,503.51,4885.80
Decathlon,First-time Buyer,New Year Kickoff,191075.38,71,2691.20,513.25,4883.08
Decathlon,First-time Buyer,Price Drop Parade,204860.85,72,2845.29,508.99,4950.37
Decathlon,First-time Buyer,Red Tag Clearance,217008.78,74,2932.55,530.70,4981.94
Decathlon,First-time Buyer,Seasonal Surprise Box,222135.12,81,2742.41,629.91,4838.09
Decathlon,First-time Buyer,Shop & Save Spectacular,151531.52,59,2568.33,502.57,4996.23
Decathlon,First-time Buyer,Smart Shopper Week,202721.00,73,2777.00,508.58,4869.45
Decathlon,First-time Buyer,Spring Refresh Event,161950.67,57,2841.24,733.64,4976.54
Decathlon,First-time Buyer,Spring Splash Discounts,166315.68,58,2867.51,523.64,4912.16
Decathlon,First-time Buyer,Summer Sizzle Promo,180710.30,73,2475.48,502.21,4796.57
Decathlon,First-time Buyer,Super Savings Week,216297.65,82,2637.78,536.95,4999.25
Decathlon,First-time Buyer,Ultimate Value Event,170542.96,60,2842.38,737.47,4978.40
Decathlon,First-time Buyer,VIP Access Sale,144360.79,55,2624.74,629.87,4948.55
Decathlon,First-time Buyer,Weekend Warrior Specials,175896.43,64,2748.38,552.30,4854.59
Decathlon,First-time Buyer,Winter Clearance Carnival,180811.54,72,2511.27,511.88,4936.81
Decathlon,First-time Buyer,Winter Wonders Sale,188199.26,69,2727.53,555.26,4875.76
Decathlon,High Value,12 Days of Deals,182319.26,64,2848.74,516.40,4833.41
Decathlon,High Value,Autumn Deals Drive,180019.62,69,2608.98,524.93,4974.89
Decathlon,High Value,BOGO Blitz,172316.04,66,2610.85,519.56,4871.36
Decathlon,High Value,Back to School Boost,182190.92,64,2846.73,530.23,4987.53
Decathlon,High Value,Birthday Bash Sale,226747.58,80,2834.34,813.47,4977.57
Decathlon,High Value,Black Friday Blowout,215775.90,79,2731.34,640.09,4978.37
Decathlon,High Value,Cart Crasher Campaign,235629.71,88,2677.61,566.05,4972.39
Decathlon,High Value,Cashback Carnival,177083.58,62,2856.19,567.72,4960.01
Decathlon,High Value,Clearance Countdown,196388.31,70,2805.55,663.43,4937.75
Decathlon,High Value,Countdown to Savings,172671.23,64,2697.99,524.07,4949.50
Decathlon,High Value,Customer Appreciation Week,198541.78,72,2757.52,538.36,4968.78
Decathlon,High Value,Cyber Monday Mania,228767.40,86,2660.09,681.41,4995.64
Decathlon,High Value,Deal of the Month,186091.38,66,2819.57,732.34,4910.92
Decathlon,High Value,Double Points Bonanza,186296.38,68,2739.65,524.66,4947.16
Decathlon,High Value,Early Bird Specials,159148.96,59,2697.44,563.65,4985.56
Decathlon,High Value,End of Season Sale,173733.65,61,2848.09,764.60,4999.05
Decathlon,High Value,Exclusive Insider Offers,191795.48,66,2905.99,587.83,4937.65
Decathlon,High Value,Festive Fever Promo,173564.51,65,2670.22,525.70,4949.26
Decathlon,High Value,Final Call Frenzy,159649.84,58,2752.58,572.99,4998.08
Decathlon,High Value,Flash Frenzy Friday,213453.74,76,2808.60,639.76,4985.05
Decathlon,High Value,"Gift More, Spend Less",191469.79,68,2815.73,551.12,4990.32
Decathlon,High Value,Golden Hour Bargains,199130.89,71,2804.66,522.75,4960.45
Decathlon,High Value,Green Weekend Deals,183490.24,66,2780.16,546.77,4978.45
Decathlon,High Value,Happy Hour Discounts,164410.20,59,2786.61,611.54,4782.80
Decathlon,High Value,Holiday Shopping Rush,165714.78,64,2589.29,514.08,4976.16
Decathlon,High Value,Hot Picks Promo,169710.60,58,2926.04,634.08,4988.34
Decathlon,High Value,Instant Gratification Sale,210180.97,78,2694.63,526.84,4998.94
Decathlon,High Value,Limited Time Treasures,201318.89,69,2917.67,600.00,4958.15
Decathlon,High Value,Loyalty Rewards Blast,167807.63,66,2542.54,500.22,4844.71
Decathlon,High Value,Mega Weekend Bonanza,189248.36,71,2665.47,516.27,4814.69
Decathlon,High Value,Mid-Year Madness,235927.08,83,2842.49,547.47,4956.19
Decathlon,High Value,Midnight Madness,210192.67,74,2840.44,538.48,4983.38
Decathlon,High Value,Mystery Discount Days,161369.49,58,2782.23,613.96,4939.35
Decathlon,High Value,New Arrival Showcase,177744.29,61,2913.84,529.11,4991.35
Decathlon,High Value,New Product Launch Promo,163232.91,64,2550.51,535.53,4925.07
Decathlon,High Value,New Year Kickoff,204473.00,76,2690.43,501.31,4965.80
Decathlon,High Value,Price Drop Parade,149820.11,60,2497.00,533.84,4980.83
Decathlon,High Value,Red Tag Clearance,201780.67,68,2967.36,500.15,4890.86
Decathlon,High Value,Seasonal Surprise Box,155913.98,63,2474.83,557.13,4868.43
Decathlon,High Value,Shop & Save Spectacular,162972.73,66,2469.28,545.53,4985.35
Decathlon,High Value,Smart Shopper Week,212139.75,74,2866.75,519.40,4994.72
Decathlon,High Value,Spring Refresh Event,213116.04,69,3088.64,559.89,4945.00
Decathlon,High Value,Spring Splash Discounts,204014.42,75,2720.19,650.98,4926.31
Decathlon,High Value,Summer Sizzle Promo,221150.94,73,3029.46,551.17,4930.72
Decathlon,High Value,Super Savings Week,198031.81,68,2912.23,619.97,4941.37
Decathlon,High Value,Ultimate Value Event,202886.58,70,2898.38,562.36,4923.40
Decathlon,High Value,VIP Access Sale,173375.79,58,2989.24,574.54,4959.07
Decathlon,High Value,Weekend Warrior Specials,162277.93,65,2496.58,551.95,4867.02
Decathlon,High Value,Winter Clearance Carnival,228085.10,78,2924.17,527.44,4965.53
Decathlon,High Value,Winter Wonders Sale,186444.34,70,2663.49,620.53,4821.51
Decathlon,In-Store Regular,12 Days of Deals,122183.31,47,2599.64,601.93,4936.78
Decathlon,In-Store Regular,Autumn Deals Drive,183712.78,65,2826.35,582.58,4926.13
Decathlon,In-Store Regular,BOGO Blitz,163607.69,53,3086.94,534.77,4933.89
Decathlon,In-Store Regular,Back to School Boost,214952.49,71,3027.50,526.10,4930.59
Decathlon,In-Store Regular,Birthday Bash Sale,177725.63,63,2821.04,574.64,4931.46
Decathlon,In-Store Regular,Black Friday Blowout,155195.64,54,2873.99,529.05,4941.88
Decathlon,In-Store Regular,Cart Crasher Campaign,211170.84,76,2778.56,504.84,4997.58
Decathlon,In-Store Regular,Cashback Carnival,193539.51,70,2764.85,559.68,4996.22
Decathlon,In-Store Regular,Clearance Countdown,182047.02,66,2758.29,513.24,4989.75
Decathlon,In-Store Regular,Countdown to Savings,179943.96,69,2607.88,508.34,4807.12
Decathlon,In-Store Regular,Customer Appreciation Week,154300.04,56,2755.36,597.31,4972.20
Decathlon,In-Store Regular,Cyber Monday Mania,158604.02,56,2832.21,557.86,4677.50
Decathlon,In-Store Regular,Deal of the Month,183899.50,56,3283.92,1037.13,4999.17
Decathlon,In-Store Regular,Double Points Bonanza,201425.18,74,2721.96,508.18,4967.50
Decathlon,In-Store Regular,Early Bird Specials,229825.80,77,2984.75,527.14,4989.80
Decathlon,In-Store Regular,End of Season Sale,180895.15,67,2699.93,607.14,4978.05
Decathlon,In-Store Regular,Exclusive Insider Offers,183822.10,65,2828.03,549.21,4992.70
Decathlon,In-Store Regular,Festive Fever Promo,180809.91,67,2698.66,534.10,4990.56
Decathlon,In-Store Regular,Final Call Frenzy,202587.17,74,2737.66,522.72,4991.04
Decathlon,In-Store Regular,Flash Frenzy Friday,237453.12,83,2860.88,536.36,4951.17
Decathlon,In-Store Regular,"Gift More, Spend Less",184575.03,71,2599.65,545.08,4949.71
Decathlon,In-Store Regular,Golden Hour Bargains,194379.71,73,2662.74,509.56,4943.61
Decathlon,In-Store Regular,Green Weekend Deals,153541.60,57,2693.71,549.41,4966.10
Decathlon,In-Store Regular,Happy Hour Discounts,143102.18,53,2700.04,732.57,4932.12
Decathlon,In-Store Regular,Holiday Shopping Rush,190686.30,69,2763.57,535.47,4953.25
Decathlon,In-Store Regular,Hot Picks Promo,176762.07,65,2719.42,526.70,4904.89
Decathlon,In-Store Regular,Instant Gratification Sale,191509.49,63,3039.83,603.05,4940.24
Decathlon,In-Store Regular,Limited Time Treasures,179906.50,69,2607.34,513.55,4963.28
Decathlon,In-Store Regular,Loyalty Rewards Blast,201532.32,69,2920.76,528.39,4911.76
Decathlon,In-Store Regular,Mega Weekend Bonanza,202490.67,76,2664.35,513.95,4959.24
Decathlon,In-Store Regular,Mid-Year Madness,233471.50,82,2847.21,587.50,4997.59
Decathlon,In-Store Regular,Midnight Madness,183448.34,59,3109.29,716.90,4962.81
Decathlon,In-Store Regular,Mystery Discount Days,247122.33,81,3050.89,525.50,4948.81
Decathlon,In-Store Regular,New Arrival Showcase,214082.20,73,2932.63,509.28,4907.27
Decathlon,In-Store Regular,New Product Launch Promo,168282.21,61,2758.72,526.39,4973.97
Decathlon,In-Store Regular,New Year Kickoff,118354.71,46,2572.93,560.61,4960.98
Decathlon,In-Store Regular,Price Drop Parade,153393.82,56,2739.18,678.91,4707.84
Decathlon,In-Store Regular,Red Tag Clearance,198806.34,68,2923.62,568.41,4979.21
Decathlon,In-Store Regular,Seasonal Surprise Box,197097.55,71,2776.02,608.89,4992.97
Decathlon,In-Store Regular,Shop & Save Spectacular,168292.77,64,2629.57,611.41,4923.31
Decathlon,In-Store Regular,Smart Shopper Week,169836.74,60,2830.61,615.46,4986.59
Decathlon,In-Store Regular,Spring Refresh Event,197394.10,65,3036.83,521.35,4953.50
Decathlon,In-Store Regular,Spring Splash Discounts,191925.72,71,2703.18,537.91,4955.54
Decathlon,In-Store Regular,Summer Sizzle Promo,157222.10,68,2312.09,568.76,4653.54
Decathlon,In-Store Regular,Super Savings Week,157640.77,61,2584.27,501.50,4992.34
Decathlon,In-Store Regular,Ultimate Value Event,186975.19,65,2876.54,605.70,4927.90
Decathlon,In-Store Regular,VIP Access Sale,178111.40,71,2508.61,526.48,4983.80
Decathlon,In-Store Regular,Weekend Warrior Specials,179915.75,61,2949.44,741.85,4989.44
Decathlon,In-Store Regular,Winter Clearance Carnival,199920.92,70,2856.01,555.21,4999.77
Decathlon,In-Store Regular,Winter Wonders Sale,135075.17,50,2701.50,764.59,4987.82
Decathlon,Loyal Customer,12 Days of Deals,194249.33,75,2589.99,508.37,4909.92
Decathlon,Loyal Customer,Autumn Deals Drive,148739.63,58,2564.48,529.90,4952.53
Decathlon,Loyal Customer,BOGO Blitz,196930.75,75,2625.74,662.49,4936.08
Decathlon,Loyal Customer,Back to School Boost,217015.90,82,2646.54,537.41,4988.23
Decathlon,Loyal Customer,Birthday Bash Sale,197402.77,69,2860.91,508.25,4986.88
Decathlon,Loyal Customer,Black Friday Blowout,176098.88,67,2628.34,525.54,4896.93
Decathlon,Loyal Customer,Cart Crasher Campaign,206217.66,70,2945.97,512.77,4917.60
Decathlon,Loyal Customer,Cashback Carnival,122833.23,47,2613.47,540.11,4653.60
Decathlon,Loyal Customer,Clearance Countdown,180640.16,73,2474.52,578.15,4989.93
Decathlon,Loyal Customer,Countdown to Savings,191414.99,70,2734.50,557.62,4916.41
Decathlon,Loyal Customer,Customer Appreciation Week,172573.79,65,2654.98,605.53,4939.54
Decathlon,Loyal Customer,Cyber Monday Mania,167954.51,57,2946.57,501.43,4938.53
Decathlon,Loyal Customer,Deal of the Month,226752.52,81,2799.41,503.70,4985.37
Decathlon,Loyal Customer,Double Points Bonanza,194297.38,73,2661.61,530.60,4996.95
Decathlon,Loyal Customer,Early Bird Specials,153452.33,60,2557.54,583.87,4979.33
Decathlon,Loyal Customer,End of Season Sale,185421.66,71,2611.57,523.49,4943.49
Decathlon,Loyal Customer,Exclusive Insider Offers,177548.14,64,2774.19,578.64,4927.94
Decathlon,Loyal Customer,Festive Fever Promo,199163.09,71,2805.11,506.01,4965.78
Decathlon,Loyal Customer,Final Call Frenzy,191041.29,65,2939.10,516.00,4980.79
Decathlon,Loyal Customer,Flash Frenzy Friday,178551.92,62,2879.87,535.90,4908.29
Decathlon,Loyal Customer,"Gift More, Spend Less",174325.32,66,2641.29,587.56,4915.92
Decathlon,Loyal Customer,Golden Hour Bargains,221397.29,83,2667.44,506.18,4926.67
Decathlon,Loyal Customer,Green Weekend Deals,159599.91,63,2533.33,552.36,4945.58
Decathlon,Loyal Customer,Happy Hour Discounts,199756.73,65,3073.18,659.88,4968.28
Decathlon,Loyal Customer,Holiday Shopping Rush,186939.38,66,2832.41,635.90,4750.87
Decathlon,Loyal Customer,Hot Picks Promo,191923.26,72,2665.60,600.21,4948.28
Decathlon,Loyal Customer,Instant Gratification Sale,175714.86,67,2622.61,560.96,4989.24
Decathlon,Loyal Customer,Limited Time Treasures,179661.90,73,2461.12,590.00,4867.32
Decathlon,Loyal Customer,Loyalty Rewards Blast,190013.01,69,2753.81,543.66,4869.51
Decathlon,Loyal Customer,Mega Weekend Bonanza,150328.17,50,3006.56,680.71,4857.57
Decathlon,Loyal Customer,Mid-Year Madness,189276.05,58,3263.38,544.04,4973.89
Decathlon,Loyal Customer,Midnight Madness,151576.11,56,2706.72,544.62,4994.22
Decathlon,Loyal Customer,Mystery Discount Days,169965.34,58,2930.44,558.45,4897.18
Decathlon,Loyal Customer,New Arrival Showcase,209791.44,72,2913.77,621.03,4961.38
Decathlon,Loyal Customer,New Product Launch Promo,167271.56,61,2742.16,548.53,4909.18
Decathlon,Loyal Customer,New Year Kickoff,185471.29,62,2991.47,504.68,4894.47
Decathlon,Loyal Customer,Price Drop Parade,174484.73,64,2726.32,548.29,4935.62
Decathlon,Loyal Customer,Red Tag Clearance,244138.42,85,2872.22,522.56,4832.89
Decathlon,Loyal Customer,Seasonal Surprise Box,151296.46,55,2750.84,620.04,4882.07
Decathlon,Loyal Customer,Shop & Save Spectacular,149055.67,55,2710.10,507.87,4865.54
Decathlon,Loyal Customer,Smart Shopper Week,142681.34,56,2547.88,611.68,4957.51
Decathlon,Loyal Customer,Spring Refresh Event,170752.89,64,2668.01,582.24,4946.16
Decathlon,Loyal Customer,Spring Splash Discounts,244809.41,86,2846.62,684.27,4936.29
Decathlon,Loyal Customer,Summer Sizzle Promo,198738.76,71,2799.14,561.24,4913.75
Decathlon,Loyal Customer,Super Savings Week,168854.20,62,2723.45,607.48,4990.35
Decathlon,Loyal Customer,Ultimate Value Event,203080.90,75,2707.75,558.43,4970.94
Decathlon,Loyal Customer,VIP Access Sale,159753.80,53,3014.22,553.88,4993.65
Decathlon,Loyal Customer,Weekend Warrior Specials,170161.20,63,2700.97,551.03,4825.12
Decathlon,Loyal Customer,Winter Clearance Carnival,201742.12,69,2923.80,534.63,4986.85
Decathlon,Loyal Customer,Winter Wonders Sale,190302.49,67,2840.34,570.53,4782.37
Decathlon,Occasional Shopper,12 Days of Deals,162740.18,63,2583.18,525.52,4879.85
Decathlon,Occasional Shopper,Autumn Deals Drive,178207.24,65,2741.65,503.74,4954.54
Decathlon,Occasional Shopper,BOGO Blitz,177509.05,61,2909.98,587.75,4997.17
Decathlon,Occasional Shopper,Back to School Boost,213553.93,77,2773.43,515.62,4967.76
Decathlon,Occasional Shopper,Birthday Bash Sale,205963.55,72,2860.60,512.52,4939.61
Decathlon,Occasional Shopper,Black Friday Blowout,167895.80,68,2469.06,523.97,4929.33
Decathlon,Occasional Shopper,Cart Crasher Campaign,203845.66,73,2792.41,511.39,4849.95
Decathlon,Occasional Shopper,Cashback Carnival,190533.94,74,2574.78,500.39,4878.43
Decathlon,Occasional Shopper,Clearance Countdown,174400.60,71,2456.35,501.38,4758.02
Decathlon,Occasional Shopper,Countdown to Savings,199578.42,70,2851.12,530.24,4982.65
Decathlon,Occasional Shopper,Customer Appreciation Week,267547.77,95,2816.29,630.29,4950.51
Decathlon,Occasional Shopper,Cyber Monday Mania,169206.76,66,2563.74,522.90,4995.52
Decathlon,Occasional Shopper,Deal of the Month,191553.53,65,2946.98,665.75,4910.97
Decathlon,Occasional Shopper,Double Points Bonanza,140162.68,54,2595.61,551.87,4961.23
Decathlon,Occasional Shopper,Early Bird Specials,149820.89,63,2378.11,596.69,4811.26
Decathlon,Occasional Shopper,End of Season Sale,214810.27,75,2864.14,599.51,4946.12
Decathlon,Occasional Shopper,Exclusive Insider Offers,195773.74,66,2966.27,590.49,4956.21
Decathlon,Occasional Shopper,Festive Fever Promo,179007.86,68,2632.47,511.83,4942.07
Decathlon,Occasional Shopper,Final Call Frenzy,183734.53,60,3062.24,842.60,4902.88
Decathlon,Occasional Shopper,Flash Frenzy Friday,162244.33,63,2575.31,565.62,4927.44
Decathlon,Occasional Shopper,"Gift More, Spend Less",228718.76,86,2659.52,606.63,4996.60
Decathlon,Occasional Shopper,Golden Hour Bargains,232629.88,82,2836.95,547.34,4963.97
Decathlon,Occasional Shopper,Green Weekend Deals,167779.36,61,2750.48,580.40,4970.14
Decathlon,Occasional Shopper,Happy Hour Discounts,174543.84,68,2566.82,543.72,4856.37
Decathlon,Occasional Shopper,Holiday Shopping Rush,196599.01,71,2769.00,552.53,4967.65
Decathlon,Occasional Shopper,Hot Picks Promo,132872.02,50,2657.44,551.19,4969.09
Decathlon,Occasional Shopper,Instant Gratification Sale,174578.52,63,2771.09,523.68,4692.24
Decathlon,Occasional Shopper,Limited Time Treasures,178772.52,68,2629.01,517.48,4976.52
Decathlon,Occasional Shopper,Loyalty Rewards Blast,179025.07,69,2594.57,522.05,4970.29
Decathlon,Occasional Shopper,Mega Weekend Bonanza,190643.88,68,2803.59,527.06,4619.62
Decathlon,Occasional Shopper,Mid-Year Madness,208218.94,80,2602.74,618.51,4987.28
Decathlon,Occasional Shopper,Midnight Madness,170928.27,60,2848.80,554.61,4986.08
Decathlon,Occasional Shopper,Mystery Discount Days,154837.08,55,2815.22,570.91,4931.12
Decathlon,Occasional Shopper,New Arrival Showcase,215393.10,77,2797.31,531.66,4989.89
Decathlon,Occasional Shopper,New Product Launch Promo,195192.94,73,2673.88,508.28,4989.97
Decathlon,Occasional Shopper,New Year Kickoff,169515.57,62,2734.12,536.56,4920.81
Decathlon,Occasional Shopper,Price Drop Parade,148895.18,59,2523.65,500.07,4829.60
Decathlon,Occasional Shopper,Red Tag Clearance,169740.41,59,2876.96,665.95,4975.45
Decathlon,Occasional Shopper,Seasonal Surprise Box,171460.01,66,2597.88,575.57,4948.23
Decathlon,Occasional Shopper,Shop & Save Spectacular,202015.55,71,2845.29,536.44,4986.55
Decathlon,Occasional Shopper,Smart Shopper Week,224542.86,73,3075.93,557.37,4975.19
Decathlon,Occasional Shopper,Spring Refresh Event,171590.48,64,2681.10,617.19,4974.95
Decathlon,Occasional Shopper,Spring Splash Discounts,193671.71,69,2806.84,649.65,4986.81
Decathlon,Occasional Shopper,Summer Sizzle Promo,214124.42,88,2433.23,505.57,4903.65
Decathlon,Occasional Shopper,Super Savings Week,190467.98,67,2842.81,598.96,4926.30
Decathlon,Occasional Shopper,Ultimate Value Event,169766.86,56,3031.55,792.63,4820.05
Decathlon,Occasional Shopper,VIP Access Sale,177334.40,65,2728.22,549.87,4931.77
Decathlon,Occasional Shopper,Weekend Warrior Specials,193999.36,64,3031.24,632.28,4931.71
Decathlon,Occasional Shopper,Winter Clearance Carnival,222972.56,80,2787.16,533.25,4990.59
Decathlon,Occasional Shopper,Winter Wonders Sale,141970.92,53,2678.70,522.78,4964.33
Decathlon,Online Shopper,12 Days of Deals,163172.59,64,2549.57,572.42,4887.91
Decathlon,Online Shopper,Autumn Deals Drive,117761.54,44,2676.40,695.55,4615.81
Decathlon,Online Shopper,BOGO Blitz,186047.13,67,2776.82,541.57,4947.15
Decathlon,Online Shopper,Back to School Boost,181379.58,64,2834.06,568.86,4987.19
Decathlon,Online Shopper,Birthday Bash Sale,199843.91,69,2896.29,556.58,4942.62
Decathlon,Online Shopper,Black Friday Blowout,175078.70,64,2735.60,515.94,4967.41
Decathlon,Online Shopper,Cart Crasher Campaign,199322.07,75,2657.63,539.05,4906.17
Decathlon,Online Shopper,Cashback Carnival,176831.74,63,2806.85,505.40,4943.36
Decathlon,Online Shopper,Clearance Countdown,183888.02,69,2665.04,502.34,4947.59
Decathlon,Online Shopper,Countdown to Savings,207867.24,76,2735.10,529.61,4953.57
Decathlon,Online Shopper,Customer Appreciation Week,180538.54,66,2735.43,566.38,4964.58
Decathlon,Online Shopper,Cyber Monday Mania,165933.04,60,2765.55,555.06,4994.89
Decathlon,Online Shopper,Deal of the Month,160891.48,61,2637.57,568.23,4898.67
Decathlon,Online Shopper,Double Points Bonanza,204744.46,70,2924.92,625.21,4988.60
Decathlon,Online Shopper,Early Bird Specials,200450.69,70,2863.58,646.28,4960.74
Decathlon,Online Shopper,End of Season Sale,176621.34,66,2676.08,513.57,4995.91
Decathlon,Online Shopper,Exclusive Insider Offers,210568.81,77,2734.66,619.81,4999.97
Decathlon,Online Shopper,Festive Fever Promo,187381.94,68,2755.62,547.94,4848.49
Decathlon,Online Shopper,Final Call Frenzy,164349.44,58,2833.61,510.70,4955.64
Decathlon,Online Shopper,Flash Frenzy Friday,173937.27,65,2675.96,653.83,4996.10
Decathlon,Online Shopper,"Gift More, Spend Less",189951.58,83,2288.57,528.00,4969.49
Decathlon,Online Shopper,Golden Hour Bargains,181370.87,64,2833.92,556.50,4988.70
Decathlon,Online Shopper,Green Weekend Deals,160208.33,63,2542.99,555.21,4598.21
Decathlon,Online Shopper,Happy Hour Discounts,195134.66,70,2787.64,532.41,4832.95
Decathlon,Online Shopper,Holiday Shopping Rush,196634.48,75,2621.79,530.45,4927.34
Decathlon,Online Shopper,Hot Picks Promo,191637.84,69,2777.36,761.64,4994.34
Decathlon,Online Shopper,Instant Gratification Sale,172099.03,53,3247.15,621.46,4942.29
Decathlon,Online Shopper,Limited Time Treasures,200106.26,74,2704.14,564.99,4974.16
Decathlon,Online Shopper,Loyalty Rewards Blast,186037.47,65,2862.11,526.69,4985.62
Decathlon,Online Shopper,Mega Weekend Bonanza,187709.35,76,2469.86,500.15,4843.61
Decathlon,Online Shopper,Mid-Year Madness,186959.73,67,2790.44,509.74,4932.82
Decathlon,Online Shopper,Midnight Madness,154183.35,59,2613.28,537.20,4822.62
Decathlon,Online Shopper,Mystery Discount Days,196423.83,71,2766.53,574.18,4975.87
Decathlon,Online Shopper,New Arrival Showcase,179021.49,65,2754.18,517.40,4795.09
Decathlon,Online Shopper,New Product Launch Promo,197399.98,72,2741.67,553.66,4950.29
Decathlon,Online Shopper,New Year Kickoff,214200.29,75,2856.00,521.23,4997.16
Decathlon,Online Shopper,Price Drop Parade,158589.30,63,2517.29,533.75,4960.66
Decathlon,Online Shopper,Red Tag Clearance,127450.45,46,2770.66,750.38,4797.53
Decathlon,Online Shopper,Seasonal Surprise Box,165651.82,62,2671.80,547.51,4962.32
Decathlon,Online Shopper,Shop & Save Spectacular,171420.39,63,2720.96,509.24,4967.27
Decathlon,Online Shopper,Smart Shopper Week,211956.02,81,2616.74,511.12,4960.71
Decathlon,Online Shopper,Spring Refresh Event,191354.99,72,2657.71,521.35,4981.20
Decathlon,Online Shopper,Spring Splash Discounts,212502.12,69,3079.74,510.72,4979.57
Decathlon,Online Shopper,Summer Sizzle Promo,173820.57,62,2803.56,623.02,4958.64
Decathlon,Online Shopper,Super Savings Week,247779.60,77,3217.92,592.17,4998.97
Decathlon,Online Shopper,Ultimate Value Event,221984.54,79,2809.93,518.39,4908.29
Decathlon,Online Shopper,VIP Access Sale,221605.42,77,2877.99,571.75,4959.80
Decathlon,Online Shopper,Weekend Warrior Specials,166325.26,61,2726.64,551.60,4927.41
Decathlon,Online Shopper,Winter Clearance Carnival,207867.91,68,3056.88,614.28,4906.33
Decathlon,Online Shopper,Winter Wonders Sale,193852.62,78,2485.29,536.42,4993.77
Decathlon,Premium Shopper,12 Days of Deals,196401.77,71,2766.22,516.63,4985.06
Decathlon,Premium Shopper,Autumn Deals Drive,168690.25,58,2908.45,579.22,4835.18
Decathlon,Premium Shopper,BOGO Blitz,188397.34,68,2770.55,538.21,4841.37
Decathlon,Premium Shopper,Back to School Boost,184638.75,68,2715.28,549.78,4988.20
Decathlon,Premium Shopper,Birthday Bash Sale,214495.20,77,2785.65,536.16,4922.61
Decathlon,Premium Shopper,Black Friday Blowout,200541.10,74,2710.01,500.60,4990.38
Decathlon,Premium Shopper,Cart Crasher Campaign,164325.13,65,2528.08,611.72,4973.47
Decathlon,Premium Shopper,Cashback Carnival,158608.11,64,2478.25,517.65,4943.17
Decathlon,Premium Shopper,Clearance Countdown,167074.50,61,2738.93,501.31,4829.24
Decathlon,Premium Shopper,Countdown to Savings,152426.94,63,2419.48,500.23,4994.28
Decathlon,Premium Shopper,Customer Appreciation Week,228637.85,79,2894.15,565.81,4994.09
Decathlon,Premium Shopper,Cyber Monday Mania,129779.63,52,2495.76,592.19,4847.67
Decathlon,Premium Shopper,Deal of the Month,178039.63,68,2618.23,561.29,4883.19
Decathlon,Premium Shopper,Double Points Bonanza,216132.56,75,2881.77,741.70,4860.06
Decathlon,Premium Shopper,Early Bird Specials,167634.40,63,2660.86,596.98,4961.54
Decathlon,Premium Shopper,End of Season Sale,137509.08,58,2370.85,538.56,4945.99
Decathlon,Premium Shopper,Exclusive Insider Offers,237863.46,81,2936.59,668.64,4956.80
Decathlon,Premium Shopper,Festive Fever Promo,176886.33,64,2763.85,560.60,4997.72
Decathlon,Premium Shopper,Final Call Frenzy,170702.19,64,2667.22,620.61,4969.95
Decathlon,Premium Shopper,Flash Frenzy Friday,178644.27,72,2481.17,521.60,4976.77
Decathlon,Premium Shopper,"Gift More, Spend Less",162984.23,60,2716.40,539.23,4847.74
Decathlon,Premium Shopper,Golden Hour Bargains,237950.80,83,2866.88,612.28,4995.64
Decathlon,Premium Shopper,Green Weekend Deals,166515.34,64,2601.80,528.13,4963.86
Decathlon,Premium Shopper,Happy Hour Discounts,220199.86,76,2897.37,519.83,4981.62
Decathlon,Premium Shopper,Holiday Shopping Rush,175618.19,63,2787.59,597.80,4931.45
Decathlon,Premium Shopper,Hot Picks Promo,146346.18,61,2399.12,507.35,4921.18
Decathlon,Premium Shopper,Instant Gratification Sale,190533.57,67,2843.78,531.75,4968.55
Decathlon,Premium Shopper,Limited Time Treasures,215816.49,77,2802.81,579.92,4983.80
Decathlon,Premium Shopper,Loyalty Rewards Blast,132888.57,57,2331.38,592.63,4885.80
Decathlon,Premium Shopper,Mega Weekend Bonanza,161763.15,57,2837.95,651.84,4922.52
Decathlon,Premium Shopper,Mid-Year Madness,184027.52,70,2628.96,705.05,4982.99
Decathlon,Premium Shopper,Midnight Madness,184893.93,74,2498.57,501.16,4926.31
Decathlon,Premium Shopper,Mystery Discount Days,170690.81,62,2753.08,508.52,4979.54
Decathlon,Premium Shopper,New Arrival Showcase,152570.54,50,3051.41,639.12,4969.01
Decathlon,Premium Shopper,New Product Launch Promo,148278.93,54,2745.91,538.53,4966.76
Decathlon,Premium Shopper,New Year Kickoff,174505.22,67,2604.56,590.80,4988.03
Decathlon,Premium Shopper,Price Drop Parade,173786.03,66,2633.12,546.45,4942.94
Decathlon,Premium Shopper,Red Tag Clearance,175342.58,73,2401.95,547.74,4934.53
Decathlon,Premium Shopper,Seasonal Surprise Box,199087.86,72,2765.11,541.96,4963.99
Decathlon,Premium Shopper,Shop & Save Spectacular,198008.24,73,2712.44,513.29,4968.33
Decathlon,Premium Shopper,Smart Shopper Week,158987.20,62,2564.31,505.62,4907.00
Decathlon,Premium Shopper,Spring Refresh Event,180193.06,62,2906.34,538.47,4958.26
Decathlon,Premium Shopper,Spring Splash Discounts,172326.42,65,2651.18,581.32,4982.77
Decathlon,Premium Shopper,Summer Sizzle Promo,192172.89,68,2826.07,640.56,4953.74
Decathlon,Premium Shopper,Super Savings Week,202626.38,69,2936.61,548.64,4992.76
Decathlon,Premium Shopper,Ultimate Value Event,193517.70,76,2546.29,510.52,4956.12
Decathlon,Premium Shopper,VIP Access Sale,151821.08,55,2760.38,560.49,4819.33
Decathlon,Premium Shopper,Weekend Warrior Specials,177828.67,65,2735.83,651.88,4964.73
Decathlon,Premium Shopper,Winter Clearance Carnival,165384.15,52,3180.46,906.54,4995.26
Decathlon,Premium Shopper,Winter Wonders Sale,219098.18,73,3001.34,532.84,4941.83
Godrej Interio,Budget Shopper,12 Days of Deals,167134.87,55,3038.82,513.03,4932.20
Godrej Interio,Budget Shopper,Autumn Deals Drive,172368.66,63,2736.01,585.31,4803.19
Godrej Interio,Budget Shopper,BOGO Blitz,207931.47,75,2772.42,503.27,4711.06
Godrej Interio,Budget Shopper,Back to School Boost,177644.70,64,2775.70,520.93,4842.33
Godrej Interio,Budget Shopper,Birthday Bash Sale,182959.67,65,2814.76,564.03,4940.33
Godrej Interio,Budget Shopper,Black Friday Blowout,164425.14,62,2652.02,508.66,4960.60
Godrej Interio,Budget Shopper,Cart Crasher Campaign,197270.98,69,2859.00,566.71,4985.58
Godrej Interio,Budget Shopper,Cashback Carnival,239187.73,86,2781.25,529.22,4938.49
Godrej Interio,Budget Shopper,Clearance Countdown,218748.61,78,2804.47,534.86,4983.74
Godrej Interio,Budget Shopper,Countdown to Savings,200208.46,72,2780.67,595.97,4968.34
Godrej Interio,Budget Shopper,Customer Appreciation Week,176591.20,71,2487.20,532.60,4986.48
Godrej Interio,Budget Shopper,Cyber Monday Mania,165173.94,62,2664.10,612.07,4919.01
Godrej Interio,Budget Shopper,Deal of the Month,184755.98,69,2677.62,563.92,4978.21
Godrej Interio,Budget Shopper,Double Points Bonanza,217716.18,77,2827.48,541.23,4919.52
Godrej Interio,Budget Shopper,Early Bird Specials,193326.97,68,2843.04,631.27,4843.02
Godrej Interio,Budget Shopper,End of Season Sale,185054.68,58,3190.60,603.52,4981.33
Godrej Interio,Budget Shopper,Exclusive Insider Offers,155944.55,58,2688.70,528.63,4824.91
Godrej Interio,Budget Shopper,Festive Fever Promo,168467.45,57,2955.57,560.52,4936.99
Godrej Interio,Budget Shopper,Final Call Frenzy,180475.08,67,2693.66,539.94,4924.51
Godrej Interio,Budget Shopper,Flash Frenzy Friday,216864.92,82,2644.69,568.61,4977.89
Godrej Interio,Budget Shopper,"Gift More, Spend Less",174630.06,67,2606.42,538.45,4982.73
Godrej Interio,Budget Shopper,Golden Hour Bargains,166645.06,56,2975.80,503.86,4994.26
Godrej Interio,Budget Shopper,Green Weekend Deals,170423.08,59,2888.53,533.15,4941.56
Godrej Interio,Budget Shopper,Happy Hour Discounts,154265.29,57,2706.41,543.59,4984.81
Godrej Interio,Budget Shopper,Holiday Shopping Rush,140862.70,52,2708.90,595.72,4925.17
Godrej Interio,Budget Shopper,Hot Picks Promo,152908.97,53,2885.07,682.04,4949.92
Godrej Interio,Budget Shopper,Instant Gratification Sale,182824.09,70,2611.77,526.62,4920.74
Godrej Interio,Budget Shopper,Limited Time Treasures,193209.94,78,2477.05,517.71,4987.60
Godrej Interio,Budget Shopper,Loyalty Rewards Blast,185215.69,67,2764.41,587.34,4949.29
Godrej Interio,Budget Shopper,Mega Weekend Bonanza,226551.46,84,2697.04,534.90,4979.63
Godrej Interio,Budget Shopper,Mid-Year Madness,170473.15,68,2506.96,516.46,4999.77
Godrej Interio,Budget Shopper,Midnight Madness,165453.14,59,2804.29,537.75,4977.66
Godrej Interio,Budget Shopper,Mystery Discount Days,207025.69,70,2957.51,579.35,4987.15
Godrej Interio,Budget Shopper,New Arrival Showcase,171531.96,63,2722.73,562.28,4914.92
Godrej Interio,Budget Shopper,New Product Launch Promo,182505.51,73,2500.08,603.07,4708.16
Godrej Interio,Budget Shopper,New Year Kickoff,200400.37,70,2862.86,517.20,4915.24
Godrej Interio,Budget Shopper,Price Drop Parade,165836.92,64,2591.20,622.64,4701.44
Godrej Interio,Budget Shopper,Red Tag Clearance,198343.22,75,2644.58,503.77,4976.91
Godrej Interio,Budget Shopper,Seasonal Surprise Box,213165.06,77,2768.38,655.52,4928.03
Godrej Interio,Budget Shopper,Shop & Save Spectacular,197111.31,74,2663.67,518.11,4992.11
Godrej Interio,Budget Shopper,Smart Shopper Week,158646.58,60,2644.11,547.01,4926.81
Godrej Interio,Budget Shopper,Spring Refresh Event,186185.22,72,2585.91,533.14,4997.69
Godrej Interio,Budget Shopper,Spring Splash Discounts,190704.43,64,2979.76,678.63,4940.92
Godrej Interio,Budget Shopper,Summer Sizzle Promo,161996.88,65,2492.26,516.51,4927.44
Godrej Interio,Budget Shopper,Super Savings Week,166370.50,60,2772.84,647.18,4943.53
Godrej Interio,Budget Shopper,Ultimate Value Event,173403.37,61,2842.68,502.47,4938.42
Godrej Interio,Budget Shopper,VIP Access Sale,197317.45,70,2818.82,516.56,4964.54
Godrej Interio,Budget Shopper,Weekend Warrior Specials,161340.18,60,2689.00,501.67,4999.39
Godrej Interio,Budget Shopper,Winter Clearance Carnival,138198.46,56,2467.83,505.98,4888.32
Godrej Interio,Budget Shopper,Winter Wonders Sale,185060.39,75,2467.47,600.68,4897.06
Godrej Interio,Churn Risk,12 Days of Deals,195511.14,72,2715.43,584.87,4960.95
Godrej Interio,Churn Risk,Autumn Deals Drive,176567.91,66,2675.27,545.40,4996.09
Godrej Interio,Churn Risk,BOGO Blitz,172707.16,62,2785.60,704.08,4986.49
Godrej Interio,Churn Risk,Back to School Boost,214282.22,76,2819.50,597.99,4967.67
Godrej Interio,Churn Risk,Birthday Bash Sale,184039.08,62,2968.37,695.43,4985.32
Godrej Interio,Churn Risk,Black Friday Blowout,222297.39,82,2710.94,503.75,4985.53
Godrej Interio,Churn Risk,Cart Crasher Campaign,201268.48,73,2757.10,508.04,4889.05
Godrej Interio,Churn Risk,Cashback Carnival,238387.79,85,2804.56,613.44,4919.51
Godrej Interio,Churn Risk,Clearance Countdown,143097.42,53,2699.95,619.07,4836.10
Godrej Interio,Churn Risk,Countdown to Savings,216745.87,72,3010.36,590.27,4893.75
Godrej Interio,Churn Risk,Customer Appreciation Week,197604.25,74,2670.33,504.82,4994.87
Godrej Interio,Churn Risk,Cyber Monday Mania,169180.99,62,2728.73,534.57,4941.04
Godrej Interio,Churn Risk,Deal of the Month,181073.30,63,2874.18,544.33,4983.90
Godrej Interio,Churn Risk,Double Points Bonanza,232789.97,90,2586.56,636.50,4973.00
Godrej Interio,Churn Risk,Early Bird Specials,179056.24,65,2754.71,533.28,4975.86
Godrej Interio,Churn Risk,End of Season Sale,160275.83,65,2465.78,520.33,4748.86
Godrej Interio,Churn Risk,Exclusive Insider Offers,152074.49,57,2667.97,660.84,4805.01
Godrej Interio,Churn Risk,Festive Fever Promo,192457.78,71,2710.67,564.67,4983.00
Godrej Interio,Churn Risk,Final Call Frenzy,163943.88,61,2687.60,522.24,4958.70
Godrej Interio,Churn Risk,Flash Frenzy Friday,162448.84,58,2800.84,543.71,4990.62
Godrej Interio,Churn Risk,"Gift More, Spend Less",159878.33,61,2620.96,539.75,4949.47
Godrej Interio,Churn Risk,Golden Hour Bargains,146116.43,52,2809.93,606.55,4981.94
Godrej Interio,Churn Risk,Green Weekend Deals,187689.37,73,2571.09,630.09,4982.78
Godrej Interio,Churn Risk,Happy Hour Discounts,154058.23,57,2702.78,508.72,4973.36
Godrej Interio,Churn Risk,Holiday Shopping Rush,176465.16,67,2633.81,559.98,4867.57
Godrej Interio,Churn Risk,Hot Picks Promo,249596.83,85,2936.43,525.87,4985.01
Godrej Interio,Churn Risk,Instant Gratification Sale,165802.74,61,2718.08,665.04,4965.83
Godrej Interio,Churn Risk,Limited Time Treasures,225477.23,86,2621.83,509.42,4997.24
Godrej Interio,Churn Risk,Loyalty Rewards Blast,154741.38,64,2417.83,577.19,4977.60
Godrej Interio,Churn Risk,Mega Weekend Bonanza,175657.15,65,2702.42,503.48,4960.38
Godrej Interio,Churn Risk,Mid-Year Madness,154178.52,65,2371.98,516.15,4951.64
Godrej Interio,Churn Risk,Midnight Madness,198779.05,71,2799.70,582.13,4990.79
Godrej Interio,Churn Risk,Mystery Discount Days,178594.18,66,2705.97,533.84,4995.76
Godrej Interio,Churn Risk,New Arrival Showcase,172424.77,69,2498.91,525.09,4999.20
Godrej Interio,Churn Risk,New Product Launch Promo,182937.92,63,2903.78,516.68,4978.75
Godrej Interio,Churn Risk,New Year Kickoff,148324.74,52,2852.40,579.91,4817.45
Godrej Interio,Churn Risk,Price Drop Parade,181306.86,62,2924.30,646.61,4997.34
Godrej Interio,Churn Risk,Red Tag Clearance,170387.95,66,2581.64,556.83,4988.53
Godrej Interio,Churn Risk,Seasonal Surprise Box,166373.30,61,2727.43,668.15,4996.49
Godrej Interio,Churn Risk,Shop & Save Spectacular,201957.80,74,2729.16,537.83,4940.92
Godrej Interio,Churn Risk,Smart Shopper Week,189238.86,63,3003.79,590.88,4991.20
Godrej Interio,Churn Risk,Spring Refresh Event,184623.75,66,2797.33,928.74,4982.80
Godrej Interio,Churn Risk,Spring Splash Discounts,161417.88,66,2445.73,528.93,4984.10
Godrej Interio,Churn Risk,Summer Sizzle Promo,129817.59,48,2704.53,588.88,4879.82
Godrej Interio,Churn Risk,Super Savings Week,198584.75,72,2758.12,667.62,4867.41
Godrej Interio,Churn Risk,Ultimate Value Event,136133.83,52,2617.96,503.99,4929.95
Godrej Interio,Churn Risk,VIP Access Sale,153312.75,58,2643.32,559.95,4912.19
Godrej Interio,Churn Risk,Weekend Warrior Specials,193801.95,73,2654.82,522.47,4866.10
Godrej Interio,Churn Risk,Winter Clearance Carnival,207471.02,79,2626.22,520.43,4986.18
Godrej Interio,Churn Risk,Winter Wonders Sale,155627.09,64,2431.67,532.22,4978.17
Godrej Interio,Deal Seeker,12 Days of Deals,198489.70,75,2646.53,544.30,4808.45
Godrej Interio,Deal Seeker,Autumn Deals Drive,167826.30,64,2622.29,555.20,4879.82
Godrej Interio,Deal Seeker,BOGO Blitz,187712.62,69,2720.47,535.48,4993.17
Godrej Interio,Deal Seeker,Back to School Boost,185457.56,69,2687.79,503.95,4976.19
Godrej Interio,Deal Seeker,Birthday Bash Sale,174854.15,66,2649.31,521.61,4991.81
Godrej Interio,Deal Seeker,Black Friday Blowout,172859.14,66,2619.08,547.91,4951.03
Godrej Interio,Deal Seeker,Cart Crasher Campaign,151705.78,58,2615.62,544.15,4969.10
Godrej Interio,Deal Seeker,Cashback Carnival,135556.85,49,2766.47,503.47,4907.77
Godrej Interio,Deal Seeker,Clearance Countdown,209182.09,76,2752.40,580.05,4931.79
Godrej Interio,Deal Seeker,Countdown to Savings,159705.59,54,2957.51,516.03,4807.14
Godrej Interio,Deal Seeker,Customer Appreciation Week,200442.17,74,2708.68,531.89,4972.06
Godrej Interio,Deal Seeker,Cyber Monday Mania,183326.39,58,3160.80,530.68,4989.74
Godrej Interio,Deal Seeker,Deal of the Month,176005.38,63,2793.74,529.83,4984.70
Godrej Interio,Deal Seeker,Double Points Bonanza,179228.92,59,3037.78,805.14,4952.70
Godrej Interio,Deal Seeker,Early Bird Specials,210154.63,76,2765.19,555.65,4989.67
Godrej Interio,Deal Seeker,End of Season Sale,191355.49,68,2814.05,609.84,4920.87
Godrej Interio,Deal Seeker,Exclusive Insider Offers,175920.59,70,2513.15,620.48,4819.89
Godrej Interio,Deal Seeker,Festive Fever Promo,208597.21,70,2979.96,530.17,4951.26
Godrej Interio,Deal Seeker,Final Call Frenzy,148847.91,56,2658.00,527.90,4890.14
Godrej Interio,Deal Seeker,Flash Frenzy Friday,166954.29,63,2650.07,508.53,4871.22
Godrej Interio,Deal Seeker,"Gift More, Spend Less",175650.21,68,2583.09,724.08,4900.26
Godrej Interio,Deal Seeker,Golden Hour Bargains,181888.62,70,2598.41,542.62,4824.61
Godrej Interio,Deal Seeker,Green Weekend Deals,171313.00,67,2556.91,541.15,4901.07
Godrej Interio,Deal Seeker,Happy Hour Discounts,195029.31,67,2910.89,671.21,4989.55
Godrej Interio,Deal Seeker,Holiday Shopping Rush,197167.62,71,2777.01,599.65,4933.72
Godrej Interio,Deal Seeker,Hot Picks Promo,186178.33,61,3052.10,531.25,4952.22
Godrej Interio,Deal Seeker,Instant Gratification Sale,198993.54,72,2763.80,567.76,4985.85
Godrej Interio,Deal Seeker,Limited Time Treasures,192105.50,70,2744.36,579.65,4972.61
Godrej Interio,Deal Seeker,Loyalty Rewards Blast,179446.00,67,2678.30,649.09,4972.61
Godrej Interio,Deal Seeker,Mega Weekend Bonanza,187223.96,63,2971.81,505.50,4923.68
Godrej Interio,Deal Seeker,Mid-Year Madness,178455.04,61,2925.49,598.85,4998.98
Godrej Interio,Deal Seeker,Midnight Madness,169890.00,60,2831.50,587.73,4866.46
Godrej Interio,Deal Seeker,Mystery Discount Days,155242.04,61,2544.95,565.55,4833.84
Godrej Interio,Deal Seeker,New Arrival Showcase,203569.19,78,2609.86,516.79,4994.26
Godrej Interio,Deal Seeker,New Product Launch Promo,218352.48,74,2950.71,514.75,4999.40
Godrej Interio,Deal Seeker,New Year Kickoff,248354.89,88,2822.21,501.02,4947.20
Godrej Interio,Deal Seeker,Price Drop Parade,192401.66,74,2600.02,506.58,4876.88
Godrej Interio,Deal Seeker,Red Tag Clearance,156485.25,59,2652.29,521.31,4929.46
Godrej Interio,Deal Seeker,Seasonal Surprise Box,152101.99,61,2493.48,643.65,4955.06
Godrej Interio,Deal Seeker,Shop & Save Spectacular,163115.81,56,2912.78,781.81,4998.08
Godrej Interio,Deal Seeker,Smart Shopper Week,173690.94,64,2713.92,505.24,4906.40
Godrej Interio,Deal Seeker,Spring Refresh Event,183892.74,71,2590.04,505.77,4946.99
Godrej Interio,Deal Seeker,Spring Splash Discounts,220050.61,80,2750.63,511.71,4848.49
Godrej Interio,Deal Seeker,Summer Sizzle Promo,190104.21,73,2604.17,519.86,4821.71
Godrej Interio,Deal Seeker,Super Savings Week,227321.62,89,2554.18,521.34,4995.00
Godrej Interio,Deal Seeker,Ultimate Value Event,164760.59,68,2422.95,506.81,4915.21
Godrej Interio,Deal Seeker,VIP Access Sale,161811.72,57,2838.80,615.61,4977.81
Godrej Interio,Deal Seeker,Weekend Warrior Specials,172294.89,76,2267.04,503.19,4969.26
Godrej Interio,Deal Seeker,Winter Clearance Carnival,209327.65,78,2683.69,502.61,4919.54
Godrej Interio,Deal Seeker,Winter Wonders Sale,181957.08,65,2799.34,522.10,4963.80
Godrej Interio,First-time Buyer,12 Days of Deals,164304.79,58,2832.84,525.17,4993.26
Godrej Interio,First-time Buyer,Autumn Deals Drive,164942.07,61,2703.97,584.35,4690.71
Godrej Interio,First-time Buyer,BOGO Blitz,212396.13,80,2654.95,503.30,4936.57
Godrej Interio,First-time Buyer,Back to School Boost,185089.24,74,2501.21,540.30,4970.21
Godrej Interio,First-time Buyer,Birthday Bash Sale,176764.35,65,2719.45,560.04,4937.87
Godrej Interio,First-time Buyer,Black Friday Blowout,208274.27,73,2853.07,510.69,4813.25
Godrej Interio,First-time Buyer,Cart Crasher Campaign,187687.35,69,2720.11,518.36,4955.76
Godrej Interio,First-time Buyer,Cashback Carnival,182342.63,67,2721.53,528.94,4928.36
Godrej Interio,First-time Buyer,Clearance Countdown,187716.75,64,2933.07,677.60,4955.27
Godrej Interio,First-time Buyer,Countdown to Savings,200451.76,73,2745.91,505.04,4994.61
Godrej Interio,First-time Buyer,Customer Appreciation Week,183866.61,70,2626.67,523.94,4963.96
Godrej Interio,First-time Buyer,Cyber Monday Mania,180121.22,70,2573.16,554.12,4827.92
Godrej Interio,First-time Buyer,Deal of the Month,193828.60,74,2619.31,675.36,4999.17
Godrej Interio,First-time Buyer,Double Points Bonanza,170857.73,62,2755.77,541.02,4937.39
Godrej Interio,First-time Buyer,Early Bird Specials,195458.96,73,2677.52,566.44,4864.78
Godrej Interio,First-time Buyer,End of Season Sale,158588.99,64,2477.95,513.73,4961.14
Godrej Interio,First-time Buyer,Exclusive Insider Offers,168602.11,65,2593.88,566.55,4888.45
Godrej Interio,First-time Buyer,Festive Fever Promo,193337.16,71,2723.06,558.09,4937.87
Godrej Interio,First-time Buyer,Final Call Frenzy,225861.76,81,2788.42,594.07,4991.12
Godrej Interio,First-time Buyer,Flash Frenzy Friday,224728.39,70,3210.41,940.74,4973.07
Godrej Interio,First-time Buyer,"Gift More, Spend Less",155274.21,63,2464.67,540.33,4989.02
Godrej Interio,First-time Buyer,Golden Hour Bargains,172196.03,62,2777.36,527.27,4991.93
Godrej Interio,First-time Buyer,Green Weekend Deals,164400.71,66,2490.92,540.81,4856.53
Godrej Interio,First-time Buyer,Happy Hour Discounts,154034.57,55,2800.63,711.84,4924.50
Godrej Interio,First-time Buyer,Holiday Shopping Rush,149151.17,57,2616.69,517.29,4961.23
Godrej Interio,First-time Buyer,Hot Picks Promo,197146.50,69,2857.20,785.98,4992.57
Godrej Interio,First-time Buyer,Instant Gratification Sale,198479.29,73,2718.89,544.63,4932.34
Godrej Interio,First-time Buyer,Limited Time Treasures,147283.37,53,2778.93,586.62,4996.12
Godrej Interio,First-time Buyer,Loyalty Rewards Blast,141731.76,54,2624.66,500.38,4827.57
Godrej Interio,First-time Buyer,Mega Weekend Bonanza,226616.44,85,2666.08,511.89,4967.80
Godrej Interio,First-time Buyer,Mid-Year Madness,173358.05,63,2751.72,633.58,4932.91
Godrej Interio,First-time Buyer,Midnight Madness,239294.79,86,2782.50,540.87,4973.70
Godrej Interio,First-time Buyer,Mystery Discount Days,165632.84,60,2760.55,707.18,4990.95
Godrej Interio,First-time Buyer,New Arrival Showcase,181834.63,67,2713.95,561.76,4997.71
Godrej Interio,First-time Buyer,New Product Launch Promo,198670.03,76,2614.08,540.81,4715.67
Godrej Interio,First-time Buyer,New Year Kickoff,140491.95,56,2508.78,514.79,4805.17
Godrej Interio,First-time Buyer,Price Drop Parade,178508.33,64,2789.19,516.60,4959.12
Godrej Interio,First-time Buyer,Red Tag Clearance,172977.14,59,2931.82,557.26,4992.46
Godrej Interio,First-time Buyer,Seasonal Surprise Box,169625.07,70,2423.22,512.39,4847.34
Godrej Interio,First-time Buyer,Shop & Save Spectacular,228665.31,76,3008.75,645.25,4976.00
Godrej Interio,First-time Buyer,Smart Shopper Week,168934.07,69,2448.32,504.88,4912.36
Godrej Interio,First-time Buyer,Spring Refresh Event,156313.06,63,2481.16,565.81,4850.27
Godrej Interio,First-time Buyer,Spring Splash Discounts,188230.93,61,3085.75,748.98,4980.63
Godrej Interio,First-time Buyer,Summer Sizzle Promo,203960.20,74,2756.22,602.96,4896.56
Godrej Interio,First-time Buyer,Super Savings Week,146696.15,49,2993.80,552.04,4875.27
Godrej Interio,First-time Buyer,Ultimate Value Event,184638.78,61,3026.87,774.92,4879.89
Godrej Interio,First-time Buyer,VIP Access Sale,170642.68,65,2625.27,719.01,4990.62
Godrej Interio,First-time Buyer,Weekend Warrior Specials,198352.69,66,3005.34,566.84,4999.65
Godrej Interio,First-time Buyer,Winter Clearance Carnival,204069.37,69,2957.53,519.38,4996.65
Godrej Interio,First-time Buyer,Winter Wonders Sale,183274.06,62,2956.03,532.62,4962.40
Godrej Interio,High Value,12 Days of Deals,169184.16,60,2819.74,589.25,4848.85
Godrej Interio,High Value,Autumn Deals Drive,170262.29,67,2541.23,534.33,4762.56
Godrej Interio,High Value,BOGO Blitz,202038.54,73,2767.65,524.25,4993.32
Godrej Interio,High Value,Back to School Boost,189303.03,67,2825.42,736.02,4947.12
Godrej Interio,High Value,Birthday Bash Sale,165043.47,67,2463.34,504.51,4847.43
Godrej Interio,High Value,Black Friday Blowout,143566.71,55,2610.30,567.10,4995.43
Godrej Interio,High Value,Cart Crasher Campaign,183513.28,68,2698.72,663.12,4965.48
Godrej Interio,High Value,Cashback Carnival,210308.57,68,3092.77,511.05,4994.56
Godrej Interio,High Value,Clearance Countdown,151526.14,61,2484.04,553.26,4932.80
Godrej Interio,High Value,Countdown to Savings,193304.26,66,2928.85,533.05,4966.77
Godrej Interio,High Value,Customer Appreciation Week,169855.98,67,2535.16,632.32,4846.46
Godrej Interio,High Value,Cyber Monday Mania,163793.52,60,2729.89,676.25,4915.87
Godrej Interio,High Value,Deal of the Month,196594.11,66,2978.70,522.37,4736.80
Godrej Interio,High Value,Double Points Bonanza,190026.43,64,2969.16,740.01,4922.45
Godrej Interio,High Value,Early Bird Specials,159545.96,60,2659.10,718.06,4968.03
Godrej Interio,High Value,End of Season Sale,211768.20,78,2714.98,539.06,4835.22
Godrej Interio,High Value,Exclusive Insider Offers,173066.37,66,2622.22,567.31,4996.56
Godrej Interio,High Value,Festive Fever Promo,172487.60,63,2737.90,516.21,4945.42
Godrej Interio,High Value,Final Call Frenzy,172909.01,63,2744.59,547.27,4914.86
Godrej Interio,High Value,Flash Frenzy Friday,188567.45,68,2773.05,537.06,4971.62
Godrej Interio,High Value,"Gift More, Spend Less",150761.42,56,2692.17,661.81,4996.39
Godrej Interio,High Value,Golden Hour Bargains,168791.41,59,2860.87,538.91,4965.04
Godrej Interio,High Value,Green Weekend Deals,146183.84,52,2811.23,708.53,4651.32
Godrej Interio,High Value,Happy Hour Discounts,185218.80,74,2502.96,505.18,4915.24
Godrej Interio,High Value,Holiday Shopping Rush,219128.82,77,2845.83,567.39,4975.04
Godrej Interio,High Value,Hot Picks Promo,231199.36,85,2719.99,735.15,4912.63
Godrej Interio,High Value,Instant Gratification Sale,166301.96,59,2818.68,597.77,4929.68
Godrej Interio,High Value,Limited Time Treasures,243270.00,90,2703.00,509.62,4992.00
Godrej Interio,High Value,Loyalty Rewards Blast,226917.76,84,2701.40,561.22,4979.86
Godrej Interio,High Value,Mega Weekend Bonanza,161868.02,68,2380.41,635.75,4858.10
Godrej Interio,High Value,Mid-Year Madness,159260.76,57,2794.05,569.09,4919.74
Godrej Interio,High Value,Midnight Madness,212440.21,83,2559.52,537.34,4931.97
Godrej Interio,High Value,Mystery Discount Days,169597.59,67,2531.31,648.58,4989.50
Godrej Interio,High Value,New Arrival Showcase,229155.49,79,2900.70,518.18,4947.76
Godrej Interio,High Value,New Product Launch Promo,174085.64,63,2763.26,547.09,4754.76
Godrej Interio,High Value,New Year Kickoff,191792.40,65,2950.65,626.34,4998.10
Godrej Interio,High Value,Price Drop Parade,179743.98,60,2995.73,620.94,4888.80
Godrej Interio,High Value,Red Tag Clearance,193662.70,64,3025.98,533.71,4876.27
Godrej Interio,High Value,Seasonal Surprise Box,188445.04,72,2617.29,539.24,4969.94
Godrej Interio,High Value,Shop & Save Spectacular,176053.63,65,2708.52,609.90,4944.58
Godrej Interio,High Value,Smart Shopper Week,175675.58,63,2788.50,519.11,4858.84
Godrej Interio,High Value,Spring Refresh Event,151797.32,60,2529.96,519.53,4930.56
Godrej Interio,High Value,Spring Splash Discounts,196307.86,65,3020.12,630.53,4885.25
Godrej Interio,High Value,Summer Sizzle Promo,181141.57,64,2830.34,520.97,4808.52
Godrej Interio,High Value,Super Savings Week,193892.05,71,2730.87,551.74,4881.84
Godrej Interio,High Value,Ultimate Value Event,164599.32,60,2743.32,518.75,4998.80
Godrej Interio,High Value,VIP Access Sale,155915.84,56,2784.21,593.09,4946.85
Godrej Interio,High Value,Weekend Warrior Specials,199983.21,74,2702.48,637.92,4981.13
Godrej Interio,High Value,Winter Clearance Carnival,136869.65,52,2632.11,549.19,4906.83
Godrej Interio,High Value,Winter Wonders Sale,254922.21,86,2964.21,617.27,4918.00
Godrej Interio,In-Store Regular,12 Days of Deals,157979.98,58,2723.79,537.82,4951.91
Godrej Interio,In-Store Regular,Autumn Deals Drive,195835.58,75,2611.14,503.92,4943.82
Godrej Interio,In-Store Regular,BOGO Blitz,153992.23,61,2524.46,517.35,4969.58
Godrej Interio,In-Store Regular,Back to School Boost,144007.28,56,2571.56,783.76,4948.70
Godrej Interio,In-Store Regular,Birthday Bash Sale,155433.07,58,2679.88,604.13,4888.38
Godrej Interio,In-Store Regular,Black Friday Blowout,187230.24,67,2794.48,709.78,4978.12
Godrej Interio,In-Store Regular,Cart Crasher Campaign,186946.64,66,2832.52,534.46,4950.00
Godrej Interio,In-Store Regular,Cashback Carnival,196648.68,73,2693.82,517.68,4974.87
Godrej Interio,In-Store Regular,Clearance Countdown,162672.13,61,2666.76,500.68,4930.66
Godrej Interio,In-Store Regular,Countdown to Savings,148817.16,56,2657.45,566.83,4888.11
Godrej Interio,In-Store Regular,Customer Appreciation Week,143594.52,59,2433.81,540.54,4879.63
Godrej Interio,In-Store Regular,Cyber Monday Mania,166633.12,61,2731.69,518.33,4988.02
Godrej Interio,In-Store Regular,Deal of the Month,191837.22,64,2997.46,648.33,4945.76
Godrej Interio,In-Store Regular,Double Points Bonanza,182583.04,63,2898.14,832.71,4924.71
Godrej Interio,In-Store Regular,Early Bird Specials,188232.65,71,2651.16,543.07,4699.71
Godrej Interio,In-Store Regular,End of Season Sale,180143.49,68,2649.17,571.92,4896.27
Godrej Interio,In-Store Regular,Exclusive Insider Offers,201293.11,67,3004.37,820.07,4968.59
Godrej Interio,In-Store Regular,Festive Fever Promo,218407.95,80,2730.10,535.72,4808.07
Godrej Interio,In-Store Regular,Final Call Frenzy,144909.37,53,2734.14,568.51,4769.81
Godrej Interio,In-Store Regular,Flash Frenzy Friday,231572.75,82,2824.06,504.49,4995.77
Godrej Interio,In-Store Regular,"Gift More, Spend Less",242193.89,80,3027.42,638.25,4829.08
Godrej Interio,In-Store Regular,Golden Hour Bargains,172170.53,63,2732.87,527.50,4909.62
Godrej Interio,In-Store Regular,Green Weekend Deals,189284.43,68,2783.59,533.64,4960.27
Godrej Interio,In-Store Regular,Happy Hour Discounts,207500.12,74,2804.06,501.91,4961.60
Godrej Interio,In-Store Regular,Holiday Shopping Rush,153483.17,54,2842.28,550.72,4969.72
Godrej Interio,In-Store Regular,Hot Picks Promo,171785.17,63,2726.75,509.80,4873.02
Godrej Interio,In-Store Regular,Instant Gratification Sale,151862.29,59,2573.94,569.38,4976.43
Godrej Interio,In-Store Regular,Limited Time Treasures,189650.27,74,2562.84,567.06,4806.06
Godrej Interio,In-Store Regular,Loyalty Rewards Blast,202920.61,81,2505.19,500.57,4794.03
Godrej Interio,In-Store Regular,Mega Weekend Bonanza,159267.16,56,2844.06,616.44,4961.29
Godrej Interio,In-Store Regular,Mid-Year Madness,170411.31,63,2704.94,618.37,4949.66
Godrej Interio,In-Store Regular,Midnight Madness,203525.00,72,2826.74,635.39,4946.68
Godrej Interio,In-Store Regular,Mystery Discount Days,162235.60,64,2534.93,569.70,4793.39
Godrej Interio,In-Store Regular,New Arrival Showcase,212819.30,72,2955.82,536.19,4981.90
Godrej Interio,In-Store Regular,New Product Launch Promo,194472.29,80,2430.90,590.11,4928.79
Godrej Interio,In-Store Regular,New Year Kickoff,222047.52,79,2810.73,505.38,4951.71
Godrej Interio,In-Store Regular,Price Drop Parade,172971.97,57,3034.60,688.46,4959.88
Godrej Interio,In-Store Regular,Red Tag Clearance,183481.57,66,2780.02,518.84,4950.07
Godrej Interio,In-Store Regular,Seasonal Surprise Box,161460.98,58,2783.81,618.31,4929.83
Godrej Interio,In-Store Regular,Shop & Save Spectacular,183073.64,71,2578.50,507.30,4989.70
Godrej Interio,In-Store Regular,Smart Shopper Week,144679.05,60,2411.32,547.98,4994.01
Godrej Interio,In-Store Regular,Spring Refresh Event,200585.45,73,2747.75,589.99,4983.01
Godrej Interio,In-Store Regular,Spring Splash Discounts,220111.82,72,3057.11,675.34,4943.37
Godrej Interio,In-Store Regular,Summer Sizzle Promo,176580.02,72,2452.50,517.05,4708.13
Godrej Interio,In-Store Regular,Super Savings Week,170286.57,67,2541.59,508.26,4980.44
Godrej Interio,In-Store Regular,Ultimate Value Event,175074.44,64,2735.54,506.12,4970.77
Godrej Interio,In-Store Regular,VIP Access Sale,167938.97,63,2665.70,511.16,4959.55
Godrej Interio,In-Store Regular,Weekend Warrior Specials,191598.47,65,2947.67,525.61,4963.85
Godrej Interio,In-Store Regular,Winter Clearance Carnival,177003.17,66,2681.87,513.27,4893.91
Godrej Interio,In-Store Regular,Winter Wonders Sale,198867.36,69,2882.14,548.89,4798.87
Godrej Interio,Loyal Customer,12 Days of Deals,171838.02,65,2643.66,516.27,4940.22
Godrej Interio,Loyal Customer,Autumn Deals Drive,164430.23,61,2695.58,550.39,4959.88
Godrej Interio,Loyal Customer,BOGO Blitz,217367.94,71,3061.52,638.03,4968.20
Godrej Interio,Loyal Customer,Back to School Boost,164989.95,63,2618.89,519.59,4920.83
Godrej Interio,Loyal Customer,Birthday Bash Sale,220548.88,76,2901.96,534.97,4645.61
Godrej Interio,Loyal Customer,Black Friday Blowout,231005.93,79,2924.13,514.66,4941.80
Godrej Interio,Loyal Customer,Cart Crasher Campaign,142004.45,58,2448.35,546.30,4921.78
Godrej Interio,Loyal Customer,Cashback Carnival,160888.08,60,2681.47,554.46,4948.20
Godrej Interio,Loyal Customer,Clearance Countdown,230136.54,76,3028.11,688.82,4836.05
Godrej Interio,Loyal Customer,Countdown to Savings,183650.58,67,2741.05,556.46,4968.95
Godrej Interio,Loyal Customer,Customer Appreciation Week,195327.66,74,2639.56,511.43,4994.15
Godrej Interio,Loyal Customer,Cyber Monday Mania,148399.29,50,2967.99,579.11,4804.54
Godrej Interio,Loyal Customer,Deal of the Month,166753.30,62,2689.57,518.45,4980.98
Godrej Interio,Loyal Customer,Double Points Bonanza,179754.59,69,2605.14,549.65,4937.04
Godrej Interio,Loyal Customer,Early Bird Specials,191138.18,71,2692.09,560.31,4996.61
Godrej Interio,Loyal Customer,End of Season Sale,172095.91,62,2775.74,524.52,4964.37
Godrej Interio,Loyal Customer,Exclusive Insider Offers,217730.60,75,2903.07,535.03,4981.63
Godrej Interio,Loyal Customer,Festive Fever Promo,202846.79,74,2741.17,506.65,4837.42
Godrej Interio,Loyal Customer,Final Call Frenzy,167482.88,59,2838.69,679.50,4987.08
Godrej Interio,Loyal Customer,Flash Frenzy Friday,153810.80,54,2848.35,586.10,4806.49
Godrej Interio,Loyal Customer,"Gift More, Spend Less",138850.77,56,2479.48,638.38,4997.34
Godrej Interio,Loyal Customer,Golden Hour Bargains,229441.37,81,2832.61,568.58,4894.61
Godrej Interio,Loyal Customer,Green Weekend Deals,160112.91,62,2582.47,550.30,4934.96
Godrej Interio,Loyal Customer,Happy Hour Discounts,179510.83,70,2564.44,523.83,4971.80
Godrej Interio,Loyal Customer,Holiday Shopping Rush,191812.20,75,2557.50,508.47,4786.09
Godrej Interio,Loyal Customer,Hot Picks Promo,199982.77,68,2940.92,759.80,4992.50
Godrej Interio,Loyal Customer,Instant Gratification Sale,198718.63,72,2759.98,506.86,4955.28
Godrej Interio,Loyal Customer,Limited Time Treasures,223941.10,82,2730.99,534.44,4926.96
Godrej Interio,Loyal Customer,Loyalty Rewards Blast,185734.43,67,2772.16,707.99,4827.28
Godrej Interio,Loyal Customer,Mega Weekend Bonanza,175853.42,61,2882.84,778.28,4941.22
Godrej Interio,Loyal Customer,Mid-Year Madness,187653.10,63,2978.62,619.43,4786.91
Godrej Interio,Loyal Customer,Midnight Madness,195354.81,65,3005.46,504.76,4994.08
Godrej Interio,Loyal Customer,Mystery Discount Days,219674.05,77,2852.91,592.54,4928.54
Godrej Interio,Loyal Customer,New Arrival Showcase,159291.11,61,2611.33,557.50,4748.60
Godrej Interio,Loyal Customer,New Product Launch Promo,215267.69,72,2989.83,575.16,4959.26
Godrej Interio,Loyal Customer,New Year Kickoff,193830.27,69,2809.13,540.11,4988.70
Godrej Interio,Loyal Customer,Price Drop Parade,141746.26,49,2892.78,590.86,4944.94
Godrej Interio,Loyal Customer,Red Tag Clearance,199459.69,71,2809.29,585.62,4911.96
Godrej Interio,Loyal Customer,Seasonal Surprise Box,208168.92,71,2931.96,503.81,4988.21
Godrej Interio,Loyal Customer,Shop & Save Spectacular,182592.89,65,2809.12,574.86,4993.55
Godrej Interio,Loyal Customer,Smart Shopper Week,144175.39,54,2669.91,687.12,4928.47
Godrej Interio,Loyal Customer,Spring Refresh Event,182455.44,71,2569.79,527.10,4842.90
Godrej Interio,Loyal Customer,Spring Splash Discounts,166075.44,64,2594.93,525.79,4770.29
Godrej Interio,Loyal Customer,Summer Sizzle Promo,193590.27,67,2889.41,508.43,4978.50
Godrej Interio,Loyal Customer,Super Savings Week,234862.67,83,2829.67,523.93,4983.42
Godrej Interio,Loyal Customer,Ultimate Value Event,191931.01,73,2629.19,523.31,4872.81
Godrej Interio,Loyal Customer,VIP Access Sale,158612.86,63,2517.66,607.39,4936.83
Godrej Interio,Loyal Customer,Weekend Warrior Specials,189638.12,69,2748.38,570.00,4977.83
Godrej Interio,Loyal Customer,Winter Clearance Carnival,156693.69,56,2798.10,728.43,4969.31
Godrej Interio,Loyal Customer,Winter Wonders Sale,147393.82,55,2679.89,502.50,4974.20
Godrej Interio,Occasional Shopper,12 Days of Deals,157477.41,61,2581.60,551.67,4962.08
Godrej Interio,Occasional Shopper,Autumn Deals Drive,145418.88,58,2507.22,687.15,4859.12
Godrej Interio,Occasional Shopper,BOGO Blitz,199768.36,72,2774.56,585.13,4931.16
Godrej Interio,Occasional Shopper,Back to School Boost,175398.24,65,2698.43,513.26,4985.54
Godrej Interio,Occasional Shopper,Birthday Bash Sale,181632.51,66,2752.01,510.42,4974.19
Godrej Interio,Occasional Shopper,Black Friday Blowout,203595.80,76,2678.89,535.08,4990.48
Godrej Interio,Occasional Shopper,Cart Crasher Campaign,211496.20,80,2643.70,510.12,4979.69
Godrej Interio,Occasional Shopper,Cashback Carnival,225423.71,81,2783.01,515.27,4982.43
Godrej Interio,Occasional Shopper,Clearance Countdown,174768.55,59,2962.18,606.61,4882.14
Godrej Interio,Occasional Shopper,Countdown to Savings,160575.74,60,2676.26,545.84,4836.90
Godrej Interio,Occasional Shopper,Customer Appreciation Week,164461.80,60,2741.03,524.19,4983.49
Godrej Interio,Occasional Shopper,Cyber Monday Mania,162052.47,59,2746.65,552.24,4988.15
Godrej Interio,Occasional Shopper,Deal of the Month,174778.06,66,2648.15,591.31,4791.19
Godrej Interio,Occasional Shopper,Double Points Bonanza,169070.41,62,2726.94,521.42,4937.72
Godrej Interio,Occasional Shopper,Early Bird Specials,178278.26,68,2621.74,509.67,4967.49
Godrej Interio,Occasional Shopper,End of Season Sale,139199.96,54,2577.78,504.42,4893.64
Godrej Interio,Occasional Shopper,Exclusive Insider Offers,128644.28,51,2522.44,545.04,4962.71
Godrej Interio,Occasional Shopper,Festive Fever Promo,190630.72,68,2803.39,565.23,4940.88
Godrej Interio,Occasional Shopper,Final Call Frenzy,181986.58,66,2757.37,517.40,4961.68
Godrej Interio,Occasional Shopper,Flash Frenzy Friday,207101.09,74,2798.66,539.89,4987.91
Godrej Interio,Occasional Shopper,"Gift More, Spend Less",165446.40,63,2626.13,568.38,4955.90
Godrej Interio,Occasional Shopper,Golden Hour Bargains,184445.99,69,2673.13,660.39,4883.08
Godrej Interio,Occasional Shopper,Green Weekend Deals,144062.70,55,2619.32,580.52,4877.46
Godrej Interio,Occasional Shopper,Happy Hour Discounts,194447.54,69,2818.08,501.14,4981.66
Godrej Interio,Occasional Shopper,Holiday Shopping Rush,141317.28,58,2436.50,569.56,4908.02
Godrej Interio,Occasional Shopper,Hot Picks Promo,203957.57,70,2913.68,525.07,4957.79
Godrej Interio,Occasional Shopper,Instant Gratification Sale,182887.80,67,2729.67,714.35,4793.91
Godrej Interio,Occasional Shopper,Limited Time Treasures,206941.99,74,2796.51,552.08,4840.62
Godrej Interio,Occasional Shopper,Loyalty Rewards Blast,194426.13,72,2700.36,523.00,4822.45
Godrej Interio,Occasional Shopper,Mega Weekend Bonanza,201250.74,80,2515.63,550.02,4941.97
Godrej Interio,Occasional Shopper,Mid-Year Madness,191074.04,65,2939.60,643.58,4938.00
Godrej Interio,Occasional Shopper,Midnight Madness,136884.23,50,2737.68,525.06,4989.23
Godrej Interio,Occasional Shopper,Mystery Discount Days,197330.81,74,2666.63,543.68,4958.25
Godrej Interio,Occasional Shopper,New Arrival Showcase,218870.47,76,2879.87,510.39,4997.96
Godrej Interio,Occasional Shopper,New Product Launch Promo,187181.60,72,2599.74,672.54,4893.72
Godrej Interio,Occasional Shopper,New Year Kickoff,223622.62,79,2830.67,546.69,4990.41
Godrej Interio,Occasional Shopper,Price Drop Parade,135971.74,47,2893.02,649.90,4962.82
Godrej Interio,Occasional Shopper,Red Tag Clearance,137862.26,48,2872.13,512.99,4989.66
Godrej Interio,Occasional Shopper,Seasonal Surprise Box,176526.72,64,2758.23,504.08,4883.48
Godrej Interio,Occasional Shopper,Shop & Save Spectacular,183461.44,67,2738.23,517.77,4909.50
Godrej Interio,Occasional Shopper,Smart Shopper Week,189443.31,69,2745.56,581.16,4978.99
Godrej Interio,Occasional Shopper,Spring Refresh Event,190347.57,66,2884.05,569.36,4886.55
Godrej Interio,Occasional Shopper,Spring Splash Discounts,192517.10,70,2750.24,553.23,4999.44
Godrej Interio,Occasional Shopper,Summer Sizzle Promo,164543.66,58,2836.96,507.16,4900.39
Godrej Interio,Occasional Shopper,Super Savings Week,179688.60,68,2642.48,572.03,4779.13
Godrej Interio,Occasional Shopper,Ultimate Value Event,187679.21,64,2932.49,503.68,4996.74
Godrej Interio,Occasional Shopper,VIP Access Sale,154160.59,61,2527.22,573.61,4983.95
Godrej Interio,Occasional Shopper,Weekend Warrior Specials,163929.61,62,2644.03,597.61,4925.31
Godrej Interio,Occasional Shopper,Winter Clearance Carnival,184851.03,70,2640.73,525.87,4994.03
Godrej Interio,Occasional Shopper,Winter Wonders Sale,195955.75,69,2839.94,611.89,4989.40
Godrej Interio,Online Shopper,12 Days of Deals,236810.67,81,2923.59,563.91,4998.57
Godrej Interio,Online Shopper,Autumn Deals Drive,184118.55,68,2707.63,555.01,4891.73
Godrej Interio,Online Shopper,BOGO Blitz,193826.54,71,2729.95,507.76,4919.20
Godrej Interio,Online Shopper,Back to School Boost,236435.21,91,2598.19,640.46,4966.93
Godrej Interio,Online Shopper,Birthday Bash Sale,167963.24,60,2799.39,586.87,4968.90
Godrej Interio,Online Shopper,Black Friday Blowout,183357.08,68,2696.43,500.23,4966.40
Godrej Interio,Online Shopper,Cart Crasher Campaign,169811.36,62,2738.89,531.29,4992.17
Godrej Interio,Online Shopper,Cashback Carnival,193030.16,64,3016.10,693.58,4900.43
Godrej Interio,Online Shopper,Clearance Countdown,189259.17,69,2742.89,691.32,4992.67
Godrej Interio,Online Shopper,Countdown to Savings,185776.65,66,2814.80,548.74,4997.06
Godrej Interio,Online Shopper,Customer Appreciation Week,173234.18,65,2665.14,549.50,4969.00
Godrej Interio,Online Shopper,Cyber Monday Mania,190062.46,70,2715.18,533.07,4968.25
Godrej Interio,Online Shopper,Deal of the Month,166418.19,58,2869.28,674.97,4723.55
Godrej Interio,Online Shopper,Double Points Bonanza,175741.65,63,2789.55,543.18,4946.39
Godrej Interio,Online Shopper,Early Bird Specials,165828.78,66,2512.56,577.63,4961.09
Godrej Interio,Online Shopper,End of Season Sale,228963.50,81,2826.71,525.00,4986.81
Godrej Interio,Online Shopper,Exclusive Insider Offers,189097.21,61,3099.95,844.61,4935.05
Godrej Interio,Online Shopper,Festive Fever Promo,194343.47,77,2523.94,501.32,4992.74
Godrej Interio,Online Shopper,Final Call Frenzy,158544.82,56,2831.16,507.44,4885.89
Godrej Interio,Online Shopper,Flash Frenzy Friday,194898.40,75,2598.65,567.72,4887.28
Godrej Interio,Online Shopper,"Gift More, Spend Less",146786.18,58,2530.80,510.42,4969.33
Godrej Interio,Online Shopper,Golden Hour Bargains,178035.19,67,2657.24,524.23,4984.96
Godrej Interio,Online Shopper,Green Weekend Deals,160696.84,68,2363.19,546.31,4648.53
Godrej Interio,Online Shopper,Happy Hour Discounts,168829.60,62,2723.06,515.31,4913.74
Godrej Interio,Online Shopper,Holiday Shopping Rush,265277.73,91,2915.14,526.83,4996.98
Godrej Interio,Online Shopper,Hot Picks Promo,219163.57,77,2846.28,503.85,4954.35
Godrej Interio,Online Shopper,Instant Gratification Sale,215143.79,73,2947.18,528.04,4992.46
Godrej Interio,Online Shopper,Limited Time Treasures,152054.03,58,2621.62,640.24,4907.09
Godrej Interio,Online Shopper,Loyalty Rewards Blast,178660.25,67,2666.57,502.59,4901.28
Godrej Interio,Online Shopper,Mega Weekend Bonanza,164175.09,62,2647.99,518.36,4956.85
Godrej Interio,Online Shopper,Mid-Year Madness,167409.82,67,2498.65,530.98,4969.47
Godrej Interio,Online Shopper,Midnight Madness,197594.46,70,2822.78,544.80,4978.39
Godrej Interio,Online Shopper,Mystery Discount Days,244847.03,83,2949.96,598.86,4971.73
Godrej Interio,Online Shopper,New Arrival Showcase,199407.39,72,2769.55,585.16,4924.74
Godrej Interio,Online Shopper,New Product Launch Promo,166355.34,62,2683.15,502.89,4937.44
Godrej Interio,Online Shopper,New Year Kickoff,256540.90,86,2983.03,513.63,4993.25
Godrej Interio,Online Shopper,Price Drop Parade,184809.57,62,2980.80,555.46,4920.31
Godrej Interio,Online Shopper,Red Tag Clearance,217560.40,75,2900.81,524.64,4983.95
Godrej Interio,Online Shopper,Seasonal Surprise Box,204181.41,74,2759.21,525.69,4953.38
Godrej Interio,Online Shopper,Shop & Save Spectacular,189641.61,65,2917.56,535.42,4905.89
Godrej Interio,Online Shopper,Smart Shopper Week,187389.72,65,2882.92,502.89,4982.44
Godrej Interio,Online Shopper,Spring Refresh Event,141044.03,53,2661.21,727.48,4956.41
Godrej Interio,Online Shopper,Spring Splash Discounts,184531.08,71,2599.03,573.41,4991.03
Godrej Interio,Online Shopper,Summer Sizzle Promo,185804.61,68,2732.42,512.99,4985.90
Godrej Interio,Online Shopper,Super Savings Week,199885.81,71,2815.29,559.84,4959.35
Godrej Interio,Online Shopper,Ultimate Value Event,207927.02,79,2631.99,521.69,4948.10
Godrej Interio,Online Shopper,VIP Access Sale,183483.78,68,2698.29,549.87,4960.18
Godrej Interio,Online Shopper,Weekend Warrior Specials,170334.50,60,2838.91,610.32,4994.27
Godrej Interio,Online Shopper,Winter Clearance Carnival,182365.61,63,2894.69,542.48,4932.92
Godrej Interio,Online Shopper,Winter Wonders Sale,223895.45,79,2834.12,506.83,4956.25
Godrej Interio,Premium Shopper,12 Days of Deals,143107.46,56,2555.49,529.69,4729.84
Godrej Interio,Premium Shopper,Autumn Deals Drive,182532.60,65,2808.19,544.91,4999.01
Godrej Interio,Premium Shopper,BOGO Blitz,189477.76,67,2828.03,553.87,4963.04
Godrej Interio,Premium Shopper,Back to School Boost,163825.72,55,2978.65,541.29,4982.57
Godrej Interio,Premium Shopper,Birthday Bash Sale,152719.99,58,2633.10,532.68,4779.54
Godrej Interio,Premium Shopper,Black Friday Blowout,156705.49,63,2487.39,715.86,4847.15
Godrej Interio,Premium Shopper,Cart Crasher Campaign,225366.45,76,2965.35,601.91,4930.04
Godrej Interio,Premium Shopper,Cashback Carnival,183418.76,60,3056.98,528.66,4982.60
Godrej Interio,Premium Shopper,Clearance Countdown,184167.51,68,2708.35,503.67,4983.82
Godrej Interio,Premium Shopper,Countdown to Savings,203820.90,73,2792.07,510.59,4937.52
Godrej Interio,Premium Shopper,Customer Appreciation Week,162202.38,59,2749.19,586.59,4968.08
Godrej Interio,Premium Shopper,Cyber Monday Mania,145662.89,54,2697.46,651.86,4994.23
Godrej Interio,Premium Shopper,Deal of the Month,185772.16,78,2381.69,554.80,4966.59
Godrej Interio,Premium Shopper,Double Points Bonanza,166223.49,57,2916.20,647.58,4933.01
Godrej Interio,Premium Shopper,Early Bird Specials,159819.10,57,2803.84,543.16,4984.99
Godrej Interio,Premium Shopper,End of Season Sale,211059.60,72,2931.38,514.98,4979.76
Godrej Interio,Premium Shopper,Exclusive Insider Offers,177502.68,66,2689.43,501.18,4961.40
Godrej Interio,Premium Shopper,Festive Fever Promo,175629.99,66,2661.06,503.27,4886.62
Godrej Interio,Premium Shopper,Final Call Frenzy,195673.66,63,3105.93,528.58,4982.02
Godrej Interio,Premium Shopper,Flash Frenzy Friday,153509.31,60,2558.49,546.45,4965.26
Godrej Interio,Premium Shopper,"Gift More, Spend Less",143299.34,53,2703.76,672.95,4992.08
Godrej Interio,Premium Shopper,Golden Hour Bargains,179588.91,63,2850.62,567.95,4986.72
Godrej Interio,Premium Shopper,Green Weekend Deals,174139.13,70,2487.70,540.64,4951.67
Godrej Interio,Premium Shopper,Happy Hour Discounts,170698.61,66,2586.34,666.53,4607.06
Godrej Interio,Premium Shopper,Holiday Shopping Rush,137959.92,47,2935.32,580.09,4958.74
Godrej Interio,Premium Shopper,Hot Picks Promo,158532.52,66,2402.01,681.03,4984.76
Godrej Interio,Premium Shopper,Instant Gratification Sale,157297.17,56,2808.88,639.12,4962.46
Godrej Interio,Premium Shopper,Limited Time Treasures,190677.26,76,2508.91,552.03,4936.16
Godrej Interio,Premium Shopper,Loyalty Rewards Blast,190670.60,70,2723.87,552.10,4969.47
Godrej Interio,Premium Shopper,Mega Weekend Bonanza,187347.52,66,2838.60,582.26,4895.80
Godrej Interio,Premium Shopper,Mid-Year Madness,208431.34,74,2816.64,544.63,4981.05
Godrej Interio,Premium Shopper,Midnight Madness,185348.57,66,2808.31,517.81,4979.33
Godrej Interio,Premium Shopper,Mystery Discount Days,215640.20,77,2800.52,502.26,4982.09
Godrej Interio,Premium Shopper,New Arrival Showcase,210163.41,66,3184.29,511.07,4953.72
Godrej Interio,Premium Shopper,New Product Launch Promo,180682.53,73,2475.10,501.02,4924.75
Godrej Interio,Premium Shopper,New Year Kickoff,204724.07,78,2624.67,502.26,4942.33
Godrej Interio,Premium Shopper,Price Drop Parade,227490.35,78,2916.54,516.13,4992.35
Godrej Interio,Premium Shopper,Red Tag Clearance,219842.42,74,2970.84,747.59,4977.49
Godrej Interio,Premium Shopper,Seasonal Surprise Box,173594.35,61,2845.81,595.88,4998.58
Godrej Interio,Premium Shopper,Shop & Save Spectacular,154281.88,54,2857.07,551.24,4985.02
Godrej Interio,Premium Shopper,Smart Shopper Week,140634.33,58,2424.73,556.79,4740.46
Godrej Interio,Premium Shopper,Spring Refresh Event,187649.44,63,2978.56,572.30,4991.57
Godrej Interio,Premium Shopper,Spring Splash Discounts,191202.89,70,2731.47,521.14,4993.95
Godrej Interio,Premium Shopper,Summer Sizzle Promo,142225.75,49,2902.57,694.82,4967.86
Godrej Interio,Premium Shopper,Super Savings Week,187406.80,66,2839.50,521.85,4859.34
Godrej Interio,Premium Shopper,Ultimate Value Event,153418.31,58,2645.14,636.80,4983.35
Godrej Interio,Premium Shopper,VIP Access Sale,199090.11,61,3263.77,750.92,4984.11
Godrej Interio,Premium Shopper,Weekend Warrior Specials,172822.85,60,2880.38,517.83,4836.54
Godrej Interio,Premium Shopper,Winter Clearance Carnival,182796.12,66,2769.64,510.07,4816.64
Godrej Interio,Premium Shopper,Winter Wonders Sale,175996.76,67,2626.82,506.14,4855.51
Haier,Budget Shopper,12 Days of Deals,149020.05,59,2525.76,544.31,4784.29
Haier,Budget Shopper,Autumn Deals Drive,166190.83,60,2769.85,516.73,4993.37
Haier,Budget Shopper,BOGO Blitz,145209.89,56,2593.03,532.34,4970.11
Haier,Budget Shopper,Back to School Boost,200840.09,69,2910.73,666.95,4995.75
Haier,Budget Shopper,Birthday Bash Sale,184519.45,70,2635.99,721.85,4769.76
Haier,Budget Shopper,Black Friday Blowout,159868.01,61,2620.79,554.66,4933.52
Haier,Budget Shopper,Cart Crasher Campaign,142312.41,53,2685.14,588.03,4875.85
Haier,Budget Shopper,Cashback Carnival,186321.22,72,2587.79,505.90,4949.51
Haier,Budget Shopper,Clearance Countdown,186305.51,70,2661.51,618.51,4934.61
Haier,Budget Shopper,Countdown to Savings,172833.60,68,2541.67,513.47,4985.35
Haier,Budget Shopper,Customer Appreciation Week,218203.45,80,2727.54,563.24,4977.09
Haier,Budget Shopper,Cyber Monday Mania,180927.22,71,2548.27,504.93,4953.70
Haier,Budget Shopper,Deal of the Month,154328.91,57,2707.52,607.37,4997.58
Haier,Budget Shopper,Double Points Bonanza,164161.05,63,2605.73,522.00,4963.74
Haier,Budget Shopper,Early Bird Specials,192359.52,65,2959.38,509.77,4974.01
Haier,Budget Shopper,End of Season Sale,198315.46,68,2916.40,512.52,4935.35
Haier,Budget Shopper,Exclusive Insider Offers,169041.79,61,2771.18,679.69,4932.49
Haier,Budget Shopper,Festive Fever Promo,206545.13,78,2648.01,579.49,4880.60
Haier,Budget Shopper,Final Call Frenzy,181272.44,61,2971.68,510.19,4991.35
Haier,Budget Shopper,Flash Frenzy Friday,187467.95,65,2884.12,536.66,4944.56
Haier,Budget Shopper,"Gift More, Spend Less",162033.21,58,2793.68,642.09,4757.57
Haier,Budget Shopper,Golden Hour Bargains,140785.16,59,2386.19,560.03,4967.47
Haier,Budget Shopper,Green Weekend Deals,155105.98,60,2585.10,529.34,4931.45
Haier,Budget Shopper,Happy Hour Discounts,256317.16,91,2816.67,526.53,4960.55
Haier,Budget Shopper,Holiday Shopping Rush,199461.90,66,3022.15,530.83,4968.79
Haier,Budget Shopper,Hot Picks Promo,200445.50,68,2947.73,580.68,4968.49
Haier,Budget Shopper,Instant Gratification Sale,188343.68,71,2652.73,541.53,4912.27
Haier,Budget Shopper,Limited Time Treasures,147030.78,56,2625.55,510.26,4962.87
Haier,Budget Shopper,Loyalty Rewards Blast,200108.62,69,2900.12,536.67,4996.51
Haier,Budget Shopper,Mega Weekend Bonanza,194487.18,69,2818.65,677.77,4870.00
Haier,Budget Shopper,Mid-Year Madness,202359.22,73,2772.04,598.97,4840.78
Haier,Budget Shopper,Midnight Madness,169304.23,60,2821.74,564.02,4963.35
Haier,Budget Shopper,Mystery Discount Days,196289.32,72,2726.24,529.20,4922.86
Haier,Budget Shopper,New Arrival Showcase,142430.85,57,2498.79,518.41,4992.52
Haier,Budget Shopper,New Product Launch Promo,204803.32,69,2968.16,596.02,4950.02
Haier,Budget Shopper,New Year Kickoff,153205.76,55,2785.56,588.73,4935.01
Haier,Budget Shopper,Price Drop Parade,171332.80,63,2719.57,530.95,4934.60
Haier,Budget Shopper,Red Tag Clearance,158108.61,56,2823.37,590.90,4943.93
Haier,Budget Shopper,Seasonal Surprise Box,206147.39,63,3272.18,542.44,4997.98
Haier,Budget Shopper,Shop & Save Spectacular,178376.13,65,2744.25,570.79,4905.10
Haier,Budget Shopper,Smart Shopper Week,153640.61,57,2695.45,540.85,4961.09
Haier,Budget Shopper,Spring Refresh Event,189599.50,70,2708.56,526.41,4889.23
Haier,Budget Shopper,Spring Splash Discounts,224747.20,85,2644.08,504.57,4958.99
Haier,Budget Shopper,Summer Sizzle Promo,227046.77,75,3027.29,500.92,4994.55
Haier,Budget Shopper,Super Savings Week,196187.40,69,2843.30,621.38,4909.35
Haier,Budget Shopper,Ultimate Value Event,171344.85,65,2636.07,583.51,4937.32
Haier,Budget Shopper,VIP Access Sale,164164.74,61,2691.23,512.80,4814.93
Haier,Budget Shopper,Weekend Warrior Specials,186531.12,66,2826.23,529.18,4933.22
Haier,Budget Shopper,Winter Clearance Carnival,207991.34,71,2929.46,529.23,4998.49
Haier,Budget Shopper,Winter Wonders Sale,175789.06,63,2790.30,551.69,4906.61
Haier,Churn Risk,12 Days of Deals,138740.65,51,2720.40,566.73,4989.39
Haier,Churn Risk,Autumn Deals Drive,166895.47,59,2828.74,501.18,4956.66
Haier,Churn Risk,BOGO Blitz,205525.03,70,2936.07,519.12,4971.93
Haier,Churn Risk,Back to School Boost,196984.20,67,2940.06,683.08,4991.85
Haier,Churn Risk,Birthday Bash Sale,195305.27,68,2872.14,517.04,4942.17
Haier,Churn Risk,Black Friday Blowout,175056.34,67,2612.78,602.05,4840.37
Haier,Churn Risk,Cart Crasher Campaign,167228.54,58,2883.25,627.29,4998.05
Haier,Churn Risk,Cashback Carnival,152066.38,56,2715.47,535.89,4821.33
Haier,Churn Risk,Clearance Countdown,176214.65,58,3038.18,703.79,4866.27
Haier,Churn Risk,Countdown to Savings,168636.77,65,2594.41,500.39,4977.91
Haier,Churn Risk,Customer Appreciation Week,184347.60,74,2491.18,507.64,4984.13
Haier,Churn Risk,Cyber Monday Mania,180752.44,63,2869.09,516.56,4970.95
Haier,Churn Risk,Deal of the Month,205970.43,71,2900.99,503.83,4987.09
Haier,Churn Risk,Double Points Bonanza,177509.82,63,2817.62,645.64,4947.45
Haier,Churn Risk,Early Bird Specials,183053.71,63,2905.61,728.80,4976.24
Haier,Churn Risk,End of Season Sale,185425.91,71,2611.63,530.31,4960.50
Haier,Churn Risk,Exclusive Insider Offers,208639.54,73,2858.08,681.54,4913.06
Haier,Churn Risk,Festive Fever Promo,170846.25,65,2628.40,500.36,4918.94
Haier,Churn Risk,Final Call Frenzy,230589.91,78,2956.28,543.82,4980.67
Haier,Churn Risk,Flash Frenzy Friday,167620.45,63,2660.64,554.82,4876.42
Haier,Churn Risk,"Gift More, Spend Less",217090.68,78,2783.21,506.35,4922.15
Haier,Churn Risk,Golden Hour Bargains,187848.79,68,2762.48,508.13,4924.36
Haier,Churn Risk,Green Weekend Deals,224721.61,81,2774.34,627.66,4995.08
Haier,Churn Risk,Happy Hour Discounts,198192.11,70,2831.32,505.53,4970.46
Haier,Churn Risk,Holiday Shopping Rush,209569.57,77,2721.68,518.35,4944.65
Haier,Churn Risk,Hot Picks Promo,190622.82,66,2888.22,574.07,4976.29
Haier,Churn Risk,Instant Gratification Sale,194059.67,71,2733.23,524.80,4997.94
Haier,Churn Risk,Limited Time Treasures,158006.36,60,2633.44,513.33,4713.94
Haier,Churn Risk,Loyalty Rewards Blast,163684.51,64,2557.57,506.55,4963.52
Haier,Churn Risk,Mega Weekend Bonanza,169003.79,61,2770.55,526.21,4979.67
Haier,Churn Risk,Mid-Year Madness,157056.86,58,2707.88,638.85,4993.47
Haier,Churn Risk,Midnight Madness,187685.41,69,2720.08,554.86,4969.72
Haier,Churn Risk,Mystery Discount Days,164224.48,59,2783.47,599.04,4993.56
Haier,Churn Risk,New Arrival Showcase,177193.21,66,2684.75,520.07,4884.64
Haier,Churn Risk,New Product Launch Promo,156317.64,64,2442.46,538.83,4977.38
Haier,Churn Risk,New Year Kickoff,194093.24,70,2772.76,598.79,4963.68
Haier,Churn Risk,Price Drop Parade,170159.07,66,2578.17,523.53,4971.13
Haier,Churn Risk,Red Tag Clearance,188471.75,73,2581.80,534.32,4908.46
Haier,Churn Risk,Seasonal Surprise Box,191425.11,68,2815.08,810.10,4998.82
Haier,Churn Risk,Shop & Save Spectacular,194571.49,65,2993.41,605.37,4903.68
Haier,Churn Risk,Smart Shopper Week,204316.49,73,2798.86,540.60,4841.49
Haier,Churn Risk,Spring Refresh Event,205031.53,75,2733.75,568.02,4979.37
Haier,Churn Risk,Spring Splash Discounts,173617.22,68,2553.19,677.25,4981.11
Haier,Churn Risk,Summer Sizzle Promo,153592.68,56,2742.73,500.57,4968.96
Haier,Churn Risk,Super Savings Week,180894.66,69,2621.66,640.40,4745.61
Haier,Churn Risk,Ultimate Value Event,196458.46,69,2847.22,577.69,4993.52
Haier,Churn Risk,VIP Access Sale,165967.04,63,2634.40,514.66,4892.54
Haier,Churn Risk,Weekend Warrior Specials,156414.69,56,2793.12,518.68,4924.02
Haier,Churn Risk,Winter Clearance Carnival,182919.01,66,2771.50,550.91,4956.12
Haier,Churn Risk,Winter Wonders Sale,200709.98,80,2508.87,558.58,4933.38
Haier,Deal Seeker,12 Days of Deals,201997.32,75,2693.30,531.12,4977.29
Haier,Deal Seeker,Autumn Deals Drive,171808.10,74,2321.73,553.48,4980.40
Haier,Deal Seeker,BOGO Blitz,203701.62,70,2910.02,502.46,4951.85
Haier,Deal Seeker,Back to School Boost,211779.31,70,3025.42,529.07,4927.03
Haier,Deal Seeker,Birthday Bash Sale,211310.51,84,2515.60,511.78,4928.35
Haier,Deal Seeker,Black Friday Blowout,164846.96,59,2794.02,711.65,4991.37
Haier,Deal Seeker,Cart Crasher Campaign,207089.95,74,2798.51,555.52,4954.94
Haier,Deal Seeker,Cashback Carnival,170664.25,66,2585.82,531.54,4897.76
Haier,Deal Seeker,Clearance Countdown,174718.13,64,2729.97,642.20,4910.74
Haier,Deal Seeker,Countdown to Savings,201722.44,76,2654.24,552.53,4985.81
Haier,Deal Seeker,Customer Appreciation Week,188451.48,75,2512.69,541.15,4868.41
Haier,Deal Seeker,Cyber Monday Mania,193792.67,70,2768.47,520.04,4838.03
Haier,Deal Seeker,Deal of the Month,180299.79,62,2908.06,586.10,4960.40
Haier,Deal Seeker,Double Points Bonanza,169905.67,59,2879.76,568.78,4989.32
Haier,Deal Seeker,Early Bird Specials,187615.48,71,2642.47,592.18,4958.00
Haier,Deal Seeker,End of Season Sale,210123.42,71,2959.48,521.89,4983.83
Haier,Deal Seeker,Exclusive Insider Offers,186693.31,67,2786.47,643.64,4994.72
Haier,Deal Seeker,Festive Fever Promo,190564.62,68,2802.42,527.52,4992.11
Haier,Deal Seeker,Final Call Frenzy,182583.16,67,2725.12,712.23,4954.66
Haier,Deal Seeker,Flash Frenzy Friday,193233.76,71,2721.60,592.74,4984.07
Haier,Deal Seeker,"Gift More, Spend Less",174717.07,68,2569.37,503.14,4980.99
Haier,Deal Seeker,Golden Hour Bargains,192649.90,70,2752.14,569.18,4967.34
Haier,Deal Seeker,Green Weekend Deals,164555.76,65,2531.63,635.81,4849.02
Haier,Deal Seeker,Happy Hour Discounts,184024.67,71,2591.90,546.76,4914.02
Haier,Deal Seeker,Holiday Shopping Rush,204642.33,72,2842.25,563.49,4870.31
Haier,Deal Seeker,Hot Picks Promo,160296.55,65,2466.10,500.05,4765.73
Haier,Deal Seeker,Instant Gratification Sale,163008.23,61,2672.27,549.46,4884.13
Haier,Deal Seeker,Limited Time Treasures,140895.48,53,2658.41,521.74,4853.19
Haier,Deal Seeker,Loyalty Rewards Blast,184957.76,75,2466.10,510.03,4978.86
Haier,Deal Seeker,Mega Weekend Bonanza,195692.96,68,2877.84,554.71,4958.74
Haier,Deal Seeker,Mid-Year Madness,147606.14,52,2838.58,522.13,4940.80
Haier,Deal Seeker,Midnight Madness,143723.54,52,2763.91,775.05,4869.33
Haier,Deal Seeker,Mystery Discount Days,191884.09,67,2863.94,522.84,4832.55
Haier,Deal Seeker,New Arrival Showcase,194337.93,70,2776.26,515.54,4996.75
Haier,Deal Seeker,New Product Launch Promo,203971.12,79,2581.91,539.77,4874.83
Haier,Deal Seeker,New Year Kickoff,197648.90,79,2501.88,502.92,4983.53
Haier,Deal Seeker,Price Drop Parade,191884.47,67,2863.95,649.29,4971.93
Haier,Deal Seeker,Red Tag Clearance,188496.76,65,2899.95,581.91,4978.69
Haier,Deal Seeker,Seasonal Surprise Box,180645.32,65,2779.16,583.24,4983.20
Haier,Deal Seeker,Shop & Save Spectacular,195942.30,70,2799.18,705.97,4910.42
Haier,Deal Seeker,Smart Shopper Week,215909.71,80,2698.87,537.07,4984.94
Haier,Deal Seeker,Spring Refresh Event,198669.94,69,2879.27,527.46,4973.57
Haier,Deal Seeker,Spring Splash Discounts,197000.93,73,2698.64,629.13,4953.01
Haier,Deal Seeker,Summer Sizzle Promo,131012.51,55,2382.05,536.51,4929.95
Haier,Deal Seeker,Super Savings Week,169380.52,64,2646.57,506.61,4894.05
Haier,Deal Seeker,Ultimate Value Event,185004.58,67,2761.26,529.92,4999.84
Haier,Deal Seeker,VIP Access Sale,139910.48,53,2639.82,514.74,4623.50
Haier,Deal Seeker,Weekend Warrior Specials,212542.58,79,2690.41,542.65,4964.78
Haier,Deal Seeker,Winter Clearance Carnival,159342.47,63,2529.25,509.36,4889.15
Haier,Deal Seeker,Winter Wonders Sale,193859.47,65,2982.45,592.70,4967.49
Haier,First-time Buyer,12 Days of Deals,197347.98,65,3036.12,802.22,4997.95
Haier,First-time Buyer,Autumn Deals Drive,201976.39,73,2766.80,529.74,4875.01
Haier,First-time Buyer,BOGO Blitz,203497.95,72,2826.36,609.74,4983.38
Haier,First-time Buyer,Back to School Boost,120220.43,45,2671.57,786.34,4847.71
Haier,First-time Buyer,Birthday Bash Sale,220524.43,79,2791.45,521.13,4985.65
Haier,First-time Buyer,Black Friday Blowout,154351.95,57,2707.93,585.28,4586.13
Haier,First-time Buyer,Cart Crasher Campaign,166706.60,59,2825.54,586.23,4934.21
Haier,First-time Buyer,Cashback Carnival,219740.96,75,2929.88,523.56,4932.45
Haier,First-time Buyer,Clearance Countdown,207677.70,73,2844.90,555.78,4989.53
Haier,First-time Buyer,Countdown to Savings,171618.20,65,2640.28,508.15,4996.58
Haier,First-time Buyer,Customer Appreciation Week,155241.39,55,2822.57,511.28,4961.89
Haier,First-time Buyer,Cyber Monday Mania,179074.74,67,2672.76,647.67,4953.91
Haier,First-time Buyer,Deal of the Month,156014.41,56,2785.97,533.86,4961.57
Haier,First-time Buyer,Double Points Bonanza,205851.66,77,2673.40,553.04,4937.20
Haier,First-time Buyer,Early Bird Specials,179201.63,64,2800.03,600.51,4873.04
Haier,First-time Buyer,End of Season Sale,201123.33,74,2717.88,517.57,4774.33
Haier,First-time Buyer,Exclusive Insider Offers,194677.13,63,3090.11,502.55,4996.89
Haier,First-time Buyer,Festive Fever Promo,202517.47,73,2774.21,551.08,4996.92
Haier,First-time Buyer,Final Call Frenzy,189673.55,66,2873.84,639.65,4936.67
Haier,First-time Buyer,Flash Frenzy Friday,186736.59,67,2787.11,528.66,4994.80
Haier,First-time Buyer,"Gift More, Spend Less",146438.08,49,2988.53,921.56,4926.86
Haier,First-time Buyer,Golden Hour Bargains,156256.66,62,2520.27,520.83,4966.67
Haier,First-time Buyer,Green Weekend Deals,222344.36,80,2779.30,529.34,4863.38
Haier,First-time Buyer,Happy Hour Discounts,204990.06,77,2662.21,517.42,4881.15
Haier,First-time Buyer,Holiday Shopping Rush,160440.30,67,2394.63,501.74,4997.27
Haier,First-time Buyer,Hot Picks Promo,169851.76,65,2613.10,510.42,4891.73
Haier,First-time Buyer,Instant Gratification Sale,204372.82,76,2689.12,537.90,4915.77
Haier,First-time Buyer,Limited Time Treasures,198513.58,78,2545.05,620.02,4686.64
Haier,First-time Buyer,Loyalty Rewards Blast,212679.20,81,2625.67,521.66,4881.69
Haier,First-time Buyer,Mega Weekend Bonanza,162490.73,60,2708.18,537.24,4796.52
Haier,First-time Buyer,Mid-Year Madness,200232.15,72,2781.00,507.69,4964.01
Haier,First-time Buyer,Midnight Madness,173885.98,63,2760.09,571.09,4979.63
Haier,First-time Buyer,Mystery Discount Days,174955.24,63,2777.07,517.17,4948.74
Haier,First-time Buyer,New Arrival Showcase,195349.94,70,2790.71,551.35,4967.70
Haier,First-time Buyer,New Product Launch Promo,173177.39,63,2748.85,514.66,4997.06
Haier,First-time Buyer,New Year Kickoff,154275.35,53,2910.86,534.09,4846.37
Haier,First-time Buyer,Price Drop Parade,184791.85,73,2531.40,521.91,4937.41
Haier,First-time Buyer,Red Tag Clearance,153601.67,59,2603.42,563.68,4916.48
Haier,First-time Buyer,Seasonal Surprise Box,178575.93,59,3026.71,566.19,4978.47
Haier,First-time Buyer,Shop & Save Spectacular,124003.65,49,2530.69,568.01,4817.29
Haier,First-time Buyer,Smart Shopper Week,188189.84,67,2808.80,530.44,4918.23
Haier,First-time Buyer,Spring Refresh Event,138979.00,49,2836.31,609.34,4904.44
Haier,First-time Buyer,Spring Splash Discounts,223576.14,73,3062.69,635.32,4975.19
Haier,First-time Buyer,Summer Sizzle Promo,168338.66,62,2715.14,583.99,4989.20
Haier,First-time Buyer,Super Savings Week,135077.68,49,2756.69,500.00,4843.78
Haier,First-time Buyer,Ultimate Value Event,195858.21,65,3013.20,759.99,4995.13
Haier,First-time Buyer,VIP Access Sale,232466.21,80,2905.83,528.03,4914.92
Haier,First-time Buyer,Weekend Warrior Specials,148066.78,58,2552.88,553.20,4951.87
Haier,First-time Buyer,Winter Clearance Carnival,185692.61,64,2901.45,594.14,4924.30
Haier,First-time Buyer,Winter Wonders Sale,186098.54,67,2777.59,666.08,4970.91
Haier,High Value,12 Days of Deals,154600.21,54,2862.97,577.50,4997.95
Haier,High Value,Autumn Deals Drive,212563.87,78,2725.18,550.59,4902.73
Haier,High Value,BOGO Blitz,151053.37,61,2476.28,517.62,4838.29
Haier,High Value,Back to School Boost,181344.78,68,2666.83,581.38,4977.67
Haier,High Value,Birthday Bash Sale,159215.06,58,2745.09,503.66,4910.15
Haier,High Value,Black Friday Blowout,172705.70,65,2657.01,519.94,4887.58
Haier,High Value,Cart Crasher Campaign,168589.10,61,2763.76,869.68,4839.16
Haier,High Value,Cashback Carnival,176818.09,66,2679.06,535.45,4965.12
Haier,High Value,Clearance Countdown,201851.31,68,2968.40,722.48,4948.55
Haier,High Value,Countdown to Savings,171884.45,63,2728.32,534.08,4925.21
Haier,High Value,Customer Appreciation Week,192441.14,69,2789.00,529.52,4840.28
Haier,High Value,Cyber Monday Mania,193378.43,65,2975.05,504.75,4983.64
Haier,High Value,Deal of the Month,194244.29,66,2943.10,501.47,4958.76
Haier,High Value,Double Points Bonanza,185708.07,65,2857.05,551.95,4977.44
Haier,High Value,Early Bird Specials,214263.75,84,2550.76,506.07,4898.28
Haier,High Value,End of Season Sale,216107.88,74,2920.38,640.46,4899.15
Haier,High Value,Exclusive Insider Offers,173751.01,63,2757.95,505.71,4928.23
Haier,High Value,Festive Fever Promo,180752.20,65,2780.80,536.03,4990.35
Haier,High Value,Final Call Frenzy,168076.27,68,2471.71,548.25,4847.95
Haier,High Value,Flash Frenzy Friday,177183.72,64,2768.50,513.03,4989.70
Haier,High Value,"Gift More, Spend Less",175655.93,65,2702.40,533.28,4974.12
Haier,High Value,Golden Hour Bargains,164654.79,61,2699.26,667.77,4987.44
Haier,High Value,Green Weekend Deals,174637.02,58,3010.98,519.11,4937.62
Haier,High Value,Happy Hour Discounts,199247.28,71,2806.30,515.80,4944.83
Haier,High Value,Holiday Shopping Rush,193499.91,72,2687.50,516.62,4878.92
Haier,High Value,Hot Picks Promo,228873.21,87,2630.73,526.82,4860.99
Haier,High Value,Instant Gratification Sale,220104.36,76,2896.11,730.42,4931.11
Haier,High Value,Limited Time Treasures,196692.88,72,2731.85,596.82,4937.06
Haier,High Value,Loyalty Rewards Blast,198577.10,77,2578.92,521.49,4941.02
Haier,High Value,Mega Weekend Bonanza,149407.06,56,2667.98,560.70,4825.82
Haier,High Value,Mid-Year Madness,147534.54,58,2543.70,500.33,4870.08
Haier,High Value,Midnight Madness,190158.51,75,2535.45,567.85,4860.14
Haier,High Value,Mystery Discount Days,191578.70,68,2817.33,554.94,4982.28
Haier,High Value,New Arrival Showcase,152953.43,62,2466.99,531.50,4973.40
Haier,High Value,New Product Launch Promo,216151.51,78,2771.17,592.62,4904.81
Haier,High Value,New Year Kickoff,203364.09,69,2947.31,532.99,4981.44
Haier,High Value,Price Drop Parade,149334.03,57,2619.90,530.65,4888.34
Haier,High Value,Red Tag Clearance,154986.48,62,2499.78,590.41,4972.05
Haier,High Value,Seasonal Surprise Box,250562.67,89,2815.31,515.41,4891.36
Haier,High Value,Shop & Save Spectacular,191781.85,74,2591.65,563.89,4920.81
Haier,High Value,Smart Shopper Week,224076.22,80,2800.95,528.55,4936.98
Haier,High Value,Spring Refresh Event,160382.72,65,2467.43,616.46,4943.71
Haier,High Value,Spring Splash Discounts,148592.51,56,2653.44,530.57,4957.86
Haier,High Value,Summer Sizzle Promo,169700.15,68,2495.59,532.48,4827.96
Haier,High Value,Super Savings Week,127357.55,54,2358.47,621.69,4913.38
Haier,High Value,Ultimate Value Event,185972.75,65,2861.12,560.94,4993.56
Haier,High Value,VIP Access Sale,201701.85,76,2653.97,510.85,4952.69
Haier,High Value,Weekend Warrior Specials,210287.55,76,2766.94,539.68,4995.52
Haier,High Value,Winter Clearance Carnival,190205.66,64,2971.96,538.88,4823.53
Haier,High Value,Winter Wonders Sale,182036.84,74,2459.96,643.88,4866.16
Haier,In-Store Regular,12 Days of Deals,189234.66,71,2665.28,649.96,4931.04
Haier,In-Store Regular,Autumn Deals Drive,229469.34,81,2832.95,509.50,4994.72
Haier,In-Store Regular,BOGO Blitz,194311.23,69,2816.10,507.20,4905.92
Haier,In-Store Regular,Back to School Boost,161340.36,54,2987.78,512.31,4934.70
Haier,In-Store Regular,Birthday Bash Sale,168194.85,61,2757.29,509.48,4884.07
Haier,In-Store Regular,Black Friday Blowout,176793.73,63,2806.25,546.33,4978.16
Haier,In-Store Regular,Cart Crasher Campaign,184073.27,70,2629.62,503.85,4922.77
Haier,In-Store Regular,Cashback Carnival,208749.79,72,2899.30,561.77,4981.65
Haier,In-Store Regular,Clearance Countdown,168527.98,68,2478.35,522.18,4977.33
Haier,In-Store Regular,Countdown to Savings,219529.91,77,2851.04,512.01,4968.54
Haier,In-Store Regular,Customer Appreciation Week,194306.97,69,2816.04,617.48,4831.33
Haier,In-Store Regular,Cyber Monday Mania,156156.54,63,2478.68,538.75,4677.99
Haier,In-Store Regular,Deal of the Month,158289.23,55,2877.99,562.88,4907.29
Haier,In-Store Regular,Double Points Bonanza,231576.81,84,2756.87,559.07,4977.78
Haier,In-Store Regular,Early Bird Specials,213209.70,77,2768.96,693.81,4999.06
Haier,In-Store Regular,End of Season Sale,152946.43,59,2592.31,523.16,4967.47
Haier,In-Store Regular,Exclusive Insider Offers,179342.73,66,2717.31,503.60,4997.98
Haier,In-Store Regular,Festive Fever Promo,180926.43,64,2826.98,586.88,4897.07
Haier,In-Store Regular,Final Call Frenzy,179384.36,63,2847.37,543.09,4973.35
Haier,In-Store Regular,Flash Frenzy Friday,206516.91,76,2717.33,550.51,4944.95
Haier,In-Store Regular,"Gift More, Spend Less",182955.66,68,2690.52,531.27,4952.25
Haier,In-Store Regular,Golden Hour Bargains,182967.67,69,2651.71,712.69,4958.82
Haier,In-Store Regular,Green Weekend Deals,201842.43,72,2803.37,624.49,4732.04
Haier,In-Store Regular,Happy Hour Discounts,186375.10,69,2701.09,600.13,4987.44
Haier,In-Store Regular,Holiday Shopping Rush,195866.55,68,2880.39,533.43,4892.43
Haier,In-Store Regular,Hot Picks Promo,224510.26,77,2915.72,622.26,4953.35
Haier,In-Store Regular,Instant Gratification Sale,177966.45,58,3068.39,517.08,4982.10
Haier,In-Store Regular,Limited Time Treasures,183577.17,66,2781.47,609.50,4948.36
Haier,In-Store Regular,Loyalty Rewards Blast,175771.95,65,2704.18,502.48,4975.32
Haier,In-Store Regular,Mega Weekend Bonanza,137720.32,49,2810.62,502.05,4954.43
Haier,In-Store Regular,Mid-Year Madness,171162.49,65,2633.27,528.78,4964.94
Haier,In-Store Regular,Midnight Madness,210375.77,75,2805.01,549.61,4872.26
Haier,In-Store Regular,Mystery Discount Days,163115.28,56,2912.77,502.59,4934.50
Haier,In-Store Regular,New Arrival Showcase,212639.29,80,2657.99,501.45,4858.50
Haier,In-Store Regular,New Product Launch Promo,180480.18,68,2654.12,506.98,4932.75
Haier,In-Store Regular,New Year Kickoff,134813.70,52,2592.57,580.51,4717.93
Haier,In-Store Regular,Price Drop Parade,161531.38,54,2991.32,542.48,4962.37
Haier,In-Store Regular,Red Tag Clearance,184223.83,69,2669.91,552.43,4966.93
Haier,In-Store Regular,Seasonal Surprise Box,172164.20,65,2648.68,535.42,4864.86
Haier,In-Store Regular,Shop & Save Spectacular,173059.82,59,2933.22,576.87,4901.34
Haier,In-Store Regular,Smart Shopper Week,192146.64,68,2825.69,546.65,4992.18
Haier,In-Store Regular,Spring Refresh Event,184546.40,65,2839.18,553.31,4983.41
Haier,In-Store Regular,Spring Splash Discounts,181012.56,62,2919.56,533.02,4921.06
Haier,In-Store Regular,Summer Sizzle Promo,179210.93,63,2844.62,576.77,4936.37
Haier,In-Store Regular,Super Savings Week,159086.96,51,3119.35,685.33,4911.35
Haier,In-Store Regular,Ultimate Value Event,185092.21,70,2644.17,523.68,4940.23
Haier,In-Store Regular,VIP Access Sale,106219.03,42,2529.02,587.60,4632.08
Haier,In-Store Regular,Weekend Warrior Specials,184863.40,64,2888.49,539.36,4989.10
Haier,In-Store Regular,Winter Clearance Carnival,221237.81,76,2911.02,521.62,4963.22
Haier,In-Store Regular,Winter Wonders Sale,166408.22,61,2728.00,586.16,4969.24
Haier,Loyal Customer,12 Days of Deals,201092.29,75,2681.23,589.53,4960.42
Haier,Loyal Customer,Autumn Deals Drive,174046.19,62,2807.20,562.11,4925.95
Haier,Loyal Customer,BOGO Blitz,184897.89,68,2719.09,518.33,4989.32
Haier,Loyal Customer,Back to School Boost,179454.90,65,2760.84,631.10,4758.85
Haier,Loyal Customer,Birthday Bash Sale,235258.36,77,3055.30,569.99,4977.95
Haier,Loyal Customer,Black Friday Blowout,185361.20,68,2725.90,620.04,4999.91
Haier,Loyal Customer,Cart Crasher Campaign,208350.37,73,2854.11,534.39,4998.01
Haier,Loyal Customer,Cashback Carnival,151494.37,54,2805.45,577.67,4844.92
Haier,Loyal Customer,Clearance Countdown,183775.15,66,2784.47,525.75,4968.75
Haier,Loyal Customer,Countdown to Savings,194493.32,68,2860.20,509.66,4943.34
Haier,Loyal Customer,Customer Appreciation Week,194674.79,69,2821.37,619.59,4988.67
Haier,Loyal Customer,Cyber Monday Mania,161718.25,59,2740.99,639.38,4983.21
Haier,Loyal Customer,Deal of the Month,236039.24,84,2809.99,522.64,4964.91
Haier,Loyal Customer,Double Points Bonanza,195758.87,75,2610.12,587.55,4981.32
Haier,Loyal Customer,Early Bird Specials,213045.11,82,2598.11,503.37,4967.20
Haier,Loyal Customer,End of Season Sale,212611.70,79,2691.29,637.28,4981.62
Haier,Loyal Customer,Exclusive Insider Offers,178615.99,62,2880.90,537.70,4998.93
Haier,Loyal Customer,Festive Fever Promo,185208.48,74,2502.82,655.91,4787.78
Haier,Loyal Customer,Final Call Frenzy,195831.08,71,2758.18,516.79,4940.28
Haier,Loyal Customer,Flash Frenzy Friday,221309.08,78,2837.30,543.84,4866.74
Haier,Loyal Customer,"Gift More, Spend Less",174916.06,64,2733.06,510.76,4987.44
Haier,Loyal Customer,Golden Hour Bargains,173260.41,58,2987.25,569.50,4834.59
Haier,Loyal Customer,Green Weekend Deals,154182.82,53,2909.11,526.02,4925.68
Haier,Loyal Customer,Happy Hour Discounts,176854.02,69,2563.10,510.98,4972.57
Haier,Loyal Customer,Holiday Shopping Rush,186990.57,65,2876.78,525.33,4964.20
Haier,Loyal Customer,Hot Picks Promo,230347.24,83,2775.27,592.97,4925.70
Haier,Loyal Customer,Instant Gratification Sale,168850.81,67,2520.16,550.76,4950.95
Haier,Loyal Customer,Limited Time Treasures,142162.65,54,2632.64,581.13,4920.10
Haier,Loyal Customer,Loyalty Rewards Blast,242245.21,83,2918.62,575.88,4978.47
Haier,Loyal Customer,Mega Weekend Bonanza,187609.20,62,3025.95,622.42,4852.17
Haier,Loyal Customer,Mid-Year Madness,174659.02,61,2863.26,662.89,4968.54
Haier,Loyal Customer,Midnight Madness,212183.02,75,2829.11,616.67,4929.50
Haier,Loyal Customer,Mystery Discount Days,178168.29,60,2969.47,602.91,4984.97
Haier,Loyal Customer,New Arrival Showcase,164567.47,59,2789.28,560.77,4962.98
Haier,Loyal Customer,New Product Launch Promo,206750.84,78,2650.65,509.55,4987.33
Haier,Loyal Customer,New Year Kickoff,168971.60,65,2599.56,588.87,4963.92
Haier,Loyal Customer,Price Drop Parade,139070.84,62,2243.08,512.13,4916.44
Haier,Loyal Customer,Red Tag Clearance,163397.24,59,2769.44,728.22,4987.45
Haier,Loyal Customer,Seasonal Surprise Box,160131.96,62,2582.77,535.25,4974.58
Haier,Loyal Customer,Shop & Save Spectacular,206372.01,73,2827.01,509.98,4803.20
Haier,Loyal Customer,Smart Shopper Week,160171.44,58,2761.58,558.99,4916.81
Haier,Loyal Customer,Spring Refresh Event,186489.22,67,2783.42,615.56,4981.21
Haier,Loyal Customer,Spring Splash Discounts,222742.04,79,2819.52,751.96,4976.41
Haier,Loyal Customer,Summer Sizzle Promo,193099.43,68,2839.70,565.06,4847.03
Haier,Loyal Customer,Super Savings Week,133542.58,52,2568.13,681.30,4957.53
Haier,Loyal Customer,Ultimate Value Event,156159.89,57,2739.65,530.45,4990.66
Haier,Loyal Customer,VIP Access Sale,217047.13,75,2893.96,544.57,4963.11
Haier,Loyal Customer,Weekend Warrior Specials,158873.15,61,2604.48,613.48,4993.77
Haier,Loyal Customer,Winter Clearance Carnival,186368.14,61,3055.22,529.13,4990.51
Haier,Loyal Customer,Winter Wonders Sale,172115.13,66,2607.80,500.27,4842.09
Haier,Occasional Shopper,12 Days of Deals,225212.47,77,2924.84,540.32,4984.06
Haier,Occasional Shopper,Autumn Deals Drive,188660.24,78,2418.72,536.74,4865.64
Haier,Occasional Shopper,BOGO Blitz,203113.69,69,2943.68,701.87,4993.38
Haier,Occasional Shopper,Back to School Boost,172287.63,65,2650.58,520.38,4959.05
Haier,Occasional Shopper,Birthday Bash Sale,189385.06,71,2667.40,555.83,4982.93
Haier,Occasional Shopper,Black Friday Blowout,195935.62,74,2647.78,520.99,4992.55
Haier,Occasional Shopper,Cart Crasher Campaign,179443.81,64,2803.81,539.03,4836.21
Haier,Occasional Shopper,Cashback Carnival,171561.53,62,2767.12,574.01,4985.94
Haier,Occasional Shopper,Clearance Countdown,156545.76,57,2746.42,613.28,4838.38
Haier,Occasional Shopper,Countdown to Savings,175077.65,63,2779.01,646.45,4922.84
Haier,Occasional Shopper,Customer Appreciation Week,183445.28,61,3007.30,741.37,4959.06
Haier,Occasional Shopper,Cyber Monday Mania,163271.61,59,2767.32,533.20,4590.64
Haier,Occasional Shopper,Deal of the Month,193316.91,68,2842.90,684.22,4964.53
Haier,Occasional Shopper,Double Points Bonanza,179823.85,65,2766.52,555.86,4909.72
Haier,Occasional Shopper,Early Bird Specials,250392.40,80,3129.90,539.92,4985.39
Haier,Occasional Shopper,End of Season Sale,181853.65,61,2981.21,533.47,4932.78
Haier,Occasional Shopper,Exclusive Insider Offers,155354.66,57,2725.52,658.38,4919.81
Haier,Occasional Shopper,Festive Fever Promo,202078.09,77,2624.39,526.33,4891.08
Haier,Occasional Shopper,Final Call Frenzy,214567.66,81,2648.98,592.57,4984.46
Haier,Occasional Shopper,Flash Frenzy Friday,195029.04,68,2868.07,570.80,4916.70
Haier,Occasional Shopper,"Gift More, Spend Less",185887.10,69,2694.02,526.49,4889.32
Haier,Occasional Shopper,Golden Hour Bargains,195106.77,74,2636.58,500.66,4992.15
Haier,Occasional Shopper,Green Weekend Deals,165591.28,59,2806.63,516.25,4944.13
Haier,Occasional Shopper,Happy Hour Discounts,146746.13,60,2445.77,549.34,4992.76
Haier,Occasional Shopper,Holiday Shopping Rush,149670.70,52,2878.28,521.68,4961.42
Haier,Occasional Shopper,Hot Picks Promo,179814.95,69,2606.01,523.99,4967.12
Haier,Occasional Shopper,Instant Gratification Sale,161726.69,61,2651.26,531.76,4729.49
Haier,Occasional Shopper,Limited Time Treasures,174250.86,64,2722.67,580.93,4825.31
Haier,Occasional Shopper,Loyalty Rewards Blast,206670.37,73,2831.10,530.00,4865.81
Haier,Occasional Shopper,Mega Weekend Bonanza,146941.64,58,2533.48,664.10,4959.30
Haier,Occasional Shopper,Mid-Year Madness,172700.46,67,2577.62,547.75,4951.73
Haier,Occasional Shopper,Midnight Madness,181305.85,61,2972.23,591.91,4975.94
Haier,Occasional Shopper,Mystery Discount Days,211212.88,82,2575.77,546.18,4954.74
Haier,Occasional Shopper,New Arrival Showcase,207456.97,82,2529.96,554.11,4940.32
Haier,Occasional Shopper,New Product Launch Promo,192860.61,67,2878.52,624.66,4944.21
Haier,Occasional Shopper,New Year Kickoff,212769.09,74,2875.26,551.15,4984.54
Haier,Occasional Shopper,Price Drop Parade,208780.05,80,2609.75,512.15,4987.17
Haier,Occasional Shopper,Red Tag Clearance,162982.85,62,2628.76,599.37,4866.24
Haier,Occasional Shopper,Seasonal Surprise Box,187946.00,66,2847.67,702.36,4989.16
Haier,Occasional Shopper,Shop & Save Spectacular,198566.89,71,2796.72,520.17,4951.29
Haier,Occasional Shopper,Smart Shopper Week,186637.76,68,2744.67,526.84,4930.48
Haier,Occasional Shopper,Spring Refresh Event,157697.74,57,2766.63,777.96,4949.25
Haier,Occasional Shopper,Spring Splash Discounts,224593.65,81,2772.76,570.19,4981.78
Haier,Occasional Shopper,Summer Sizzle Promo,189488.38,70,2706.98,521.10,4940.79
Haier,Occasional Shopper,Super Savings Week,150087.06,57,2633.11,518.36,4852.62
Haier,Occasional Shopper,Ultimate Value Event,154199.10,61,2527.85,565.46,4965.90
Haier,Occasional Shopper,VIP Access Sale,184218.10,67,2749.52,500.69,4994.82
Haier,Occasional Shopper,Weekend Warrior Specials,198914.76,70,2841.64,536.36,4890.78
Haier,Occasional Shopper,Winter Clearance Carnival,192388.32,66,2914.97,505.24,4950.63
Haier,Occasional Shopper,Winter Wonders Sale,207556.91,80,2594.46,507.20,4851.54
Haier,Online Shopper,12 Days of Deals,228267.41,77,2964.51,509.06,4905.38
Haier,Online Shopper,Autumn Deals Drive,167444.18,71,2358.37,511.42,4601.83
Haier,Online Shopper,BOGO Blitz,195826.80,72,2719.82,525.29,4980.50
Haier,Online Shopper,Back to School Boost,185274.25,65,2850.37,628.35,4891.31
Haier,Online Shopper,Birthday Bash Sale,142074.19,54,2631.00,642.43,4840.60
Haier,Online Shopper,Black Friday Blowout,193036.55,69,2797.63,647.59,4995.14
Haier,Online Shopper,Cart Crasher Campaign,229121.18,82,2794.16,510.58,4945.23
Haier,Online Shopper,Cashback Carnival,181917.38,74,2458.34,528.38,4882.79
Haier,Online Shopper,Clearance Countdown,183157.55,68,2693.49,551.45,4982.97
Haier,Online Shopper,Countdown to Savings,186537.63,69,2703.44,587.96,4887.56
Haier,Online Shopper,Customer Appreciation Week,179126.68,61,2936.50,696.31,4941.51
Haier,Online Shopper,Cyber Monday Mania,137144.11,51,2689.10,562.11,4940.94
Haier,Online Shopper,Deal of the Month,164263.97,62,2649.42,585.88,4637.76
Haier,Online Shopper,Double Points Bonanza,158618.51,58,2734.80,596.16,4924.39
Haier,Online Shopper,Early Bird Specials,198425.25,70,2834.65,539.88,4933.40
Haier,Online Shopper,End of Season Sale,208013.97,74,2811.00,553.64,4888.92
Haier,Online Shopper,Exclusive Insider Offers,165385.44,63,2625.17,583.69,4986.96
Haier,Online Shopper,Festive Fever Promo,178822.88,65,2751.12,593.08,4956.26
Haier,Online Shopper,Final Call Frenzy,171033.63,59,2898.88,814.82,4935.16
Haier,Online Shopper,Flash Frenzy Friday,237904.37,80,2973.80,506.15,4996.85
Haier,Online Shopper,"Gift More, Spend Less",187847.01,67,2803.69,722.23,4942.90
Haier,Online Shopper,Golden Hour Bargains,187113.61,64,2923.65,684.17,4957.49
Haier,Online Shopper,Green Weekend Deals,189329.76,74,2558.51,522.58,4926.30
Haier,Online Shopper,Happy Hour Discounts,152856.94,62,2465.43,519.49,4962.00
Haier,Online Shopper,Holiday Shopping Rush,166434.11,68,2447.56,517.12,4953.16
Haier,Online Shopper,Hot Picks Promo,200568.97,70,2865.27,546.37,4959.22
Haier,Online Shopper,Instant Gratification Sale,205196.27,72,2849.95,551.06,4942.58
Haier,Online Shopper,Limited Time Treasures,185302.67,67,2765.71,550.42,4970.34
Haier,Online Shopper,Loyalty Rewards Blast,218641.04,74,2954.61,523.62,4978.70
Haier,Online Shopper,Mega Weekend Bonanza,206117.40,68,3031.14,571.28,4992.43
Haier,Online Shopper,Mid-Year Madness,186720.89,68,2745.90,664.25,4962.45
Haier,Online Shopper,Midnight Madness,180655.99,73,2474.74,624.62,4629.64
Haier,Online Shopper,Mystery Discount Days,159098.01,59,2696.58,561.80,4974.16
Haier,Online Shopper,New Arrival Showcase,176409.15,66,2672.87,509.40,4834.95
Haier,Online Shopper,New Product Launch Promo,189694.02,69,2749.19,564.11,4851.53
Haier,Online Shopper,New Year Kickoff,195113.78,69,2827.74,508.10,4926.65
Haier,Online Shopper,Price Drop Parade,217837.08,78,2792.78,513.99,4958.75
Haier,Online Shopper,Red Tag Clearance,183006.88,68,2691.28,564.87,4879.40
Haier,Online Shopper,Seasonal Surprise Box,227278.80,84,2705.70,544.60,4970.47
Haier,Online Shopper,Shop & Save Spectacular,188804.90,72,2622.29,538.76,4805.61
Haier,Online Shopper,Smart Shopper Week,166101.97,66,2516.70,536.79,4841.88
Haier,Online Shopper,Spring Refresh Event,201596.05,67,3008.90,519.51,4938.55
Haier,Online Shopper,Spring Splash Discounts,187834.51,67,2803.50,526.98,4956.46
Haier,Online Shopper,Summer Sizzle Promo,179451.21,62,2894.37,505.80,4986.22
Haier,Online Shopper,Super Savings Week,152009.62,57,2666.84,535.78,4863.83
Haier,Online Shopper,Ultimate Value Event,155079.11,66,2349.68,547.39,4703.06
Haier,Online Shopper,VIP Access Sale,229640.71,82,2800.50,501.55,4921.81
Haier,Online Shopper,Weekend Warrior Specials,171342.99,69,2483.23,619.85,4867.27
Haier,Online Shopper,Winter Clearance Carnival,169125.25,66,2562.50,524.71,4962.29
Haier,Online Shopper,Winter Wonders Sale,189124.92,68,2781.25,523.80,4892.10
Haier,Premium Shopper,12 Days of Deals,168558.47,58,2906.18,521.59,4990.47
Haier,Premium Shopper,Autumn Deals Drive,149106.25,60,2485.10,584.09,4997.36
Haier,Premium Shopper,BOGO Blitz,204083.05,74,2757.88,572.42,4991.95
Haier,Premium Shopper,Back to School Boost,193695.73,72,2690.22,515.76,4828.35
Haier,Premium Shopper,Birthday Bash Sale,194985.59,75,2599.81,503.22,4992.41
Haier,Premium Shopper,Black Friday Blowout,211842.87,70,3026.33,694.60,4891.59
Haier,Premium Shopper,Cart Crasher Campaign,204233.04,72,2836.57,526.02,4922.09
Haier,Premium Shopper,Cashback Carnival,211240.41,73,2893.70,511.57,4932.69
Haier,Premium Shopper,Clearance Countdown,139167.93,47,2961.02,715.77,4968.65
Haier,Premium Shopper,Countdown to Savings,163648.87,61,2682.77,610.97,4873.27
Haier,Premium Shopper,Customer Appreciation Week,193402.89,74,2613.55,603.20,4943.05
Haier,Premium Shopper,Cyber Monday Mania,181317.19,63,2878.05,591.02,4968.86
Haier,Premium Shopper,Deal of the Month,188012.56,69,2724.82,542.86,4981.03
Haier,Premium Shopper,Double Points Bonanza,166126.06,57,2914.49,547.50,4939.07
Haier,Premium Shopper,Early Bird Specials,223016.02,81,2753.28,586.86,4951.12
Haier,Premium Shopper,End of Season Sale,202230.36,75,2696.40,588.00,4898.74
Haier,Premium Shopper,Exclusive Insider Offers,148825.73,60,2480.43,576.64,4957.91
Haier,Premium Shopper,Festive Fever Promo,201135.54,67,3002.02,534.29,4995.04
Haier,Premium Shopper,Final Call Frenzy,204204.98,69,2959.49,554.19,4888.72
Haier,Premium Shopper,Flash Frenzy Friday,214751.72,74,2902.05,586.44,4917.57
Haier,Premium Shopper,"Gift More, Spend Less",175079.61,61,2870.16,658.10,4998.06
Haier,Premium Shopper,Golden Hour Bargains,202633.36,74,2738.29,520.57,4968.38
Haier,Premium Shopper,Green Weekend Deals,209021.87,72,2903.08,569.84,4961.56
Haier,Premium Shopper,Happy Hour Discounts,143348.42,55,2606.33,501.43,4941.40
Haier,Premium Shopper,Holiday Shopping Rush,187174.59,68,2752.57,501.91,4991.90
Haier,Premium Shopper,Hot Picks Promo,174925.23,64,2733.21,543.99,4991.08
Haier,Premium Shopper,Instant Gratification Sale,161986.28,67,2417.71,592.34,4876.49
Haier,Premium Shopper,Limited Time Treasures,157483.40,61,2581.70,510.98,4950.85
Haier,Premium Shopper,Loyalty Rewards Blast,140581.34,55,2556.02,525.02,4640.56
Haier,Premium Shopper,Mega Weekend Bonanza,177374.23,65,2728.83,502.30,4919.32
Haier,Premium Shopper,Mid-Year Madness,185078.17,69,2682.29,522.19,4973.44
Haier,Premium Shopper,Midnight Madness,180314.92,64,2817.42,551.99,4808.56
Haier,Premium Shopper,Mystery Discount Days,168300.30,58,2901.73,669.97,4985.91
Haier,Premium Shopper,New Arrival Showcase,170927.32,62,2756.89,541.61,4982.29
Haier,Premium Shopper,New Product Launch Promo,178692.43,66,2707.46,505.85,4882.59
Haier,Premium Shopper,New Year Kickoff,171383.46,60,2856.39,531.77,4828.22
Haier,Premium Shopper,Price Drop Parade,184541.52,69,2674.51,540.51,4901.52
Haier,Premium Shopper,Red Tag Clearance,175545.95,58,3026.65,648.57,4996.14
Haier,Premium Shopper,Seasonal Surprise Box,219313.05,77,2848.22,555.81,4937.95
Haier,Premium Shopper,Shop & Save Spectacular,173988.86,67,2596.85,532.46,4906.61
Haier,Premium Shopper,Smart Shopper Week,158279.05,57,2776.83,524.75,4933.95
Haier,Premium Shopper,Spring Refresh Event,147994.79,49,3020.30,600.11,4845.23
Haier,Premium Shopper,Spring Splash Discounts,165742.56,71,2334.40,514.57,4998.92
Haier,Premium Shopper,Summer Sizzle Promo,159317.29,56,2844.95,839.61,4966.73
Haier,Premium Shopper,Super Savings Week,183667.11,70,2623.82,638.08,4974.82
Haier,Premium Shopper,Ultimate Value Event,211370.44,78,2709.88,528.74,4997.27
Haier,Premium Shopper,VIP Access Sale,167600.52,65,2578.47,539.86,4898.00
Haier,Premium Shopper,Weekend Warrior Specials,165946.36,60,2765.77,562.46,4982.21
Haier,Premium Shopper,Winter Clearance Carnival,203649.40,75,2715.33,609.74,4981.36
Haier,Premium Shopper,Winter Wonders Sale,177339.42,64,2770.93,645.44,4985.21
Home Centre,Budget Shopper,12 Days of Deals,211577.37,72,2938.57,526.24,4941.00
Home Centre,Budget Shopper,Autumn Deals Drive,202991.71,70,2899.88,556.26,4996.10
Home Centre,Budget Shopper,BOGO Blitz,196409.35,72,2727.91,650.22,4958.49
Home Centre,Budget Shopper,Back to School Boost,150630.54,56,2689.83,535.18,4982.20
Home Centre,Budget Shopper,Birthday Bash Sale,200286.98,76,2635.35,511.57,4999.90
Home Centre,Budget Shopper,Black Friday Blowout,195032.58,71,2746.94,516.16,4944.00
Home Centre,Budget Shopper,Cart Crasher Campaign,160847.64,64,2513.24,525.72,4913.20
Home Centre,Budget Shopper,Cashback Carnival,182840.97,67,2728.97,670.38,4933.35
Home Centre,Budget Shopper,Clearance Countdown,200502.26,74,2709.49,500.93,4926.15
Home Centre,Budget Shopper,Countdown to Savings,148640.10,57,2607.72,589.06,4917.51
Home Centre,Budget Shopper,Customer Appreciation Week,177219.98,63,2813.02,558.96,4993.47
Home Centre,Budget Shopper,Cyber Monday Mania,167743.23,64,2620.99,502.75,4939.17
Home Centre,Budget Shopper,Deal of the Month,163336.60,68,2402.01,511.83,4983.12
Home Centre,Budget Shopper,Double Points Bonanza,156751.08,57,2750.02,527.17,4777.58
Home Centre,Budget Shopper,Early Bird Specials,181789.35,69,2634.63,637.56,4975.33
Home Centre,Budget Shopper,End of Season Sale,154859.57,54,2867.77,525.92,4938.12
Home Centre,Budget Shopper,Exclusive Insider Offers,193249.65,68,2841.91,547.61,4761.33
Home Centre,Budget Shopper,Festive Fever Promo,194690.55,72,2704.04,551.07,4843.81
Home Centre,Budget Shopper,Final Call Frenzy,179883.35,65,2767.44,524.69,4931.58
Home Centre,Budget Shopper,Flash Frenzy Friday,159569.13,56,2849.45,521.21,4915.15
Home Centre,Budget Shopper,"Gift More, Spend Less",162347.49,63,2576.94,566.92,4977.40
Home Centre,Budget Shopper,Golden Hour Bargains,165271.51,60,2754.53,570.64,4967.96
Home Centre,Budget Shopper,Green Weekend Deals,150629.50,60,2510.49,515.31,4986.29
Home Centre,Budget Shopper,Happy Hour Discounts,188949.04,64,2952.33,547.00,4986.24
Home Centre,Budget Shopper,Holiday Shopping Rush,192687.38,76,2535.36,555.28,4849.34
Home Centre,Budget Shopper,Hot Picks Promo,216537.50,69,3138.22,652.33,4994.45
Home Centre,Budget Shopper,Instant Gratification Sale,225048.20,86,2616.84,518.96,4915.48
Home Centre,Budget Shopper,Limited Time Treasures,191336.85,70,2733.38,643.91,4946.80
Home Centre,Budget Shopper,Loyalty Rewards Blast,131600.59,46,2860.88,543.59,4934.83
Home Centre,Budget Shopper,Mega Weekend Bonanza,177133.96,60,2952.23,621.48,4822.82
Home Centre,Budget Shopper,Mid-Year Madness,160867.12,60,2681.12,803.60,4976.60
Home Centre,Budget Shopper,Midnight Madness,205411.78,66,3112.30,616.96,4949.28
Home Centre,Budget Shopper,Mystery Discount Days,177116.03,66,2683.58,616.82,4966.37
Home Centre,Budget Shopper,New Arrival Showcase,131658.66,56,2351.05,532.84,4566.94
Home Centre,Budget Shopper,New Product Launch Promo,178208.23,68,2620.71,534.57,4995.52
Home Centre,Budget Shopper,New Year Kickoff,193294.62,75,2577.26,504.13,4990.71
Home Centre,Budget Shopper,Price Drop Parade,164600.42,56,2939.29,515.18,4898.19
Home Centre,Budget Shopper,Red Tag Clearance,203382.67,77,2641.33,537.59,4827.93
Home Centre,Budget Shopper,Seasonal Surprise Box,231440.70,88,2630.01,504.75,4973.71
Home Centre,Budget Shopper,Shop & Save Spectacular,189131.58,72,2626.83,532.91,4949.32
Home Centre,Budget Shopper,Smart Shopper Week,211607.89,75,2821.44,546.19,4914.48
Home Centre,Budget Shopper,Spring Refresh Event,216577.38,83,2609.37,501.41,4993.59
Home Centre,Budget Shopper,Spring Splash Discounts,169278.28,61,2775.05,627.02,4951.93
Home Centre,Budget Shopper,Summer Sizzle Promo,196550.92,68,2890.45,601.75,4992.32
Home Centre,Budget Shopper,Super Savings Week,188597.69,69,2733.30,507.93,4966.19
Home Centre,Budget Shopper,Ultimate Value Event,168184.98,60,2803.08,586.57,4911.21
Home Centre,Budget Shopper,VIP Access Sale,196609.69,68,2891.32,599.10,4954.43
Home Centre,Budget Shopper,Weekend Warrior Specials,158367.15,59,2684.19,515.07,4954.10
Home Centre,Budget Shopper,Winter Clearance Carnival,185500.69,64,2898.45,534.58,4889.14
Home Centre,Budget Shopper,Winter Wonders Sale,187833.12,76,2471.49,555.11,4965.98
Home Centre,Churn Risk,12 Days of Deals,233699.69,78,2996.15,537.68,4945.97
Home Centre,Churn Risk,Autumn Deals Drive,246844.19,86,2870.28,626.98,4985.47
Home Centre,Churn Risk,BOGO Blitz,133763.98,52,2572.38,563.98,4790.98
Home Centre,Churn Risk,Back to School Boost,197852.09,69,2867.42,535.47,4979.25
Home Centre,Churn Risk,Birthday Bash Sale,229480.66,78,2942.06,630.25,4961.84
Home Centre,Churn Risk,Black Friday Blowout,195142.22,73,2673.18,527.89,4898.70
Home Centre,Churn Risk,Cart Crasher Campaign,169119.52,67,2524.17,546.49,4884.75
Home Centre,Churn Risk,Cashback Carnival,199895.05,74,2701.28,543.32,4956.97
Home Centre,Churn Risk,Clearance Countdown,169791.25,60,2829.85,764.30,4921.64
Home Centre,Churn Risk,Countdown to Savings,173415.68,58,2989.93,540.83,4996.16
Home Centre,Churn Risk,Customer Appreciation Week,172698.02,66,2616.64,521.69,4882.24
Home Centre,Churn Risk,Cyber Monday Mania,148945.19,61,2441.72,562.22,4807.14
Home Centre,Churn Risk,Deal of the Month,217947.93,76,2867.74,513.84,4907.44
Home Centre,Churn Risk,Double Points Bonanza,182641.23,69,2646.97,509.59,4931.85
Home Centre,Churn Risk,Early Bird Specials,200014.37,74,2702.90,527.89,4969.50
Home Centre,Churn Risk,End of Season Sale,190958.84,70,2727.98,527.26,4987.50
Home Centre,Churn Risk,Exclusive Insider Offers,168403.63,60,2806.73,528.95,4905.02
Home Centre,Churn Risk,Festive Fever Promo,210390.06,68,3093.97,540.84,4980.00
Home Centre,Churn Risk,Final Call Frenzy,191336.45,67,2855.77,626.49,4978.05
Home Centre,Churn Risk,Flash Frenzy Friday,206994.93,74,2797.23,519.92,4940.47
Home Centre,Churn Risk,"Gift More, Spend Less",219511.64,78,2814.25,596.88,4975.65
Home Centre,Churn Risk,Golden Hour Bargains,142427.06,55,2589.58,502.72,4949.27
Home Centre,Churn Risk,Green Weekend Deals,177302.01,67,2646.30,584.55,4999.33
Home Centre,Churn Risk,Happy Hour Discounts,199629.93,75,2661.73,606.45,4927.76
Home Centre,Churn Risk,Holiday Shopping Rush,215599.66,73,2953.42,678.34,4993.06
Home Centre,Churn Risk,Hot Picks Promo,165966.20,70,2370.95,507.15,4968.62
Home Centre,Churn Risk,Instant Gratification Sale,185072.49,60,3084.54,521.70,4979.03
Home Centre,Churn Risk,Limited Time Treasures,183865.57,62,2965.57,597.24,4937.16
Home Centre,Churn Risk,Loyalty Rewards Blast,175373.21,66,2657.17,513.35,4965.15
Home Centre,Churn Risk,Mega Weekend Bonanza,177782.96,62,2867.47,502.08,4808.13
Home Centre,Churn Risk,Mid-Year Madness,114600.05,49,2338.78,585.76,4713.44
Home Centre,Churn Risk,Midnight Madness,137633.38,54,2548.77,504.23,4862.34
Home Centre,Churn Risk,Mystery Discount Days,170994.03,61,2803.18,542.21,4919.08
Home Centre,Churn Risk,New Arrival Showcase,214038.67,71,3014.63,530.40,4966.99
Home Centre,Churn Risk,New Product Launch Promo,167502.03,58,2887.97,640.70,4938.56
Home Centre,Churn Risk,New Year Kickoff,183927.53,64,2873.87,522.64,4856.76
Home Centre,Churn Risk,Price Drop Parade,206282.28,72,2865.03,676.25,4963.28
Home Centre,Churn Risk,Red Tag Clearance,179316.74,66,2716.92,600.20,4796.54
Home Centre,Churn Risk,Seasonal Surprise Box,174488.26,66,2643.76,503.27,4939.00
Home Centre,Churn Risk,Shop & Save Spectacular,199951.66,69,2897.85,769.40,4998.65
Home Centre,Churn Risk,Smart Shopper Week,193212.71,72,2683.51,657.04,4999.64
Home Centre,Churn Risk,Spring Refresh Event,193348.14,68,2843.36,567.45,4956.72
Home Centre,Churn Risk,Spring Splash Discounts,165477.56,64,2585.59,541.82,4984.68
Home Centre,Churn Risk,Summer Sizzle Promo,180029.24,72,2500.41,517.68,4911.50
Home Centre,Churn Risk,Super Savings Week,154711.14,59,2622.22,523.86,4927.38
Home Centre,Churn Risk,Ultimate Value Event,206911.63,67,3088.23,624.37,4985.80
Home Centre,Churn Risk,VIP Access Sale,217311.39,78,2786.04,564.90,4942.22
Home Centre,Churn Risk,Weekend Warrior Specials,122841.25,52,2362.33,564.24,4993.77
Home Centre,Churn Risk,Winter Clearance Carnival,191101.11,69,2769.58,501.40,4955.42
Home Centre,Churn Risk,Winter Wonders Sale,195857.97,70,2797.97,526.87,4935.79
Home Centre,Deal Seeker,12 Days of Deals,176091.21,68,2589.58,684.79,4983.81
Home Centre,Deal Seeker,Autumn Deals Drive,184296.73,70,2632.81,521.44,4995.92
Home Centre,Deal Seeker,BOGO Blitz,203644.88,70,2909.21,597.93,4981.32
Home Centre,Deal Seeker,Back to School Boost,158826.35,57,2786.43,617.42,4877.56
Home Centre,Deal Seeker,Birthday Bash Sale,165471.64,61,2712.65,519.78,4995.19
Home Centre,Deal Seeker,Black Friday Blowout,133518.94,49,2724.88,513.22,4970.05
Home Centre,Deal Seeker,Cart Crasher Campaign,202412.71,73,2772.78,510.50,4935.41
Home Centre,Deal Seeker,Cashback Carnival,180448.09,70,2577.83,504.95,4946.85
Home Centre,Deal Seeker,Clearance Countdown,193897.21,63,3077.73,537.39,4928.52
Home Centre,Deal Seeker,Countdown to Savings,178876.38,72,2484.39,557.38,4940.08
Home Centre,Deal Seeker,Customer Appreciation Week,164588.00,67,2456.54,569.65,4821.38
Home Centre,Deal Seeker,Cyber Monday Mania,173873.52,65,2674.98,764.31,4851.21
Home Centre,Deal Seeker,Deal of the Month,150640.01,63,2391.11,538.07,4943.21
Home Centre,Deal Seeker,Double Points Bonanza,215316.63,77,2796.32,510.18,4998.55
Home Centre,Deal Seeker,Early Bird Specials,153455.93,59,2600.95,516.12,4931.94
Home Centre,Deal Seeker,End of Season Sale,167177.90,59,2833.52,675.12,4980.27
Home Centre,Deal Seeker,Exclusive Insider Offers,170848.01,67,2549.97,557.27,4841.89
Home Centre,Deal Seeker,Festive Fever Promo,191721.65,69,2778.57,535.27,4890.33
Home Centre,Deal Seeker,Final Call Frenzy,144346.96,50,2886.94,676.26,4905.90
Home Centre,Deal Seeker,Flash Frenzy Friday,189902.31,66,2877.31,573.28,4999.30
Home Centre,Deal Seeker,"Gift More, Spend Less",162354.47,63,2577.06,523.75,4954.13
Home Centre,Deal Seeker,Golden Hour Bargains,210360.76,76,2767.90,619.83,4866.12
Home Centre,Deal Seeker,Green Weekend Deals,215664.73,79,2729.93,626.44,4996.96
Home Centre,Deal Seeker,Happy Hour Discounts,165629.27,60,2760.49,600.00,4982.88
Home Centre,Deal Seeker,Holiday Shopping Rush,170452.33,64,2663.32,529.55,4915.68
Home Centre,Deal Seeker,Hot Picks Promo,182822.00,69,2649.59,675.12,4906.86
Home Centre,Deal Seeker,Instant Gratification Sale,252374.72,90,2804.16,507.45,4998.90
Home Centre,Deal Seeker,Limited Time Treasures,176028.75,60,2933.81,592.71,4966.27
Home Centre,Deal Seeker,Loyalty Rewards Blast,187482.77,67,2798.25,558.90,4958.99
Home Centre,Deal Seeker,Mega Weekend Bonanza,196065.12,66,2970.68,502.25,4987.63
Home Centre,Deal Seeker,Mid-Year Madness,153939.40,57,2700.69,503.37,4872.99
Home Centre,Deal Seeker,Midnight Madness,173888.23,68,2557.18,550.27,4940.79
Home Centre,Deal Seeker,Mystery Discount Days,184724.93,71,2601.76,593.17,4952.91
Home Centre,Deal Seeker,New Arrival Showcase,169291.89,65,2604.49,552.71,4983.62
Home Centre,Deal Seeker,New Product Launch Promo,176156.75,66,2669.04,662.37,4993.43
Home Centre,Deal Seeker,New Year Kickoff,191115.70,67,2852.47,594.77,4950.39
Home Centre,Deal Seeker,Price Drop Parade,175726.37,65,2703.48,514.90,4844.64
Home Centre,Deal Seeker,Red Tag Clearance,142428.83,53,2687.34,540.12,4909.03
Home Centre,Deal Seeker,Seasonal Surprise Box,149565.26,56,2670.81,596.74,4723.11
Home Centre,Deal Seeker,Shop & Save Spectacular,208909.65,72,2901.52,506.96,4995.45
Home Centre,Deal Seeker,Smart Shopper Week,213923.37,72,2971.16,525.47,4990.04
Home Centre,Deal Seeker,Spring Refresh Event,218592.21,73,2994.41,683.54,4970.20
Home Centre,Deal Seeker,Spring Splash Discounts,187297.53,62,3020.93,648.80,4935.83
Home Centre,Deal Seeker,Summer Sizzle Promo,246358.73,91,2707.24,523.45,4985.78
Home Centre,Deal Seeker,Super Savings Week,143914.79,55,2616.63,504.79,4934.31
Home Centre,Deal Seeker,Ultimate Value Event,208435.60,77,2706.96,635.38,4944.13
Home Centre,Deal Seeker,VIP Access Sale,212574.13,82,2592.37,550.00,4973.34
Home Centre,Deal Seeker,Weekend Warrior Specials,231882.40,82,2827.83,576.90,4973.18
Home Centre,Deal Seeker,Winter Clearance Carnival,210490.31,72,2923.48,525.37,4961.65
Home Centre,Deal Seeker,Winter Wonders Sale,219724.90,74,2969.26,510.01,4994.81
Home Centre,First-time Buyer,12 Days of Deals,196289.03,72,2726.24,560.99,4983.70
Home Centre,First-time Buyer,Autumn Deals Drive,174948.97,57,3069.28,546.44,4914.68
Home Centre,First-time Buyer,BOGO Blitz,219056.35,75,2920.75,537.84,4947.26
Home Centre,First-time Buyer,Back to School Boost,203836.32,75,2717.82,752.09,4917.32
Home Centre,First-time Buyer,Birthday Bash Sale,182926.11,67,2730.24,560.52,4871.40
Home Centre,First-time Buyer,Black Friday Blowout,158827.32,58,2738.40,656.80,4928.45
Home Centre,First-time Buyer,Cart Crasher Campaign,180293.72,69,2612.95,535.18,4976.90
Home Centre,First-time Buyer,Cashback Carnival,187395.22,64,2928.05,508.42,4955.37
Home Centre,First-time Buyer,Clearance Countdown,167066.92,58,2880.46,605.27,4955.47
Home Centre,First-time Buyer,Countdown to Savings,175857.46,57,3085.22,502.09,4984.66
Home Centre,First-time Buyer,Customer Appreciation Week,181688.21,69,2633.16,510.22,4984.74
Home Centre,First-time Buyer,Cyber Monday Mania,185766.13,68,2731.85,500.56,4972.73
Home Centre,First-time Buyer,Deal of the Month,149604.63,53,2822.73,555.33,4897.18
Home Centre,First-time Buyer,Double Points Bonanza,192064.16,67,2866.63,560.69,4994.36
Home Centre,First-time Buyer,Early Bird Specials,170086.05,64,2657.59,506.72,4967.55
Home Centre,First-time Buyer,End of Season Sale,204471.16,70,2921.02,579.06,4968.17
Home Centre,First-time Buyer,Exclusive Insider Offers,144481.50,57,2534.76,591.13,4616.22
Home Centre,First-time Buyer,Festive Fever Promo,196420.31,70,2806.00,533.40,4995.46
Home Centre,First-time Buyer,Final Call Frenzy,185536.24,63,2945.02,583.64,4899.02
Home Centre,First-time Buyer,Flash Frenzy Friday,207070.08,78,2654.74,583.26,4986.36
Home Centre,First-time Buyer,"Gift More, Spend Less",177110.01,64,2767.34,534.25,4964.11
Home Centre,First-time Buyer,Golden Hour Bargains,159932.98,63,2538.62,647.72,4923.09
Home Centre,First-time Buyer,Green Weekend Deals,161039.59,56,2875.71,581.44,4948.77
Home Centre,First-time Buyer,Happy Hour Discounts,169468.72,62,2733.37,541.11,4930.36
Home Centre,First-time Buyer,Holiday Shopping Rush,193671.76,68,2848.11,514.22,4899.48
Home Centre,First-time Buyer,Hot Picks Promo,172801.70,64,2700.03,508.23,4923.69
Home Centre,First-time Buyer,Instant Gratification Sale,184986.16,64,2890.41,502.68,4873.63
Home Centre,First-time Buyer,Limited Time Treasures,166991.81,58,2879.17,893.66,4845.87
Home Centre,First-time Buyer,Loyalty Rewards Blast,181936.42,65,2799.02,500.58,4929.23
Home Centre,First-time Buyer,Mega Weekend Bonanza,175725.18,61,2880.74,575.01,4815.88
Home Centre,First-time Buyer,Mid-Year Madness,211157.09,81,2606.88,541.13,4999.10
Home Centre,First-time Buyer,Midnight Madness,218416.04,78,2800.21,634.01,4987.88
Home Centre,First-time Buyer,Mystery Discount Days,145503.79,56,2598.28,508.31,4903.80
Home Centre,First-time Buyer,New Arrival Showcase,222290.37,76,2924.87,503.77,4991.45
Home Centre,First-time Buyer,New Product Launch Promo,180581.31,74,2440.29,523.70,4895.24
Home Centre,First-time Buyer,New Year Kickoff,234450.01,82,2859.15,522.31,4978.80
Home Centre,First-time Buyer,Price Drop Parade,146373.49,54,2710.62,618.65,4823.16
Home Centre,First-time Buyer,Red Tag Clearance,199877.66,75,2665.04,502.90,4977.78
Home Centre,First-time Buyer,Seasonal Surprise Box,167285.50,60,2788.09,506.79,4991.57
Home Centre,First-time Buyer,Shop & Save Spectacular,166503.62,63,2642.91,552.89,4909.93
Home Centre,First-time Buyer,Smart Shopper Week,205013.60,76,2697.55,555.57,4733.21
Home Centre,First-time Buyer,Spring Refresh Event,177596.04,61,2911.41,579.07,4835.02
Home Centre,First-time Buyer,Spring Splash Discounts,187695.30,70,2681.36,535.59,4992.41
Home Centre,First-time Buyer,Summer Sizzle Promo,209325.01,77,2718.51,543.80,4996.51
Home Centre,First-time Buyer,Super Savings Week,185059.78,70,2643.71,520.04,4893.53
Home Centre,First-time Buyer,Ultimate Value Event,140846.82,46,3061.89,509.12,4981.93
Home Centre,First-time Buyer,VIP Access Sale,171535.25,63,2722.78,618.25,4792.39
Home Centre,First-time Buyer,Weekend Warrior Specials,172779.83,69,2504.06,523.58,4998.93
Home Centre,First-time Buyer,Winter Clearance Carnival,153348.68,59,2599.13,590.61,4898.99
Home Centre,First-time Buyer,Winter Wonders Sale,168691.82,62,2720.84,590.85,4975.26
Home Centre,High Value,12 Days of Deals,218655.22,78,2803.27,524.14,4956.91
Home Centre,High Value,Autumn Deals Drive,155288.68,58,2677.39,556.49,4800.29
Home Centre,High Value,BOGO Blitz,161879.75,61,2653.77,578.05,4885.38
Home Centre,High Value,Back to School Boost,173346.81,63,2751.54,604.77,4923.25
Home Centre,High Value,Birthday Bash Sale,194844.25,65,2997.60,584.35,4999.68
Home Centre,High Value,Black Friday Blowout,170183.39,68,2502.70,504.85,4956.47
Home Centre,High Value,Cart Crasher Campaign,195019.19,67,2910.73,542.00,4932.23
Home Centre,High Value,Cashback Carnival,186972.67,69,2709.75,516.22,4931.70
Home Centre,High Value,Clearance Countdown,185832.57,67,2773.62,642.44,4726.94
Home Centre,High Value,Countdown to Savings,201052.37,72,2792.39,509.78,4993.77
Home Centre,High Value,Customer Appreciation Week,204174.82,78,2617.63,504.04,4985.04
Home Centre,High Value,Cyber Monday Mania,220885.72,81,2726.98,591.80,4952.38
Home Centre,High Value,Deal of the Month,209305.97,81,2584.02,515.23,4975.33
Home Centre,High Value,Double Points Bonanza,224781.36,80,2809.77,618.23,4948.47
Home Centre,High Value,Early Bird Specials,177077.06,65,2724.26,576.58,4933.93
Home Centre,High Value,End of Season Sale,173910.55,69,2520.44,526.79,4954.34
Home Centre,High Value,Exclusive Insider Offers,196035.73,70,2800.51,618.24,4957.31
Home Centre,High Value,Festive Fever Promo,180521.23,72,2507.24,555.32,4738.99
Home Centre,High Value,Final Call Frenzy,187376.14,66,2839.03,524.13,4996.48
Home Centre,High Value,Flash Frenzy Friday,177789.54,65,2735.22,517.84,4992.73
Home Centre,High Value,"Gift More, Spend Less",154776.20,64,2418.38,526.55,4954.70
Home Centre,High Value,Golden Hour Bargains,206610.31,78,2648.85,558.86,4936.51
Home Centre,High Value,Green Weekend Deals,188285.07,67,2810.22,541.08,4950.18
Home Centre,High Value,Happy Hour Discounts,175202.12,63,2780.99,557.52,4900.14
Home Centre,High Value,Holiday Shopping Rush,161135.98,57,2826.95,649.35,4976.15
Home Centre,High Value,Hot Picks Promo,195140.37,69,2828.12,600.83,4800.34
Home Centre,High Value,Instant Gratification Sale,204439.60,67,3051.34,534.05,4862.85
Home Centre,High Value,Limited Time Treasures,174765.28,65,2688.70,516.63,4989.62
Home Centre,High Value,Loyalty Rewards Blast,165988.77,61,2721.13,588.43,4718.07
Home Centre,High Value,Mega Weekend Bonanza,189484.77,60,3158.08,666.70,4914.05
Home Centre,High Value,Mid-Year Madness,205880.23,76,2708.95,589.01,4940.57
Home Centre,High Value,Midnight Madness,233546.44,81,2883.29,561.87,4998.34
Home Centre,High Value,Mystery Discount Days,152183.20,55,2766.97,510.92,4925.81
Home Centre,High Value,New Arrival Showcase,147465.31,59,2499.41,519.21,4916.41
Home Centre,High Value,New Product Launch Promo,136668.47,51,2679.77,507.73,4971.61
Home Centre,High Value,New Year Kickoff,221526.09,73,3034.60,507.32,4949.98
Home Centre,High Value,Price Drop Parade,215696.94,72,2995.79,567.28,4988.04
Home Centre,High Value,Red Tag Clearance,213677.50,73,2927.09,517.90,4982.49
Home Centre,High Value,Seasonal Surprise Box,178018.12,66,2697.24,553.70,4905.18
Home Centre,High Value,Shop & Save Spectacular,156298.19,57,2742.07,552.81,4812.29
Home Centre,High Value,Smart Shopper Week,210094.72,72,2917.98,981.87,4778.17
Home Centre,High Value,Spring Refresh Event,189784.60,66,2875.52,629.34,4960.81
Home Centre,High Value,Spring Splash Discounts,168429.44,70,2406.13,512.14,4933.41
Home Centre,High Value,Summer Sizzle Promo,209968.75,75,2799.58,506.50,4894.27
Home Centre,High Value,Super Savings Week,154447.52,51,3028.38,509.93,4999.89
Home Centre,High Value,Ultimate Value Event,218145.32,75,2908.60,542.44,4996.74
Home Centre,High Value,VIP Access Sale,126074.58,51,2472.05,508.98,4884.15
Home Centre,High Value,Weekend Warrior Specials,220058.67,78,2821.26,529.59,4962.75
Home Centre,High Value,Winter Clearance Carnival,150389.19,49,3069.17,677.99,4864.81
Home Centre,High Value,Winter Wonders Sale,139142.88,60,2319.05,529.00,4990.65
Home Centre,In-Store Regular,12 Days of Deals,202993.16,66,3075.65,563.60,4953.67
Home Centre,In-Store Regular,Autumn Deals Drive,171252.32,63,2718.29,584.38,4752.78
Home Centre,In-Store Regular,BOGO Blitz,190039.69,71,2676.62,537.72,4880.39
Home Centre,In-Store Regular,Back to School Boost,189649.11,71,2671.11,561.34,4942.74
Home Centre,In-Store Regular,Birthday Bash Sale,174518.17,65,2684.89,541.61,4895.86
Home Centre,In-Store Regular,Black Friday Blowout,215370.09,75,2871.60,576.62,4998.42
Home Centre,In-Store Regular,Cart Crasher Campaign,167305.75,61,2742.72,513.40,4993.08
Home Centre,In-Store Regular,Cashback Carnival,209911.00,73,2875.49,594.45,4968.31
Home Centre,In-Store Regular,Clearance Countdown,182197.52,66,2760.57,549.99,4985.80
Home Centre,In-Store Regular,Countdown to Savings,170174.76,64,2658.98,561.28,4949.14
Home Centre,In-Store Regular,Customer Appreciation Week,165762.70,63,2631.15,520.24,4933.11
Home Centre,In-Store Regular,Cyber Monday Mania,132833.73,55,2415.16,562.93,4929.22
Home Centre,In-Store Regular,Deal of the Month,229729.85,83,2767.83,503.22,4982.45
Home Centre,In-Store Regular,Double Points Bonanza,171642.38,57,3011.27,535.31,4926.29
Home Centre,In-Store Regular,Early Bird Specials,197883.82,70,2826.91,582.14,4939.69
Home Centre,In-Store Regular,End of Season Sale,152782.75,53,2882.69,575.54,4878.63
Home Centre,In-Store Regular,Exclusive Insider Offers,162419.88,60,2707.00,524.05,4903.32
Home Centre,In-Store Regular,Festive Fever Promo,192784.73,67,2877.38,636.41,4836.79
Home Centre,In-Store Regular,Final Call Frenzy,149793.66,60,2496.56,501.98,4618.54
Home Centre,In-Store Regular,Flash Frenzy Friday,176415.24,66,2672.96,520.14,4872.80
Home Centre,In-Store Regular,"Gift More, Spend Less",144565.76,50,2891.32,625.90,4876.83
Home Centre,In-Store Regular,Golden Hour Bargains,163030.81,61,2672.64,521.20,4977.23
Home Centre,In-Store Regular,Green Weekend Deals,178625.65,58,3079.75,734.78,4986.03
Home Centre,In-Store Regular,Happy Hour Discounts,203481.29,69,2949.00,629.65,4996.28
Home Centre,In-Store Regular,Holiday Shopping Rush,141803.53,59,2403.45,661.26,4890.13
Home Centre,In-Store Regular,Hot Picks Promo,218417.10,83,2631.53,566.95,4995.54
Home Centre,In-Store Regular,Instant Gratification Sale,205674.30,76,2706.24,506.30,4936.53
Home Centre,In-Store Regular,Limited Time Treasures,192064.35,70,2743.78,531.60,4940.90
Home Centre,In-Store Regular,Loyalty Rewards Blast,201575.26,65,3101.16,570.07,4975.39
Home Centre,In-Store Regular,Mega Weekend Bonanza,195433.16,77,2538.09,537.92,4950.70
Home Centre,In-Store Regular,Mid-Year Madness,193266.93,68,2842.16,564.18,4886.39
Home Centre,In-Store Regular,Midnight Madness,160556.46,59,2721.30,540.56,4908.07
Home Centre,In-Store Regular,Mystery Discount Days,155444.49,61,2548.27,654.53,4977.60
Home Centre,In-Store Regular,New Arrival Showcase,180282.13,56,3219.32,981.93,4941.24
Home Centre,In-Store Regular,New Product Launch Promo,185400.17,60,3090.00,555.45,4996.63
Home Centre,In-Store Regular,New Year Kickoff,189090.83,67,2822.25,561.19,4967.78
Home Centre,In-Store Regular,Price Drop Parade,180621.44,65,2778.79,521.21,4992.90
Home Centre,In-Store Regular,Red Tag Clearance,160939.78,59,2727.79,589.51,4911.78
Home Centre,In-Store Regular,Seasonal Surprise Box,199795.34,78,2561.48,507.99,4996.39
Home Centre,In-Store Regular,Shop & Save Spectacular,189603.77,70,2708.63,608.25,4937.67
Home Centre,In-Store Regular,Smart Shopper Week,206015.90,69,2985.74,556.83,4978.52
Home Centre,In-Store Regular,Spring Refresh Event,188872.20,64,2951.13,574.47,4998.45
Home Centre,In-Store Regular,Spring Splash Discounts,183739.65,71,2587.88,522.23,4944.19
Home Centre,In-Store Regular,Summer Sizzle Promo,150306.41,56,2684.04,609.38,4953.21
Home Centre,In-Store Regular,Super Savings Week,156677.10,59,2655.54,544.41,4895.34
Home Centre,In-Store Regular,Ultimate Value Event,193093.53,71,2719.63,531.97,4785.11
Home Centre,In-Store Regular,VIP Access Sale,185355.06,65,2851.62,506.27,4920.61
Home Centre,In-Store Regular,Weekend Warrior Specials,165883.53,57,2910.24,520.87,4797.59
Home Centre,In-Store Regular,Winter Clearance Carnival,211982.19,71,2985.66,554.60,4960.39
Home Centre,In-Store Regular,Winter Wonders Sale,151529.68,62,2444.03,534.73,4724.12
Home Centre,Loyal Customer,12 Days of Deals,190079.37,69,2754.77,583.49,4809.83
Home Centre,Loyal Customer,Autumn Deals Drive,196633.03,74,2657.20,514.26,4941.09
Home Centre,Loyal Customer,BOGO Blitz,178216.41,66,2700.25,530.09,4948.35
Home Centre,Loyal Customer,Back to School Boost,144895.36,52,2786.45,538.40,4932.27
Home Centre,Loyal Customer,Birthday Bash Sale,154738.41,56,2763.19,597.45,4982.13
Home Centre,Loyal Customer,Black Friday Blowout,245561.52,84,2923.35,620.43,4956.42
Home Centre,Loyal Customer,Cart Crasher Campaign,165864.51,58,2859.73,620.36,4969.32
Home Centre,Loyal Customer,Cashback Carnival,195599.22,65,3009.22,684.28,4986.79
Home Centre,Loyal Customer,Clearance Countdown,167322.47,64,2614.41,621.76,4937.82
Home Centre,Loyal Customer,Countdown to Savings,249874.21,94,2658.24,508.05,4937.28
Home Centre,Loyal Customer,Customer Appreciation Week,197125.79,71,2776.42,524.58,4997.65
Home Centre,Loyal Customer,Cyber Monday Mania,177503.65,61,2909.90,672.47,4941.14
Home Centre,Loyal Customer,Deal of the Month,162013.74,62,2613.12,700.41,4971.92
Home Centre,Loyal Customer,Double Points Bonanza,174787.62,67,2608.77,540.94,4997.23
Home Centre,Loyal Customer,Early Bird Specials,215446.55,76,2834.82,650.60,4879.30
Home Centre,Loyal Customer,End of Season Sale,185959.89,64,2905.62,572.97,4982.60
Home Centre,Loyal Customer,Exclusive Insider Offers,146999.85,55,2672.72,510.64,4864.60
Home Centre,Loyal Customer,Festive Fever Promo,224724.67,80,2809.06,657.18,4992.90
Home Centre,Loyal Customer,Final Call Frenzy,213500.94,72,2965.29,534.77,4964.55
Home Centre,Loyal Customer,Flash Frenzy Friday,175728.33,60,2928.81,515.92,4937.55
Home Centre,Loyal Customer,"Gift More, Spend Less",176490.15,59,2991.36,525.52,4751.43
Home Centre,Loyal Customer,Golden Hour Bargains,169822.35,65,2612.65,532.85,4727.76
Home Centre,Loyal Customer,Green Weekend Deals,181570.90,59,3077.47,575.09,4997.02
Home Centre,Loyal Customer,Happy Hour Discounts,161645.43,62,2607.18,652.17,4869.02
Home Centre,Loyal Customer,Holiday Shopping Rush,208388.76,76,2741.96,547.25,4974.65
Home Centre,Loyal Customer,Hot Picks Promo,224597.72,87,2581.58,536.76,4951.31
Home Centre,Loyal Customer,Instant Gratification Sale,250772.33,85,2950.26,531.09,4962.05
Home Centre,Loyal Customer,Limited Time Treasures,184303.36,61,3021.37,520.47,4967.47
Home Centre,Loyal Customer,Loyalty Rewards Blast,212925.64,76,2801.65,556.56,4927.91
Home Centre,Loyal Customer,Mega Weekend Bonanza,180315.14,69,2613.26,517.92,4944.10
Home Centre,Loyal Customer,Mid-Year Madness,171512.42,67,2559.89,510.68,4834.60
Home Centre,Loyal Customer,Midnight Madness,198943.00,67,2969.30,520.49,4994.64
Home Centre,Loyal Customer,Mystery Discount Days,173403.80,61,2842.69,610.15,4970.69
Home Centre,Loyal Customer,New Arrival Showcase,189247.33,70,2703.53,520.36,4986.42
Home Centre,Loyal Customer,New Product Launch Promo,171783.04,60,2863.05,512.82,4993.37
Home Centre,Loyal Customer,New Year Kickoff,198541.00,81,2451.12,543.41,4911.54
Home Centre,Loyal Customer,Price Drop Parade,289811.49,101,2869.42,645.28,4974.57
Home Centre,Loyal Customer,Red Tag Clearance,238656.80,81,2946.38,589.57,4997.86
Home Centre,Loyal Customer,Seasonal Surprise Box,203132.37,74,2745.03,544.81,4919.74
Home Centre,Loyal Customer,Shop & Save Spectacular,144001.89,50,2880.04,524.38,4779.27
Home Centre,Loyal Customer,Smart Shopper Week,175036.06,59,2966.71,534.97,4879.89
Home Centre,Loyal Customer,Spring Refresh Event,128319.24,48,2673.32,545.72,4985.39
Home Centre,Loyal Customer,Spring Splash Discounts,202632.64,72,2814.34,533.48,4946.25
Home Centre,Loyal Customer,Summer Sizzle Promo,214764.84,71,3024.86,593.38,4926.54
Home Centre,Loyal Customer,Super Savings Week,190066.22,74,2568.46,513.38,4976.42
Home Centre,Loyal Customer,Ultimate Value Event,163906.89,58,2825.98,502.11,4871.89
Home Centre,Loyal Customer,VIP Access Sale,159788.52,57,2803.31,537.56,4975.04
Home Centre,Loyal Customer,Weekend Warrior Specials,175267.00,67,2615.93,501.07,4960.32
Home Centre,Loyal Customer,Winter Clearance Carnival,186298.10,72,2587.47,528.56,4827.83
Home Centre,Loyal Customer,Winter Wonders Sale,220399.82,78,2825.64,631.46,4965.99
Home Centre,Occasional Shopper,12 Days of Deals,179178.87,68,2634.98,541.53,4868.79
Home Centre,Occasional Shopper,Autumn Deals Drive,170781.14,64,2668.46,518.79,4973.92
Home Centre,Occasional Shopper,BOGO Blitz,197290.04,74,2666.08,561.45,4895.12
Home Centre,Occasional Shopper,Back to School Boost,206512.63,73,2828.94,521.40,4911.82
Home Centre,Occasional Shopper,Birthday Bash Sale,195677.97,71,2756.03,591.60,4972.42
Home Centre,Occasional Shopper,Black Friday Blowout,160527.02,58,2767.71,519.32,4820.05
Home Centre,Occasional Shopper,Cart Crasher Campaign,196122.73,71,2762.29,532.31,4777.04
Home Centre,Occasional Shopper,Cashback Carnival,165352.64,66,2505.34,500.92,4879.17
Home Centre,Occasional Shopper,Clearance Countdown,188443.45,69,2731.06,612.63,4868.44
Home Centre,Occasional Shopper,Countdown to Savings,193076.35,67,2881.74,581.71,4978.29
Home Centre,Occasional Shopper,Customer Appreciation Week,147809.66,53,2788.86,519.44,4809.72
Home Centre,Occasional Shopper,Cyber Monday Mania,199494.64,73,2732.80,570.06,4945.43
Home Centre,Occasional Shopper,Deal of the Month,187541.42,69,2717.99,556.79,4996.19
Home Centre,Occasional Shopper,Double Points Bonanza,192311.40,68,2828.11,579.95,4999.60
Home Centre,Occasional Shopper,Early Bird Specials,163746.29,62,2641.07,520.59,4899.99
Home Centre,Occasional Shopper,End of Season Sale,201996.70,68,2970.54,525.78,4936.92
Home Centre,Occasional Shopper,Exclusive Insider Offers,169130.24,63,2684.61,549.38,4992.03
Home Centre,Occasional Shopper,Festive Fever Promo,162275.41,61,2660.25,549.52,4926.42
Home Centre,Occasional Shopper,Final Call Frenzy,208562.79,77,2708.61,631.16,4994.28
Home Centre,Occasional Shopper,Flash Frenzy Friday,183986.10,69,2666.47,633.94,4912.70
Home Centre,Occasional Shopper,"Gift More, Spend Less",175776.66,62,2835.11,501.75,4987.64
Home Centre,Occasional Shopper,Golden Hour Bargains,148016.55,53,2792.77,514.50,4879.86
Home Centre,Occasional Shopper,Green Weekend Deals,194031.96,75,2587.09,519.82,4960.04
Home Centre,Occasional Shopper,Happy Hour Discounts,215584.02,76,2836.63,554.72,4995.33
Home Centre,Occasional Shopper,Holiday Shopping Rush,159576.38,56,2849.58,632.67,4948.19
Home Centre,Occasional Shopper,Hot Picks Promo,115061.60,45,2556.92,506.64,4895.40
Home Centre,Occasional Shopper,Instant Gratification Sale,185356.09,66,2808.43,628.11,4966.55
Home Centre,Occasional Shopper,Limited Time Treasures,199080.10,78,2552.31,522.07,4916.75
Home Centre,Occasional Shopper,Loyalty Rewards Blast,178769.20,64,2793.27,693.09,4916.74
Home Centre,Occasional Shopper,Mega Weekend Bonanza,182581.29,66,2766.38,532.87,4981.69
Home Centre,Occasional Shopper,Mid-Year Madness,228503.69,80,2856.30,507.51,4929.30
Home Centre,Occasional Shopper,Midnight Madness,136766.85,56,2442.27,523.76,4931.36
Home Centre,Occasional Shopper,Mystery Discount Days,177532.86,67,2649.74,520.73,4994.16
Home Centre,Occasional Shopper,New Arrival Showcase,187711.50,66,2844.11,634.56,4923.20
Home Centre,Occasional Shopper,New Product Launch Promo,214594.36,73,2939.65,616.60,4968.80
Home Centre,Occasional Shopper,New Year Kickoff,211314.81,78,2709.16,616.93,4943.24
Home Centre,Occasional Shopper,Price Drop Parade,163761.68,61,2684.62,548.65,4923.65
Home Centre,Occasional Shopper,Red Tag Clearance,192366.39,64,3005.72,626.17,4995.30
Home Centre,Occasional Shopper,Seasonal Surprise Box,161463.86,58,2783.86,757.00,4988.55
Home Centre,Occasional Shopper,Shop & Save Spectacular,199180.75,70,2845.44,515.28,4972.10
Home Centre,Occasional Shopper,Smart Shopper Week,210393.96,75,2805.25,503.09,4823.43
Home Centre,Occasional Shopper,Spring Refresh Event,232975.92,76,3065.47,517.25,4982.74
Home Centre,Occasional Shopper,Spring Splash Discounts,171435.61,69,2484.57,602.50,4923.53
Home Centre,Occasional Shopper,Summer Sizzle Promo,192566.25,66,2917.67,619.58,4932.01
Home Centre,Occasional Shopper,Super Savings Week,213307.22,78,2734.71,646.99,4900.28
Home Centre,Occasional Shopper,Ultimate Value Event,186493.32,69,2702.80,589.50,4990.91
Home Centre,Occasional Shopper,VIP Access Sale,228250.09,82,2783.54,527.36,4985.67
Home Centre,Occasional Shopper,Weekend Warrior Specials,206119.93,73,2823.56,664.42,4986.14
Home Centre,Occasional Shopper,Winter Clearance Carnival,197696.16,73,2708.17,672.79,4929.80
Home Centre,Occasional Shopper,Winter Wonders Sale,231386.64,82,2821.79,571.82,4983.01
Home Centre,Online Shopper,12 Days of Deals,187866.10,70,2683.80,511.57,4953.34
Home Centre,Online Shopper,Autumn Deals Drive,173652.42,64,2713.32,638.82,4913.62
Home Centre,Online Shopper,BOGO Blitz,192245.53,65,2957.62,573.22,4965.90
Home Centre,Online Shopper,Back to School Boost,173862.19,63,2759.72,502.98,4969.16
Home Centre,Online Shopper,Birthday Bash Sale,133868.77,52,2574.40,561.37,4572.31
Home Centre,Online Shopper,Black Friday Blowout,193051.63,66,2925.02,578.62,4891.50
Home Centre,Online Shopper,Cart Crasher Campaign,194086.99,64,3032.61,674.48,4998.52
Home Centre,Online Shopper,Cashback Carnival,217532.77,68,3199.01,701.89,4994.06
Home Centre,Online Shopper,Clearance Countdown,221598.27,77,2877.90,604.12,4873.98
Home Centre,Online Shopper,Countdown to Savings,205038.49,73,2808.75,519.55,4804.52
Home Centre,Online Shopper,Customer Appreciation Week,182380.94,67,2722.10,609.10,4991.60
Home Centre,Online Shopper,Cyber Monday Mania,183875.64,66,2785.99,556.22,4951.52
Home Centre,Online Shopper,Deal of the Month,177949.40,67,2655.96,584.92,4924.20
Home Centre,Online Shopper,Double Points Bonanza,174892.64,67,2610.34,599.88,4986.86
Home Centre,Online Shopper,Early Bird Specials,214543.69,81,2648.69,538.92,4996.66
Home Centre,Online Shopper,End of Season Sale,166260.43,63,2639.05,567.34,4976.95
Home Centre,Online Shopper,Exclusive Insider Offers,151868.94,52,2920.56,595.32,4908.81
Home Centre,Online Shopper,Festive Fever Promo,129840.47,50,2596.81,703.94,4963.36
Home Centre,Online Shopper,Final Call Frenzy,196017.91,68,2882.62,533.38,4987.91
Home Centre,Online Shopper,Flash Frenzy Friday,188386.20,65,2898.25,552.41,4877.91
Home Centre,Online Shopper,"Gift More, Spend Less",178778.41,71,2518.01,588.77,4930.44
Home Centre,Online Shopper,Golden Hour Bargains,196956.45,70,2813.66,561.99,4936.41
Home Centre,Online Shopper,Green Weekend Deals,178557.75,66,2705.42,617.25,4864.86
Home Centre,Online Shopper,Happy Hour Discounts,209817.28,75,2797.56,531.80,4981.35
Home Centre,Online Shopper,Holiday Shopping Rush,221260.80,82,2698.30,560.91,4971.34
Home Centre,Online Shopper,Hot Picks Promo,145376.47,56,2596.01,560.86,4986.12
Home Centre,Online Shopper,Instant Gratification Sale,226430.22,75,3019.07,549.00,4960.01
Home Centre,Online Shopper,Limited Time Treasures,155738.31,62,2511.91,686.01,4886.33
Home Centre,Online Shopper,Loyalty Rewards Blast,213066.11,77,2767.09,653.61,4996.69
Home Centre,Online Shopper,Mega Weekend Bonanza,200494.10,75,2673.25,520.43,4992.81
Home Centre,Online Shopper,Mid-Year Madness,214989.45,75,2866.53,573.99,4995.61
Home Centre,Online Shopper,Midnight Madness,177213.23,65,2726.36,586.69,4828.23
Home Centre,Online Shopper,Mystery Discount Days,211649.64,69,3067.39,519.92,4994.22
Home Centre,Online Shopper,New Arrival Showcase,209683.79,75,2795.78,517.95,4969.07
Home Centre,Online Shopper,New Product Launch Promo,189612.72,66,2872.92,508.03,4848.62
Home Centre,Online Shopper,New Year Kickoff,207632.35,75,2768.43,568.99,4978.51
Home Centre,Online Shopper,Price Drop Parade,218793.61,79,2769.54,528.62,4932.54
Home Centre,Online Shopper,Red Tag Clearance,129755.16,51,2544.22,511.73,4759.99
Home Centre,Online Shopper,Seasonal Surprise Box,199992.63,69,2898.44,524.11,4994.35
Home Centre,Online Shopper,Shop & Save Spectacular,177914.71,65,2737.15,524.81,4997.78
Home Centre,Online Shopper,Smart Shopper Week,197692.64,68,2907.24,667.35,4988.34
Home Centre,Online Shopper,Spring Refresh Event,163662.54,65,2517.89,510.42,4959.38
Home Centre,Online Shopper,Spring Splash Discounts,215919.19,78,2768.19,500.35,4983.25
Home Centre,Online Shopper,Summer Sizzle Promo,193071.53,65,2970.33,514.78,4839.16
Home Centre,Online Shopper,Super Savings Week,179451.14,64,2803.92,588.48,4912.14
Home Centre,Online Shopper,Ultimate Value Event,172112.71,64,2689.26,547.63,4952.45
Home Centre,Online Shopper,VIP Access Sale,230168.00,75,3068.91,535.13,4871.97
Home Centre,Online Shopper,Weekend Warrior Specials,179707.87,57,3152.77,592.67,4984.29
Home Centre,Online Shopper,Winter Clearance Carnival,180822.90,64,2825.36,870.42,4858.54
Home Centre,Online Shopper,Winter Wonders Sale,188103.40,66,2850.05,619.07,4953.90
Home Centre,Premium Shopper,12 Days of Deals,171306.34,64,2676.66,563.98,4968.93
Home Centre,Premium Shopper,Autumn Deals Drive,198035.15,73,2712.81,632.22,4986.41
Home Centre,Premium Shopper,BOGO Blitz,185236.69,56,3307.80,526.54,4988.57
Home Centre,Premium Shopper,Back to School Boost,211636.03,76,2784.68,501.66,4866.54
Home Centre,Premium Shopper,Birthday Bash Sale,175856.47,59,2980.62,601.42,4997.22
Home Centre,Premium Shopper,Black Friday Blowout,182540.31,66,2765.76,506.02,4962.78
Home Centre,Premium Shopper,Cart Crasher Campaign,208811.64,75,2784.16,694.31,4997.41
Home Centre,Premium Shopper,Cashback Carnival,225877.66,81,2788.61,523.48,4954.08
Home Centre,Premium Shopper,Clearance Countdown,194987.69,69,2825.91,510.13,4910.65
Home Centre,Premium Shopper,Countdown to Savings,163491.72,59,2771.05,547.11,4957.17
Home Centre,Premium Shopper,Customer Appreciation Week,163272.16,60,2721.20,638.51,4996.95
Home Centre,Premium Shopper,Cyber Monday Mania,156169.85,56,2788.75,666.31,4887.40
Home Centre,Premium Shopper,Deal of the Month,193582.25,65,2978.19,523.08,4980.53
Home Centre,Premium Shopper,Double Points Bonanza,179924.46,61,2949.58,522.80,4979.53
Home Centre,Premium Shopper,Early Bird Specials,199850.28,66,3028.03,552.89,4840.29
Home Centre,Premium Shopper,End of Season Sale,181694.94,67,2711.86,501.93,4894.47
Home Centre,Premium Shopper,Exclusive Insider Offers,192345.98,68,2828.62,582.74,4952.88
Home Centre,Premium Shopper,Festive Fever Promo,173621.03,60,2893.68,541.46,4985.76
Home Centre,Premium Shopper,Final Call Frenzy,226218.85,80,2827.74,515.69,4949.08
Home Centre,Premium Shopper,Flash Frenzy Friday,204595.81,74,2764.81,515.80,4950.05
Home Centre,Premium Shopper,"Gift More, Spend Less",238825.57,83,2877.42,531.96,4983.69
Home Centre,Premium Shopper,Golden Hour Bargains,133784.34,53,2524.23,521.89,4762.25
Home Centre,Premium Shopper,Green Weekend Deals,202004.91,69,2927.61,704.59,4987.24
Home Centre,Premium Shopper,Happy Hour Discounts,164713.82,68,2422.26,508.48,4826.20
Home Centre,Premium Shopper,Holiday Shopping Rush,176806.62,65,2720.10,528.66,4982.07
Home Centre,Premium Shopper,Hot Picks Promo,195714.18,70,2795.92,523.58,4946.84
Home Centre,Premium Shopper,Instant Gratification Sale,173710.76,59,2944.25,716.12,4997.47
Home Centre,Premium Shopper,Limited Time Treasures,214972.51,73,2944.83,634.91,4968.45
Home Centre,Premium Shopper,Loyalty Rewards Blast,208273.62,70,2975.34,756.19,4926.49
Home Centre,Premium Shopper,Mega Weekend Bonanza,165582.97,61,2714.47,512.04,4918.39
Home Centre,Premium Shopper,Mid-Year Madness,214845.67,73,2943.09,542.94,4930.40
Home Centre,Premium Shopper,Midnight Madness,170960.30,62,2757.42,538.01,4991.70
Home Centre,Premium Shopper,Mystery Discount Days,169414.74,64,2647.11,526.49,4969.11
Home Centre,Premium Shopper,New Arrival Showcase,175642.09,63,2787.97,566.06,4918.30
Home Centre,Premium Shopper,New Product Launch Promo,165290.55,63,2623.66,506.40,4991.12
Home Centre,Premium Shopper,New Year Kickoff,166085.26,61,2722.71,515.48,4965.84
Home Centre,Premium Shopper,Price Drop Parade,174443.17,66,2643.08,562.41,4943.15
Home Centre,Premium Shopper,Red Tag Clearance,132176.40,54,2447.71,698.22,4803.97
Home Centre,Premium Shopper,Seasonal Surprise Box,184614.67,66,2797.19,524.32,4969.29
Home Centre,Premium Shopper,Shop & Save Spectacular,185879.94,70,2655.43,666.62,4928.67
Home Centre,Premium Shopper,Smart Shopper Week,157204.84,55,2858.27,550.69,4921.82
Home Centre,Premium Shopper,Spring Refresh Event,222219.71,77,2885.97,593.24,4911.82
Home Centre,Premium Shopper,Spring Splash Discounts,195385.01,72,2713.68,578.63,4970.11
Home Centre,Premium Shopper,Summer Sizzle Promo,182878.65,67,2729.53,549.51,4967.21
Home Centre,Premium Shopper,Super Savings Week,177603.42,69,2573.96,568.58,4945.33
Home Centre,Premium Shopper,Ultimate Value Event,141637.04,61,2321.92,561.55,4755.68
Home Centre,Premium Shopper,VIP Access Sale,190456.38,71,2682.48,500.23,4886.84
Home Centre,Premium Shopper,Weekend Warrior Specials,191162.16,70,2730.89,581.30,4870.38
Home Centre,Premium Shopper,Winter Clearance Carnival,196526.70,69,2848.21,511.03,4924.98
Home Centre,Premium Shopper,Winter Wonders Sale,181082.63,66,2743.68,553.45,4817.02
IKEA,Budget Shopper,12 Days of Deals,192360.55,75,2564.81,531.14,4991.30
IKEA,Budget Shopper,Autumn Deals Drive,161039.74,57,2825.26,551.39,4953.93
IKEA,Budget Shopper,BOGO Blitz,246831.27,92,2682.95,505.02,4896.86
IKEA,Budget Shopper,Back to School Boost,189968.16,70,2713.83,518.12,4984.77
IKEA,Budget Shopper,Birthday Bash Sale,140638.18,58,2424.80,520.70,4870.29
IKEA,Budget Shopper,Black Friday Blowout,168355.61,65,2590.09,527.70,4839.00
IKEA,Budget Shopper,Cart Crasher Campaign,192527.54,70,2750.39,622.93,4972.80
IKEA,Budget Shopper,Cashback Carnival,184465.33,65,2837.93,511.49,4954.76
IKEA,Budget Shopper,Clearance Countdown,134152.66,54,2484.31,539.46,4957.34
IKEA,Budget Shopper,Countdown to Savings,226885.31,84,2701.02,558.89,4997.53
IKEA,Budget Shopper,Customer Appreciation Week,198273.97,73,2716.08,548.33,4901.22
IKEA,Budget Shopper,Cyber Monday Mania,176205.27,59,2986.53,689.82,4968.21
IKEA,Budget Shopper,Deal of the Month,204772.73,75,2730.30,507.09,4954.19
IKEA,Budget Shopper,Double Points Bonanza,182428.93,68,2682.78,585.25,4962.57
IKEA,Budget Shopper,Early Bird Specials,208434.60,74,2816.68,510.66,4995.21
IKEA,Budget Shopper,End of Season Sale,183579.83,71,2585.63,763.11,4918.84
IKEA,Budget Shopper,Exclusive Insider Offers,185551.69,66,2811.39,610.29,4799.15
IKEA,Budget Shopper,Festive Fever Promo,178602.58,73,2446.61,525.44,4967.69
IKEA,Budget Shopper,Final Call Frenzy,185898.20,64,2904.66,811.47,4935.41
IKEA,Budget Shopper,Flash Frenzy Friday,140030.25,54,2593.15,738.67,4984.50
IKEA,Budget Shopper,"Gift More, Spend Less",187851.58,64,2935.18,654.38,4874.17
IKEA,Budget Shopper,Golden Hour Bargains,206051.48,72,2861.83,581.26,4939.31
IKEA,Budget Shopper,Green Weekend Deals,194400.33,73,2663.02,535.25,4826.84
IKEA,Budget Shopper,Happy Hour Discounts,166452.31,62,2684.71,552.12,4965.09
IKEA,Budget Shopper,Holiday Shopping Rush,163599.44,57,2870.17,610.51,4975.37
IKEA,Budget Shopper,Hot Picks Promo,183503.61,70,2621.48,560.40,4965.19
IKEA,Budget Shopper,Instant Gratification Sale,147542.77,52,2837.36,682.52,4951.03
IKEA,Budget Shopper,Limited Time Treasures,203056.98,77,2637.10,504.94,4945.49
IKEA,Budget Shopper,Loyalty Rewards Blast,155733.84,56,2780.96,503.05,4732.07
IKEA,Budget Shopper,Mega Weekend Bonanza,170193.89,66,2578.70,564.96,4982.15
IKEA,Budget Shopper,Mid-Year Madness,227620.86,74,3075.96,577.35,4961.13
IKEA,Budget Shopper,Midnight Madness,211332.88,79,2675.10,519.74,4971.62
IKEA,Budget Shopper,Mystery Discount Days,176302.78,64,2754.73,503.79,4942.10
IKEA,Budget Shopper,New Arrival Showcase,172381.19,61,2825.92,526.70,4989.50
IKEA,Budget Shopper,New Product Launch Promo,177104.67,72,2459.79,591.42,4957.27
IKEA,Budget Shopper,New Year Kickoff,166532.64,65,2562.04,562.41,4985.25
IKEA,Budget Shopper,Price Drop Parade,194672.34,71,2741.86,529.47,4942.51
IKEA,Budget Shopper,Red Tag Clearance,175066.07,63,2778.83,721.63,4883.73
IKEA,Budget Shopper,Seasonal Surprise Box,205534.57,74,2777.49,589.05,4920.31
IKEA,Budget Shopper,Shop & Save Spectacular,189112.60,68,2781.07,516.22,4974.70
IKEA,Budget Shopper,Smart Shopper Week,175974.32,67,2626.48,512.67,4944.96
IKEA,Budget Shopper,Spring Refresh Event,196562.53,67,2933.77,563.02,4957.15
IKEA,Budget Shopper,Spring Splash Discounts,171798.88,65,2643.06,614.61,4883.53
IKEA,Budget Shopper,Summer Sizzle Promo,173953.16,61,2851.69,632.91,4925.44
IKEA,Budget Shopper,Super Savings Week,201367.14,68,2961.28,829.77,4991.69
IKEA,Budget Shopper,Ultimate Value Event,154134.24,59,2612.44,588.68,4916.31
IKEA,Budget Shopper,VIP Access Sale,136049.04,49,2776.51,558.88,4978.19
IKEA,Budget Shopper,Weekend Warrior Specials,186871.20,71,2631.99,503.89,4953.46
IKEA,Budget Shopper,Winter Clearance Carnival,197556.75,71,2782.49,553.59,4990.80
IKEA,Budget Shopper,Winter Wonders Sale,176068.45,61,2886.37,599.35,4900.48
IKEA,Churn Risk,12 Days of Deals,198020.03,72,2750.28,562.38,4828.83
IKEA,Churn Risk,Autumn Deals Drive,228046.24,79,2886.66,538.71,4865.55
IKEA,Churn Risk,BOGO Blitz,201394.19,76,2649.92,535.66,4908.42
IKEA,Churn Risk,Back to School Boost,223773.40,81,2762.63,553.21,4984.57
IKEA,Churn Risk,Birthday Bash Sale,181376.97,67,2707.12,507.97,4951.19
IKEA,Churn Risk,Black Friday Blowout,139761.52,54,2588.18,512.16,4956.82
IKEA,Churn Risk,Cart Crasher Campaign,200756.42,73,2750.09,645.21,4898.33
IKEA,Churn Risk,Cashback Carnival,178251.12,67,2660.46,555.21,4759.15
IKEA,Churn Risk,Clearance Countdown,202284.31,76,2661.64,588.16,4995.19
IKEA,Churn Risk,Countdown to Savings,159141.06,55,2893.47,546.15,4883.07
IKEA,Churn Risk,Customer Appreciation Week,166910.39,69,2418.99,531.93,4860.44
IKEA,Churn Risk,Cyber Monday Mania,165504.13,61,2713.18,563.05,4889.89
IKEA,Churn Risk,Deal of the Month,163378.55,57,2866.29,536.72,4978.58
IKEA,Churn Risk,Double Points Bonanza,181051.47,67,2702.26,567.97,4991.43
IKEA,Churn Risk,Early Bird Specials,179349.97,62,2892.74,539.87,4990.56
IKEA,Churn Risk,End of Season Sale,152205.68,54,2818.62,510.38,4939.57
IKEA,Churn Risk,Exclusive Insider Offers,196498.12,68,2889.68,605.91,4920.69
IKEA,Churn Risk,Festive Fever Promo,172045.08,62,2774.92,553.79,4818.14
IKEA,Churn Risk,Final Call Frenzy,199172.80,75,2655.64,532.33,4979.44
IKEA,Churn Risk,Flash Frenzy Friday,164985.17,57,2894.48,595.96,4942.83
IKEA,Churn Risk,"Gift More, Spend Less",185227.15,68,2723.93,500.71,4908.66
IKEA,Churn Risk,Golden Hour Bargains,197616.48,70,2823.09,649.11,4942.40
IKEA,Churn Risk,Green Weekend Deals,199575.71,71,2810.93,533.30,4914.34
IKEA,Churn Risk,Happy Hour Discounts,238089.48,84,2834.40,549.37,4944.26
IKEA,Churn Risk,Holiday Shopping Rush,150749.31,54,2791.65,510.81,4997.57
IKEA,Churn Risk,Hot Picks Promo,183831.17,61,3013.63,508.91,4988.80
IKEA,Churn Risk,Instant Gratification Sale,200497.38,64,3132.77,589.24,4927.19
IKEA,Churn Risk,Limited Time Treasures,186088.42,67,2777.44,544.97,4984.84
IKEA,Churn Risk,Loyalty Rewards Blast,190975.93,73,2616.11,519.41,4924.50
IKEA,Churn Risk,Mega Weekend Bonanza,189107.65,63,3001.71,675.92,4984.22
IKEA,Churn Risk,Mid-Year Madness,206043.85,68,3030.06,586.97,4934.88
IKEA,Churn Risk,Midnight Madness,185689.28,67,2771.48,612.38,4940.63
IKEA,Churn Risk,Mystery Discount Days,168242.79,63,2670.52,526.76,4918.31
IKEA,Churn Risk,New Arrival Showcase,175095.05,71,2466.13,508.31,4845.80
IKEA,Churn Risk,New Product Launch Promo,193261.88,73,2647.42,517.28,4961.05
IKEA,Churn Risk,New Year Kickoff,172861.72,70,2469.45,599.66,4904.63
IKEA,Churn Risk,Price Drop Parade,196582.24,71,2768.76,534.64,4649.26
IKEA,Churn Risk,Red Tag Clearance,180070.51,62,2904.36,590.99,4958.85
IKEA,Churn Risk,Seasonal Surprise Box,183804.56,72,2552.84,501.95,4939.79
IKEA,Churn Risk,Shop & Save Spectacular,166753.79,64,2605.53,571.98,4879.73
IKEA,Churn Risk,Smart Shopper Week,185888.45,69,2694.04,522.02,4947.03
IKEA,Churn Risk,Spring Refresh Event,185598.46,70,2651.41,524.73,4842.40
IKEA,Churn Risk,Spring Splash Discounts,159535.24,58,2750.61,507.36,4922.88
IKEA,Churn Risk,Summer Sizzle Promo,194636.76,73,2666.26,511.39,4964.46
IKEA,Churn Risk,Super Savings Week,139111.64,55,2529.30,512.77,4967.73
IKEA,Churn Risk,Ultimate Value Event,170714.41,63,2709.75,568.86,4898.35
IKEA,Churn Risk,VIP Access Sale,168030.35,64,2625.47,530.86,4953.93
IKEA,Churn Risk,Weekend Warrior Specials,161849.15,57,2839.46,705.10,4999.21
IKEA,Churn Risk,Winter Clearance Carnival,195449.07,74,2641.20,517.16,4901.75
IKEA,Churn Risk,Winter Wonders Sale,197033.21,72,2736.57,516.98,4928.72
IKEA,Deal Seeker,12 Days of Deals,213848.59,81,2640.11,563.52,4986.30
IKEA,Deal Seeker,Autumn Deals Drive,181274.64,70,2589.64,582.54,4991.47
IKEA,Deal Seeker,BOGO Blitz,143176.78,57,2511.87,561.06,4778.67
IKEA,Deal Seeker,Back to School Boost,229403.84,78,2941.07,645.14,4969.49
IKEA,Deal Seeker,Birthday Bash Sale,231428.26,78,2967.03,720.21,4973.34
IKEA,Deal Seeker,Black Friday Blowout,180666.05,63,2867.72,636.43,4964.83
IKEA,Deal Seeker,Cart Crasher Campaign,170494.59,55,3099.90,537.80,4975.40
IKEA,Deal Seeker,Cashback Carnival,177502.61,65,2730.81,538.83,4999.12
IKEA,Deal Seeker,Clearance Countdown,173793.49,64,2715.52,505.37,4986.41
IKEA,Deal Seeker,Countdown to Savings,199770.40,76,2628.56,539.27,4804.11
IKEA,Deal Seeker,Customer Appreciation Week,156257.61,58,2694.10,618.95,4970.89
IKEA,Deal Seeker,Cyber Monday Mania,185654.74,71,2614.86,680.01,4891.23
IKEA,Deal Seeker,Deal of the Month,129429.44,50,2588.59,514.18,4832.80
IKEA,Deal Seeker,Double Points Bonanza,209314.69,68,3078.16,524.63,4985.21
IKEA,Deal Seeker,Early Bird Specials,201156.28,70,2873.66,651.93,4882.55
IKEA,Deal Seeker,End of Season Sale,169719.25,65,2611.07,510.32,4942.61
IKEA,Deal Seeker,Exclusive Insider Offers,173589.56,60,2893.16,529.56,4995.57
IKEA,Deal Seeker,Festive Fever Promo,137875.04,61,2260.25,520.70,4847.27
IKEA,Deal Seeker,Final Call Frenzy,177616.71,70,2537.38,523.54,4841.85
IKEA,Deal Seeker,Flash Frenzy Friday,198116.41,71,2790.37,752.81,4980.36
IKEA,Deal Seeker,"Gift More, Spend Less",184030.51,69,2667.11,590.50,4947.09
IKEA,Deal Seeker,Golden Hour Bargains,173853.49,63,2759.58,602.29,4939.45
IKEA,Deal Seeker,Green Weekend Deals,190511.85,73,2609.75,518.79,4947.10
IKEA,Deal Seeker,Happy Hour Discounts,210800.76,77,2737.67,605.08,4980.18
IKEA,Deal Seeker,Holiday Shopping Rush,182034.53,65,2800.53,586.29,4994.94
IKEA,Deal Seeker,Hot Picks Promo,236588.51,86,2751.03,515.79,4897.02
IKEA,Deal Seeker,Instant Gratification Sale,150937.58,54,2795.14,503.56,4939.39
IKEA,Deal Seeker,Limited Time Treasures,199038.65,71,2803.36,529.45,4995.00
IKEA,Deal Seeker,Loyalty Rewards Blast,188678.37,70,2695.41,575.86,4819.69
IKEA,Deal Seeker,Mega Weekend Bonanza,149019.82,51,2921.96,543.65,4992.05
IKEA,Deal Seeker,Mid-Year Madness,150097.31,54,2779.58,518.26,4876.88
IKEA,Deal Seeker,Midnight Madness,177917.53,63,2824.09,518.32,4879.47
IKEA,Deal Seeker,Mystery Discount Days,176894.88,65,2721.46,534.07,4831.03
IKEA,Deal Seeker,New Arrival Showcase,147557.04,61,2418.97,554.53,4995.34
IKEA,Deal Seeker,New Product Launch Promo,167368.32,57,2936.29,850.09,4667.37
IKEA,Deal Seeker,New Year Kickoff,214145.57,73,2933.50,589.36,4996.37
IKEA,Deal Seeker,Price Drop Parade,189650.60,65,2917.70,616.68,4951.95
IKEA,Deal Seeker,Red Tag Clearance,209207.93,71,2946.59,546.68,4993.99
IKEA,Deal Seeker,Seasonal Surprise Box,170010.16,61,2787.05,577.15,4824.40
IKEA,Deal Seeker,Shop & Save Spectacular,147549.50,55,2682.72,547.45,4931.94
IKEA,Deal Seeker,Smart Shopper Week,209976.58,78,2692.01,508.91,4833.23
IKEA,Deal Seeker,Spring Refresh Event,197925.77,72,2748.97,526.66,4934.37
IKEA,Deal Seeker,Spring Splash Discounts,151078.99,60,2517.98,545.12,4649.98
IKEA,Deal Seeker,Summer Sizzle Promo,168462.46,70,2406.61,564.47,4960.87
IKEA,Deal Seeker,Super Savings Week,152991.47,59,2593.08,630.00,4838.50
IKEA,Deal Seeker,Ultimate Value Event,173317.26,67,2586.82,597.37,4964.69
IKEA,Deal Seeker,VIP Access Sale,159821.37,59,2708.84,554.41,4974.84
IKEA,Deal Seeker,Weekend Warrior Specials,173318.63,64,2708.10,546.53,4899.37
IKEA,Deal Seeker,Winter Clearance Carnival,190737.11,67,2846.82,706.86,4972.17
IKEA,Deal Seeker,Winter Wonders Sale,157481.71,62,2540.03,502.50,4955.83
IKEA,First-time Buyer,12 Days of Deals,177163.52,61,2904.32,713.97,4949.36
IKEA,First-time Buyer,Autumn Deals Drive,200404.61,70,2862.92,523.54,4992.85
IKEA,First-time Buyer,BOGO Blitz,182200.37,68,2679.42,543.12,4987.72
IKEA,First-time Buyer,Back to School Boost,196103.23,66,2971.26,521.49,4874.33
IKEA,First-time Buyer,Birthday Bash Sale,176553.16,56,3152.74,614.47,4960.71
IKEA,First-time Buyer,Black Friday Blowout,170342.51,55,3097.14,552.37,4856.90
IKEA,First-time Buyer,Cart Crasher Campaign,168534.02,63,2675.14,538.79,4985.39
IKEA,First-time Buyer,Cashback Carnival,191656.41,63,3042.17,756.39,4962.13
IKEA,First-time Buyer,Clearance Countdown,252351.33,89,2835.41,538.42,4889.87
IKEA,First-time Buyer,Countdown to Savings,197875.65,65,3044.24,572.01,4982.59
IKEA,First-time Buyer,Customer Appreciation Week,208914.81,84,2487.08,508.99,4861.58
IKEA,First-time Buyer,Cyber Monday Mania,199730.49,69,2894.64,652.65,4982.23
IKEA,First-time Buyer,Deal of the Month,145289.09,56,2594.45,639.48,4843.01
IKEA,First-time Buyer,Double Points Bonanza,223026.74,76,2934.56,701.44,4996.14
IKEA,First-time Buyer,Early Bird Specials,199466.75,69,2890.82,741.12,4812.01
IKEA,First-time Buyer,End of Season Sale,177603.95,61,2911.54,598.20,4942.84
IKEA,First-time Buyer,Exclusive Insider Offers,182295.08,69,2641.96,592.21,4998.36
IKEA,First-time Buyer,Festive Fever Promo,163323.87,59,2768.20,714.86,4954.42
IKEA,First-time Buyer,Final Call Frenzy,185259.91,71,2609.29,509.98,4980.05
IKEA,First-time Buyer,Flash Frenzy Friday,162262.51,55,2950.23,545.39,4956.77
IKEA,First-time Buyer,"Gift More, Spend Less",172080.77,67,2568.37,612.88,4998.02
IKEA,First-time Buyer,Golden Hour Bargains,237344.11,85,2792.28,512.00,4995.04
IKEA,First-time Buyer,Green Weekend Deals,227916.48,82,2779.47,507.46,4957.81
IKEA,First-time Buyer,Happy Hour Discounts,164021.65,64,2562.84,553.88,4985.13
IKEA,First-time Buyer,Holiday Shopping Rush,230253.95,90,2558.38,511.35,4896.61
IKEA,First-time Buyer,Hot Picks Promo,136078.58,52,2616.90,507.08,4997.56
IKEA,First-time Buyer,Instant Gratification Sale,219074.37,76,2882.56,535.41,4978.72
IKEA,First-time Buyer,Limited Time Treasures,179218.46,66,2715.43,503.76,4877.92
IKEA,First-time Buyer,Loyalty Rewards Blast,197006.13,70,2814.37,553.59,4846.96
IKEA,First-time Buyer,Mega Weekend Bonanza,213878.30,76,2814.19,661.89,4909.07
IKEA,First-time Buyer,Mid-Year Madness,177308.84,59,3005.23,623.75,4957.38
IKEA,First-time Buyer,Midnight Madness,195335.88,73,2675.83,548.62,4958.21
IKEA,First-time Buyer,Mystery Discount Days,284664.02,91,3128.18,625.92,4988.12
IKEA,First-time Buyer,New Arrival Showcase,203547.32,79,2576.55,537.69,4891.67
IKEA,First-time Buyer,New Product Launch Promo,199479.40,73,2732.59,523.40,4988.06
IKEA,First-time Buyer,New Year Kickoff,173540.77,57,3044.57,853.87,4962.91
IKEA,First-time Buyer,Price Drop Parade,213358.78,81,2634.06,507.32,4992.16
IKEA,First-time Buyer,Red Tag Clearance,211795.33,73,2901.31,573.65,4979.47
IKEA,First-time Buyer,Seasonal Surprise Box,176092.42,68,2589.59,513.33,4908.57
IKEA,First-time Buyer,Shop & Save Spectacular,220459.62,78,2826.41,635.04,4799.36
IKEA,First-time Buyer,Smart Shopper Week,185709.27,70,2652.99,633.37,4998.03
IKEA,First-time Buyer,Spring Refresh Event,213724.77,79,2705.38,510.54,4936.36
IKEA,First-time Buyer,Spring Splash Discounts,195018.95,75,2600.25,549.86,4981.71
IKEA,First-time Buyer,Summer Sizzle Promo,157743.32,59,2673.62,518.03,4890.42
IKEA,First-time Buyer,Super Savings Week,183976.07,63,2920.26,567.33,4981.97
IKEA,First-time Buyer,Ultimate Value Event,186222.25,66,2821.55,584.22,4960.66
IKEA,First-time Buyer,VIP Access Sale,155472.21,63,2467.81,553.00,4434.06
IKEA,First-time Buyer,Weekend Warrior Specials,154264.11,63,2448.64,508.80,4827.67
IKEA,First-time Buyer,Winter Clearance Carnival,227586.42,83,2742.01,528.26,4819.84
IKEA,First-time Buyer,Winter Wonders Sale,195188.08,72,2710.95,528.11,4964.69
IKEA,High Value,12 Days of Deals,185940.85,69,2694.79,502.40,4968.90
IKEA,High Value,Autumn Deals Drive,150932.58,60,2515.54,517.96,4589.86
IKEA,High Value,BOGO Blitz,165803.36,59,2810.23,596.53,4842.53
IKEA,High Value,Back to School Boost,177242.27,67,2645.41,505.83,4814.27
IKEA,High Value,Birthday Bash Sale,162156.44,63,2573.91,501.52,4975.48
IKEA,High Value,Black Friday Blowout,224039.51,77,2909.60,516.21,4991.90
IKEA,High Value,Cart Crasher Campaign,230200.62,89,2586.52,510.87,4898.84
IKEA,High Value,Cashback Carnival,182195.35,72,2530.49,503.76,4779.81
IKEA,High Value,Clearance Countdown,169893.16,65,2613.74,511.76,4919.19
IKEA,High Value,Countdown to Savings,173405.34,62,2796.86,561.63,4929.70
IKEA,High Value,Customer Appreciation Week,155205.48,61,2544.35,614.77,4900.69
IKEA,High Value,Cyber Monday Mania,174201.51,66,2639.42,512.23,4950.30
IKEA,High Value,Deal of the Month,232500.54,83,2801.21,510.39,4949.49
IKEA,High Value,Double Points Bonanza,182267.96,71,2567.15,594.05,4961.85
IKEA,High Value,Early Bird Specials,148038.81,60,2467.31,793.33,4913.84
IKEA,High Value,End of Season Sale,179408.79,65,2760.14,566.90,4925.85
IKEA,High Value,Exclusive Insider Offers,188304.07,69,2729.04,544.52,4929.98
IKEA,High Value,Festive Fever Promo,127209.41,51,2494.30,524.62,4992.67
IKEA,High Value,Final Call Frenzy,188422.56,71,2653.84,523.64,4851.83
IKEA,High Value,Flash Frenzy Friday,155950.42,57,2735.97,584.52,4990.19
IKEA,High Value,"Gift More, Spend Less",151180.83,54,2799.64,576.67,4976.95
IKEA,High Value,Golden Hour Bargains,174449.92,65,2683.84,551.13,4988.47
IKEA,High Value,Green Weekend Deals,160050.93,61,2623.79,626.49,4882.06
IKEA,High Value,Happy Hour Discounts,201610.54,74,2724.47,510.71,4986.70
IKEA,High Value,Holiday Shopping Rush,209315.56,76,2754.15,579.64,4992.02
IKEA,High Value,Hot Picks Promo,186154.14,60,3102.57,557.53,4839.25
IKEA,High Value,Instant Gratification Sale,175414.45,62,2829.27,525.51,4897.22
IKEA,High Value,Limited Time Treasures,141533.17,61,2320.22,519.78,4960.15
IKEA,High Value,Loyalty Rewards Blast,167173.61,64,2612.09,550.86,4958.89
IKEA,High Value,Mega Weekend Bonanza,181788.39,64,2840.44,513.38,4965.56
IKEA,High Value,Mid-Year Madness,188039.24,64,2938.11,579.79,4822.06
IKEA,High Value,Midnight Madness,216627.23,78,2777.27,621.49,4993.52
IKEA,High Value,Mystery Discount Days,167718.72,64,2620.61,502.33,4971.06
IKEA,High Value,New Arrival Showcase,176893.55,68,2601.38,544.82,4995.42
IKEA,High Value,New Product Launch Promo,155884.99,57,2734.82,530.47,4981.56
IKEA,High Value,New Year Kickoff,164897.81,62,2659.64,686.49,4938.31
IKEA,High Value,Price Drop Parade,124842.04,47,2656.21,563.58,4688.45
IKEA,High Value,Red Tag Clearance,202623.21,70,2894.62,563.23,4935.89
IKEA,High Value,Seasonal Surprise Box,205728.66,74,2780.12,626.58,4972.74
IKEA,High Value,Shop & Save Spectacular,208505.56,73,2856.24,734.57,4982.65
IKEA,High Value,Smart Shopper Week,170191.76,60,2836.53,531.77,4992.59
IKEA,High Value,Spring Refresh Event,226380.94,74,3059.20,589.77,4995.87
IKEA,High Value,Spring Splash Discounts,181000.15,67,2701.49,522.37,4980.73
IKEA,High Value,Summer Sizzle Promo,170029.14,61,2787.36,572.87,4896.55
IKEA,High Value,Super Savings Week,210899.16,76,2774.99,593.83,4980.21
IKEA,High Value,Ultimate Value Event,219220.55,73,3003.02,558.17,4954.15
IKEA,High Value,VIP Access Sale,168352.23,60,2805.87,640.59,4890.70
IKEA,High Value,Weekend Warrior Specials,216991.67,79,2746.73,501.39,4992.30
IKEA,High Value,Winter Clearance Carnival,227853.74,86,2649.46,554.03,4942.65
IKEA,High Value,Winter Wonders Sale,190793.73,67,2847.67,590.17,4873.67
IKEA,In-Store Regular,12 Days of Deals,153618.57,55,2793.06,522.57,4879.34
IKEA,In-Store Regular,Autumn Deals Drive,219643.51,81,2711.65,549.90,4949.09
IKEA,In-Store Regular,BOGO Blitz,185406.49,62,2990.43,542.34,4970.76
IKEA,In-Store Regular,Back to School Boost,152002.45,62,2451.65,553.65,4970.24
IKEA,In-Store Regular,Birthday Bash Sale,179213.70,66,2715.36,537.64,4862.27
IKEA,In-Store Regular,Black Friday Blowout,206784.14,70,2954.06,577.08,4880.35
IKEA,In-Store Regular,Cart Crasher Campaign,193710.97,65,2980.17,555.42,4962.28
IKEA,In-Store Regular,Cashback Carnival,162925.18,64,2545.71,505.82,4929.41
IKEA,In-Store Regular,Clearance Countdown,250784.30,82,3058.35,675.70,4922.35
IKEA,In-Store Regular,Countdown to Savings,136689.01,49,2789.57,667.35,4884.46
IKEA,In-Store Regular,Customer Appreciation Week,197568.55,78,2532.93,558.45,4619.00
IKEA,In-Store Regular,Cyber Monday Mania,193952.54,63,3078.61,711.06,4986.05
IKEA,In-Store Regular,Deal of the Month,177347.01,66,2687.08,583.06,4959.13
IKEA,In-Store Regular,Double Points Bonanza,145778.91,53,2750.55,614.51,4973.70
IKEA,In-Store Regular,Early Bird Specials,182591.72,72,2536.00,513.51,4634.42
IKEA,In-Store Regular,End of Season Sale,195437.84,66,2961.18,547.34,4948.93
IKEA,In-Store Regular,Exclusive Insider Offers,174900.60,59,2964.42,515.52,4953.68
IKEA,In-Store Regular,Festive Fever Promo,185742.91,64,2902.23,563.44,4935.53
IKEA,In-Store Regular,Final Call Frenzy,182267.40,69,2641.56,636.16,4998.78
IKEA,In-Store Regular,Flash Frenzy Friday,169181.69,58,2916.93,505.68,4995.61
IKEA,In-Store Regular,"Gift More, Spend Less",160547.86,61,2631.93,774.97,4963.28
IKEA,In-Store Regular,Golden Hour Bargains,192219.25,63,3051.10,608.68,4940.98
IKEA,In-Store Regular,Green Weekend Deals,165865.26,59,2811.28,708.89,4981.62
IKEA,In-Store Regular,Happy Hour Discounts,184310.64,67,2750.91,500.31,4940.73
IKEA,In-Store Regular,Holiday Shopping Rush,206455.06,76,2716.51,559.36,4978.77
IKEA,In-Store Regular,Hot Picks Promo,188035.38,62,3032.83,638.44,4974.26
IKEA,In-Store Regular,Instant Gratification Sale,176833.03,64,2763.02,524.39,4829.32
IKEA,In-Store Regular,Limited Time Treasures,197075.71,77,2559.42,510.86,4967.65
IKEA,In-Store Regular,Loyalty Rewards Blast,210015.68,74,2838.05,520.32,4961.76
IKEA,In-Store Regular,Mega Weekend Bonanza,233515.86,87,2684.09,560.67,4970.29
IKEA,In-Store Regular,Mid-Year Madness,188448.66,66,2855.28,557.07,4973.50
IKEA,In-Store Regular,Midnight Madness,185659.14,63,2946.97,558.47,4981.58
IKEA,In-Store Regular,Mystery Discount Days,181367.78,61,2973.24,536.03,4958.76
IKEA,In-Store Regular,New Arrival Showcase,154532.41,57,2711.09,576.27,4914.79
IKEA,In-Store Regular,New Product Launch Promo,172277.87,64,2691.84,510.34,4908.67
IKEA,In-Store Regular,New Year Kickoff,195898.13,72,2720.81,588.37,4950.57
IKEA,In-Store Regular,Price Drop Parade,189411.80,71,2667.77,500.06,4977.59
IKEA,In-Store Regular,Red Tag Clearance,170030.30,59,2881.87,539.33,4906.88
IKEA,In-Store Regular,Seasonal Surprise Box,204908.61,80,2561.36,513.76,4940.28
IKEA,In-Store Regular,Shop & Save Spectacular,187600.44,60,3126.67,742.18,4923.19
IKEA,In-Store Regular,Smart Shopper Week,169217.55,63,2685.99,508.73,4873.82
IKEA,In-Store Regular,Spring Refresh Event,171209.70,59,2901.86,588.53,4916.54
IKEA,In-Store Regular,Spring Splash Discounts,151714.72,51,2974.80,597.10,4946.39
IKEA,In-Store Regular,Summer Sizzle Promo,151098.33,57,2650.85,750.90,4803.14
IKEA,In-Store Regular,Super Savings Week,152802.53,59,2589.87,530.31,4976.40
IKEA,In-Store Regular,Ultimate Value Event,187742.14,62,3028.10,796.50,4964.90
IKEA,In-Store Regular,VIP Access Sale,143163.63,54,2651.18,545.40,4979.83
IKEA,In-Store Regular,Weekend Warrior Specials,172688.71,61,2830.96,629.96,4996.77
IKEA,In-Store Regular,Winter Clearance Carnival,190459.53,68,2800.88,851.72,4956.48
IKEA,In-Store Regular,Winter Wonders Sale,188188.29,69,2727.37,516.58,4932.49
IKEA,Loyal Customer,12 Days of Deals,192027.53,77,2493.86,520.16,4959.63
IKEA,Loyal Customer,Autumn Deals Drive,186038.00,73,2548.47,521.97,4827.21
IKEA,Loyal Customer,BOGO Blitz,178512.95,64,2789.26,539.68,4969.79
IKEA,Loyal Customer,Back to School Boost,189465.94,73,2595.42,583.89,4838.26
IKEA,Loyal Customer,Birthday Bash Sale,200706.26,75,2676.08,634.26,4998.56
IKEA,Loyal Customer,Black Friday Blowout,217580.73,73,2980.56,508.77,4999.69
IKEA,Loyal Customer,Cart Crasher Campaign,139440.85,52,2681.55,600.05,4772.81
IKEA,Loyal Customer,Cashback Carnival,179327.75,65,2758.89,544.67,4938.55
IKEA,Loyal Customer,Clearance Countdown,170755.10,64,2668.05,547.37,4890.38
IKEA,Loyal Customer,Countdown to Savings,190830.89,68,2806.34,553.05,4978.81
IKEA,Loyal Customer,Customer Appreciation Week,204145.04,72,2835.35,577.75,4905.76
IKEA,Loyal Customer,Cyber Monday Mania,225277.22,74,3044.29,656.16,4985.64
IKEA,Loyal Customer,Deal of the Month,188416.23,66,2854.79,575.60,4781.53
IKEA,Loyal Customer,Double Points Bonanza,209912.20,74,2836.65,535.70,4968.70
IKEA,Loyal Customer,Early Bird Specials,172630.07,64,2697.34,510.94,4962.47
IKEA,Loyal Customer,End of Season Sale,155303.85,65,2389.29,558.34,4944.06
IKEA,Loyal Customer,Exclusive Insider Offers,171944.61,66,2605.22,550.05,4839.64
IKEA,Loyal Customer,Festive Fever Promo,192989.22,71,2718.16,525.79,4925.45
IKEA,Loyal Customer,Final Call Frenzy,200533.59,72,2785.19,550.50,4951.40
IKEA,Loyal Customer,Flash Frenzy Friday,175296.67,65,2696.87,536.59,4945.88
IKEA,Loyal Customer,"Gift More, Spend Less",170132.34,64,2658.32,616.13,4990.04
IKEA,Loyal Customer,Golden Hour Bargains,178338.69,62,2876.43,541.28,4989.88
IKEA,Loyal Customer,Green Weekend Deals,204335.12,73,2799.11,503.96,4936.91
IKEA,Loyal Customer,Happy Hour Discounts,152330.38,59,2581.87,597.37,4876.29
IKEA,Loyal Customer,Holiday Shopping Rush,168334.32,59,2853.12,607.20,4854.46
IKEA,Loyal Customer,Hot Picks Promo,180893.89,62,2917.64,514.12,4947.40
IKEA,Loyal Customer,Instant Gratification Sale,195802.17,65,3012.34,599.49,4965.71
IKEA,Loyal Customer,Limited Time Treasures,194597.04,67,2904.43,529.45,4855.42
IKEA,Loyal Customer,Loyalty Rewards Blast,198575.23,75,2647.67,581.25,4923.20
IKEA,Loyal Customer,Mega Weekend Bonanza,187227.98,66,2836.79,505.20,4901.95
IKEA,Loyal Customer,Mid-Year Madness,195519.11,74,2642.15,519.24,4910.83
IKEA,Loyal Customer,Midnight Madness,184537.90,69,2674.46,501.83,4956.31
IKEA,Loyal Customer,Mystery Discount Days,168271.90,62,2714.06,509.66,4953.92
IKEA,Loyal Customer,New Arrival Showcase,195326.42,75,2604.35,514.94,4968.19
IKEA,Loyal Customer,New Product Launch Promo,236722.25,87,2720.95,584.98,4996.31
IKEA,Loyal Customer,New Year Kickoff,206771.53,69,2996.69,598.29,4922.84
IKEA,Loyal Customer,Price Drop Parade,188448.64,70,2692.12,509.45,4919.41
IKEA,Loyal Customer,Red Tag Clearance,190583.29,67,2844.53,715.11,4985.95
IKEA,Loyal Customer,Seasonal Surprise Box,152801.21,56,2728.59,521.28,4883.60
IKEA,Loyal Customer,Shop & Save Spectacular,210199.41,74,2840.53,649.92,4952.02
IKEA,Loyal Customer,Smart Shopper Week,199030.26,74,2689.60,641.71,4741.54
IKEA,Loyal Customer,Spring Refresh Event,205073.73,71,2888.36,561.90,4918.11
IKEA,Loyal Customer,Spring Splash Discounts,223189.35,79,2825.18,507.14,4784.08
IKEA,Loyal Customer,Summer Sizzle Promo,203410.37,73,2786.44,533.72,4998.66
IKEA,Loyal Customer,Super Savings Week,229860.26,80,2873.25,761.30,4959.12
IKEA,Loyal Customer,Ultimate Value Event,171829.78,67,2564.62,502.21,4923.25
IKEA,Loyal Customer,VIP Access Sale,192806.03,70,2754.37,544.19,4987.26
IKEA,Loyal Customer,Weekend Warrior Specials,188071.38,71,2648.89,530.97,4996.74
IKEA,Loyal Customer,Winter Clearance Carnival,135399.49,52,2603.84,515.16,4980.63
IKEA,Loyal Customer,Winter Wonders Sale,188242.95,76,2476.88,544.92,4962.23
IKEA,Occasional Shopper,12 Days of Deals,152388.88,61,2498.18,522.20,4957.38
IKEA,Occasional Shopper,Autumn Deals Drive,149445.60,52,2873.95,516.06,4755.49
IKEA,Occasional Shopper,BOGO Blitz,145991.21,52,2807.52,770.73,4899.60
IKEA,Occasional Shopper,Back to School Boost,155100.43,63,2461.91,578.96,4552.77
IKEA,Occasional Shopper,Birthday Bash Sale,196268.23,73,2688.61,553.86,4961.88
IKEA,Occasional Shopper,Black Friday Blowout,184281.98,70,2632.60,509.40,4996.79
IKEA,Occasional Shopper,Cart Crasher Campaign,176687.95,66,2677.09,501.43,4956.43
IKEA,Occasional Shopper,Cashback Carnival,211234.22,77,2743.30,699.82,4871.94
IKEA,Occasional Shopper,Clearance Countdown,183475.43,69,2659.06,547.73,4984.16
IKEA,Occasional Shopper,Countdown to Savings,151679.15,60,2527.99,579.01,4841.51
IKEA,Occasional Shopper,Customer Appreciation Week,152483.94,57,2675.16,646.68,4878.10
IKEA,Occasional Shopper,Cyber Monday Mania,197234.54,67,2943.80,658.77,4938.27
IKEA,Occasional Shopper,Deal of the Month,191789.34,74,2591.75,506.65,4965.26
IKEA,Occasional Shopper,Double Points Bonanza,187753.45,65,2888.51,539.42,4969.12
IKEA,Occasional Shopper,Early Bird Specials,150742.56,59,2554.96,544.34,4853.95
IKEA,Occasional Shopper,End of Season Sale,149979.64,55,2726.90,650.91,4967.34
IKEA,Occasional Shopper,Exclusive Insider Offers,206161.57,71,2903.68,528.96,4971.39
IKEA,Occasional Shopper,Festive Fever Promo,217454.56,79,2752.59,640.76,4996.22
IKEA,Occasional Shopper,Final Call Frenzy,192237.86,65,2957.51,762.56,4878.23
IKEA,Occasional Shopper,Flash Frenzy Friday,201429.19,71,2837.03,513.38,4878.76
IKEA,Occasional Shopper,"Gift More, Spend Less",179547.72,62,2895.93,734.28,4912.70
IKEA,Occasional Shopper,Golden Hour Bargains,211826.51,76,2787.19,635.45,4969.77
IKEA,Occasional Shopper,Green Weekend Deals,183914.89,66,2786.59,514.59,4993.14
IKEA,Occasional Shopper,Happy Hour Discounts,161235.98,60,2687.27,501.84,4923.10
IKEA,Occasional Shopper,Holiday Shopping Rush,234738.82,79,2971.38,504.36,4996.87
IKEA,Occasional Shopper,Hot Picks Promo,149018.06,57,2614.35,529.64,4876.13
IKEA,Occasional Shopper,Instant Gratification Sale,185077.88,72,2570.53,571.29,4933.90
IKEA,Occasional Shopper,Limited Time Treasures,199849.02,70,2854.99,538.55,4982.22
IKEA,Occasional Shopper,Loyalty Rewards Blast,165063.46,60,2751.06,510.64,4963.99
IKEA,Occasional Shopper,Mega Weekend Bonanza,148369.53,58,2558.10,506.14,4947.52
IKEA,Occasional Shopper,Mid-Year Madness,146236.02,57,2565.54,513.37,4711.04
IKEA,Occasional Shopper,Midnight Madness,179187.59,62,2890.12,540.54,4987.14
IKEA,Occasional Shopper,Mystery Discount Days,200157.85,73,2741.89,544.58,4935.05
IKEA,Occasional Shopper,New Arrival Showcase,187170.48,73,2563.98,530.75,4980.12
IKEA,Occasional Shopper,New Product Launch Promo,164805.82,59,2793.32,570.54,4985.05
IKEA,Occasional Shopper,New Year Kickoff,202259.11,70,2889.42,568.73,4986.03
IKEA,Occasional Shopper,Price Drop Parade,197293.53,68,2901.38,512.25,4932.40
IKEA,Occasional Shopper,Red Tag Clearance,188510.23,70,2693.00,576.20,4993.62
IKEA,Occasional Shopper,Seasonal Surprise Box,151914.45,61,2490.40,502.27,4932.99
IKEA,Occasional Shopper,Shop & Save Spectacular,250073.28,86,2907.83,570.46,4986.53
IKEA,Occasional Shopper,Smart Shopper Week,198735.70,71,2799.09,862.55,4964.50
IKEA,Occasional Shopper,Spring Refresh Event,216124.03,80,2701.55,526.76,4980.47
IKEA,Occasional Shopper,Spring Splash Discounts,167594.45,62,2703.14,502.30,4927.32
IKEA,Occasional Shopper,Summer Sizzle Promo,150550.00,57,2641.23,642.58,4961.93
IKEA,Occasional Shopper,Super Savings Week,217542.45,78,2789.01,633.69,4975.63
IKEA,Occasional Shopper,Ultimate Value Event,172677.97,68,2539.38,530.37,4983.29
IKEA,Occasional Shopper,VIP Access Sale,187145.25,68,2752.14,506.30,4943.17
IKEA,Occasional Shopper,Weekend Warrior Specials,209399.09,71,2949.28,532.75,4979.98
IKEA,Occasional Shopper,Winter Clearance Carnival,233670.70,82,2849.64,616.82,4971.15
IKEA,Occasional Shopper,Winter Wonders Sale,169447.77,61,2777.83,507.39,4840.98
IKEA,Online Shopper,12 Days of Deals,163954.88,61,2687.78,523.69,4846.50
IKEA,Online Shopper,Autumn Deals Drive,207295.88,77,2692.15,507.41,4972.91
IKEA,Online Shopper,BOGO Blitz,198502.13,74,2682.46,516.92,4984.74
IKEA,Online Shopper,Back to School Boost,208548.14,76,2744.05,522.41,4979.12
IKEA,Online Shopper,Birthday Bash Sale,166774.61,63,2647.22,515.93,4994.05
IKEA,Online Shopper,Black Friday Blowout,225444.00,74,3046.54,758.90,4988.24
IKEA,Online Shopper,Cart Crasher Campaign,207352.50,75,2764.70,520.50,4938.63
IKEA,Online Shopper,Cashback Carnival,210360.94,75,2804.81,603.26,4919.34
IKEA,Online Shopper,Clearance Countdown,187723.66,59,3181.76,758.24,4996.82
IKEA,Online Shopper,Countdown to Savings,206089.51,74,2784.99,548.97,4991.93
IKEA,Online Shopper,Customer Appreciation Week,215584.21,79,2728.91,574.60,4972.06
IKEA,Online Shopper,Cyber Monday Mania,191738.79,67,2861.77,504.38,4887.57
IKEA,Online Shopper,Deal of the Month,194765.22,81,2404.51,592.81,4953.88
IKEA,Online Shopper,Double Points Bonanza,164366.06,59,2785.87,553.58,4970.84
IKEA,Online Shopper,Early Bird Specials,157019.57,62,2532.57,542.46,4946.78
IKEA,Online Shopper,End of Season Sale,151617.22,58,2614.09,674.21,4828.32
IKEA,Online Shopper,Exclusive Insider Offers,161682.06,63,2566.38,501.83,4817.74
IKEA,Online Shopper,Festive Fever Promo,171730.50,59,2910.69,535.14,4997.00
IKEA,Online Shopper,Final Call Frenzy,206188.04,75,2749.17,531.99,4944.86
IKEA,Online Shopper,Flash Frenzy Friday,217577.94,77,2825.69,505.21,4966.97
IKEA,Online Shopper,"Gift More, Spend Less",168385.63,66,2551.30,547.44,4965.52
IKEA,Online Shopper,Golden Hour Bargains,167669.69,61,2748.68,544.28,4985.95
IKEA,Online Shopper,Green Weekend Deals,238986.67,79,3025.15,516.99,4990.96
IKEA,Online Shopper,Happy Hour Discounts,132292.02,49,2699.84,637.70,4983.94
IKEA,Online Shopper,Holiday Shopping Rush,189861.98,68,2792.09,503.97,4906.52
IKEA,Online Shopper,Hot Picks Promo,158393.95,59,2684.64,609.43,4938.59
IKEA,Online Shopper,Instant Gratification Sale,185990.41,70,2657.01,635.43,4667.69
IKEA,Online Shopper,Limited Time Treasures,196987.71,73,2698.46,502.15,4992.20
IKEA,Online Shopper,Loyalty Rewards Blast,206690.74,75,2755.88,535.86,4952.46
IKEA,Online Shopper,Mega Weekend Bonanza,174624.51,63,2771.82,560.76,4962.64
IKEA,Online Shopper,Mid-Year Madness,137279.59,49,2801.62,653.99,4958.82
IKEA,Online Shopper,Midnight Madness,167442.52,65,2576.04,532.82,4921.04
IKEA,Online Shopper,Mystery Discount Days,185966.58,66,2817.68,584.16,4957.90
IKEA,Online Shopper,New Arrival Showcase,174252.64,64,2722.70,605.27,4931.45
IKEA,Online Shopper,New Product Launch Promo,221995.78,79,2810.07,501.50,4996.35
IKEA,Online Shopper,New Year Kickoff,162881.88,60,2714.70,671.02,4982.96
IKEA,Online Shopper,Price Drop Parade,175156.78,67,2614.28,518.80,4977.02
IKEA,Online Shopper,Red Tag Clearance,202097.68,76,2659.18,518.85,4993.35
IKEA,Online Shopper,Seasonal Surprise Box,180908.07,76,2380.37,513.51,4974.45
IKEA,Online Shopper,Shop & Save Spectacular,220868.43,75,2944.91,574.68,4900.51
IKEA,Online Shopper,Smart Shopper Week,172008.82,66,2606.19,753.11,4957.56
IKEA,Online Shopper,Spring Refresh Event,204112.19,72,2834.89,562.51,4890.36
IKEA,Online Shopper,Spring Splash Discounts,210347.53,74,2842.53,626.57,4985.59
IKEA,Online Shopper,Summer Sizzle Promo,179396.78,65,2759.95,516.94,4995.89
IKEA,Online Shopper,Super Savings Week,150432.28,61,2466.10,503.67,4962.50
IKEA,Online Shopper,Ultimate Value Event,193979.00,73,2657.25,546.69,4953.20
IKEA,Online Shopper,VIP Access Sale,183058.68,64,2860.29,790.60,4911.58
IKEA,Online Shopper,Weekend Warrior Specials,156807.54,58,2703.58,527.45,4979.27
IKEA,Online Shopper,Winter Clearance Carnival,159156.51,56,2842.08,505.94,4959.42
IKEA,Online Shopper,Winter Wonders Sale,223690.41,75,2982.54,561.38,4988.05
IKEA,Premium Shopper,12 Days of Deals,142860.51,58,2463.11,531.08,4775.19
IKEA,Premium Shopper,Autumn Deals Drive,243562.00,82,2970.27,582.09,4993.26
IKEA,Premium Shopper,BOGO Blitz,185945.32,75,2479.27,504.41,4950.27
IKEA,Premium Shopper,Back to School Boost,222410.38,76,2926.45,524.86,4978.78
IKEA,Premium Shopper,Birthday Bash Sale,169341.89,63,2687.97,653.91,4957.87
IKEA,Premium Shopper,Black Friday Blowout,228457.70,74,3087.27,711.65,4986.20
IKEA,Premium Shopper,Cart Crasher Campaign,174486.02,61,2860.43,520.45,4998.49
IKEA,Premium Shopper,Cashback Carnival,167609.82,64,2618.90,520.74,4804.49
IKEA,Premium Shopper,Clearance Countdown,153351.73,61,2513.96,524.15,4989.47
IKEA,Premium Shopper,Countdown to Savings,192686.84,67,2875.92,583.86,4911.11
IKEA,Premium Shopper,Customer Appreciation Week,144068.67,50,2881.37,506.29,4838.68
IKEA,Premium Shopper,Cyber Monday Mania,172745.63,69,2503.56,515.55,4991.04
IKEA,Premium Shopper,Deal of the Month,161158.33,62,2599.33,520.68,4940.50
IKEA,Premium Shopper,Double Points Bonanza,168939.81,68,2484.41,505.59,4969.32
IKEA,Premium Shopper,Early Bird Specials,205605.92,74,2778.46,528.21,4996.11
IKEA,Premium Shopper,End of Season Sale,190555.17,71,2683.88,500.31,4998.04
IKEA,Premium Shopper,Exclusive Insider Offers,179119.44,69,2595.93,516.84,4993.53
IKEA,Premium Shopper,Festive Fever Promo,177354.85,68,2608.16,552.45,4998.21
IKEA,Premium Shopper,Final Call Frenzy,206045.24,76,2711.12,511.45,4936.41
IKEA,Premium Shopper,Flash Frenzy Friday,205262.20,76,2700.82,531.78,4949.64
IKEA,Premium Shopper,"Gift More, Spend Less",184567.41,64,2883.87,598.75,4948.98
IKEA,Premium Shopper,Golden Hour Bargains,211323.64,75,2817.65,514.75,4987.84
IKEA,Premium Shopper,Green Weekend Deals,184621.48,68,2715.02,511.53,4888.86
IKEA,Premium Shopper,Happy Hour Discounts,175412.35,58,3024.35,624.39,4998.88
IKEA,Premium Shopper,Holiday Shopping Rush,191045.23,67,2851.42,627.32,4905.19
IKEA,Premium Shopper,Hot Picks Promo,168366.56,62,2715.59,553.44,4946.09
IKEA,Premium Shopper,Instant Gratification Sale,169574.63,64,2649.60,554.45,4964.79
IKEA,Premium Shopper,Limited Time Treasures,167723.16,63,2662.27,584.39,4899.08
IKEA,Premium Shopper,Loyalty Rewards Blast,172869.02,62,2788.21,792.44,4976.01
IKEA,Premium Shopper,Mega Weekend Bonanza,154391.10,56,2756.98,583.85,4993.16
IKEA,Premium Shopper,Mid-Year Madness,182536.04,68,2684.35,521.18,4795.64
IKEA,Premium Shopper,Midnight Madness,208428.63,72,2894.84,534.10,4965.35
IKEA,Premium Shopper,Mystery Discount Days,199350.61,78,2555.78,514.23,4973.46
IKEA,Premium Shopper,New Arrival Showcase,149984.87,50,2999.70,684.33,4874.60
IKEA,Premium Shopper,New Product Launch Promo,192042.53,62,3097.46,563.38,4924.11
IKEA,Premium Shopper,New Year Kickoff,209645.23,70,2994.93,589.43,4989.76
IKEA,Premium Shopper,Price Drop Parade,170306.74,56,3041.19,554.44,4967.98
IKEA,Premium Shopper,Red Tag Clearance,187499.39,72,2604.16,540.55,4996.34
IKEA,Premium Shopper,Seasonal Surprise Box,200834.45,68,2953.45,508.28,4970.16
IKEA,Premium Shopper,Shop & Save Spectacular,200363.97,72,2782.83,626.14,4993.27
IKEA,Premium Shopper,Smart Shopper Week,188499.46,67,2813.42,608.63,4941.90
IKEA,Premium Shopper,Spring Refresh Event,198440.69,66,3006.68,782.41,4925.15
IKEA,Premium Shopper,Spring Splash Discounts,212160.44,75,2828.81,628.58,4992.95
IKEA,Premium Shopper,Summer Sizzle Promo,223853.31,78,2869.91,606.45,4988.62
IKEA,Premium Shopper,Super Savings Week,151741.58,59,2571.89,520.77,4926.46
IKEA,Premium Shopper,Ultimate Value Event,164030.00,58,2828.10,549.01,4982.52
IKEA,Premium Shopper,VIP Access Sale,205659.96,74,2779.19,543.82,4992.06
IKEA,Premium Shopper,Weekend Warrior Specials,165604.76,56,2957.23,545.92,4964.04
IKEA,Premium Shopper,Winter Clearance Carnival,158106.84,64,2470.42,520.81,4744.48
IKEA,Premium Shopper,Winter Wonders Sale,210108.28,69,3045.05,565.80,4877.38
Kellogg's,Budget Shopper,12 Days of Deals,170078.80,58,2932.39,676.06,4970.82
Kellogg's,Budget Shopper,Autumn Deals Drive,191169.66,62,3083.38,656.23,4998.35
Kellogg's,Budget Shopper,BOGO Blitz,175646.04,65,2702.25,551.07,4984.79
Kellogg's,Budget Shopper,Back to School Boost,162640.71,57,2853.35,523.86,4923.26
Kellogg's,Budget Shopper,Birthday Bash Sale,177558.58,64,2774.35,535.18,4938.69
Kellogg's,Budget Shopper,Black Friday Blowout,195490.98,73,2677.96,591.48,4993.47
Kellogg's,Budget Shopper,Cart Crasher Campaign,156302.28,57,2742.15,640.77,4973.96
Kellogg's,Budget Shopper,Cashback Carnival,200747.36,67,2996.23,554.91,4949.67
Kellogg's,Budget Shopper,Clearance Countdown,169579.18,64,2649.67,552.45,4952.24
Kellogg's,Budget Shopper,Countdown to Savings,166925.96,58,2878.03,718.86,4938.32
Kellogg's,Budget Shopper,Customer Appreciation Week,185272.18,62,2988.26,665.64,4992.48
Kellogg's,Budget Shopper,Cyber Monday Mania,202278.01,79,2560.48,608.08,4918.25
Kellogg's,Budget Shopper,Deal of the Month,194272.81,70,2775.33,503.94,4942.98
Kellogg's,Budget Shopper,Double Points Bonanza,147765.74,65,2273.32,506.48,4698.29
Kellogg's,Budget Shopper,Early Bird Specials,197862.04,65,3044.03,644.53,4993.66
Kellogg's,Budget Shopper,End of Season Sale,214958.65,76,2828.40,508.08,4973.27
Kellogg's,Budget Shopper,Exclusive Insider Offers,158190.56,59,2681.20,547.16,4957.15
Kellogg's,Budget Shopper,Festive Fever Promo,215360.20,80,2692.00,512.07,4961.29
Kellogg's,Budget Shopper,Final Call Frenzy,181119.91,66,2744.24,513.98,4974.31
Kellogg's,Budget Shopper,Flash Frenzy Friday,207136.92,72,2876.90,531.29,4977.69
Kellogg's,Budget Shopper,"Gift More, Spend Less",204095.13,74,2758.04,601.73,4956.28
Kellogg's,Budget Shopper,Golden Hour Bargains,135815.66,57,2382.73,537.39,4856.49
Kellogg's,Budget Shopper,Green Weekend Deals,172138.81,66,2608.16,575.23,4961.65
Kellogg's,Budget Shopper,Happy Hour Discounts,212641.70,82,2593.19,540.87,4979.21
Kellogg's,Budget Shopper,Holiday Shopping Rush,185810.56,67,2773.29,551.51,4976.52
Kellogg's,Budget Shopper,Hot Picks Promo,193207.17,63,3066.78,584.02,4985.82
Kellogg's,Budget Shopper,Instant Gratification Sale,156838.57,55,2851.61,517.98,4983.29
Kellogg's,Budget Shopper,Limited Time Treasures,175609.99,70,2508.71,568.48,4954.24
Kellogg's,Budget Shopper,Loyalty Rewards Blast,260238.83,94,2768.50,554.62,4988.35
Kellogg's,Budget Shopper,Mega Weekend Bonanza,172464.88,60,2874.41,508.38,4893.95
Kellogg's,Budget Shopper,Mid-Year Madness,219152.33,73,3002.09,604.09,4944.95
Kellogg's,Budget Shopper,Midnight Madness,151681.59,61,2486.58,617.66,4633.29
Kellogg's,Budget Shopper,Mystery Discount Days,161184.80,62,2599.75,676.04,4940.34
Kellogg's,Budget Shopper,New Arrival Showcase,184922.36,66,2801.85,563.12,4995.28
Kellogg's,Budget Shopper,New Product Launch Promo,146385.99,58,2523.90,500.73,4986.13
Kellogg's,Budget Shopper,New Year Kickoff,163971.84,49,3346.36,730.87,4900.74
Kellogg's,Budget Shopper,Price Drop Parade,211825.64,69,3069.94,576.36,4990.96
Kellogg's,Budget Shopper,Red Tag Clearance,171824.58,68,2526.83,558.18,4876.93
Kellogg's,Budget Shopper,Seasonal Surprise Box,165302.75,62,2666.17,510.72,4959.60
Kellogg's,Budget Shopper,Shop & Save Spectacular,174255.01,64,2722.73,531.36,4983.84
Kellogg's,Budget Shopper,Smart Shopper Week,165870.54,65,2551.85,520.40,4995.84
Kellogg's,Budget Shopper,Spring Refresh Event,221133.11,78,2835.04,529.72,4932.40
Kellogg's,Budget Shopper,Spring Splash Discounts,171096.46,62,2759.62,500.68,4984.62
Kellogg's,Budget Shopper,Summer Sizzle Promo,177967.53,63,2824.88,588.21,4959.78
Kellogg's,Budget Shopper,Super Savings Week,227160.84,76,2988.96,638.79,4955.49
Kellogg's,Budget Shopper,Ultimate Value Event,226612.72,81,2797.69,543.71,4993.23
Kellogg's,Budget Shopper,VIP Access Sale,140912.39,58,2429.52,622.20,4753.39
Kellogg's,Budget Shopper,Weekend Warrior Specials,166253.97,59,2817.86,522.36,4994.74
Kellogg's,Budget Shopper,Winter Clearance Carnival,150989.09,53,2848.85,621.41,4752.90
Kellogg's,Budget Shopper,Winter Wonders Sale,192861.12,66,2922.14,805.78,4991.51
Kellogg's,Churn Risk,12 Days of Deals,160110.41,59,2713.74,526.99,4903.84
Kellogg's,Churn Risk,Autumn Deals Drive,178602.65,64,2790.67,510.46,4759.82
Kellogg's,Churn Risk,BOGO Blitz,183929.54,67,2745.22,573.36,4911.47
Kellogg's,Churn Risk,Back to School Boost,197459.23,71,2781.12,584.85,4856.79
Kellogg's,Churn Risk,Birthday Bash Sale,164096.66,65,2524.56,569.28,4982.46
Kellogg's,Churn Risk,Black Friday Blowout,181889.87,62,2933.71,517.02,4949.03
Kellogg's,Churn Risk,Cart Crasher Campaign,224505.30,82,2737.87,530.15,4962.11
Kellogg's,Churn Risk,Cashback Carnival,158947.03,54,2943.46,545.28,4926.89
Kellogg's,Churn Risk,Clearance Countdown,184286.25,63,2925.18,589.27,4994.26
Kellogg's,Churn Risk,Countdown to Savings,157317.56,62,2537.38,507.90,4897.92
Kellogg's,Churn Risk,Customer Appreciation Week,208632.80,72,2897.68,504.70,4938.94
Kellogg's,Churn Risk,Cyber Monday Mania,178657.80,68,2627.32,667.54,4998.93
Kellogg's,Churn Risk,Deal of the Month,177866.61,64,2779.17,548.73,4985.85
Kellogg's,Churn Risk,Double Points Bonanza,169408.99,66,2566.80,606.41,4980.85
Kellogg's,Churn Risk,Early Bird Specials,234881.42,86,2731.18,558.30,4971.38
Kellogg's,Churn Risk,End of Season Sale,218155.08,79,2761.46,562.51,4981.94
Kellogg's,Churn Risk,Exclusive Insider Offers,239004.60,78,3064.16,589.61,4945.00
Kellogg's,Churn Risk,Festive Fever Promo,203631.42,76,2679.36,516.45,4908.32
Kellogg's,Churn Risk,Final Call Frenzy,189860.16,71,2674.09,675.13,4922.19
Kellogg's,Churn Risk,Flash Frenzy Friday,205773.46,74,2780.72,507.64,4937.11
Kellogg's,Churn Risk,"Gift More, Spend Less",166856.10,69,2418.20,535.13,4983.76
Kellogg's,Churn Risk,Golden Hour Bargains,190176.31,66,2881.46,514.81,4849.91
Kellogg's,Churn Risk,Green Weekend Deals,218463.68,78,2800.82,544.59,4997.22
Kellogg's,Churn Risk,Happy Hour Discounts,151101.28,58,2605.19,540.18,4929.92
Kellogg's,Churn Risk,Holiday Shopping Rush,155880.47,56,2783.58,540.89,4974.34
Kellogg's,Churn Risk,Hot Picks Promo,231867.61,82,2827.65,537.51,4984.22
Kellogg's,Churn Risk,Instant Gratification Sale,155764.48,57,2732.71,774.41,4998.35
Kellogg's,Churn Risk,Limited Time Treasures,169881.42,60,2831.36,572.77,4998.70
Kellogg's,Churn Risk,Loyalty Rewards Blast,177069.10,63,2810.62,541.04,4932.27
Kellogg's,Churn Risk,Mega Weekend Bonanza,220892.53,81,2727.07,512.47,4864.59
Kellogg's,Churn Risk,Mid-Year Madness,235337.80,81,2905.40,716.85,4956.08
Kellogg's,Churn Risk,Midnight Madness,173907.65,67,2595.64,701.08,4881.55
Kellogg's,Churn Risk,Mystery Discount Days,172887.86,66,2619.51,511.91,4949.36
Kellogg's,Churn Risk,New Arrival Showcase,158947.82,56,2838.35,527.29,4982.62
Kellogg's,Churn Risk,New Product Launch Promo,144141.41,57,2528.80,519.00,4933.88
Kellogg's,Churn Risk,New Year Kickoff,163263.64,61,2676.45,577.40,4981.27
Kellogg's,Churn Risk,Price Drop Parade,196566.53,77,2552.81,512.52,4889.93
Kellogg's,Churn Risk,Red Tag Clearance,165030.09,59,2797.12,549.30,4950.27
Kellogg's,Churn Risk,Seasonal Surprise Box,219178.51,73,3002.45,747.09,4959.49
Kellogg's,Churn Risk,Shop & Save Spectacular,165100.20,64,2579.69,527.26,4958.88
Kellogg's,Churn Risk,Smart Shopper Week,195756.83,68,2878.78,558.83,4906.95
Kellogg's,Churn Risk,Spring Refresh Event,179582.71,67,2680.34,501.42,4901.77
Kellogg's,Churn Risk,Spring Splash Discounts,211617.78,73,2898.87,633.94,4905.56
Kellogg's,Churn Risk,Summer Sizzle Promo,179128.21,61,2936.53,630.19,4919.15
Kellogg's,Churn Risk,Super Savings Week,204489.58,76,2690.65,504.29,4966.40
Kellogg's,Churn Risk,Ultimate Value Event,196036.30,74,2649.14,587.03,4980.35
Kellogg's,Churn Risk,VIP Access Sale,181514.55,63,2881.18,512.01,4855.25
Kellogg's,Churn Risk,Weekend Warrior Specials,248578.03,83,2994.92,503.77,4853.09
Kellogg's,Churn Risk,Winter Clearance Carnival,140194.82,58,2417.15,601.86,4884.26
Kellogg's,Churn Risk,Winter Wonders Sale,161932.71,60,2698.88,518.42,4999.85
Kellogg's,Deal Seeker,12 Days of Deals,167264.46,59,2834.99,571.98,4969.12
Kellogg's,Deal Seeker,Autumn Deals Drive,194387.55,69,2817.21,660.71,4972.98
Kellogg's,Deal Seeker,BOGO Blitz,219478.07,73,3006.55,519.68,4998.59
Kellogg's,Deal Seeker,Back to School Boost,213119.07,77,2767.78,714.49,4873.67
Kellogg's,Deal Seeker,Birthday Bash Sale,152625.43,59,2586.87,542.75,4911.33
Kellogg's,Deal Seeker,Black Friday Blowout,165841.71,60,2764.03,564.97,4965.06
Kellogg's,Deal Seeker,Cart Crasher Campaign,197124.64,77,2560.06,586.24,4970.89
Kellogg's,Deal Seeker,Cashback Carnival,204039.40,75,2720.53,627.75,4994.08
Kellogg's,Deal Seeker,Clearance Countdown,199969.89,71,2816.48,749.13,4999.80
Kellogg's,Deal Seeker,Countdown to Savings,226797.15,78,2907.66,502.00,4957.68
Kellogg's,Deal Seeker,Customer Appreciation Week,156805.73,65,2412.40,716.93,4932.13
Kellogg's,Deal Seeker,Cyber Monday Mania,193053.30,74,2608.83,556.68,4965.13
Kellogg's,Deal Seeker,Deal of the Month,163633.61,66,2479.30,602.22,4995.04
Kellogg's,Deal Seeker,Double Points Bonanza,235113.81,79,2976.12,591.68,4975.38
Kellogg's,Deal Seeker,Early Bird Specials,199336.17,71,2807.55,525.40,4995.00
Kellogg's,Deal Seeker,End of Season Sale,168544.79,59,2856.69,666.52,4938.08
Kellogg's,Deal Seeker,Exclusive Insider Offers,181296.61,67,2705.92,527.91,4995.66
Kellogg's,Deal Seeker,Festive Fever Promo,179590.58,69,2602.76,543.43,4905.47
Kellogg's,Deal Seeker,Final Call Frenzy,180333.36,65,2774.36,503.08,4969.30
Kellogg's,Deal Seeker,Flash Frenzy Friday,121266.92,48,2526.39,547.57,4905.74
Kellogg's,Deal Seeker,"Gift More, Spend Less",214864.41,74,2903.57,595.94,4991.67
Kellogg's,Deal Seeker,Golden Hour Bargains,123933.02,45,2754.07,559.88,4909.32
Kellogg's,Deal Seeker,Green Weekend Deals,222800.34,78,2856.41,548.37,4994.05
Kellogg's,Deal Seeker,Happy Hour Discounts,187842.29,68,2762.39,592.89,4724.45
Kellogg's,Deal Seeker,Holiday Shopping Rush,193511.09,69,2804.51,506.03,4917.78
Kellogg's,Deal Seeker,Hot Picks Promo,154272.54,59,2614.79,550.39,4924.79
Kellogg's,Deal Seeker,Instant Gratification Sale,195380.66,74,2640.28,519.33,4976.42
Kellogg's,Deal Seeker,Limited Time Treasures,174256.50,64,2722.76,578.80,4884.63
Kellogg's,Deal Seeker,Loyalty Rewards Blast,158168.29,58,2727.04,540.36,4899.54
Kellogg's,Deal Seeker,Mega Weekend Bonanza,170536.44,63,2706.93,607.77,4862.99
Kellogg's,Deal Seeker,Mid-Year Madness,173852.68,62,2804.08,507.78,4976.09
Kellogg's,Deal Seeker,Midnight Madness,219818.36,74,2970.52,584.79,4944.07
Kellogg's,Deal Seeker,Mystery Discount Days,182204.32,71,2566.26,504.02,4918.31
Kellogg's,Deal Seeker,New Arrival Showcase,175029.21,59,2966.60,624.81,4978.85
Kellogg's,Deal Seeker,New Product Launch Promo,202445.98,71,2851.35,566.31,4986.09
Kellogg's,Deal Seeker,New Year Kickoff,196272.91,75,2616.97,546.16,4908.20
Kellogg's,Deal Seeker,Price Drop Parade,173848.43,64,2716.38,518.47,4684.79
Kellogg's,Deal Seeker,Red Tag Clearance,198070.18,63,3143.97,611.01,4961.71
Kellogg's,Deal Seeker,Seasonal Surprise Box,172305.36,58,2970.78,745.01,4956.07
Kellogg's,Deal Seeker,Shop & Save Spectacular,186860.90,70,2669.44,508.47,4981.11
Kellogg's,Deal Seeker,Smart Shopper Week,230686.39,76,3035.35,501.79,4965.63
Kellogg's,Deal Seeker,Spring Refresh Event,204783.03,69,2967.87,722.98,4995.22
Kellogg's,Deal Seeker,Spring Splash Discounts,164185.30,62,2648.15,557.31,4889.35
Kellogg's,Deal Seeker,Summer Sizzle Promo,168364.04,57,2953.76,634.01,4904.01
Kellogg's,Deal Seeker,Super Savings Week,237533.60,90,2639.26,527.55,4839.52
Kellogg's,Deal Seeker,Ultimate Value Event,192650.44,62,3107.27,682.65,4984.90
Kellogg's,Deal Seeker,VIP Access Sale,186398.85,68,2741.16,708.23,4961.00
Kellogg's,Deal Seeker,Weekend Warrior Specials,176171.61,69,2553.21,584.70,4826.71
Kellogg's,Deal Seeker,Winter Clearance Carnival,180051.23,67,2687.33,530.94,4951.56
Kellogg's,Deal Seeker,Winter Wonders Sale,192997.25,67,2880.56,648.02,4851.92
Kellogg's,First-time Buyer,12 Days of Deals,187094.09,67,2792.45,530.73,4979.99
Kellogg's,First-time Buyer,Autumn Deals Drive,183474.26,68,2698.15,523.50,4740.35
Kellogg's,First-time Buyer,BOGO Blitz,173956.73,63,2761.22,569.56,4996.77
Kellogg's,First-time Buyer,Back to School Boost,191837.67,70,2740.54,505.75,4886.59
Kellogg's,First-time Buyer,Birthday Bash Sale,182340.27,65,2805.23,653.66,4991.43
Kellogg's,First-time Buyer,Black Friday Blowout,150075.53,57,2632.90,540.23,4978.15
Kellogg's,First-time Buyer,Cart Crasher Campaign,148397.86,54,2748.11,522.21,4976.29
Kellogg's,First-time Buyer,Cashback Carnival,211742.78,78,2714.65,543.62,4995.37
Kellogg's,First-time Buyer,Clearance Countdown,202768.15,75,2703.58,533.83,4998.17
Kellogg's,First-time Buyer,Countdown to Savings,156432.37,59,2651.40,552.53,4997.39
Kellogg's,First-time Buyer,Customer Appreciation Week,253009.08,87,2908.15,500.64,4992.51
Kellogg's,First-time Buyer,Cyber Monday Mania,175789.65,62,2835.32,523.58,4877.27
Kellogg's,First-time Buyer,Deal of the Month,182706.21,69,2647.92,527.63,4950.21
Kellogg's,First-time Buyer,Double Points Bonanza,174613.12,64,2728.33,555.90,4894.98
Kellogg's,First-time Buyer,Early Bird Specials,185651.52,65,2856.18,556.72,4982.90
Kellogg's,First-time Buyer,End of Season Sale,163289.44,58,2815.34,634.07,4911.82
Kellogg's,First-time Buyer,Exclusive Insider Offers,192007.92,72,2666.78,545.32,4963.58
Kellogg's,First-time Buyer,Festive Fever Promo,224852.25,73,3080.17,521.20,4980.83
Kellogg's,First-time Buyer,Final Call Frenzy,191721.56,62,3092.28,595.41,4916.61
Kellogg's,First-time Buyer,Flash Frenzy Friday,180438.75,69,2615.05,572.78,4933.40
Kellogg's,First-time Buyer,"Gift More, Spend Less",198821.49,72,2761.41,567.44,4927.79
Kellogg's,First-time Buyer,Golden Hour Bargains,231371.24,80,2892.14,691.10,4821.56
Kellogg's,First-time Buyer,Green Weekend Deals,222128.20,72,3085.11,620.72,4939.06
Kellogg's,First-time Buyer,Happy Hour Discounts,163982.89,61,2688.24,508.35,4930.51
Kellogg's,First-time Buyer,Holiday Shopping Rush,187237.17,67,2794.58,589.15,4982.14
Kellogg's,First-time Buyer,Hot Picks Promo,150017.51,55,2727.59,731.80,4930.85
Kellogg's,First-time Buyer,Instant Gratification Sale,189446.13,69,2745.60,533.79,4953.88
Kellogg's,First-time Buyer,Limited Time Treasures,134715.25,54,2494.73,513.89,4838.67
Kellogg's,First-time Buyer,Loyalty Rewards Blast,181127.07,64,2830.11,582.47,4950.29
Kellogg's,First-time Buyer,Mega Weekend Bonanza,214184.47,72,2974.78,642.21,4979.01
Kellogg's,First-time Buyer,Mid-Year Madness,129427.34,48,2696.40,807.39,4742.37
Kellogg's,First-time Buyer,Midnight Madness,174920.85,64,2733.14,606.54,4982.50
Kellogg's,First-time Buyer,Mystery Discount Days,233312.04,85,2744.85,507.89,4916.97
Kellogg's,First-time Buyer,New Arrival Showcase,235199.37,83,2833.73,543.92,4979.79
Kellogg's,First-time Buyer,New Product Launch Promo,217418.24,73,2978.33,761.43,4999.20
Kellogg's,First-time Buyer,New Year Kickoff,169171.34,67,2524.95,519.16,4924.97
Kellogg's,First-time Buyer,Price Drop Parade,168171.29,67,2510.02,518.53,4996.32
Kellogg's,First-time Buyer,Red Tag Clearance,177918.55,67,2655.50,537.77,4914.39
Kellogg's,First-time Buyer,Seasonal Surprise Box,152576.99,55,2774.13,565.71,4984.48
Kellogg's,First-time Buyer,Shop & Save Spectacular,182599.46,63,2898.40,671.99,4976.59
Kellogg's,First-time Buyer,Smart Shopper Week,192740.84,71,2714.66,588.11,4998.48
Kellogg's,First-time Buyer,Spring Refresh Event,193830.69,74,2619.33,595.48,4913.75
Kellogg's,First-time Buyer,Spring Splash Discounts,174126.78,63,2763.92,551.49,4974.03
Kellogg's,First-time Buyer,Summer Sizzle Promo,122507.83,43,2849.02,530.86,4803.37
Kellogg's,First-time Buyer,Super Savings Week,204051.24,72,2834.04,581.57,4899.59
Kellogg's,First-time Buyer,Ultimate Value Event,148531.07,56,2652.34,518.09,4742.61
Kellogg's,First-time Buyer,VIP Access Sale,177340.84,71,2497.76,528.72,4654.47
Kellogg's,First-time Buyer,Weekend Warrior Specials,171097.46,67,2553.69,569.70,4967.39
Kellogg's,First-time Buyer,Winter Clearance Carnival,177660.32,60,2961.01,524.50,4979.63
Kellogg's,First-time Buyer,Winter Wonders Sale,238816.95,84,2843.06,545.36,4941.77
Kellogg's,High Value,12 Days of Deals,167714.35,60,2795.24,557.97,4974.58
Kellogg's,High Value,Autumn Deals Drive,192772.21,68,2834.89,523.62,4998.64
Kellogg's,High Value,BOGO Blitz,207963.20,74,2810.31,550.61,4922.01
Kellogg's,High Value,Back to School Boost,202056.85,74,2730.50,546.84,4883.81
Kellogg's,High Value,Birthday Bash Sale,190122.67,73,2604.42,555.32,4947.86
Kellogg's,High Value,Black Friday Blowout,162815.40,64,2543.99,519.67,4908.56
Kellogg's,High Value,Cart Crasher Campaign,165871.24,67,2475.69,695.46,4936.19
Kellogg's,High Value,Cashback Carnival,176995.94,64,2765.56,573.16,4926.32
Kellogg's,High Value,Clearance Countdown,217828.97,82,2656.45,508.52,4811.07
Kellogg's,High Value,Countdown to Savings,221077.43,83,2663.58,533.83,4982.91
Kellogg's,High Value,Customer Appreciation Week,178552.20,72,2479.89,694.56,4756.10
Kellogg's,High Value,Cyber Monday Mania,205032.58,73,2808.67,512.85,4997.12
Kellogg's,High Value,Deal of the Month,182564.34,66,2766.13,589.30,4836.68
Kellogg's,High Value,Double Points Bonanza,161648.47,63,2565.85,500.95,4991.82
Kellogg's,High Value,Early Bird Specials,184098.96,65,2832.29,546.59,4856.59
Kellogg's,High Value,End of Season Sale,171026.45,62,2758.49,576.53,4995.76
Kellogg's,High Value,Exclusive Insider Offers,151034.71,53,2849.71,522.11,4998.78
Kellogg's,High Value,Festive Fever Promo,172731.36,60,2878.86,717.04,4996.81
Kellogg's,High Value,Final Call Frenzy,185551.40,62,2992.76,521.53,4980.80
Kellogg's,High Value,Flash Frenzy Friday,213841.30,78,2741.56,550.87,4940.66
Kellogg's,High Value,"Gift More, Spend Less",158338.08,57,2777.86,531.56,4964.10
Kellogg's,High Value,Golden Hour Bargains,154775.13,56,2763.84,517.26,4931.86
Kellogg's,High Value,Green Weekend Deals,188005.27,71,2647.96,629.23,4984.86
Kellogg's,High Value,Happy Hour Discounts,152118.18,59,2578.27,563.07,4740.99
Kellogg's,High Value,Holiday Shopping Rush,162736.01,62,2624.77,524.93,4897.14
Kellogg's,High Value,Hot Picks Promo,166857.40,66,2528.14,518.84,4931.88
Kellogg's,High Value,Instant Gratification Sale,167968.76,61,2753.59,542.10,4983.54
Kellogg's,High Value,Limited Time Treasures,220654.96,76,2903.35,545.26,4977.05
Kellogg's,High Value,Loyalty Rewards Blast,186408.77,64,2912.64,509.85,4923.54
Kellogg's,High Value,Mega Weekend Bonanza,204961.46,72,2846.69,531.14,4940.16
Kellogg's,High Value,Mid-Year Madness,206756.82,73,2832.29,518.81,4958.80
Kellogg's,High Value,Midnight Madness,171089.52,63,2715.71,516.12,4973.09
Kellogg's,High Value,Mystery Discount Days,175501.16,66,2659.11,547.05,4942.98
Kellogg's,High Value,New Arrival Showcase,166473.72,59,2821.59,532.48,4986.40
Kellogg's,High Value,New Product Launch Promo,187835.96,66,2846.00,516.73,4916.83
Kellogg's,High Value,New Year Kickoff,185377.64,67,2766.83,564.03,4969.02
Kellogg's,High Value,Price Drop Parade,153779.00,58,2651.36,529.64,4994.94
Kellogg's,High Value,Red Tag Clearance,180680.48,64,2823.13,616.09,4958.81
Kellogg's,High Value,Seasonal Surprise Box,214580.69,73,2939.46,545.45,4982.02
Kellogg's,High Value,Shop & Save Spectacular,201302.42,66,3050.04,548.78,4922.69
Kellogg's,High Value,Smart Shopper Week,189626.43,66,2873.13,500.54,4931.21
Kellogg's,High Value,Spring Refresh Event,193852.43,72,2692.39,511.29,4970.95
Kellogg's,High Value,Spring Splash Discounts,156162.33,63,2478.77,541.11,4918.02
Kellogg's,High Value,Summer Sizzle Promo,205738.29,73,2818.33,537.12,4853.90
Kellogg's,High Value,Super Savings Week,189465.58,72,2631.47,543.01,4939.34
Kellogg's,High Value,Ultimate Value Event,180012.94,65,2769.43,630.43,4981.39
Kellogg's,High Value,VIP Access Sale,168435.08,67,2513.96,504.20,4873.97
Kellogg's,High Value,Weekend Warrior Specials,186717.21,64,2917.46,637.86,4813.24
Kellogg's,High Value,Winter Clearance Carnival,160275.59,59,2716.54,596.28,4912.42
Kellogg's,High Value,Winter Wonders Sale,252075.13,86,2931.11,532.92,4896.01
Kellogg's,In-Store Regular,12 Days of Deals,205659.42,66,3116.05,659.59,4995.38
Kellogg's,In-Store Regular,Autumn Deals Drive,203865.82,78,2613.66,530.23,4801.25
Kellogg's,In-Store Regular,BOGO Blitz,182140.54,68,2678.54,522.61,4939.26
Kellogg's,In-Store Regular,Back to School Boost,201554.25,75,2687.39,584.39,4888.93
Kellogg's,In-Store Regular,Birthday Bash Sale,166057.17,67,2478.47,524.00,4976.95
Kellogg's,In-Store Regular,Black Friday Blowout,175402.84,68,2579.45,579.32,4991.85
Kellogg's,In-Store Regular,Cart Crasher Campaign,160618.34,58,2769.28,546.94,4980.08
Kellogg's,In-Store Regular,Cashback Carnival,147376.30,58,2540.97,541.72,4956.43
Kellogg's,In-Store Regular,Clearance Countdown,213777.81,78,2740.74,529.04,4878.04
Kellogg's,In-Store Regular,Countdown to Savings,189234.10,76,2489.92,519.69,4937.67
Kellogg's,In-Store Regular,Customer Appreciation Week,195232.12,67,2913.91,551.06,4953.70
Kellogg's,In-Store Regular,Cyber Monday Mania,171957.84,59,2914.54,629.67,4899.34
Kellogg's,In-Store Regular,Deal of the Month,208657.51,69,3024.02,518.07,4970.00
Kellogg's,In-Store Regular,Double Points Bonanza,176955.72,64,2764.93,593.49,4873.37
Kellogg's,In-Store Regular,Early Bird Specials,212235.81,68,3121.11,554.07,4983.07
Kellogg's,In-Store Regular,End of Season Sale,209153.46,73,2865.12,518.43,4990.61
Kellogg's,In-Store Regular,Exclusive Insider Offers,187523.33,61,3074.15,608.02,4962.48
Kellogg's,In-Store Regular,Festive Fever Promo,233073.82,76,3066.76,594.53,4971.15
Kellogg's,In-Store Regular,Final Call Frenzy,185153.78,62,2986.35,586.41,4939.47
Kellogg's,In-Store Regular,Flash Frenzy Friday,186592.74,64,2915.51,521.79,4991.58
Kellogg's,In-Store Regular,"Gift More, Spend Less",184842.65,68,2718.27,513.62,4926.33
Kellogg's,In-Store Regular,Golden Hour Bargains,197357.69,71,2779.69,500.16,4920.50
Kellogg's,In-Store Regular,Green Weekend Deals,185894.79,64,2904.61,638.81,4970.06
Kellogg's,In-Store Regular,Happy Hour Discounts,165811.72,61,2718.22,520.96,4953.23
Kellogg's,In-Store Regular,Holiday Shopping Rush,153267.65,61,2512.58,540.78,4936.32
Kellogg's,In-Store Regular,Hot Picks Promo,151050.34,52,2904.81,889.96,4953.88
Kellogg's,In-Store Regular,Instant Gratification Sale,217128.70,74,2934.17,531.67,4999.70
Kellogg's,In-Store Regular,Limited Time Treasures,145971.47,53,2754.18,561.13,4909.49
Kellogg's,In-Store Regular,Loyalty Rewards Blast,159045.39,62,2565.25,514.18,4976.55
Kellogg's,In-Store Regular,Mega Weekend Bonanza,167580.75,68,2464.42,507.71,4778.84
Kellogg's,In-Store Regular,Mid-Year Madness,168817.35,60,2813.62,816.15,4994.70
Kellogg's,In-Store Regular,Midnight Madness,153913.02,57,2700.23,623.46,4856.63
Kellogg's,In-Store Regular,Mystery Discount Days,173542.09,60,2892.37,503.39,4948.72
Kellogg's,In-Store Regular,New Arrival Showcase,176532.17,63,2802.10,509.54,4997.53
Kellogg's,In-Store Regular,New Product Launch Promo,167930.33,56,2998.76,519.54,4976.06
Kellogg's,In-Store Regular,New Year Kickoff,220006.25,81,2716.13,555.72,4953.57
Kellogg's,In-Store Regular,Price Drop Parade,180335.00,64,2817.73,592.26,4999.58
Kellogg's,In-Store Regular,Red Tag Clearance,173281.71,63,2750.50,504.22,4988.88
Kellogg's,In-Store Regular,Seasonal Surprise Box,192422.55,70,2748.89,600.30,4946.36
Kellogg's,In-Store Regular,Shop & Save Spectacular,189909.41,66,2877.42,511.78,4966.13
Kellogg's,In-Store Regular,Smart Shopper Week,170186.26,57,2985.72,524.44,4971.62
Kellogg's,In-Store Regular,Spring Refresh Event,183309.35,68,2695.73,539.71,4953.80
Kellogg's,In-Store Regular,Spring Splash Discounts,145037.52,51,2843.87,582.37,4913.47
Kellogg's,In-Store Regular,Summer Sizzle Promo,176487.02,63,2801.38,530.03,4882.45
Kellogg's,In-Store Regular,Super Savings Week,181727.37,73,2489.42,525.56,4915.68
Kellogg's,In-Store Regular,Ultimate Value Event,207041.65,74,2797.86,527.00,4967.24
Kellogg's,In-Store Regular,VIP Access Sale,214426.72,74,2897.66,699.31,4984.60
Kellogg's,In-Store Regular,Weekend Warrior Specials,156507.48,59,2652.67,564.46,4900.23
Kellogg's,In-Store Regular,Winter Clearance Carnival,181668.22,62,2930.13,540.29,4958.15
Kellogg's,In-Store Regular,Winter Wonders Sale,174166.45,66,2638.89,639.14,4961.29
Kellogg's,Loyal Customer,12 Days of Deals,155275.08,63,2464.68,507.87,4901.77
Kellogg's,Loyal Customer,Autumn Deals Drive,172964.52,64,2702.57,519.67,4934.31
Kellogg's,Loyal Customer,BOGO Blitz,183653.99,66,2782.64,540.46,4967.12
Kellogg's,Loyal Customer,Back to School Boost,145606.85,57,2554.51,624.71,4937.35
Kellogg's,Loyal Customer,Birthday Bash Sale,174963.74,59,2965.49,564.87,4893.99
Kellogg's,Loyal Customer,Black Friday Blowout,148899.48,52,2863.45,759.21,4977.33
Kellogg's,Loyal Customer,Cart Crasher Campaign,180940.69,59,3066.79,508.00,4966.85
Kellogg's,Loyal Customer,Cashback Carnival,175067.67,64,2735.43,505.38,4979.90
Kellogg's,Loyal Customer,Clearance Countdown,183375.21,70,2619.65,553.62,4951.69
Kellogg's,Loyal Customer,Countdown to Savings,174579.53,69,2530.14,524.52,4903.99
Kellogg's,Loyal Customer,Customer Appreciation Week,178698.51,63,2836.48,579.82,4979.41
Kellogg's,Loyal Customer,Cyber Monday Mania,164904.40,62,2659.75,547.33,4988.27
Kellogg's,Loyal Customer,Deal of the Month,225109.93,78,2886.02,652.72,4864.95
Kellogg's,Loyal Customer,Double Points Bonanza,175763.06,67,2623.33,512.99,4969.59
Kellogg's,Loyal Customer,Early Bird Specials,161622.32,68,2376.80,520.10,4899.67
Kellogg's,Loyal Customer,End of Season Sale,194122.85,66,2941.26,500.37,4997.29
Kellogg's,Loyal Customer,Exclusive Insider Offers,175386.01,62,2828.81,627.22,4995.77
Kellogg's,Loyal Customer,Festive Fever Promo,185371.14,65,2851.86,526.12,4959.84
Kellogg's,Loyal Customer,Final Call Frenzy,184062.04,65,2831.72,512.48,4956.66
Kellogg's,Loyal Customer,Flash Frenzy Friday,175862.20,66,2664.58,576.46,4969.10
Kellogg's,Loyal Customer,"Gift More, Spend Less",176097.18,61,2886.84,568.12,4989.67
Kellogg's,Loyal Customer,Golden Hour Bargains,164780.78,62,2657.75,528.06,4952.09
Kellogg's,Loyal Customer,Green Weekend Deals,200520.84,75,2673.61,559.65,4809.08
Kellogg's,Loyal Customer,Happy Hour Discounts,189929.40,66,2877.72,772.96,4950.37
Kellogg's,Loyal Customer,Holiday Shopping Rush,144585.19,52,2780.48,536.37,4955.95
Kellogg's,Loyal Customer,Hot Picks Promo,224399.58,79,2840.50,565.26,4999.96
Kellogg's,Loyal Customer,Instant Gratification Sale,185263.39,71,2609.34,543.01,4849.75
Kellogg's,Loyal Customer,Limited Time Treasures,186738.88,70,2667.70,524.34,4999.73
Kellogg's,Loyal Customer,Loyalty Rewards Blast,170810.29,61,2800.17,975.05,4968.42
Kellogg's,Loyal Customer,Mega Weekend Bonanza,208735.42,70,2981.93,615.91,4973.66
Kellogg's,Loyal Customer,Mid-Year Madness,192835.69,62,3110.25,795.98,4778.56
Kellogg's,Loyal Customer,Midnight Madness,171330.35,68,2519.56,545.79,4995.25
Kellogg's,Loyal Customer,Mystery Discount Days,225723.08,79,2857.25,521.37,4867.07
Kellogg's,Loyal Customer,New Arrival Showcase,181753.27,65,2796.20,522.37,4993.53
Kellogg's,Loyal Customer,New Product Launch Promo,166297.15,63,2639.64,528.20,4984.01
Kellogg's,Loyal Customer,New Year Kickoff,206798.06,66,3133.30,517.20,4927.61
Kellogg's,Loyal Customer,Price Drop Parade,155173.20,67,2316.02,547.73,4999.50
Kellogg's,Loyal Customer,Red Tag Clearance,166920.17,59,2829.16,598.89,4929.48
Kellogg's,Loyal Customer,Seasonal Surprise Box,183552.03,66,2781.09,519.49,4854.90
Kellogg's,Loyal Customer,Shop & Save Spectacular,140029.89,52,2692.88,568.70,4822.54
Kellogg's,Loyal Customer,Smart Shopper Week,219131.38,76,2883.31,574.40,4968.41
Kellogg's,Loyal Customer,Spring Refresh Event,176652.03,62,2849.23,527.87,4955.40
Kellogg's,Loyal Customer,Spring Splash Discounts,158128.46,65,2432.75,515.99,4992.00
Kellogg's,Loyal Customer,Summer Sizzle Promo,170939.27,60,2848.99,701.66,4902.00
Kellogg's,Loyal Customer,Super Savings Week,172613.98,65,2655.60,730.65,4969.50
Kellogg's,Loyal Customer,Ultimate Value Event,167702.97,58,2891.43,581.89,4922.60
Kellogg's,Loyal Customer,VIP Access Sale,202676.42,69,2937.34,542.10,4999.89
Kellogg's,Loyal Customer,Weekend Warrior Specials,179064.98,65,2754.85,640.58,4999.20
Kellogg's,Loyal Customer,Winter Clearance Carnival,198336.41,77,2575.80,523.06,4795.19
Kellogg's,Loyal Customer,Winter Wonders Sale,180268.51,68,2651.01,660.15,4945.36
Kellogg's,Occasional Shopper,12 Days of Deals,170293.37,63,2703.07,550.00,4940.97
Kellogg's,Occasional Shopper,Autumn Deals Drive,157960.71,60,2632.68,540.13,4947.79
Kellogg's,Occasional Shopper,BOGO Blitz,175380.71,63,2783.82,595.90,4958.74
Kellogg's,Occasional Shopper,Back to School Boost,153689.73,56,2744.46,588.22,4954.16
Kellogg's,Occasional Shopper,Birthday Bash Sale,176833.92,69,2562.81,537.40,4804.74
Kellogg's,Occasional Shopper,Black Friday Blowout,213426.15,80,2667.83,502.74,4974.07
Kellogg's,Occasional Shopper,Cart Crasher Campaign,204103.05,80,2551.29,504.51,4992.71
Kellogg's,Occasional Shopper,Cashback Carnival,162306.80,63,2576.30,545.80,4852.36
Kellogg's,Occasional Shopper,Clearance Countdown,162115.81,62,2614.77,554.08,4992.48
Kellogg's,Occasional Shopper,Countdown to Savings,168600.57,62,2719.36,620.15,4945.56
Kellogg's,Occasional Shopper,Customer Appreciation Week,177720.79,66,2692.74,592.96,4990.33
Kellogg's,Occasional Shopper,Cyber Monday Mania,193113.21,66,2925.96,546.22,4929.99
Kellogg's,Occasional Shopper,Deal of the Month,209640.89,74,2832.99,503.06,4909.13
Kellogg's,Occasional Shopper,Double Points Bonanza,162039.62,60,2700.66,628.97,4913.72
Kellogg's,Occasional Shopper,Early Bird Specials,207277.67,65,3188.89,512.96,4973.83
Kellogg's,Occasional Shopper,End of Season Sale,163939.80,64,2561.56,512.76,4944.71
Kellogg's,Occasional Shopper,Exclusive Insider Offers,190606.76,83,2296.47,513.96,4866.29
Kellogg's,Occasional Shopper,Festive Fever Promo,212953.92,77,2765.64,741.84,4962.86
Kellogg's,Occasional Shopper,Final Call Frenzy,157469.82,64,2460.47,511.66,4860.96
Kellogg's,Occasional Shopper,Flash Frenzy Friday,168688.67,64,2635.76,666.94,4996.77
Kellogg's,Occasional Shopper,"Gift More, Spend Less",141068.04,51,2766.04,539.04,4991.67
Kellogg's,Occasional Shopper,Golden Hour Bargains,180763.14,66,2738.84,547.53,4983.47
Kellogg's,Occasional Shopper,Green Weekend Deals,170070.63,69,2464.79,813.89,4810.47
Kellogg's,Occasional Shopper,Happy Hour Discounts,187112.06,74,2528.54,547.75,4995.35
Kellogg's,Occasional Shopper,Holiday Shopping Rush,188994.34,66,2863.55,560.66,4977.30
Kellogg's,Occasional Shopper,Hot Picks Promo,212595.27,74,2872.91,502.08,4979.15
Kellogg's,Occasional Shopper,Instant Gratification Sale,198505.14,72,2757.02,539.42,4904.20
Kellogg's,Occasional Shopper,Limited Time Treasures,142166.67,51,2787.58,563.35,4984.15
Kellogg's,Occasional Shopper,Loyalty Rewards Blast,206814.65,71,2912.88,541.66,4757.12
Kellogg's,Occasional Shopper,Mega Weekend Bonanza,151679.60,56,2708.56,523.14,4811.30
Kellogg's,Occasional Shopper,Mid-Year Madness,225847.03,77,2933.08,610.69,4829.32
Kellogg's,Occasional Shopper,Midnight Madness,200818.72,72,2789.15,505.05,4964.61
Kellogg's,Occasional Shopper,Mystery Discount Days,112258.72,42,2672.83,690.23,4982.99
Kellogg's,Occasional Shopper,New Arrival Showcase,145242.97,59,2461.75,565.56,4991.74
Kellogg's,Occasional Shopper,New Product Launch Promo,159353.71,67,2378.41,535.51,4803.91
Kellogg's,Occasional Shopper,New Year Kickoff,217669.48,77,2826.88,676.04,4919.31
Kellogg's,Occasional Shopper,Price Drop Parade,193413.40,67,2886.77,531.74,4917.37
Kellogg's,Occasional Shopper,Red Tag Clearance,168609.71,58,2907.06,772.36,4987.23
Kellogg's,Occasional Shopper,Seasonal Surprise Box,215034.44,67,3209.47,595.48,4981.47
Kellogg's,Occasional Shopper,Shop & Save Spectacular,135684.37,50,2713.69,523.57,4953.52
Kellogg's,Occasional Shopper,Smart Shopper Week,175257.06,67,2615.78,573.33,4963.28
Kellogg's,Occasional Shopper,Spring Refresh Event,158826.68,51,3114.25,520.77,4991.30
Kellogg's,Occasional Shopper,Spring Splash Discounts,181584.24,70,2594.06,529.24,4922.04
Kellogg's,Occasional Shopper,Summer Sizzle Promo,166110.27,61,2723.12,585.37,4869.29
Kellogg's,Occasional Shopper,Super Savings Week,178116.91,61,2919.95,511.54,4971.41
Kellogg's,Occasional Shopper,Ultimate Value Event,183186.65,68,2693.92,607.99,4905.56
Kellogg's,Occasional Shopper,VIP Access Sale,196967.44,73,2698.18,564.84,4985.82
Kellogg's,Occasional Shopper,Weekend Warrior Specials,192022.15,67,2866.00,623.40,4948.15
Kellogg's,Occasional Shopper,Winter Clearance Carnival,216276.20,81,2670.08,544.02,4956.83
Kellogg's,Occasional Shopper,Winter Wonders Sale,123906.24,49,2528.70,582.25,4970.09
Kellogg's,Online Shopper,12 Days of Deals,172615.53,66,2615.39,523.58,4944.24
Kellogg's,Online Shopper,Autumn Deals Drive,187222.35,69,2713.37,573.99,4928.65
Kellogg's,Online Shopper,BOGO Blitz,179752.82,65,2765.43,545.83,4939.10
Kellogg's,Online Shopper,Back to School Boost,188807.56,64,2950.12,517.84,4950.39
Kellogg's,Online Shopper,Birthday Bash Sale,188934.48,66,2862.64,571.85,4877.99
Kellogg's,Online Shopper,Black Friday Blowout,208602.63,70,2980.04,509.93,4997.53
Kellogg's,Online Shopper,Cart Crasher Campaign,190968.51,64,2983.88,645.31,4999.82
Kellogg's,Online Shopper,Cashback Carnival,159064.89,63,2524.84,535.64,4866.90
Kellogg's,Online Shopper,Clearance Countdown,197555.72,68,2905.23,720.30,4976.87
Kellogg's,Online Shopper,Countdown to Savings,169718.19,62,2737.39,519.41,4978.31
Kellogg's,Online Shopper,Customer Appreciation Week,169338.09,63,2687.91,528.76,4986.20
Kellogg's,Online Shopper,Cyber Monday Mania,159570.14,56,2849.47,597.54,4902.27
Kellogg's,Online Shopper,Deal of the Month,160683.71,54,2975.62,525.48,4986.94
Kellogg's,Online Shopper,Double Points Bonanza,150542.12,60,2509.04,521.45,4799.60
Kellogg's,Online Shopper,Early Bird Specials,184229.59,67,2749.70,583.83,4916.09
Kellogg's,Online Shopper,End of Season Sale,123402.46,49,2518.42,505.76,4919.36
Kellogg's,Online Shopper,Exclusive Insider Offers,146701.42,55,2667.30,531.33,4977.13
Kellogg's,Online Shopper,Festive Fever Promo,176736.59,62,2850.59,597.42,4979.05
Kellogg's,Online Shopper,Final Call Frenzy,252725.63,84,3008.64,600.47,4952.58
Kellogg's,Online Shopper,Flash Frenzy Friday,171774.67,66,2602.65,520.77,4946.48
Kellogg's,Online Shopper,"Gift More, Spend Less",190757.90,67,2847.13,597.29,4984.47
Kellogg's,Online Shopper,Golden Hour Bargains,158366.64,60,2639.44,568.57,4939.39
Kellogg's,Online Shopper,Green Weekend Deals,219060.42,83,2639.28,651.39,4917.52
Kellogg's,Online Shopper,Happy Hour Discounts,164446.23,63,2610.26,532.08,4860.75
Kellogg's,Online Shopper,Holiday Shopping Rush,168079.74,64,2626.25,678.82,4998.79
Kellogg's,Online Shopper,Hot Picks Promo,140666.24,57,2467.83,530.57,4921.05
Kellogg's,Online Shopper,Instant Gratification Sale,198697.01,78,2547.40,618.40,4910.76
Kellogg's,Online Shopper,Limited Time Treasures,247322.84,89,2778.91,536.06,4919.67
Kellogg's,Online Shopper,Loyalty Rewards Blast,208951.39,71,2942.98,668.07,4986.34
Kellogg's,Online Shopper,Mega Weekend Bonanza,136538.19,47,2905.07,625.19,4923.95
Kellogg's,Online Shopper,Mid-Year Madness,156793.18,62,2528.92,593.67,4940.28
Kellogg's,Online Shopper,Midnight Madness,192233.01,65,2957.43,533.87,4916.78
Kellogg's,Online Shopper,Mystery Discount Days,166989.02,61,2737.52,538.23,4927.10
Kellogg's,Online Shopper,New Arrival Showcase,173435.67,63,2752.95,613.26,4910.51
Kellogg's,Online Shopper,New Product Launch Promo,204052.93,71,2873.98,569.66,4953.62
Kellogg's,Online Shopper,New Year Kickoff,136019.75,51,2667.05,500.12,4896.02
Kellogg's,Online Shopper,Price Drop Parade,188962.00,68,2778.85,551.90,4855.24
Kellogg's,Online Shopper,Red Tag Clearance,179056.84,65,2754.72,522.79,4972.25
Kellogg's,Online Shopper,Seasonal Surprise Box,193628.94,75,2581.72,568.27,4991.25
Kellogg's,Online Shopper,Shop & Save Spectacular,214139.37,71,3016.05,694.81,4958.67
Kellogg's,Online Shopper,Smart Shopper Week,162818.54,65,2504.90,530.02,4947.16
Kellogg's,Online Shopper,Spring Refresh Event,188322.76,69,2729.32,534.69,4975.92
Kellogg's,Online Shopper,Spring Splash Discounts,200427.50,71,2822.92,540.08,4968.42
Kellogg's,Online Shopper,Summer Sizzle Promo,217271.75,75,2896.96,514.60,4999.26
Kellogg's,Online Shopper,Super Savings Week,183617.43,74,2481.32,538.89,4807.99
Kellogg's,Online Shopper,Ultimate Value Event,193789.95,67,2892.39,553.75,4985.99
Kellogg's,Online Shopper,VIP Access Sale,173187.35,58,2985.99,549.48,4722.05
Kellogg's,Online Shopper,Weekend Warrior Specials,189940.61,75,2532.54,527.47,4990.17
Kellogg's,Online Shopper,Winter Clearance Carnival,193817.12,68,2850.25,599.27,4964.02
Kellogg's,Online Shopper,Winter Wonders Sale,163597.98,61,2681.93,528.48,4973.29
Kellogg's,Premium Shopper,12 Days of Deals,168128.51,57,2949.62,522.45,4907.51
Kellogg's,Premium Shopper,Autumn Deals Drive,181451.76,66,2749.27,511.04,4913.87
Kellogg's,Premium Shopper,BOGO Blitz,170602.33,61,2796.76,500.98,4921.63
Kellogg's,Premium Shopper,Back to School Boost,200667.47,73,2748.87,513.48,4952.17
Kellogg's,Premium Shopper,Birthday Bash Sale,170008.70,66,2575.89,509.05,4950.37
Kellogg's,Premium Shopper,Black Friday Blowout,152258.32,55,2768.33,507.06,4999.51
Kellogg's,Premium Shopper,Cart Crasher Campaign,153045.08,57,2685.00,591.14,4858.44
Kellogg's,Premium Shopper,Cashback Carnival,173875.31,67,2595.15,570.66,4983.45
Kellogg's,Premium Shopper,Clearance Countdown,179547.51,67,2679.81,524.37,4872.20
Kellogg's,Premium Shopper,Countdown to Savings,172767.94,69,2503.88,567.28,4770.27
Kellogg's,Premium Shopper,Customer Appreciation Week,186915.58,61,3064.19,504.43,4989.63
Kellogg's,Premium Shopper,Cyber Monday Mania,211066.60,76,2777.19,508.82,4771.40
Kellogg's,Premium Shopper,Deal of the Month,224171.03,79,2837.61,512.54,4960.78
Kellogg's,Premium Shopper,Double Points Bonanza,152606.70,58,2631.15,794.43,4834.41
Kellogg's,Premium Shopper,Early Bird Specials,163583.76,57,2869.89,688.20,4867.97
Kellogg's,Premium Shopper,End of Season Sale,226494.75,90,2516.61,526.02,4884.96
Kellogg's,Premium Shopper,Exclusive Insider Offers,184198.48,72,2558.31,521.24,4968.08
Kellogg's,Premium Shopper,Festive Fever Promo,222665.87,79,2818.56,526.57,4884.55
Kellogg's,Premium Shopper,Final Call Frenzy,207077.22,75,2761.03,508.87,4974.72
Kellogg's,Premium Shopper,Flash Frenzy Friday,141895.20,58,2446.47,525.77,4985.90
Kellogg's,Premium Shopper,"Gift More, Spend Less",198089.79,72,2751.25,546.30,4990.81
Kellogg's,Premium Shopper,Golden Hour Bargains,220032.44,76,2895.16,770.26,4967.13
Kellogg's,Premium Shopper,Green Weekend Deals,185931.66,73,2547.01,557.37,4981.31
Kellogg's,Premium Shopper,Happy Hour Discounts,210044.54,79,2658.79,521.58,4981.53
Kellogg's,Premium Shopper,Holiday Shopping Rush,242060.54,86,2814.66,501.56,4906.47
Kellogg's,Premium Shopper,Hot Picks Promo,181366.41,67,2706.96,500.73,4841.39
Kellogg's,Premium Shopper,Instant Gratification Sale,157176.32,60,2619.61,679.26,4994.62
Kellogg's,Premium Shopper,Limited Time Treasures,174611.87,61,2862.49,517.17,4959.34
Kellogg's,Premium Shopper,Loyalty Rewards Blast,175040.63,67,2612.55,565.43,4977.90
Kellogg's,Premium Shopper,Mega Weekend Bonanza,182815.69,67,2728.59,567.18,4989.86
Kellogg's,Premium Shopper,Mid-Year Madness,219290.53,75,2923.87,556.23,4961.13
Kellogg's,Premium Shopper,Midnight Madness,202362.98,75,2698.17,564.15,4799.19
Kellogg's,Premium Shopper,Mystery Discount Days,182701.29,67,2726.88,529.91,4921.13
Kellogg's,Premium Shopper,New Arrival Showcase,117024.59,42,2786.30,769.80,4999.86
Kellogg's,Premium Shopper,New Product Launch Promo,176604.55,63,2803.25,673.69,4947.79
Kellogg's,Premium Shopper,New Year Kickoff,226161.33,78,2899.50,668.76,4974.44
Kellogg's,Premium Shopper,Price Drop Parade,190456.46,62,3071.88,521.86,4912.49
Kellogg's,Premium Shopper,Red Tag Clearance,208644.27,75,2781.92,763.65,4965.64
Kellogg's,Premium Shopper,Seasonal Surprise Box,190298.00,69,2757.94,559.38,4906.49
Kellogg's,Premium Shopper,Shop & Save Spectacular,185910.19,65,2860.16,961.28,4983.24
Kellogg's,Premium Shopper,Smart Shopper Week,181750.23,70,2596.43,510.24,4891.82
Kellogg's,Premium Shopper,Spring Refresh Event,157652.72,57,2765.84,513.24,4772.83
Kellogg's,Premium Shopper,Spring Splash Discounts,183005.47,64,2859.46,581.59,4949.57
Kellogg's,Premium Shopper,Summer Sizzle Promo,174765.57,58,3013.20,558.74,4986.64
Kellogg's,Premium Shopper,Super Savings Week,174578.51,62,2815.78,573.36,4930.23
Kellogg's,Premium Shopper,Ultimate Value Event,171015.25,70,2443.07,588.63,4997.75
Kellogg's,Premium Shopper,VIP Access Sale,192089.86,67,2867.01,633.09,4955.58
Kellogg's,Premium Shopper,Weekend Warrior Specials,158411.89,58,2731.24,615.42,4854.68
Kellogg's,Premium Shopper,Winter Clearance Carnival,186432.72,72,2589.34,555.76,4996.69
Kellogg's,Premium Shopper,Winter Wonders Sale,197253.32,72,2739.63,576.29,4936.15
LG,Budget Shopper,12 Days of Deals,315685.71,115,2745.09,524.29,4991.58
LG,Budget Shopper,Autumn Deals Drive,370543.44,138,2685.10,524.24,4974.49
LG,Budget Shopper,BOGO Blitz,373455.47,139,2686.73,519.41,4962.06
LG,Budget Shopper,Back to School Boost,353319.46,131,2697.10,545.45,4969.03
LG,Budget Shopper,Birthday Bash Sale,377601.24,143,2640.57,584.06,4918.70
LG,Budget Shopper,Black Friday Blowout,313184.45,117,2676.79,508.22,4994.38
LG,Budget Shopper,Cart Crasher Campaign,405557.06,152,2668.14,575.86,4988.50
LG,Budget Shopper,Cashback Carnival,345314.14,122,2830.44,574.05,4984.77
LG,Budget Shopper,Clearance Countdown,401152.78,146,2747.62,503.09,4991.96
LG,Budget Shopper,Countdown to Savings,329989.24,119,2773.02,567.34,4903.25
LG,Budget Shopper,Customer Appreciation Week,400388.77,142,2819.64,623.60,4999.25
LG,Budget Shopper,Cyber Monday Mania,367694.12,129,2850.34,520.98,4970.50
LG,Budget Shopper,Deal of the Month,379504.99,136,2790.48,530.49,4981.77
LG,Budget Shopper,Double Points Bonanza,312243.55,121,2580.53,531.91,4901.94
LG,Budget Shopper,Early Bird Specials,353231.26,130,2717.16,510.85,4939.15
LG,Budget Shopper,End of Season Sale,302111.40,103,2933.12,510.44,4912.07
LG,Budget Shopper,Exclusive Insider Offers,348794.11,130,2683.03,513.19,4994.95
LG,Budget Shopper,Festive Fever Promo,356394.38,135,2639.96,523.00,4996.41
LG,Budget Shopper,Final Call Frenzy,421119.91,151,2788.87,507.00,4971.23
LG,Budget Shopper,Flash Frenzy Friday,388483.11,136,2856.49,545.48,4982.24
LG,Budget Shopper,"Gift More, Spend Less",284737.92,106,2686.21,537.95,4923.03
LG,Budget Shopper,Golden Hour Bargains,302848.95,113,2680.08,569.14,4997.22
LG,Budget Shopper,Green Weekend Deals,411611.17,144,2858.41,504.78,4986.31
LG,Budget Shopper,Happy Hour Discounts,285557.44,103,2772.40,580.40,4980.21
LG,Budget Shopper,Holiday Shopping Rush,373715.70,137,2727.85,511.58,4994.25
LG,Budget Shopper,Hot Picks Promo,409103.56,149,2745.66,502.00,4997.89
LG,Budget Shopper,Instant Gratification Sale,351403.63,130,2703.10,504.58,4978.35
LG,Budget Shopper,Limited Time Treasures,337336.42,120,2811.14,594.19,4981.17
LG,Budget Shopper,Loyalty Rewards Blast,363919.70,136,2675.88,542.19,4998.29
LG,Budget Shopper,Mega Weekend Bonanza,353766.61,130,2721.28,511.53,4938.79
LG,Budget Shopper,Mid-Year Madness,303173.65,111,2731.29,544.51,4947.00
LG,Budget Shopper,Midnight Madness,398848.39,142,2808.79,500.72,4968.24
LG,Budget Shopper,Mystery Discount Days,381061.29,133,2865.12,511.16,4971.65
LG,Budget Shopper,New Arrival Showcase,393936.81,138,2854.61,519.73,4993.31
LG,Budget Shopper,New Product Launch Promo,322353.15,135,2387.80,518.24,4979.19
LG,Budget Shopper,New Year Kickoff,368001.48,131,2809.17,507.36,4989.85
LG,Budget Shopper,Price Drop Parade,307919.49,116,2654.48,632.44,4901.04
LG,Budget Shopper,Red Tag Clearance,344858.70,128,2694.21,633.12,4984.12
LG,Budget Shopper,Seasonal Surprise Box,373493.21,133,2808.22,504.53,4961.44
LG,Budget Shopper,Shop & Save Spectacular,329402.18,134,2458.23,529.40,4975.24
LG,Budget Shopper,Smart Shopper Week,402632.41,143,2815.61,576.12,4968.50
LG,Budget Shopper,Spring Refresh Event,424269.42,150,2828.46,539.03,4978.31
LG,Budget Shopper,Spring Splash Discounts,349203.76,127,2749.64,555.53,4977.74
LG,Budget Shopper,Summer Sizzle Promo,389456.57,134,2906.39,510.56,4994.68
LG,Budget Shopper,Super Savings Week,404441.06,144,2808.62,554.35,4983.99
LG,Budget Shopper,Ultimate Value Event,364531.98,131,2782.69,615.26,4974.80
LG,Budget Shopper,VIP Access Sale,365255.63,128,2853.56,520.15,4979.66
LG,Budget Shopper,Weekend Warrior Specials,389749.73,137,2844.89,551.78,4979.32
LG,Budget Shopper,Winter Clearance Carnival,363261.51,134,2710.91,623.10,4947.87
LG,Budget Shopper,Winter Wonders Sale,399495.37,147,2717.66,502.26,4980.29
LG,Churn Risk,12 Days of Deals,358580.57,133,2696.09,579.48,4995.63
LG,Churn Risk,Autumn Deals Drive,378950.07,134,2827.99,509.65,4995.01
LG,Churn Risk,BOGO Blitz,385709.35,135,2857.11,511.28,4992.34
LG,Churn Risk,Back to School Boost,387651.30,148,2619.27,527.63,4923.85
LG,Churn Risk,Birthday Bash Sale,376633.49,138,2729.23,517.97,4969.64
LG,Churn Risk,Black Friday Blowout,384093.55,141,2724.07,516.25,4994.07
LG,Churn Risk,Cart Crasher Campaign,366703.93,139,2638.16,523.12,4980.94
LG,Churn Risk,Cashback Carnival,297806.88,113,2635.46,502.35,4972.15
LG,Churn Risk,Clearance Countdown,365546.50,139,2629.83,502.94,4989.20
LG,Churn Risk,Countdown to Savings,397721.01,141,2820.72,514.27,4967.28
LG,Churn Risk,Customer Appreciation Week,381892.55,136,2808.03,506.65,4942.87
LG,Churn Risk,Cyber Monday Mania,319470.74,108,2958.06,515.57,4993.63
LG,Churn Risk,Deal of the Month,342104.61,124,2758.91,510.03,4897.08
LG,Churn Risk,Double Points Bonanza,362444.71,134,2704.81,524.67,4972.64
LG,Churn Risk,Early Bird Specials,320836.07,116,2765.83,550.91,4967.22
LG,Churn Risk,End of Season Sale,383958.00,139,2762.29,509.35,4996.48
LG,Churn Risk,Exclusive Insider Offers,347597.71,124,2803.21,511.95,4989.63
LG,Churn Risk,Festive Fever Promo,377420.26,133,2837.75,510.16,4982.26
LG,Churn Risk,Final Call Frenzy,358134.76,129,2776.24,511.25,4992.68
LG,Churn Risk,Flash Frenzy Friday,414464.89,155,2673.97,508.81,4941.65
LG,Churn Risk,"Gift More, Spend Less",440730.12,161,2737.45,578.83,4987.76
LG,Churn Risk,Golden Hour Bargains,385212.80,140,2751.52,517.84,4992.88
LG,Churn Risk,Green Weekend Deals,382009.89,130,2938.54,511.69,4996.70
LG,Churn Risk,Happy Hour Discounts,365153.15,124,2944.78,576.75,4949.78
LG,Churn Risk,Holiday Shopping Rush,416796.17,148,2816.19,500.17,4904.71
LG,Churn Risk,Hot Picks Promo,342133.28,114,3001.17,545.88,4970.31
LG,Churn Risk,Instant Gratification Sale,405366.90,148,2738.97,561.73,4907.76
LG,Churn Risk,Limited Time Treasures,352182.82,135,2608.76,613.45,4994.16
LG,Churn Risk,Loyalty Rewards Blast,372693.22,134,2781.29,565.84,4991.63
LG,Churn Risk,Mega Weekend Bonanza,374913.87,138,2716.77,541.79,4967.35
LG,Churn Risk,Mid-Year Madness,336685.28,130,2589.89,504.33,4997.94
LG,Churn Risk,Midnight Madness,407593.03,140,2911.38,506.51,4974.49
LG,Churn Risk,Mystery Discount Days,385031.82,144,2673.83,501.23,4958.18
LG,Churn Risk,New Arrival Showcase,386496.03,130,2973.05,507.24,4978.56
LG,Churn Risk,New Product Launch Promo,399014.97,143,2790.31,502.45,4988.32
LG,Churn Risk,New Year Kickoff,409426.96,144,2843.24,518.77,4959.36
LG,Churn Risk,Price Drop Parade,255990.57,105,2438.01,542.88,4947.58
LG,Churn Risk,Red Tag Clearance,341590.78,120,2846.59,518.74,4977.15
LG,Churn Risk,Seasonal Surprise Box,343389.77,125,2747.12,513.03,4992.28
LG,Churn Risk,Shop & Save Spectacular,380940.92,135,2821.78,618.67,4992.95
LG,Churn Risk,Smart Shopper Week,361822.40,125,2894.58,509.77,4980.18
LG,Churn Risk,Spring Refresh Event,363134.25,131,2772.02,544.90,4950.27
LG,Churn Risk,Spring Splash Discounts,389570.97,138,2822.98,510.15,4890.23
LG,Churn Risk,Summer Sizzle Promo,393697.83,143,2753.13,548.34,4973.57
LG,Churn Risk,Super Savings Week,427036.79,150,2846.91,501.34,4957.77
LG,Churn Risk,Ultimate Value Event,402598.10,144,2795.82,509.32,4991.35
LG,Churn Risk,VIP Access Sale,360702.10,137,2632.86,510.68,4999.15
LG,Churn Risk,Weekend Warrior Specials,380386.16,129,2948.73,575.68,4967.59
LG,Churn Risk,Winter Clearance Carnival,375383.67,130,2887.57,512.56,4980.40
LG,Churn Risk,Winter Wonders Sale,399500.76,146,2736.31,514.98,4991.74
LG,Deal Seeker,12 Days of Deals,409418.53,149,2747.78,536.28,4990.03
LG,Deal Seeker,Autumn Deals Drive,355989.88,131,2717.48,627.77,4953.24
LG,Deal Seeker,BOGO Blitz,333998.09,129,2589.13,506.14,4997.66
LG,Deal Seeker,Back to School Boost,407540.27,144,2830.14,573.08,4997.76
LG,Deal Seeker,Birthday Bash Sale,345462.32,133,2597.46,515.47,4893.86
LG,Deal Seeker,Black Friday Blowout,356427.66,130,2741.75,535.76,4947.91
LG,Deal Seeker,Cart Crasher Campaign,354901.65,122,2909.03,525.76,4976.20
LG,Deal Seeker,Cashback Carnival,323288.49,121,2671.81,512.65,4938.22
LG,Deal Seeker,Clearance Countdown,402704.46,145,2777.27,505.23,4921.17
LG,Deal Seeker,Countdown to Savings,387693.92,139,2789.16,509.56,4975.34
LG,Deal Seeker,Customer Appreciation Week,368627.22,134,2750.95,515.01,4991.05
LG,Deal Seeker,Cyber Monday Mania,392257.31,143,2743.06,579.95,4998.54
LG,Deal Seeker,Deal of the Month,321984.09,123,2617.76,522.24,4908.24
LG,Deal Seeker,Double Points Bonanza,401867.29,144,2790.75,533.88,4996.88
LG,Deal Seeker,Early Bird Specials,363124.07,135,2689.81,500.92,4916.43
LG,Deal Seeker,End of Season Sale,421822.89,157,2686.77,566.15,4974.81
LG,Deal Seeker,Exclusive Insider Offers,401015.33,138,2905.91,547.94,4986.40
LG,Deal Seeker,Festive Fever Promo,330779.87,119,2779.66,522.82,4993.37
LG,Deal Seeker,Final Call Frenzy,424440.94,148,2867.84,531.07,4998.16
LG,Deal Seeker,Flash Frenzy Friday,368687.32,130,2836.06,541.86,4977.35
LG,Deal Seeker,"Gift More, Spend Less",376330.05,137,2746.93,540.92,4992.20
LG,Deal Seeker,Golden Hour Bargains,403670.44,142,2842.75,599.66,4974.91
LG,Deal Seeker,Green Weekend Deals,342047.09,123,2780.87,502.12,4942.90
LG,Deal Seeker,Happy Hour Discounts,358289.77,128,2799.14,578.66,4997.26
LG,Deal Seeker,Holiday Shopping Rush,307827.39,115,2676.76,566.26,4937.13
LG,Deal Seeker,Hot Picks Promo,406038.06,147,2762.16,532.58,4990.18
LG,Deal Seeker,Instant Gratification Sale,390645.09,137,2851.42,507.74,4969.19
LG,Deal Seeker,Limited Time Treasures,352076.67,129,2729.28,507.19,4975.62
LG,Deal Seeker,Loyalty Rewards Blast,367304.57,134,2741.08,503.07,4980.61
LG,Deal Seeker,Mega Weekend Bonanza,425224.57,155,2743.38,503.23,4987.91
LG,Deal Seeker,Mid-Year Madness,396776.94,138,2875.20,586.12,4997.31
LG,Deal Seeker,Midnight Madness,364879.91,127,2873.07,573.01,4930.19
LG,Deal Seeker,Mystery Discount Days,333742.57,124,2691.47,531.10,4873.85
LG,Deal Seeker,New Arrival Showcase,393688.34,133,2960.06,575.99,4935.55
LG,Deal Seeker,New Product Launch Promo,366536.00,128,2863.56,502.50,4991.62
LG,Deal Seeker,New Year Kickoff,333857.29,120,2782.14,504.17,4998.59
LG,Deal Seeker,Price Drop Parade,398733.24,149,2676.06,537.62,4941.76
LG,Deal Seeker,Red Tag Clearance,388685.76,135,2879.15,604.27,4992.58
LG,Deal Seeker,Seasonal Surprise Box,317854.25,120,2648.79,598.74,4933.29
LG,Deal Seeker,Shop & Save Spectacular,400167.73,152,2632.68,563.24,4991.30
LG,Deal Seeker,Smart Shopper Week,290804.66,104,2796.20,537.50,4975.40
LG,Deal Seeker,Spring Refresh Event,319110.61,117,2727.44,529.12,4977.61
LG,Deal Seeker,Spring Splash Discounts,388543.78,130,2988.80,519.57,4996.52
LG,Deal Seeker,Summer Sizzle Promo,356852.07,135,2643.35,512.86,4925.15
LG,Deal Seeker,Super Savings Week,370989.00,138,2688.33,508.42,4977.16
LG,Deal Seeker,Ultimate Value Event,442280.09,167,2648.38,503.14,4986.31
LG,Deal Seeker,VIP Access Sale,399035.68,135,2955.82,506.75,4979.30
LG,Deal Seeker,Weekend Warrior Specials,398600.82,143,2787.42,503.52,4995.08
LG,Deal Seeker,Winter Clearance Carnival,448169.43,154,2910.19,541.33,4993.03
LG,Deal Seeker,Winter Wonders Sale,370636.63,132,2807.85,514.70,4968.07
LG,First-time Buyer,12 Days of Deals,298422.92,118,2529.01,537.36,4915.22
LG,First-time Buyer,Autumn Deals Drive,321268.74,123,2611.94,531.14,4928.30
LG,First-time Buyer,BOGO Blitz,394571.56,137,2880.08,501.56,4969.12
LG,First-time Buyer,Back to School Boost,289016.98,114,2535.24,508.32,4899.04
LG,First-time Buyer,Birthday Bash Sale,288457.58,108,2670.90,507.40,4968.54
LG,First-time Buyer,Black Friday Blowout,300906.68,108,2786.17,559.43,4971.61
LG,First-time Buyer,Cart Crasher Campaign,427208.42,149,2867.17,580.93,4973.43
LG,First-time Buyer,Cashback Carnival,345944.56,126,2745.59,500.98,4981.14
LG,First-time Buyer,Clearance Countdown,375571.06,139,2701.95,564.12,4993.63
LG,First-time Buyer,Countdown to Savings,335387.96,124,2704.74,500.75,4976.52
LG,First-time Buyer,Customer Appreciation Week,421992.11,143,2950.99,513.69,4939.67
LG,First-time Buyer,Cyber Monday Mania,372922.16,141,2644.84,511.94,4922.77
LG,First-time Buyer,Deal of the Month,426175.32,157,2714.49,502.44,4996.40
LG,First-time Buyer,Double Points Bonanza,397191.10,140,2837.08,538.49,4983.61
LG,First-time Buyer,Early Bird Specials,281155.08,110,2555.96,520.52,4956.78
LG,First-time Buyer,End of Season Sale,395198.43,140,2822.85,581.90,4984.96
LG,First-time Buyer,Exclusive Insider Offers,397692.07,144,2761.75,543.97,4988.31
LG,First-time Buyer,Festive Fever Promo,408586.45,141,2897.78,521.67,4974.11
LG,First-time Buyer,Final Call Frenzy,387805.60,140,2770.04,516.93,4999.75
LG,First-time Buyer,Flash Frenzy Friday,346357.85,125,2770.86,516.24,4994.20
LG,First-time Buyer,"Gift More, Spend Less",383664.88,139,2760.18,516.81,4985.90
LG,First-time Buyer,Golden Hour Bargains,409468.81,146,2804.58,544.19,4915.71
LG,First-time Buyer,Green Weekend Deals,353886.79,134,2640.95,506.72,4944.47
LG,First-time Buyer,Happy Hour Discounts,321887.47,118,2727.86,503.25,4985.88
LG,First-time Buyer,Holiday Shopping Rush,443456.72,164,2704.00,524.56,4987.27
LG,First-time Buyer,Hot Picks Promo,323718.91,121,2675.36,530.65,4989.67
LG,First-time Buyer,Instant Gratification Sale,372179.86,141,2639.57,508.23,4961.44
LG,First-time Buyer,Limited Time Treasures,400630.92,137,2924.31,572.01,4999.20
LG,First-time Buyer,Loyalty Rewards Blast,350436.38,129,2716.56,532.85,4958.43
LG,First-time Buyer,Mega Weekend Bonanza,415984.59,145,2868.86,544.55,4994.32
LG,First-time Buyer,Mid-Year Madness,329480.57,117,2816.07,501.40,4999.11
LG,First-time Buyer,Midnight Madness,314328.68,117,2686.57,523.55,4856.39
LG,First-time Buyer,Mystery Discount Days,430221.03,147,2926.67,504.53,4989.29
LG,First-time Buyer,New Arrival Showcase,368926.79,123,2999.40,579.70,4985.41
LG,First-time Buyer,New Product Launch Promo,388460.61,143,2716.51,506.25,4981.79
LG,First-time Buyer,New Year Kickoff,342445.22,125,2739.56,514.87,4968.62
LG,First-time Buyer,Price Drop Parade,397476.02,151,2632.29,613.96,4999.10
LG,First-time Buyer,Red Tag Clearance,430069.17,146,2945.68,553.47,4975.67
LG,First-time Buyer,Seasonal Surprise Box,362665.12,123,2948.50,528.08,4910.20
LG,First-time Buyer,Shop & Save Spectacular,382862.24,138,2774.36,525.52,4984.74
LG,First-time Buyer,Smart Shopper Week,403039.01,143,2818.45,509.76,4974.00
LG,First-time Buyer,Spring Refresh Event,394577.25,141,2798.42,507.77,4982.69
LG,First-time Buyer,Spring Splash Discounts,340227.44,126,2700.22,584.44,4999.02
LG,First-time Buyer,Summer Sizzle Promo,421834.03,152,2775.22,518.11,4982.30
LG,First-time Buyer,Super Savings Week,372136.14,134,2777.14,514.27,4984.68
LG,First-time Buyer,Ultimate Value Event,356501.40,124,2875.01,523.54,4989.62
LG,First-time Buyer,VIP Access Sale,368331.61,134,2748.74,536.14,4998.82
LG,First-time Buyer,Weekend Warrior Specials,434818.25,151,2879.59,542.72,4995.14
LG,First-time Buyer,Winter Clearance Carnival,363279.84,132,2752.12,578.19,4973.90
LG,First-time Buyer,Winter Wonders Sale,325842.46,124,2627.76,530.66,4974.09
LG,High Value,12 Days of Deals,356241.38,130,2740.32,545.73,4952.87
LG,High Value,Autumn Deals Drive,343386.77,127,2703.83,508.14,4906.64
LG,High Value,BOGO Blitz,425280.93,153,2779.61,521.72,4996.53
LG,High Value,Back to School Boost,362994.95,133,2729.29,502.18,4957.68
LG,High Value,Birthday Bash Sale,334693.35,122,2743.39,569.80,4956.16
LG,High Value,Black Friday Blowout,430785.75,160,2692.41,500.70,4986.53
LG,High Value,Cart Crasher Campaign,330519.29,119,2777.47,521.71,4986.92
LG,High Value,Cashback Carnival,461616.82,158,2921.63,509.88,4984.80
LG,High Value,Clearance Countdown,374762.83,136,2755.61,595.15,4998.50
LG,High Value,Countdown to Savings,390465.37,146,2674.42,575.96,4979.80
LG,High Value,Customer Appreciation Week,372930.08,138,2702.39,543.74,4992.17
LG,High Value,Cyber Monday Mania,417822.26,146,2861.80,507.37,4955.52
LG,High Value,Deal of the Month,303061.36,110,2755.10,509.88,4983.08
LG,High Value,Double Points Bonanza,376053.71,148,2540.90,514.43,4996.08
LG,High Value,Early Bird Specials,408237.49,147,2777.13,502.05,4992.90
LG,High Value,End of Season Sale,377942.93,134,2820.47,539.35,4997.26
LG,High Value,Exclusive Insider Offers,418387.15,153,2734.56,524.94,4988.90
LG,High Value,Festive Fever Promo,366057.09,129,2837.65,509.31,4993.32
LG,High Value,Final Call Frenzy,330477.77,128,2581.86,513.59,4995.31
LG,High Value,Flash Frenzy Friday,392913.02,144,2728.56,503.50,4998.72
LG,High Value,"Gift More, Spend Less",372495.35,132,2821.93,527.40,4971.08
LG,High Value,Golden Hour Bargains,313361.73,115,2724.88,623.92,4961.76
LG,High Value,Green Weekend Deals,348255.92,134,2598.92,503.35,4964.40
LG,High Value,Happy Hour Discounts,336111.13,117,2872.74,533.79,4990.83
LG,High Value,Holiday Shopping Rush,408179.49,139,2936.54,541.25,4995.77
LG,High Value,Hot Picks Promo,332902.53,120,2774.19,600.75,4987.55
LG,High Value,Instant Gratification Sale,362352.26,133,2724.45,509.81,4848.64
LG,High Value,Limited Time Treasures,330499.35,123,2686.99,516.88,4969.59
LG,High Value,Loyalty Rewards Blast,365180.09,132,2766.52,575.23,4962.23
LG,High Value,Mega Weekend Bonanza,315338.08,126,2502.68,505.91,4939.81
LG,High Value,Mid-Year Madness,441463.33,153,2885.38,543.20,4993.79
LG,High Value,Midnight Madness,297424.10,112,2655.57,511.55,4998.30
LG,High Value,Mystery Discount Days,380000.34,130,2923.08,578.40,4990.97
LG,High Value,New Arrival Showcase,372662.81,130,2866.64,504.80,4974.89
LG,High Value,New Product Launch Promo,313219.66,119,2632.10,506.93,4999.48
LG,High Value,New Year Kickoff,427647.24,151,2832.10,505.19,4994.13
LG,High Value,Price Drop Parade,344752.56,121,2849.19,501.39,4992.82
LG,High Value,Red Tag Clearance,399644.89,138,2895.98,533.63,4969.63
LG,High Value,Seasonal Surprise Box,353249.18,129,2738.37,543.29,4946.40
LG,High Value,Shop & Save Spectacular,380748.67,136,2799.62,504.82,4951.26
LG,High Value,Smart Shopper Week,359631.23,132,2724.48,502.77,4999.77
LG,High Value,Spring Refresh Event,343960.70,137,2510.66,521.69,4999.45
LG,High Value,Spring Splash Discounts,325488.79,121,2689.99,527.45,4919.95
LG,High Value,Summer Sizzle Promo,361457.96,127,2846.13,519.15,4987.60
LG,High Value,Super Savings Week,407841.53,139,2934.11,502.82,4973.71
LG,High Value,Ultimate Value Event,403195.39,139,2900.69,506.64,4999.91
LG,High Value,VIP Access Sale,356021.46,133,2676.85,503.14,4971.14
LG,High Value,Weekend Warrior Specials,380102.71,146,2603.44,507.56,4952.24
LG,High Value,Winter Clearance Carnival,364315.49,127,2868.63,506.45,4977.41
LG,High Value,Winter Wonders Sale,400412.71,139,2880.67,506.22,4989.22
LG,In-Store Regular,12 Days of Deals,416169.39,140,2972.64,523.09,4967.38
LG,In-Store Regular,Autumn Deals Drive,418343.82,147,2845.88,603.09,4999.09
LG,In-Store Regular,BOGO Blitz,313150.54,116,2699.57,539.40,4997.96
LG,In-Store Regular,Back to School Boost,320177.16,120,2668.14,523.52,4941.72
LG,In-Store Regular,Birthday Bash Sale,334026.14,123,2715.66,518.23,4962.81
LG,In-Store Regular,Black Friday Blowout,370813.53,124,2990.43,566.46,4993.62
LG,In-Store Regular,Cart Crasher Campaign,379447.16,130,2918.82,577.53,4937.14
LG,In-Store Regular,Cashback Carnival,384632.26,139,2767.14,511.18,4927.14
LG,In-Store Regular,Clearance Countdown,333071.87,122,2730.10,566.90,4994.64
LG,In-Store Regular,Countdown to Savings,371094.18,134,2769.36,584.37,4998.01
LG,In-Store Regular,Customer Appreciation Week,335638.70,129,2601.85,508.00,4996.86
LG,In-Store Regular,Cyber Monday Mania,345728.51,127,2722.27,503.24,4933.22
LG,In-Store Regular,Deal of the Month,374884.39,133,2818.68,504.72,4899.65
LG,In-Store Regular,Double Points Bonanza,350556.30,136,2577.62,572.39,4919.03
LG,In-Store Regular,Early Bird Specials,359738.12,124,2901.11,523.64,4991.59
LG,In-Store Regular,End of Season Sale,348832.21,124,2813.16,536.17,4953.07
LG,In-Store Regular,Exclusive Insider Offers,302100.54,116,2604.32,503.81,4965.03
LG,In-Store Regular,Festive Fever Promo,342482.67,129,2654.90,560.00,4918.90
LG,In-Store Regular,Final Call Frenzy,377259.22,136,2773.96,566.68,4965.82
LG,In-Store Regular,Flash Frenzy Friday,370924.17,142,2612.14,508.02,4981.93
LG,In-Store Regular,"Gift More, Spend Less",366987.86,127,2889.67,503.59,4968.64
LG,In-Store Regular,Golden Hour Bargains,363696.41,135,2694.05,506.54,4966.10
LG,In-Store Regular,Green Weekend Deals,346411.17,127,2727.65,562.98,4967.02
LG,In-Store Regular,Happy Hour Discounts,389102.65,141,2759.59,610.89,4980.26
LG,In-Store Regular,Holiday Shopping Rush,397514.92,135,2944.55,610.99,4972.40
LG,In-Store Regular,Hot Picks Promo,341684.84,127,2690.43,556.98,4925.84
LG,In-Store Regular,Instant Gratification Sale,336912.80,126,2673.91,515.30,4982.48
LG,In-Store Regular,Limited Time Treasures,341605.71,126,2711.16,529.27,4993.71
LG,In-Store Regular,Loyalty Rewards Blast,387617.67,140,2768.70,522.03,4981.23
LG,In-Store Regular,Mega Weekend Bonanza,371198.55,141,2632.61,611.75,4998.42
LG,In-Store Regular,Mid-Year Madness,332436.83,120,2770.31,590.60,4990.49
LG,In-Store Regular,Midnight Madness,321096.06,115,2792.14,551.58,4998.66
LG,In-Store Regular,Mystery Discount Days,433657.72,151,2871.91,533.85,4992.26
LG,In-Store Regular,New Arrival Showcase,339285.11,117,2899.87,598.39,4998.70
LG,In-Store Regular,New Product Launch Promo,395066.56,142,2782.16,501.76,4993.94
LG,In-Store Regular,New Year Kickoff,356340.42,133,2679.25,530.30,4986.69
LG,In-Store Regular,Price Drop Parade,356243.85,124,2872.93,575.51,4963.69
LG,In-Store Regular,Red Tag Clearance,370792.10,141,2629.73,513.32,4960.86
LG,In-Store Regular,Seasonal Surprise Box,314017.30,120,2616.81,516.69,4946.04
LG,In-Store Regular,Shop & Save Spectacular,327486.65,123,2662.49,527.66,4977.47
LG,In-Store Regular,Smart Shopper Week,310712.55,110,2824.66,512.34,4964.62
LG,In-Store Regular,Spring Refresh Event,348626.84,124,2811.51,533.11,4980.63
LG,In-Store Regular,Spring Splash Discounts,330336.49,120,2752.80,522.44,4899.38
LG,In-Store Regular,Summer Sizzle Promo,347154.14,125,2777.23,531.30,4924.94
LG,In-Store Regular,Super Savings Week,333565.30,121,2756.74,581.02,4808.78
LG,In-Store Regular,Ultimate Value Event,338232.76,134,2524.13,510.45,4979.01
LG,In-Store Regular,VIP Access Sale,409648.50,144,2844.78,500.93,4929.61
LG,In-Store Regular,Weekend Warrior Specials,308655.13,126,2449.64,537.08,4980.16
LG,In-Store Regular,Winter Clearance Carnival,355578.76,133,2673.52,522.93,4968.49
LG,In-Store Regular,Winter Wonders Sale,357971.48,143,2503.30,552.95,4962.04
LG,Loyal Customer,12 Days of Deals,393150.70,134,2933.96,520.34,4819.32
LG,Loyal Customer,Autumn Deals Drive,385158.74,143,2693.42,535.89,4961.68
LG,Loyal Customer,BOGO Blitz,369823.36,133,2780.63,504.25,4952.61
LG,Loyal Customer,Back to School Boost,373899.25,127,2944.09,577.13,4970.29
LG,Loyal Customer,Birthday Bash Sale,361479.86,133,2717.89,570.95,4942.99
LG,Loyal Customer,Black Friday Blowout,388958.80,138,2818.54,571.13,4965.51
LG,Loyal Customer,Cart Crasher Campaign,372465.32,141,2641.60,519.88,4959.27
LG,Loyal Customer,Cashback Carnival,319209.14,121,2638.09,510.00,4990.25
LG,Loyal Customer,Clearance Countdown,425008.44,151,2814.63,567.04,4979.48
LG,Loyal Customer,Countdown to Savings,328310.20,131,2506.18,514.69,4950.45
LG,Loyal Customer,Customer Appreciation Week,348971.86,139,2510.59,508.83,4964.13
LG,Loyal Customer,Cyber Monday Mania,318626.55,119,2677.53,553.00,4995.91
LG,Loyal Customer,Deal of the Month,268313.34,110,2439.21,612.13,4616.32
LG,Loyal Customer,Double Points Bonanza,377159.38,134,2814.62,565.10,4994.58
LG,Loyal Customer,Early Bird Specials,346443.20,131,2644.60,529.31,4994.19
LG,Loyal Customer,End of Season Sale,379118.03,135,2808.28,581.72,4993.60
LG,Loyal Customer,Exclusive Insider Offers,463217.02,170,2724.81,516.17,4935.90
LG,Loyal Customer,Festive Fever Promo,347963.11,133,2616.26,502.80,4949.00
LG,Loyal Customer,Final Call Frenzy,296051.84,106,2792.94,520.33,4968.43
LG,Loyal Customer,Flash Frenzy Friday,366909.24,136,2697.86,512.53,4962.44
LG,Loyal Customer,"Gift More, Spend Less",418337.47,150,2788.92,511.81,4993.14
LG,Loyal Customer,Golden Hour Bargains,410744.44,145,2832.72,555.88,4993.31
LG,Loyal Customer,Green Weekend Deals,292172.34,113,2585.60,528.72,4948.62
LG,Loyal Customer,Happy Hour Discounts,316678.18,115,2753.72,547.13,4981.54
LG,Loyal Customer,Holiday Shopping Rush,344058.69,123,2797.23,501.38,4948.45
LG,Loyal Customer,Hot Picks Promo,384344.54,144,2669.06,501.49,4997.12
LG,Loyal Customer,Instant Gratification Sale,337417.89,121,2788.58,584.76,4990.00
LG,Loyal Customer,Limited Time Treasures,336998.31,131,2572.51,527.36,4942.10
LG,Loyal Customer,Loyalty Rewards Blast,392061.87,142,2761.00,523.69,4985.68
LG,Loyal Customer,Mega Weekend Bonanza,402303.24,137,2936.52,513.27,4982.24
LG,Loyal Customer,Mid-Year Madness,421221.44,159,2649.19,504.23,4984.17
LG,Loyal Customer,Midnight Madness,382055.88,141,2709.62,536.86,4979.63
LG,Loyal Customer,Mystery Discount Days,348340.77,132,2638.95,508.14,4982.84
LG,Loyal Customer,New Arrival Showcase,325312.94,120,2710.94,512.30,4991.23
LG,Loyal Customer,New Product Launch Promo,349549.11,124,2818.94,685.45,4995.58
LG,Loyal Customer,New Year Kickoff,369751.83,139,2660.09,570.13,4900.99
LG,Loyal Customer,Price Drop Parade,339555.25,131,2592.02,518.40,4922.95
LG,Loyal Customer,Red Tag Clearance,292025.83,105,2781.20,670.08,4959.62
LG,Loyal Customer,Seasonal Surprise Box,387989.31,140,2771.35,507.59,4960.45
LG,Loyal Customer,Shop & Save Spectacular,438846.25,164,2675.89,502.74,4927.68
LG,Loyal Customer,Smart Shopper Week,393629.13,150,2624.19,517.75,4969.55
LG,Loyal Customer,Spring Refresh Event,396520.37,146,2715.89,511.23,4987.43
LG,Loyal Customer,Spring Splash Discounts,433211.27,162,2674.14,532.11,4974.54
LG,Loyal Customer,Summer Sizzle Promo,344644.61,133,2591.31,537.59,4958.65
LG,Loyal Customer,Super Savings Week,353432.17,127,2782.93,524.64,4950.45
LG,Loyal Customer,Ultimate Value Event,347445.79,123,2824.76,520.63,4932.64
LG,Loyal Customer,VIP Access Sale,378393.25,140,2702.81,519.63,4994.22
LG,Loyal Customer,Weekend Warrior Specials,401144.66,135,2971.44,516.17,4999.43
LG,Loyal Customer,Winter Clearance Carnival,400081.08,144,2778.34,541.32,4991.69
LG,Loyal Customer,Winter Wonders Sale,387934.82,143,2712.83,503.19,4948.46
LG,Occasional Shopper,12 Days of Deals,321126.86,119,2698.55,513.13,4966.68
LG,Occasional Shopper,Autumn Deals Drive,373071.46,144,2590.77,512.70,4927.18
LG,Occasional Shopper,BOGO Blitz,313831.43,114,2752.91,527.18,4907.59
LG,Occasional Shopper,Back to School Boost,400534.07,141,2840.67,505.89,4983.72
LG,Occasional Shopper,Birthday Bash Sale,340414.74,125,2723.32,558.17,4971.45
LG,Occasional Shopper,Black Friday Blowout,378835.32,139,2725.43,538.90,4949.79
LG,Occasional Shopper,Cart Crasher Campaign,346269.33,125,2770.15,512.18,4979.81
LG,Occasional Shopper,Cashback Carnival,359330.63,139,2585.11,531.28,4994.18
LG,Occasional Shopper,Clearance Countdown,296887.57,121,2453.62,504.33,4974.88
LG,Occasional Shopper,Countdown to Savings,409907.19,149,2751.05,557.06,4998.03
LG,Occasional Shopper,Customer Appreciation Week,322715.89,127,2541.07,511.27,4997.34
LG,Occasional Shopper,Cyber Monday Mania,376282.89,139,2707.07,502.61,4977.76
LG,Occasional Shopper,Deal of the Month,386059.74,137,2817.95,510.04,4992.33
LG,Occasional Shopper,Double Points Bonanza,337584.30,123,2744.59,545.63,4957.22
LG,Occasional Shopper,Early Bird Specials,295345.02,109,2709.59,576.41,4775.43
LG,Occasional Shopper,End of Season Sale,326379.69,117,2789.57,501.39,4971.78
LG,Occasional Shopper,Exclusive Insider Offers,410982.15,146,2814.95,537.65,4986.16
LG,Occasional Shopper,Festive Fever Promo,367967.09,134,2746.02,520.98,4993.30
LG,Occasional Shopper,Final Call Frenzy,289204.70,109,2653.25,501.74,4937.50
LG,Occasional Shopper,Flash Frenzy Friday,388550.63,137,2836.14,508.78,4968.00
LG,Occasional Shopper,"Gift More, Spend Less",361779.99,136,2660.15,550.32,4984.09
LG,Occasional Shopper,Golden Hour Bargains,322378.51,126,2558.56,530.03,4905.71
LG,Occasional Shopper,Green Weekend Deals,395834.79,146,2711.20,539.51,4852.88
LG,Occasional Shopper,Happy Hour Discounts,308747.37,113,2732.28,540.52,4989.69
LG,Occasional Shopper,Holiday Shopping Rush,377058.42,148,2547.69,551.30,4966.77
LG,Occasional Shopper,Hot Picks Promo,316148.49,118,2679.22,537.78,4996.56
LG,Occasional Shopper,Instant Gratification Sale,365446.87,129,2832.92,605.26,4985.75
LG,Occasional Shopper,Limited Time Treasures,423330.21,152,2785.07,566.99,4977.99
LG,Occasional Shopper,Loyalty Rewards Blast,354963.97,132,2689.12,522.58,4894.11
LG,Occasional Shopper,Mega Weekend Bonanza,330432.82,123,2686.45,503.69,4997.14
LG,Occasional Shopper,Mid-Year Madness,332588.02,119,2794.86,511.63,4930.02
LG,Occasional Shopper,Midnight Madness,315015.70,121,2603.44,510.89,4998.42
LG,Occasional Shopper,Mystery Discount Days,371472.46,135,2751.65,506.37,4980.25
LG,Occasional Shopper,New Arrival Showcase,378564.35,131,2889.80,596.30,4908.35
LG,Occasional Shopper,New Product Launch Promo,374298.12,139,2692.79,519.16,4959.37
LG,Occasional Shopper,New Year Kickoff,374238.08,128,2923.73,542.05,4977.78
LG,Occasional Shopper,Price Drop Parade,367458.67,131,2805.03,546.21,4978.93
LG,Occasional Shopper,Red Tag Clearance,372752.54,134,2781.74,511.90,4965.46
LG,Occasional Shopper,Seasonal Surprise Box,357097.23,136,2625.71,523.89,4981.38
LG,Occasional Shopper,Shop & Save Spectacular,417910.10,139,3006.55,542.99,4967.47
LG,Occasional Shopper,Smart Shopper Week,395282.89,137,2885.28,545.59,4988.05
LG,Occasional Shopper,Spring Refresh Event,376006.03,135,2785.23,506.82,4953.34
LG,Occasional Shopper,Spring Splash Discounts,369331.74,135,2735.79,505.95,4959.43
LG,Occasional Shopper,Summer Sizzle Promo,318670.68,128,2489.61,513.01,4968.96
LG,Occasional Shopper,Super Savings Week,369797.15,142,2604.21,500.28,4922.12
LG,Occasional Shopper,Ultimate Value Event,362077.72,131,2763.95,532.15,4896.43
LG,Occasional Shopper,VIP Access Sale,323619.85,118,2742.54,562.89,4993.25
LG,Occasional Shopper,Weekend Warrior Specials,369980.93,138,2681.02,538.97,4921.80
LG,Occasional Shopper,Winter Clearance Carnival,342378.31,125,2739.03,501.06,4988.00
LG,Occasional Shopper,Winter Wonders Sale,375306.60,134,2800.80,523.99,4995.52
LG,Online Shopper,12 Days of Deals,361552.28,131,2759.94,540.30,4994.82
LG,Online Shopper,Autumn Deals Drive,322582.97,120,2688.19,526.99,4978.61
LG,Online Shopper,BOGO Blitz,378003.62,140,2700.03,543.27,4951.00
LG,Online Shopper,Back to School Boost,355885.76,138,2578.88,508.78,4979.77
LG,Online Shopper,Birthday Bash Sale,389863.49,135,2887.88,527.82,4990.75
LG,Online Shopper,Black Friday Blowout,384069.52,143,2685.80,502.51,4967.26
LG,Online Shopper,Cart Crasher Campaign,378183.36,143,2644.64,509.43,4959.83
LG,Online Shopper,Cashback Carnival,378231.78,126,3001.84,521.46,4964.29
LG,Online Shopper,Clearance Countdown,332729.00,131,2539.92,526.15,4935.75
LG,Online Shopper,Countdown to Savings,389896.70,139,2805.01,554.62,4958.65
LG,Online Shopper,Customer Appreciation Week,386811.42,143,2704.97,502.70,4987.89
LG,Online Shopper,Cyber Monday Mania,414071.24,145,2855.66,543.27,4992.62
LG,Online Shopper,Deal of the Month,397923.45,145,2744.30,503.34,4995.33
LG,Online Shopper,Double Points Bonanza,341441.26,120,2845.34,521.21,4978.25
LG,Online Shopper,Early Bird Specials,383652.61,140,2740.38,547.40,4985.95
LG,Online Shopper,End of Season Sale,380292.44,142,2678.12,584.46,4954.57
LG,Online Shopper,Exclusive Insider Offers,315993.72,120,2633.28,527.67,4963.09
LG,Online Shopper,Festive Fever Promo,357895.07,128,2796.06,519.25,4996.28
LG,Online Shopper,Final Call Frenzy,377773.93,136,2777.75,511.22,4934.01
LG,Online Shopper,Flash Frenzy Friday,386057.19,133,2902.69,532.57,4997.21
LG,Online Shopper,"Gift More, Spend Less",402950.01,145,2778.97,502.74,4986.38
LG,Online Shopper,Golden Hour Bargains,414156.60,148,2798.36,649.84,4997.61
LG,Online Shopper,Green Weekend Deals,349800.02,139,2516.55,538.66,4985.83
LG,Online Shopper,Happy Hour Discounts,363497.77,128,2839.83,539.84,4975.94
LG,Online Shopper,Holiday Shopping Rush,336479.53,127,2649.45,503.23,4984.22
LG,Online Shopper,Hot Picks Promo,304495.89,113,2694.65,611.07,4955.02
LG,Online Shopper,Instant Gratification Sale,410692.32,151,2719.82,531.87,4967.66
LG,Online Shopper,Limited Time Treasures,315875.60,119,2654.42,507.04,4949.89
LG,Online Shopper,Loyalty Rewards Blast,330269.09,122,2707.12,557.15,4992.76
LG,Online Shopper,Mega Weekend Bonanza,341448.82,123,2776.01,504.08,4972.88
LG,Online Shopper,Mid-Year Madness,366926.08,130,2822.51,510.03,4915.93
LG,Online Shopper,Midnight Madness,322143.78,120,2684.53,531.37,4992.27
LG,Online Shopper,Mystery Discount Days,387846.28,149,2603.00,520.51,4998.62
LG,Online Shopper,New Arrival Showcase,430285.25,153,2812.32,521.82,4932.00
LG,Online Shopper,New Product Launch Promo,314371.34,114,2757.64,519.03,4969.21
LG,Online Shopper,New Year Kickoff,369692.01,131,2822.08,539.36,4970.01
LG,Online Shopper,Price Drop Parade,339393.99,121,2804.91,532.84,4947.40
LG,Online Shopper,Red Tag Clearance,414017.12,146,2835.73,525.53,4990.57
LG,Online Shopper,Seasonal Surprise Box,382027.00,149,2563.94,547.68,4998.13
LG,Online Shopper,Shop & Save Spectacular,342954.87,125,2743.64,614.36,4989.59
LG,Online Shopper,Smart Shopper Week,387232.11,147,2634.23,513.03,4999.46
LG,Online Shopper,Spring Refresh Event,350718.75,129,2718.75,591.49,4954.60
LG,Online Shopper,Spring Splash Discounts,360237.24,129,2792.54,517.15,4973.89
LG,Online Shopper,Summer Sizzle Promo,400757.79,141,2842.25,537.83,4984.22
LG,Online Shopper,Super Savings Week,367881.85,128,2874.08,500.36,4996.22
LG,Online Shopper,Ultimate Value Event,389186.06,142,2740.75,550.06,4959.70
LG,Online Shopper,VIP Access Sale,350180.35,123,2846.99,515.65,4996.84
LG,Online Shopper,Weekend Warrior Specials,319002.37,126,2531.76,508.70,4927.90
LG,Online Shopper,Winter Clearance Carnival,378407.29,140,2702.91,502.18,4984.43
LG,Online Shopper,Winter Wonders Sale,386306.78,141,2739.76,509.63,4989.27
LG,Premium Shopper,12 Days of Deals,378153.25,132,2864.80,607.61,4986.67
LG,Premium Shopper,Autumn Deals Drive,427028.61,142,3007.24,568.53,4978.91
LG,Premium Shopper,BOGO Blitz,351216.72,124,2832.39,502.79,4958.18
LG,Premium Shopper,Back to School Boost,387340.88,141,2747.10,553.32,4990.55
LG,Premium Shopper,Birthday Bash Sale,411419.25,149,2761.20,505.08,4977.64
LG,Premium Shopper,Black Friday Blowout,330351.57,119,2776.06,538.99,4824.85
LG,Premium Shopper,Cart Crasher Campaign,351831.61,138,2549.50,511.50,4959.11
LG,Premium Shopper,Cashback Carnival,421290.33,140,3009.22,516.90,4993.00
LG,Premium Shopper,Clearance Countdown,371267.67,131,2834.10,511.35,4986.00
LG,Premium Shopper,Countdown to Savings,353121.12,125,2824.97,556.11,4974.02
LG,Premium Shopper,Customer Appreciation Week,313161.82,112,2796.09,557.70,4994.29
LG,Premium Shopper,Cyber Monday Mania,372404.38,132,2821.25,505.30,4937.19
LG,Premium Shopper,Deal of the Month,364011.56,128,2843.84,666.25,4943.70
LG,Premium Shopper,Double Points Bonanza,371554.21,133,2793.64,588.21,4945.66
LG,Premium Shopper,Early Bird Specials,427912.42,145,2951.12,531.48,4982.85
LG,Premium Shopper,End of Season Sale,397848.92,148,2688.17,543.39,4966.50
LG,Premium Shopper,Exclusive Insider Offers,343242.53,118,2908.84,533.62,4947.46
LG,Premium Shopper,Festive Fever Promo,339531.70,124,2738.16,514.77,4988.71
LG,Premium Shopper,Final Call Frenzy,367342.19,135,2721.05,575.79,4936.03
LG,Premium Shopper,Flash Frenzy Friday,357950.58,132,2711.75,543.68,4982.10
LG,Premium Shopper,"Gift More, Spend Less",385265.58,129,2986.55,544.14,4961.64
LG,Premium Shopper,Golden Hour Bargains,364282.04,139,2620.73,576.59,4943.78
LG,Premium Shopper,Green Weekend Deals,363627.42,135,2693.54,520.03,4955.20
LG,Premium Shopper,Happy Hour Discounts,386031.13,140,2757.37,576.80,4966.39
LG,Premium Shopper,Holiday Shopping Rush,318286.48,119,2674.68,565.32,4959.14
LG,Premium Shopper,Hot Picks Promo,326965.41,111,2945.63,558.88,4991.00
LG,Premium Shopper,Instant Gratification Sale,334882.78,131,2556.36,514.96,4900.08
LG,Premium Shopper,Limited Time Treasures,406904.86,141,2885.85,598.08,4977.05
LG,Premium Shopper,Loyalty Rewards Blast,371223.76,132,2812.30,521.89,4955.07
LG,Premium Shopper,Mega Weekend Bonanza,394524.89,143,2758.92,540.17,4953.54
LG,Premium Shopper,Mid-Year Madness,390593.67,142,2750.66,545.61,4959.35
LG,Premium Shopper,Midnight Madness,352691.68,130,2713.01,505.99,4944.36
LG,Premium Shopper,Mystery Discount Days,394704.08,144,2741.00,504.90,4994.98
LG,Premium Shopper,New Arrival Showcase,354001.74,132,2681.83,590.66,4915.49
LG,Premium Shopper,New Product Launch Promo,439872.43,154,2856.31,526.82,4995.22
LG,Premium Shopper,New Year Kickoff,428668.45,155,2765.60,577.10,4950.31
LG,Premium Shopper,Price Drop Parade,371793.19,135,2754.02,585.30,4972.04
LG,Premium Shopper,Red Tag Clearance,428946.55,161,2664.26,538.02,4895.41
LG,Premium Shopper,Seasonal Surprise Box,478928.21,165,2902.60,503.22,4989.51
LG,Premium Shopper,Shop & Save Spectacular,427199.77,149,2867.11,613.59,4922.21
LG,Premium Shopper,Smart Shopper Week,356871.37,129,2766.44,536.43,4968.79
LG,Premium Shopper,Spring Refresh Event,366202.62,130,2816.94,567.73,4997.79
LG,Premium Shopper,Spring Splash Discounts,373733.85,136,2748.04,517.73,4972.74
LG,Premium Shopper,Summer Sizzle Promo,291640.24,109,2675.60,519.96,4973.27
LG,Premium Shopper,Super Savings Week,385710.99,132,2922.05,504.15,4995.82
LG,Premium Shopper,Ultimate Value Event,417666.50,151,2766.00,540.51,4985.00
LG,Premium Shopper,VIP Access Sale,354867.42,135,2628.65,508.55,4985.32
LG,Premium Shopper,Weekend Warrior Specials,344437.33,127,2712.10,524.24,4975.67
LG,Premium Shopper,Winter Clearance Carnival,359567.57,131,2744.79,519.01,4981.33
LG,Premium Shopper,Winter Wonders Sale,329455.70,131,2514.93,533.46,4996.89
Levi's,Budget Shopper,12 Days of Deals,182868.90,62,2949.50,585.28,4991.32
Levi's,Budget Shopper,Autumn Deals Drive,199995.37,74,2702.64,525.01,4974.69
Levi's,Budget Shopper,BOGO Blitz,151755.15,53,2863.30,759.80,4967.08
Levi's,Budget Shopper,Back to School Boost,167993.88,62,2709.58,596.89,4909.98
Levi's,Budget Shopper,Birthday Bash Sale,198607.91,70,2837.26,759.65,4972.13
Levi's,Budget Shopper,Black Friday Blowout,202375.05,69,2932.97,622.77,4976.83
Levi's,Budget Shopper,Cart Crasher Campaign,170209.99,65,2618.62,639.97,4996.24
Levi's,Budget Shopper,Cashback Carnival,231254.06,83,2786.19,595.71,4847.44
Levi's,Budget Shopper,Clearance Countdown,145616.35,56,2600.29,530.24,4988.20
Levi's,Budget Shopper,Countdown to Savings,206809.00,74,2794.72,537.71,4985.41
Levi's,Budget Shopper,Customer Appreciation Week,197033.40,64,3078.65,629.82,4983.91
Levi's,Budget Shopper,Cyber Monday Mania,210260.47,74,2841.36,505.15,4981.01
Levi's,Budget Shopper,Deal of the Month,194984.62,71,2746.26,631.12,4790.30
Levi's,Budget Shopper,Double Points Bonanza,213085.45,75,2841.14,623.60,4973.85
Levi's,Budget Shopper,Early Bird Specials,131018.98,51,2569.00,641.67,4916.38
Levi's,Budget Shopper,End of Season Sale,200701.77,72,2787.52,527.84,4919.43
Levi's,Budget Shopper,Exclusive Insider Offers,158606.14,60,2643.44,504.62,4952.64
Levi's,Budget Shopper,Festive Fever Promo,159739.40,63,2535.55,530.10,4953.62
Levi's,Budget Shopper,Final Call Frenzy,163670.36,61,2683.12,530.47,4799.23
Levi's,Budget Shopper,Flash Frenzy Friday,146682.70,54,2716.35,803.43,4666.05
Levi's,Budget Shopper,"Gift More, Spend Less",170403.50,67,2543.34,657.89,4916.47
Levi's,Budget Shopper,Golden Hour Bargains,181650.53,64,2838.29,565.25,4996.69
Levi's,Budget Shopper,Green Weekend Deals,176769.17,65,2719.53,624.97,4987.56
Levi's,Budget Shopper,Happy Hour Discounts,193130.63,73,2645.63,529.17,4891.73
Levi's,Budget Shopper,Holiday Shopping Rush,205036.03,70,2929.09,506.38,4992.48
Levi's,Budget Shopper,Hot Picks Promo,208765.43,84,2485.30,528.76,4700.08
Levi's,Budget Shopper,Instant Gratification Sale,151090.49,54,2797.97,516.12,4984.14
Levi's,Budget Shopper,Limited Time Treasures,142125.57,57,2493.43,512.48,4885.75
Levi's,Budget Shopper,Loyalty Rewards Blast,216633.00,77,2813.42,596.40,4940.80
Levi's,Budget Shopper,Mega Weekend Bonanza,150780.42,58,2599.66,542.91,4901.48
Levi's,Budget Shopper,Mid-Year Madness,238697.58,87,2743.65,568.89,4989.93
Levi's,Budget Shopper,Midnight Madness,200260.89,80,2503.26,511.19,4943.81
Levi's,Budget Shopper,Mystery Discount Days,205971.58,72,2860.72,775.94,4970.10
Levi's,Budget Shopper,New Arrival Showcase,162771.01,60,2712.85,515.54,4867.61
Levi's,Budget Shopper,New Product Launch Promo,201965.91,72,2805.08,519.61,4883.66
Levi's,Budget Shopper,New Year Kickoff,165866.98,63,2632.81,565.81,4911.30
Levi's,Budget Shopper,Price Drop Parade,151448.57,57,2656.99,527.86,4959.54
Levi's,Budget Shopper,Red Tag Clearance,208217.80,73,2852.30,521.54,4996.92
Levi's,Budget Shopper,Seasonal Surprise Box,196433.62,67,2931.85,763.84,4940.25
Levi's,Budget Shopper,Shop & Save Spectacular,176466.81,64,2757.29,641.62,4862.13
Levi's,Budget Shopper,Smart Shopper Week,170640.41,60,2844.01,636.45,4965.97
Levi's,Budget Shopper,Spring Refresh Event,179203.99,68,2635.35,501.09,4910.64
Levi's,Budget Shopper,Spring Splash Discounts,187408.08,69,2716.06,523.19,4968.99
Levi's,Budget Shopper,Summer Sizzle Promo,164796.11,62,2658.00,515.95,4974.48
Levi's,Budget Shopper,Super Savings Week,187766.55,69,2721.25,532.71,4912.49
Levi's,Budget Shopper,Ultimate Value Event,195741.24,68,2878.55,598.26,4944.67
Levi's,Budget Shopper,VIP Access Sale,174215.99,64,2722.12,507.99,4952.49
Levi's,Budget Shopper,Weekend Warrior Specials,172067.04,65,2647.19,630.28,4953.54
Levi's,Budget Shopper,Winter Clearance Carnival,155551.59,54,2880.58,547.96,4939.82
Levi's,Budget Shopper,Winter Wonders Sale,218271.33,76,2871.99,708.53,4949.05
Levi's,Churn Risk,12 Days of Deals,223362.59,75,2978.17,745.29,4968.86
Levi's,Churn Risk,Autumn Deals Drive,181883.59,67,2714.68,543.41,4472.15
Levi's,Churn Risk,BOGO Blitz,202802.52,71,2856.37,631.09,4996.75
Levi's,Churn Risk,Back to School Boost,190584.79,69,2762.10,650.00,4991.50
Levi's,Churn Risk,Birthday Bash Sale,251468.37,85,2958.45,694.64,4997.36
Levi's,Churn Risk,Black Friday Blowout,146006.93,54,2703.83,536.29,4989.01
Levi's,Churn Risk,Cart Crasher Campaign,195041.62,76,2566.34,636.05,4593.58
Levi's,Churn Risk,Cashback Carnival,198937.54,67,2969.22,516.03,4994.40
Levi's,Churn Risk,Clearance Countdown,166579.59,60,2776.33,539.86,4995.43
Levi's,Churn Risk,Countdown to Savings,206753.43,73,2832.24,524.25,4916.26
Levi's,Churn Risk,Customer Appreciation Week,178602.90,64,2790.67,527.86,4964.09
Levi's,Churn Risk,Cyber Monday Mania,212589.66,71,2994.22,598.31,4992.60
Levi's,Churn Risk,Deal of the Month,183947.80,76,2420.37,502.65,4944.09
Levi's,Churn Risk,Double Points Bonanza,202715.17,68,2981.11,501.38,4960.91
Levi's,Churn Risk,Early Bird Specials,190422.02,73,2608.52,575.82,4955.10
Levi's,Churn Risk,End of Season Sale,201439.20,68,2962.34,618.80,4856.53
Levi's,Churn Risk,Exclusive Insider Offers,138408.82,58,2386.36,555.37,4969.87
Levi's,Churn Risk,Festive Fever Promo,179419.42,65,2760.30,513.43,4981.97
Levi's,Churn Risk,Final Call Frenzy,240901.97,87,2768.99,513.55,4968.41
Levi's,Churn Risk,Flash Frenzy Friday,174544.32,63,2770.54,599.53,4869.89
Levi's,Churn Risk,"Gift More, Spend Less",197448.63,71,2780.97,591.69,4920.41
Levi's,Churn Risk,Golden Hour Bargains,180496.69,66,2734.80,597.11,4899.09
Levi's,Churn Risk,Green Weekend Deals,180119.04,68,2648.81,527.72,4882.55
Levi's,Churn Risk,Happy Hour Discounts,167255.27,64,2613.36,542.50,4945.83
Levi's,Churn Risk,Holiday Shopping Rush,193098.31,66,2925.73,532.56,4974.99
Levi's,Churn Risk,Hot Picks Promo,175295.20,62,2827.34,554.41,4911.50
Levi's,Churn Risk,Instant Gratification Sale,189829.00,72,2636.51,603.31,4965.78
Levi's,Churn Risk,Limited Time Treasures,184131.86,66,2789.88,520.25,4873.61
Levi's,Churn Risk,Loyalty Rewards Blast,173585.27,65,2670.54,756.13,4991.43
Levi's,Churn Risk,Mega Weekend Bonanza,208919.07,73,2861.91,528.36,4939.14
Levi's,Churn Risk,Mid-Year Madness,215231.26,79,2724.45,506.96,4962.31
Levi's,Churn Risk,Midnight Madness,230646.83,79,2919.58,508.22,4850.99
Levi's,Churn Risk,Mystery Discount Days,168298.70,62,2714.50,521.58,4971.47
Levi's,Churn Risk,New Arrival Showcase,172206.59,67,2570.25,500.17,4917.59
Levi's,Churn Risk,New Product Launch Promo,206966.83,82,2523.99,563.95,4944.80
Levi's,Churn Risk,New Year Kickoff,203702.70,77,2645.49,518.02,4954.51
Levi's,Churn Risk,Price Drop Parade,167469.18,63,2658.24,716.45,4720.35
Levi's,Churn Risk,Red Tag Clearance,174567.65,62,2815.61,508.96,4985.45
Levi's,Churn Risk,Seasonal Surprise Box,193195.27,66,2927.20,547.86,4985.30
Levi's,Churn Risk,Shop & Save Spectacular,187165.95,63,2970.89,506.94,4947.32
Levi's,Churn Risk,Smart Shopper Week,173669.31,66,2631.35,504.15,4828.41
Levi's,Churn Risk,Spring Refresh Event,169260.44,64,2644.69,517.43,4960.80
Levi's,Churn Risk,Spring Splash Discounts,184291.00,70,2632.73,678.73,4946.66
Levi's,Churn Risk,Summer Sizzle Promo,208311.15,78,2670.66,796.20,4960.75
Levi's,Churn Risk,Super Savings Week,255718.13,85,3008.45,513.72,4886.69
Levi's,Churn Risk,Ultimate Value Event,178265.17,64,2785.39,616.96,4922.88
Levi's,Churn Risk,VIP Access Sale,208043.81,74,2811.40,525.59,4974.45
Levi's,Churn Risk,Weekend Warrior Specials,166230.98,66,2518.65,517.69,4766.34
Levi's,Churn Risk,Winter Clearance Carnival,203694.18,77,2645.38,563.10,4989.85
Levi's,Churn Risk,Winter Wonders Sale,184034.39,69,2667.17,594.07,4900.28
Levi's,Deal Seeker,12 Days of Deals,207877.80,74,2809.16,629.70,4993.99
Levi's,Deal Seeker,Autumn Deals Drive,223176.17,78,2861.23,527.50,4959.79
Levi's,Deal Seeker,BOGO Blitz,217621.41,79,2754.70,548.98,4969.29
Levi's,Deal Seeker,Back to School Boost,182159.24,69,2639.99,514.47,4851.62
Levi's,Deal Seeker,Birthday Bash Sale,226609.33,89,2546.17,529.73,4934.59
Levi's,Deal Seeker,Black Friday Blowout,225006.20,81,2777.85,551.43,4949.64
Levi's,Deal Seeker,Cart Crasher Campaign,189558.69,66,2872.10,642.56,4943.59
Levi's,Deal Seeker,Cashback Carnival,181379.31,60,3022.99,602.10,4947.47
Levi's,Deal Seeker,Clearance Countdown,192102.63,69,2784.10,504.91,4923.71
Levi's,Deal Seeker,Countdown to Savings,208829.35,77,2712.07,504.03,4936.42
Levi's,Deal Seeker,Customer Appreciation Week,205500.38,70,2935.72,510.73,4984.88
Levi's,Deal Seeker,Cyber Monday Mania,143804.98,56,2567.95,502.02,4812.75
Levi's,Deal Seeker,Deal of the Month,213868.90,76,2814.06,503.19,4958.53
Levi's,Deal Seeker,Double Points Bonanza,190382.98,69,2759.17,501.70,4948.72
Levi's,Deal Seeker,Early Bird Specials,211148.39,76,2778.27,646.45,4988.14
Levi's,Deal Seeker,End of Season Sale,171114.82,65,2632.54,506.45,4907.61
Levi's,Deal Seeker,Exclusive Insider Offers,165063.88,70,2358.06,515.70,4934.79
Levi's,Deal Seeker,Festive Fever Promo,166157.03,66,2517.53,524.93,4900.08
Levi's,Deal Seeker,Final Call Frenzy,204159.14,72,2835.54,538.30,4946.82
Levi's,Deal Seeker,Flash Frenzy Friday,228094.29,80,2851.18,561.83,4895.11
Levi's,Deal Seeker,"Gift More, Spend Less",170157.72,62,2744.48,515.98,4807.14
Levi's,Deal Seeker,Golden Hour Bargains,209876.03,76,2761.53,517.13,4973.88
Levi's,Deal Seeker,Green Weekend Deals,160337.64,59,2717.59,907.92,4851.53
Levi's,Deal Seeker,Happy Hour Discounts,160819.69,52,3092.69,556.71,4993.33
Levi's,Deal Seeker,Holiday Shopping Rush,159326.10,67,2378.00,582.01,4965.90
Levi's,Deal Seeker,Hot Picks Promo,205427.85,68,3021.00,611.92,4958.46
Levi's,Deal Seeker,Instant Gratification Sale,148874.65,56,2658.48,540.88,4992.16
Levi's,Deal Seeker,Limited Time Treasures,191321.41,72,2657.24,509.27,4840.24
Levi's,Deal Seeker,Loyalty Rewards Blast,184265.71,71,2595.29,534.03,4850.67
Levi's,Deal Seeker,Mega Weekend Bonanza,152285.63,58,2625.61,520.09,4885.79
Levi's,Deal Seeker,Mid-Year Madness,149756.19,56,2674.22,729.59,4786.35
Levi's,Deal Seeker,Midnight Madness,152208.03,62,2454.97,532.28,4998.11
Levi's,Deal Seeker,Mystery Discount Days,145772.26,53,2750.42,541.42,4869.16
Levi's,Deal Seeker,New Arrival Showcase,211245.35,76,2779.54,614.97,4911.05
Levi's,Deal Seeker,New Product Launch Promo,157866.67,59,2675.71,553.06,4975.69
Levi's,Deal Seeker,New Year Kickoff,219008.75,75,2920.12,520.58,4849.55
Levi's,Deal Seeker,Price Drop Parade,195461.01,67,2917.33,543.90,4974.06
Levi's,Deal Seeker,Red Tag Clearance,195784.74,69,2837.46,537.58,4879.90
Levi's,Deal Seeker,Seasonal Surprise Box,250233.69,83,3014.86,805.82,4941.46
Levi's,Deal Seeker,Shop & Save Spectacular,226763.98,80,2834.55,660.36,4995.64
Levi's,Deal Seeker,Smart Shopper Week,198886.36,74,2687.65,555.40,4868.75
Levi's,Deal Seeker,Spring Refresh Event,169086.98,65,2601.34,590.88,4949.65
Levi's,Deal Seeker,Spring Splash Discounts,211270.80,74,2855.01,540.73,4998.97
Levi's,Deal Seeker,Summer Sizzle Promo,174585.64,64,2727.90,556.50,4816.29
Levi's,Deal Seeker,Super Savings Week,172527.25,60,2875.45,502.63,4973.31
Levi's,Deal Seeker,Ultimate Value Event,195513.00,69,2833.52,506.42,4842.99
Levi's,Deal Seeker,VIP Access Sale,212323.42,73,2908.54,507.92,4771.31
Levi's,Deal Seeker,Weekend Warrior Specials,166395.62,64,2599.93,547.85,4899.94
Levi's,Deal Seeker,Winter Clearance Carnival,158888.75,62,2562.72,525.53,4941.51
Levi's,Deal Seeker,Winter Wonders Sale,183957.30,72,2554.96,521.06,4907.44
Levi's,First-time Buyer,12 Days of Deals,188296.00,69,2728.93,500.37,4991.26
Levi's,First-time Buyer,Autumn Deals Drive,195503.96,67,2917.97,618.07,4941.40
Levi's,First-time Buyer,BOGO Blitz,228475.64,76,3006.26,541.91,4959.98
Levi's,First-time Buyer,Back to School Boost,147708.66,58,2546.70,522.26,4933.80
Levi's,First-time Buyer,Birthday Bash Sale,180391.17,68,2652.81,503.70,4980.76
Levi's,First-time Buyer,Black Friday Blowout,182217.29,65,2803.34,550.36,4873.84
Levi's,First-time Buyer,Cart Crasher Campaign,187294.46,69,2714.41,519.54,4964.09
Levi's,First-time Buyer,Cashback Carnival,179873.55,64,2810.52,647.11,4935.96
Levi's,First-time Buyer,Clearance Countdown,187150.02,66,2835.61,533.04,4995.21
Levi's,First-time Buyer,Countdown to Savings,172424.30,65,2652.68,504.95,4990.95
Levi's,First-time Buyer,Customer Appreciation Week,187805.94,65,2889.32,538.43,4972.90
Levi's,First-time Buyer,Cyber Monday Mania,198699.52,66,3010.60,561.84,4987.49
Levi's,First-time Buyer,Deal of the Month,148924.06,48,3102.58,540.60,4973.22
Levi's,First-time Buyer,Double Points Bonanza,127687.26,52,2455.52,500.63,4962.25
Levi's,First-time Buyer,Early Bird Specials,180547.68,63,2865.84,539.83,4965.35
Levi's,First-time Buyer,End of Season Sale,196468.81,73,2691.35,597.32,4849.47
Levi's,First-time Buyer,Exclusive Insider Offers,226253.75,75,3016.72,558.94,4959.74
Levi's,First-time Buyer,Festive Fever Promo,224515.69,81,2771.80,615.74,4958.12
Levi's,First-time Buyer,Final Call Frenzy,164081.94,62,2646.48,542.62,4994.06
Levi's,First-time Buyer,Flash Frenzy Friday,228253.71,79,2889.29,579.34,4930.08
Levi's,First-time Buyer,"Gift More, Spend Less",185239.07,67,2764.76,548.23,4961.55
Levi's,First-time Buyer,Golden Hour Bargains,180954.62,61,2966.47,615.71,4993.74
Levi's,First-time Buyer,Green Weekend Deals,179898.33,67,2685.05,637.12,4996.15
Levi's,First-time Buyer,Happy Hour Discounts,170346.28,57,2988.53,699.82,4976.81
Levi's,First-time Buyer,Holiday Shopping Rush,181273.01,62,2923.76,672.89,4963.43
Levi's,First-time Buyer,Hot Picks Promo,190197.34,74,2570.23,521.54,4909.67
Levi's,First-time Buyer,Instant Gratification Sale,257048.64,94,2734.56,525.25,4881.36
Levi's,First-time Buyer,Limited Time Treasures,180426.61,73,2471.60,509.56,4907.13
Levi's,First-time Buyer,Loyalty Rewards Blast,201376.65,68,2961.42,635.17,4953.12
Levi's,First-time Buyer,Mega Weekend Bonanza,188071.29,69,2725.67,633.32,4984.20
Levi's,First-time Buyer,Mid-Year Madness,192401.86,70,2748.60,539.91,4901.38
Levi's,First-time Buyer,Midnight Madness,153712.82,54,2846.53,603.09,4916.27
Levi's,First-time Buyer,Mystery Discount Days,197491.46,72,2742.94,502.13,4836.15
Levi's,First-time Buyer,New Arrival Showcase,222077.96,76,2922.08,535.88,4963.46
Levi's,First-time Buyer,New Product Launch Promo,126063.71,56,2251.14,500.27,4897.07
Levi's,First-time Buyer,New Year Kickoff,149440.45,54,2767.42,519.75,4826.89
Levi's,First-time Buyer,Price Drop Parade,188271.79,74,2544.21,563.31,4923.14
Levi's,First-time Buyer,Red Tag Clearance,190419.41,64,2975.30,518.05,4991.99
Levi's,First-time Buyer,Seasonal Surprise Box,197335.42,63,3132.31,568.11,4930.58
Levi's,First-time Buyer,Shop & Save Spectacular,175852.44,60,2930.87,518.55,4985.92
Levi's,First-time Buyer,Smart Shopper Week,147915.25,55,2689.37,530.46,4968.20
Levi's,First-time Buyer,Spring Refresh Event,208081.50,69,3015.67,546.34,4996.53
Levi's,First-time Buyer,Spring Splash Discounts,201097.79,65,3093.81,632.65,4982.93
Levi's,First-time Buyer,Summer Sizzle Promo,221511.59,80,2768.89,586.88,4966.34
Levi's,First-time Buyer,Super Savings Week,186206.06,66,2821.30,506.81,4945.63
Levi's,First-time Buyer,Ultimate Value Event,202948.99,74,2742.55,598.04,4808.30
Levi's,First-time Buyer,VIP Access Sale,180510.28,66,2735.00,559.93,4977.51
Levi's,First-time Buyer,Weekend Warrior Specials,205463.14,78,2634.14,503.41,4906.38
Levi's,First-time Buyer,Winter Clearance Carnival,179275.92,71,2525.01,509.95,4940.15
Levi's,First-time Buyer,Winter Wonders Sale,167973.94,64,2624.59,520.96,4951.75
Levi's,High Value,12 Days of Deals,156451.89,65,2406.95,514.01,4999.26
Levi's,High Value,Autumn Deals Drive,213459.64,75,2846.13,558.73,4956.37
Levi's,High Value,BOGO Blitz,171205.12,63,2717.54,543.59,4962.26
Levi's,High Value,Back to School Boost,160450.26,60,2674.17,517.32,4989.26
Levi's,High Value,Birthday Bash Sale,206504.25,70,2950.06,603.56,4993.83
Levi's,High Value,Black Friday Blowout,161908.13,64,2529.81,631.04,4823.97
Levi's,High Value,Cart Crasher Campaign,214781.59,75,2863.75,561.21,4950.99
Levi's,High Value,Cashback Carnival,168417.01,64,2631.52,848.93,4832.42
Levi's,High Value,Clearance Countdown,172116.92,68,2531.13,511.93,4917.14
Levi's,High Value,Countdown to Savings,205105.42,78,2629.56,531.20,4985.56
Levi's,High Value,Customer Appreciation Week,202736.44,71,2855.44,519.88,4955.92
Levi's,High Value,Cyber Monday Mania,238231.47,87,2738.29,544.48,4927.42
Levi's,High Value,Deal of the Month,181318.36,65,2789.51,502.13,4886.34
Levi's,High Value,Double Points Bonanza,203026.38,71,2859.53,545.73,4989.35
Levi's,High Value,Early Bird Specials,234932.93,83,2830.52,531.45,4970.12
Levi's,High Value,End of Season Sale,178270.05,67,2660.75,579.33,4957.20
Levi's,High Value,Exclusive Insider Offers,156840.98,56,2800.73,518.66,4856.06
Levi's,High Value,Festive Fever Promo,184673.82,68,2715.79,561.47,4898.61
Levi's,High Value,Final Call Frenzy,168778.43,61,2766.86,588.66,4964.33
Levi's,High Value,Flash Frenzy Friday,219263.88,84,2610.28,516.34,4981.02
Levi's,High Value,"Gift More, Spend Less",197844.88,71,2786.55,506.74,4977.49
Levi's,High Value,Golden Hour Bargains,146877.79,54,2719.96,555.71,4958.71
Levi's,High Value,Green Weekend Deals,164120.93,60,2735.35,638.74,4924.25
Levi's,High Value,Happy Hour Discounts,141842.42,51,2781.22,597.85,4933.35
Levi's,High Value,Holiday Shopping Rush,176046.03,62,2839.45,517.84,4953.05
Levi's,High Value,Hot Picks Promo,154074.99,64,2407.42,520.35,4889.25
Levi's,High Value,Instant Gratification Sale,212987.17,72,2958.16,693.52,4969.15
Levi's,High Value,Limited Time Treasures,167330.86,60,2788.85,513.09,4882.86
Levi's,High Value,Loyalty Rewards Blast,200146.17,76,2633.50,607.48,4873.77
Levi's,High Value,Mega Weekend Bonanza,166888.92,65,2567.52,582.35,4851.68
Levi's,High Value,Mid-Year Madness,154252.21,58,2659.52,565.42,4958.94
Levi's,High Value,Midnight Madness,158750.78,64,2480.48,528.90,4956.09
Levi's,High Value,Mystery Discount Days,159725.02,64,2495.70,574.78,4975.30
Levi's,High Value,New Arrival Showcase,175083.47,65,2693.59,589.90,4976.30
Levi's,High Value,New Product Launch Promo,164616.71,61,2698.63,501.71,4991.07
Levi's,High Value,New Year Kickoff,215650.44,75,2875.34,549.63,4923.70
Levi's,High Value,Price Drop Parade,197125.91,69,2856.90,510.90,4963.49
Levi's,High Value,Red Tag Clearance,213829.60,76,2813.55,518.03,4974.08
Levi's,High Value,Seasonal Surprise Box,153421.89,52,2950.42,572.59,4936.99
Levi's,High Value,Shop & Save Spectacular,230433.96,68,3388.73,749.56,4990.21
Levi's,High Value,Smart Shopper Week,159005.47,53,3000.10,538.47,4978.12
Levi's,High Value,Spring Refresh Event,146746.45,59,2487.23,592.39,4893.25
Levi's,High Value,Spring Splash Discounts,197968.81,72,2749.57,513.20,4946.95
Levi's,High Value,Summer Sizzle Promo,173249.40,57,3039.46,732.21,4992.67
Levi's,High Value,Super Savings Week,179413.09,59,3040.90,585.94,4965.52
Levi's,High Value,Ultimate Value Event,203532.04,72,2826.83,532.59,4824.07
Levi's,High Value,VIP Access Sale,159404.26,62,2571.04,519.78,4933.85
Levi's,High Value,Weekend Warrior Specials,182876.65,69,2650.39,525.81,4934.24
Levi's,High Value,Winter Clearance Carnival,164194.69,59,2782.96,614.88,4820.75
Levi's,High Value,Winter Wonders Sale,189514.25,65,2915.60,538.73,4852.75
Levi's,In-Store Regular,12 Days of Deals,196399.61,67,2931.34,651.02,4981.75
Levi's,In-Store Regular,Autumn Deals Drive,204678.69,71,2882.80,517.38,4992.45
Levi's,In-Store Regular,BOGO Blitz,184803.28,69,2678.31,516.82,4982.67
Levi's,In-Store Regular,Back to School Boost,173933.33,70,2484.76,678.47,4970.09
Levi's,In-Store Regular,Birthday Bash Sale,170649.73,55,3102.72,746.61,4796.15
Levi's,In-Store Regular,Black Friday Blowout,176594.35,65,2716.84,548.91,4997.07
Levi's,In-Store Regular,Cart Crasher Campaign,236204.01,78,3028.26,668.05,4897.02
Levi's,In-Store Regular,Cashback Carnival,149516.37,56,2669.94,724.01,4889.22
Levi's,In-Store Regular,Clearance Countdown,179915.69,64,2811.18,567.00,4911.03
Levi's,In-Store Regular,Countdown to Savings,157509.41,58,2715.68,518.08,4995.55
Levi's,In-Store Regular,Customer Appreciation Week,185689.93,68,2730.73,563.87,4736.68
Levi's,In-Store Regular,Cyber Monday Mania,136402.87,49,2783.73,622.43,4883.94
Levi's,In-Store Regular,Deal of the Month,150462.71,53,2838.92,516.81,4787.42
Levi's,In-Store Regular,Double Points Bonanza,155135.88,55,2820.65,879.59,4992.87
Levi's,In-Store Regular,Early Bird Specials,159605.81,62,2574.29,556.96,4771.42
Levi's,In-Store Regular,End of Season Sale,218426.61,75,2912.35,561.90,4984.90
Levi's,In-Store Regular,Exclusive Insider Offers,165177.51,68,2429.08,580.36,4988.97
Levi's,In-Store Regular,Festive Fever Promo,166646.62,58,2873.22,530.49,4947.94
Levi's,In-Store Regular,Final Call Frenzy,180908.70,65,2783.21,584.55,4956.33
Levi's,In-Store Regular,Flash Frenzy Friday,162345.03,59,2751.61,607.40,4970.37
Levi's,In-Store Regular,"Gift More, Spend Less",181652.55,66,2752.31,532.93,4950.96
Levi's,In-Store Regular,Golden Hour Bargains,217480.73,78,2788.21,538.10,4965.00
Levi's,In-Store Regular,Green Weekend Deals,209824.95,74,2835.47,528.50,4983.88
Levi's,In-Store Regular,Happy Hour Discounts,186536.77,69,2703.43,566.76,4977.27
Levi's,In-Store Regular,Holiday Shopping Rush,158337.59,63,2513.30,716.00,4870.14
Levi's,In-Store Regular,Hot Picks Promo,173236.45,66,2624.79,531.76,4852.62
Levi's,In-Store Regular,Instant Gratification Sale,238090.87,79,3013.81,750.13,4993.22
Levi's,In-Store Regular,Limited Time Treasures,180849.15,71,2547.17,504.55,4752.72
Levi's,In-Store Regular,Loyalty Rewards Blast,207549.43,72,2882.63,528.22,4919.93
Levi's,In-Store Regular,Mega Weekend Bonanza,152710.18,61,2503.45,500.60,4997.25
Levi's,In-Store Regular,Mid-Year Madness,180422.87,61,2957.75,518.21,4905.42
Levi's,In-Store Regular,Midnight Madness,148075.65,54,2742.14,590.73,4869.48
Levi's,In-Store Regular,Mystery Discount Days,177749.38,65,2734.61,558.27,4833.17
Levi's,In-Store Regular,New Arrival Showcase,151412.75,55,2752.96,566.08,4989.84
Levi's,In-Store Regular,New Product Launch Promo,236355.99,81,2917.98,513.88,4971.43
Levi's,In-Store Regular,New Year Kickoff,226840.24,79,2871.40,561.97,4890.74
Levi's,In-Store Regular,Price Drop Parade,168667.26,61,2765.04,557.04,4999.49
Levi's,In-Store Regular,Red Tag Clearance,205385.38,78,2633.15,514.92,4863.39
Levi's,In-Store Regular,Seasonal Surprise Box,197590.78,69,2863.63,505.81,4952.90
Levi's,In-Store Regular,Shop & Save Spectacular,113507.31,52,2182.83,502.23,4808.33
Levi's,In-Store Regular,Smart Shopper Week,207298.19,76,2727.61,557.50,4942.95
Levi's,In-Store Regular,Spring Refresh Event,170770.85,63,2710.65,501.02,4982.21
Levi's,In-Store Regular,Spring Splash Discounts,218544.02,75,2913.92,615.44,4941.03
Levi's,In-Store Regular,Summer Sizzle Promo,189918.96,70,2713.13,609.85,4995.49
Levi's,In-Store Regular,Super Savings Week,187550.79,66,2841.68,627.71,4882.44
Levi's,In-Store Regular,Ultimate Value Event,235996.80,87,2712.61,515.27,4983.40
Levi's,In-Store Regular,VIP Access Sale,186820.54,67,2788.37,557.52,4804.33
Levi's,In-Store Regular,Weekend Warrior Specials,182860.26,67,2729.26,713.61,4836.40
Levi's,In-Store Regular,Winter Clearance Carnival,182298.19,71,2567.58,545.96,4950.92
Levi's,In-Store Regular,Winter Wonders Sale,233045.02,84,2774.35,551.73,4999.21
Levi's,Loyal Customer,12 Days of Deals,154632.44,63,2454.48,579.85,4978.63
Levi's,Loyal Customer,Autumn Deals Drive,161106.96,64,2517.30,521.51,4900.64
Levi's,Loyal Customer,BOGO Blitz,196570.30,71,2768.60,503.91,4989.26
Levi's,Loyal Customer,Back to School Boost,182643.10,72,2536.71,565.28,4963.11
Levi's,Loyal Customer,Birthday Bash Sale,123998.21,52,2384.58,538.73,4943.06
Levi's,Loyal Customer,Black Friday Blowout,222023.86,79,2810.43,529.54,4996.66
Levi's,Loyal Customer,Cart Crasher Campaign,151059.54,50,3021.19,508.66,4955.40
Levi's,Loyal Customer,Cashback Carnival,208021.40,72,2889.19,543.70,4973.33
Levi's,Loyal Customer,Clearance Countdown,177936.35,68,2616.71,540.79,4886.90
Levi's,Loyal Customer,Countdown to Savings,203279.37,73,2784.65,519.80,4941.33
Levi's,Loyal Customer,Customer Appreciation Week,175511.27,64,2742.36,652.70,4960.84
Levi's,Loyal Customer,Cyber Monday Mania,178686.90,61,2929.29,513.42,4837.13
Levi's,Loyal Customer,Deal of the Month,206333.88,77,2679.66,526.30,4943.64
Levi's,Loyal Customer,Double Points Bonanza,143155.06,48,2982.40,518.32,4940.88
Levi's,Loyal Customer,Early Bird Specials,192149.96,70,2745.00,502.97,4940.03
Levi's,Loyal Customer,End of Season Sale,187679.61,67,2801.19,643.49,4976.06
Levi's,Loyal Customer,Exclusive Insider Offers,211378.14,68,3108.50,692.93,4997.63
Levi's,Loyal Customer,Festive Fever Promo,202882.69,73,2779.21,613.70,4896.75
Levi's,Loyal Customer,Final Call Frenzy,174558.82,66,2644.83,514.60,4935.04
Levi's,Loyal Customer,Flash Frenzy Friday,206178.00,73,2824.36,518.61,4989.81
Levi's,Loyal Customer,"Gift More, Spend Less",214367.17,78,2748.30,501.94,4985.89
Levi's,Loyal Customer,Golden Hour Bargains,188915.52,66,2862.36,508.91,4936.98
Levi's,Loyal Customer,Green Weekend Deals,178982.15,71,2520.88,538.01,4974.03
Levi's,Loyal Customer,Happy Hour Discounts,167448.27,61,2745.05,723.33,4943.22
Levi's,Loyal Customer,Holiday Shopping Rush,155890.20,57,2734.92,545.51,4910.81
Levi's,Loyal Customer,Hot Picks Promo,175073.13,62,2823.76,551.14,4890.56
Levi's,Loyal Customer,Instant Gratification Sale,169668.95,57,2976.65,740.30,4809.59
Levi's,Loyal Customer,Limited Time Treasures,180148.13,63,2859.49,536.70,4853.79
Levi's,Loyal Customer,Loyalty Rewards Blast,195208.60,64,3050.13,660.66,4982.90
Levi's,Loyal Customer,Mega Weekend Bonanza,227384.35,78,2915.18,664.76,4948.76
Levi's,Loyal Customer,Mid-Year Madness,203235.26,70,2903.36,512.43,4965.92
Levi's,Loyal Customer,Midnight Madness,178582.61,67,2665.41,661.58,4927.86
Levi's,Loyal Customer,Mystery Discount Days,220082.90,84,2620.03,530.91,4999.85
Levi's,Loyal Customer,New Arrival Showcase,187486.67,73,2568.31,526.27,4793.67
Levi's,Loyal Customer,New Product Launch Promo,182788.21,59,3098.11,585.70,4964.12
Levi's,Loyal Customer,New Year Kickoff,128215.16,48,2671.15,527.88,4857.74
Levi's,Loyal Customer,Price Drop Parade,160798.87,64,2512.48,506.33,4882.18
Levi's,Loyal Customer,Red Tag Clearance,178117.87,71,2508.70,521.04,4823.37
Levi's,Loyal Customer,Seasonal Surprise Box,177677.26,70,2538.25,511.68,4975.63
Levi's,Loyal Customer,Shop & Save Spectacular,165349.05,58,2850.85,536.66,4937.72
Levi's,Loyal Customer,Smart Shopper Week,182525.00,65,2808.08,569.02,4988.46
Levi's,Loyal Customer,Spring Refresh Event,222583.33,76,2928.73,544.05,4973.49
Levi's,Loyal Customer,Spring Splash Discounts,160941.94,55,2926.22,561.35,4908.46
Levi's,Loyal Customer,Summer Sizzle Promo,215934.49,76,2841.24,508.47,4976.42
Levi's,Loyal Customer,Super Savings Week,181074.40,65,2785.76,528.11,4866.92
Levi's,Loyal Customer,Ultimate Value Event,161793.45,56,2889.17,586.00,4927.86
Levi's,Loyal Customer,VIP Access Sale,185307.44,66,2807.69,540.87,4999.97
Levi's,Loyal Customer,Weekend Warrior Specials,156670.76,58,2701.22,561.46,4934.98
Levi's,Loyal Customer,Winter Clearance Carnival,148630.61,58,2562.60,505.16,4865.70
Levi's,Loyal Customer,Winter Wonders Sale,229937.46,88,2612.93,508.14,4896.16
Levi's,Occasional Shopper,12 Days of Deals,168524.09,60,2808.73,653.66,4994.45
Levi's,Occasional Shopper,Autumn Deals Drive,192713.71,71,2714.28,578.84,4991.37
Levi's,Occasional Shopper,BOGO Blitz,191834.94,69,2780.22,661.99,4958.75
Levi's,Occasional Shopper,Back to School Boost,129265.58,53,2438.97,502.44,4819.38
Levi's,Occasional Shopper,Birthday Bash Sale,171820.64,62,2771.30,632.97,4983.20
Levi's,Occasional Shopper,Black Friday Blowout,218145.01,75,2908.60,548.69,4957.64
Levi's,Occasional Shopper,Cart Crasher Campaign,180026.48,65,2769.64,637.39,4953.00
Levi's,Occasional Shopper,Cashback Carnival,209631.77,70,2994.74,686.49,4992.74
Levi's,Occasional Shopper,Clearance Countdown,159753.48,60,2662.56,529.76,4942.42
Levi's,Occasional Shopper,Countdown to Savings,157430.49,62,2539.20,560.53,4978.14
Levi's,Occasional Shopper,Customer Appreciation Week,194041.57,67,2896.14,831.37,4965.75
Levi's,Occasional Shopper,Cyber Monday Mania,260915.65,92,2836.04,535.66,4976.32
Levi's,Occasional Shopper,Deal of the Month,181049.90,69,2623.91,522.23,4928.94
Levi's,Occasional Shopper,Double Points Bonanza,189306.50,65,2912.41,592.73,4982.33
Levi's,Occasional Shopper,Early Bird Specials,177856.86,68,2615.54,573.27,4933.26
Levi's,Occasional Shopper,End of Season Sale,178201.30,67,2659.72,572.54,4927.23
Levi's,Occasional Shopper,Exclusive Insider Offers,156484.35,56,2794.36,501.94,4981.16
Levi's,Occasional Shopper,Festive Fever Promo,164254.49,67,2451.56,521.21,4912.80
Levi's,Occasional Shopper,Final Call Frenzy,146993.83,55,2672.62,539.33,4864.72
Levi's,Occasional Shopper,Flash Frenzy Friday,167144.36,65,2571.45,677.52,4977.49
Levi's,Occasional Shopper,"Gift More, Spend Less",174602.67,65,2686.19,512.13,4973.12
Levi's,Occasional Shopper,Golden Hour Bargains,171464.59,62,2765.56,521.34,4904.11
Levi's,Occasional Shopper,Green Weekend Deals,189259.03,76,2490.25,530.54,4960.38
Levi's,Occasional Shopper,Happy Hour Discounts,179306.06,67,2676.21,518.75,4994.57
Levi's,Occasional Shopper,Holiday Shopping Rush,236535.68,80,2956.70,862.69,4987.85
Levi's,Occasional Shopper,Hot Picks Promo,200595.01,72,2786.04,560.29,4900.66
Levi's,Occasional Shopper,Instant Gratification Sale,153196.02,56,2735.64,543.01,4952.99
Levi's,Occasional Shopper,Limited Time Treasures,177929.50,71,2506.05,509.30,4928.90
Levi's,Occasional Shopper,Loyalty Rewards Blast,193214.99,59,3274.83,848.13,4921.08
Levi's,Occasional Shopper,Mega Weekend Bonanza,172409.94,63,2736.67,631.63,4923.73
Levi's,Occasional Shopper,Mid-Year Madness,170689.74,67,2547.61,546.12,4955.47
Levi's,Occasional Shopper,Midnight Madness,183983.94,69,2666.43,796.00,4848.13
Levi's,Occasional Shopper,Mystery Discount Days,171979.02,64,2687.17,509.78,4813.30
Levi's,Occasional Shopper,New Arrival Showcase,172694.41,66,2616.58,638.86,4991.01
Levi's,Occasional Shopper,New Product Launch Promo,162285.38,58,2798.02,521.39,4977.94
Levi's,Occasional Shopper,New Year Kickoff,170037.11,61,2787.49,534.39,4991.55
Levi's,Occasional Shopper,Price Drop Parade,221619.51,79,2805.31,522.48,4953.83
Levi's,Occasional Shopper,Red Tag Clearance,189427.03,65,2914.26,501.79,4952.32
Levi's,Occasional Shopper,Seasonal Surprise Box,179239.65,78,2297.94,510.78,4979.76
Levi's,Occasional Shopper,Shop & Save Spectacular,232184.91,91,2551.48,534.84,4887.92
Levi's,Occasional Shopper,Smart Shopper Week,173170.73,62,2793.08,501.31,4815.36
Levi's,Occasional Shopper,Spring Refresh Event,209992.63,80,2624.91,579.63,4928.19
Levi's,Occasional Shopper,Spring Splash Discounts,166056.93,60,2767.62,596.49,4975.22
Levi's,Occasional Shopper,Summer Sizzle Promo,164094.88,61,2690.08,536.43,4890.45
Levi's,Occasional Shopper,Super Savings Week,190659.58,66,2888.78,523.96,4987.82
Levi's,Occasional Shopper,Ultimate Value Event,179675.91,62,2898.00,513.61,4891.12
Levi's,Occasional Shopper,VIP Access Sale,198789.78,76,2615.66,551.43,4940.88
Levi's,Occasional Shopper,Weekend Warrior Specials,113153.96,49,2309.26,556.81,4884.53
Levi's,Occasional Shopper,Winter Clearance Carnival,177853.31,61,2915.63,534.42,4988.01
Levi's,Occasional Shopper,Winter Wonders Sale,187434.33,75,2499.12,542.38,4939.94
Levi's,Online Shopper,12 Days of Deals,198576.65,71,2796.85,665.63,4895.75
Levi's,Online Shopper,Autumn Deals Drive,159191.60,63,2526.85,509.47,4958.34
Levi's,Online Shopper,BOGO Blitz,205225.37,70,2931.79,508.84,4981.27
Levi's,Online Shopper,Back to School Boost,166660.67,68,2450.89,572.15,4787.27
Levi's,Online Shopper,Birthday Bash Sale,200537.21,78,2570.99,524.96,4991.41
Levi's,Online Shopper,Black Friday Blowout,170527.42,64,2664.49,599.11,4874.51
Levi's,Online Shopper,Cart Crasher Campaign,161071.16,60,2684.52,637.96,4881.06
Levi's,Online Shopper,Cashback Carnival,203172.43,69,2944.53,518.52,4973.33
Levi's,Online Shopper,Clearance Countdown,169041.69,62,2726.48,537.14,4983.18
Levi's,Online Shopper,Countdown to Savings,166844.07,62,2691.03,542.57,4927.82
Levi's,Online Shopper,Customer Appreciation Week,208439.44,77,2707.01,519.21,4876.34
Levi's,Online Shopper,Cyber Monday Mania,229498.01,75,3059.97,669.22,4883.52
Levi's,Online Shopper,Deal of the Month,206909.24,70,2955.85,772.77,4952.25
Levi's,Online Shopper,Double Points Bonanza,163775.36,57,2873.25,652.67,4985.08
Levi's,Online Shopper,Early Bird Specials,160489.21,62,2588.54,501.24,4920.82
Levi's,Online Shopper,End of Season Sale,184989.93,65,2846.00,522.44,4912.84
Levi's,Online Shopper,Exclusive Insider Offers,169067.63,68,2486.29,518.51,4935.95
Levi's,Online Shopper,Festive Fever Promo,217198.28,71,3059.13,505.36,4914.37
Levi's,Online Shopper,Final Call Frenzy,204333.11,71,2877.93,573.65,4957.06
Levi's,Online Shopper,Flash Frenzy Friday,216695.33,72,3009.66,577.70,4943.11
Levi's,Online Shopper,"Gift More, Spend Less",179513.76,65,2761.75,626.55,4934.51
Levi's,Online Shopper,Golden Hour Bargains,190804.96,67,2847.84,871.85,4922.88
Levi's,Online Shopper,Green Weekend Deals,167579.27,63,2659.99,643.58,4916.72
Levi's,Online Shopper,Happy Hour Discounts,206548.40,73,2829.43,507.81,4875.25
Levi's,Online Shopper,Holiday Shopping Rush,221155.88,81,2730.32,507.39,4992.50
Levi's,Online Shopper,Hot Picks Promo,178389.83,59,3023.56,500.12,4999.60
Levi's,Online Shopper,Instant Gratification Sale,164583.34,63,2612.43,501.81,4969.46
Levi's,Online Shopper,Limited Time Treasures,212096.08,74,2866.16,559.84,4987.04
Levi's,Online Shopper,Loyalty Rewards Blast,229254.19,80,2865.68,524.75,4896.48
Levi's,Online Shopper,Mega Weekend Bonanza,178543.99,66,2705.21,510.92,4983.37
Levi's,Online Shopper,Mid-Year Madness,169643.30,67,2531.99,520.80,4908.10
Levi's,Online Shopper,Midnight Madness,223380.81,83,2691.34,511.51,4972.96
Levi's,Online Shopper,Mystery Discount Days,157221.99,59,2664.78,512.99,4938.55
Levi's,Online Shopper,New Arrival Showcase,194027.38,68,2853.34,592.79,4915.47
Levi's,Online Shopper,New Product Launch Promo,156584.93,57,2747.10,543.75,4949.60
Levi's,Online Shopper,New Year Kickoff,181054.07,65,2785.45,556.31,4976.14
Levi's,Online Shopper,Price Drop Parade,153339.17,56,2738.20,543.03,4940.53
Levi's,Online Shopper,Red Tag Clearance,223432.85,76,2939.91,501.14,4939.10
Levi's,Online Shopper,Seasonal Surprise Box,163948.92,64,2561.70,508.74,4935.34
Levi's,Online Shopper,Shop & Save Spectacular,220899.91,77,2868.83,500.33,4920.26
Levi's,Online Shopper,Smart Shopper Week,177108.42,62,2856.59,526.55,4996.33
Levi's,Online Shopper,Spring Refresh Event,167455.12,61,2745.17,646.40,4967.55
Levi's,Online Shopper,Spring Splash Discounts,235210.93,84,2800.13,585.75,4969.75
Levi's,Online Shopper,Summer Sizzle Promo,193591.69,77,2514.18,558.77,4648.55
Levi's,Online Shopper,Super Savings Week,177367.37,61,2907.66,518.46,4892.91
Levi's,Online Shopper,Ultimate Value Event,162051.17,60,2700.85,567.10,4893.51
Levi's,Online Shopper,VIP Access Sale,209740.09,73,2873.15,522.84,4950.68
Levi's,Online Shopper,Weekend Warrior Specials,160774.42,61,2635.65,541.64,4913.74
Levi's,Online Shopper,Winter Clearance Carnival,231663.88,80,2895.80,570.52,4969.63
Levi's,Online Shopper,Winter Wonders Sale,168136.17,61,2756.33,587.93,4976.93
Levi's,Premium Shopper,12 Days of Deals,167997.79,64,2624.97,529.81,4981.88
Levi's,Premium Shopper,Autumn Deals Drive,153160.58,58,2640.70,600.96,4895.94
Levi's,Premium Shopper,BOGO Blitz,186515.12,75,2486.87,510.11,4804.12
Levi's,Premium Shopper,Back to School Boost,146924.31,55,2671.35,603.29,4824.19
Levi's,Premium Shopper,Birthday Bash Sale,183587.23,67,2740.11,507.09,4869.60
Levi's,Premium Shopper,Black Friday Blowout,169559.60,60,2825.99,513.13,4790.06
Levi's,Premium Shopper,Cart Crasher Campaign,176022.05,59,2983.42,591.76,4868.98
Levi's,Premium Shopper,Cashback Carnival,178542.72,75,2380.57,508.75,4955.81
Levi's,Premium Shopper,Clearance Countdown,203159.71,76,2673.15,536.27,4946.19
Levi's,Premium Shopper,Countdown to Savings,137521.84,55,2500.40,575.70,4929.06
Levi's,Premium Shopper,Customer Appreciation Week,176940.33,65,2722.16,556.83,4955.81
Levi's,Premium Shopper,Cyber Monday Mania,169457.68,69,2455.91,504.42,4880.14
Levi's,Premium Shopper,Deal of the Month,159094.11,61,2608.10,545.65,4935.53
Levi's,Premium Shopper,Double Points Bonanza,207819.77,69,3011.88,530.89,4926.72
Levi's,Premium Shopper,Early Bird Specials,185977.74,69,2695.33,509.91,4931.80
Levi's,Premium Shopper,End of Season Sale,167220.19,63,2654.29,542.47,4958.77
Levi's,Premium Shopper,Exclusive Insider Offers,161684.91,61,2650.57,501.18,4981.25
Levi's,Premium Shopper,Festive Fever Promo,177226.40,67,2645.17,613.36,4902.83
Levi's,Premium Shopper,Final Call Frenzy,227343.34,83,2739.08,560.97,4960.70
Levi's,Premium Shopper,Flash Frenzy Friday,191304.66,71,2694.43,579.17,4948.95
Levi's,Premium Shopper,"Gift More, Spend Less",141635.93,54,2622.89,656.83,4924.24
Levi's,Premium Shopper,Golden Hour Bargains,167749.30,58,2892.23,541.53,4998.56
Levi's,Premium Shopper,Green Weekend Deals,163693.57,57,2871.82,556.03,4982.11
Levi's,Premium Shopper,Happy Hour Discounts,200695.70,71,2826.70,550.66,4954.45
Levi's,Premium Shopper,Holiday Shopping Rush,192829.40,73,2641.50,507.23,4752.78
Levi's,Premium Shopper,Hot Picks Promo,193687.20,70,2766.96,549.86,4964.11
Levi's,Premium Shopper,Instant Gratification Sale,173359.18,58,2988.95,587.41,4985.74
Levi's,Premium Shopper,Limited Time Treasures,182157.37,67,2718.77,547.75,4974.73
Levi's,Premium Shopper,Loyalty Rewards Blast,203331.25,69,2946.83,539.83,4996.42
Levi's,Premium Shopper,Mega Weekend Bonanza,178391.48,64,2787.37,735.47,4974.46
Levi's,Premium Shopper,Mid-Year Madness,171422.13,60,2857.04,510.73,4889.24
Levi's,Premium Shopper,Midnight Madness,179172.24,59,3036.82,512.97,4835.84
Levi's,Premium Shopper,Mystery Discount Days,142807.91,54,2644.59,667.99,4803.99
Levi's,Premium Shopper,New Arrival Showcase,188136.08,69,2726.61,577.84,4774.79
Levi's,Premium Shopper,New Product Launch Promo,199709.48,66,3025.90,542.31,4864.48
Levi's,Premium Shopper,New Year Kickoff,193444.25,77,2512.26,590.24,4821.19
Levi's,Premium Shopper,Price Drop Parade,165416.06,63,2625.65,623.15,4993.76
Levi's,Premium Shopper,Red Tag Clearance,189990.86,67,2835.68,644.76,4970.08
Levi's,Premium Shopper,Seasonal Surprise Box,151023.11,60,2517.05,583.10,4742.25
Levi's,Premium Shopper,Shop & Save Spectacular,212924.99,69,3085.87,660.47,4989.80
Levi's,Premium Shopper,Smart Shopper Week,164758.88,57,2890.51,603.52,4933.36
Levi's,Premium Shopper,Spring Refresh Event,166023.75,58,2862.48,563.90,4972.47
Levi's,Premium Shopper,Spring Splash Discounts,163961.59,60,2732.69,613.14,4944.45
Levi's,Premium Shopper,Summer Sizzle Promo,155826.31,57,2733.79,703.48,4902.70
Levi's,Premium Shopper,Super Savings Week,204765.29,72,2843.96,534.41,4953.24
Levi's,Premium Shopper,Ultimate Value Event,195436.01,77,2538.13,500.17,4987.96
Levi's,Premium Shopper,VIP Access Sale,177015.03,64,2765.86,647.65,4949.01
Levi's,Premium Shopper,Weekend Warrior Specials,215028.14,70,3071.83,551.33,4935.93
Levi's,Premium Shopper,Winter Clearance Carnival,165815.12,65,2551.00,508.47,4979.50
Levi's,Premium Shopper,Winter Wonders Sale,182615.53,71,2572.05,540.38,4937.61
Nestle,Budget Shopper,12 Days of Deals,183384.27,62,2957.81,505.54,4900.20
Nestle,Budget Shopper,Autumn Deals Drive,208051.72,72,2889.61,524.60,4982.01
Nestle,Budget Shopper,BOGO Blitz,163126.80,62,2631.08,582.31,4996.27
Nestle,Budget Shopper,Back to School Boost,219163.90,75,2922.19,557.52,4985.68
Nestle,Budget Shopper,Birthday Bash Sale,159884.54,53,3016.69,950.05,4882.62
Nestle,Budget Shopper,Black Friday Blowout,191837.13,69,2780.25,505.61,4818.99
Nestle,Budget Shopper,Cart Crasher Campaign,182241.92,71,2566.79,649.99,4844.27
Nestle,Budget Shopper,Cashback Carnival,178251.69,60,2970.86,746.25,4967.55
Nestle,Budget Shopper,Clearance Countdown,200612.37,68,2950.18,559.80,4997.60
Nestle,Budget Shopper,Countdown to Savings,182449.26,64,2850.77,517.81,4910.21
Nestle,Budget Shopper,Customer Appreciation Week,159497.13,54,2953.65,564.15,4995.70
Nestle,Budget Shopper,Cyber Monday Mania,192707.80,64,3011.06,511.89,4963.48
Nestle,Budget Shopper,Deal of the Month,191601.00,66,2903.05,535.80,4783.86
Nestle,Budget Shopper,Double Points Bonanza,159791.07,54,2959.09,753.96,4925.17
Nestle,Budget Shopper,Early Bird Specials,199949.88,78,2563.46,542.52,4840.63
Nestle,Budget Shopper,End of Season Sale,219853.85,76,2892.81,621.92,4988.64
Nestle,Budget Shopper,Exclusive Insider Offers,177255.38,60,2954.26,528.32,4940.62
Nestle,Budget Shopper,Festive Fever Promo,138934.67,54,2572.86,513.45,4994.55
Nestle,Budget Shopper,Final Call Frenzy,191599.71,69,2776.81,637.32,4961.65
Nestle,Budget Shopper,Flash Frenzy Friday,172446.49,65,2653.02,693.94,4927.88
Nestle,Budget Shopper,"Gift More, Spend Less",149903.24,52,2882.75,626.44,4866.92
Nestle,Budget Shopper,Golden Hour Bargains,169491.70,59,2872.74,576.59,4934.08
Nestle,Budget Shopper,Green Weekend Deals,174328.75,68,2563.66,552.81,4989.20
Nestle,Budget Shopper,Happy Hour Discounts,178330.00,70,2547.57,528.28,4995.84
Nestle,Budget Shopper,Holiday Shopping Rush,153826.42,62,2481.07,536.45,4999.39
Nestle,Budget Shopper,Hot Picks Promo,149372.82,58,2575.39,610.69,4978.59
Nestle,Budget Shopper,Instant Gratification Sale,158356.56,54,2932.53,605.69,4973.03
Nestle,Budget Shopper,Limited Time Treasures,182838.70,67,2728.94,573.48,4894.04
Nestle,Budget Shopper,Loyalty Rewards Blast,167052.00,56,2983.07,578.36,4950.50
Nestle,Budget Shopper,Mega Weekend Bonanza,187931.58,70,2684.74,506.20,4987.19
Nestle,Budget Shopper,Mid-Year Madness,186581.57,71,2627.91,513.15,4973.73
Nestle,Budget Shopper,Midnight Madness,174187.03,66,2639.20,569.06,4954.22
Nestle,Budget Shopper,Mystery Discount Days,189565.13,70,2708.07,521.22,4945.40
Nestle,Budget Shopper,New Arrival Showcase,187719.51,72,2607.22,530.41,4955.32
Nestle,Budget Shopper,New Product Launch Promo,176533.68,71,2486.39,534.41,4984.26
Nestle,Budget Shopper,New Year Kickoff,166330.36,60,2772.17,676.68,4880.61
Nestle,Budget Shopper,Price Drop Parade,133296.71,52,2563.40,557.63,4919.38
Nestle,Budget Shopper,Red Tag Clearance,166626.46,63,2644.86,608.14,4984.96
Nestle,Budget Shopper,Seasonal Surprise Box,187130.19,65,2878.93,501.93,4968.64
Nestle,Budget Shopper,Shop & Save Spectacular,170233.44,62,2745.70,503.57,4995.39
Nestle,Budget Shopper,Smart Shopper Week,203400.03,77,2641.56,516.99,4889.88
Nestle,Budget Shopper,Spring Refresh Event,216255.24,75,2883.40,642.31,4913.25
Nestle,Budget Shopper,Spring Splash Discounts,151257.48,59,2563.69,614.63,4998.53
Nestle,Budget Shopper,Summer Sizzle Promo,199770.65,77,2594.42,515.15,4908.25
Nestle,Budget Shopper,Super Savings Week,184891.19,67,2759.57,540.47,4924.72
Nestle,Budget Shopper,Ultimate Value Event,177097.88,65,2724.58,547.02,4942.98
Nestle,Budget Shopper,VIP Access Sale,172377.28,68,2534.96,514.92,4416.15
Nestle,Budget Shopper,Weekend Warrior Specials,147236.89,61,2413.72,586.06,4765.74
Nestle,Budget Shopper,Winter Clearance Carnival,211225.74,77,2743.19,507.50,4980.36
Nestle,Budget Shopper,Winter Wonders Sale,174583.77,61,2862.03,505.33,4956.26
Nestle,Churn Risk,12 Days of Deals,162606.22,70,2322.95,518.82,4905.19
Nestle,Churn Risk,Autumn Deals Drive,171350.18,62,2763.71,563.85,4760.59
Nestle,Churn Risk,BOGO Blitz,169115.09,66,2562.35,507.32,4983.97
Nestle,Churn Risk,Back to School Boost,200375.64,75,2671.68,518.77,4872.57
Nestle,Churn Risk,Birthday Bash Sale,188568.40,67,2814.45,506.34,4884.83
Nestle,Churn Risk,Black Friday Blowout,226653.74,74,3062.89,531.74,4964.44
Nestle,Churn Risk,Cart Crasher Campaign,176098.22,64,2751.53,598.82,4938.47
Nestle,Churn Risk,Cashback Carnival,215919.60,79,2733.16,523.37,4971.78
Nestle,Churn Risk,Clearance Countdown,139883.70,57,2454.10,649.18,4750.12
Nestle,Churn Risk,Countdown to Savings,176291.70,65,2712.18,592.76,4984.12
Nestle,Churn Risk,Customer Appreciation Week,161536.88,64,2524.01,524.00,4828.22
Nestle,Churn Risk,Cyber Monday Mania,196812.54,66,2982.01,715.71,4996.08
Nestle,Churn Risk,Deal of the Month,168347.52,57,2953.47,550.99,4981.92
Nestle,Churn Risk,Double Points Bonanza,164645.51,60,2744.09,651.84,4955.16
Nestle,Churn Risk,Early Bird Specials,159054.40,52,3058.74,519.29,4952.84
Nestle,Churn Risk,End of Season Sale,153085.51,59,2594.67,507.19,4947.09
Nestle,Churn Risk,Exclusive Insider Offers,142217.32,52,2734.95,600.94,4923.33
Nestle,Churn Risk,Festive Fever Promo,182892.18,70,2612.75,555.48,4990.21
Nestle,Churn Risk,Final Call Frenzy,213737.08,77,2775.81,579.67,4971.01
Nestle,Churn Risk,Flash Frenzy Friday,150293.47,55,2732.61,536.13,4978.39
Nestle,Churn Risk,"Gift More, Spend Less",196835.09,70,2811.93,521.94,4949.95
Nestle,Churn Risk,Golden Hour Bargains,167347.55,64,2614.81,526.71,4943.54
Nestle,Churn Risk,Green Weekend Deals,189046.42,67,2821.59,583.12,4991.78
Nestle,Churn Risk,Happy Hour Discounts,224069.18,73,3069.44,557.60,4993.28
Nestle,Churn Risk,Holiday Shopping Rush,173876.54,60,2897.94,713.20,4960.89
Nestle,Churn Risk,Hot Picks Promo,211930.17,77,2752.34,559.68,4890.70
Nestle,Churn Risk,Instant Gratification Sale,173890.77,61,2850.67,569.98,4988.21
Nestle,Churn Risk,Limited Time Treasures,225409.87,84,2683.45,516.07,4950.63
Nestle,Churn Risk,Loyalty Rewards Blast,193876.70,66,2937.53,545.89,4952.95
Nestle,Churn Risk,Mega Weekend Bonanza,174007.97,62,2806.58,546.48,4998.94
Nestle,Churn Risk,Mid-Year Madness,173873.51,67,2595.13,561.75,4990.79
Nestle,Churn Risk,Midnight Madness,175534.57,66,2659.61,545.56,4967.20
Nestle,Churn Risk,Mystery Discount Days,221684.53,79,2806.13,573.91,4773.88
Nestle,Churn Risk,New Arrival Showcase,124177.52,49,2534.24,527.41,4977.98
Nestle,Churn Risk,New Product Launch Promo,191770.85,68,2820.16,555.14,4882.68
Nestle,Churn Risk,New Year Kickoff,199822.24,71,2814.40,657.88,4969.26
Nestle,Churn Risk,Price Drop Parade,195813.15,67,2922.58,597.41,4939.04
Nestle,Churn Risk,Red Tag Clearance,164664.79,61,2699.42,524.18,4986.36
Nestle,Churn Risk,Seasonal Surprise Box,150584.87,54,2788.61,583.22,4870.29
Nestle,Churn Risk,Shop & Save Spectacular,172971.04,61,2835.59,557.77,4909.67
Nestle,Churn Risk,Smart Shopper Week,164881.16,63,2617.16,519.85,4978.98
Nestle,Churn Risk,Spring Refresh Event,173049.79,57,3035.96,687.81,4998.26
Nestle,Churn Risk,Spring Splash Discounts,134359.94,57,2357.19,505.92,4820.10
Nestle,Churn Risk,Summer Sizzle Promo,168768.32,63,2678.86,531.33,4771.63
Nestle,Churn Risk,Super Savings Week,190012.47,69,2753.80,502.79,4878.83
Nestle,Churn Risk,Ultimate Value Event,186206.47,66,2821.31,502.89,4945.15
Nestle,Churn Risk,VIP Access Sale,220307.20,80,2753.84,542.18,4969.08
Nestle,Churn Risk,Weekend Warrior Specials,146858.60,56,2622.47,527.86,4971.12
Nestle,Churn Risk,Winter Clearance Carnival,189655.03,70,2709.36,502.13,4992.79
Nestle,Churn Risk,Winter Wonders Sale,196220.08,69,2843.77,558.12,4938.25
Nestle,Deal Seeker,12 Days of Deals,207169.85,68,3046.62,624.10,4998.90
Nestle,Deal Seeker,Autumn Deals Drive,188004.59,68,2764.77,500.76,4974.03
Nestle,Deal Seeker,BOGO Blitz,185109.32,66,2804.69,539.29,4909.95
Nestle,Deal Seeker,Back to School Boost,207658.07,68,3053.80,500.60,4933.09
Nestle,Deal Seeker,Birthday Bash Sale,199080.77,76,2619.48,523.64,4970.11
Nestle,Deal Seeker,Black Friday Blowout,184248.80,60,3070.81,689.46,4897.48
Nestle,Deal Seeker,Cart Crasher Campaign,208417.92,73,2855.04,551.90,4946.45
Nestle,Deal Seeker,Cashback Carnival,201107.70,65,3093.96,502.91,4995.74
Nestle,Deal Seeker,Clearance Countdown,202673.42,76,2666.76,541.85,4893.13
Nestle,Deal Seeker,Countdown to Savings,209782.53,75,2797.10,540.77,4978.48
Nestle,Deal Seeker,Customer Appreciation Week,203133.95,74,2745.05,679.56,4985.39
Nestle,Deal Seeker,Cyber Monday Mania,169822.54,69,2461.20,520.11,4873.80
Nestle,Deal Seeker,Deal of the Month,189565.85,68,2787.73,508.61,4948.04
Nestle,Deal Seeker,Double Points Bonanza,212304.49,73,2908.28,593.96,4955.52
Nestle,Deal Seeker,Early Bird Specials,179299.83,66,2716.66,564.48,4999.70
Nestle,Deal Seeker,End of Season Sale,205834.85,72,2858.82,538.71,4893.90
Nestle,Deal Seeker,Exclusive Insider Offers,199175.58,72,2766.33,564.18,4957.80
Nestle,Deal Seeker,Festive Fever Promo,177653.16,65,2733.13,529.52,4997.65
Nestle,Deal Seeker,Final Call Frenzy,181537.05,66,2750.56,587.93,4720.79
Nestle,Deal Seeker,Flash Frenzy Friday,171589.04,66,2599.83,627.94,4809.88
Nestle,Deal Seeker,"Gift More, Spend Less",153338.04,55,2787.96,528.33,4936.78
Nestle,Deal Seeker,Golden Hour Bargains,212957.30,77,2765.68,615.02,4843.06
Nestle,Deal Seeker,Green Weekend Deals,187111.08,69,2711.75,511.58,4986.13
Nestle,Deal Seeker,Happy Hour Discounts,150857.67,56,2693.89,550.52,4944.76
Nestle,Deal Seeker,Holiday Shopping Rush,181334.74,69,2628.04,507.76,4966.26
Nestle,Deal Seeker,Hot Picks Promo,226725.02,79,2869.94,784.07,4971.90
Nestle,Deal Seeker,Instant Gratification Sale,210261.90,79,2661.54,543.01,4936.39
Nestle,Deal Seeker,Limited Time Treasures,188297.14,68,2769.08,569.29,4964.98
Nestle,Deal Seeker,Loyalty Rewards Blast,207134.58,71,2917.39,539.76,4995.57
Nestle,Deal Seeker,Mega Weekend Bonanza,152477.48,56,2722.81,698.47,4975.22
Nestle,Deal Seeker,Mid-Year Madness,182788.10,71,2574.48,502.46,4975.69
Nestle,Deal Seeker,Midnight Madness,180395.92,65,2775.32,545.61,4947.50
Nestle,Deal Seeker,Mystery Discount Days,234616.11,82,2861.17,706.08,4922.80
Nestle,Deal Seeker,New Arrival Showcase,221307.92,82,2698.88,518.52,4911.93
Nestle,Deal Seeker,New Product Launch Promo,196799.62,69,2852.17,525.02,4923.75
Nestle,Deal Seeker,New Year Kickoff,131497.96,49,2683.63,556.04,4626.71
Nestle,Deal Seeker,Price Drop Parade,163602.28,62,2638.75,697.54,4880.29
Nestle,Deal Seeker,Red Tag Clearance,215223.42,75,2869.65,537.88,4963.62
Nestle,Deal Seeker,Seasonal Surprise Box,116220.81,44,2641.38,635.69,4989.26
Nestle,Deal Seeker,Shop & Save Spectacular,201344.83,70,2876.35,509.90,4978.05
Nestle,Deal Seeker,Smart Shopper Week,194928.05,75,2599.04,515.37,4962.23
Nestle,Deal Seeker,Spring Refresh Event,144277.20,59,2445.38,521.03,4875.56
Nestle,Deal Seeker,Spring Splash Discounts,169332.06,62,2731.16,584.99,4989.87
Nestle,Deal Seeker,Summer Sizzle Promo,167305.52,63,2655.64,538.74,4894.36
Nestle,Deal Seeker,Super Savings Week,204985.59,74,2770.08,552.89,4999.88
Nestle,Deal Seeker,Ultimate Value Event,200350.77,70,2862.15,518.82,4997.42
Nestle,Deal Seeker,VIP Access Sale,160010.29,54,2963.15,597.24,4973.99
Nestle,Deal Seeker,Weekend Warrior Specials,163471.64,58,2818.48,589.62,4966.74
Nestle,Deal Seeker,Winter Clearance Carnival,207341.50,76,2728.18,536.07,4968.24
Nestle,Deal Seeker,Winter Wonders Sale,213215.82,78,2733.54,533.33,4940.78
Nestle,First-time Buyer,12 Days of Deals,231465.26,85,2723.12,555.98,4992.79
Nestle,First-time Buyer,Autumn Deals Drive,184135.82,69,2668.64,557.82,4961.95
Nestle,First-time Buyer,BOGO Blitz,184124.10,63,2922.60,742.42,4996.36
Nestle,First-time Buyer,Back to School Boost,157786.92,61,2586.67,670.43,4843.61
Nestle,First-time Buyer,Birthday Bash Sale,149852.73,57,2629.00,542.73,4966.33
Nestle,First-time Buyer,Black Friday Blowout,178527.38,66,2704.96,517.55,4984.35
Nestle,First-time Buyer,Cart Crasher Campaign,148508.55,56,2651.94,601.51,4885.98
Nestle,First-time Buyer,Cashback Carnival,214360.02,81,2646.42,575.76,4986.04
Nestle,First-time Buyer,Clearance Countdown,168760.61,65,2596.32,519.68,4966.95
Nestle,First-time Buyer,Countdown to Savings,183366.39,66,2778.28,526.54,4996.32
Nestle,First-time Buyer,Customer Appreciation Week,214790.18,73,2942.33,587.50,4967.81
Nestle,First-time Buyer,Cyber Monday Mania,170530.44,61,2795.58,670.56,4998.08
Nestle,First-time Buyer,Deal of the Month,132160.05,47,2811.92,660.35,4888.81
Nestle,First-time Buyer,Double Points Bonanza,196303.23,64,3067.24,511.56,4886.39
Nestle,First-time Buyer,Early Bird Specials,195119.12,74,2636.74,521.12,4996.80
Nestle,First-time Buyer,End of Season Sale,198535.20,79,2513.10,599.80,4997.30
Nestle,First-time Buyer,Exclusive Insider Offers,199317.29,70,2847.39,545.15,4846.87
Nestle,First-time Buyer,Festive Fever Promo,178298.82,65,2743.06,501.65,4890.50
Nestle,First-time Buyer,Final Call Frenzy,178095.61,64,2782.74,636.74,4965.68
Nestle,First-time Buyer,Flash Frenzy Friday,175510.03,62,2830.81,658.76,4974.40
Nestle,First-time Buyer,"Gift More, Spend Less",163382.90,60,2723.05,558.42,4993.41
Nestle,First-time Buyer,Golden Hour Bargains,148847.84,57,2611.37,554.60,4957.01
Nestle,First-time Buyer,Green Weekend Deals,165192.09,67,2465.55,541.03,4822.85
Nestle,First-time Buyer,Happy Hour Discounts,194381.08,67,2901.21,513.29,4870.75
Nestle,First-time Buyer,Holiday Shopping Rush,185362.65,72,2574.48,513.31,4785.64
Nestle,First-time Buyer,Hot Picks Promo,148033.78,54,2741.37,588.33,4999.88
Nestle,First-time Buyer,Instant Gratification Sale,193545.66,66,2932.51,613.14,4956.66
Nestle,First-time Buyer,Limited Time Treasures,176997.64,69,2565.18,510.30,4864.32
Nestle,First-time Buyer,Loyalty Rewards Blast,192534.01,68,2831.38,591.77,4959.18
Nestle,First-time Buyer,Mega Weekend Bonanza,179598.35,65,2763.05,571.75,4983.94
Nestle,First-time Buyer,Mid-Year Madness,201308.64,75,2684.12,555.61,4924.84
Nestle,First-time Buyer,Midnight Madness,173827.22,65,2674.26,508.35,4951.79
Nestle,First-time Buyer,Mystery Discount Days,148556.23,55,2701.02,666.13,4972.12
Nestle,First-time Buyer,New Arrival Showcase,146979.53,52,2826.53,641.44,4883.82
Nestle,First-time Buyer,New Product Launch Promo,161399.10,56,2882.13,648.38,4991.05
Nestle,First-time Buyer,New Year Kickoff,125878.80,53,2375.07,531.60,4959.40
Nestle,First-time Buyer,Price Drop Parade,196686.26,72,2731.75,566.20,4952.06
Nestle,First-time Buyer,Red Tag Clearance,196964.17,77,2557.98,615.35,4955.11
Nestle,First-time Buyer,Seasonal Surprise Box,177874.55,65,2736.53,506.26,4849.94
Nestle,First-time Buyer,Shop & Save Spectacular,197621.37,75,2634.95,524.54,4954.53
Nestle,First-time Buyer,Smart Shopper Week,174834.16,66,2649.00,518.43,4984.80
Nestle,First-time Buyer,Spring Refresh Event,156105.06,58,2691.47,552.41,4788.23
Nestle,First-time Buyer,Spring Splash Discounts,200980.15,75,2679.74,511.52,4921.36
Nestle,First-time Buyer,Summer Sizzle Promo,130886.45,54,2423.82,504.13,4940.40
Nestle,First-time Buyer,Super Savings Week,174557.76,67,2605.34,567.91,4998.49
Nestle,First-time Buyer,Ultimate Value Event,212956.53,77,2765.67,505.35,4928.91
Nestle,First-time Buyer,VIP Access Sale,171902.35,65,2644.65,504.83,4933.09
Nestle,First-time Buyer,Weekend Warrior Specials,209584.26,72,2910.89,508.11,4838.67
Nestle,First-time Buyer,Winter Clearance Carnival,179835.67,67,2684.11,517.90,4977.05
Nestle,First-time Buyer,Winter Wonders Sale,168483.26,63,2674.34,646.03,4902.62
Nestle,High Value,12 Days of Deals,181001.94,65,2784.65,594.67,4873.37
Nestle,High Value,Autumn Deals Drive,188018.93,67,2806.25,509.57,4986.81
Nestle,High Value,BOGO Blitz,171542.30,65,2639.11,546.53,4954.93
Nestle,High Value,Back to School Boost,175805.99,63,2790.57,559.41,4974.44
Nestle,High Value,Birthday Bash Sale,188967.96,66,2863.15,567.61,4991.37
Nestle,High Value,Black Friday Blowout,217306.40,74,2936.57,596.09,4980.46
Nestle,High Value,Cart Crasher Campaign,191788.26,69,2779.54,712.82,4942.53
Nestle,High Value,Cashback Carnival,146053.84,54,2704.70,591.28,4774.79
Nestle,High Value,Clearance Countdown,139419.95,49,2845.31,679.73,4983.72
Nestle,High Value,Countdown to Savings,173274.53,65,2665.76,518.46,4975.49
Nestle,High Value,Customer Appreciation Week,222757.59,76,2931.02,511.44,4976.04
Nestle,High Value,Cyber Monday Mania,156105.24,61,2559.10,512.16,4977.87
Nestle,High Value,Deal of the Month,220450.26,85,2593.53,515.44,4992.95
Nestle,High Value,Double Points Bonanza,192524.08,72,2673.95,502.21,4908.73
Nestle,High Value,Early Bird Specials,180909.19,70,2584.42,531.67,4973.79
Nestle,High Value,End of Season Sale,165933.86,64,2592.72,551.50,4956.78
Nestle,High Value,Exclusive Insider Offers,171450.49,66,2597.73,501.31,4979.96
Nestle,High Value,Festive Fever Promo,193585.44,69,2805.59,512.05,4900.26
Nestle,High Value,Final Call Frenzy,190202.10,72,2641.70,520.72,4938.67
Nestle,High Value,Flash Frenzy Friday,179790.32,58,3099.83,552.54,4978.54
Nestle,High Value,"Gift More, Spend Less",152531.64,59,2585.28,560.06,4990.02
Nestle,High Value,Golden Hour Bargains,173453.66,68,2550.79,591.36,4983.24
Nestle,High Value,Green Weekend Deals,154115.11,50,3082.30,589.18,4910.71
Nestle,High Value,Happy Hour Discounts,141825.73,54,2626.40,575.89,4841.82
Nestle,High Value,Holiday Shopping Rush,204550.44,74,2764.20,616.29,4963.95
Nestle,High Value,Hot Picks Promo,220530.11,76,2901.71,533.70,4991.69
Nestle,High Value,Instant Gratification Sale,204681.01,75,2729.08,523.90,4977.48
Nestle,High Value,Limited Time Treasures,175618.23,65,2701.82,548.80,4907.64
Nestle,High Value,Loyalty Rewards Blast,149015.71,51,2921.88,745.16,4967.18
Nestle,High Value,Mega Weekend Bonanza,164378.02,58,2834.10,525.87,4842.66
Nestle,High Value,Mid-Year Madness,178642.03,71,2516.08,522.89,4830.75
Nestle,High Value,Midnight Madness,175176.92,63,2780.59,505.39,4921.61
Nestle,High Value,Mystery Discount Days,190083.42,72,2640.05,508.56,4936.91
Nestle,High Value,New Arrival Showcase,188638.04,63,2994.25,871.51,4947.82
Nestle,High Value,New Product Launch Promo,171324.54,66,2595.83,617.86,4974.30
Nestle,High Value,New Year Kickoff,183074.57,69,2653.25,605.27,4852.06
Nestle,High Value,Price Drop Parade,164497.84,60,2741.63,504.15,4979.31
Nestle,High Value,Red Tag Clearance,176228.29,71,2482.09,501.12,4892.42
Nestle,High Value,Seasonal Surprise Box,191872.05,76,2524.63,509.39,4970.39
Nestle,High Value,Shop & Save Spectacular,159945.18,64,2499.14,654.32,4944.29
Nestle,High Value,Smart Shopper Week,201865.16,72,2803.68,644.50,4894.17
Nestle,High Value,Spring Refresh Event,165024.94,67,2463.06,651.49,4669.50
Nestle,High Value,Spring Splash Discounts,155707.45,60,2595.12,533.98,4959.41
Nestle,High Value,Summer Sizzle Promo,197380.16,72,2741.39,678.35,4896.78
Nestle,High Value,Super Savings Week,165165.55,64,2580.71,524.93,4934.31
Nestle,High Value,Ultimate Value Event,181926.43,61,2982.40,503.45,4927.88
Nestle,High Value,VIP Access Sale,176757.31,65,2719.34,585.87,4996.03
Nestle,High Value,Weekend Warrior Specials,186055.77,65,2862.40,502.46,4668.40
Nestle,High Value,Winter Clearance Carnival,171241.00,61,2807.23,659.29,4992.79
Nestle,High Value,Winter Wonders Sale,243906.57,86,2836.12,633.38,4978.26
Nestle,In-Store Regular,12 Days of Deals,177103.40,69,2566.72,573.34,4962.98
Nestle,In-Store Regular,Autumn Deals Drive,224478.65,83,2704.56,508.03,4996.98
Nestle,In-Store Regular,BOGO Blitz,191631.64,64,2994.24,637.35,4993.12
Nestle,In-Store Regular,Back to School Boost,141784.36,58,2444.56,627.63,4978.66
Nestle,In-Store Regular,Birthday Bash Sale,167597.06,56,2992.80,690.61,4826.40
Nestle,In-Store Regular,Black Friday Blowout,140657.32,57,2467.67,563.42,4695.50
Nestle,In-Store Regular,Cart Crasher Campaign,131451.24,55,2390.02,506.39,4839.93
Nestle,In-Store Regular,Cashback Carnival,177933.36,71,2506.10,512.47,4975.89
Nestle,In-Store Regular,Clearance Countdown,196165.40,68,2884.79,548.94,4871.56
Nestle,In-Store Regular,Countdown to Savings,176609.92,65,2717.08,521.96,4955.77
Nestle,In-Store Regular,Customer Appreciation Week,205475.20,77,2668.51,506.67,4774.54
Nestle,In-Store Regular,Cyber Monday Mania,165480.89,60,2758.01,771.91,4850.03
Nestle,In-Store Regular,Deal of the Month,183759.37,64,2871.24,616.69,4980.84
Nestle,In-Store Regular,Double Points Bonanza,176416.94,68,2594.37,515.79,4788.49
Nestle,In-Store Regular,Early Bird Specials,165765.07,66,2511.59,514.86,4960.40
Nestle,In-Store Regular,End of Season Sale,169027.39,58,2914.27,500.36,4998.37
Nestle,In-Store Regular,Exclusive Insider Offers,195135.27,72,2710.21,527.18,4999.92
Nestle,In-Store Regular,Festive Fever Promo,169651.79,61,2781.18,701.35,4874.76
Nestle,In-Store Regular,Final Call Frenzy,225880.09,78,2895.90,610.70,4875.76
Nestle,In-Store Regular,Flash Frenzy Friday,199089.69,75,2654.53,564.28,4965.26
Nestle,In-Store Regular,"Gift More, Spend Less",180665.95,64,2822.91,545.00,4818.94
Nestle,In-Store Regular,Golden Hour Bargains,194848.39,73,2669.16,537.24,4901.01
Nestle,In-Store Regular,Green Weekend Deals,165388.95,61,2711.29,519.55,4958.83
Nestle,In-Store Regular,Happy Hour Discounts,205345.05,75,2737.93,546.22,4973.97
Nestle,In-Store Regular,Holiday Shopping Rush,187646.27,70,2680.66,545.40,4831.48
Nestle,In-Store Regular,Hot Picks Promo,168471.60,61,2761.83,531.06,4952.02
Nestle,In-Store Regular,Instant Gratification Sale,180667.30,62,2913.99,500.03,4924.58
Nestle,In-Store Regular,Limited Time Treasures,195724.30,69,2836.58,632.29,4874.51
Nestle,In-Store Regular,Loyalty Rewards Blast,211799.18,73,2901.36,540.04,4979.12
Nestle,In-Store Regular,Mega Weekend Bonanza,183644.23,64,2869.44,517.28,4797.94
Nestle,In-Store Regular,Mid-Year Madness,195687.34,68,2877.76,627.28,4942.87
Nestle,In-Store Regular,Midnight Madness,220155.35,67,3285.90,834.08,4985.49
Nestle,In-Store Regular,Mystery Discount Days,175624.29,64,2744.13,556.91,4978.06
Nestle,In-Store Regular,New Arrival Showcase,171705.93,61,2814.85,692.49,4992.67
Nestle,In-Store Regular,New Product Launch Promo,133945.14,59,2270.26,521.20,4979.90
Nestle,In-Store Regular,New Year Kickoff,221709.19,77,2879.34,513.17,4991.95
Nestle,In-Store Regular,Price Drop Parade,195204.26,66,2957.64,504.57,4882.54
Nestle,In-Store Regular,Red Tag Clearance,226835.90,78,2908.15,561.01,4994.41
Nestle,In-Store Regular,Seasonal Surprise Box,161422.84,61,2646.28,512.12,4946.12
Nestle,In-Store Regular,Shop & Save Spectacular,217019.47,78,2782.30,553.29,4964.65
Nestle,In-Store Regular,Smart Shopper Week,170188.28,62,2744.97,541.32,4936.35
Nestle,In-Store Regular,Spring Refresh Event,148194.20,53,2796.12,537.76,4988.96
Nestle,In-Store Regular,Spring Splash Discounts,184791.92,61,3029.38,565.69,4991.56
Nestle,In-Store Regular,Summer Sizzle Promo,188432.68,58,3248.84,594.00,4950.37
Nestle,In-Store Regular,Super Savings Week,187634.65,69,2719.34,506.25,4917.99
Nestle,In-Store Regular,Ultimate Value Event,180588.87,66,2736.20,674.26,4928.93
Nestle,In-Store Regular,VIP Access Sale,198072.82,70,2829.61,575.45,4997.93
Nestle,In-Store Regular,Weekend Warrior Specials,151153.80,56,2699.17,513.49,4873.75
Nestle,In-Store Regular,Winter Clearance Carnival,206436.93,69,2991.84,586.79,4906.00
Nestle,In-Store Regular,Winter Wonders Sale,166749.24,64,2605.46,526.12,4961.39
Nestle,Loyal Customer,12 Days of Deals,206452.80,72,2867.40,548.47,4991.83
Nestle,Loyal Customer,Autumn Deals Drive,217811.34,84,2592.99,517.18,4949.59
Nestle,Loyal Customer,BOGO Blitz,162879.72,61,2670.16,507.54,4975.02
Nestle,Loyal Customer,Back to School Boost,199299.01,80,2491.24,569.50,4942.77
Nestle,Loyal Customer,Birthday Bash Sale,167390.80,63,2657.00,711.97,4938.45
Nestle,Loyal Customer,Black Friday Blowout,157813.18,56,2818.09,770.60,4941.59
Nestle,Loyal Customer,Cart Crasher Campaign,183776.93,69,2663.43,599.04,4974.14
Nestle,Loyal Customer,Cashback Carnival,156543.14,52,3010.45,607.45,4878.41
Nestle,Loyal Customer,Clearance Countdown,223360.28,81,2757.53,587.70,4987.53
Nestle,Loyal Customer,Countdown to Savings,195405.18,66,2960.68,644.27,4918.22
Nestle,Loyal Customer,Customer Appreciation Week,221633.94,72,3078.25,577.24,4913.19
Nestle,Loyal Customer,Cyber Monday Mania,155972.09,59,2643.59,560.51,4974.09
Nestle,Loyal Customer,Deal of the Month,180789.54,68,2658.67,515.84,4986.57
Nestle,Loyal Customer,Double Points Bonanza,178956.59,63,2840.58,553.60,4976.30
Nestle,Loyal Customer,Early Bird Specials,177870.60,59,3014.76,607.41,4979.27
Nestle,Loyal Customer,End of Season Sale,188166.81,62,3034.95,615.49,4928.47
Nestle,Loyal Customer,Exclusive Insider Offers,161731.39,60,2695.52,631.58,4994.58
Nestle,Loyal Customer,Festive Fever Promo,177026.63,59,3000.45,668.59,4732.79
Nestle,Loyal Customer,Final Call Frenzy,181020.45,67,2701.80,636.73,4862.16
Nestle,Loyal Customer,Flash Frenzy Friday,201928.54,74,2728.76,528.83,4961.78
Nestle,Loyal Customer,"Gift More, Spend Less",204863.47,73,2806.35,658.24,4938.09
Nestle,Loyal Customer,Golden Hour Bargains,171419.71,63,2720.95,509.01,4917.59
Nestle,Loyal Customer,Green Weekend Deals,165298.59,60,2754.98,704.69,4893.23
Nestle,Loyal Customer,Happy Hour Discounts,194002.06,72,2694.47,545.37,4888.44
Nestle,Loyal Customer,Holiday Shopping Rush,170927.76,61,2802.09,719.13,4926.75
Nestle,Loyal Customer,Hot Picks Promo,183503.25,61,3008.25,594.13,4971.36
Nestle,Loyal Customer,Instant Gratification Sale,168980.50,61,2770.17,552.91,4875.05
Nestle,Loyal Customer,Limited Time Treasures,135879.89,51,2664.31,760.88,4970.27
Nestle,Loyal Customer,Loyalty Rewards Blast,171087.19,62,2759.47,674.91,4979.63
Nestle,Loyal Customer,Mega Weekend Bonanza,184534.84,64,2883.36,705.41,4927.92
Nestle,Loyal Customer,Mid-Year Madness,185229.99,64,2894.22,561.61,4956.22
Nestle,Loyal Customer,Midnight Madness,184676.35,67,2756.36,786.11,4997.31
Nestle,Loyal Customer,Mystery Discount Days,211978.51,73,2903.82,511.48,4971.53
Nestle,Loyal Customer,New Arrival Showcase,229560.20,83,2765.79,530.96,4990.33
Nestle,Loyal Customer,New Product Launch Promo,180178.16,61,2953.74,751.85,4975.85
Nestle,Loyal Customer,New Year Kickoff,234397.02,82,2858.50,599.77,4890.66
Nestle,Loyal Customer,Price Drop Parade,194625.32,72,2703.13,529.15,4948.27
Nestle,Loyal Customer,Red Tag Clearance,202636.51,68,2979.95,612.05,4990.77
Nestle,Loyal Customer,Seasonal Surprise Box,185234.16,67,2764.69,531.47,4992.02
Nestle,Loyal Customer,Shop & Save Spectacular,183989.41,59,3118.46,664.26,4983.89
Nestle,Loyal Customer,Smart Shopper Week,165494.78,59,2805.00,543.80,4987.67
Nestle,Loyal Customer,Spring Refresh Event,228477.24,77,2967.24,593.83,4849.42
Nestle,Loyal Customer,Spring Splash Discounts,210212.47,71,2960.74,912.18,4958.70
Nestle,Loyal Customer,Summer Sizzle Promo,173228.09,68,2547.47,504.24,4740.83
Nestle,Loyal Customer,Super Savings Week,193817.36,74,2619.15,697.11,4838.77
Nestle,Loyal Customer,Ultimate Value Event,202687.99,69,2937.51,527.12,4888.19
Nestle,Loyal Customer,VIP Access Sale,194669.95,67,2905.52,508.66,4957.32
Nestle,Loyal Customer,Weekend Warrior Specials,193835.77,71,2730.08,600.80,4988.19
Nestle,Loyal Customer,Winter Clearance Carnival,183227.06,67,2734.73,519.60,4995.79
Nestle,Loyal Customer,Winter Wonders Sale,161703.55,62,2608.12,552.05,4927.58
Nestle,Occasional Shopper,12 Days of Deals,202323.18,72,2810.04,508.94,4974.60
Nestle,Occasional Shopper,Autumn Deals Drive,190072.53,72,2639.90,504.45,4997.95
Nestle,Occasional Shopper,BOGO Blitz,184546.68,64,2883.54,557.27,4995.36
Nestle,Occasional Shopper,Back to School Boost,190427.12,68,2800.40,519.15,4977.65
Nestle,Occasional Shopper,Birthday Bash Sale,173504.91,64,2711.01,521.57,4940.08
Nestle,Occasional Shopper,Black Friday Blowout,206766.81,72,2871.76,759.13,4998.22
Nestle,Occasional Shopper,Cart Crasher Campaign,182215.62,65,2803.32,509.00,4985.57
Nestle,Occasional Shopper,Cashback Carnival,196784.68,71,2771.62,505.58,4955.46
Nestle,Occasional Shopper,Clearance Countdown,150975.58,54,2795.84,664.64,4937.42
Nestle,Occasional Shopper,Countdown to Savings,203370.56,75,2711.61,548.40,4894.70
Nestle,Occasional Shopper,Customer Appreciation Week,165140.16,66,2502.12,539.65,4972.71
Nestle,Occasional Shopper,Cyber Monday Mania,198124.37,68,2913.59,930.84,4952.51
Nestle,Occasional Shopper,Deal of the Month,167901.94,61,2752.49,516.92,4939.52
Nestle,Occasional Shopper,Double Points Bonanza,172169.19,61,2822.45,529.64,4920.01
Nestle,Occasional Shopper,Early Bird Specials,180165.50,69,2611.09,549.59,4990.05
Nestle,Occasional Shopper,End of Season Sale,194386.56,70,2776.95,513.52,4947.77
Nestle,Occasional Shopper,Exclusive Insider Offers,204824.12,72,2844.78,528.22,4963.84
Nestle,Occasional Shopper,Festive Fever Promo,139640.28,57,2449.83,514.40,4918.40
Nestle,Occasional Shopper,Final Call Frenzy,227311.46,79,2877.36,549.37,4970.78
Nestle,Occasional Shopper,Flash Frenzy Friday,202784.03,70,2896.91,521.55,4978.20
Nestle,Occasional Shopper,"Gift More, Spend Less",180657.17,68,2656.72,556.44,4760.58
Nestle,Occasional Shopper,Golden Hour Bargains,203257.39,70,2903.68,638.19,4984.25
Nestle,Occasional Shopper,Green Weekend Deals,223630.14,74,3022.03,543.56,4974.54
Nestle,Occasional Shopper,Happy Hour Discounts,162512.05,61,2664.13,545.31,4993.82
Nestle,Occasional Shopper,Holiday Shopping Rush,147685.18,58,2546.30,524.81,4627.96
Nestle,Occasional Shopper,Hot Picks Promo,175905.06,57,3086.05,698.17,4967.95
Nestle,Occasional Shopper,Instant Gratification Sale,160607.55,61,2632.91,550.51,4984.46
Nestle,Occasional Shopper,Limited Time Treasures,134065.31,53,2529.53,705.79,4986.24
Nestle,Occasional Shopper,Loyalty Rewards Blast,168440.17,68,2477.06,518.57,4971.05
Nestle,Occasional Shopper,Mega Weekend Bonanza,198822.06,65,3058.80,664.42,4954.90
Nestle,Occasional Shopper,Mid-Year Madness,218701.36,76,2877.65,589.98,4918.05
Nestle,Occasional Shopper,Midnight Madness,160560.79,60,2676.01,565.36,4963.98
Nestle,Occasional Shopper,Mystery Discount Days,161993.43,61,2655.63,508.73,4887.09
Nestle,Occasional Shopper,New Arrival Showcase,163442.35,60,2724.04,570.00,4882.11
Nestle,Occasional Shopper,New Product Launch Promo,222419.10,72,3089.15,601.55,4874.99
Nestle,Occasional Shopper,New Year Kickoff,185002.41,71,2605.67,670.35,4811.07
Nestle,Occasional Shopper,Price Drop Parade,167049.06,62,2694.34,666.18,4914.22
Nestle,Occasional Shopper,Red Tag Clearance,227720.05,82,2777.07,595.90,4829.11
Nestle,Occasional Shopper,Seasonal Surprise Box,167942.39,63,2665.75,544.22,4974.81
Nestle,Occasional Shopper,Shop & Save Spectacular,201557.00,70,2879.39,593.26,4915.53
Nestle,Occasional Shopper,Smart Shopper Week,234214.81,81,2891.54,517.94,4982.30
Nestle,Occasional Shopper,Spring Refresh Event,183497.48,72,2548.58,618.41,4970.20
Nestle,Occasional Shopper,Spring Splash Discounts,199775.31,69,2895.29,515.16,4977.56
Nestle,Occasional Shopper,Summer Sizzle Promo,152355.53,56,2720.63,503.74,4952.92
Nestle,Occasional Shopper,Super Savings Week,184063.13,72,2556.43,501.97,4946.64
Nestle,Occasional Shopper,Ultimate Value Event,180503.44,70,2578.62,527.77,4997.53
Nestle,Occasional Shopper,VIP Access Sale,178076.20,64,2782.44,586.96,4937.46
Nestle,Occasional Shopper,Weekend Warrior Specials,210757.34,79,2667.81,522.78,4704.91
Nestle,Occasional Shopper,Winter Clearance Carnival,170367.71,66,2581.33,607.62,4918.86
Nestle,Occasional Shopper,Winter Wonders Sale,174390.18,60,2906.50,654.50,4962.71
Nestle,Online Shopper,12 Days of Deals,168090.83,62,2711.14,562.14,4873.46
Nestle,Online Shopper,Autumn Deals Drive,231270.26,78,2965.00,612.76,4969.96
Nestle,Online Shopper,BOGO Blitz,198961.21,72,2763.35,573.59,4825.71
Nestle,Online Shopper,Back to School Boost,212285.07,80,2653.56,523.28,4999.06
Nestle,Online Shopper,Birthday Bash Sale,200855.04,68,2953.75,504.67,4937.58
Nestle,Online Shopper,Black Friday Blowout,149464.08,56,2669.00,569.12,4822.01
Nestle,Online Shopper,Cart Crasher Campaign,203534.24,80,2544.18,514.16,4892.72
Nestle,Online Shopper,Cashback Carnival,189960.02,66,2878.18,623.24,4981.81
Nestle,Online Shopper,Clearance Countdown,155335.94,57,2725.19,520.41,4888.17
Nestle,Online Shopper,Countdown to Savings,195033.74,71,2746.95,518.11,4967.52
Nestle,Online Shopper,Customer Appreciation Week,138797.73,53,2618.83,502.24,4982.66
Nestle,Online Shopper,Cyber Monday Mania,157852.25,54,2923.19,615.09,4933.41
Nestle,Online Shopper,Deal of the Month,177049.51,63,2810.31,649.65,4964.95
Nestle,Online Shopper,Double Points Bonanza,174446.67,71,2457.00,519.92,4974.96
Nestle,Online Shopper,Early Bird Specials,190135.35,67,2837.84,581.41,4936.57
Nestle,Online Shopper,End of Season Sale,152408.86,62,2458.21,537.17,4755.42
Nestle,Online Shopper,Exclusive Insider Offers,171481.94,61,2811.18,569.56,4980.21
Nestle,Online Shopper,Festive Fever Promo,151565.69,55,2755.74,505.30,4852.13
Nestle,Online Shopper,Final Call Frenzy,232947.23,79,2948.70,643.95,4876.66
Nestle,Online Shopper,Flash Frenzy Friday,133308.07,53,2515.25,531.39,4996.14
Nestle,Online Shopper,"Gift More, Spend Less",214727.80,79,2718.07,514.39,4955.45
Nestle,Online Shopper,Golden Hour Bargains,203670.96,73,2790.01,518.40,4997.02
Nestle,Online Shopper,Green Weekend Deals,184211.33,67,2749.42,548.92,4902.76
Nestle,Online Shopper,Happy Hour Discounts,181579.35,68,2670.28,513.67,4952.08
Nestle,Online Shopper,Holiday Shopping Rush,139386.22,50,2787.72,634.13,4707.79
Nestle,Online Shopper,Hot Picks Promo,169575.11,68,2493.75,522.77,4995.24
Nestle,Online Shopper,Instant Gratification Sale,173340.00,69,2512.17,529.97,4946.16
Nestle,Online Shopper,Limited Time Treasures,156434.87,61,2564.51,546.83,4994.82
Nestle,Online Shopper,Loyalty Rewards Blast,207046.84,77,2688.92,501.89,4892.56
Nestle,Online Shopper,Mega Weekend Bonanza,204834.97,72,2844.93,615.33,4977.25
Nestle,Online Shopper,Mid-Year Madness,160433.46,56,2864.88,541.79,4923.88
Nestle,Online Shopper,Midnight Madness,163857.03,64,2560.27,551.37,4819.51
Nestle,Online Shopper,Mystery Discount Days,196633.64,71,2769.49,585.81,4883.20
Nestle,Online Shopper,New Arrival Showcase,177465.63,65,2730.24,503.73,4933.03
Nestle,Online Shopper,New Product Launch Promo,197119.22,72,2737.77,506.06,4857.03
Nestle,Online Shopper,New Year Kickoff,148856.45,56,2658.15,628.95,4819.81
Nestle,Online Shopper,Price Drop Parade,153939.98,56,2748.93,579.52,4923.31
Nestle,Online Shopper,Red Tag Clearance,181685.08,65,2795.16,525.88,4959.82
Nestle,Online Shopper,Seasonal Surprise Box,152295.04,59,2581.27,502.74,4916.56
Nestle,Online Shopper,Shop & Save Spectacular,177470.63,63,2816.99,510.47,4900.69
Nestle,Online Shopper,Smart Shopper Week,228204.47,81,2817.34,566.25,4946.64
Nestle,Online Shopper,Spring Refresh Event,235029.07,82,2866.21,547.62,4995.87
Nestle,Online Shopper,Spring Splash Discounts,182883.04,64,2857.55,588.90,4980.26
Nestle,Online Shopper,Summer Sizzle Promo,203307.15,73,2785.03,501.06,4865.81
Nestle,Online Shopper,Super Savings Week,219476.11,71,3091.21,532.60,4989.05
Nestle,Online Shopper,Ultimate Value Event,206789.61,75,2757.19,522.77,4968.13
Nestle,Online Shopper,VIP Access Sale,174154.74,67,2599.32,514.15,4811.97
Nestle,Online Shopper,Weekend Warrior Specials,155313.30,56,2773.45,631.72,4968.00
Nestle,Online Shopper,Winter Clearance Carnival,187807.56,74,2537.94,516.06,4997.93
Nestle,Online Shopper,Winter Wonders Sale,175862.64,67,2624.82,518.68,4971.48
Nestle,Premium Shopper,12 Days of Deals,184922.54,66,2801.86,502.43,4983.90
Nestle,Premium Shopper,Autumn Deals Drive,182996.51,64,2859.32,571.78,4803.03
Nestle,Premium Shopper,BOGO Blitz,181511.93,65,2792.49,565.51,4983.88
Nestle,Premium Shopper,Back to School Boost,203510.32,71,2866.34,586.03,4988.98
Nestle,Premium Shopper,Birthday Bash Sale,190101.82,72,2640.30,639.58,4946.57
Nestle,Premium Shopper,Black Friday Blowout,192852.01,66,2922.00,861.61,4946.69
Nestle,Premium Shopper,Cart Crasher Campaign,168559.30,67,2515.81,534.51,4977.72
Nestle,Premium Shopper,Cashback Carnival,166846.43,59,2827.91,697.00,4914.81
Nestle,Premium Shopper,Clearance Countdown,160882.93,63,2553.70,541.52,4950.75
Nestle,Premium Shopper,Countdown to Savings,229262.66,81,2830.40,683.90,4975.62
Nestle,Premium Shopper,Customer Appreciation Week,200353.99,73,2744.58,643.52,4891.28
Nestle,Premium Shopper,Cyber Monday Mania,135106.73,58,2329.43,535.29,4938.05
Nestle,Premium Shopper,Deal of the Month,187696.49,64,2932.76,517.14,4992.09
Nestle,Premium Shopper,Double Points Bonanza,148233.62,51,2906.54,555.27,4926.17
Nestle,Premium Shopper,Early Bird Specials,199273.01,67,2974.22,661.95,4959.18
Nestle,Premium Shopper,End of Season Sale,178617.88,67,2665.94,617.69,4996.20
Nestle,Premium Shopper,Exclusive Insider Offers,147542.41,56,2634.69,566.42,4866.93
Nestle,Premium Shopper,Festive Fever Promo,180302.92,66,2731.86,614.71,4921.24
Nestle,Premium Shopper,Final Call Frenzy,163097.75,57,2861.36,678.86,4932.81
Nestle,Premium Shopper,Flash Frenzy Friday,199700.28,68,2936.77,519.46,4908.58
Nestle,Premium Shopper,"Gift More, Spend Less",142986.60,54,2647.90,524.93,4967.60
Nestle,Premium Shopper,Golden Hour Bargains,200360.48,74,2707.57,512.52,4937.78
Nestle,Premium Shopper,Green Weekend Deals,207430.11,80,2592.88,503.00,4947.03
Nestle,Premium Shopper,Happy Hour Discounts,173510.20,65,2669.39,516.76,4944.59
Nestle,Premium Shopper,Holiday Shopping Rush,198277.72,69,2873.59,559.85,4955.60
Nestle,Premium Shopper,Hot Picks Promo,203763.67,77,2646.28,519.38,4998.48
Nestle,Premium Shopper,Instant Gratification Sale,185476.87,66,2810.26,566.88,4908.50
Nestle,Premium Shopper,Limited Time Treasures,222003.11,71,3126.80,661.87,4987.05
Nestle,Premium Shopper,Loyalty Rewards Blast,189834.70,64,2966.17,570.45,4995.71
Nestle,Premium Shopper,Mega Weekend Bonanza,176983.25,62,2854.57,582.29,4996.99
Nestle,Premium Shopper,Mid-Year Madness,172059.43,64,2688.43,505.58,4907.09
Nestle,Premium Shopper,Midnight Madness,191938.15,71,2703.35,633.69,4982.00
Nestle,Premium Shopper,Mystery Discount Days,143646.53,49,2931.56,557.51,4857.78
Nestle,Premium Shopper,New Arrival Showcase,208384.21,71,2934.99,546.73,4954.18
Nestle,Premium Shopper,New Product Launch Promo,192769.83,64,3012.03,568.83,4912.66
Nestle,Premium Shopper,New Year Kickoff,160390.50,56,2864.12,536.62,4875.63
Nestle,Premium Shopper,Price Drop Parade,231980.74,93,2494.42,571.17,4988.77
Nestle,Premium Shopper,Red Tag Clearance,164995.40,62,2661.22,527.39,4925.79
Nestle,Premium Shopper,Seasonal Surprise Box,191231.62,74,2584.21,509.29,4976.89
Nestle,Premium Shopper,Shop & Save Spectacular,209165.21,77,2716.43,501.53,4990.45
Nestle,Premium Shopper,Smart Shopper Week,156449.99,54,2897.22,508.76,4769.47
Nestle,Premium Shopper,Spring Refresh Event,198238.05,67,2958.78,542.54,4881.69
Nestle,Premium Shopper,Spring Splash Discounts,168369.05,60,2806.15,609.86,4806.49
Nestle,Premium Shopper,Summer Sizzle Promo,148989.23,57,2613.85,578.29,4904.76
Nestle,Premium Shopper,Super Savings Week,186300.05,71,2623.94,519.24,4995.70
Nestle,Premium Shopper,Ultimate Value Event,159538.34,60,2658.97,698.23,4896.39
Nestle,Premium Shopper,VIP Access Sale,215217.44,78,2759.20,520.31,4980.78
Nestle,Premium Shopper,Weekend Warrior Specials,183892.85,64,2873.33,525.46,4725.39
Nestle,Premium Shopper,Winter Clearance Carnival,152443.45,59,2583.79,521.00,4986.87
Nestle,Premium Shopper,Winter Wonders Sale,162575.07,61,2665.17,509.00,4755.17
Nike,Budget Shopper,12 Days of Deals,414329.67,147,2818.57,520.90,4987.26
Nike,Budget Shopper,Autumn Deals Drive,341736.80,123,2778.35,501.91,4985.71
Nike,Budget Shopper,BOGO Blitz,389015.47,128,3039.18,527.44,4993.22
Nike,Budget Shopper,Back to School Boost,384269.63,141,2725.32,623.10,4924.33
Nike,Budget Shopper,Birthday Bash Sale,366960.26,127,2889.45,565.33,4992.00
Nike,Budget Shopper,Black Friday Blowout,346571.20,125,2772.57,503.37,4975.06
Nike,Budget Shopper,Cart Crasher Campaign,417422.15,150,2782.81,564.06,4978.10
Nike,Budget Shopper,Cashback Carnival,464888.76,155,2999.28,502.91,4978.17
Nike,Budget Shopper,Clearance Countdown,295796.89,113,2617.67,511.98,4949.07
Nike,Budget Shopper,Countdown to Savings,361269.83,139,2599.06,515.55,4958.53
Nike,Budget Shopper,Customer Appreciation Week,299474.32,111,2697.97,590.89,4971.29
Nike,Budget Shopper,Cyber Monday Mania,355666.33,138,2577.29,549.51,4992.94
Nike,Budget Shopper,Deal of the Month,362990.30,134,2708.88,511.13,4991.80
Nike,Budget Shopper,Double Points Bonanza,450312.13,159,2832.15,527.94,4977.98
Nike,Budget Shopper,Early Bird Specials,410355.65,147,2791.54,524.64,4977.24
Nike,Budget Shopper,End of Season Sale,409812.54,145,2826.29,530.68,4979.32
Nike,Budget Shopper,Exclusive Insider Offers,382759.03,141,2714.60,503.94,4952.22
Nike,Budget Shopper,Festive Fever Promo,336487.23,123,2735.67,531.22,4913.07
Nike,Budget Shopper,Final Call Frenzy,384972.19,135,2851.65,538.68,4984.47
Nike,Budget Shopper,Flash Frenzy Friday,385259.46,139,2771.65,550.92,4946.15
Nike,Budget Shopper,"Gift More, Spend Less",377190.17,133,2836.02,615.31,4969.81
Nike,Budget Shopper,Golden Hour Bargains,307387.34,120,2561.56,555.08,4975.11
Nike,Budget Shopper,Green Weekend Deals,374132.72,140,2672.38,528.33,4999.01
Nike,Budget Shopper,Happy Hour Discounts,404754.86,150,2698.37,539.22,4946.76
Nike,Budget Shopper,Holiday Shopping Rush,398571.71,140,2846.94,508.71,4910.80
Nike,Budget Shopper,Hot Picks Promo,386747.33,142,2723.57,512.09,4989.53
Nike,Budget Shopper,Instant Gratification Sale,356189.57,127,2804.64,514.21,4920.45
Nike,Budget Shopper,Limited Time Treasures,396405.57,146,2715.11,531.53,4994.02
Nike,Budget Shopper,Loyalty Rewards Blast,267690.77,99,2703.95,500.80,4996.03
Nike,Budget Shopper,Mega Weekend Bonanza,382535.65,140,2732.40,515.64,4935.42
Nike,Budget Shopper,Mid-Year Madness,416703.14,142,2934.53,505.48,4992.54
Nike,Budget Shopper,Midnight Madness,405651.03,136,2982.73,512.31,4973.36
Nike,Budget Shopper,Mystery Discount Days,399075.60,148,2696.46,509.10,4975.27
Nike,Budget Shopper,New Arrival Showcase,331843.80,121,2742.51,510.89,4991.08
Nike,Budget Shopper,New Product Launch Promo,367509.97,129,2848.91,507.38,4979.71
Nike,Budget Shopper,New Year Kickoff,399464.94,144,2774.06,515.94,4946.62
Nike,Budget Shopper,Price Drop Parade,367242.21,141,2604.55,506.30,4965.85
Nike,Budget Shopper,Red Tag Clearance,360836.49,132,2733.61,511.82,4974.76
Nike,Budget Shopper,Seasonal Surprise Box,372677.89,141,2643.11,583.84,4992.44
Nike,Budget Shopper,Shop & Save Spectacular,390800.46,140,2791.43,511.64,4914.45
Nike,Budget Shopper,Smart Shopper Week,328369.89,115,2855.39,544.46,4953.73
Nike,Budget Shopper,Spring Refresh Event,341883.34,119,2872.97,609.40,4978.00
Nike,Budget Shopper,Spring Splash Discounts,324011.71,123,2634.24,509.54,4968.40
Nike,Budget Shopper,Summer Sizzle Promo,358636.21,126,2846.32,647.65,4987.51
Nike,Budget Shopper,Super Savings Week,352599.99,125,2820.80,509.07,4999.08
Nike,Budget Shopper,Ultimate Value Event,425516.28,156,2727.67,506.99,4999.12
Nike,Budget Shopper,VIP Access Sale,411508.90,146,2818.55,513.58,4915.44
Nike,Budget Shopper,Weekend Warrior Specials,392091.42,144,2722.86,524.76,4989.77
Nike,Budget Shopper,Winter Clearance Carnival,397897.83,141,2821.97,519.09,4985.99
Nike,Budget Shopper,Winter Wonders Sale,406902.78,145,2806.23,582.89,4957.14
Nike,Churn Risk,12 Days of Deals,372056.89,133,2797.42,524.45,4984.99
Nike,Churn Risk,Autumn Deals Drive,380472.46,142,2679.38,575.78,4960.65
Nike,Churn Risk,BOGO Blitz,424086.29,146,2904.70,503.15,4984.45
Nike,Churn Risk,Back to School Boost,437452.97,154,2840.60,501.92,4944.95
Nike,Churn Risk,Birthday Bash Sale,384251.02,142,2705.99,501.83,4997.78
Nike,Churn Risk,Black Friday Blowout,370940.13,127,2920.79,607.03,4996.57
Nike,Churn Risk,Cart Crasher Campaign,389117.04,144,2702.20,563.55,4972.68
Nike,Churn Risk,Cashback Carnival,315605.99,123,2565.90,510.62,4937.99
Nike,Churn Risk,Clearance Countdown,435073.68,154,2825.15,508.53,4986.64
Nike,Churn Risk,Countdown to Savings,399222.84,143,2791.77,520.50,4823.40
Nike,Churn Risk,Customer Appreciation Week,329926.01,131,2518.52,525.09,4929.07
Nike,Churn Risk,Cyber Monday Mania,425249.50,147,2892.85,509.47,4983.58
Nike,Churn Risk,Deal of the Month,371836.51,138,2694.47,528.23,4870.92
Nike,Churn Risk,Double Points Bonanza,322992.00,119,2714.22,563.71,4920.72
Nike,Churn Risk,Early Bird Specials,388565.72,129,3012.14,552.09,4946.91
Nike,Churn Risk,End of Season Sale,373660.73,139,2688.21,517.69,4995.12
Nike,Churn Risk,Exclusive Insider Offers,352397.85,131,2690.06,527.02,4986.77
Nike,Churn Risk,Festive Fever Promo,367837.87,137,2684.95,537.05,4995.75
Nike,Churn Risk,Final Call Frenzy,332924.10,128,2600.97,520.19,4939.54
Nike,Churn Risk,Flash Frenzy Friday,342220.05,128,2673.59,588.69,4960.91
Nike,Churn Risk,"Gift More, Spend Less",361714.37,134,2699.36,530.12,4944.84
Nike,Churn Risk,Golden Hour Bargains,367954.40,132,2787.53,580.10,4943.83
Nike,Churn Risk,Green Weekend Deals,392919.94,139,2826.76,594.62,4996.07
Nike,Churn Risk,Happy Hour Discounts,375942.95,147,2557.44,535.51,4939.94
Nike,Churn Risk,Holiday Shopping Rush,356529.72,134,2660.67,526.33,4951.98
Nike,Churn Risk,Hot Picks Promo,339343.91,129,2630.57,503.06,4976.01
Nike,Churn Risk,Instant Gratification Sale,419019.72,143,2930.21,500.07,4998.85
Nike,Churn Risk,Limited Time Treasures,388791.74,142,2737.97,501.18,4915.86
Nike,Churn Risk,Loyalty Rewards Blast,340117.18,124,2742.88,500.82,4998.22
Nike,Churn Risk,Mega Weekend Bonanza,447485.98,166,2695.70,536.60,4998.00
Nike,Churn Risk,Mid-Year Madness,289123.32,110,2628.39,517.92,4969.79
Nike,Churn Risk,Midnight Madness,386560.74,136,2842.36,531.19,4879.82
Nike,Churn Risk,Mystery Discount Days,439017.31,156,2814.21,529.69,4971.08
Nike,Churn Risk,New Arrival Showcase,336864.76,123,2738.74,598.00,4990.73
Nike,Churn Risk,New Product Launch Promo,381392.54,138,2763.71,520.13,4998.73
Nike,Churn Risk,New Year Kickoff,384215.04,136,2825.11,519.86,4972.44
Nike,Churn Risk,Price Drop Parade,340785.48,123,2770.61,515.13,4996.09
Nike,Churn Risk,Red Tag Clearance,322299.11,117,2754.69,610.84,4999.05
Nike,Churn Risk,Seasonal Surprise Box,366184.32,139,2634.42,543.47,4965.29
Nike,Churn Risk,Shop & Save Spectacular,392824.59,150,2618.83,506.29,4981.99
Nike,Churn Risk,Smart Shopper Week,335682.63,127,2643.17,511.95,4971.14
Nike,Churn Risk,Spring Refresh Event,357507.24,123,2906.56,526.59,4996.02
Nike,Churn Risk,Spring Splash Discounts,349294.89,125,2794.36,502.55,4836.71
Nike,Churn Risk,Summer Sizzle Promo,344845.59,125,2758.76,536.25,4958.51
Nike,Churn Risk,Super Savings Week,440118.12,152,2895.51,518.08,4989.04
Nike,Churn Risk,Ultimate Value Event,326102.83,119,2740.36,579.69,4998.67
Nike,Churn Risk,VIP Access Sale,378828.57,132,2869.91,513.77,4990.46
Nike,Churn Risk,Weekend Warrior Specials,351926.71,133,2646.07,517.75,4976.50
Nike,Churn Risk,Winter Clearance Carnival,383733.42,136,2821.57,519.28,4999.04
Nike,Churn Risk,Winter Wonders Sale,414912.71,142,2921.92,540.61,4987.00
Nike,Deal Seeker,12 Days of Deals,412841.80,149,2770.75,513.34,4999.02
Nike,Deal Seeker,Autumn Deals Drive,357510.78,143,2500.08,531.55,4968.34
Nike,Deal Seeker,BOGO Blitz,302940.21,106,2857.93,568.11,4996.75
Nike,Deal Seeker,Back to School Boost,460527.49,159,2896.40,534.05,4976.28
Nike,Deal Seeker,Birthday Bash Sale,349902.64,130,2691.56,501.20,4983.74
Nike,Deal Seeker,Black Friday Blowout,349565.63,127,2752.49,514.06,4931.50
Nike,Deal Seeker,Cart Crasher Campaign,402262.42,146,2755.22,501.15,4995.45
Nike,Deal Seeker,Cashback Carnival,345310.62,135,2557.86,523.11,4961.22
Nike,Deal Seeker,Clearance Countdown,376079.23,141,2667.23,529.19,4990.07
Nike,Deal Seeker,Countdown to Savings,348058.56,126,2762.37,521.49,4941.56
Nike,Deal Seeker,Customer Appreciation Week,346894.29,137,2532.08,523.40,4853.94
Nike,Deal Seeker,Cyber Monday Mania,307653.79,120,2563.78,502.07,4955.21
Nike,Deal Seeker,Deal of the Month,365548.93,127,2878.34,533.01,4992.66
Nike,Deal Seeker,Double Points Bonanza,392160.57,140,2801.15,535.98,4987.50
Nike,Deal Seeker,Early Bird Specials,358387.54,129,2778.20,513.61,4957.48
Nike,Deal Seeker,End of Season Sale,373848.46,135,2769.25,555.76,4928.49
Nike,Deal Seeker,Exclusive Insider Offers,340774.12,125,2726.19,513.28,4922.42
Nike,Deal Seeker,Festive Fever Promo,386167.87,140,2758.34,509.13,4988.75
Nike,Deal Seeker,Final Call Frenzy,404207.37,143,2826.62,511.35,4997.60
Nike,Deal Seeker,Flash Frenzy Friday,434035.59,151,2874.41,502.29,4943.76
Nike,Deal Seeker,"Gift More, Spend Less",382108.56,145,2635.23,521.61,4918.52
Nike,Deal Seeker,Golden Hour Bargains,382880.98,132,2900.61,579.37,4997.10
Nike,Deal Seeker,Green Weekend Deals,440880.53,156,2826.16,563.45,4989.62
Nike,Deal Seeker,Happy Hour Discounts,368643.01,131,2814.07,546.58,4937.61
Nike,Deal Seeker,Holiday Shopping Rush,359887.19,138,2607.88,501.97,4988.83
Nike,Deal Seeker,Hot Picks Promo,385058.40,141,2730.91,515.29,4936.20
Nike,Deal Seeker,Instant Gratification Sale,380419.69,140,2717.28,503.83,4917.51
Nike,Deal Seeker,Limited Time Treasures,301969.62,113,2672.30,513.15,4874.51
Nike,Deal Seeker,Loyalty Rewards Blast,437560.28,158,2769.37,565.92,4985.45
Nike,Deal Seeker,Mega Weekend Bonanza,375235.88,127,2954.61,588.43,4899.47
Nike,Deal Seeker,Mid-Year Madness,410099.95,151,2715.89,500.89,4950.11
Nike,Deal Seeker,Midnight Madness,394117.23,145,2718.05,502.64,4993.16
Nike,Deal Seeker,Mystery Discount Days,412607.73,144,2865.33,501.05,4995.72
Nike,Deal Seeker,New Arrival Showcase,353418.27,125,2827.35,503.53,4972.50
Nike,Deal Seeker,New Product Launch Promo,390376.70,142,2749.13,552.00,4929.74
Nike,Deal Seeker,New Year Kickoff,321266.35,124,2590.86,507.42,4966.27
Nike,Deal Seeker,Price Drop Parade,373108.75,138,2703.69,504.45,4990.87
Nike,Deal Seeker,Red Tag Clearance,313049.67,111,2820.27,520.69,4906.77
Nike,Deal Seeker,Seasonal Surprise Box,408460.07,150,2723.07,572.08,4996.55
Nike,Deal Seeker,Shop & Save Spectacular,410174.96,144,2848.44,500.14,4978.88
Nike,Deal Seeker,Smart Shopper Week,368454.22,122,3020.12,556.71,4965.14
Nike,Deal Seeker,Spring Refresh Event,380823.83,136,2800.18,500.55,4970.46
Nike,Deal Seeker,Spring Splash Discounts,299584.41,115,2605.08,509.30,4894.59
Nike,Deal Seeker,Summer Sizzle Promo,313294.55,115,2724.30,523.67,4997.93
Nike,Deal Seeker,Super Savings Week,368471.90,132,2791.45,597.74,4969.70
Nike,Deal Seeker,Ultimate Value Event,369219.49,139,2656.26,552.83,4999.44
Nike,Deal Seeker,VIP Access Sale,322593.87,132,2443.89,541.45,4983.73
Nike,Deal Seeker,Weekend Warrior Specials,360282.73,145,2484.71,521.48,4881.53
Nike,Deal Seeker,Winter Clearance Carnival,342074.00,127,2693.50,525.24,4988.95
Nike,Deal Seeker,Winter Wonders Sale,384082.59,134,2866.29,583.58,4991.55
Nike,First-time Buyer,12 Days of Deals,439598.40,158,2782.27,511.89,4996.51
Nike,First-time Buyer,Autumn Deals Drive,384240.38,141,2725.11,504.53,4994.53
Nike,First-time Buyer,BOGO Blitz,432125.73,149,2900.17,511.49,4983.88
Nike,First-time Buyer,Back to School Boost,402778.53,147,2739.99,593.78,4987.30
Nike,First-time Buyer,Birthday Bash Sale,362020.53,130,2784.77,552.61,4975.44
Nike,First-time Buyer,Black Friday Blowout,394107.48,151,2609.98,535.23,4905.56
Nike,First-time Buyer,Cart Crasher Campaign,355106.88,133,2669.98,514.42,4992.50
Nike,First-time Buyer,Cashback Carnival,306733.52,116,2644.25,533.32,4998.40
Nike,First-time Buyer,Clearance Countdown,345992.47,123,2812.95,521.79,4958.77
Nike,First-time Buyer,Countdown to Savings,431122.81,147,2932.81,505.40,4998.86
Nike,First-time Buyer,Customer Appreciation Week,413204.46,144,2869.48,597.22,4999.02
Nike,First-time Buyer,Cyber Monday Mania,378325.29,146,2591.27,531.06,4998.69
Nike,First-time Buyer,Deal of the Month,326342.19,120,2719.52,674.61,4914.25
Nike,First-time Buyer,Double Points Bonanza,368201.74,130,2832.32,507.25,4962.42
Nike,First-time Buyer,Early Bird Specials,362346.66,132,2745.05,504.72,4931.63
Nike,First-time Buyer,End of Season Sale,413709.98,149,2776.58,508.79,4962.55
Nike,First-time Buyer,Exclusive Insider Offers,401480.87,139,2888.35,533.72,4989.69
Nike,First-time Buyer,Festive Fever Promo,379872.32,135,2813.87,508.47,4963.60
Nike,First-time Buyer,Final Call Frenzy,394001.21,152,2592.11,516.31,4972.59
Nike,First-time Buyer,Flash Frenzy Friday,344453.16,130,2649.64,525.64,4971.00
Nike,First-time Buyer,"Gift More, Spend Less",299500.46,110,2722.73,543.63,4986.56
Nike,First-time Buyer,Golden Hour Bargains,457514.42,156,2932.78,500.01,4966.64
Nike,First-time Buyer,Green Weekend Deals,338571.88,124,2730.42,519.98,4996.20
Nike,First-time Buyer,Happy Hour Discounts,360516.87,129,2794.70,583.74,4996.12
Nike,First-time Buyer,Holiday Shopping Rush,325052.31,120,2708.77,504.14,4946.89
Nike,First-time Buyer,Hot Picks Promo,347776.71,123,2827.45,536.02,4919.71
Nike,First-time Buyer,Instant Gratification Sale,319893.98,119,2688.18,504.23,4995.28
Nike,First-time Buyer,Limited Time Treasures,352624.11,125,2820.99,668.81,4997.70
Nike,First-time Buyer,Loyalty Rewards Blast,345421.13,125,2763.37,540.50,4990.18
Nike,First-time Buyer,Mega Weekend Bonanza,405957.55,146,2780.53,503.85,4947.88
Nike,First-time Buyer,Mid-Year Madness,343874.50,126,2729.16,583.04,4918.99
Nike,First-time Buyer,Midnight Madness,370297.84,137,2702.90,501.63,4962.34
Nike,First-time Buyer,Mystery Discount Days,328332.99,126,2605.82,507.57,4971.39
Nike,First-time Buyer,New Arrival Showcase,358262.60,141,2540.87,517.42,4992.00
Nike,First-time Buyer,New Product Launch Promo,376371.41,130,2895.16,521.36,4998.60
Nike,First-time Buyer,New Year Kickoff,392095.02,143,2741.92,548.46,4929.50
Nike,First-time Buyer,Price Drop Parade,389458.51,141,2762.12,513.81,4998.25
Nike,First-time Buyer,Red Tag Clearance,330219.88,124,2663.06,516.57,4949.46
Nike,First-time Buyer,Seasonal Surprise Box,402859.03,144,2797.63,510.03,4971.33
Nike,First-time Buyer,Shop & Save Spectacular,386979.16,140,2764.14,518.60,4997.09
Nike,First-time Buyer,Smart Shopper Week,379548.06,144,2635.75,619.57,4905.31
Nike,First-time Buyer,Spring Refresh Event,375487.13,130,2888.36,524.53,4992.74
Nike,First-time Buyer,Spring Splash Discounts,376923.93,146,2581.67,561.15,4945.33
Nike,First-time Buyer,Summer Sizzle Promo,323743.09,119,2720.53,525.41,4927.20
Nike,First-time Buyer,Super Savings Week,338974.45,123,2755.89,532.65,4984.17
Nike,First-time Buyer,Ultimate Value Event,337295.93,126,2676.95,547.88,4980.70
Nike,First-time Buyer,VIP Access Sale,343378.52,131,2621.21,524.65,4986.24
Nike,First-time Buyer,Weekend Warrior Specials,371180.96,134,2770.01,651.67,4998.79
Nike,First-time Buyer,Winter Clearance Carnival,394688.64,136,2902.12,552.41,4965.35
Nike,First-time Buyer,Winter Wonders Sale,395468.82,138,2865.72,552.55,4988.48
Nike,High Value,12 Days of Deals,386315.33,134,2882.95,510.36,4985.24
Nike,High Value,Autumn Deals Drive,402468.95,147,2737.88,500.77,4999.11
Nike,High Value,BOGO Blitz,421323.46,148,2846.78,523.22,4963.61
Nike,High Value,Back to School Boost,343065.54,119,2882.90,513.03,4951.49
Nike,High Value,Birthday Bash Sale,352521.85,130,2711.71,500.14,4969.83
Nike,High Value,Black Friday Blowout,344656.08,124,2779.48,516.17,4980.21
Nike,High Value,Cart Crasher Campaign,368806.60,126,2927.04,553.68,4913.90
Nike,High Value,Cashback Carnival,346201.75,127,2726.00,514.20,4877.82
Nike,High Value,Clearance Countdown,345437.38,126,2741.57,533.95,4977.80
Nike,High Value,Countdown to Savings,371326.83,131,2834.56,650.56,4959.99
Nike,High Value,Customer Appreciation Week,346877.89,123,2820.15,504.64,4915.56
Nike,High Value,Cyber Monday Mania,326816.22,123,2657.04,505.34,4997.19
Nike,High Value,Deal of the Month,298984.17,115,2599.86,604.78,4954.14
Nike,High Value,Double Points Bonanza,381282.67,144,2647.80,626.34,4957.84
Nike,High Value,Early Bird Specials,362131.19,133,2722.79,509.37,4995.45
Nike,High Value,End of Season Sale,376048.78,149,2523.82,533.54,4958.01
Nike,High Value,Exclusive Insider Offers,388647.20,143,2717.81,507.69,4987.30
Nike,High Value,Festive Fever Promo,403831.26,131,3082.68,501.90,4988.91
Nike,High Value,Final Call Frenzy,313499.17,124,2528.22,501.48,4962.99
Nike,High Value,Flash Frenzy Friday,433041.20,154,2811.96,509.25,4990.81
Nike,High Value,"Gift More, Spend Less",319761.42,118,2709.84,537.37,4930.03
Nike,High Value,Golden Hour Bargains,410858.81,148,2776.07,507.62,4959.19
Nike,High Value,Green Weekend Deals,379619.37,137,2770.94,529.50,4983.14
Nike,High Value,Happy Hour Discounts,395003.46,138,2862.34,532.60,4998.95
Nike,High Value,Holiday Shopping Rush,302985.99,111,2729.60,540.23,4954.67
Nike,High Value,Hot Picks Promo,374142.06,134,2792.10,523.06,4953.49
Nike,High Value,Instant Gratification Sale,406164.04,149,2725.93,522.45,4958.80
Nike,High Value,Limited Time Treasures,362168.59,136,2663.00,610.98,4971.86
Nike,High Value,Loyalty Rewards Blast,412976.18,146,2828.60,525.35,4967.93
Nike,High Value,Mega Weekend Bonanza,370235.20,135,2742.48,525.01,4916.67
Nike,High Value,Mid-Year Madness,430440.04,158,2724.30,502.52,4994.34
Nike,High Value,Midnight Madness,313968.15,119,2638.39,504.65,4972.35
Nike,High Value,Mystery Discount Days,374773.27,135,2776.10,543.46,4978.14
Nike,High Value,New Arrival Showcase,416858.77,142,2935.63,589.48,4921.76
Nike,High Value,New Product Launch Promo,418838.24,138,3035.06,508.78,4967.22
Nike,High Value,New Year Kickoff,359936.90,125,2879.50,557.65,4996.00
Nike,High Value,Price Drop Parade,361422.49,141,2563.28,534.65,4996.87
Nike,High Value,Red Tag Clearance,397215.17,148,2683.89,524.04,4967.93
Nike,High Value,Seasonal Surprise Box,315980.55,116,2723.97,571.49,4976.84
Nike,High Value,Shop & Save Spectacular,300504.62,110,2731.86,561.81,4999.95
Nike,High Value,Smart Shopper Week,369385.18,126,2931.63,533.38,4953.14
Nike,High Value,Spring Refresh Event,344894.17,124,2781.40,505.18,4909.03
Nike,High Value,Spring Splash Discounts,361774.15,134,2699.81,505.94,4985.19
Nike,High Value,Summer Sizzle Promo,444006.22,149,2979.91,504.25,4997.66
Nike,High Value,Super Savings Week,349292.85,122,2863.06,535.11,4931.66
Nike,High Value,Ultimate Value Event,405535.31,144,2816.22,511.53,4969.79
Nike,High Value,VIP Access Sale,383445.90,135,2840.34,570.10,4991.94
Nike,High Value,Weekend Warrior Specials,334261.11,128,2611.41,512.07,4875.76
Nike,High Value,Winter Clearance Carnival,425751.64,153,2782.69,513.80,4997.27
Nike,High Value,Winter Wonders Sale,342782.20,116,2955.02,517.25,4937.58
Nike,In-Store Regular,12 Days of Deals,349859.30,132,2650.45,518.07,4974.66
Nike,In-Store Regular,Autumn Deals Drive,405108.97,149,2718.85,553.56,4991.50
Nike,In-Store Regular,BOGO Blitz,390744.69,142,2751.72,574.21,4928.93
Nike,In-Store Regular,Back to School Boost,328400.56,123,2669.92,526.24,4989.50
Nike,In-Store Regular,Birthday Bash Sale,377331.08,137,2754.24,562.65,4930.16
Nike,In-Store Regular,Black Friday Blowout,381535.47,135,2826.19,554.25,4977.85
Nike,In-Store Regular,Cart Crasher Campaign,407716.72,144,2831.37,529.32,4977.13
Nike,In-Store Regular,Cashback Carnival,397048.87,143,2776.57,578.73,4959.24
Nike,In-Store Regular,Clearance Countdown,310601.08,115,2700.88,536.28,4993.71
Nike,In-Store Regular,Countdown to Savings,337098.40,124,2718.54,509.72,4997.94
Nike,In-Store Regular,Customer Appreciation Week,399426.82,138,2894.40,532.06,4984.08
Nike,In-Store Regular,Cyber Monday Mania,355100.33,143,2483.22,502.42,4966.23
Nike,In-Store Regular,Deal of the Month,365920.98,137,2670.96,555.67,4923.36
Nike,In-Store Regular,Double Points Bonanza,383905.62,143,2684.65,514.94,4987.70
Nike,In-Store Regular,Early Bird Specials,384572.76,136,2827.74,541.07,4958.56
Nike,In-Store Regular,End of Season Sale,357445.96,137,2609.09,503.93,4953.72
Nike,In-Store Regular,Exclusive Insider Offers,391387.33,142,2756.25,532.18,4991.51
Nike,In-Store Regular,Festive Fever Promo,433757.21,162,2677.51,503.23,4935.84
Nike,In-Store Regular,Final Call Frenzy,343620.97,123,2793.67,515.42,4970.88
Nike,In-Store Regular,Flash Frenzy Friday,389703.36,135,2886.69,544.60,4982.34
Nike,In-Store Regular,"Gift More, Spend Less",317055.40,121,2620.29,523.12,4985.65
Nike,In-Store Regular,Golden Hour Bargains,394392.30,146,2701.32,519.14,4898.89
Nike,In-Store Regular,Green Weekend Deals,461546.63,167,2763.75,555.72,4950.97
Nike,In-Store Regular,Happy Hour Discounts,329803.81,125,2638.43,519.18,4959.82
Nike,In-Store Regular,Holiday Shopping Rush,338891.14,127,2668.43,538.10,4999.33
Nike,In-Store Regular,Hot Picks Promo,326397.45,120,2719.98,520.73,4973.87
Nike,In-Store Regular,Instant Gratification Sale,360120.48,133,2707.67,566.38,4980.88
Nike,In-Store Regular,Limited Time Treasures,361070.63,141,2560.78,508.79,4947.94
Nike,In-Store Regular,Loyalty Rewards Blast,353435.71,129,2739.81,501.97,4987.05
Nike,In-Store Regular,Mega Weekend Bonanza,352618.44,129,2733.48,529.99,4987.72
Nike,In-Store Regular,Mid-Year Madness,343622.47,131,2623.07,505.91,4956.16
Nike,In-Store Regular,Midnight Madness,437569.57,149,2936.71,560.70,4982.68
Nike,In-Store Regular,Mystery Discount Days,317976.24,110,2890.69,533.30,4894.96
Nike,In-Store Regular,New Arrival Showcase,296125.48,102,2903.19,595.60,4998.83
Nike,In-Store Regular,New Product Launch Promo,368599.56,129,2857.36,522.14,4988.99
Nike,In-Store Regular,New Year Kickoff,267478.34,104,2571.91,535.96,4977.86
Nike,In-Store Regular,Price Drop Parade,373707.61,132,2831.12,525.17,4992.75
Nike,In-Store Regular,Red Tag Clearance,339254.95,133,2550.79,509.39,4998.76
Nike,In-Store Regular,Seasonal Surprise Box,367101.81,125,2936.81,546.86,4969.06
Nike,In-Store Regular,Shop & Save Spectacular,423588.93,148,2862.09,620.18,4970.27
Nike,In-Store Regular,Smart Shopper Week,316075.68,113,2797.13,511.44,4976.73
Nike,In-Store Regular,Spring Refresh Event,409408.30,144,2843.11,533.93,4995.83
Nike,In-Store Regular,Spring Splash Discounts,432757.91,147,2943.93,507.73,4954.35
Nike,In-Store Regular,Summer Sizzle Promo,382817.26,142,2695.90,502.32,4949.21
Nike,In-Store Regular,Super Savings Week,450849.84,158,2853.48,523.61,4968.65
Nike,In-Store Regular,Ultimate Value Event,396393.07,149,2660.36,548.83,4998.73
Nike,In-Store Regular,VIP Access Sale,363700.18,135,2694.08,502.72,4919.46
Nike,In-Store Regular,Weekend Warrior Specials,338432.20,131,2583.45,554.97,4967.70
Nike,In-Store Regular,Winter Clearance Carnival,388974.00,139,2798.37,504.68,4994.53
Nike,In-Store Regular,Winter Wonders Sale,401863.16,155,2592.67,517.57,4986.53
Nike,Loyal Customer,12 Days of Deals,400142.07,147,2722.05,561.43,4976.23
Nike,Loyal Customer,Autumn Deals Drive,391007.45,138,2833.39,514.57,4994.06
Nike,Loyal Customer,BOGO Blitz,409071.97,141,2901.22,531.81,4998.67
Nike,Loyal Customer,Back to School Boost,315772.28,115,2745.85,522.55,4932.26
Nike,Loyal Customer,Birthday Bash Sale,382106.81,129,2962.07,501.50,4855.52
Nike,Loyal Customer,Black Friday Blowout,275347.92,104,2647.58,538.76,4906.81
Nike,Loyal Customer,Cart Crasher Campaign,436422.81,153,2852.44,514.47,4955.32
Nike,Loyal Customer,Cashback Carnival,356935.55,129,2766.94,520.46,4953.58
Nike,Loyal Customer,Clearance Countdown,410686.07,163,2519.55,544.43,4935.95
Nike,Loyal Customer,Countdown to Savings,368533.22,125,2948.27,532.95,4979.44
Nike,Loyal Customer,Customer Appreciation Week,440313.43,163,2701.31,529.37,4977.34
Nike,Loyal Customer,Cyber Monday Mania,402896.91,147,2740.80,517.96,4994.22
Nike,Loyal Customer,Deal of the Month,373111.46,137,2723.44,508.62,4921.57
Nike,Loyal Customer,Double Points Bonanza,324891.80,125,2599.13,511.97,4998.97
Nike,Loyal Customer,Early Bird Specials,369849.21,133,2780.82,507.63,4989.56
Nike,Loyal Customer,End of Season Sale,361677.86,129,2803.70,511.75,4993.65
Nike,Loyal Customer,Exclusive Insider Offers,353002.03,127,2779.54,502.99,4928.33
Nike,Loyal Customer,Festive Fever Promo,308969.35,115,2686.69,517.52,4962.86
Nike,Loyal Customer,Final Call Frenzy,376592.35,140,2689.95,540.42,4959.33
Nike,Loyal Customer,Flash Frenzy Friday,376048.90,133,2827.44,560.37,4998.23
Nike,Loyal Customer,"Gift More, Spend Less",301968.06,115,2625.81,524.76,4966.23
Nike,Loyal Customer,Golden Hour Bargains,345787.88,119,2905.78,501.07,4888.13
Nike,Loyal Customer,Green Weekend Deals,374100.37,141,2653.19,523.04,4994.05
Nike,Loyal Customer,Happy Hour Discounts,361172.18,139,2598.36,542.86,4962.42
Nike,Loyal Customer,Holiday Shopping Rush,405823.62,143,2837.93,735.27,4996.20
Nike,Loyal Customer,Hot Picks Promo,409211.73,148,2764.94,534.17,4997.69
Nike,Loyal Customer,Instant Gratification Sale,338644.02,119,2845.75,514.40,4996.19
Nike,Loyal Customer,Limited Time Treasures,410252.27,150,2735.02,519.56,4984.23
Nike,Loyal Customer,Loyalty Rewards Blast,385286.09,137,2812.31,501.80,4964.73
Nike,Loyal Customer,Mega Weekend Bonanza,362847.51,139,2610.41,554.78,4986.49
Nike,Loyal Customer,Mid-Year Madness,324632.70,119,2728.01,653.96,4994.31
Nike,Loyal Customer,Midnight Madness,397786.57,139,2861.77,509.62,4953.73
Nike,Loyal Customer,Mystery Discount Days,322931.72,123,2625.46,506.69,4993.88
Nike,Loyal Customer,New Arrival Showcase,370351.30,138,2683.71,514.30,4923.10
Nike,Loyal Customer,New Product Launch Promo,401518.12,148,2712.96,523.73,4997.47
Nike,Loyal Customer,New Year Kickoff,332908.66,124,2684.75,532.14,4937.44
Nike,Loyal Customer,Price Drop Parade,343478.84,127,2704.56,511.87,4902.90
Nike,Loyal Customer,Red Tag Clearance,286271.48,112,2556.00,536.74,4969.29
Nike,Loyal Customer,Seasonal Surprise Box,381544.16,149,2560.70,501.30,4951.59
Nike,Loyal Customer,Shop & Save Spectacular,444944.45,161,2763.63,501.58,4951.50
Nike,Loyal Customer,Smart Shopper Week,333494.25,121,2756.15,514.53,4912.56
Nike,Loyal Customer,Spring Refresh Event,377470.29,131,2881.45,534.15,4904.12
Nike,Loyal Customer,Spring Splash Discounts,364195.79,136,2677.91,530.75,4999.83
Nike,Loyal Customer,Summer Sizzle Promo,394546.48,146,2702.37,504.80,4960.40
Nike,Loyal Customer,Super Savings Week,390604.66,142,2750.74,546.63,4993.53
Nike,Loyal Customer,Ultimate Value Event,393057.39,145,2710.74,509.35,4979.48
Nike,Loyal Customer,VIP Access Sale,392662.00,136,2887.22,514.81,4885.45
Nike,Loyal Customer,Weekend Warrior Specials,368021.97,129,2852.88,511.11,4958.68
Nike,Loyal Customer,Winter Clearance Carnival,370262.71,135,2742.69,503.87,4965.37
Nike,Loyal Customer,Winter Wonders Sale,447873.99,162,2764.65,568.75,4992.09
Nike,Occasional Shopper,12 Days of Deals,396883.69,144,2756.14,505.19,4972.50
Nike,Occasional Shopper,Autumn Deals Drive,416953.61,158,2638.95,596.17,4999.75
Nike,Occasional Shopper,BOGO Blitz,366529.65,132,2776.74,538.28,4984.94
Nike,Occasional Shopper,Back to School Boost,380907.81,142,2682.45,500.65,4927.94
Nike,Occasional Shopper,Birthday Bash Sale,338119.61,132,2561.51,524.08,4987.98
Nike,Occasional Shopper,Black Friday Blowout,390790.40,138,2831.81,606.28,4987.76
Nike,Occasional Shopper,Cart Crasher Campaign,344902.46,125,2759.22,515.04,4977.25
Nike,Occasional Shopper,Cashback Carnival,360046.94,132,2727.63,547.02,4981.41
Nike,Occasional Shopper,Clearance Countdown,380885.22,142,2682.29,549.55,4945.64
Nike,Occasional Shopper,Countdown to Savings,363375.76,129,2816.87,637.60,4925.72
Nike,Occasional Shopper,Customer Appreciation Week,375092.09,131,2863.30,603.19,4988.56
Nike,Occasional Shopper,Cyber Monday Mania,349688.67,130,2689.91,520.22,4942.89
Nike,Occasional Shopper,Deal of the Month,394676.10,140,2819.12,541.10,4995.46
Nike,Occasional Shopper,Double Points Bonanza,396692.51,136,2916.86,537.04,4990.29
Nike,Occasional Shopper,Early Bird Specials,347591.36,121,2872.66,501.20,4999.19
Nike,Occasional Shopper,End of Season Sale,352526.85,128,2754.12,506.38,4968.18
Nike,Occasional Shopper,Exclusive Insider Offers,389319.49,151,2578.27,511.61,4992.82
Nike,Occasional Shopper,Festive Fever Promo,378419.93,135,2803.11,519.19,4940.74
Nike,Occasional Shopper,Final Call Frenzy,332598.67,124,2682.25,508.36,4941.07
Nike,Occasional Shopper,Flash Frenzy Friday,370138.76,129,2869.29,536.75,4995.14
Nike,Occasional Shopper,"Gift More, Spend Less",395155.74,145,2725.21,522.13,4966.25
Nike,Occasional Shopper,Golden Hour Bargains,434090.49,160,2713.07,548.26,4974.45
Nike,Occasional Shopper,Green Weekend Deals,388347.26,136,2855.49,531.87,4972.93
Nike,Occasional Shopper,Happy Hour Discounts,356376.92,128,2784.19,608.55,4964.85
Nike,Occasional Shopper,Holiday Shopping Rush,340767.11,131,2601.28,512.62,4981.59
Nike,Occasional Shopper,Hot Picks Promo,433499.53,159,2726.41,510.06,4978.45
Nike,Occasional Shopper,Instant Gratification Sale,355529.98,145,2451.93,516.47,4940.54
Nike,Occasional Shopper,Limited Time Treasures,388676.75,138,2816.50,576.52,4996.93
Nike,Occasional Shopper,Loyalty Rewards Blast,376590.66,134,2810.38,515.85,4904.86
Nike,Occasional Shopper,Mega Weekend Bonanza,385480.09,132,2920.30,615.99,4983.61
Nike,Occasional Shopper,Mid-Year Madness,346395.66,125,2771.17,556.96,4917.42
Nike,Occasional Shopper,Midnight Madness,308318.65,116,2657.92,513.39,4969.17
Nike,Occasional Shopper,Mystery Discount Days,387256.83,139,2786.02,530.00,4998.21
Nike,Occasional Shopper,New Arrival Showcase,381407.42,146,2612.38,508.18,4943.20
Nike,Occasional Shopper,New Product Launch Promo,355622.73,132,2694.11,503.65,4927.25
Nike,Occasional Shopper,New Year Kickoff,377245.86,131,2879.74,513.60,4987.30
Nike,Occasional Shopper,Price Drop Parade,389991.99,143,2727.22,521.09,4976.11
Nike,Occasional Shopper,Red Tag Clearance,408073.90,142,2873.76,532.81,4985.84
Nike,Occasional Shopper,Seasonal Surprise Box,463729.94,165,2810.48,507.61,4981.63
Nike,Occasional Shopper,Shop & Save Spectacular,351838.10,130,2706.45,509.08,4974.55
Nike,Occasional Shopper,Smart Shopper Week,368247.74,138,2668.46,521.75,4920.10
Nike,Occasional Shopper,Spring Refresh Event,399574.11,135,2959.81,503.69,4993.39
Nike,Occasional Shopper,Spring Splash Discounts,295356.18,116,2546.17,518.85,4962.93
Nike,Occasional Shopper,Summer Sizzle Promo,377410.78,136,2775.08,504.99,4998.50
Nike,Occasional Shopper,Super Savings Week,387702.45,146,2655.50,525.88,4970.25
Nike,Occasional Shopper,Ultimate Value Event,387414.17,137,2827.84,502.13,4979.85
Nike,Occasional Shopper,VIP Access Sale,403484.56,138,2923.80,654.78,4986.22
Nike,Occasional Shopper,Weekend Warrior Specials,329317.44,130,2533.21,556.30,4810.42
Nike,Occasional Shopper,Winter Clearance Carnival,294532.59,113,2606.48,501.25,4981.70
Nike,Occasional Shopper,Winter Wonders Sale,355447.27,129,2755.41,532.56,4985.64
Nike,Online Shopper,12 Days of Deals,376437.37,137,2747.72,550.44,4942.74
Nike,Online Shopper,Autumn Deals Drive,427766.18,149,2870.91,534.94,4988.18
Nike,Online Shopper,BOGO Blitz,321738.35,125,2573.91,524.20,4976.04
Nike,Online Shopper,Back to School Boost,394002.93,127,3102.39,577.23,4974.99
Nike,Online Shopper,Birthday Bash Sale,345872.98,118,2931.13,552.36,4959.10
Nike,Online Shopper,Black Friday Blowout,307220.78,115,2671.49,531.54,4992.36
Nike,Online Shopper,Cart Crasher Campaign,349563.20,139,2514.84,534.29,4964.82
Nike,Online Shopper,Cashback Carnival,294078.05,110,2673.44,522.42,4995.11
Nike,Online Shopper,Clearance Countdown,378886.14,136,2785.93,564.15,4974.38
Nike,Online Shopper,Countdown to Savings,296332.79,115,2576.81,501.71,4862.83
Nike,Online Shopper,Customer Appreciation Week,395665.74,144,2747.68,523.80,4979.15
Nike,Online Shopper,Cyber Monday Mania,404674.27,148,2734.29,527.14,4996.11
Nike,Online Shopper,Deal of the Month,326635.12,126,2592.34,554.77,4979.75
Nike,Online Shopper,Double Points Bonanza,394453.05,137,2879.22,513.51,4952.30
Nike,Online Shopper,Early Bird Specials,426887.47,147,2904.00,543.61,4996.32
Nike,Online Shopper,End of Season Sale,351255.76,139,2527.02,529.01,4851.48
Nike,Online Shopper,Exclusive Insider Offers,386325.89,134,2883.03,500.29,4963.62
Nike,Online Shopper,Festive Fever Promo,307853.17,113,2724.36,503.50,4945.31
Nike,Online Shopper,Final Call Frenzy,390036.37,131,2977.38,583.03,4958.26
Nike,Online Shopper,Flash Frenzy Friday,399742.90,138,2896.69,520.08,4996.44
Nike,Online Shopper,"Gift More, Spend Less",335564.33,118,2843.77,505.29,4992.10
Nike,Online Shopper,Golden Hour Bargains,311515.46,115,2708.83,604.59,4882.58
Nike,Online Shopper,Green Weekend Deals,384720.60,143,2690.35,508.30,4978.53
Nike,Online Shopper,Happy Hour Discounts,360725.72,117,3083.13,702.46,4997.02
Nike,Online Shopper,Holiday Shopping Rush,408839.18,147,2781.22,509.19,4978.01
Nike,Online Shopper,Hot Picks Promo,375211.20,132,2842.51,568.60,4978.48
Nike,Online Shopper,Instant Gratification Sale,330574.88,117,2825.43,590.63,4990.16
Nike,Online Shopper,Limited Time Treasures,386723.97,139,2782.19,525.80,4934.12
Nike,Online Shopper,Loyalty Rewards Blast,388126.39,145,2676.73,524.19,4977.09
Nike,Online Shopper,Mega Weekend Bonanza,382660.98,135,2834.53,509.61,4964.16
Nike,Online Shopper,Mid-Year Madness,375607.49,129,2911.69,503.75,4937.35
Nike,Online Shopper,Midnight Madness,399993.14,134,2985.02,592.27,4953.20
Nike,Online Shopper,Mystery Discount Days,371077.87,129,2876.57,515.08,4993.54
Nike,Online Shopper,New Arrival Showcase,386070.66,136,2838.75,521.29,4994.65
Nike,Online Shopper,New Product Launch Promo,360146.02,124,2904.40,507.14,4956.07
Nike,Online Shopper,New Year Kickoff,406816.17,142,2864.90,536.86,4984.36
Nike,Online Shopper,Price Drop Parade,369422.59,136,2716.34,505.80,4913.18
Nike,Online Shopper,Red Tag Clearance,302437.64,118,2563.03,525.56,4966.80
Nike,Online Shopper,Seasonal Surprise Box,327147.35,132,2478.39,506.76,4952.20
Nike,Online Shopper,Shop & Save Spectacular,370359.81,134,2763.88,541.58,4995.87
Nike,Online Shopper,Smart Shopper Week,422022.11,149,2832.36,572.54,4987.87
Nike,Online Shopper,Spring Refresh Event,344618.27,124,2779.18,500.43,4940.75
Nike,Online Shopper,Spring Splash Discounts,346077.08,128,2703.73,517.21,4982.46
Nike,Online Shopper,Summer Sizzle Promo,377425.80,142,2657.93,505.27,4933.18
Nike,Online Shopper,Super Savings Week,324239.59,114,2844.21,523.55,4994.88
Nike,Online Shopper,Ultimate Value Event,381470.65,138,2764.28,509.98,4975.68
Nike,Online Shopper,VIP Access Sale,383900.59,140,2742.15,527.65,4989.88
Nike,Online Shopper,Weekend Warrior Specials,367217.95,143,2567.96,508.00,4996.67
Nike,Online Shopper,Winter Clearance Carnival,397177.35,136,2920.42,503.08,4998.41
Nike,Online Shopper,Winter Wonders Sale,342199.63,126,2715.87,502.80,4975.47
Nike,Premium Shopper,12 Days of Deals,351410.84,133,2642.19,506.25,4999.67
Nike,Premium Shopper,Autumn Deals Drive,349945.53,125,2799.56,549.59,4986.62
Nike,Premium Shopper,BOGO Blitz,374611.32,130,2881.63,542.26,4973.13
Nike,Premium Shopper,Back to School Boost,332200.58,123,2700.82,616.58,4988.01
Nike,Premium Shopper,Birthday Bash Sale,359744.21,132,2725.33,551.57,4874.63
Nike,Premium Shopper,Black Friday Blowout,423525.36,151,2804.80,510.23,4960.98
Nike,Premium Shopper,Cart Crasher Campaign,385398.43,130,2964.60,558.36,4956.41
Nike,Premium Shopper,Cashback Carnival,360186.14,135,2668.05,500.72,4971.28
Nike,Premium Shopper,Clearance Countdown,408650.35,140,2918.93,538.79,4994.91
Nike,Premium Shopper,Countdown to Savings,431442.45,155,2783.50,549.28,4912.19
Nike,Premium Shopper,Customer Appreciation Week,411918.01,139,2963.44,534.61,4996.89
Nike,Premium Shopper,Cyber Monday Mania,383609.64,133,2884.28,534.38,4993.48
Nike,Premium Shopper,Deal of the Month,369528.77,140,2639.49,532.76,4951.61
Nike,Premium Shopper,Double Points Bonanza,429907.57,152,2828.34,509.65,4979.52
Nike,Premium Shopper,Early Bird Specials,365274.88,135,2705.74,523.42,4991.74
Nike,Premium Shopper,End of Season Sale,336617.66,120,2805.15,563.93,4991.27
Nike,Premium Shopper,Exclusive Insider Offers,362801.77,129,2812.42,513.90,4962.12
Nike,Premium Shopper,Festive Fever Promo,374779.28,135,2776.14,569.03,4967.48
Nike,Premium Shopper,Final Call Frenzy,382814.28,143,2677.02,502.59,4938.88
Nike,Premium Shopper,Flash Frenzy Friday,370567.67,135,2744.95,520.92,4992.34
Nike,Premium Shopper,"Gift More, Spend Less",286908.00,106,2706.68,582.21,4991.11
Nike,Premium Shopper,Golden Hour Bargains,351132.29,131,2680.40,525.42,4964.89
Nike,Premium Shopper,Green Weekend Deals,348734.67,130,2682.57,503.13,4906.47
Nike,Premium Shopper,Happy Hour Discounts,427280.76,138,3096.24,608.35,4983.25
Nike,Premium Shopper,Holiday Shopping Rush,350612.67,125,2804.90,514.56,4998.76
Nike,Premium Shopper,Hot Picks Promo,386381.43,140,2759.87,520.92,4997.81
Nike,Premium Shopper,Instant Gratification Sale,369966.03,127,2913.12,529.97,4935.27
Nike,Premium Shopper,Limited Time Treasures,412067.56,145,2841.85,525.94,4995.92
Nike,Premium Shopper,Loyalty Rewards Blast,306827.16,112,2739.53,509.26,4932.60
Nike,Premium Shopper,Mega Weekend Bonanza,355997.67,127,2803.13,504.47,4868.27
Nike,Premium Shopper,Mid-Year Madness,373268.18,137,2724.59,539.06,4979.78
Nike,Premium Shopper,Midnight Madness,343258.43,125,2746.07,564.79,4910.73
Nike,Premium Shopper,Mystery Discount Days,381285.33,146,2611.54,503.54,4999.19
Nike,Premium Shopper,New Arrival Showcase,367357.09,135,2721.16,517.75,4992.57
Nike,Premium Shopper,New Product Launch Promo,264187.05,105,2516.07,518.54,4792.01
Nike,Premium Shopper,New Year Kickoff,398835.47,137,2911.21,522.74,4951.96
Nike,Premium Shopper,Price Drop Parade,333505.51,120,2779.21,550.47,4991.55
Nike,Premium Shopper,Red Tag Clearance,424981.00,149,2852.22,502.58,4993.59
Nike,Premium Shopper,Seasonal Surprise Box,426230.94,142,3001.63,500.31,4976.76
Nike,Premium Shopper,Shop & Save Spectacular,341681.17,122,2800.67,635.11,4963.85
Nike,Premium Shopper,Smart Shopper Week,344828.66,126,2736.74,534.11,4996.44
Nike,Premium Shopper,Spring Refresh Event,410142.91,150,2734.29,529.72,4919.91
Nike,Premium Shopper,Spring Splash Discounts,344770.76,120,2873.09,508.64,4997.44
Nike,Premium Shopper,Summer Sizzle Promo,376687.41,142,2652.73,566.82,4959.46
Nike,Premium Shopper,Super Savings Week,322471.22,111,2905.15,572.83,4932.01
Nike,Premium Shopper,Ultimate Value Event,318114.22,116,2742.36,506.18,4981.61
Nike,Premium Shopper,VIP Access Sale,346038.69,125,2768.31,582.36,4980.75
Nike,Premium Shopper,Weekend Warrior Specials,323111.81,119,2715.23,500.79,4948.39
Nike,Premium Shopper,Winter Clearance Carnival,336991.43,122,2762.22,638.99,4972.12
Nike,Premium Shopper,Winter Wonders Sale,396799.50,133,2983.45,598.16,4929.57
Panasonic,Budget Shopper,12 Days of Deals,147466.40,55,2681.21,531.59,4985.32
Panasonic,Budget Shopper,Autumn Deals Drive,147225.53,53,2777.84,575.45,4929.43
Panasonic,Budget Shopper,BOGO Blitz,148684.74,53,2805.37,505.45,4958.10
Panasonic,Budget Shopper,Back to School Boost,204815.51,73,2805.69,511.72,4931.97
Panasonic,Budget Shopper,Birthday Bash Sale,194752.77,63,3091.31,514.98,4934.70
Panasonic,Budget Shopper,Black Friday Blowout,205439.27,72,2853.32,527.81,4950.03
Panasonic,Budget Shopper,Cart Crasher Campaign,172648.17,58,2976.69,539.92,4988.86
Panasonic,Budget Shopper,Cashback Carnival,156639.61,64,2447.49,566.33,4903.29
Panasonic,Budget Shopper,Clearance Countdown,214124.25,76,2817.42,537.57,4998.92
Panasonic,Budget Shopper,Countdown to Savings,179122.40,63,2843.21,747.22,4974.65
Panasonic,Budget Shopper,Customer Appreciation Week,165224.30,57,2898.67,518.89,4839.01
Panasonic,Budget Shopper,Cyber Monday Mania,177127.66,67,2643.70,549.95,4894.47
Panasonic,Budget Shopper,Deal of the Month,169511.68,65,2607.87,502.25,4919.77
Panasonic,Budget Shopper,Double Points Bonanza,183401.29,68,2697.08,500.59,4998.12
Panasonic,Budget Shopper,Early Bird Specials,205888.13,72,2859.56,512.16,4977.91
Panasonic,Budget Shopper,End of Season Sale,149225.94,65,2295.78,578.01,4966.24
Panasonic,Budget Shopper,Exclusive Insider Offers,188454.96,66,2855.38,560.48,4976.68
Panasonic,Budget Shopper,Festive Fever Promo,140717.26,56,2512.81,603.78,4860.68
Panasonic,Budget Shopper,Final Call Frenzy,203693.56,67,3040.20,585.25,4727.95
Panasonic,Budget Shopper,Flash Frenzy Friday,155395.71,54,2877.70,565.86,4989.37
Panasonic,Budget Shopper,"Gift More, Spend Less",185549.38,58,3199.13,672.68,4811.76
Panasonic,Budget Shopper,Golden Hour Bargains,181287.46,70,2589.82,506.49,4995.35
Panasonic,Budget Shopper,Green Weekend Deals,178013.61,64,2781.46,503.08,4883.11
Panasonic,Budget Shopper,Happy Hour Discounts,210368.11,77,2732.05,528.07,4961.76
Panasonic,Budget Shopper,Holiday Shopping Rush,247172.44,87,2841.06,514.69,4999.40
Panasonic,Budget Shopper,Hot Picks Promo,174821.60,63,2774.95,609.18,4915.30
Panasonic,Budget Shopper,Instant Gratification Sale,176289.29,66,2671.05,528.39,4975.38
Panasonic,Budget Shopper,Limited Time Treasures,154341.42,57,2707.74,539.36,4930.49
Panasonic,Budget Shopper,Loyalty Rewards Blast,147298.59,60,2454.98,591.85,4766.59
Panasonic,Budget Shopper,Mega Weekend Bonanza,225818.73,73,3093.41,567.05,4996.39
Panasonic,Budget Shopper,Mid-Year Madness,200020.28,68,2941.47,507.87,4973.78
Panasonic,Budget Shopper,Midnight Madness,183770.29,70,2625.29,537.12,4943.94
Panasonic,Budget Shopper,Mystery Discount Days,175123.33,58,3019.37,500.80,4959.74
Panasonic,Budget Shopper,New Arrival Showcase,200801.69,72,2788.91,659.63,4969.72
Panasonic,Budget Shopper,New Product Launch Promo,205477.93,71,2894.06,501.09,4998.61
Panasonic,Budget Shopper,New Year Kickoff,210512.70,74,2844.77,501.31,4983.89
Panasonic,Budget Shopper,Price Drop Parade,188059.64,65,2893.23,645.67,4887.60
Panasonic,Budget Shopper,Red Tag Clearance,198247.20,66,3003.75,715.12,4993.50
Panasonic,Budget Shopper,Seasonal Surprise Box,174677.83,62,2817.38,522.75,4966.81
Panasonic,Budget Shopper,Shop & Save Spectacular,158376.04,56,2828.14,525.72,4910.88
Panasonic,Budget Shopper,Smart Shopper Week,127586.57,49,2603.81,565.53,4816.33
Panasonic,Budget Shopper,Spring Refresh Event,197462.76,69,2861.78,506.77,4903.73
Panasonic,Budget Shopper,Spring Splash Discounts,156374.11,53,2950.45,673.00,4994.40
Panasonic,Budget Shopper,Summer Sizzle Promo,121342.08,43,2821.91,800.28,4895.58
Panasonic,Budget Shopper,Super Savings Week,171013.32,58,2948.51,745.61,4995.54
Panasonic,Budget Shopper,Ultimate Value Event,222461.04,79,2815.96,635.58,4968.02
Panasonic,Budget Shopper,VIP Access Sale,175594.55,72,2438.81,572.27,4945.78
Panasonic,Budget Shopper,Weekend Warrior Specials,187335.20,63,2973.57,793.62,4985.78
Panasonic,Budget Shopper,Winter Clearance Carnival,196564.66,73,2692.67,580.73,4992.13
Panasonic,Budget Shopper,Winter Wonders Sale,149954.59,57,2630.78,557.59,4958.13
Panasonic,Churn Risk,12 Days of Deals,156021.41,56,2786.10,534.25,4996.82
Panasonic,Churn Risk,Autumn Deals Drive,184084.93,65,2832.08,500.20,4987.35
Panasonic,Churn Risk,BOGO Blitz,191491.67,72,2659.61,567.86,4966.60
Panasonic,Churn Risk,Back to School Boost,182117.35,65,2801.81,538.66,4950.78
Panasonic,Churn Risk,Birthday Bash Sale,174248.72,63,2765.85,519.56,4999.64
Panasonic,Churn Risk,Black Friday Blowout,186135.97,68,2737.29,564.74,4963.78
Panasonic,Churn Risk,Cart Crasher Campaign,164358.32,60,2739.31,502.87,4959.14
Panasonic,Churn Risk,Cashback Carnival,190342.07,66,2883.97,534.48,4934.17
Panasonic,Churn Risk,Clearance Countdown,175445.56,68,2580.08,542.57,4973.74
Panasonic,Churn Risk,Countdown to Savings,144780.35,59,2453.90,518.47,4830.15
Panasonic,Churn Risk,Customer Appreciation Week,179364.11,66,2717.64,593.12,4705.58
Panasonic,Churn Risk,Cyber Monday Mania,148652.83,51,2914.76,579.74,4957.86
Panasonic,Churn Risk,Deal of the Month,196796.97,68,2894.07,576.31,4985.11
Panasonic,Churn Risk,Double Points Bonanza,146060.29,54,2704.82,580.56,4820.71
Panasonic,Churn Risk,Early Bird Specials,196960.47,74,2661.63,659.90,4995.63
Panasonic,Churn Risk,End of Season Sale,189722.64,72,2635.04,504.36,4952.76
Panasonic,Churn Risk,Exclusive Insider Offers,192407.94,72,2672.33,580.51,4931.67
Panasonic,Churn Risk,Festive Fever Promo,255542.02,85,3006.38,639.73,4987.73
Panasonic,Churn Risk,Final Call Frenzy,216669.49,81,2674.93,501.57,4921.09
Panasonic,Churn Risk,Flash Frenzy Friday,149162.74,57,2616.89,502.31,4832.50
Panasonic,Churn Risk,"Gift More, Spend Less",173245.84,69,2510.81,551.02,4977.96
Panasonic,Churn Risk,Golden Hour Bargains,163585.51,64,2556.02,506.95,4987.21
Panasonic,Churn Risk,Green Weekend Deals,212964.07,68,3131.82,772.11,4952.61
Panasonic,Churn Risk,Happy Hour Discounts,203662.57,74,2752.20,561.29,4842.42
Panasonic,Churn Risk,Holiday Shopping Rush,183449.72,67,2738.06,509.01,4979.26
Panasonic,Churn Risk,Hot Picks Promo,165137.48,63,2621.23,533.15,4963.89
Panasonic,Churn Risk,Instant Gratification Sale,162613.64,63,2581.17,557.79,4893.26
Panasonic,Churn Risk,Limited Time Treasures,218455.01,74,2952.09,501.60,4873.75
Panasonic,Churn Risk,Loyalty Rewards Blast,134955.10,50,2699.10,862.44,4975.53
Panasonic,Churn Risk,Mega Weekend Bonanza,145366.00,52,2795.50,514.37,4998.53
Panasonic,Churn Risk,Mid-Year Madness,219669.04,72,3050.96,528.11,4992.50
Panasonic,Churn Risk,Midnight Madness,221364.37,77,2874.86,545.98,4983.03
Panasonic,Churn Risk,Mystery Discount Days,204362.81,69,2961.78,630.73,4983.01
Panasonic,Churn Risk,New Arrival Showcase,168829.31,66,2558.02,578.57,4954.06
Panasonic,Churn Risk,New Product Launch Promo,186168.28,64,2908.88,623.08,4898.23
Panasonic,Churn Risk,New Year Kickoff,167090.97,62,2695.02,588.04,4953.70
Panasonic,Churn Risk,Price Drop Parade,226420.56,77,2940.53,514.95,4981.91
Panasonic,Churn Risk,Red Tag Clearance,202889.69,78,2601.15,501.05,4871.14
Panasonic,Churn Risk,Seasonal Surprise Box,166574.35,60,2776.24,595.16,4844.26
Panasonic,Churn Risk,Shop & Save Spectacular,162831.04,65,2505.09,663.56,4848.82
Panasonic,Churn Risk,Smart Shopper Week,191199.17,79,2420.24,548.80,4957.00
Panasonic,Churn Risk,Spring Refresh Event,198834.08,73,2723.75,621.29,4934.63
Panasonic,Churn Risk,Spring Splash Discounts,182767.73,66,2769.21,559.03,4889.48
Panasonic,Churn Risk,Summer Sizzle Promo,159216.24,55,2894.84,739.42,4970.66
Panasonic,Churn Risk,Super Savings Week,211824.41,75,2824.33,546.25,4998.99
Panasonic,Churn Risk,Ultimate Value Event,253254.17,85,2979.46,665.00,4997.13
Panasonic,Churn Risk,VIP Access Sale,153573.27,61,2517.59,566.02,4896.78
Panasonic,Churn Risk,Weekend Warrior Specials,235516.78,74,3182.66,540.23,4979.37
Panasonic,Churn Risk,Winter Clearance Carnival,177257.34,64,2769.65,637.06,4995.61
Panasonic,Churn Risk,Winter Wonders Sale,168923.71,64,2639.43,545.27,4931.35
Panasonic,Deal Seeker,12 Days of Deals,194354.05,69,2816.73,616.21,4973.37
Panasonic,Deal Seeker,Autumn Deals Drive,200087.29,72,2778.99,586.16,4964.38
Panasonic,Deal Seeker,BOGO Blitz,181663.44,61,2978.09,657.51,4919.66
Panasonic,Deal Seeker,Back to School Boost,170687.76,66,2586.18,500.14,4967.57
Panasonic,Deal Seeker,Birthday Bash Sale,206624.40,68,3038.59,519.20,4825.85
Panasonic,Deal Seeker,Black Friday Blowout,218368.32,82,2663.03,513.16,4998.59
Panasonic,Deal Seeker,Cart Crasher Campaign,154649.76,61,2535.24,625.25,4996.42
Panasonic,Deal Seeker,Cashback Carnival,197327.01,67,2945.18,508.52,4928.38
Panasonic,Deal Seeker,Clearance Countdown,153933.02,60,2565.55,687.81,4919.57
Panasonic,Deal Seeker,Countdown to Savings,220829.93,77,2867.92,606.28,4928.81
Panasonic,Deal Seeker,Customer Appreciation Week,158261.89,61,2594.46,515.73,4978.98
Panasonic,Deal Seeker,Cyber Monday Mania,178296.83,66,2701.47,542.58,4919.51
Panasonic,Deal Seeker,Deal of the Month,174940.05,57,3069.12,666.22,4860.15
Panasonic,Deal Seeker,Double Points Bonanza,224738.87,76,2957.09,561.33,4958.76
Panasonic,Deal Seeker,Early Bird Specials,204165.56,69,2958.92,529.28,4860.06
Panasonic,Deal Seeker,End of Season Sale,204097.41,71,2874.61,665.35,4946.72
Panasonic,Deal Seeker,Exclusive Insider Offers,204495.73,72,2840.22,526.92,4999.75
Panasonic,Deal Seeker,Festive Fever Promo,175407.85,66,2657.69,643.64,4917.33
Panasonic,Deal Seeker,Final Call Frenzy,171855.99,69,2490.67,515.87,4867.92
Panasonic,Deal Seeker,Flash Frenzy Friday,187682.44,69,2720.04,613.29,4996.92
Panasonic,Deal Seeker,"Gift More, Spend Less",223242.16,85,2626.38,589.32,4984.29
Panasonic,Deal Seeker,Golden Hour Bargains,186359.15,69,2700.86,532.48,4916.11
Panasonic,Deal Seeker,Green Weekend Deals,218792.36,75,2917.23,508.81,4870.29
Panasonic,Deal Seeker,Happy Hour Discounts,149369.30,59,2531.68,525.52,4935.94
Panasonic,Deal Seeker,Holiday Shopping Rush,194051.08,68,2853.69,579.07,4902.68
Panasonic,Deal Seeker,Hot Picks Promo,207797.03,74,2808.07,533.74,4905.51
Panasonic,Deal Seeker,Instant Gratification Sale,165245.20,66,2503.72,524.18,4894.58
Panasonic,Deal Seeker,Limited Time Treasures,215802.22,77,2802.63,526.55,4993.69
Panasonic,Deal Seeker,Loyalty Rewards Blast,220599.71,75,2941.33,507.52,4959.78
Panasonic,Deal Seeker,Mega Weekend Bonanza,160950.65,67,2402.25,705.99,4943.88
Panasonic,Deal Seeker,Mid-Year Madness,194303.20,70,2775.76,604.08,4977.68
Panasonic,Deal Seeker,Midnight Madness,183181.37,71,2580.02,574.60,4994.98
Panasonic,Deal Seeker,Mystery Discount Days,163128.83,60,2718.81,760.51,4980.37
Panasonic,Deal Seeker,New Arrival Showcase,144416.25,52,2777.24,513.72,4986.80
Panasonic,Deal Seeker,New Product Launch Promo,187871.98,68,2762.82,543.16,4811.17
Panasonic,Deal Seeker,New Year Kickoff,184431.10,63,2927.48,513.88,4960.18
Panasonic,Deal Seeker,Price Drop Parade,168315.50,64,2629.93,516.48,4878.91
Panasonic,Deal Seeker,Red Tag Clearance,183859.86,69,2664.64,508.69,4930.84
Panasonic,Deal Seeker,Seasonal Surprise Box,173357.69,66,2626.63,585.66,4997.91
Panasonic,Deal Seeker,Shop & Save Spectacular,151030.58,54,2796.86,500.49,4996.66
Panasonic,Deal Seeker,Smart Shopper Week,187089.61,66,2834.69,514.89,4907.33
Panasonic,Deal Seeker,Spring Refresh Event,196809.23,72,2733.46,591.31,4870.61
Panasonic,Deal Seeker,Spring Splash Discounts,213180.14,73,2920.28,712.08,4987.95
Panasonic,Deal Seeker,Summer Sizzle Promo,171987.57,66,2605.87,529.97,4913.81
Panasonic,Deal Seeker,Super Savings Week,149432.18,55,2716.95,531.29,4849.52
Panasonic,Deal Seeker,Ultimate Value Event,193554.87,68,2846.40,604.08,4917.94
Panasonic,Deal Seeker,VIP Access Sale,179916.53,68,2645.83,516.37,4941.26
Panasonic,Deal Seeker,Weekend Warrior Specials,186118.62,67,2777.89,503.53,4930.12
Panasonic,Deal Seeker,Winter Clearance Carnival,199030.39,67,2970.60,518.89,4917.35
Panasonic,Deal Seeker,Winter Wonders Sale,192643.17,67,2875.27,574.94,4910.15
Panasonic,First-time Buyer,12 Days of Deals,195938.87,73,2684.09,555.22,4879.25
Panasonic,First-time Buyer,Autumn Deals Drive,163456.22,54,3026.97,552.19,4986.88
Panasonic,First-time Buyer,BOGO Blitz,207433.41,74,2803.15,582.80,4987.49
Panasonic,First-time Buyer,Back to School Boost,224907.51,75,2998.77,684.22,4974.55
Panasonic,First-time Buyer,Birthday Bash Sale,229907.44,79,2910.22,643.83,4999.90
Panasonic,First-time Buyer,Black Friday Blowout,145333.71,52,2794.88,578.37,4862.60
Panasonic,First-time Buyer,Cart Crasher Campaign,212658.95,81,2625.42,587.08,4913.79
Panasonic,First-time Buyer,Cashback Carnival,141685.93,51,2778.16,628.86,4980.90
Panasonic,First-time Buyer,Clearance Countdown,159909.04,63,2538.24,513.68,4962.81
Panasonic,First-time Buyer,Countdown to Savings,194917.87,76,2564.71,676.58,4873.97
Panasonic,First-time Buyer,Customer Appreciation Week,146143.59,59,2477.01,538.46,4959.65
Panasonic,First-time Buyer,Cyber Monday Mania,190108.23,69,2755.19,503.56,4967.12
Panasonic,First-time Buyer,Deal of the Month,174107.09,62,2808.18,530.75,4930.53
Panasonic,First-time Buyer,Double Points Bonanza,178783.79,65,2750.52,581.17,4989.40
Panasonic,First-time Buyer,Early Bird Specials,164765.02,62,2657.50,786.20,4933.39
Panasonic,First-time Buyer,End of Season Sale,170599.05,61,2796.71,579.76,4976.60
Panasonic,First-time Buyer,Exclusive Insider Offers,227019.78,78,2910.51,860.30,4991.10
Panasonic,First-time Buyer,Festive Fever Promo,227584.71,82,2775.42,573.35,4947.35
Panasonic,First-time Buyer,Final Call Frenzy,159110.78,58,2743.29,629.50,4998.53
Panasonic,First-time Buyer,Flash Frenzy Friday,187179.92,70,2674.00,507.16,4915.08
Panasonic,First-time Buyer,"Gift More, Spend Less",188775.86,75,2517.01,538.45,4991.79
Panasonic,First-time Buyer,Golden Hour Bargains,159590.10,58,2751.55,581.57,4947.73
Panasonic,First-time Buyer,Green Weekend Deals,171155.11,55,3111.91,662.50,4999.78
Panasonic,First-time Buyer,Happy Hour Discounts,163313.43,64,2551.77,635.55,4905.28
Panasonic,First-time Buyer,Holiday Shopping Rush,194332.71,67,2900.49,562.98,4999.67
Panasonic,First-time Buyer,Hot Picks Promo,197281.80,69,2859.16,566.67,4996.10
Panasonic,First-time Buyer,Instant Gratification Sale,212478.35,68,3124.68,577.72,4984.14
Panasonic,First-time Buyer,Limited Time Treasures,250624.42,82,3056.40,757.60,4960.52
Panasonic,First-time Buyer,Loyalty Rewards Blast,207647.41,73,2844.49,645.89,4914.24
Panasonic,First-time Buyer,Mega Weekend Bonanza,165201.28,57,2898.27,616.14,4977.73
Panasonic,First-time Buyer,Mid-Year Madness,158516.38,61,2598.63,511.66,4968.20
Panasonic,First-time Buyer,Midnight Madness,164562.99,66,2493.38,582.31,4847.66
Panasonic,First-time Buyer,Mystery Discount Days,187585.60,71,2642.05,518.97,4958.83
Panasonic,First-time Buyer,New Arrival Showcase,160538.49,62,2589.33,572.62,4941.35
Panasonic,First-time Buyer,New Product Launch Promo,180651.07,64,2822.67,534.78,4962.71
Panasonic,First-time Buyer,New Year Kickoff,190402.50,72,2644.48,510.13,4904.19
Panasonic,First-time Buyer,Price Drop Parade,166889.25,62,2691.76,504.47,4970.16
Panasonic,First-time Buyer,Red Tag Clearance,147848.10,64,2310.13,579.27,4904.41
Panasonic,First-time Buyer,Seasonal Surprise Box,140470.98,62,2265.66,531.41,4924.15
Panasonic,First-time Buyer,Shop & Save Spectacular,191236.56,76,2516.27,511.07,4991.54
Panasonic,First-time Buyer,Smart Shopper Week,166199.42,59,2816.94,529.17,4905.13
Panasonic,First-time Buyer,Spring Refresh Event,186683.23,66,2828.53,611.35,4985.27
Panasonic,First-time Buyer,Spring Splash Discounts,214254.26,76,2819.14,553.29,4979.65
Panasonic,First-time Buyer,Summer Sizzle Promo,185162.26,64,2893.16,558.25,4968.89
Panasonic,First-time Buyer,Super Savings Week,174141.53,68,2560.90,574.20,4935.61
Panasonic,First-time Buyer,Ultimate Value Event,145862.12,54,2701.15,567.24,4888.27
Panasonic,First-time Buyer,VIP Access Sale,182215.71,71,2566.42,512.07,4925.37
Panasonic,First-time Buyer,Weekend Warrior Specials,183108.14,69,2653.74,614.27,4957.31
Panasonic,First-time Buyer,Winter Clearance Carnival,180277.75,66,2731.48,537.22,4862.18
Panasonic,First-time Buyer,Winter Wonders Sale,177231.11,63,2813.19,532.66,4992.49
Panasonic,High Value,12 Days of Deals,166990.95,57,2929.67,586.40,4993.18
Panasonic,High Value,Autumn Deals Drive,210308.05,81,2596.40,521.42,4986.47
Panasonic,High Value,BOGO Blitz,155757.04,61,2553.39,524.38,4922.47
Panasonic,High Value,Back to School Boost,139933.08,56,2498.81,612.67,4959.25
Panasonic,High Value,Birthday Bash Sale,159118.03,61,2608.49,524.68,4957.70
Panasonic,High Value,Black Friday Blowout,178830.29,65,2751.24,503.72,4883.14
Panasonic,High Value,Cart Crasher Campaign,220090.56,73,3014.94,554.15,4974.97
Panasonic,High Value,Cashback Carnival,168398.78,63,2673.00,635.71,4979.09
Panasonic,High Value,Clearance Countdown,199151.33,72,2765.99,515.74,4951.78
Panasonic,High Value,Countdown to Savings,173362.89,61,2842.01,542.00,4941.29
Panasonic,High Value,Customer Appreciation Week,220561.60,74,2980.56,658.31,4974.86
Panasonic,High Value,Cyber Monday Mania,189650.22,71,2671.13,571.03,4929.53
Panasonic,High Value,Deal of the Month,226592.72,73,3104.01,504.69,4997.39
Panasonic,High Value,Double Points Bonanza,196782.61,75,2623.77,563.02,4990.54
Panasonic,High Value,Early Bird Specials,169208.34,64,2643.88,510.97,4943.67
Panasonic,High Value,End of Season Sale,198810.54,70,2840.15,505.63,4911.80
Panasonic,High Value,Exclusive Insider Offers,234553.56,79,2969.03,523.76,4968.73
Panasonic,High Value,Festive Fever Promo,169305.15,64,2645.39,557.65,4989.53
Panasonic,High Value,Final Call Frenzy,177108.48,71,2494.49,511.52,4828.22
Panasonic,High Value,Flash Frenzy Friday,203910.44,65,3137.08,527.34,4996.64
Panasonic,High Value,"Gift More, Spend Less",220758.20,76,2904.71,541.91,4902.92
Panasonic,High Value,Golden Hour Bargains,180385.15,62,2909.44,553.19,4983.80
Panasonic,High Value,Green Weekend Deals,199508.71,73,2733.00,563.35,4993.15
Panasonic,High Value,Happy Hour Discounts,213652.42,69,3096.41,557.71,4992.74
Panasonic,High Value,Holiday Shopping Rush,171253.06,57,3004.44,534.77,4911.43
Panasonic,High Value,Hot Picks Promo,151558.75,58,2613.08,677.85,4979.13
Panasonic,High Value,Instant Gratification Sale,194867.82,67,2908.47,545.64,4990.51
Panasonic,High Value,Limited Time Treasures,203946.20,79,2581.60,609.96,4929.07
Panasonic,High Value,Loyalty Rewards Blast,174976.14,58,3016.83,521.31,4903.77
Panasonic,High Value,Mega Weekend Bonanza,168383.27,61,2760.38,507.02,4982.55
Panasonic,High Value,Mid-Year Madness,130770.14,50,2615.40,580.64,4848.58
Panasonic,High Value,Midnight Madness,230250.15,89,2587.08,583.26,4833.76
Panasonic,High Value,Mystery Discount Days,248805.81,87,2859.84,528.84,4963.13
Panasonic,High Value,New Arrival Showcase,194510.94,72,2701.54,603.66,4941.56
Panasonic,High Value,New Product Launch Promo,200056.94,73,2740.51,553.29,4994.34
Panasonic,High Value,New Year Kickoff,225625.74,76,2968.76,511.11,4865.22
Panasonic,High Value,Price Drop Parade,121027.26,42,2881.60,929.92,4923.22
Panasonic,High Value,Red Tag Clearance,162466.88,66,2461.62,518.76,4902.28
Panasonic,High Value,Seasonal Surprise Box,210401.12,70,3005.73,528.11,4956.01
Panasonic,High Value,Shop & Save Spectacular,178494.06,70,2549.92,502.39,4959.97
Panasonic,High Value,Smart Shopper Week,170814.06,63,2711.33,528.86,4796.22
Panasonic,High Value,Spring Refresh Event,169595.19,62,2735.41,531.47,4878.61
Panasonic,High Value,Spring Splash Discounts,139747.13,53,2636.74,738.45,4955.22
Panasonic,High Value,Summer Sizzle Promo,204658.89,71,2882.52,624.75,4941.65
Panasonic,High Value,Super Savings Week,181230.70,67,2704.94,542.70,4998.89
Panasonic,High Value,Ultimate Value Event,151681.68,62,2446.48,507.21,4897.52
Panasonic,High Value,VIP Access Sale,174638.56,65,2686.75,528.55,4973.42
Panasonic,High Value,Weekend Warrior Specials,168639.47,60,2810.66,613.43,4925.85
Panasonic,High Value,Winter Clearance Carnival,196819.29,76,2589.73,520.91,4912.38
Panasonic,High Value,Winter Wonders Sale,162206.14,73,2222.00,509.08,4811.60
Panasonic,In-Store Regular,12 Days of Deals,175305.43,64,2739.15,593.38,4999.60
Panasonic,In-Store Regular,Autumn Deals Drive,192519.05,69,2790.13,681.86,4873.01
Panasonic,In-Store Regular,BOGO Blitz,216629.07,76,2850.38,507.31,4930.93
Panasonic,In-Store Regular,Back to School Boost,160496.21,65,2469.17,566.30,4962.04
Panasonic,In-Store Regular,Birthday Bash Sale,198849.15,70,2840.70,574.02,4982.51
Panasonic,In-Store Regular,Black Friday Blowout,136899.94,56,2444.64,501.86,4968.17
Panasonic,In-Store Regular,Cart Crasher Campaign,179587.53,65,2762.89,602.50,4967.40
Panasonic,In-Store Regular,Cashback Carnival,151744.39,54,2810.08,832.98,4903.54
Panasonic,In-Store Regular,Clearance Countdown,212254.12,80,2653.18,527.67,4973.53
Panasonic,In-Store Regular,Countdown to Savings,179036.80,71,2521.65,705.16,4972.76
Panasonic,In-Store Regular,Customer Appreciation Week,223760.40,80,2797.01,538.07,4986.08
Panasonic,In-Store Regular,Cyber Monday Mania,154980.04,59,2626.78,649.85,4759.39
Panasonic,In-Store Regular,Deal of the Month,192407.12,79,2435.53,517.76,4861.85
Panasonic,In-Store Regular,Double Points Bonanza,213556.42,75,2847.42,516.84,4989.39
Panasonic,In-Store Regular,Early Bird Specials,231872.67,85,2727.91,552.79,4974.64
Panasonic,In-Store Regular,End of Season Sale,158150.16,58,2726.73,502.83,4882.57
Panasonic,In-Store Regular,Exclusive Insider Offers,174863.35,73,2395.39,514.36,4999.96
Panasonic,In-Store Regular,Festive Fever Promo,178386.10,71,2512.48,507.19,4873.86
Panasonic,In-Store Regular,Final Call Frenzy,179713.30,62,2898.60,551.51,4895.91
Panasonic,In-Store Regular,Flash Frenzy Friday,149805.53,62,2416.22,591.28,4896.61
Panasonic,In-Store Regular,"Gift More, Spend Less",199000.35,74,2689.19,608.29,4971.56
Panasonic,In-Store Regular,Golden Hour Bargains,181633.57,62,2929.57,508.44,4994.43
Panasonic,In-Store Regular,Green Weekend Deals,201867.81,72,2803.72,585.29,4989.11
Panasonic,In-Store Regular,Happy Hour Discounts,232004.15,82,2829.32,518.88,4951.61
Panasonic,In-Store Regular,Holiday Shopping Rush,121992.23,51,2392.00,530.93,4798.54
Panasonic,In-Store Regular,Hot Picks Promo,176764.15,62,2851.03,609.89,4936.42
Panasonic,In-Store Regular,Instant Gratification Sale,222903.50,80,2786.29,551.77,4984.48
Panasonic,In-Store Regular,Limited Time Treasures,202640.42,75,2701.87,515.94,4972.09
Panasonic,In-Store Regular,Loyalty Rewards Blast,202495.60,69,2934.72,673.05,4977.77
Panasonic,In-Store Regular,Mega Weekend Bonanza,201790.41,71,2842.12,512.03,4978.54
Panasonic,In-Store Regular,Mid-Year Madness,219055.02,79,2772.85,554.92,4994.22
Panasonic,In-Store Regular,Midnight Madness,179986.15,70,2571.23,640.36,4848.97
Panasonic,In-Store Regular,Mystery Discount Days,227455.23,79,2879.18,559.80,4995.07
Panasonic,In-Store Regular,New Arrival Showcase,165775.56,62,2673.80,637.48,4819.44
Panasonic,In-Store Regular,New Product Launch Promo,209588.76,77,2721.93,508.37,4838.33
Panasonic,In-Store Regular,New Year Kickoff,184839.01,67,2758.79,594.08,4974.87
Panasonic,In-Store Regular,Price Drop Parade,187292.48,68,2754.30,527.43,4980.86
Panasonic,In-Store Regular,Red Tag Clearance,230454.77,80,2880.68,557.39,4989.80
Panasonic,In-Store Regular,Seasonal Surprise Box,219637.17,70,3137.67,646.79,4920.58
Panasonic,In-Store Regular,Shop & Save Spectacular,233803.85,80,2922.55,562.35,4929.43
Panasonic,In-Store Regular,Smart Shopper Week,218739.84,73,2996.44,629.61,4972.76
Panasonic,In-Store Regular,Spring Refresh Event,181979.81,68,2676.17,565.17,4979.36
Panasonic,In-Store Regular,Spring Splash Discounts,216857.19,77,2816.33,552.32,4987.50
Panasonic,In-Store Regular,Summer Sizzle Promo,204835.67,74,2768.05,544.05,4950.04
Panasonic,In-Store Regular,Super Savings Week,189092.89,68,2780.78,577.91,4923.42
Panasonic,In-Store Regular,Ultimate Value Event,171939.79,61,2818.69,651.90,4872.37
Panasonic,In-Store Regular,VIP Access Sale,170805.09,61,2800.08,584.61,4961.92
Panasonic,In-Store Regular,Weekend Warrior Specials,177452.02,63,2816.70,703.85,4845.88
Panasonic,In-Store Regular,Winter Clearance Carnival,179230.02,68,2635.74,558.92,4988.55
Panasonic,In-Store Regular,Winter Wonders Sale,146443.08,54,2711.91,606.82,4745.75
Panasonic,Loyal Customer,12 Days of Deals,162227.34,59,2749.62,590.86,4993.15
Panasonic,Loyal Customer,Autumn Deals Drive,202794.77,73,2778.01,568.10,4955.61
Panasonic,Loyal Customer,BOGO Blitz,194145.93,68,2855.09,827.66,4986.88
Panasonic,Loyal Customer,Back to School Boost,193995.63,81,2395.01,563.56,4938.03
Panasonic,Loyal Customer,Birthday Bash Sale,130519.91,56,2330.71,500.20,4955.74
Panasonic,Loyal Customer,Black Friday Blowout,138829.69,50,2776.59,572.67,4959.50
Panasonic,Loyal Customer,Cart Crasher Campaign,163010.99,60,2716.85,511.37,4964.59
Panasonic,Loyal Customer,Cashback Carnival,182046.79,71,2564.04,622.82,4988.51
Panasonic,Loyal Customer,Clearance Countdown,195864.52,71,2758.66,568.05,4975.27
Panasonic,Loyal Customer,Countdown to Savings,170650.85,57,2993.87,675.75,4976.09
Panasonic,Loyal Customer,Customer Appreciation Week,177131.90,71,2494.82,534.50,4977.93
Panasonic,Loyal Customer,Cyber Monday Mania,167066.57,61,2738.80,552.29,4950.58
Panasonic,Loyal Customer,Deal of the Month,187027.36,69,2710.54,586.01,4899.67
Panasonic,Loyal Customer,Double Points Bonanza,188150.53,70,2687.86,502.33,4919.43
Panasonic,Loyal Customer,Early Bird Specials,172961.49,66,2620.63,545.29,4897.88
Panasonic,Loyal Customer,End of Season Sale,189422.40,62,3055.20,671.77,4955.47
Panasonic,Loyal Customer,Exclusive Insider Offers,193449.52,72,2686.80,520.02,4910.07
Panasonic,Loyal Customer,Festive Fever Promo,164588.62,63,2612.52,529.96,4827.94
Panasonic,Loyal Customer,Final Call Frenzy,208935.57,65,3214.39,501.47,4922.02
Panasonic,Loyal Customer,Flash Frenzy Friday,178253.87,61,2922.19,524.80,4908.30
Panasonic,Loyal Customer,"Gift More, Spend Less",212674.68,70,3038.21,651.10,4902.69
Panasonic,Loyal Customer,Golden Hour Bargains,192949.16,67,2879.84,504.46,4880.88
Panasonic,Loyal Customer,Green Weekend Deals,183759.42,67,2742.68,541.24,4774.65
Panasonic,Loyal Customer,Happy Hour Discounts,218323.06,76,2872.67,600.67,4989.58
Panasonic,Loyal Customer,Holiday Shopping Rush,242614.31,79,3071.07,552.25,4992.01
Panasonic,Loyal Customer,Hot Picks Promo,190292.08,69,2757.86,525.96,4819.81
Panasonic,Loyal Customer,Instant Gratification Sale,162653.54,67,2427.66,522.99,4585.92
Panasonic,Loyal Customer,Limited Time Treasures,186363.07,65,2867.12,550.95,4848.30
Panasonic,Loyal Customer,Loyalty Rewards Blast,169188.01,69,2452.00,539.35,4979.64
Panasonic,Loyal Customer,Mega Weekend Bonanza,209071.12,74,2825.29,604.29,4974.65
Panasonic,Loyal Customer,Mid-Year Madness,213179.80,76,2805.00,526.46,4945.54
Panasonic,Loyal Customer,Midnight Madness,173796.36,64,2715.57,537.57,4812.39
Panasonic,Loyal Customer,Mystery Discount Days,192915.28,73,2642.68,503.05,4957.81
Panasonic,Loyal Customer,New Arrival Showcase,147260.01,56,2629.64,502.12,4903.15
Panasonic,Loyal Customer,New Product Launch Promo,154919.96,58,2671.03,556.70,4986.76
Panasonic,Loyal Customer,New Year Kickoff,169752.41,66,2572.01,728.29,4904.53
Panasonic,Loyal Customer,Price Drop Parade,190100.18,71,2677.47,630.98,4994.59
Panasonic,Loyal Customer,Red Tag Clearance,172375.70,66,2611.75,523.11,4990.05
Panasonic,Loyal Customer,Seasonal Surprise Box,167184.19,64,2612.25,539.88,4922.15
Panasonic,Loyal Customer,Shop & Save Spectacular,241475.61,80,3018.45,682.27,4997.54
Panasonic,Loyal Customer,Smart Shopper Week,177153.25,63,2811.96,608.81,4968.08
Panasonic,Loyal Customer,Spring Refresh Event,196083.67,65,3016.67,525.59,4997.36
Panasonic,Loyal Customer,Spring Splash Discounts,174998.19,63,2777.75,737.96,4938.98
Panasonic,Loyal Customer,Summer Sizzle Promo,171734.86,69,2488.91,595.26,4937.23
Panasonic,Loyal Customer,Super Savings Week,166431.03,59,2820.86,556.68,4952.54
Panasonic,Loyal Customer,Ultimate Value Event,163567.82,58,2820.13,560.19,4903.87
Panasonic,Loyal Customer,VIP Access Sale,160483.78,63,2547.36,657.92,4901.60
Panasonic,Loyal Customer,Weekend Warrior Specials,156382.60,57,2743.55,581.67,4975.56
Panasonic,Loyal Customer,Winter Clearance Carnival,237236.02,78,3041.49,639.74,4990.97
Panasonic,Loyal Customer,Winter Wonders Sale,140244.13,49,2862.13,672.20,4988.20
Panasonic,Occasional Shopper,12 Days of Deals,155776.39,63,2472.64,515.25,4934.58
Panasonic,Occasional Shopper,Autumn Deals Drive,168502.72,63,2674.65,540.73,4950.72
Panasonic,Occasional Shopper,BOGO Blitz,205468.16,69,2977.80,515.34,4983.04
Panasonic,Occasional Shopper,Back to School Boost,202564.58,72,2813.40,590.01,4897.71
Panasonic,Occasional Shopper,Birthday Bash Sale,188845.45,69,2736.89,510.21,4991.92
Panasonic,Occasional Shopper,Black Friday Blowout,146717.60,54,2716.99,626.36,4958.06
Panasonic,Occasional Shopper,Cart Crasher Campaign,200343.13,73,2744.43,587.43,4894.03
Panasonic,Occasional Shopper,Cashback Carnival,218815.60,76,2879.15,605.61,4945.13
Panasonic,Occasional Shopper,Clearance Countdown,193568.09,69,2805.33,580.90,4991.97
Panasonic,Occasional Shopper,Countdown to Savings,191288.17,72,2656.78,518.68,4917.19
Panasonic,Occasional Shopper,Customer Appreciation Week,200714.07,70,2867.34,549.51,4909.68
Panasonic,Occasional Shopper,Cyber Monday Mania,194710.75,66,2950.16,588.66,4909.80
Panasonic,Occasional Shopper,Deal of the Month,183239.95,67,2734.92,541.78,4911.05
Panasonic,Occasional Shopper,Double Points Bonanza,205463.22,73,2814.56,621.01,4945.60
Panasonic,Occasional Shopper,Early Bird Specials,169790.10,60,2829.84,620.88,4826.47
Panasonic,Occasional Shopper,End of Season Sale,184920.13,71,2604.51,623.34,4986.57
Panasonic,Occasional Shopper,Exclusive Insider Offers,198516.68,71,2796.01,519.56,4961.88
Panasonic,Occasional Shopper,Festive Fever Promo,188276.84,69,2728.65,500.15,4995.38
Panasonic,Occasional Shopper,Final Call Frenzy,171105.81,67,2553.82,511.07,4987.28
Panasonic,Occasional Shopper,Flash Frenzy Friday,164983.72,58,2844.55,554.17,4924.41
Panasonic,Occasional Shopper,"Gift More, Spend Less",197357.89,68,2902.32,554.95,4922.73
Panasonic,Occasional Shopper,Golden Hour Bargains,205278.39,77,2665.95,594.23,4864.31
Panasonic,Occasional Shopper,Green Weekend Deals,212056.90,76,2790.22,535.71,4796.59
Panasonic,Occasional Shopper,Happy Hour Discounts,199426.88,67,2976.52,663.57,4945.78
Panasonic,Occasional Shopper,Holiday Shopping Rush,190597.00,68,2802.90,562.36,4989.18
Panasonic,Occasional Shopper,Hot Picks Promo,131928.56,48,2748.51,574.16,4921.66
Panasonic,Occasional Shopper,Instant Gratification Sale,229805.73,80,2872.57,516.63,4998.19
Panasonic,Occasional Shopper,Limited Time Treasures,186044.68,65,2862.23,551.16,4824.47
Panasonic,Occasional Shopper,Loyalty Rewards Blast,222737.08,78,2855.60,593.37,4957.97
Panasonic,Occasional Shopper,Mega Weekend Bonanza,205863.07,77,2673.55,513.44,4912.81
Panasonic,Occasional Shopper,Mid-Year Madness,177437.71,66,2688.45,503.80,4804.33
Panasonic,Occasional Shopper,Midnight Madness,216694.40,75,2889.26,552.80,4788.53
Panasonic,Occasional Shopper,Mystery Discount Days,174619.10,62,2816.44,670.27,4987.46
Panasonic,Occasional Shopper,New Arrival Showcase,172282.13,62,2778.74,534.10,4888.29
Panasonic,Occasional Shopper,New Product Launch Promo,206633.71,72,2869.91,570.80,4858.33
Panasonic,Occasional Shopper,New Year Kickoff,217683.31,72,3023.38,630.69,4887.64
Panasonic,Occasional Shopper,Price Drop Parade,201713.60,71,2841.04,532.99,4958.17
Panasonic,Occasional Shopper,Red Tag Clearance,188841.55,65,2905.25,576.02,4758.59
Panasonic,Occasional Shopper,Seasonal Surprise Box,216023.30,76,2842.41,524.83,4989.89
Panasonic,Occasional Shopper,Shop & Save Spectacular,227789.28,78,2920.38,738.81,4934.59
Panasonic,Occasional Shopper,Smart Shopper Week,163786.25,61,2685.02,514.39,4895.61
Panasonic,Occasional Shopper,Spring Refresh Event,164373.00,58,2834.02,660.71,4924.10
Panasonic,Occasional Shopper,Spring Splash Discounts,187993.45,70,2685.62,629.91,4867.44
Panasonic,Occasional Shopper,Summer Sizzle Promo,187899.25,71,2646.47,519.30,4967.39
Panasonic,Occasional Shopper,Super Savings Week,180762.31,68,2658.27,510.02,4945.54
Panasonic,Occasional Shopper,Ultimate Value Event,186005.88,72,2583.41,518.67,4935.11
Panasonic,Occasional Shopper,VIP Access Sale,215347.42,71,3033.06,507.71,4995.20
Panasonic,Occasional Shopper,Weekend Warrior Specials,174369.32,66,2641.96,533.47,4930.64
Panasonic,Occasional Shopper,Winter Clearance Carnival,150631.41,50,3012.63,560.33,4920.64
Panasonic,Occasional Shopper,Winter Wonders Sale,168214.46,63,2670.07,533.22,4864.84
Panasonic,Online Shopper,12 Days of Deals,145813.13,53,2751.19,560.72,4956.30
Panasonic,Online Shopper,Autumn Deals Drive,187139.09,61,3067.85,537.72,4955.46
Panasonic,Online Shopper,BOGO Blitz,182646.93,64,2853.86,666.13,4989.22
Panasonic,Online Shopper,Back to School Boost,185037.34,63,2937.10,512.60,4971.07
Panasonic,Online Shopper,Birthday Bash Sale,178339.48,66,2702.11,512.93,4726.16
Panasonic,Online Shopper,Black Friday Blowout,185240.00,64,2894.38,520.50,4998.72
Panasonic,Online Shopper,Cart Crasher Campaign,172443.27,57,3025.32,554.15,4981.68
Panasonic,Online Shopper,Cashback Carnival,162922.48,59,2761.40,517.32,4812.07
Panasonic,Online Shopper,Clearance Countdown,213107.79,74,2879.83,764.77,4971.31
Panasonic,Online Shopper,Countdown to Savings,216851.74,76,2853.31,649.60,4993.48
Panasonic,Online Shopper,Customer Appreciation Week,160506.82,57,2815.91,564.68,4949.63
Panasonic,Online Shopper,Cyber Monday Mania,171081.79,65,2632.03,623.63,4679.46
Panasonic,Online Shopper,Deal of the Month,206274.24,82,2515.54,531.04,4963.79
Panasonic,Online Shopper,Double Points Bonanza,150216.73,56,2682.44,562.53,4924.36
Panasonic,Online Shopper,Early Bird Specials,241279.73,84,2872.38,544.75,4971.67
Panasonic,Online Shopper,End of Season Sale,218135.00,75,2908.47,557.56,4927.33
Panasonic,Online Shopper,Exclusive Insider Offers,185993.93,69,2695.56,503.43,4788.71
Panasonic,Online Shopper,Festive Fever Promo,189529.48,74,2561.21,508.22,4966.21
Panasonic,Online Shopper,Final Call Frenzy,211203.37,74,2854.10,519.91,4960.76
Panasonic,Online Shopper,Flash Frenzy Friday,191716.96,75,2556.23,510.30,4989.98
Panasonic,Online Shopper,"Gift More, Spend Less",162645.12,61,2666.31,517.36,4981.35
Panasonic,Online Shopper,Golden Hour Bargains,160427.88,60,2673.80,554.26,4975.56
Panasonic,Online Shopper,Green Weekend Deals,183099.79,60,3051.66,1032.21,4927.95
Panasonic,Online Shopper,Happy Hour Discounts,212885.74,73,2916.24,510.62,4941.41
Panasonic,Online Shopper,Holiday Shopping Rush,226404.39,78,2902.62,517.71,4944.98
Panasonic,Online Shopper,Hot Picks Promo,187328.96,66,2838.32,582.53,4910.07
Panasonic,Online Shopper,Instant Gratification Sale,167031.77,61,2738.23,511.90,4917.16
Panasonic,Online Shopper,Limited Time Treasures,241664.41,80,3020.81,533.05,4931.92
Panasonic,Online Shopper,Loyalty Rewards Blast,167750.15,62,2705.65,590.38,4964.70
Panasonic,Online Shopper,Mega Weekend Bonanza,144076.73,56,2572.80,590.94,4921.60
Panasonic,Online Shopper,Mid-Year Madness,157364.99,58,2713.19,552.18,4980.11
Panasonic,Online Shopper,Midnight Madness,142882.51,56,2551.47,599.98,4950.91
Panasonic,Online Shopper,Mystery Discount Days,230635.33,81,2847.35,519.59,4965.89
Panasonic,Online Shopper,New Arrival Showcase,214395.99,73,2936.93,571.28,4825.18
Panasonic,Online Shopper,New Product Launch Promo,198096.44,75,2641.29,534.95,4925.80
Panasonic,Online Shopper,New Year Kickoff,168307.57,61,2759.14,530.36,4847.55
Panasonic,Online Shopper,Price Drop Parade,150565.09,60,2509.42,569.95,4915.12
Panasonic,Online Shopper,Red Tag Clearance,162013.43,59,2745.99,513.93,4974.07
Panasonic,Online Shopper,Seasonal Surprise Box,201073.35,68,2956.96,597.37,4974.70
Panasonic,Online Shopper,Shop & Save Spectacular,176035.50,64,2750.55,500.09,4878.67
Panasonic,Online Shopper,Smart Shopper Week,201441.40,73,2759.47,735.73,4942.16
Panasonic,Online Shopper,Spring Refresh Event,226432.89,75,3019.11,582.02,4999.83
Panasonic,Online Shopper,Spring Splash Discounts,198184.14,74,2678.16,542.67,4887.18
Panasonic,Online Shopper,Summer Sizzle Promo,150455.46,55,2735.55,575.55,4954.55
Panasonic,Online Shopper,Super Savings Week,222955.62,84,2654.23,506.53,4988.12
Panasonic,Online Shopper,Ultimate Value Event,202799.88,70,2897.14,558.32,4981.74
Panasonic,Online Shopper,VIP Access Sale,208965.40,71,2943.17,536.16,4967.20
Panasonic,Online Shopper,Weekend Warrior Specials,198793.76,69,2881.07,536.81,4949.25
Panasonic,Online Shopper,Winter Clearance Carnival,169830.77,64,2653.61,543.65,4988.33
Panasonic,Online Shopper,Winter Wonders Sale,188851.98,66,2861.39,510.13,4968.63
Panasonic,Premium Shopper,12 Days of Deals,175535.27,67,2619.93,512.15,4980.33
Panasonic,Premium Shopper,Autumn Deals Drive,206083.71,69,2986.72,557.40,4996.51
Panasonic,Premium Shopper,BOGO Blitz,176625.41,59,2993.65,567.96,4927.94
Panasonic,Premium Shopper,Back to School Boost,180921.50,62,2918.09,747.80,4891.12
Panasonic,Premium Shopper,Birthday Bash Sale,174459.27,65,2683.99,506.88,4923.93
Panasonic,Premium Shopper,Black Friday Blowout,201679.78,73,2762.74,650.32,4999.87
Panasonic,Premium Shopper,Cart Crasher Campaign,181821.04,67,2713.75,503.57,4976.29
Panasonic,Premium Shopper,Cashback Carnival,169969.39,65,2614.91,500.51,4969.87
Panasonic,Premium Shopper,Clearance Countdown,217701.14,81,2687.67,577.17,4995.80
Panasonic,Premium Shopper,Countdown to Savings,171868.13,61,2817.51,578.62,4937.42
Panasonic,Premium Shopper,Customer Appreciation Week,180179.47,64,2815.30,649.94,4985.26
Panasonic,Premium Shopper,Cyber Monday Mania,174865.60,64,2732.28,545.26,4986.38
Panasonic,Premium Shopper,Deal of the Month,192976.11,71,2717.97,585.39,4835.35
Panasonic,Premium Shopper,Double Points Bonanza,180831.06,62,2916.63,674.37,4822.10
Panasonic,Premium Shopper,Early Bird Specials,146886.32,61,2407.97,512.78,4991.77
Panasonic,Premium Shopper,End of Season Sale,145052.00,54,2686.15,509.63,4932.14
Panasonic,Premium Shopper,Exclusive Insider Offers,181200.60,63,2876.20,541.45,4882.81
Panasonic,Premium Shopper,Festive Fever Promo,137561.53,52,2645.41,522.76,4885.73
Panasonic,Premium Shopper,Final Call Frenzy,167760.35,64,2621.26,546.43,4947.35
Panasonic,Premium Shopper,Flash Frenzy Friday,220125.90,76,2896.39,520.05,4971.21
Panasonic,Premium Shopper,"Gift More, Spend Less",140634.94,55,2557.00,573.44,4976.09
Panasonic,Premium Shopper,Golden Hour Bargains,137773.17,56,2460.24,542.28,4896.60
Panasonic,Premium Shopper,Green Weekend Deals,190904.27,66,2892.49,516.16,4979.02
Panasonic,Premium Shopper,Happy Hour Discounts,177716.93,65,2734.11,532.38,4964.52
Panasonic,Premium Shopper,Holiday Shopping Rush,177961.09,65,2737.86,528.93,4983.07
Panasonic,Premium Shopper,Hot Picks Promo,219336.02,80,2741.70,502.73,4882.80
Panasonic,Premium Shopper,Instant Gratification Sale,182854.91,64,2857.11,555.66,4878.09
Panasonic,Premium Shopper,Limited Time Treasures,186608.75,64,2915.76,506.13,4980.41
Panasonic,Premium Shopper,Loyalty Rewards Blast,176582.21,62,2848.10,519.47,4976.26
Panasonic,Premium Shopper,Mega Weekend Bonanza,206505.92,79,2614.00,513.63,4969.58
Panasonic,Premium Shopper,Mid-Year Madness,143466.83,50,2869.34,500.34,4921.39
Panasonic,Premium Shopper,Midnight Madness,177683.65,63,2820.38,591.57,4939.73
Panasonic,Premium Shopper,Mystery Discount Days,188735.09,69,2735.29,569.30,4898.07
Panasonic,Premium Shopper,New Arrival Showcase,151002.37,59,2559.36,524.62,4915.81
Panasonic,Premium Shopper,New Product Launch Promo,219898.80,75,2931.98,535.36,4960.82
Panasonic,Premium Shopper,New Year Kickoff,252333.92,87,2900.39,537.45,4955.24
Panasonic,Premium Shopper,Price Drop Parade,193762.89,64,3027.55,514.25,4974.43
Panasonic,Premium Shopper,Red Tag Clearance,182193.94,62,2938.61,553.23,4950.39
Panasonic,Premium Shopper,Seasonal Surprise Box,151729.07,57,2661.91,603.95,4967.23
Panasonic,Premium Shopper,Shop & Save Spectacular,197889.06,71,2787.17,643.96,4877.69
Panasonic,Premium Shopper,Smart Shopper Week,174688.88,60,2911.48,727.69,4957.85
Panasonic,Premium Shopper,Spring Refresh Event,189078.44,73,2590.12,514.26,4933.39
Panasonic,Premium Shopper,Spring Splash Discounts,196354.19,69,2845.71,538.70,4994.76
Panasonic,Premium Shopper,Summer Sizzle Promo,178421.11,68,2623.84,512.69,4969.07
Panasonic,Premium Shopper,Super Savings Week,187053.42,70,2672.19,524.70,4952.34
Panasonic,Premium Shopper,Ultimate Value Event,198076.85,71,2789.81,537.98,4934.76
Panasonic,Premium Shopper,VIP Access Sale,186136.19,69,2697.63,547.94,4928.16
Panasonic,Premium Shopper,Weekend Warrior Specials,156166.89,54,2891.98,549.49,4959.23
Panasonic,Premium Shopper,Winter Clearance Carnival,189775.55,72,2635.77,565.58,4983.06
Panasonic,Premium Shopper,Winter Wonders Sale,201382.18,79,2549.14,501.34,4997.71
Pepperfry,Budget Shopper,12 Days of Deals,170002.73,56,3035.76,786.36,4902.78
Pepperfry,Budget Shopper,Autumn Deals Drive,178324.83,72,2476.73,536.81,4970.79
Pepperfry,Budget Shopper,BOGO Blitz,146570.21,50,2931.40,597.95,4865.97
Pepperfry,Budget Shopper,Back to School Boost,197727.27,74,2671.99,541.98,4860.62
Pepperfry,Budget Shopper,Birthday Bash Sale,159476.13,58,2749.59,684.46,4992.29
Pepperfry,Budget Shopper,Black Friday Blowout,230830.70,79,2921.91,610.99,4856.01
Pepperfry,Budget Shopper,Cart Crasher Campaign,169497.95,53,3198.07,839.21,4995.62
Pepperfry,Budget Shopper,Cashback Carnival,192398.10,70,2748.54,603.63,4871.19
Pepperfry,Budget Shopper,Clearance Countdown,233267.83,78,2990.61,708.39,4995.77
Pepperfry,Budget Shopper,Countdown to Savings,145591.97,61,2386.75,531.05,4864.64
Pepperfry,Budget Shopper,Customer Appreciation Week,163039.15,59,2763.38,506.32,4882.77
Pepperfry,Budget Shopper,Cyber Monday Mania,168929.82,53,3187.36,735.88,4993.83
Pepperfry,Budget Shopper,Deal of the Month,182043.94,62,2936.19,684.47,4938.04
Pepperfry,Budget Shopper,Double Points Bonanza,196402.93,74,2654.09,526.68,4908.21
Pepperfry,Budget Shopper,Early Bird Specials,149377.44,56,2667.45,531.79,4835.72
Pepperfry,Budget Shopper,End of Season Sale,180554.09,66,2735.67,572.06,4966.21
Pepperfry,Budget Shopper,Exclusive Insider Offers,167488.07,66,2537.70,516.07,4879.93
Pepperfry,Budget Shopper,Festive Fever Promo,248413.75,84,2957.31,604.71,4896.77
Pepperfry,Budget Shopper,Final Call Frenzy,146178.21,53,2758.08,540.59,4993.72
Pepperfry,Budget Shopper,Flash Frenzy Friday,198939.16,73,2725.19,529.64,4998.41
Pepperfry,Budget Shopper,"Gift More, Spend Less",196341.06,69,2845.52,601.85,4985.87
Pepperfry,Budget Shopper,Golden Hour Bargains,197808.81,70,2825.84,535.13,4994.22
Pepperfry,Budget Shopper,Green Weekend Deals,205855.33,74,2781.83,520.16,4984.86
Pepperfry,Budget Shopper,Happy Hour Discounts,183044.41,70,2614.92,535.94,4969.72
Pepperfry,Budget Shopper,Holiday Shopping Rush,153931.46,56,2748.78,608.36,4989.06
Pepperfry,Budget Shopper,Hot Picks Promo,190720.86,67,2846.58,511.15,4966.91
Pepperfry,Budget Shopper,Instant Gratification Sale,205208.10,76,2700.11,503.79,4820.61
Pepperfry,Budget Shopper,Limited Time Treasures,171687.29,63,2725.20,529.48,4971.23
Pepperfry,Budget Shopper,Loyalty Rewards Blast,186686.67,68,2745.39,672.25,4833.01
Pepperfry,Budget Shopper,Mega Weekend Bonanza,187034.29,70,2671.92,536.18,4977.11
Pepperfry,Budget Shopper,Mid-Year Madness,154935.70,61,2539.93,581.02,4987.96
Pepperfry,Budget Shopper,Midnight Madness,188741.95,70,2696.31,539.48,4986.53
Pepperfry,Budget Shopper,Mystery Discount Days,160758.58,62,2592.88,514.73,4986.60
Pepperfry,Budget Shopper,New Arrival Showcase,191313.90,72,2657.14,537.87,4884.30
Pepperfry,Budget Shopper,New Product Launch Promo,183643.36,68,2700.64,548.94,4942.86
Pepperfry,Budget Shopper,New Year Kickoff,160626.81,66,2433.74,509.51,4938.54
Pepperfry,Budget Shopper,Price Drop Parade,163588.73,64,2556.07,582.38,4979.58
Pepperfry,Budget Shopper,Red Tag Clearance,169862.20,63,2696.23,534.43,4965.35
Pepperfry,Budget Shopper,Seasonal Surprise Box,231741.66,79,2933.44,530.88,4998.54
Pepperfry,Budget Shopper,Shop & Save Spectacular,152726.52,59,2588.59,532.02,4770.84
Pepperfry,Budget Shopper,Smart Shopper Week,149490.22,49,3050.82,713.73,4923.97
Pepperfry,Budget Shopper,Spring Refresh Event,191279.52,71,2694.08,591.06,4911.07
Pepperfry,Budget Shopper,Spring Splash Discounts,198627.59,64,3103.56,506.06,4998.36
Pepperfry,Budget Shopper,Summer Sizzle Promo,206615.27,81,2550.81,618.96,4669.37
Pepperfry,Budget Shopper,Super Savings Week,217793.56,72,3024.91,686.01,4989.93
Pepperfry,Budget Shopper,Ultimate Value Event,149988.46,51,2940.95,584.07,4830.94
Pepperfry,Budget Shopper,VIP Access Sale,188810.91,68,2776.63,566.11,4994.17
Pepperfry,Budget Shopper,Weekend Warrior Specials,182353.67,67,2721.70,609.95,4848.01
Pepperfry,Budget Shopper,Winter Clearance Carnival,181936.83,70,2599.10,531.86,4925.91
Pepperfry,Budget Shopper,Winter Wonders Sale,197325.33,72,2740.63,543.64,4962.15
Pepperfry,Churn Risk,12 Days of Deals,190231.24,68,2797.52,518.52,4989.95
Pepperfry,Churn Risk,Autumn Deals Drive,164810.68,60,2746.84,522.34,4935.39
Pepperfry,Churn Risk,BOGO Blitz,207538.38,73,2842.99,662.81,4909.90
Pepperfry,Churn Risk,Back to School Boost,190150.34,71,2678.17,536.43,4887.78
Pepperfry,Churn Risk,Birthday Bash Sale,201830.84,74,2727.44,538.75,4937.68
Pepperfry,Churn Risk,Black Friday Blowout,177815.26,72,2469.66,534.05,4978.91
Pepperfry,Churn Risk,Cart Crasher Campaign,180800.48,66,2739.40,651.90,4980.27
Pepperfry,Churn Risk,Cashback Carnival,182330.69,65,2805.09,527.33,4959.37
Pepperfry,Churn Risk,Clearance Countdown,138123.49,55,2511.34,565.04,4930.91
Pepperfry,Churn Risk,Countdown to Savings,189678.17,69,2748.96,531.88,4955.14
Pepperfry,Churn Risk,Customer Appreciation Week,199933.97,71,2815.97,612.35,4994.34
Pepperfry,Churn Risk,Cyber Monday Mania,168255.14,56,3004.56,513.45,4968.60
Pepperfry,Churn Risk,Deal of the Month,164455.16,66,2491.74,501.02,4947.17
Pepperfry,Churn Risk,Double Points Bonanza,185489.11,71,2612.52,560.39,4812.73
Pepperfry,Churn Risk,Early Bird Specials,177811.04,64,2778.30,541.44,4981.51
Pepperfry,Churn Risk,End of Season Sale,148260.65,55,2695.65,559.57,4819.31
Pepperfry,Churn Risk,Exclusive Insider Offers,212276.81,72,2948.29,514.75,4980.80
Pepperfry,Churn Risk,Festive Fever Promo,155904.22,63,2474.67,587.33,4924.87
Pepperfry,Churn Risk,Final Call Frenzy,181408.16,60,3023.47,628.04,4885.73
Pepperfry,Churn Risk,Flash Frenzy Friday,185179.70,67,2763.88,524.81,4979.41
Pepperfry,Churn Risk,"Gift More, Spend Less",195852.63,69,2838.44,727.57,4980.37
Pepperfry,Churn Risk,Golden Hour Bargains,194224.66,66,2942.80,506.98,4962.68
Pepperfry,Churn Risk,Green Weekend Deals,219313.70,71,3088.93,523.33,4973.36
Pepperfry,Churn Risk,Happy Hour Discounts,217158.26,72,3016.09,537.04,4983.82
Pepperfry,Churn Risk,Holiday Shopping Rush,201343.68,69,2918.02,616.14,4946.13
Pepperfry,Churn Risk,Hot Picks Promo,160737.77,61,2635.05,556.65,4942.16
Pepperfry,Churn Risk,Instant Gratification Sale,154781.62,55,2814.21,546.73,4999.03
Pepperfry,Churn Risk,Limited Time Treasures,202724.78,72,2815.62,646.83,4965.73
Pepperfry,Churn Risk,Loyalty Rewards Blast,154463.70,56,2758.28,771.80,4928.77
Pepperfry,Churn Risk,Mega Weekend Bonanza,157785.56,62,2544.93,521.38,4982.08
Pepperfry,Churn Risk,Mid-Year Madness,174094.82,60,2901.58,569.83,4984.30
Pepperfry,Churn Risk,Midnight Madness,170139.32,64,2658.43,575.39,4995.95
Pepperfry,Churn Risk,Mystery Discount Days,214831.32,79,2719.38,519.89,4974.41
Pepperfry,Churn Risk,New Arrival Showcase,255886.75,88,2907.80,560.60,4998.89
Pepperfry,Churn Risk,New Product Launch Promo,172723.54,60,2878.73,595.76,4971.27
Pepperfry,Churn Risk,New Year Kickoff,189517.65,65,2915.66,626.25,4936.31
Pepperfry,Churn Risk,Price Drop Parade,174585.85,66,2645.24,551.14,4979.50
Pepperfry,Churn Risk,Red Tag Clearance,124917.70,55,2271.23,504.90,4632.38
Pepperfry,Churn Risk,Seasonal Surprise Box,203151.95,79,2571.54,568.57,4935.33
Pepperfry,Churn Risk,Shop & Save Spectacular,177342.77,62,2860.37,598.02,4978.67
Pepperfry,Churn Risk,Smart Shopper Week,151048.60,52,2904.78,504.73,4992.28
Pepperfry,Churn Risk,Spring Refresh Event,222009.85,76,2921.18,557.62,4888.05
Pepperfry,Churn Risk,Spring Splash Discounts,197774.47,72,2746.87,504.32,4853.76
Pepperfry,Churn Risk,Summer Sizzle Promo,174138.91,65,2679.06,553.31,4862.44
Pepperfry,Churn Risk,Super Savings Week,160107.08,58,2760.47,577.44,4956.65
Pepperfry,Churn Risk,Ultimate Value Event,150509.57,56,2687.67,603.62,4684.86
Pepperfry,Churn Risk,VIP Access Sale,191320.30,71,2694.65,529.79,4837.02
Pepperfry,Churn Risk,Weekend Warrior Specials,212532.49,78,2724.78,522.35,4990.85
Pepperfry,Churn Risk,Winter Clearance Carnival,202895.14,75,2705.27,533.14,4951.45
Pepperfry,Churn Risk,Winter Wonders Sale,182305.09,61,2988.61,881.35,4995.39
Pepperfry,Deal Seeker,12 Days of Deals,156608.39,58,2700.14,537.32,4972.28
Pepperfry,Deal Seeker,Autumn Deals Drive,214783.81,81,2651.65,500.56,4984.50
Pepperfry,Deal Seeker,BOGO Blitz,184144.91,62,2970.08,612.28,4959.39
Pepperfry,Deal Seeker,Back to School Boost,216340.00,72,3004.72,562.14,4988.70
Pepperfry,Deal Seeker,Birthday Bash Sale,239552.23,79,3032.31,583.96,4977.19
Pepperfry,Deal Seeker,Black Friday Blowout,180387.60,71,2540.67,509.50,4827.08
Pepperfry,Deal Seeker,Cart Crasher Campaign,148276.25,54,2745.86,601.24,4993.56
Pepperfry,Deal Seeker,Cashback Carnival,187804.54,69,2721.80,564.40,4975.95
Pepperfry,Deal Seeker,Clearance Countdown,166669.45,65,2564.15,518.07,4954.04
Pepperfry,Deal Seeker,Countdown to Savings,192886.08,67,2878.90,538.54,4955.23
Pepperfry,Deal Seeker,Customer Appreciation Week,182622.98,66,2767.01,516.70,4996.70
Pepperfry,Deal Seeker,Cyber Monday Mania,198341.08,77,2575.86,545.45,4985.65
Pepperfry,Deal Seeker,Deal of the Month,158361.42,62,2554.22,525.45,4944.12
Pepperfry,Deal Seeker,Double Points Bonanza,243150.20,78,3117.31,525.26,4995.73
Pepperfry,Deal Seeker,Early Bird Specials,205803.25,71,2898.64,790.27,4997.80
Pepperfry,Deal Seeker,End of Season Sale,176469.53,67,2633.87,674.91,4866.08
Pepperfry,Deal Seeker,Exclusive Insider Offers,208447.22,75,2779.30,560.13,4891.79
Pepperfry,Deal Seeker,Festive Fever Promo,255328.28,96,2659.67,514.16,4998.62
Pepperfry,Deal Seeker,Final Call Frenzy,142559.70,57,2501.05,521.13,4826.99
Pepperfry,Deal Seeker,Flash Frenzy Friday,192789.70,73,2640.95,503.24,4935.80
Pepperfry,Deal Seeker,"Gift More, Spend Less",203579.31,74,2751.07,534.03,4946.82
Pepperfry,Deal Seeker,Golden Hour Bargains,156607.04,60,2610.12,589.41,4979.21
Pepperfry,Deal Seeker,Green Weekend Deals,164528.98,62,2653.69,514.11,4980.64
Pepperfry,Deal Seeker,Happy Hour Discounts,179414.11,64,2803.35,531.69,4954.14
Pepperfry,Deal Seeker,Holiday Shopping Rush,171667.57,65,2641.04,588.68,4945.37
Pepperfry,Deal Seeker,Hot Picks Promo,172779.45,59,2928.47,540.64,4968.22
Pepperfry,Deal Seeker,Instant Gratification Sale,163486.38,59,2770.96,534.83,4907.02
Pepperfry,Deal Seeker,Limited Time Treasures,225393.71,77,2927.19,534.13,4950.62
Pepperfry,Deal Seeker,Loyalty Rewards Blast,179231.75,71,2524.39,501.05,4974.67
Pepperfry,Deal Seeker,Mega Weekend Bonanza,170225.15,58,2934.92,613.93,4963.91
Pepperfry,Deal Seeker,Mid-Year Madness,209591.42,77,2721.97,527.66,4944.88
Pepperfry,Deal Seeker,Midnight Madness,197461.24,71,2781.14,559.02,4957.24
Pepperfry,Deal Seeker,Mystery Discount Days,192502.84,69,2789.90,640.93,4982.44
Pepperfry,Deal Seeker,New Arrival Showcase,187151.23,72,2599.32,532.89,4972.66
Pepperfry,Deal Seeker,New Product Launch Promo,176670.06,64,2760.47,540.76,4990.42
Pepperfry,Deal Seeker,New Year Kickoff,208751.10,68,3069.87,519.20,4990.90
Pepperfry,Deal Seeker,Price Drop Parade,164518.98,58,2836.53,612.98,4714.66
Pepperfry,Deal Seeker,Red Tag Clearance,152644.34,59,2587.19,503.92,4860.79
Pepperfry,Deal Seeker,Seasonal Surprise Box,226325.90,75,3017.68,550.28,4984.30
Pepperfry,Deal Seeker,Shop & Save Spectacular,162611.79,65,2501.72,516.37,4971.72
Pepperfry,Deal Seeker,Smart Shopper Week,175241.09,59,2970.19,600.27,4905.41
Pepperfry,Deal Seeker,Spring Refresh Event,179504.10,65,2761.60,604.08,4984.79
Pepperfry,Deal Seeker,Spring Splash Discounts,171156.47,64,2674.32,600.85,4801.04
Pepperfry,Deal Seeker,Summer Sizzle Promo,198984.88,70,2842.64,613.62,4981.93
Pepperfry,Deal Seeker,Super Savings Week,175538.36,62,2831.26,548.65,4962.27
Pepperfry,Deal Seeker,Ultimate Value Event,219149.10,75,2921.99,507.45,4968.73
Pepperfry,Deal Seeker,VIP Access Sale,176101.73,66,2668.21,517.80,4985.88
Pepperfry,Deal Seeker,Weekend Warrior Specials,184885.24,67,2759.48,693.22,4977.11
Pepperfry,Deal Seeker,Winter Clearance Carnival,203285.20,74,2747.10,553.57,4973.02
Pepperfry,Deal Seeker,Winter Wonders Sale,199734.87,68,2937.28,535.81,4995.12
Pepperfry,First-time Buyer,12 Days of Deals,191655.81,68,2818.47,691.79,4977.17
Pepperfry,First-time Buyer,Autumn Deals Drive,182336.30,67,2721.44,537.23,4936.41
Pepperfry,First-time Buyer,BOGO Blitz,151970.33,61,2491.32,589.78,4994.26
Pepperfry,First-time Buyer,Back to School Boost,181245.52,75,2416.61,522.56,4982.80
Pepperfry,First-time Buyer,Birthday Bash Sale,173586.04,64,2712.28,506.94,4978.06
Pepperfry,First-time Buyer,Black Friday Blowout,191250.49,62,3084.69,524.98,4982.87
Pepperfry,First-time Buyer,Cart Crasher Campaign,203474.04,77,2642.52,501.27,4968.82
Pepperfry,First-time Buyer,Cashback Carnival,162702.13,59,2757.66,510.52,4924.94
Pepperfry,First-time Buyer,Clearance Countdown,179961.45,68,2646.49,513.61,4903.10
Pepperfry,First-time Buyer,Countdown to Savings,177748.50,60,2962.48,602.01,4926.16
Pepperfry,First-time Buyer,Customer Appreciation Week,213434.36,77,2771.87,594.60,4996.24
Pepperfry,First-time Buyer,Cyber Monday Mania,180033.27,67,2687.06,669.78,4915.57
Pepperfry,First-time Buyer,Deal of the Month,160652.43,53,3031.18,626.43,4952.12
Pepperfry,First-time Buyer,Double Points Bonanza,192007.06,72,2666.76,505.06,4921.37
Pepperfry,First-time Buyer,Early Bird Specials,149500.51,56,2669.65,501.84,4805.79
Pepperfry,First-time Buyer,End of Season Sale,162974.93,57,2859.21,534.90,4987.32
Pepperfry,First-time Buyer,Exclusive Insider Offers,168522.73,62,2718.11,585.99,4915.72
Pepperfry,First-time Buyer,Festive Fever Promo,200058.46,62,3226.75,510.18,4987.38
Pepperfry,First-time Buyer,Final Call Frenzy,184785.05,66,2799.77,566.64,4924.53
Pepperfry,First-time Buyer,Flash Frenzy Friday,211739.83,70,3024.85,545.84,4983.90
Pepperfry,First-time Buyer,"Gift More, Spend Less",164356.13,58,2833.73,599.76,4973.69
Pepperfry,First-time Buyer,Golden Hour Bargains,172204.97,61,2823.03,634.68,4944.83
Pepperfry,First-time Buyer,Green Weekend Deals,189181.80,72,2627.52,678.53,4996.89
Pepperfry,First-time Buyer,Happy Hour Discounts,186505.75,66,2825.84,627.15,4998.48
Pepperfry,First-time Buyer,Holiday Shopping Rush,179670.76,60,2994.51,764.74,4865.31
Pepperfry,First-time Buyer,Hot Picks Promo,194501.96,69,2818.87,535.38,4946.88
Pepperfry,First-time Buyer,Instant Gratification Sale,150362.43,60,2506.04,570.91,4910.26
Pepperfry,First-time Buyer,Limited Time Treasures,206225.91,77,2678.26,605.31,4881.44
Pepperfry,First-time Buyer,Loyalty Rewards Blast,191169.13,71,2692.52,524.56,4999.26
Pepperfry,First-time Buyer,Mega Weekend Bonanza,185926.98,63,2951.22,562.79,4982.65
Pepperfry,First-time Buyer,Mid-Year Madness,188061.74,69,2725.53,680.72,4685.35
Pepperfry,First-time Buyer,Midnight Madness,131267.14,54,2430.87,511.17,4644.06
Pepperfry,First-time Buyer,Mystery Discount Days,205496.86,74,2776.98,532.27,4955.39
Pepperfry,First-time Buyer,New Arrival Showcase,189181.87,75,2522.42,550.83,4974.32
Pepperfry,First-time Buyer,New Product Launch Promo,183870.58,67,2744.34,506.27,4992.74
Pepperfry,First-time Buyer,New Year Kickoff,206162.84,73,2824.15,508.25,4995.79
Pepperfry,First-time Buyer,Price Drop Parade,169387.80,61,2776.85,634.78,4879.86
Pepperfry,First-time Buyer,Red Tag Clearance,195748.97,71,2757.03,527.36,4986.09
Pepperfry,First-time Buyer,Seasonal Surprise Box,174097.95,66,2637.85,512.96,4813.68
Pepperfry,First-time Buyer,Shop & Save Spectacular,186704.27,67,2786.63,620.31,4914.28
Pepperfry,First-time Buyer,Smart Shopper Week,153139.47,56,2734.63,574.75,4955.76
Pepperfry,First-time Buyer,Spring Refresh Event,174323.16,63,2767.03,550.52,4916.88
Pepperfry,First-time Buyer,Spring Splash Discounts,148042.27,58,2552.45,505.26,4934.94
Pepperfry,First-time Buyer,Summer Sizzle Promo,193870.98,67,2893.60,527.07,4976.57
Pepperfry,First-time Buyer,Super Savings Week,152486.55,54,2823.83,505.61,4921.02
Pepperfry,First-time Buyer,Ultimate Value Event,190456.04,73,2608.99,684.25,4863.00
Pepperfry,First-time Buyer,VIP Access Sale,193451.17,73,2650.02,506.42,4955.83
Pepperfry,First-time Buyer,Weekend Warrior Specials,175831.37,64,2747.37,525.21,4988.54
Pepperfry,First-time Buyer,Winter Clearance Carnival,168167.34,60,2802.79,516.46,4998.34
Pepperfry,First-time Buyer,Winter Wonders Sale,132870.45,50,2657.41,736.22,4981.91
Pepperfry,High Value,12 Days of Deals,156704.52,57,2749.20,532.05,4976.95
Pepperfry,High Value,Autumn Deals Drive,184229.37,63,2924.28,845.65,4899.74
Pepperfry,High Value,BOGO Blitz,143606.05,60,2393.43,511.25,4832.42
Pepperfry,High Value,Back to School Boost,206551.76,70,2950.74,567.19,4939.42
Pepperfry,High Value,Birthday Bash Sale,174602.42,62,2816.17,505.99,4918.71
Pepperfry,High Value,Black Friday Blowout,185574.12,61,3042.20,947.13,4999.47
Pepperfry,High Value,Cart Crasher Campaign,152772.73,56,2728.08,585.54,4904.47
Pepperfry,High Value,Cashback Carnival,166107.31,60,2768.46,514.11,4951.82
Pepperfry,High Value,Clearance Countdown,180201.44,65,2772.33,546.64,4974.94
Pepperfry,High Value,Countdown to Savings,221473.07,80,2768.41,544.98,4944.92
Pepperfry,High Value,Customer Appreciation Week,192604.63,68,2832.42,502.67,4930.46
Pepperfry,High Value,Cyber Monday Mania,210403.66,72,2922.27,565.99,4987.06
Pepperfry,High Value,Deal of the Month,190441.24,70,2720.59,556.15,4785.54
Pepperfry,High Value,Double Points Bonanza,176441.32,60,2940.69,532.98,4950.49
Pepperfry,High Value,Early Bird Specials,151847.17,59,2573.68,545.01,4878.25
Pepperfry,High Value,End of Season Sale,157890.93,58,2722.26,529.29,4989.62
Pepperfry,High Value,Exclusive Insider Offers,172353.90,61,2825.47,539.93,4953.94
Pepperfry,High Value,Festive Fever Promo,156209.25,60,2603.49,586.72,4911.48
Pepperfry,High Value,Final Call Frenzy,171112.87,67,2553.92,537.72,4932.44
Pepperfry,High Value,Flash Frenzy Friday,201076.47,72,2792.73,540.01,4985.49
Pepperfry,High Value,"Gift More, Spend Less",174714.25,55,3176.62,508.69,4998.32
Pepperfry,High Value,Golden Hour Bargains,189967.60,72,2638.44,525.18,4963.54
Pepperfry,High Value,Green Weekend Deals,184376.98,69,2672.13,669.24,4887.88
Pepperfry,High Value,Happy Hour Discounts,223705.79,81,2761.80,616.80,4965.26
Pepperfry,High Value,Holiday Shopping Rush,178206.59,66,2700.10,512.13,4980.16
Pepperfry,High Value,Hot Picks Promo,211776.02,74,2861.84,524.97,4949.73
Pepperfry,High Value,Instant Gratification Sale,225688.32,78,2893.44,711.00,4983.28
Pepperfry,High Value,Limited Time Treasures,181284.34,68,2665.95,506.57,4940.87
Pepperfry,High Value,Loyalty Rewards Blast,199029.18,70,2843.27,543.31,4997.60
Pepperfry,High Value,Mega Weekend Bonanza,239552.57,83,2886.18,531.17,4843.30
Pepperfry,High Value,Mid-Year Madness,188080.91,67,2807.18,518.75,4940.36
Pepperfry,High Value,Midnight Madness,186373.44,70,2662.48,546.50,4889.05
Pepperfry,High Value,Mystery Discount Days,158551.54,55,2882.76,564.37,4955.39
Pepperfry,High Value,New Arrival Showcase,191514.94,74,2588.04,569.35,4965.83
Pepperfry,High Value,New Product Launch Promo,169131.06,61,2772.64,589.30,4968.59
Pepperfry,High Value,New Year Kickoff,183837.45,67,2743.84,610.11,4994.30
Pepperfry,High Value,Price Drop Parade,235958.21,81,2913.06,567.60,4987.91
Pepperfry,High Value,Red Tag Clearance,153504.84,59,2601.78,510.85,4780.73
Pepperfry,High Value,Seasonal Surprise Box,207896.38,75,2771.95,517.21,4780.36
Pepperfry,High Value,Shop & Save Spectacular,167949.73,64,2624.21,545.80,4941.63
Pepperfry,High Value,Smart Shopper Week,192147.95,75,2561.97,513.39,4954.43
Pepperfry,High Value,Spring Refresh Event,249974.69,88,2840.62,507.71,4972.45
Pepperfry,High Value,Spring Splash Discounts,191822.38,65,2951.11,803.74,4904.24
Pepperfry,High Value,Summer Sizzle Promo,162582.26,57,2852.32,573.37,4991.31
Pepperfry,High Value,Super Savings Week,215592.27,74,2913.41,628.64,4905.62
Pepperfry,High Value,Ultimate Value Event,165205.13,62,2664.60,528.68,4978.36
Pepperfry,High Value,VIP Access Sale,206906.28,75,2758.75,502.41,4977.48
Pepperfry,High Value,Weekend Warrior Specials,154384.87,59,2616.69,504.11,4964.50
Pepperfry,High Value,Winter Clearance Carnival,192531.12,66,2917.14,592.44,4971.04
Pepperfry,High Value,Winter Wonders Sale,190813.06,66,2891.11,703.03,4991.52
Pepperfry,In-Store Regular,12 Days of Deals,145308.60,54,2690.90,522.59,4998.58
Pepperfry,In-Store Regular,Autumn Deals Drive,203349.93,78,2607.05,509.15,4991.13
Pepperfry,In-Store Regular,BOGO Blitz,190913.96,70,2727.34,596.19,4975.58
Pepperfry,In-Store Regular,Back to School Boost,195774.59,71,2757.39,551.99,4976.00
Pepperfry,In-Store Regular,Birthday Bash Sale,149061.33,57,2615.11,513.51,4901.38
Pepperfry,In-Store Regular,Black Friday Blowout,218031.44,75,2907.09,538.12,4990.25
Pepperfry,In-Store Regular,Cart Crasher Campaign,218551.48,82,2665.26,526.75,4868.31
Pepperfry,In-Store Regular,Cashback Carnival,191871.14,73,2628.37,597.00,4993.83
Pepperfry,In-Store Regular,Clearance Countdown,176414.25,63,2800.23,574.09,4941.21
Pepperfry,In-Store Regular,Countdown to Savings,177098.24,62,2856.42,517.78,4885.58
Pepperfry,In-Store Regular,Customer Appreciation Week,144957.70,62,2338.03,519.37,4980.62
Pepperfry,In-Store Regular,Cyber Monday Mania,172739.02,64,2699.05,595.78,4976.29
Pepperfry,In-Store Regular,Deal of the Month,163815.59,62,2642.19,632.02,4932.28
Pepperfry,In-Store Regular,Double Points Bonanza,229116.76,74,3096.17,662.47,4989.49
Pepperfry,In-Store Regular,Early Bird Specials,160218.06,57,2810.84,536.38,4933.07
Pepperfry,In-Store Regular,End of Season Sale,151869.17,54,2812.39,581.68,4942.59
Pepperfry,In-Store Regular,Exclusive Insider Offers,192820.79,71,2715.79,568.45,4939.74
Pepperfry,In-Store Regular,Festive Fever Promo,182773.03,62,2947.95,649.98,4891.18
Pepperfry,In-Store Regular,Final Call Frenzy,205593.42,78,2635.81,596.96,4955.74
Pepperfry,In-Store Regular,Flash Frenzy Friday,186569.72,67,2784.62,517.48,4975.50
Pepperfry,In-Store Regular,"Gift More, Spend Less",159554.11,62,2573.45,537.43,4888.55
Pepperfry,In-Store Regular,Golden Hour Bargains,145779.11,56,2603.20,513.37,4747.89
Pepperfry,In-Store Regular,Green Weekend Deals,187312.52,65,2881.73,615.36,4988.23
Pepperfry,In-Store Regular,Happy Hour Discounts,192441.31,64,3006.90,639.20,4948.57
Pepperfry,In-Store Regular,Holiday Shopping Rush,165114.55,61,2706.80,578.13,4977.97
Pepperfry,In-Store Regular,Hot Picks Promo,174007.11,65,2677.03,584.47,4903.25
Pepperfry,In-Store Regular,Instant Gratification Sale,209501.30,72,2909.74,669.06,4905.86
Pepperfry,In-Store Regular,Limited Time Treasures,184821.17,69,2678.57,532.95,4852.95
Pepperfry,In-Store Regular,Loyalty Rewards Blast,175816.42,62,2835.75,553.54,4979.32
Pepperfry,In-Store Regular,Mega Weekend Bonanza,199466.26,69,2890.82,516.08,4912.24
Pepperfry,In-Store Regular,Mid-Year Madness,153120.74,55,2784.01,887.09,4841.84
Pepperfry,In-Store Regular,Midnight Madness,191756.97,68,2819.96,531.02,4969.11
Pepperfry,In-Store Regular,Mystery Discount Days,159825.83,65,2458.86,526.34,4981.33
Pepperfry,In-Store Regular,New Arrival Showcase,145548.73,59,2466.93,713.00,4711.19
Pepperfry,In-Store Regular,New Product Launch Promo,189265.85,69,2742.98,539.20,4877.38
Pepperfry,In-Store Regular,New Year Kickoff,187408.71,64,2928.26,779.53,4939.46
Pepperfry,In-Store Regular,Price Drop Parade,224975.14,80,2812.19,515.78,4969.08
Pepperfry,In-Store Regular,Red Tag Clearance,155625.30,58,2683.19,582.41,4763.75
Pepperfry,In-Store Regular,Seasonal Surprise Box,164719.00,56,2941.41,590.25,4932.36
Pepperfry,In-Store Regular,Shop & Save Spectacular,162624.10,53,3068.38,671.60,4873.11
Pepperfry,In-Store Regular,Smart Shopper Week,190981.28,61,3130.84,523.04,4942.17
Pepperfry,In-Store Regular,Spring Refresh Event,194884.63,66,2952.80,522.58,4989.36
Pepperfry,In-Store Regular,Spring Splash Discounts,175310.84,60,2921.85,512.40,4864.03
Pepperfry,In-Store Regular,Summer Sizzle Promo,208250.96,71,2933.11,585.70,4882.18
Pepperfry,In-Store Regular,Super Savings Week,184215.92,67,2749.49,509.73,4924.61
Pepperfry,In-Store Regular,Ultimate Value Event,218839.12,79,2770.12,517.68,4985.73
Pepperfry,In-Store Regular,VIP Access Sale,181529.86,73,2486.71,508.01,4911.51
Pepperfry,In-Store Regular,Weekend Warrior Specials,193564.74,67,2889.03,571.31,4890.78
Pepperfry,In-Store Regular,Winter Clearance Carnival,124930.04,50,2498.60,566.93,4847.39
Pepperfry,In-Store Regular,Winter Wonders Sale,176549.31,66,2674.99,544.33,4936.48
Pepperfry,Loyal Customer,12 Days of Deals,190832.37,70,2726.18,527.66,4870.67
Pepperfry,Loyal Customer,Autumn Deals Drive,148076.13,59,2509.76,541.23,4998.96
Pepperfry,Loyal Customer,BOGO Blitz,161090.26,61,2640.82,533.59,4931.97
Pepperfry,Loyal Customer,Back to School Boost,154090.52,65,2370.62,712.89,4918.93
Pepperfry,Loyal Customer,Birthday Bash Sale,173448.06,63,2753.14,609.32,4961.84
Pepperfry,Loyal Customer,Black Friday Blowout,171419.20,66,2597.26,572.63,4951.89
Pepperfry,Loyal Customer,Cart Crasher Campaign,128398.95,52,2469.21,679.73,4861.60
Pepperfry,Loyal Customer,Cashback Carnival,154865.22,57,2716.93,531.14,4955.61
Pepperfry,Loyal Customer,Clearance Countdown,150340.32,53,2836.61,542.46,4993.94
Pepperfry,Loyal Customer,Countdown to Savings,187012.53,67,2791.23,697.58,4999.16
Pepperfry,Loyal Customer,Customer Appreciation Week,198441.59,63,3149.87,525.83,4847.54
Pepperfry,Loyal Customer,Cyber Monday Mania,206650.36,75,2755.34,508.01,4970.08
Pepperfry,Loyal Customer,Deal of the Month,177650.35,62,2865.33,697.13,4997.12
Pepperfry,Loyal Customer,Double Points Bonanza,189564.69,67,2829.32,527.49,4953.64
Pepperfry,Loyal Customer,Early Bird Specials,208003.62,68,3058.88,738.01,4997.79
Pepperfry,Loyal Customer,End of Season Sale,170216.41,68,2503.18,681.38,4975.41
Pepperfry,Loyal Customer,Exclusive Insider Offers,220229.58,78,2823.46,583.63,4924.10
Pepperfry,Loyal Customer,Festive Fever Promo,169614.50,63,2692.29,527.24,4936.93
Pepperfry,Loyal Customer,Final Call Frenzy,205773.41,72,2857.96,522.02,4837.85
Pepperfry,Loyal Customer,Flash Frenzy Friday,182483.29,65,2807.44,566.99,4850.94
Pepperfry,Loyal Customer,"Gift More, Spend Less",170863.99,66,2588.85,502.35,4989.34
Pepperfry,Loyal Customer,Golden Hour Bargains,219276.98,82,2674.11,544.60,4938.47
Pepperfry,Loyal Customer,Green Weekend Deals,192129.97,70,2744.71,503.53,4809.56
Pepperfry,Loyal Customer,Happy Hour Discounts,176324.83,63,2798.81,511.00,4915.70
Pepperfry,Loyal Customer,Holiday Shopping Rush,155490.52,58,2680.87,569.88,4960.18
Pepperfry,Loyal Customer,Hot Picks Promo,219329.02,82,2674.74,506.63,4994.52
Pepperfry,Loyal Customer,Instant Gratification Sale,205554.96,69,2979.06,513.55,4896.18
Pepperfry,Loyal Customer,Limited Time Treasures,224563.28,76,2954.78,577.36,4994.63
Pepperfry,Loyal Customer,Loyalty Rewards Blast,121218.08,52,2331.12,506.20,4938.97
Pepperfry,Loyal Customer,Mega Weekend Bonanza,178317.52,65,2743.35,726.45,4846.42
Pepperfry,Loyal Customer,Mid-Year Madness,188716.54,65,2903.33,548.61,4975.15
Pepperfry,Loyal Customer,Midnight Madness,175133.88,64,2736.47,580.11,4973.03
Pepperfry,Loyal Customer,Mystery Discount Days,201224.76,71,2834.15,589.09,4965.60
Pepperfry,Loyal Customer,New Arrival Showcase,150260.50,58,2590.70,518.75,4905.49
Pepperfry,Loyal Customer,New Product Launch Promo,165250.97,67,2466.43,524.60,4885.41
Pepperfry,Loyal Customer,New Year Kickoff,147188.04,63,2336.32,540.21,4650.93
Pepperfry,Loyal Customer,Price Drop Parade,173972.42,63,2761.47,525.37,4918.91
Pepperfry,Loyal Customer,Red Tag Clearance,190392.29,67,2841.68,510.52,4979.61
Pepperfry,Loyal Customer,Seasonal Surprise Box,188654.23,64,2947.72,501.63,4990.80
Pepperfry,Loyal Customer,Shop & Save Spectacular,157243.98,55,2858.98,968.43,4976.95
Pepperfry,Loyal Customer,Smart Shopper Week,184341.74,66,2793.06,569.17,4761.02
Pepperfry,Loyal Customer,Spring Refresh Event,166449.43,65,2560.76,568.80,4994.60
Pepperfry,Loyal Customer,Spring Splash Discounts,177071.90,65,2724.18,628.37,4939.07
Pepperfry,Loyal Customer,Summer Sizzle Promo,217902.05,77,2829.90,504.85,4923.19
Pepperfry,Loyal Customer,Super Savings Week,151924.39,61,2490.56,641.03,4980.68
Pepperfry,Loyal Customer,Ultimate Value Event,195394.43,70,2791.35,511.61,4958.12
Pepperfry,Loyal Customer,VIP Access Sale,225940.79,80,2824.26,572.82,4930.59
Pepperfry,Loyal Customer,Weekend Warrior Specials,203652.59,69,2951.49,554.47,4906.21
Pepperfry,Loyal Customer,Winter Clearance Carnival,158293.95,61,2594.98,641.17,4924.10
Pepperfry,Loyal Customer,Winter Wonders Sale,147029.40,56,2625.53,642.45,4955.97
Pepperfry,Occasional Shopper,12 Days of Deals,197577.82,78,2533.05,535.48,4945.23
Pepperfry,Occasional Shopper,Autumn Deals Drive,184695.16,68,2716.11,612.96,4959.56
Pepperfry,Occasional Shopper,BOGO Blitz,181321.55,66,2747.30,539.43,4971.07
Pepperfry,Occasional Shopper,Back to School Boost,151678.11,58,2615.14,693.14,4934.18
Pepperfry,Occasional Shopper,Birthday Bash Sale,176887.56,58,3049.79,777.93,4931.97
Pepperfry,Occasional Shopper,Black Friday Blowout,204346.23,68,3005.09,507.45,4989.06
Pepperfry,Occasional Shopper,Cart Crasher Campaign,210272.49,76,2766.74,527.24,4998.24
Pepperfry,Occasional Shopper,Cashback Carnival,199246.43,66,3018.89,745.85,4977.12
Pepperfry,Occasional Shopper,Clearance Countdown,165045.68,62,2662.03,618.73,4958.20
Pepperfry,Occasional Shopper,Countdown to Savings,196006.73,72,2722.32,531.50,4996.52
Pepperfry,Occasional Shopper,Customer Appreciation Week,172033.94,64,2688.03,539.60,4887.51
Pepperfry,Occasional Shopper,Cyber Monday Mania,197713.86,72,2746.03,561.30,4846.78
Pepperfry,Occasional Shopper,Deal of the Month,175514.25,65,2700.22,668.08,4962.10
Pepperfry,Occasional Shopper,Double Points Bonanza,198828.05,68,2923.94,684.13,4876.57
Pepperfry,Occasional Shopper,Early Bird Specials,173008.28,64,2703.25,500.89,4984.65
Pepperfry,Occasional Shopper,End of Season Sale,207721.99,70,2967.46,750.82,4967.42
Pepperfry,Occasional Shopper,Exclusive Insider Offers,150198.90,50,3003.98,537.21,4950.66
Pepperfry,Occasional Shopper,Festive Fever Promo,214636.99,75,2861.83,727.93,4963.78
Pepperfry,Occasional Shopper,Final Call Frenzy,154152.99,56,2752.73,617.03,4996.83
Pepperfry,Occasional Shopper,Flash Frenzy Friday,222810.13,81,2750.74,508.18,4936.11
Pepperfry,Occasional Shopper,"Gift More, Spend Less",167505.85,73,2294.60,533.42,4828.70
Pepperfry,Occasional Shopper,Golden Hour Bargains,136836.89,55,2487.94,672.62,4897.99
Pepperfry,Occasional Shopper,Green Weekend Deals,182468.03,70,2606.69,555.75,4989.00
Pepperfry,Occasional Shopper,Happy Hour Discounts,169372.74,69,2454.68,578.01,4942.46
Pepperfry,Occasional Shopper,Holiday Shopping Rush,164618.54,64,2572.16,528.21,4884.14
Pepperfry,Occasional Shopper,Hot Picks Promo,181294.85,69,2627.46,504.44,4952.70
Pepperfry,Occasional Shopper,Instant Gratification Sale,171122.64,68,2516.51,680.26,4865.18
Pepperfry,Occasional Shopper,Limited Time Treasures,234270.37,84,2788.93,512.85,4893.60
Pepperfry,Occasional Shopper,Loyalty Rewards Blast,202524.04,67,3022.75,544.05,4927.43
Pepperfry,Occasional Shopper,Mega Weekend Bonanza,220168.39,74,2975.25,577.81,4901.11
Pepperfry,Occasional Shopper,Mid-Year Madness,201072.77,70,2872.47,613.41,4905.96
Pepperfry,Occasional Shopper,Midnight Madness,199379.96,69,2889.56,501.59,4968.62
Pepperfry,Occasional Shopper,Mystery Discount Days,161872.42,59,2743.60,613.76,4983.15
Pepperfry,Occasional Shopper,New Arrival Showcase,208534.58,74,2818.03,523.79,4982.59
Pepperfry,Occasional Shopper,New Product Launch Promo,145095.66,50,2901.91,515.14,4963.58
Pepperfry,Occasional Shopper,New Year Kickoff,173648.65,60,2894.14,564.48,4997.66
Pepperfry,Occasional Shopper,Price Drop Parade,192923.32,65,2968.05,683.85,4949.57
Pepperfry,Occasional Shopper,Red Tag Clearance,152933.00,55,2780.60,761.58,4993.73
Pepperfry,Occasional Shopper,Seasonal Surprise Box,216661.39,75,2888.82,527.01,4994.59
Pepperfry,Occasional Shopper,Shop & Save Spectacular,209115.15,73,2864.59,551.34,4979.05
Pepperfry,Occasional Shopper,Smart Shopper Week,222083.64,87,2552.69,530.27,4906.65
Pepperfry,Occasional Shopper,Spring Refresh Event,179198.97,67,2674.61,500.36,4914.17
Pepperfry,Occasional Shopper,Spring Splash Discounts,200195.97,73,2742.41,726.00,4985.62
Pepperfry,Occasional Shopper,Summer Sizzle Promo,187303.90,65,2881.60,537.57,4944.44
Pepperfry,Occasional Shopper,Super Savings Week,205968.52,73,2821.49,539.74,4968.40
Pepperfry,Occasional Shopper,Ultimate Value Event,168271.90,61,2758.56,578.06,4945.53
Pepperfry,Occasional Shopper,VIP Access Sale,146827.11,53,2770.32,621.93,4918.79
Pepperfry,Occasional Shopper,Weekend Warrior Specials,191619.22,68,2817.93,568.14,4994.16
Pepperfry,Occasional Shopper,Winter Clearance Carnival,175638.98,64,2744.36,600.73,4948.38
Pepperfry,Occasional Shopper,Winter Wonders Sale,152175.62,53,2871.24,507.73,4986.43
Pepperfry,Online Shopper,12 Days of Deals,212424.10,73,2909.92,648.79,4994.90
Pepperfry,Online Shopper,Autumn Deals Drive,192290.67,71,2708.32,596.52,4995.68
Pepperfry,Online Shopper,BOGO Blitz,121798.39,42,2899.96,515.21,4983.71
Pepperfry,Online Shopper,Back to School Boost,214434.06,78,2749.15,620.95,4961.08
Pepperfry,Online Shopper,Birthday Bash Sale,159653.81,54,2956.55,579.73,4965.04
Pepperfry,Online Shopper,Black Friday Blowout,245803.27,96,2560.45,519.19,4966.10
Pepperfry,Online Shopper,Cart Crasher Campaign,129149.94,48,2690.62,606.49,4849.44
Pepperfry,Online Shopper,Cashback Carnival,179563.21,70,2565.19,531.90,4793.16
Pepperfry,Online Shopper,Clearance Countdown,193577.72,77,2514.00,580.88,4861.40
Pepperfry,Online Shopper,Countdown to Savings,205796.42,77,2672.68,678.22,4970.47
Pepperfry,Online Shopper,Customer Appreciation Week,158841.92,64,2481.91,539.52,4751.39
Pepperfry,Online Shopper,Cyber Monday Mania,170764.62,68,2511.24,575.38,4943.30
Pepperfry,Online Shopper,Deal of the Month,192256.96,70,2746.53,625.31,4981.80
Pepperfry,Online Shopper,Double Points Bonanza,181497.27,66,2749.96,555.58,4999.14
Pepperfry,Online Shopper,Early Bird Specials,229014.83,81,2827.34,534.87,4967.61
Pepperfry,Online Shopper,End of Season Sale,205917.20,69,2984.31,521.45,4998.80
Pepperfry,Online Shopper,Exclusive Insider Offers,189673.75,72,2634.36,550.37,4995.54
Pepperfry,Online Shopper,Festive Fever Promo,172737.82,63,2741.87,540.71,4954.59
Pepperfry,Online Shopper,Final Call Frenzy,153117.97,56,2734.25,519.31,4930.83
Pepperfry,Online Shopper,Flash Frenzy Friday,211782.19,82,2582.71,505.20,4920.18
Pepperfry,Online Shopper,"Gift More, Spend Less",180408.37,75,2405.44,507.96,4916.35
Pepperfry,Online Shopper,Golden Hour Bargains,169532.36,62,2734.39,511.16,4843.56
Pepperfry,Online Shopper,Green Weekend Deals,170531.87,53,3217.58,716.77,4952.44
Pepperfry,Online Shopper,Happy Hour Discounts,151797.78,55,2759.96,821.40,4866.49
Pepperfry,Online Shopper,Holiday Shopping Rush,159154.63,58,2744.05,559.49,4931.31
Pepperfry,Online Shopper,Hot Picks Promo,173606.75,62,2800.11,537.68,4979.54
Pepperfry,Online Shopper,Instant Gratification Sale,167608.49,58,2889.80,532.54,4969.83
Pepperfry,Online Shopper,Limited Time Treasures,210373.07,75,2804.97,514.82,4984.06
Pepperfry,Online Shopper,Loyalty Rewards Blast,131091.94,53,2473.43,605.01,4956.91
Pepperfry,Online Shopper,Mega Weekend Bonanza,201981.71,77,2623.14,572.17,4944.33
Pepperfry,Online Shopper,Mid-Year Madness,206742.33,75,2756.56,515.95,4981.53
Pepperfry,Online Shopper,Midnight Madness,205640.74,77,2670.66,505.16,4998.12
Pepperfry,Online Shopper,Mystery Discount Days,194759.20,68,2864.11,593.76,4858.21
Pepperfry,Online Shopper,New Arrival Showcase,188838.09,69,2736.78,601.21,4955.46
Pepperfry,Online Shopper,New Product Launch Promo,169280.89,61,2775.10,525.70,4955.42
Pepperfry,Online Shopper,New Year Kickoff,146984.66,56,2624.73,508.86,4894.92
Pepperfry,Online Shopper,Price Drop Parade,210549.53,74,2845.26,550.32,4969.48
Pepperfry,Online Shopper,Red Tag Clearance,206273.33,75,2750.31,614.15,4907.37
Pepperfry,Online Shopper,Seasonal Surprise Box,210408.15,78,2697.54,584.44,4987.52
Pepperfry,Online Shopper,Shop & Save Spectacular,188144.14,68,2766.83,595.85,4975.45
Pepperfry,Online Shopper,Smart Shopper Week,192360.23,72,2671.67,537.93,4920.83
Pepperfry,Online Shopper,Spring Refresh Event,210329.12,76,2767.49,587.86,4845.41
Pepperfry,Online Shopper,Spring Splash Discounts,200473.69,75,2672.98,513.74,4998.77
Pepperfry,Online Shopper,Summer Sizzle Promo,216573.18,80,2707.16,519.57,4998.67
Pepperfry,Online Shopper,Super Savings Week,228960.74,79,2898.24,530.39,4988.24
Pepperfry,Online Shopper,Ultimate Value Event,165300.78,62,2666.14,571.78,4987.34
Pepperfry,Online Shopper,VIP Access Sale,179631.07,63,2851.29,566.26,4941.86
Pepperfry,Online Shopper,Weekend Warrior Specials,228230.56,78,2926.03,545.29,4987.77
Pepperfry,Online Shopper,Winter Clearance Carnival,211112.15,76,2777.79,566.69,4981.20
Pepperfry,Online Shopper,Winter Wonders Sale,208952.16,74,2823.68,526.03,4962.21
Pepperfry,Premium Shopper,12 Days of Deals,181491.38,61,2975.27,538.94,4921.87
Pepperfry,Premium Shopper,Autumn Deals Drive,238596.90,88,2711.33,553.00,4854.97
Pepperfry,Premium Shopper,BOGO Blitz,164100.43,63,2604.77,533.30,4932.93
Pepperfry,Premium Shopper,Back to School Boost,220326.47,76,2899.03,794.30,4962.99
Pepperfry,Premium Shopper,Birthday Bash Sale,169383.79,60,2823.06,626.10,4988.66
Pepperfry,Premium Shopper,Black Friday Blowout,181856.77,61,2981.26,512.10,4933.33
Pepperfry,Premium Shopper,Cart Crasher Campaign,192686.85,64,3010.73,576.65,4937.45
Pepperfry,Premium Shopper,Cashback Carnival,139697.32,52,2686.49,548.35,4976.36
Pepperfry,Premium Shopper,Clearance Countdown,173801.91,68,2555.91,510.97,4940.34
Pepperfry,Premium Shopper,Countdown to Savings,216732.34,71,3052.57,510.93,4996.95
Pepperfry,Premium Shopper,Customer Appreciation Week,196151.03,71,2762.69,680.92,4901.58
Pepperfry,Premium Shopper,Cyber Monday Mania,147573.94,58,2544.38,506.92,4973.75
Pepperfry,Premium Shopper,Deal of the Month,175274.42,64,2738.66,530.94,4900.63
Pepperfry,Premium Shopper,Double Points Bonanza,186740.17,67,2787.17,579.54,4825.19
Pepperfry,Premium Shopper,Early Bird Specials,162923.30,56,2909.34,583.98,4873.09
Pepperfry,Premium Shopper,End of Season Sale,195980.37,74,2648.38,531.31,4997.14
Pepperfry,Premium Shopper,Exclusive Insider Offers,200942.74,72,2790.87,630.79,4827.39
Pepperfry,Premium Shopper,Festive Fever Promo,170482.21,64,2663.78,534.37,4849.33
Pepperfry,Premium Shopper,Final Call Frenzy,206894.69,69,2998.47,502.89,4998.23
Pepperfry,Premium Shopper,Flash Frenzy Friday,182751.61,65,2811.56,649.98,4974.55
Pepperfry,Premium Shopper,"Gift More, Spend Less",156898.18,61,2572.10,516.51,4997.79
Pepperfry,Premium Shopper,Golden Hour Bargains,203807.28,75,2717.43,581.44,4923.92
Pepperfry,Premium Shopper,Green Weekend Deals,169428.81,61,2777.52,662.14,4931.37
Pepperfry,Premium Shopper,Happy Hour Discounts,193497.18,66,2931.78,527.96,4883.86
Pepperfry,Premium Shopper,Holiday Shopping Rush,189972.99,66,2878.38,519.50,4965.23
Pepperfry,Premium Shopper,Hot Picks Promo,199678.28,70,2852.55,526.96,4992.88
Pepperfry,Premium Shopper,Instant Gratification Sale,162265.88,63,2575.65,554.64,4958.13
Pepperfry,Premium Shopper,Limited Time Treasures,175127.31,64,2736.36,505.62,4811.40
Pepperfry,Premium Shopper,Loyalty Rewards Blast,148918.38,59,2524.04,555.61,4921.97
Pepperfry,Premium Shopper,Mega Weekend Bonanza,205399.75,77,2667.53,504.00,4988.69
Pepperfry,Premium Shopper,Mid-Year Madness,164564.01,61,2697.77,589.87,4925.33
Pepperfry,Premium Shopper,Midnight Madness,159819.73,65,2458.77,539.41,4920.96
Pepperfry,Premium Shopper,Mystery Discount Days,217217.50,76,2858.13,622.13,4886.94
Pepperfry,Premium Shopper,New Arrival Showcase,196190.53,69,2843.34,594.17,4953.09
Pepperfry,Premium Shopper,New Product Launch Promo,206746.37,68,3040.39,500.59,4864.62
Pepperfry,Premium Shopper,New Year Kickoff,176817.75,68,2600.26,514.07,4967.44
Pepperfry,Premium Shopper,Price Drop Parade,169603.83,62,2735.55,555.53,4978.43
Pepperfry,Premium Shopper,Red Tag Clearance,124719.27,51,2445.48,601.46,4807.36
Pepperfry,Premium Shopper,Seasonal Surprise Box,166744.03,59,2826.17,523.27,4989.64
Pepperfry,Premium Shopper,Shop & Save Spectacular,129669.73,53,2446.60,611.00,4935.68
Pepperfry,Premium Shopper,Smart Shopper Week,189313.59,66,2868.39,527.85,4962.46
Pepperfry,Premium Shopper,Spring Refresh Event,150657.84,57,2643.12,565.73,4977.18
Pepperfry,Premium Shopper,Spring Splash Discounts,143195.46,60,2386.59,539.28,4873.50
Pepperfry,Premium Shopper,Summer Sizzle Promo,181884.45,70,2598.35,505.17,4925.39
Pepperfry,Premium Shopper,Super Savings Week,192363.50,66,2914.60,582.74,4976.02
Pepperfry,Premium Shopper,Ultimate Value Event,180762.54,64,2824.41,631.57,4993.55
Pepperfry,Premium Shopper,VIP Access Sale,207245.44,84,2467.21,516.62,4956.79
Pepperfry,Premium Shopper,Weekend Warrior Specials,202981.33,77,2636.12,683.67,4918.26
Pepperfry,Premium Shopper,Winter Clearance Carnival,183769.76,70,2625.28,553.65,4877.39
Pepperfry,Premium Shopper,Winter Wonders Sale,165229.50,59,2800.50,562.97,4910.29
Puma,Budget Shopper,12 Days of Deals,364253.05,129,2823.67,502.32,4944.73
Puma,Budget Shopper,Autumn Deals Drive,385543.64,138,2793.79,526.61,4964.22
Puma,Budget Shopper,BOGO Blitz,406086.38,145,2800.60,516.05,4958.20
Puma,Budget Shopper,Back to School Boost,374282.79,133,2814.16,501.48,4972.30
Puma,Budget Shopper,Birthday Bash Sale,306804.83,117,2622.26,524.79,4921.70
Puma,Budget Shopper,Black Friday Blowout,398309.96,141,2824.89,511.67,4997.46
Puma,Budget Shopper,Cart Crasher Campaign,366254.62,129,2839.18,510.88,4908.48
Puma,Budget Shopper,Cashback Carnival,374687.28,128,2927.24,538.21,4982.95
Puma,Budget Shopper,Clearance Countdown,395923.70,140,2828.03,554.47,4985.43
Puma,Budget Shopper,Countdown to Savings,383254.39,140,2737.53,541.81,4979.42
Puma,Budget Shopper,Customer Appreciation Week,391353.79,134,2920.55,508.47,4967.48
Puma,Budget Shopper,Cyber Monday Mania,340686.29,116,2936.95,513.22,4983.99
Puma,Budget Shopper,Deal of the Month,326810.87,121,2700.92,515.41,4982.99
Puma,Budget Shopper,Double Points Bonanza,394705.27,142,2779.61,512.78,4926.65
Puma,Budget Shopper,Early Bird Specials,300043.02,116,2586.58,514.49,4944.17
Puma,Budget Shopper,End of Season Sale,436465.60,151,2890.50,517.18,4999.17
Puma,Budget Shopper,Exclusive Insider Offers,351569.06,129,2725.34,576.13,4968.06
Puma,Budget Shopper,Festive Fever Promo,340555.19,131,2599.66,557.29,4938.87
Puma,Budget Shopper,Final Call Frenzy,344114.91,123,2797.68,528.82,4976.65
Puma,Budget Shopper,Flash Frenzy Friday,411964.83,147,2802.48,511.85,4996.58
Puma,Budget Shopper,"Gift More, Spend Less",369832.14,136,2719.35,536.78,4991.44
Puma,Budget Shopper,Golden Hour Bargains,391894.12,144,2721.49,506.68,4999.85
Puma,Budget Shopper,Green Weekend Deals,378230.67,138,2740.80,510.45,4961.07
Puma,Budget Shopper,Happy Hour Discounts,357803.72,127,2817.35,534.50,4978.93
Puma,Budget Shopper,Holiday Shopping Rush,371338.42,134,2771.18,528.26,4985.94
Puma,Budget Shopper,Hot Picks Promo,318992.37,114,2798.18,522.39,4984.66
Puma,Budget Shopper,Instant Gratification Sale,309040.35,121,2554.05,548.56,4978.71
Puma,Budget Shopper,Limited Time Treasures,352300.20,126,2796.03,504.90,4997.38
Puma,Budget Shopper,Loyalty Rewards Blast,343800.39,124,2772.58,536.80,4955.73
Puma,Budget Shopper,Mega Weekend Bonanza,385732.43,140,2755.23,511.55,4961.17
Puma,Budget Shopper,Mid-Year Madness,346495.51,129,2686.01,598.25,4969.83
Puma,Budget Shopper,Midnight Madness,406771.28,151,2693.85,514.18,4932.76
Puma,Budget Shopper,Mystery Discount Days,328641.39,118,2785.10,519.86,4990.91
Puma,Budget Shopper,New Arrival Showcase,336720.85,124,2715.49,521.99,4990.92
Puma,Budget Shopper,New Product Launch Promo,344157.69,123,2798.03,534.01,4970.41
Puma,Budget Shopper,New Year Kickoff,433393.39,141,3073.71,514.47,4973.48
Puma,Budget Shopper,Price Drop Parade,382499.66,140,2732.14,521.85,4977.32
Puma,Budget Shopper,Red Tag Clearance,344940.57,135,2555.12,535.29,4658.76
Puma,Budget Shopper,Seasonal Surprise Box,364662.02,137,2661.77,550.71,4940.95
Puma,Budget Shopper,Shop & Save Spectacular,423209.19,148,2859.52,509.04,4959.39
Puma,Budget Shopper,Smart Shopper Week,428647.38,156,2747.74,538.77,4979.30
Puma,Budget Shopper,Spring Refresh Event,338974.73,131,2587.59,536.33,4939.65
Puma,Budget Shopper,Spring Splash Discounts,368917.35,138,2673.31,532.41,4993.20
Puma,Budget Shopper,Summer Sizzle Promo,359114.81,134,2679.96,513.95,4981.42
Puma,Budget Shopper,Super Savings Week,350929.59,127,2763.23,527.78,4998.97
Puma,Budget Shopper,Ultimate Value Event,360218.47,132,2728.93,537.39,4963.97
Puma,Budget Shopper,VIP Access Sale,332472.06,121,2747.70,532.48,4986.57
Puma,Budget Shopper,Weekend Warrior Specials,294044.60,115,2556.91,506.15,4938.99
Puma,Budget Shopper,Winter Clearance Carnival,344496.60,114,3021.90,797.51,4983.34
Puma,Budget Shopper,Winter Wonders Sale,334823.26,125,2678.59,543.93,4943.57
Puma,Churn Risk,12 Days of Deals,326915.80,124,2636.42,502.11,4977.32
Puma,Churn Risk,Autumn Deals Drive,380439.42,139,2736.97,501.93,4948.43
Puma,Churn Risk,BOGO Blitz,396963.68,145,2737.68,535.40,4956.09
Puma,Churn Risk,Back to School Boost,363347.72,137,2652.17,503.12,4970.24
Puma,Churn Risk,Birthday Bash Sale,360518.59,129,2794.72,522.73,4971.78
Puma,Churn Risk,Black Friday Blowout,340644.38,129,2640.65,533.26,4995.99
Puma,Churn Risk,Cart Crasher Campaign,251660.69,97,2594.44,525.60,4988.17
Puma,Churn Risk,Cashback Carnival,371242.96,130,2855.72,577.93,4973.20
Puma,Churn Risk,Clearance Countdown,308481.35,117,2636.59,544.94,4958.20
Puma,Churn Risk,Countdown to Savings,390474.87,141,2769.33,502.49,4910.44
Puma,Churn Risk,Customer Appreciation Week,414475.45,139,2981.84,536.62,4981.97
Puma,Churn Risk,Cyber Monday Mania,302368.96,107,2825.88,516.38,4935.60
Puma,Churn Risk,Deal of the Month,371160.09,133,2790.68,545.42,4887.79
Puma,Churn Risk,Double Points Bonanza,361288.67,133,2716.46,601.77,4984.63
Puma,Churn Risk,Early Bird Specials,349811.52,118,2964.50,569.11,4997.16
Puma,Churn Risk,End of Season Sale,364856.15,132,2764.06,503.81,4996.88
Puma,Churn Risk,Exclusive Insider Offers,353183.05,119,2967.92,534.53,4959.89
Puma,Churn Risk,Festive Fever Promo,388565.57,139,2795.44,629.01,4965.81
Puma,Churn Risk,Final Call Frenzy,363505.67,134,2712.73,521.29,4993.58
Puma,Churn Risk,Flash Frenzy Friday,363857.87,131,2777.54,537.39,4997.51
Puma,Churn Risk,"Gift More, Spend Less",402149.59,155,2594.51,513.39,4911.72
Puma,Churn Risk,Golden Hour Bargains,418730.19,147,2848.50,500.57,4984.06
Puma,Churn Risk,Green Weekend Deals,372258.06,146,2549.71,516.31,4922.48
Puma,Churn Risk,Happy Hour Discounts,398953.20,138,2890.97,503.04,4990.90
Puma,Churn Risk,Holiday Shopping Rush,413254.32,142,2910.24,526.90,4974.10
Puma,Churn Risk,Hot Picks Promo,359511.93,131,2744.37,568.54,4990.76
Puma,Churn Risk,Instant Gratification Sale,430429.74,158,2724.24,522.66,4932.91
Puma,Churn Risk,Limited Time Treasures,340777.91,127,2683.29,556.91,4989.54
Puma,Churn Risk,Loyalty Rewards Blast,311045.65,124,2508.43,629.52,4972.66
Puma,Churn Risk,Mega Weekend Bonanza,343861.86,120,2865.52,502.77,4891.54
Puma,Churn Risk,Mid-Year Madness,347183.62,126,2755.43,505.35,4984.02
Puma,Churn Risk,Midnight Madness,352564.38,124,2843.26,594.25,4976.33
Puma,Churn Risk,Mystery Discount Days,351929.59,134,2626.34,545.62,4993.59
Puma,Churn Risk,New Arrival Showcase,375642.23,140,2683.16,506.85,4986.29
Puma,Churn Risk,New Product Launch Promo,371283.00,131,2834.22,509.60,4988.61
Puma,Churn Risk,New Year Kickoff,348773.04,133,2622.35,594.37,4970.59
Puma,Churn Risk,Price Drop Parade,324198.62,126,2573.00,530.52,4947.89
Puma,Churn Risk,Red Tag Clearance,389344.03,145,2685.13,566.42,4897.42
Puma,Churn Risk,Seasonal Surprise Box,407967.97,153,2666.46,529.30,4993.44
Puma,Churn Risk,Shop & Save Spectacular,375681.11,137,2742.20,512.89,4998.60
Puma,Churn Risk,Smart Shopper Week,347563.57,127,2736.72,612.17,4993.72
Puma,Churn Risk,Spring Refresh Event,351964.09,130,2707.42,525.95,4980.06
Puma,Churn Risk,Spring Splash Discounts,368925.69,133,2773.88,648.66,4943.31
Puma,Churn Risk,Summer Sizzle Promo,377989.20,133,2842.02,619.92,4995.97
Puma,Churn Risk,Super Savings Week,380298.44,142,2678.16,505.75,4994.09
Puma,Churn Risk,Ultimate Value Event,344780.12,128,2693.59,510.12,4970.51
Puma,Churn Risk,VIP Access Sale,354761.61,122,2907.88,513.56,4989.78
Puma,Churn Risk,Weekend Warrior Specials,392351.43,142,2763.04,506.78,4995.92
Puma,Churn Risk,Winter Clearance Carnival,323848.35,121,2676.43,568.92,4910.26
Puma,Churn Risk,Winter Wonders Sale,305001.35,127,2401.59,510.86,4977.17
Puma,Deal Seeker,12 Days of Deals,343001.66,127,2700.80,536.95,4912.21
Puma,Deal Seeker,Autumn Deals Drive,397829.92,143,2782.03,514.37,4975.91
Puma,Deal Seeker,BOGO Blitz,429319.00,153,2806.01,500.97,4997.71
Puma,Deal Seeker,Back to School Boost,369610.87,136,2717.73,527.77,4998.09
Puma,Deal Seeker,Birthday Bash Sale,345695.60,138,2505.04,519.85,4981.93
Puma,Deal Seeker,Black Friday Blowout,400993.48,152,2638.12,554.87,4996.19
Puma,Deal Seeker,Cart Crasher Campaign,316760.44,118,2684.41,531.99,4969.62
Puma,Deal Seeker,Cashback Carnival,304596.69,112,2719.61,519.15,4997.64
Puma,Deal Seeker,Clearance Countdown,369868.19,138,2680.20,536.49,4937.90
Puma,Deal Seeker,Countdown to Savings,367661.27,132,2785.31,500.66,4987.12
Puma,Deal Seeker,Customer Appreciation Week,315965.86,120,2633.05,551.98,4921.51
Puma,Deal Seeker,Cyber Monday Mania,416541.46,139,2996.70,527.15,4977.22
Puma,Deal Seeker,Deal of the Month,396008.80,142,2788.79,566.79,4955.45
Puma,Deal Seeker,Double Points Bonanza,401229.42,134,2994.25,503.93,4978.78
Puma,Deal Seeker,Early Bird Specials,335820.99,127,2644.26,501.96,4972.38
Puma,Deal Seeker,End of Season Sale,387265.60,138,2806.27,529.89,4969.41
Puma,Deal Seeker,Exclusive Insider Offers,382200.14,138,2769.57,516.25,4967.56
Puma,Deal Seeker,Festive Fever Promo,442871.14,158,2802.98,599.81,4979.82
Puma,Deal Seeker,Final Call Frenzy,389973.87,142,2746.29,691.14,4984.99
Puma,Deal Seeker,Flash Frenzy Friday,364841.83,136,2682.66,506.15,4975.75
Puma,Deal Seeker,"Gift More, Spend Less",392419.99,139,2823.17,514.52,4964.50
Puma,Deal Seeker,Golden Hour Bargains,395840.81,141,2807.38,520.41,4996.90
Puma,Deal Seeker,Green Weekend Deals,362618.90,135,2686.07,508.67,4997.63
Puma,Deal Seeker,Happy Hour Discounts,444001.07,154,2883.12,548.71,4936.27
Puma,Deal Seeker,Holiday Shopping Rush,351844.56,129,2727.48,540.55,4956.00
Puma,Deal Seeker,Hot Picks Promo,353095.19,126,2802.34,502.43,4950.20
Puma,Deal Seeker,Instant Gratification Sale,376037.34,144,2611.37,506.16,4969.22
Puma,Deal Seeker,Limited Time Treasures,366805.12,130,2821.58,526.93,4976.63
Puma,Deal Seeker,Loyalty Rewards Blast,444739.23,150,2964.93,538.84,4983.91
Puma,Deal Seeker,Mega Weekend Bonanza,303875.57,104,2921.88,770.22,4964.60
Puma,Deal Seeker,Mid-Year Madness,374965.25,143,2622.13,511.74,4998.69
Puma,Deal Seeker,Midnight Madness,382814.83,132,2900.11,673.87,4996.42
Puma,Deal Seeker,Mystery Discount Days,360055.81,135,2667.08,504.07,4885.26
Puma,Deal Seeker,New Arrival Showcase,412489.91,144,2864.51,522.21,4998.00
Puma,Deal Seeker,New Product Launch Promo,351136.42,126,2786.80,549.91,4988.38
Puma,Deal Seeker,New Year Kickoff,408595.19,140,2918.54,529.24,4965.83
Puma,Deal Seeker,Price Drop Parade,420275.45,153,2746.90,513.72,4979.26
Puma,Deal Seeker,Red Tag Clearance,391929.25,143,2740.76,521.89,4932.66
Puma,Deal Seeker,Seasonal Surprise Box,361529.07,131,2759.76,604.05,4950.52
Puma,Deal Seeker,Shop & Save Spectacular,348045.97,123,2829.64,530.41,4997.56
Puma,Deal Seeker,Smart Shopper Week,323893.53,123,2633.28,533.56,4991.23
Puma,Deal Seeker,Spring Refresh Event,392289.10,141,2782.19,521.71,4987.17
Puma,Deal Seeker,Spring Splash Discounts,356662.72,125,2853.30,522.47,4999.01
Puma,Deal Seeker,Summer Sizzle Promo,374187.48,129,2900.68,528.18,4961.45
Puma,Deal Seeker,Super Savings Week,364884.24,137,2663.39,515.06,4942.49
Puma,Deal Seeker,Ultimate Value Event,378691.36,131,2890.77,500.07,4992.22
Puma,Deal Seeker,VIP Access Sale,404862.96,147,2754.17,552.95,4992.69
Puma,Deal Seeker,Weekend Warrior Specials,429763.02,150,2865.09,538.43,4988.31
Puma,Deal Seeker,Winter Clearance Carnival,371564.82,133,2793.72,506.16,4985.65
Puma,Deal Seeker,Winter Wonders Sale,422910.52,161,2626.77,595.41,4958.44
Puma,First-time Buyer,12 Days of Deals,425234.63,151,2816.12,512.46,4999.40
Puma,First-time Buyer,Autumn Deals Drive,346511.17,127,2728.43,504.68,4990.69
Puma,First-time Buyer,BOGO Blitz,357450.97,131,2728.63,511.07,4976.15
Puma,First-time Buyer,Back to School Boost,376015.03,146,2575.45,508.34,4929.75
Puma,First-time Buyer,Birthday Bash Sale,376526.24,134,2809.90,505.09,4990.75
Puma,First-time Buyer,Black Friday Blowout,388231.28,140,2773.08,536.39,4987.34
Puma,First-time Buyer,Cart Crasher Campaign,353302.37,128,2760.17,515.70,4959.52
Puma,First-time Buyer,Cashback Carnival,380074.93,135,2815.37,519.82,4984.29
Puma,First-time Buyer,Clearance Countdown,354325.94,128,2768.17,522.28,4966.44
Puma,First-time Buyer,Countdown to Savings,334149.96,124,2694.76,539.38,4971.79
Puma,First-time Buyer,Customer Appreciation Week,351361.72,135,2602.68,517.23,4943.52
Puma,First-time Buyer,Cyber Monday Mania,369563.62,133,2778.67,508.24,4955.24
Puma,First-time Buyer,Deal of the Month,391443.97,146,2681.12,511.61,4922.38
Puma,First-time Buyer,Double Points Bonanza,363813.64,124,2933.98,552.94,4841.93
Puma,First-time Buyer,Early Bird Specials,353502.47,129,2740.33,536.49,4953.71
Puma,First-time Buyer,End of Season Sale,359410.53,125,2875.28,502.75,4930.90
Puma,First-time Buyer,Exclusive Insider Offers,376144.61,137,2745.58,539.98,4941.17
Puma,First-time Buyer,Festive Fever Promo,387410.81,143,2709.17,643.79,4979.17
Puma,First-time Buyer,Final Call Frenzy,319463.13,118,2707.31,530.42,4985.10
Puma,First-time Buyer,Flash Frenzy Friday,312839.16,116,2696.89,508.31,4993.42
Puma,First-time Buyer,"Gift More, Spend Less",363305.64,129,2816.32,514.57,4956.44
Puma,First-time Buyer,Golden Hour Bargains,391467.15,145,2699.77,548.40,4836.65
Puma,First-time Buyer,Green Weekend Deals,344810.50,121,2849.67,529.77,4999.98
Puma,First-time Buyer,Happy Hour Discounts,398843.90,145,2750.65,531.76,4979.88
Puma,First-time Buyer,Holiday Shopping Rush,351181.65,134,2620.76,511.21,4960.12
Puma,First-time Buyer,Hot Picks Promo,339124.71,129,2628.87,500.04,4919.22
Puma,First-time Buyer,Instant Gratification Sale,335953.33,122,2753.72,518.33,4938.20
Puma,First-time Buyer,Limited Time Treasures,378255.90,136,2781.29,530.67,4901.72
Puma,First-time Buyer,Loyalty Rewards Blast,314615.26,120,2621.79,579.40,4995.86
Puma,First-time Buyer,Mega Weekend Bonanza,388561.92,132,2943.65,523.76,4975.54
Puma,First-time Buyer,Mid-Year Madness,361938.72,134,2701.04,590.20,4998.11
Puma,First-time Buyer,Midnight Madness,344271.83,131,2628.03,503.57,4972.30
Puma,First-time Buyer,Mystery Discount Days,352661.61,135,2612.31,504.07,4980.68
Puma,First-time Buyer,New Arrival Showcase,407876.37,148,2755.92,506.15,4912.63
Puma,First-time Buyer,New Product Launch Promo,347862.86,125,2782.90,551.19,4916.55
Puma,First-time Buyer,New Year Kickoff,355770.00,128,2779.45,506.01,4994.88
Puma,First-time Buyer,Price Drop Parade,311492.43,122,2553.22,506.95,4991.01
Puma,First-time Buyer,Red Tag Clearance,370171.68,134,2762.48,539.83,4992.97
Puma,First-time Buyer,Seasonal Surprise Box,382507.46,136,2812.55,531.33,4983.26
Puma,First-time Buyer,Shop & Save Spectacular,375938.28,137,2744.08,502.20,4983.08
Puma,First-time Buyer,Smart Shopper Week,342087.87,123,2781.20,571.89,4996.42
Puma,First-time Buyer,Spring Refresh Event,391741.44,141,2778.31,510.28,4991.31
Puma,First-time Buyer,Spring Splash Discounts,316077.38,117,2701.52,525.41,4994.34
Puma,First-time Buyer,Summer Sizzle Promo,330909.51,119,2780.75,563.08,4979.50
Puma,First-time Buyer,Super Savings Week,412797.05,141,2927.64,541.25,4981.53
Puma,First-time Buyer,Ultimate Value Event,353851.70,126,2808.35,557.16,4952.79
Puma,First-time Buyer,VIP Access Sale,400880.58,146,2745.76,528.70,4996.77
Puma,First-time Buyer,Weekend Warrior Specials,317626.56,114,2786.20,524.41,4992.92
Puma,First-time Buyer,Winter Clearance Carnival,419004.67,145,2889.69,516.37,4963.75
Puma,First-time Buyer,Winter Wonders Sale,363636.81,131,2775.85,534.89,4922.23
Puma,High Value,12 Days of Deals,368478.54,132,2791.50,558.59,4987.18
Puma,High Value,Autumn Deals Drive,372567.13,137,2719.47,507.26,4881.88
Puma,High Value,BOGO Blitz,352992.11,134,2634.27,517.84,4977.94
Puma,High Value,Back to School Boost,349310.19,128,2728.99,507.03,4923.95
Puma,High Value,Birthday Bash Sale,430575.92,153,2814.22,503.09,4916.47
Puma,High Value,Black Friday Blowout,372480.36,128,2910.00,734.09,4988.23
Puma,High Value,Cart Crasher Campaign,368615.63,137,2690.63,517.04,4886.45
Puma,High Value,Cashback Carnival,362020.39,130,2784.77,602.21,4984.98
Puma,High Value,Clearance Countdown,338683.29,124,2731.32,540.64,4961.16
Puma,High Value,Countdown to Savings,451050.69,157,2872.93,504.64,4999.61
Puma,High Value,Customer Appreciation Week,386550.26,140,2761.07,546.73,4981.66
Puma,High Value,Cyber Monday Mania,422906.24,153,2764.09,524.72,4977.44
Puma,High Value,Deal of the Month,364456.72,139,2621.99,542.80,4991.35
Puma,High Value,Double Points Bonanza,401041.45,143,2804.49,504.90,4998.01
Puma,High Value,Early Bird Specials,372827.35,136,2741.38,517.50,4860.46
Puma,High Value,End of Season Sale,359823.46,130,2767.87,531.46,4972.92
Puma,High Value,Exclusive Insider Offers,346194.82,127,2725.94,591.59,4979.41
Puma,High Value,Festive Fever Promo,329936.33,116,2844.28,506.40,4967.54
Puma,High Value,Final Call Frenzy,446051.90,159,2805.36,500.03,4983.68
Puma,High Value,Flash Frenzy Friday,379265.44,137,2768.36,581.01,4955.00
Puma,High Value,"Gift More, Spend Less",348147.10,122,2853.66,504.71,4960.65
Puma,High Value,Golden Hour Bargains,361373.10,136,2657.16,562.01,4933.73
Puma,High Value,Green Weekend Deals,375778.94,137,2742.91,517.92,4997.99
Puma,High Value,Happy Hour Discounts,372118.39,130,2862.45,537.80,4990.89
Puma,High Value,Holiday Shopping Rush,358492.96,129,2779.02,514.04,4973.38
Puma,High Value,Hot Picks Promo,382187.14,143,2672.64,530.39,4924.52
Puma,High Value,Instant Gratification Sale,347079.55,127,2732.91,532.13,4988.31
Puma,High Value,Limited Time Treasures,383851.61,147,2611.24,515.15,4970.18
Puma,High Value,Loyalty Rewards Blast,324050.65,117,2769.66,508.40,4988.95
Puma,High Value,Mega Weekend Bonanza,414920.73,144,2881.39,503.43,4982.41
Puma,High Value,Mid-Year Madness,357762.76,137,2611.41,500.82,4997.99
Puma,High Value,Midnight Madness,400028.72,143,2797.40,550.80,4938.29
Puma,High Value,Mystery Discount Days,371119.46,138,2689.27,521.45,4995.75
Puma,High Value,New Arrival Showcase,428003.74,146,2931.53,500.37,4973.37
Puma,High Value,New Product Launch Promo,349537.47,129,2709.59,503.81,4925.13
Puma,High Value,New Year Kickoff,338786.75,130,2606.05,500.45,4950.56
Puma,High Value,Price Drop Parade,385169.40,142,2712.46,549.61,4791.87
Puma,High Value,Red Tag Clearance,379532.98,136,2790.68,530.53,4880.80
Puma,High Value,Seasonal Surprise Box,376535.55,132,2852.54,518.01,4996.14
Puma,High Value,Shop & Save Spectacular,415657.28,150,2771.05,525.84,4896.45
Puma,High Value,Smart Shopper Week,377770.84,142,2660.36,519.29,4917.39
Puma,High Value,Spring Refresh Event,355096.82,140,2536.41,517.03,4969.65
Puma,High Value,Spring Splash Discounts,383871.92,137,2801.98,506.18,4975.22
Puma,High Value,Summer Sizzle Promo,378726.13,145,2611.90,500.10,4998.14
Puma,High Value,Super Savings Week,305790.85,105,2912.29,563.51,4930.92
Puma,High Value,Ultimate Value Event,383024.07,140,2735.89,539.41,4996.51
Puma,High Value,VIP Access Sale,395637.04,141,2805.94,505.32,4970.93
Puma,High Value,Weekend Warrior Specials,401541.60,147,2731.58,508.77,4973.65
Puma,High Value,Winter Clearance Carnival,360721.15,125,2885.77,509.87,4990.30
Puma,High Value,Winter Wonders Sale,296403.45,108,2744.48,557.05,4981.86
Puma,In-Store Regular,12 Days of Deals,352465.17,125,2819.72,586.48,4912.57
Puma,In-Store Regular,Autumn Deals Drive,297616.62,117,2543.73,547.54,4952.75
Puma,In-Store Regular,BOGO Blitz,386208.39,143,2700.76,502.29,4991.71
Puma,In-Store Regular,Back to School Boost,391468.70,141,2776.37,521.39,4998.12
Puma,In-Store Regular,Birthday Bash Sale,440031.99,147,2993.41,581.90,4997.95
Puma,In-Store Regular,Black Friday Blowout,381299.34,145,2629.65,500.74,4953.73
Puma,In-Store Regular,Cart Crasher Campaign,319556.45,125,2556.45,522.71,4942.76
Puma,In-Store Regular,Cashback Carnival,389824.69,137,2845.44,524.14,4993.05
Puma,In-Store Regular,Clearance Countdown,364789.96,144,2533.26,519.06,4953.28
Puma,In-Store Regular,Countdown to Savings,350338.60,138,2538.69,525.93,4929.59
Puma,In-Store Regular,Customer Appreciation Week,297926.10,114,2613.39,548.91,4995.61
Puma,In-Store Regular,Cyber Monday Mania,363508.23,141,2578.07,563.18,4990.14
Puma,In-Store Regular,Deal of the Month,362427.68,138,2626.29,600.33,4999.89
Puma,In-Store Regular,Double Points Bonanza,345331.67,128,2697.90,516.22,4979.34
Puma,In-Store Regular,Early Bird Specials,359408.22,121,2970.32,505.07,4952.71
Puma,In-Store Regular,End of Season Sale,350935.52,125,2807.48,509.20,4963.71
Puma,In-Store Regular,Exclusive Insider Offers,356332.73,133,2679.19,628.88,4998.51
Puma,In-Store Regular,Festive Fever Promo,380181.45,136,2795.45,516.04,4998.89
Puma,In-Store Regular,Final Call Frenzy,321245.74,119,2699.54,566.82,4974.53
Puma,In-Store Regular,Flash Frenzy Friday,327359.54,129,2537.67,512.74,4935.76
Puma,In-Store Regular,"Gift More, Spend Less",461200.00,157,2937.58,518.87,4942.83
Puma,In-Store Regular,Golden Hour Bargains,337702.24,126,2680.18,501.78,4984.15
Puma,In-Store Regular,Green Weekend Deals,383919.63,132,2908.48,618.21,4995.46
Puma,In-Store Regular,Happy Hour Discounts,344747.17,128,2693.34,507.84,4888.67
Puma,In-Store Regular,Holiday Shopping Rush,402713.48,140,2876.52,517.58,4970.59
Puma,In-Store Regular,Hot Picks Promo,430354.66,145,2967.96,519.39,4983.33
Puma,In-Store Regular,Instant Gratification Sale,428224.77,151,2835.93,521.53,4873.38
Puma,In-Store Regular,Limited Time Treasures,324735.30,120,2706.13,516.03,4987.22
Puma,In-Store Regular,Loyalty Rewards Blast,337730.42,122,2768.28,545.30,4903.65
Puma,In-Store Regular,Mega Weekend Bonanza,377354.28,138,2734.45,566.81,4951.45
Puma,In-Store Regular,Mid-Year Madness,407237.29,142,2867.87,575.49,4995.13
Puma,In-Store Regular,Midnight Madness,334605.00,121,2765.33,524.30,4923.65
Puma,In-Store Regular,Mystery Discount Days,331371.19,123,2694.07,506.20,4989.36
Puma,In-Store Regular,New Arrival Showcase,342359.37,127,2695.74,523.91,4984.98
Puma,In-Store Regular,New Product Launch Promo,363887.85,135,2695.47,599.74,4943.13
Puma,In-Store Regular,New Year Kickoff,326165.60,120,2718.05,528.73,4940.54
Puma,In-Store Regular,Price Drop Parade,368251.28,126,2922.63,603.40,4995.16
Puma,In-Store Regular,Red Tag Clearance,355317.76,133,2671.56,542.66,4984.65
Puma,In-Store Regular,Seasonal Surprise Box,348228.02,130,2678.68,537.31,4974.36
Puma,In-Store Regular,Shop & Save Spectacular,414715.91,146,2840.52,516.28,4976.81
Puma,In-Store Regular,Smart Shopper Week,351748.75,132,2664.76,552.33,4990.11
Puma,In-Store Regular,Spring Refresh Event,351113.57,126,2786.62,559.48,4982.29
Puma,In-Store Regular,Spring Splash Discounts,364063.98,136,2676.94,501.80,4989.65
Puma,In-Store Regular,Summer Sizzle Promo,386520.62,135,2863.12,502.54,4985.79
Puma,In-Store Regular,Super Savings Week,395892.59,138,2868.79,540.25,4977.41
Puma,In-Store Regular,Ultimate Value Event,352856.14,128,2756.69,506.31,4985.05
Puma,In-Store Regular,VIP Access Sale,349766.14,131,2669.97,588.90,4953.30
Puma,In-Store Regular,Weekend Warrior Specials,391672.20,141,2777.82,509.15,4992.92
Puma,In-Store Regular,Winter Clearance Carnival,347424.56,132,2632.00,547.35,4974.10
Puma,In-Store Regular,Winter Wonders Sale,365738.91,134,2729.39,523.98,4959.30
Puma,Loyal Customer,12 Days of Deals,413282.01,143,2890.08,519.67,4958.25
Puma,Loyal Customer,Autumn Deals Drive,347573.51,123,2825.80,522.24,4997.04
Puma,Loyal Customer,BOGO Blitz,360169.03,135,2667.92,529.41,4931.86
Puma,Loyal Customer,Back to School Boost,356503.67,137,2602.22,528.66,4933.75
Puma,Loyal Customer,Birthday Bash Sale,365020.92,136,2683.98,528.92,4980.67
Puma,Loyal Customer,Black Friday Blowout,348840.91,134,2603.29,541.21,4932.58
Puma,Loyal Customer,Cart Crasher Campaign,311058.36,119,2613.94,519.31,4986.87
Puma,Loyal Customer,Cashback Carnival,407365.21,154,2645.23,509.05,4964.81
Puma,Loyal Customer,Clearance Countdown,373495.87,148,2523.62,513.98,4990.06
Puma,Loyal Customer,Countdown to Savings,345396.00,126,2741.24,507.32,4996.57
Puma,Loyal Customer,Customer Appreciation Week,333003.62,121,2752.10,656.93,4984.83
Puma,Loyal Customer,Cyber Monday Mania,383819.32,135,2843.11,585.19,4984.72
Puma,Loyal Customer,Deal of the Month,331052.94,114,2903.97,509.66,4932.57
Puma,Loyal Customer,Double Points Bonanza,390626.10,146,2675.52,525.55,4907.43
Puma,Loyal Customer,Early Bird Specials,413339.82,157,2632.74,537.46,4978.55
Puma,Loyal Customer,End of Season Sale,319197.18,117,2728.18,567.50,4928.35
Puma,Loyal Customer,Exclusive Insider Offers,427101.97,147,2905.46,567.04,4992.49
Puma,Loyal Customer,Festive Fever Promo,336519.87,136,2474.41,510.80,4926.13
Puma,Loyal Customer,Final Call Frenzy,404937.47,141,2871.90,539.58,4987.28
Puma,Loyal Customer,Flash Frenzy Friday,316238.45,125,2529.91,518.09,4886.59
Puma,Loyal Customer,"Gift More, Spend Less",381642.36,142,2687.62,547.42,4997.42
Puma,Loyal Customer,Golden Hour Bargains,365327.31,137,2666.62,513.18,4989.95
Puma,Loyal Customer,Green Weekend Deals,353392.26,124,2849.94,548.28,4995.36
Puma,Loyal Customer,Happy Hour Discounts,384705.71,149,2581.92,516.34,4981.80
Puma,Loyal Customer,Holiday Shopping Rush,367864.40,129,2851.66,503.52,4963.46
Puma,Loyal Customer,Hot Picks Promo,382300.51,134,2852.99,510.77,4967.42
Puma,Loyal Customer,Instant Gratification Sale,347007.12,129,2689.98,553.78,4904.24
Puma,Loyal Customer,Limited Time Treasures,327101.07,118,2772.04,532.47,4988.87
Puma,Loyal Customer,Loyalty Rewards Blast,364631.97,140,2604.51,560.04,4982.62
Puma,Loyal Customer,Mega Weekend Bonanza,381176.60,136,2802.77,558.28,4995.44
Puma,Loyal Customer,Mid-Year Madness,359567.59,127,2831.24,528.33,4967.89
Puma,Loyal Customer,Midnight Madness,416528.35,148,2814.38,510.11,4995.53
Puma,Loyal Customer,Mystery Discount Days,371789.72,133,2795.41,553.99,4972.19
Puma,Loyal Customer,New Arrival Showcase,381848.99,139,2747.12,511.56,4975.47
Puma,Loyal Customer,New Product Launch Promo,382015.22,135,2829.74,581.13,4994.43
Puma,Loyal Customer,New Year Kickoff,383228.07,137,2797.29,522.90,4994.72
Puma,Loyal Customer,Price Drop Parade,347332.63,127,2734.90,573.62,4999.68
Puma,Loyal Customer,Red Tag Clearance,312660.20,129,2423.72,502.12,4991.35
Puma,Loyal Customer,Seasonal Surprise Box,361893.56,128,2827.29,503.60,4996.71
Puma,Loyal Customer,Shop & Save Spectacular,332748.58,119,2796.21,500.18,4984.32
Puma,Loyal Customer,Smart Shopper Week,398303.61,149,2673.18,516.12,4945.99
Puma,Loyal Customer,Spring Refresh Event,381352.84,143,2666.80,521.71,4946.77
Puma,Loyal Customer,Spring Splash Discounts,306958.92,113,2716.45,534.12,4955.35
Puma,Loyal Customer,Summer Sizzle Promo,421705.39,141,2990.82,542.44,4947.52
Puma,Loyal Customer,Super Savings Week,374414.75,132,2836.48,527.66,4972.81
Puma,Loyal Customer,Ultimate Value Event,338685.18,128,2645.98,503.10,4961.87
Puma,Loyal Customer,VIP Access Sale,320552.25,115,2787.41,507.72,4965.18
Puma,Loyal Customer,Weekend Warrior Specials,363071.27,142,2556.84,548.83,4993.66
Puma,Loyal Customer,Winter Clearance Carnival,302261.09,104,2906.36,505.00,4955.92
Puma,Loyal Customer,Winter Wonders Sale,356231.13,128,2783.06,513.88,4993.15
Puma,Occasional Shopper,12 Days of Deals,364132.15,131,2779.63,559.51,4921.67
Puma,Occasional Shopper,Autumn Deals Drive,365348.39,131,2788.92,510.00,4977.29
Puma,Occasional Shopper,BOGO Blitz,374429.27,136,2753.16,535.51,4967.16
Puma,Occasional Shopper,Back to School Boost,355574.49,128,2777.93,517.34,4981.70
Puma,Occasional Shopper,Birthday Bash Sale,399060.91,144,2771.26,542.61,4942.66
Puma,Occasional Shopper,Black Friday Blowout,330691.58,128,2583.53,513.30,4975.46
Puma,Occasional Shopper,Cart Crasher Campaign,399651.61,149,2682.23,535.70,4993.76
Puma,Occasional Shopper,Cashback Carnival,320207.71,119,2690.82,502.29,4896.63
Puma,Occasional Shopper,Clearance Countdown,406007.26,151,2688.79,530.27,4989.35
Puma,Occasional Shopper,Countdown to Savings,346650.95,125,2773.21,616.05,4973.99
Puma,Occasional Shopper,Customer Appreciation Week,454115.47,153,2968.07,510.90,4959.16
Puma,Occasional Shopper,Cyber Monday Mania,376925.56,141,2673.23,530.66,4985.00
Puma,Occasional Shopper,Deal of the Month,336662.28,124,2715.02,502.57,4982.04
Puma,Occasional Shopper,Double Points Bonanza,393100.10,149,2638.26,516.41,4996.75
Puma,Occasional Shopper,Early Bird Specials,392514.03,138,2844.30,614.86,4935.71
Puma,Occasional Shopper,End of Season Sale,341996.04,122,2803.25,505.12,4944.07
Puma,Occasional Shopper,Exclusive Insider Offers,401062.19,139,2885.34,554.92,4998.46
Puma,Occasional Shopper,Festive Fever Promo,375901.33,132,2847.74,503.81,4919.59
Puma,Occasional Shopper,Final Call Frenzy,351587.58,124,2835.38,505.58,4916.22
Puma,Occasional Shopper,Flash Frenzy Friday,365618.85,129,2834.25,504.62,4913.48
Puma,Occasional Shopper,"Gift More, Spend Less",382200.53,135,2831.12,510.02,4986.61
Puma,Occasional Shopper,Golden Hour Bargains,409070.95,155,2639.17,555.39,4994.72
Puma,Occasional Shopper,Green Weekend Deals,374694.30,133,2817.25,504.95,4988.06
Puma,Occasional Shopper,Happy Hour Discounts,347786.21,131,2654.86,518.62,4993.63
Puma,Occasional Shopper,Holiday Shopping Rush,456216.69,162,2816.15,511.70,4988.49
Puma,Occasional Shopper,Hot Picks Promo,342839.74,124,2764.84,533.24,4996.43
Puma,Occasional Shopper,Instant Gratification Sale,417039.62,148,2817.84,500.41,4853.91
Puma,Occasional Shopper,Limited Time Treasures,390491.79,134,2914.12,544.24,4983.32
Puma,Occasional Shopper,Loyalty Rewards Blast,365746.69,134,2729.45,511.31,4981.91
Puma,Occasional Shopper,Mega Weekend Bonanza,383223.36,132,2903.21,527.22,4905.11
Puma,Occasional Shopper,Mid-Year Madness,403256.87,148,2724.71,566.70,4981.58
Puma,Occasional Shopper,Midnight Madness,376792.17,137,2750.31,512.66,4997.93
Puma,Occasional Shopper,Mystery Discount Days,335552.80,123,2728.07,562.31,4961.90
Puma,Occasional Shopper,New Arrival Showcase,341953.36,136,2514.36,520.74,4988.35
Puma,Occasional Shopper,New Product Launch Promo,397360.85,133,2987.68,582.69,4993.05
Puma,Occasional Shopper,New Year Kickoff,408276.04,142,2875.18,503.74,4906.45
Puma,Occasional Shopper,Price Drop Parade,352042.17,130,2708.02,546.96,4985.83
Puma,Occasional Shopper,Red Tag Clearance,320833.47,118,2718.93,504.14,4997.50
Puma,Occasional Shopper,Seasonal Surprise Box,402878.76,140,2877.71,522.11,4980.70
Puma,Occasional Shopper,Shop & Save Spectacular,329208.00,113,2913.35,503.87,4995.89
Puma,Occasional Shopper,Smart Shopper Week,427001.30,155,2754.85,536.44,4964.13
Puma,Occasional Shopper,Spring Refresh Event,314901.94,121,2602.50,502.39,4982.97
Puma,Occasional Shopper,Spring Splash Discounts,368175.17,134,2747.58,513.31,4943.96
Puma,Occasional Shopper,Summer Sizzle Promo,320302.15,115,2785.24,517.45,4908.12
Puma,Occasional Shopper,Super Savings Week,371086.59,136,2728.58,513.97,4983.64
Puma,Occasional Shopper,Ultimate Value Event,365624.22,127,2878.93,522.99,4994.01
Puma,Occasional Shopper,VIP Access Sale,424767.12,154,2758.23,538.95,4932.83
Puma,Occasional Shopper,Weekend Warrior Specials,415189.41,157,2644.52,550.95,4966.25
Puma,Occasional Shopper,Winter Clearance Carnival,352420.22,140,2517.29,532.81,4993.54
Puma,Occasional Shopper,Winter Wonders Sale,399164.92,151,2643.48,530.36,4991.15
Puma,Online Shopper,12 Days of Deals,389107.37,148,2629.10,537.72,4966.10
Puma,Online Shopper,Autumn Deals Drive,326447.29,121,2697.91,547.31,4949.27
Puma,Online Shopper,BOGO Blitz,372109.82,136,2736.10,516.01,4840.34
Puma,Online Shopper,Back to School Boost,339286.66,123,2758.43,510.27,4967.84
Puma,Online Shopper,Birthday Bash Sale,409355.65,143,2862.63,513.78,4984.92
Puma,Online Shopper,Black Friday Blowout,342462.01,132,2594.41,559.94,4975.82
Puma,Online Shopper,Cart Crasher Campaign,382802.63,144,2658.35,513.92,4993.73
Puma,Online Shopper,Cashback Carnival,313567.51,116,2703.17,529.15,4769.39
Puma,Online Shopper,Clearance Countdown,427652.76,155,2759.05,513.63,4861.53
Puma,Online Shopper,Countdown to Savings,379860.72,147,2584.09,564.37,4980.65
Puma,Online Shopper,Customer Appreciation Week,404704.56,150,2698.03,503.51,4917.56
Puma,Online Shopper,Cyber Monday Mania,372753.94,140,2662.53,509.87,4992.50
Puma,Online Shopper,Deal of the Month,355243.30,127,2797.19,515.53,4999.45
Puma,Online Shopper,Double Points Bonanza,378223.00,137,2760.75,517.96,4993.64
Puma,Online Shopper,Early Bird Specials,409507.03,154,2659.14,506.81,4926.50
Puma,Online Shopper,End of Season Sale,408358.78,144,2835.82,505.96,4930.32
Puma,Online Shopper,Exclusive Insider Offers,306830.12,111,2764.24,513.77,4922.89
Puma,Online Shopper,Festive Fever Promo,407171.83,146,2788.85,503.49,4991.31
Puma,Online Shopper,Final Call Frenzy,372080.87,134,2776.72,604.63,4980.12
Puma,Online Shopper,Flash Frenzy Friday,343104.50,131,2619.12,517.65,4901.89
Puma,Online Shopper,"Gift More, Spend Less",388502.13,141,2755.33,538.73,4973.29
Puma,Online Shopper,Golden Hour Bargains,356263.85,126,2827.49,517.29,4979.47
Puma,Online Shopper,Green Weekend Deals,334556.75,116,2884.11,527.64,4991.70
Puma,Online Shopper,Happy Hour Discounts,365294.15,139,2628.02,503.61,4999.78
Puma,Online Shopper,Holiday Shopping Rush,381004.14,143,2664.36,505.46,4993.01
Puma,Online Shopper,Hot Picks Promo,377319.68,137,2754.16,537.27,4955.98
Puma,Online Shopper,Instant Gratification Sale,370969.10,133,2789.24,526.64,4925.60
Puma,Online Shopper,Limited Time Treasures,369144.00,142,2599.61,524.48,4906.02
Puma,Online Shopper,Loyalty Rewards Blast,331412.64,122,2716.50,525.17,4979.86
Puma,Online Shopper,Mega Weekend Bonanza,402760.00,143,2816.50,533.63,4989.73
Puma,Online Shopper,Mid-Year Madness,381897.73,138,2767.37,530.80,4877.38
Puma,Online Shopper,Midnight Madness,310431.01,119,2608.66,630.85,4957.49
Puma,Online Shopper,Mystery Discount Days,376391.21,136,2767.58,500.04,4962.36
Puma,Online Shopper,New Arrival Showcase,328700.54,119,2762.19,504.11,4994.48
Puma,Online Shopper,New Product Launch Promo,401291.31,139,2886.99,510.50,4941.03
Puma,Online Shopper,New Year Kickoff,390497.83,146,2674.64,535.91,4986.73
Puma,Online Shopper,Price Drop Parade,342797.33,130,2636.90,504.82,4997.22
Puma,Online Shopper,Red Tag Clearance,325240.88,116,2803.80,592.56,4990.12
Puma,Online Shopper,Seasonal Surprise Box,367997.74,135,2725.91,505.17,4982.48
Puma,Online Shopper,Shop & Save Spectacular,370456.11,127,2916.98,505.73,4989.36
Puma,Online Shopper,Smart Shopper Week,307232.50,109,2818.65,509.78,4995.81
Puma,Online Shopper,Spring Refresh Event,409981.57,142,2887.19,635.88,4965.65
Puma,Online Shopper,Spring Splash Discounts,370811.99,124,2990.42,500.66,4940.69
Puma,Online Shopper,Summer Sizzle Promo,345412.03,125,2763.30,507.53,4988.81
Puma,Online Shopper,Super Savings Week,308957.55,110,2808.70,518.09,4964.73
Puma,Online Shopper,Ultimate Value Event,357456.67,136,2628.36,533.40,4953.25
Puma,Online Shopper,VIP Access Sale,368437.90,139,2650.63,505.21,4974.47
Puma,Online Shopper,Weekend Warrior Specials,434104.42,147,2953.09,540.17,4998.52
Puma,Online Shopper,Winter Clearance Carnival,300207.90,110,2729.16,504.78,4893.35
Puma,Online Shopper,Winter Wonders Sale,349726.21,128,2732.24,562.27,4908.03
Puma,Premium Shopper,12 Days of Deals,396532.06,138,2873.42,502.77,4967.28
Puma,Premium Shopper,Autumn Deals Drive,327832.00,122,2687.15,617.10,4899.06
Puma,Premium Shopper,BOGO Blitz,339932.77,128,2655.72,525.03,4986.87
Puma,Premium Shopper,Back to School Boost,395559.58,141,2805.39,576.38,4953.05
Puma,Premium Shopper,Birthday Bash Sale,421584.08,138,3054.96,567.94,4993.14
Puma,Premium Shopper,Black Friday Blowout,401846.56,147,2733.65,505.64,4967.10
Puma,Premium Shopper,Cart Crasher Campaign,396457.17,140,2831.84,513.28,4996.89
Puma,Premium Shopper,Cashback Carnival,359610.71,129,2787.68,508.13,4985.43
Puma,Premium Shopper,Clearance Countdown,355210.23,125,2841.68,501.13,4985.37
Puma,Premium Shopper,Countdown to Savings,399397.58,140,2852.84,532.79,4995.70
Puma,Premium Shopper,Customer Appreciation Week,356388.20,135,2639.91,555.52,4998.60
Puma,Premium Shopper,Cyber Monday Mania,428696.29,149,2877.16,599.85,4975.65
Puma,Premium Shopper,Deal of the Month,387201.65,141,2746.11,526.39,4978.77
Puma,Premium Shopper,Double Points Bonanza,331870.49,127,2613.15,561.59,4917.82
Puma,Premium Shopper,Early Bird Specials,334137.77,125,2673.10,519.66,4979.29
Puma,Premium Shopper,End of Season Sale,380737.65,127,2997.93,505.48,4997.08
Puma,Premium Shopper,Exclusive Insider Offers,409804.99,150,2732.03,500.07,4978.62
Puma,Premium Shopper,Festive Fever Promo,360490.32,127,2838.51,556.71,4968.13
Puma,Premium Shopper,Final Call Frenzy,323996.34,127,2551.15,510.32,4961.36
Puma,Premium Shopper,Flash Frenzy Friday,286323.02,110,2602.94,504.35,4988.12
Puma,Premium Shopper,"Gift More, Spend Less",361885.71,134,2700.64,510.81,4988.67
Puma,Premium Shopper,Golden Hour Bargains,331143.77,124,2670.51,538.46,4851.40
Puma,Premium Shopper,Green Weekend Deals,431843.27,161,2682.26,515.41,4959.69
Puma,Premium Shopper,Happy Hour Discounts,321589.79,129,2492.94,526.25,4973.67
Puma,Premium Shopper,Holiday Shopping Rush,339816.45,125,2718.53,570.89,4997.57
Puma,Premium Shopper,Hot Picks Promo,333486.86,121,2756.09,535.12,4972.20
Puma,Premium Shopper,Instant Gratification Sale,360431.04,133,2710.01,537.35,4917.70
Puma,Premium Shopper,Limited Time Treasures,387430.44,143,2709.30,509.04,4917.48
Puma,Premium Shopper,Loyalty Rewards Blast,289952.28,105,2761.45,580.52,4945.46
Puma,Premium Shopper,Mega Weekend Bonanza,336902.07,118,2855.10,569.80,4993.01
Puma,Premium Shopper,Mid-Year Madness,351033.79,130,2700.26,533.67,4954.28
Puma,Premium Shopper,Midnight Madness,376286.52,136,2766.81,514.18,4993.54
Puma,Premium Shopper,Mystery Discount Days,343485.57,127,2704.61,553.65,4981.08
Puma,Premium Shopper,New Arrival Showcase,301288.26,114,2642.88,568.48,4971.44
Puma,Premium Shopper,New Product Launch Promo,346317.48,129,2684.63,538.90,4967.60
Puma,Premium Shopper,New Year Kickoff,376402.39,126,2987.32,511.03,4956.24
Puma,Premium Shopper,Price Drop Parade,338325.60,121,2796.08,550.15,4996.80
Puma,Premium Shopper,Red Tag Clearance,354719.21,134,2647.16,515.16,4929.74
Puma,Premium Shopper,Seasonal Surprise Box,288556.74,108,2671.82,545.74,4986.54
Puma,Premium Shopper,Shop & Save Spectacular,401417.67,141,2846.93,567.31,4911.99
Puma,Premium Shopper,Smart Shopper Week,341280.00,120,2844.00,551.07,4997.07
Puma,Premium Shopper,Spring Refresh Event,428654.60,153,2801.66,502.50,4964.08
Puma,Premium Shopper,Spring Splash Discounts,364394.06,137,2659.81,545.53,4987.61
Puma,Premium Shopper,Summer Sizzle Promo,323987.16,116,2792.99,500.81,4997.06
Puma,Premium Shopper,Super Savings Week,357677.18,140,2554.84,536.27,4939.66
Puma,Premium Shopper,Ultimate Value Event,299038.68,108,2768.88,508.15,4980.83
Puma,Premium Shopper,VIP Access Sale,417472.37,149,2801.83,501.68,4995.80
Puma,Premium Shopper,Weekend Warrior Specials,392789.99,137,2867.08,608.14,4995.02
Puma,Premium Shopper,Winter Clearance Carnival,375434.55,129,2910.35,512.66,4986.12
Puma,Premium Shopper,Winter Wonders Sale,369451.66,133,2777.83,505.91,4985.90
Reebok,Budget Shopper,12 Days of Deals,163192.97,59,2765.98,623.29,4998.61
Reebok,Budget Shopper,Autumn Deals Drive,181788.98,63,2885.54,500.04,4994.50
Reebok,Budget Shopper,BOGO Blitz,140166.84,55,2548.49,558.51,4916.98
Reebok,Budget Shopper,Back to School Boost,158737.15,60,2645.62,564.50,4952.63
Reebok,Budget Shopper,Birthday Bash Sale,182233.45,72,2531.02,589.27,4852.01
Reebok,Budget Shopper,Black Friday Blowout,220185.40,81,2718.34,585.56,4988.09
Reebok,Budget Shopper,Cart Crasher Campaign,186195.40,69,2698.48,657.19,4909.58
Reebok,Budget Shopper,Cashback Carnival,201241.90,70,2874.88,509.18,4990.45
Reebok,Budget Shopper,Clearance Countdown,152957.79,57,2683.47,533.95,4972.69
Reebok,Budget Shopper,Countdown to Savings,150901.24,60,2515.02,573.16,4815.55
Reebok,Budget Shopper,Customer Appreciation Week,149873.04,61,2456.94,561.15,4878.64
Reebok,Budget Shopper,Cyber Monday Mania,135839.83,55,2469.82,556.61,4949.00
Reebok,Budget Shopper,Deal of the Month,199229.06,74,2692.28,510.28,4975.20
Reebok,Budget Shopper,Double Points Bonanza,180252.43,61,2954.96,554.38,4994.46
Reebok,Budget Shopper,Early Bird Specials,182159.18,71,2565.62,523.47,4913.08
Reebok,Budget Shopper,End of Season Sale,195081.37,71,2747.62,533.77,4972.42
Reebok,Budget Shopper,Exclusive Insider Offers,177704.05,58,3063.86,506.05,4942.49
Reebok,Budget Shopper,Festive Fever Promo,171455.12,63,2721.51,667.16,4911.17
Reebok,Budget Shopper,Final Call Frenzy,180131.71,63,2859.23,506.47,4943.92
Reebok,Budget Shopper,Flash Frenzy Friday,200024.47,72,2778.12,507.52,4996.39
Reebok,Budget Shopper,"Gift More, Spend Less",200556.48,72,2785.51,517.32,4934.44
Reebok,Budget Shopper,Golden Hour Bargains,178810.90,66,2709.26,563.91,4955.41
Reebok,Budget Shopper,Green Weekend Deals,178562.42,66,2705.49,500.26,4735.23
Reebok,Budget Shopper,Happy Hour Discounts,173116.26,69,2508.93,512.26,4946.78
Reebok,Budget Shopper,Holiday Shopping Rush,190130.78,73,2604.53,588.47,4934.16
Reebok,Budget Shopper,Hot Picks Promo,194307.14,67,2900.11,599.46,4965.52
Reebok,Budget Shopper,Instant Gratification Sale,178222.73,63,2828.93,514.04,4941.51
Reebok,Budget Shopper,Limited Time Treasures,201390.94,66,3051.38,527.26,4966.67
Reebok,Budget Shopper,Loyalty Rewards Blast,187743.80,65,2888.37,630.25,4884.17
Reebok,Budget Shopper,Mega Weekend Bonanza,205892.56,70,2941.32,567.55,4965.32
Reebok,Budget Shopper,Mid-Year Madness,168899.81,65,2598.46,549.70,4961.71
Reebok,Budget Shopper,Midnight Madness,148719.79,60,2478.66,532.37,4968.43
Reebok,Budget Shopper,Mystery Discount Days,147750.02,58,2547.41,543.53,4942.33
Reebok,Budget Shopper,New Arrival Showcase,157021.32,57,2754.76,660.87,4983.84
Reebok,Budget Shopper,New Product Launch Promo,228793.45,83,2756.55,590.63,4969.36
Reebok,Budget Shopper,New Year Kickoff,187951.58,62,3031.48,529.55,4996.08
Reebok,Budget Shopper,Price Drop Parade,177025.77,62,2855.25,730.38,4971.71
Reebok,Budget Shopper,Red Tag Clearance,175176.39,62,2825.43,551.10,4945.84
Reebok,Budget Shopper,Seasonal Surprise Box,157165.57,64,2455.71,501.12,4876.39
Reebok,Budget Shopper,Shop & Save Spectacular,191885.50,64,2998.21,846.74,4961.03
Reebok,Budget Shopper,Smart Shopper Week,143898.96,51,2821.55,500.78,4760.12
Reebok,Budget Shopper,Spring Refresh Event,200422.85,73,2745.52,507.06,4903.05
Reebok,Budget Shopper,Spring Splash Discounts,191478.07,69,2775.04,530.40,4991.74
Reebok,Budget Shopper,Summer Sizzle Promo,186075.54,68,2736.41,525.91,4975.14
Reebok,Budget Shopper,Super Savings Week,154712.37,61,2536.27,532.78,4802.23
Reebok,Budget Shopper,Ultimate Value Event,227705.11,76,2996.12,630.29,4951.39
Reebok,Budget Shopper,VIP Access Sale,183382.05,67,2737.05,650.79,4950.87
Reebok,Budget Shopper,Weekend Warrior Specials,195352.10,71,2751.44,510.29,4957.41
Reebok,Budget Shopper,Winter Clearance Carnival,203437.85,71,2865.32,650.23,4967.25
Reebok,Budget Shopper,Winter Wonders Sale,211246.10,76,2779.55,508.42,4847.26
Reebok,Churn Risk,12 Days of Deals,196651.43,66,2979.57,542.34,4935.83
Reebok,Churn Risk,Autumn Deals Drive,179194.90,61,2937.62,560.91,4975.72
Reebok,Churn Risk,BOGO Blitz,167254.87,64,2613.36,604.57,4939.72
Reebok,Churn Risk,Back to School Boost,204253.90,69,2960.20,601.26,4993.57
Reebok,Churn Risk,Birthday Bash Sale,184504.62,70,2635.78,541.76,4990.08
Reebok,Churn Risk,Black Friday Blowout,163657.31,57,2871.18,569.96,4952.20
Reebok,Churn Risk,Cart Crasher Campaign,217945.42,73,2985.55,589.08,4995.24
Reebok,Churn Risk,Cashback Carnival,185177.18,73,2536.67,549.38,4972.33
Reebok,Churn Risk,Clearance Countdown,201654.24,78,2585.31,572.29,4855.59
Reebok,Churn Risk,Countdown to Savings,192633.18,71,2713.14,506.58,4995.99
Reebok,Churn Risk,Customer Appreciation Week,234991.89,76,3092.00,603.44,4997.68
Reebok,Churn Risk,Cyber Monday Mania,242801.60,90,2697.80,521.82,4913.41
Reebok,Churn Risk,Deal of the Month,227495.65,81,2808.59,529.43,4965.45
Reebok,Churn Risk,Double Points Bonanza,242488.80,83,2921.55,521.66,4983.68
Reebok,Churn Risk,Early Bird Specials,202635.15,69,2936.74,614.57,4921.39
Reebok,Churn Risk,End of Season Sale,175030.48,64,2734.85,705.48,4985.42
Reebok,Churn Risk,Exclusive Insider Offers,151705.75,55,2758.29,575.78,4940.92
Reebok,Churn Risk,Festive Fever Promo,174237.91,69,2525.19,506.83,4998.24
Reebok,Churn Risk,Final Call Frenzy,179042.30,72,2486.70,543.66,4943.23
Reebok,Churn Risk,Flash Frenzy Friday,184305.08,66,2792.50,606.49,4921.65
Reebok,Churn Risk,"Gift More, Spend Less",214205.69,72,2975.08,572.55,4934.57
Reebok,Churn Risk,Golden Hour Bargains,166605.96,59,2823.83,522.30,4900.87
Reebok,Churn Risk,Green Weekend Deals,202236.74,70,2889.10,588.25,4987.89
Reebok,Churn Risk,Happy Hour Discounts,200149.55,77,2599.34,540.53,4995.06
Reebok,Churn Risk,Holiday Shopping Rush,203012.29,76,2671.21,542.50,4886.59
Reebok,Churn Risk,Hot Picks Promo,169927.87,59,2880.13,517.08,4978.08
Reebok,Churn Risk,Instant Gratification Sale,156307.83,62,2521.09,534.60,4948.61
Reebok,Churn Risk,Limited Time Treasures,198976.15,75,2653.02,730.59,4947.10
Reebok,Churn Risk,Loyalty Rewards Blast,180562.45,66,2735.79,525.16,4864.93
Reebok,Churn Risk,Mega Weekend Bonanza,171793.21,60,2863.22,514.29,4879.51
Reebok,Churn Risk,Mid-Year Madness,244236.15,80,3052.95,545.44,4980.88
Reebok,Churn Risk,Midnight Madness,194440.78,83,2342.66,550.58,4919.41
Reebok,Churn Risk,Mystery Discount Days,177193.77,63,2812.60,583.36,4889.24
Reebok,Churn Risk,New Arrival Showcase,184590.91,71,2599.87,509.29,4921.69
Reebok,Churn Risk,New Product Launch Promo,194097.83,69,2813.01,514.75,4935.20
Reebok,Churn Risk,New Year Kickoff,241392.17,91,2652.66,597.70,4959.02
Reebok,Churn Risk,Price Drop Parade,178231.39,66,2700.48,604.17,4923.95
Reebok,Churn Risk,Red Tag Clearance,202775.08,72,2816.32,550.80,4960.29
Reebok,Churn Risk,Seasonal Surprise Box,185770.72,66,2814.71,726.92,4919.44
Reebok,Churn Risk,Shop & Save Spectacular,198525.31,72,2757.30,506.24,4931.64
Reebok,Churn Risk,Smart Shopper Week,225056.71,86,2616.94,506.78,4964.03
Reebok,Churn Risk,Spring Refresh Event,175254.25,61,2873.02,565.23,4945.64
Reebok,Churn Risk,Spring Splash Discounts,171423.29,68,2520.93,656.28,4953.78
Reebok,Churn Risk,Summer Sizzle Promo,185414.74,74,2505.60,558.49,4866.17
Reebok,Churn Risk,Super Savings Week,255686.78,80,3196.08,540.96,4960.22
Reebok,Churn Risk,Ultimate Value Event,141310.96,57,2479.14,510.65,4977.44
Reebok,Churn Risk,VIP Access Sale,175252.03,63,2781.78,661.97,4920.07
Reebok,Churn Risk,Weekend Warrior Specials,175545.42,64,2742.90,506.11,4939.77
Reebok,Churn Risk,Winter Clearance Carnival,210546.06,71,2965.44,620.68,4905.68
Reebok,Churn Risk,Winter Wonders Sale,189497.84,67,2828.33,572.87,4980.40
Reebok,Deal Seeker,12 Days of Deals,165690.67,59,2808.32,549.61,4989.91
Reebok,Deal Seeker,Autumn Deals Drive,193467.98,68,2845.12,603.63,4996.48
Reebok,Deal Seeker,BOGO Blitz,149533.72,62,2411.83,576.74,4980.69
Reebok,Deal Seeker,Back to School Boost,148084.61,61,2427.62,505.03,4999.33
Reebok,Deal Seeker,Birthday Bash Sale,206312.27,76,2714.64,517.17,4988.75
Reebok,Deal Seeker,Black Friday Blowout,229905.71,82,2803.73,550.16,4994.38
Reebok,Deal Seeker,Cart Crasher Campaign,182675.87,67,2726.51,601.89,4865.95
Reebok,Deal Seeker,Cashback Carnival,187958.25,59,3185.73,509.40,4970.35
Reebok,Deal Seeker,Clearance Countdown,186096.25,72,2584.67,505.38,4980.70
Reebok,Deal Seeker,Countdown to Savings,165428.87,64,2584.83,563.97,4961.36
Reebok,Deal Seeker,Customer Appreciation Week,184413.34,68,2711.96,597.80,4914.27
Reebok,Deal Seeker,Cyber Monday Mania,217951.97,75,2906.03,543.41,4997.82
Reebok,Deal Seeker,Deal of the Month,133376.68,60,2222.94,515.58,4936.92
Reebok,Deal Seeker,Double Points Bonanza,183885.95,71,2589.94,531.23,4944.72
Reebok,Deal Seeker,Early Bird Specials,158323.60,59,2683.45,547.60,4973.45
Reebok,Deal Seeker,End of Season Sale,196806.66,74,2659.55,552.10,4963.68
Reebok,Deal Seeker,Exclusive Insider Offers,162157.95,58,2795.83,508.46,4994.27
Reebok,Deal Seeker,Festive Fever Promo,153158.21,56,2734.97,606.14,4841.39
Reebok,Deal Seeker,Final Call Frenzy,219835.77,79,2782.73,539.55,4972.48
Reebok,Deal Seeker,Flash Frenzy Friday,220324.31,78,2824.67,645.06,4988.82
Reebok,Deal Seeker,"Gift More, Spend Less",164440.20,62,2652.26,632.70,4917.35
Reebok,Deal Seeker,Golden Hour Bargains,158611.86,56,2832.35,515.47,4993.17
Reebok,Deal Seeker,Green Weekend Deals,137586.00,53,2595.96,609.00,4998.01
Reebok,Deal Seeker,Happy Hour Discounts,214744.73,72,2982.57,529.96,4975.35
Reebok,Deal Seeker,Holiday Shopping Rush,160189.83,62,2583.71,627.84,4961.08
Reebok,Deal Seeker,Hot Picks Promo,209236.95,72,2906.07,528.21,4982.03
Reebok,Deal Seeker,Instant Gratification Sale,212707.56,82,2593.99,526.22,4927.19
Reebok,Deal Seeker,Limited Time Treasures,205119.50,73,2809.86,502.11,4925.41
Reebok,Deal Seeker,Loyalty Rewards Blast,163036.04,62,2629.61,530.92,4934.70
Reebok,Deal Seeker,Mega Weekend Bonanza,182283.05,66,2761.86,508.48,4959.06
Reebok,Deal Seeker,Mid-Year Madness,187262.84,65,2880.97,624.84,4966.81
Reebok,Deal Seeker,Midnight Madness,185073.53,65,2847.29,524.44,4973.85
Reebok,Deal Seeker,Mystery Discount Days,229128.53,82,2794.25,506.07,4984.10
Reebok,Deal Seeker,New Arrival Showcase,177690.32,67,2652.09,606.26,4967.08
Reebok,Deal Seeker,New Product Launch Promo,165572.38,59,2806.31,679.40,4999.30
Reebok,Deal Seeker,New Year Kickoff,181220.52,77,2353.51,503.09,4982.59
Reebok,Deal Seeker,Price Drop Parade,192192.06,69,2785.39,706.80,4928.47
Reebok,Deal Seeker,Red Tag Clearance,197399.95,69,2860.87,580.97,4958.93
Reebok,Deal Seeker,Seasonal Surprise Box,206080.45,75,2747.74,551.74,4922.60
Reebok,Deal Seeker,Shop & Save Spectacular,176588.39,63,2802.99,556.21,4959.60
Reebok,Deal Seeker,Smart Shopper Week,160146.16,62,2583.00,509.40,4911.25
Reebok,Deal Seeker,Spring Refresh Event,226267.53,88,2571.22,533.06,4819.67
Reebok,Deal Seeker,Spring Splash Discounts,195148.24,73,2673.26,560.21,4811.86
Reebok,Deal Seeker,Summer Sizzle Promo,204583.68,82,2494.92,504.14,4986.48
Reebok,Deal Seeker,Super Savings Week,146473.33,50,2929.47,663.53,4973.55
Reebok,Deal Seeker,Ultimate Value Event,160505.75,57,2815.89,520.66,4948.84
Reebok,Deal Seeker,VIP Access Sale,200897.07,73,2752.01,682.21,4902.09
Reebok,Deal Seeker,Weekend Warrior Specials,207236.79,73,2838.86,571.72,4820.79
Reebok,Deal Seeker,Winter Clearance Carnival,139622.81,57,2449.52,514.92,4846.13
Reebok,Deal Seeker,Winter Wonders Sale,200641.85,75,2675.22,537.39,4933.80
Reebok,First-time Buyer,12 Days of Deals,195087.87,72,2709.55,683.83,4919.61
Reebok,First-time Buyer,Autumn Deals Drive,129841.18,48,2705.02,694.42,4996.59
Reebok,First-time Buyer,BOGO Blitz,151289.18,60,2521.49,729.28,4722.57
Reebok,First-time Buyer,Back to School Boost,168025.90,62,2710.10,531.81,4938.78
Reebok,First-time Buyer,Birthday Bash Sale,159499.18,56,2848.20,552.18,4915.49
Reebok,First-time Buyer,Black Friday Blowout,209716.55,75,2796.22,504.45,4988.78
Reebok,First-time Buyer,Cart Crasher Campaign,183860.98,68,2703.84,531.93,4977.37
Reebok,First-time Buyer,Cashback Carnival,174047.83,62,2807.22,560.79,4975.48
Reebok,First-time Buyer,Clearance Countdown,168382.19,61,2760.36,500.37,4824.90
Reebok,First-time Buyer,Countdown to Savings,218264.48,77,2834.60,611.27,4996.44
Reebok,First-time Buyer,Customer Appreciation Week,164303.48,57,2882.52,502.81,4974.30
Reebok,First-time Buyer,Cyber Monday Mania,244956.17,86,2848.33,508.36,4926.54
Reebok,First-time Buyer,Deal of the Month,219161.88,73,3002.22,767.85,4966.40
Reebok,First-time Buyer,Double Points Bonanza,178439.15,67,2663.27,521.66,4873.25
Reebok,First-time Buyer,Early Bird Specials,193268.53,63,3067.75,813.83,4944.16
Reebok,First-time Buyer,End of Season Sale,197847.46,69,2867.35,503.46,4976.80
Reebok,First-time Buyer,Exclusive Insider Offers,224569.85,78,2879.10,578.64,4986.35
Reebok,First-time Buyer,Festive Fever Promo,179196.22,64,2799.94,531.28,4871.81
Reebok,First-time Buyer,Final Call Frenzy,159096.50,56,2841.01,588.24,4962.97
Reebok,First-time Buyer,Flash Frenzy Friday,176559.15,65,2716.29,527.26,4957.36
Reebok,First-time Buyer,"Gift More, Spend Less",227471.50,74,3073.94,531.66,4954.56
Reebok,First-time Buyer,Golden Hour Bargains,182506.49,66,2765.25,511.94,4995.89
Reebok,First-time Buyer,Green Weekend Deals,190708.12,76,2509.32,507.51,4972.44
Reebok,First-time Buyer,Happy Hour Discounts,240018.36,81,2963.19,756.28,4989.45
Reebok,First-time Buyer,Holiday Shopping Rush,174522.15,67,2604.81,546.15,4972.41
Reebok,First-time Buyer,Hot Picks Promo,196729.58,74,2658.51,572.25,4900.01
Reebok,First-time Buyer,Instant Gratification Sale,162690.31,64,2542.04,511.73,4979.20
Reebok,First-time Buyer,Limited Time Treasures,143986.44,53,2716.73,516.61,4908.93
Reebok,First-time Buyer,Loyalty Rewards Blast,152513.97,59,2584.98,631.81,4813.18
Reebok,First-time Buyer,Mega Weekend Bonanza,147497.74,62,2379.00,616.51,4954.78
Reebok,First-time Buyer,Mid-Year Madness,224217.81,75,2989.57,648.18,4960.22
Reebok,First-time Buyer,Midnight Madness,162462.86,61,2663.33,627.42,4932.27
Reebok,First-time Buyer,Mystery Discount Days,195207.90,68,2870.70,502.16,4976.19
Reebok,First-time Buyer,New Arrival Showcase,194980.92,70,2785.44,546.03,4933.37
Reebok,First-time Buyer,New Product Launch Promo,211675.44,72,2939.94,542.06,4971.43
Reebok,First-time Buyer,New Year Kickoff,194360.23,69,2816.81,505.98,4973.23
Reebok,First-time Buyer,Price Drop Parade,157635.78,59,2671.79,548.08,4831.40
Reebok,First-time Buyer,Red Tag Clearance,149950.04,59,2541.53,557.42,4727.54
Reebok,First-time Buyer,Seasonal Surprise Box,203374.76,76,2675.98,593.97,4993.02
Reebok,First-time Buyer,Shop & Save Spectacular,164583.97,60,2743.07,555.48,4954.96
Reebok,First-time Buyer,Smart Shopper Week,185197.41,71,2608.41,599.81,4915.37
Reebok,First-time Buyer,Spring Refresh Event,173210.36,58,2986.39,535.45,4958.52
Reebok,First-time Buyer,Spring Splash Discounts,195616.61,73,2679.68,566.60,4975.03
Reebok,First-time Buyer,Summer Sizzle Promo,180482.98,64,2820.05,507.30,4984.77
Reebok,First-time Buyer,Super Savings Week,169854.25,63,2696.10,563.28,4886.28
Reebok,First-time Buyer,Ultimate Value Event,142805.95,55,2596.47,593.81,4758.32
Reebok,First-time Buyer,VIP Access Sale,197919.63,69,2868.40,531.73,4988.88
Reebok,First-time Buyer,Weekend Warrior Specials,192124.82,73,2631.85,591.16,4940.62
Reebok,First-time Buyer,Winter Clearance Carnival,199229.82,64,3112.97,964.69,4902.67
Reebok,First-time Buyer,Winter Wonders Sale,189909.84,69,2752.32,547.95,4960.06
Reebok,High Value,12 Days of Deals,273610.48,95,2880.11,544.81,4991.91
Reebok,High Value,Autumn Deals Drive,231628.95,81,2859.62,532.47,4869.16
Reebok,High Value,BOGO Blitz,175454.95,73,2403.49,609.06,4941.65
Reebok,High Value,Back to School Boost,151870.86,60,2531.18,572.31,4948.46
Reebok,High Value,Birthday Bash Sale,171561.01,62,2767.11,546.71,4849.86
Reebok,High Value,Black Friday Blowout,161778.70,62,2609.33,522.92,4942.30
Reebok,High Value,Cart Crasher Campaign,127508.99,52,2452.10,529.05,4996.75
Reebok,High Value,Cashback Carnival,231258.90,88,2627.94,514.36,4864.59
Reebok,High Value,Clearance Countdown,151362.47,56,2702.90,702.52,4996.31
Reebok,High Value,Countdown to Savings,205459.31,71,2893.79,528.41,4989.29
Reebok,High Value,Customer Appreciation Week,172576.35,62,2783.49,561.72,4954.08
Reebok,High Value,Cyber Monday Mania,187667.40,66,2843.45,709.49,4944.64
Reebok,High Value,Deal of the Month,177946.49,68,2616.86,577.32,4892.50
Reebok,High Value,Double Points Bonanza,181356.51,67,2706.81,531.78,4975.63
Reebok,High Value,Early Bird Specials,179707.13,64,2807.92,561.78,4996.35
Reebok,High Value,End of Season Sale,185436.46,65,2852.87,631.99,4958.49
Reebok,High Value,Exclusive Insider Offers,152237.82,57,2670.84,530.90,4979.32
Reebok,High Value,Festive Fever Promo,204155.78,74,2758.86,611.97,4956.23
Reebok,High Value,Final Call Frenzy,196069.08,73,2685.88,510.98,4889.87
Reebok,High Value,Flash Frenzy Friday,179883.86,71,2533.58,503.56,4920.73
Reebok,High Value,"Gift More, Spend Less",195132.98,66,2956.56,510.07,4974.13
Reebok,High Value,Golden Hour Bargains,172792.89,61,2832.67,588.39,4913.90
Reebok,High Value,Green Weekend Deals,151429.23,56,2704.09,563.00,4866.51
Reebok,High Value,Happy Hour Discounts,186478.07,66,2825.43,537.82,4944.71
Reebok,High Value,Holiday Shopping Rush,136882.32,49,2793.52,604.02,4948.62
Reebok,High Value,Hot Picks Promo,210961.05,67,3148.67,523.62,4996.34
Reebok,High Value,Instant Gratification Sale,228135.50,81,2816.49,561.37,4986.49
Reebok,High Value,Limited Time Treasures,235424.98,80,2942.81,515.24,4985.47
Reebok,High Value,Loyalty Rewards Blast,196848.28,77,2556.47,502.36,4945.74
Reebok,High Value,Mega Weekend Bonanza,183372.19,65,2821.11,569.46,4981.36
Reebok,High Value,Mid-Year Madness,196827.97,72,2733.72,576.76,4904.91
Reebok,High Value,Midnight Madness,181650.77,66,2752.28,554.48,4763.16
Reebok,High Value,Mystery Discount Days,176375.40,61,2891.40,525.13,4953.77
Reebok,High Value,New Arrival Showcase,155791.56,57,2733.19,541.86,4857.47
Reebok,High Value,New Product Launch Promo,183423.35,68,2697.40,547.81,4998.53
Reebok,High Value,New Year Kickoff,181777.55,65,2796.58,666.94,4996.62
Reebok,High Value,Price Drop Parade,192334.06,69,2787.45,505.89,4987.08
Reebok,High Value,Red Tag Clearance,172276.02,58,2970.28,727.85,4943.29
Reebok,High Value,Seasonal Surprise Box,234571.53,81,2895.94,548.66,4925.11
Reebok,High Value,Shop & Save Spectacular,192458.07,71,2710.68,641.33,4903.79
Reebok,High Value,Smart Shopper Week,157360.85,63,2497.79,552.22,4971.82
Reebok,High Value,Spring Refresh Event,158846.15,57,2786.77,555.60,4973.33
Reebok,High Value,Spring Splash Discounts,184014.21,71,2591.75,543.51,4941.03
Reebok,High Value,Summer Sizzle Promo,168230.31,58,2900.52,562.48,4886.43
Reebok,High Value,Super Savings Week,177571.07,66,2690.47,548.69,4961.86
Reebok,High Value,Ultimate Value Event,156861.84,58,2704.51,513.97,4947.58
Reebok,High Value,VIP Access Sale,197030.89,68,2897.51,540.59,4683.67
Reebok,High Value,Weekend Warrior Specials,191397.60,72,2658.30,509.88,4904.24
Reebok,High Value,Winter Clearance Carnival,185094.17,66,2804.46,566.62,4782.24
Reebok,High Value,Winter Wonders Sale,199394.44,65,3067.61,564.29,4908.70
Reebok,In-Store Regular,12 Days of Deals,169309.81,57,2970.35,521.61,4987.38
Reebok,In-Store Regular,Autumn Deals Drive,194247.62,74,2624.97,523.40,4956.55
Reebok,In-Store Regular,BOGO Blitz,170144.18,59,2883.80,580.46,4903.14
Reebok,In-Store Regular,Back to School Boost,177201.68,66,2684.87,509.93,4896.29
Reebok,In-Store Regular,Birthday Bash Sale,151509.87,54,2805.74,520.35,4770.00
Reebok,In-Store Regular,Black Friday Blowout,168299.47,60,2804.99,519.70,4998.42
Reebok,In-Store Regular,Cart Crasher Campaign,179403.11,71,2526.80,523.73,4871.75
Reebok,In-Store Regular,Cashback Carnival,178515.32,64,2789.30,589.00,4945.56
Reebok,In-Store Regular,Clearance Countdown,162965.34,63,2586.75,534.66,4845.87
Reebok,In-Store Regular,Countdown to Savings,169174.33,58,2916.80,930.71,4728.60
Reebok,In-Store Regular,Customer Appreciation Week,194875.73,71,2744.73,513.44,4832.47
Reebok,In-Store Regular,Cyber Monday Mania,176184.31,65,2710.53,560.57,4950.69
Reebok,In-Store Regular,Deal of the Month,194127.20,64,3033.24,553.40,4982.42
Reebok,In-Store Regular,Double Points Bonanza,238430.99,81,2943.59,536.45,4969.70
Reebok,In-Store Regular,Early Bird Specials,178548.82,60,2975.81,623.45,4928.47
Reebok,In-Store Regular,End of Season Sale,183245.51,66,2776.45,511.10,4996.20
Reebok,In-Store Regular,Exclusive Insider Offers,136242.39,50,2724.85,504.56,4922.72
Reebok,In-Store Regular,Festive Fever Promo,171334.90,65,2635.92,513.42,4995.28
Reebok,In-Store Regular,Final Call Frenzy,219870.62,79,2783.17,534.98,4894.73
Reebok,In-Store Regular,Flash Frenzy Friday,213509.70,74,2885.27,583.51,4981.04
Reebok,In-Store Regular,"Gift More, Spend Less",177049.85,59,3000.84,683.86,4915.63
Reebok,In-Store Regular,Golden Hour Bargains,214058.22,79,2709.60,542.50,4990.16
Reebok,In-Store Regular,Green Weekend Deals,199153.41,71,2804.98,528.88,4999.53
Reebok,In-Store Regular,Happy Hour Discounts,198674.65,64,3104.29,521.56,4975.91
Reebok,In-Store Regular,Holiday Shopping Rush,158869.29,57,2787.18,622.70,4947.56
Reebok,In-Store Regular,Hot Picks Promo,188300.76,71,2652.12,521.15,4982.28
Reebok,In-Store Regular,Instant Gratification Sale,165594.76,59,2806.69,688.45,4954.48
Reebok,In-Store Regular,Limited Time Treasures,185496.36,68,2727.89,519.55,4776.76
Reebok,In-Store Regular,Loyalty Rewards Blast,211168.84,71,2974.21,542.05,4957.46
Reebok,In-Store Regular,Mega Weekend Bonanza,230947.42,75,3079.30,540.25,4966.16
Reebok,In-Store Regular,Mid-Year Madness,202575.71,72,2813.55,590.57,4990.40
Reebok,In-Store Regular,Midnight Madness,162630.23,56,2904.11,588.87,4992.08
Reebok,In-Store Regular,Mystery Discount Days,243754.35,84,2901.84,504.23,4888.91
Reebok,In-Store Regular,New Arrival Showcase,200497.04,72,2784.68,539.26,4996.77
Reebok,In-Store Regular,New Product Launch Promo,162117.36,60,2701.96,685.56,4957.50
Reebok,In-Store Regular,New Year Kickoff,177900.11,60,2965.00,520.18,4992.04
Reebok,In-Store Regular,Price Drop Parade,227469.10,87,2614.59,536.12,4942.41
Reebok,In-Store Regular,Red Tag Clearance,197845.51,66,2997.66,668.33,4997.25
Reebok,In-Store Regular,Seasonal Surprise Box,203632.02,77,2644.57,507.86,4902.52
Reebok,In-Store Regular,Shop & Save Spectacular,222266.98,78,2849.58,502.76,4936.95
Reebok,In-Store Regular,Smart Shopper Week,195191.94,73,2673.86,549.76,4937.22
Reebok,In-Store Regular,Spring Refresh Event,174684.87,58,3011.81,510.87,4986.59
Reebok,In-Store Regular,Spring Splash Discounts,236612.58,79,2995.10,502.90,4945.30
Reebok,In-Store Regular,Summer Sizzle Promo,215331.35,76,2833.31,511.09,4993.62
Reebok,In-Store Regular,Super Savings Week,179336.47,66,2717.22,608.50,4940.90
Reebok,In-Store Regular,Ultimate Value Event,223662.20,76,2942.92,544.41,4994.22
Reebok,In-Store Regular,VIP Access Sale,180276.68,58,3108.22,626.77,4988.78
Reebok,In-Store Regular,Weekend Warrior Specials,185553.91,71,2613.44,510.16,4983.45
Reebok,In-Store Regular,Winter Clearance Carnival,142844.96,59,2421.10,529.51,4910.93
Reebok,In-Store Regular,Winter Wonders Sale,222358.37,76,2925.77,510.35,4948.73
Reebok,Loyal Customer,12 Days of Deals,173222.20,66,2624.58,515.75,4879.61
Reebok,Loyal Customer,Autumn Deals Drive,165383.15,59,2803.10,500.76,4974.43
Reebok,Loyal Customer,BOGO Blitz,154764.75,54,2866.01,508.28,4996.45
Reebok,Loyal Customer,Back to School Boost,211610.18,74,2859.60,754.91,4976.61
Reebok,Loyal Customer,Birthday Bash Sale,195190.91,70,2788.44,518.95,4999.34
Reebok,Loyal Customer,Black Friday Blowout,174085.09,63,2763.26,525.43,4910.81
Reebok,Loyal Customer,Cart Crasher Campaign,176786.70,66,2678.59,613.80,4962.88
Reebok,Loyal Customer,Cashback Carnival,178945.78,65,2753.01,504.12,4961.79
Reebok,Loyal Customer,Clearance Countdown,191448.87,70,2734.98,640.80,4894.39
Reebok,Loyal Customer,Countdown to Savings,208061.86,72,2889.75,570.17,4943.23
Reebok,Loyal Customer,Customer Appreciation Week,193292.95,67,2884.97,550.03,4974.82
Reebok,Loyal Customer,Cyber Monday Mania,222321.56,77,2887.29,636.74,4992.84
Reebok,Loyal Customer,Deal of the Month,173779.91,69,2518.55,513.64,4981.95
Reebok,Loyal Customer,Double Points Bonanza,182490.94,67,2723.75,536.84,4974.51
Reebok,Loyal Customer,Early Bird Specials,151195.03,59,2562.63,532.76,4812.54
Reebok,Loyal Customer,End of Season Sale,189953.14,75,2532.71,503.57,4920.94
Reebok,Loyal Customer,Exclusive Insider Offers,158135.88,55,2875.20,535.62,4955.67
Reebok,Loyal Customer,Festive Fever Promo,227198.07,78,2912.80,620.40,4928.83
Reebok,Loyal Customer,Final Call Frenzy,163750.08,68,2408.09,531.43,4982.79
Reebok,Loyal Customer,Flash Frenzy Friday,217477.01,68,3198.19,555.50,4968.24
Reebok,Loyal Customer,"Gift More, Spend Less",181800.69,66,2754.56,633.40,4956.45
Reebok,Loyal Customer,Golden Hour Bargains,182029.87,68,2676.91,559.06,4884.31
Reebok,Loyal Customer,Green Weekend Deals,165547.56,62,2670.12,535.67,4947.36
Reebok,Loyal Customer,Happy Hour Discounts,141799.26,52,2726.91,662.53,4898.64
Reebok,Loyal Customer,Holiday Shopping Rush,186742.59,69,2706.41,506.69,4776.88
Reebok,Loyal Customer,Hot Picks Promo,179001.67,68,2632.38,612.47,4935.59
Reebok,Loyal Customer,Instant Gratification Sale,170441.07,58,2938.64,659.53,4919.23
Reebok,Loyal Customer,Limited Time Treasures,169477.95,60,2824.63,515.91,4961.17
Reebok,Loyal Customer,Loyalty Rewards Blast,168921.73,60,2815.36,541.34,4923.74
Reebok,Loyal Customer,Mega Weekend Bonanza,181319.41,67,2706.26,530.16,4982.69
Reebok,Loyal Customer,Mid-Year Madness,213182.03,75,2842.43,517.08,4926.06
Reebok,Loyal Customer,Midnight Madness,231061.76,85,2718.37,526.93,4997.31
Reebok,Loyal Customer,Mystery Discount Days,196130.67,75,2615.08,624.58,4943.04
Reebok,Loyal Customer,New Arrival Showcase,191735.44,70,2739.08,506.32,4941.87
Reebok,Loyal Customer,New Product Launch Promo,150050.97,65,2308.48,560.38,4998.56
Reebok,Loyal Customer,New Year Kickoff,178815.71,67,2668.89,505.95,4980.38
Reebok,Loyal Customer,Price Drop Parade,168393.06,61,2760.54,500.50,4989.65
Reebok,Loyal Customer,Red Tag Clearance,191312.81,66,2898.68,561.44,4990.32
Reebok,Loyal Customer,Seasonal Surprise Box,174817.69,62,2819.64,580.11,4928.83
Reebok,Loyal Customer,Shop & Save Spectacular,203822.08,75,2717.63,577.67,4992.07
Reebok,Loyal Customer,Smart Shopper Week,171633.81,63,2724.35,572.82,4998.20
Reebok,Loyal Customer,Spring Refresh Event,197961.70,73,2711.80,563.57,4959.22
Reebok,Loyal Customer,Spring Splash Discounts,249838.58,94,2657.86,533.25,4991.81
Reebok,Loyal Customer,Summer Sizzle Promo,186214.19,65,2864.83,539.90,4987.70
Reebok,Loyal Customer,Super Savings Week,190166.56,70,2716.67,549.33,4925.63
Reebok,Loyal Customer,Ultimate Value Event,171362.37,71,2413.55,639.26,4985.73
Reebok,Loyal Customer,VIP Access Sale,191176.75,64,2987.14,548.00,4984.45
Reebok,Loyal Customer,Weekend Warrior Specials,189239.12,64,2956.86,503.07,4993.18
Reebok,Loyal Customer,Winter Clearance Carnival,171210.48,65,2634.01,534.06,4981.24
Reebok,Loyal Customer,Winter Wonders Sale,170594.78,63,2707.85,543.57,4987.57
Reebok,Occasional Shopper,12 Days of Deals,174648.74,68,2568.36,528.49,4891.95
Reebok,Occasional Shopper,Autumn Deals Drive,190078.70,64,2969.98,556.31,4993.48
Reebok,Occasional Shopper,BOGO Blitz,182104.90,66,2759.17,637.66,4964.76
Reebok,Occasional Shopper,Back to School Boost,183752.84,70,2625.04,544.67,4948.64
Reebok,Occasional Shopper,Birthday Bash Sale,170072.41,67,2538.39,527.03,4955.52
Reebok,Occasional Shopper,Black Friday Blowout,176145.93,63,2795.97,544.70,4999.65
Reebok,Occasional Shopper,Cart Crasher Campaign,212291.64,76,2793.31,574.44,4975.25
Reebok,Occasional Shopper,Cashback Carnival,219424.37,77,2849.67,673.06,4932.24
Reebok,Occasional Shopper,Clearance Countdown,185500.48,70,2650.01,659.44,4969.13
Reebok,Occasional Shopper,Countdown to Savings,180249.79,65,2773.07,511.78,4967.01
Reebok,Occasional Shopper,Customer Appreciation Week,221402.74,81,2733.37,520.00,4972.24
Reebok,Occasional Shopper,Cyber Monday Mania,179482.28,65,2761.27,545.79,4845.45
Reebok,Occasional Shopper,Deal of the Month,224484.49,78,2878.01,509.93,4993.19
Reebok,Occasional Shopper,Double Points Bonanza,174615.03,72,2425.21,580.60,4821.83
Reebok,Occasional Shopper,Early Bird Specials,175289.90,73,2401.23,508.41,4962.77
Reebok,Occasional Shopper,End of Season Sale,136585.03,50,2731.70,654.18,4963.54
Reebok,Occasional Shopper,Exclusive Insider Offers,195582.12,75,2607.76,519.54,4996.28
Reebok,Occasional Shopper,Festive Fever Promo,188397.27,71,2653.48,607.89,4928.13
Reebok,Occasional Shopper,Final Call Frenzy,176553.61,66,2675.05,593.79,4870.52
Reebok,Occasional Shopper,Flash Frenzy Friday,188506.88,69,2731.98,522.74,4949.14
Reebok,Occasional Shopper,"Gift More, Spend Less",186844.37,68,2747.71,505.11,4882.15
Reebok,Occasional Shopper,Golden Hour Bargains,162093.59,65,2493.75,502.76,4963.20
Reebok,Occasional Shopper,Green Weekend Deals,203603.89,80,2545.05,536.89,4984.29
Reebok,Occasional Shopper,Happy Hour Discounts,198677.05,76,2614.17,506.19,4688.17
Reebok,Occasional Shopper,Holiday Shopping Rush,145947.83,62,2354.00,501.14,4966.98
Reebok,Occasional Shopper,Hot Picks Promo,217430.13,75,2899.07,584.67,4829.94
Reebok,Occasional Shopper,Instant Gratification Sale,178992.58,66,2712.01,549.23,4950.86
Reebok,Occasional Shopper,Limited Time Treasures,180357.56,65,2774.73,580.33,4965.97
Reebok,Occasional Shopper,Loyalty Rewards Blast,182076.99,62,2936.73,501.42,4976.95
Reebok,Occasional Shopper,Mega Weekend Bonanza,193171.95,75,2575.63,558.41,4973.58
Reebok,Occasional Shopper,Mid-Year Madness,171146.79,62,2760.43,548.00,4994.65
Reebok,Occasional Shopper,Midnight Madness,169510.84,62,2734.05,640.24,4987.96
Reebok,Occasional Shopper,Mystery Discount Days,166715.37,65,2564.85,611.24,4929.44
Reebok,Occasional Shopper,New Arrival Showcase,180590.63,64,2821.73,576.32,4865.17
Reebok,Occasional Shopper,New Product Launch Promo,193101.26,71,2719.74,530.69,4962.50
Reebok,Occasional Shopper,New Year Kickoff,154643.15,56,2761.48,581.50,4689.97
Reebok,Occasional Shopper,Price Drop Parade,177721.06,63,2820.97,593.60,4868.11
Reebok,Occasional Shopper,Red Tag Clearance,204460.44,77,2655.33,515.84,4892.28
Reebok,Occasional Shopper,Seasonal Surprise Box,173830.29,61,2849.68,546.03,4927.00
Reebok,Occasional Shopper,Shop & Save Spectacular,156485.58,56,2794.39,515.01,4969.16
Reebok,Occasional Shopper,Smart Shopper Week,152506.29,58,2629.42,540.72,4748.92
Reebok,Occasional Shopper,Spring Refresh Event,189907.41,69,2752.28,542.68,4984.55
Reebok,Occasional Shopper,Spring Splash Discounts,175230.29,58,3021.21,512.45,4981.26
Reebok,Occasional Shopper,Summer Sizzle Promo,183134.38,70,2616.21,502.59,4813.94
Reebok,Occasional Shopper,Super Savings Week,205499.24,75,2739.99,533.05,4923.65
Reebok,Occasional Shopper,Ultimate Value Event,184474.46,68,2712.86,519.99,4949.60
Reebok,Occasional Shopper,VIP Access Sale,196101.35,65,3016.94,517.53,4998.87
Reebok,Occasional Shopper,Weekend Warrior Specials,144796.33,52,2784.54,501.32,4997.81
Reebok,Occasional Shopper,Winter Clearance Carnival,157263.05,51,3083.59,681.61,4973.35
Reebok,Occasional Shopper,Winter Wonders Sale,192880.33,69,2795.37,548.00,4904.84
Reebok,Online Shopper,12 Days of Deals,181245.63,69,2626.75,518.98,4850.98
Reebok,Online Shopper,Autumn Deals Drive,190005.65,72,2638.97,508.07,4859.11
Reebok,Online Shopper,BOGO Blitz,192417.18,66,2915.41,545.57,4996.52
Reebok,Online Shopper,Back to School Boost,188553.66,66,2856.87,553.93,4992.25
Reebok,Online Shopper,Birthday Bash Sale,174141.25,63,2764.15,594.32,4881.15
Reebok,Online Shopper,Black Friday Blowout,199835.02,73,2737.47,558.00,4909.63
Reebok,Online Shopper,Cart Crasher Campaign,199413.05,71,2808.63,575.93,4994.96
Reebok,Online Shopper,Cashback Carnival,187737.35,72,2607.46,623.83,4948.97
Reebok,Online Shopper,Clearance Countdown,137868.39,53,2601.29,555.79,4876.46
Reebok,Online Shopper,Countdown to Savings,183845.86,69,2664.43,596.57,4984.74
Reebok,Online Shopper,Customer Appreciation Week,181648.80,69,2632.59,536.77,4970.33
Reebok,Online Shopper,Cyber Monday Mania,186441.30,65,2868.33,504.92,4998.53
Reebok,Online Shopper,Deal of the Month,202751.82,67,3026.15,578.20,4921.03
Reebok,Online Shopper,Double Points Bonanza,250809.30,86,2916.39,558.59,4959.16
Reebok,Online Shopper,Early Bird Specials,255923.96,87,2941.65,512.51,4986.84
Reebok,Online Shopper,End of Season Sale,152699.44,55,2776.35,521.03,4973.26
Reebok,Online Shopper,Exclusive Insider Offers,213124.00,74,2880.05,588.48,4929.75
Reebok,Online Shopper,Festive Fever Promo,195211.12,74,2637.99,515.60,4962.44
Reebok,Online Shopper,Final Call Frenzy,147893.49,54,2738.77,544.33,4844.21
Reebok,Online Shopper,Flash Frenzy Friday,147548.78,53,2783.94,540.22,4735.02
Reebok,Online Shopper,"Gift More, Spend Less",204267.06,79,2585.66,501.32,4788.75
Reebok,Online Shopper,Golden Hour Bargains,178197.72,62,2874.16,536.10,4902.10
Reebok,Online Shopper,Green Weekend Deals,216291.21,75,2883.88,543.01,4986.57
Reebok,Online Shopper,Happy Hour Discounts,162011.55,62,2613.09,516.62,4956.75
Reebok,Online Shopper,Holiday Shopping Rush,169238.71,59,2868.45,693.16,4919.56
Reebok,Online Shopper,Hot Picks Promo,236240.94,80,2953.01,577.46,4951.96
Reebok,Online Shopper,Instant Gratification Sale,158074.53,60,2634.58,508.86,4983.16
Reebok,Online Shopper,Limited Time Treasures,199975.41,73,2739.39,521.66,4998.98
Reebok,Online Shopper,Loyalty Rewards Blast,188990.95,69,2739.00,540.48,4969.97
Reebok,Online Shopper,Mega Weekend Bonanza,220741.16,79,2794.19,509.28,4986.53
Reebok,Online Shopper,Mid-Year Madness,148511.22,60,2475.19,537.96,4690.95
Reebok,Online Shopper,Midnight Madness,210939.27,74,2850.53,680.18,4994.74
Reebok,Online Shopper,Mystery Discount Days,189404.47,65,2913.91,509.60,4962.58
Reebok,Online Shopper,New Arrival Showcase,185442.37,69,2687.57,529.30,4922.20
Reebok,Online Shopper,New Product Launch Promo,215959.48,73,2958.35,545.19,4996.38
Reebok,Online Shopper,New Year Kickoff,213505.00,80,2668.81,510.22,4996.40
Reebok,Online Shopper,Price Drop Parade,172668.24,66,2616.19,507.03,4944.24
Reebok,Online Shopper,Red Tag Clearance,193609.88,66,2933.48,545.94,4990.98
Reebok,Online Shopper,Seasonal Surprise Box,202953.17,72,2818.79,571.63,4981.47
Reebok,Online Shopper,Shop & Save Spectacular,193322.11,76,2543.71,564.72,4891.99
Reebok,Online Shopper,Smart Shopper Week,174694.00,68,2569.03,517.43,4687.47
Reebok,Online Shopper,Spring Refresh Event,208064.82,75,2774.20,642.11,4882.57
Reebok,Online Shopper,Spring Splash Discounts,176961.37,65,2722.48,518.18,4928.47
Reebok,Online Shopper,Summer Sizzle Promo,190730.70,68,2804.86,611.77,4995.91
Reebok,Online Shopper,Super Savings Week,212805.36,70,3040.08,609.68,4946.69
Reebok,Online Shopper,Ultimate Value Event,184893.41,68,2719.02,544.33,4993.60
Reebok,Online Shopper,VIP Access Sale,181035.70,68,2662.29,506.74,4861.82
Reebok,Online Shopper,Weekend Warrior Specials,180829.89,61,2964.42,542.76,4953.69
Reebok,Online Shopper,Winter Clearance Carnival,183504.00,67,2738.87,513.07,4802.30
Reebok,Online Shopper,Winter Wonders Sale,189519.36,68,2787.05,568.09,4965.98
Reebok,Premium Shopper,12 Days of Deals,216046.76,73,2959.54,572.00,4974.13
Reebok,Premium Shopper,Autumn Deals Drive,201061.62,73,2754.27,506.80,4860.28
Reebok,Premium Shopper,BOGO Blitz,212059.84,77,2754.02,620.00,4959.99
Reebok,Premium Shopper,Back to School Boost,157606.28,58,2717.35,588.86,4880.19
Reebok,Premium Shopper,Birthday Bash Sale,209357.04,71,2948.69,589.48,4949.92
Reebok,Premium Shopper,Black Friday Blowout,164603.20,60,2743.39,565.87,4877.48
Reebok,Premium Shopper,Cart Crasher Campaign,131579.80,51,2580.00,500.78,4445.51
Reebok,Premium Shopper,Cashback Carnival,195405.64,60,3256.76,812.64,4981.66
Reebok,Premium Shopper,Clearance Countdown,188884.41,63,2998.17,535.21,4942.25
Reebok,Premium Shopper,Countdown to Savings,193724.12,75,2582.99,561.22,4987.71
Reebok,Premium Shopper,Customer Appreciation Week,183134.24,63,2906.89,513.15,4998.61
Reebok,Premium Shopper,Cyber Monday Mania,189718.51,64,2964.35,518.14,4955.20
Reebok,Premium Shopper,Deal of the Month,163080.97,63,2588.59,592.92,4969.47
Reebok,Premium Shopper,Double Points Bonanza,177624.67,67,2651.11,653.24,4977.11
Reebok,Premium Shopper,Early Bird Specials,153510.85,59,2601.88,518.46,4979.45
Reebok,Premium Shopper,End of Season Sale,163245.26,61,2676.15,517.48,4975.10
Reebok,Premium Shopper,Exclusive Insider Offers,191272.63,66,2898.07,748.26,4925.58
Reebok,Premium Shopper,Festive Fever Promo,178604.53,67,2665.74,510.79,4906.21
Reebok,Premium Shopper,Final Call Frenzy,141049.38,50,2820.99,500.30,4978.35
Reebok,Premium Shopper,Flash Frenzy Friday,172490.90,61,2827.72,534.12,4925.85
Reebok,Premium Shopper,"Gift More, Spend Less",175516.49,65,2700.25,635.06,4874.57
Reebok,Premium Shopper,Golden Hour Bargains,182735.19,66,2768.72,506.96,4934.41
Reebok,Premium Shopper,Green Weekend Deals,150940.68,54,2795.20,529.21,4964.84
Reebok,Premium Shopper,Happy Hour Discounts,192138.65,70,2744.84,703.46,4960.18
Reebok,Premium Shopper,Holiday Shopping Rush,170063.50,62,2742.96,587.04,4829.69
Reebok,Premium Shopper,Hot Picks Promo,143928.21,57,2525.06,660.83,4957.54
Reebok,Premium Shopper,Instant Gratification Sale,209018.96,77,2714.53,504.24,4991.13
Reebok,Premium Shopper,Limited Time Treasures,202096.20,67,3016.36,860.88,4946.31
Reebok,Premium Shopper,Loyalty Rewards Blast,156520.29,61,2565.91,531.27,4987.16
Reebok,Premium Shopper,Mega Weekend Bonanza,181406.24,70,2591.52,528.79,4959.40
Reebok,Premium Shopper,Mid-Year Madness,167845.50,65,2582.24,508.91,4984.84
Reebok,Premium Shopper,Midnight Madness,120882.65,48,2518.39,766.79,4878.42
Reebok,Premium Shopper,Mystery Discount Days,157032.73,57,2754.96,505.83,4999.55
Reebok,Premium Shopper,New Arrival Showcase,220851.12,72,3067.38,673.05,4959.63
Reebok,Premium Shopper,New Product Launch Promo,172325.86,68,2534.20,517.66,4895.79
Reebok,Premium Shopper,New Year Kickoff,154782.54,57,2715.48,556.27,4664.72
Reebok,Premium Shopper,Price Drop Parade,179797.21,69,2605.76,544.57,4933.54
Reebok,Premium Shopper,Red Tag Clearance,214173.35,72,2974.63,502.70,4995.31
Reebok,Premium Shopper,Seasonal Surprise Box,202459.89,72,2811.94,549.95,4980.23
Reebok,Premium Shopper,Shop & Save Spectacular,196333.50,74,2653.16,598.27,4958.44
Reebok,Premium Shopper,Smart Shopper Week,158822.24,63,2520.99,520.01,4941.40
Reebok,Premium Shopper,Spring Refresh Event,196894.66,82,2401.15,518.52,4894.75
Reebok,Premium Shopper,Spring Splash Discounts,153876.93,55,2797.76,563.33,4987.32
Reebok,Premium Shopper,Summer Sizzle Promo,193472.94,76,2545.70,503.35,4896.63
Reebok,Premium Shopper,Super Savings Week,189678.60,64,2963.73,522.37,4933.09
Reebok,Premium Shopper,Ultimate Value Event,220031.06,78,2820.91,610.54,4912.08
Reebok,Premium Shopper,VIP Access Sale,158601.68,62,2558.09,558.25,4937.04
Reebok,Premium Shopper,Weekend Warrior Specials,179145.53,62,2889.44,630.38,4975.93
Reebok,Premium Shopper,Winter Clearance Carnival,196948.29,69,2854.32,520.00,4968.01
Reebok,Premium Shopper,Winter Wonders Sale,195442.47,63,3102.26,538.18,4943.80
Samsung,Budget Shopper,12 Days of Deals,397496.54,144,2760.39,553.64,4903.27
Samsung,Budget Shopper,Autumn Deals Drive,280197.10,111,2524.30,502.24,4931.25
Samsung,Budget Shopper,BOGO Blitz,326877.67,118,2770.15,559.08,4982.65
Samsung,Budget Shopper,Back to School Boost,332676.03,125,2661.41,535.30,4994.30
Samsung,Budget Shopper,Birthday Bash Sale,393971.81,143,2755.05,590.65,4991.29
Samsung,Budget Shopper,Black Friday Blowout,360139.45,138,2609.71,500.99,4917.17
Samsung,Budget Shopper,Cart Crasher Campaign,323946.74,128,2530.83,504.62,4982.40
Samsung,Budget Shopper,Cashback Carnival,404187.27,138,2928.89,539.77,4992.15
Samsung,Budget Shopper,Clearance Countdown,351517.44,125,2812.14,503.78,4981.45
Samsung,Budget Shopper,Countdown to Savings,373982.54,130,2876.79,504.79,4961.52
Samsung,Budget Shopper,Customer Appreciation Week,343995.62,123,2796.71,504.71,4967.80
Samsung,Budget Shopper,Cyber Monday Mania,333434.43,126,2646.31,523.29,4999.28
Samsung,Budget Shopper,Deal of the Month,363214.84,130,2793.96,540.28,4775.05
Samsung,Budget Shopper,Double Points Bonanza,325884.81,107,3045.65,521.51,4998.07
Samsung,Budget Shopper,Early Bird Specials,372697.22,137,2720.42,555.86,4965.71
Samsung,Budget Shopper,End of Season Sale,287934.26,108,2666.06,548.39,4967.22
Samsung,Budget Shopper,Exclusive Insider Offers,361231.11,131,2757.49,530.18,4999.90
Samsung,Budget Shopper,Festive Fever Promo,363121.17,130,2793.24,520.71,4996.31
Samsung,Budget Shopper,Final Call Frenzy,360642.42,130,2774.17,546.98,4997.52
Samsung,Budget Shopper,Flash Frenzy Friday,318095.78,112,2840.14,510.10,4986.29
Samsung,Budget Shopper,"Gift More, Spend Less",298901.61,116,2576.74,505.10,4998.35
Samsung,Budget Shopper,Golden Hour Bargains,383524.27,144,2663.36,580.86,4938.33
Samsung,Budget Shopper,Green Weekend Deals,352352.57,130,2710.40,547.76,4940.15
Samsung,Budget Shopper,Happy Hour Discounts,329204.10,125,2633.63,500.78,4998.71
Samsung,Budget Shopper,Holiday Shopping Rush,384422.20,135,2847.57,586.50,4988.20
Samsung,Budget Shopper,Hot Picks Promo,347391.63,129,2692.96,514.13,4948.67
Samsung,Budget Shopper,Instant Gratification Sale,314308.63,115,2733.12,533.71,4974.59
Samsung,Budget Shopper,Limited Time Treasures,373959.22,132,2833.02,534.47,4992.37
Samsung,Budget Shopper,Loyalty Rewards Blast,364005.89,142,2563.42,531.88,4985.06
Samsung,Budget Shopper,Mega Weekend Bonanza,393015.54,136,2889.82,514.77,4967.24
Samsung,Budget Shopper,Mid-Year Madness,388817.51,142,2738.15,559.01,4993.34
Samsung,Budget Shopper,Midnight Madness,442219.88,157,2816.69,510.68,4986.24
Samsung,Budget Shopper,Mystery Discount Days,482770.32,166,2908.25,544.52,4999.42
Samsung,Budget Shopper,New Arrival Showcase,358261.65,130,2755.86,506.53,4981.22
Samsung,Budget Shopper,New Product Launch Promo,320686.91,127,2525.09,518.50,4970.46
Samsung,Budget Shopper,New Year Kickoff,377698.81,145,2604.82,501.48,4940.93
Samsung,Budget Shopper,Price Drop Parade,341899.55,126,2713.49,552.12,4840.97
Samsung,Budget Shopper,Red Tag Clearance,333920.72,121,2759.68,525.40,4937.56
Samsung,Budget Shopper,Seasonal Surprise Box,396090.69,138,2870.22,528.91,4973.56
Samsung,Budget Shopper,Shop & Save Spectacular,347106.99,125,2776.86,546.35,4934.73
Samsung,Budget Shopper,Smart Shopper Week,340686.52,124,2747.47,536.04,4999.66
Samsung,Budget Shopper,Spring Refresh Event,345323.05,126,2740.66,519.57,4904.04
Samsung,Budget Shopper,Spring Splash Discounts,422520.85,149,2835.71,516.49,4981.20
Samsung,Budget Shopper,Summer Sizzle Promo,368259.81,130,2832.77,518.75,4986.41
Samsung,Budget Shopper,Super Savings Week,377614.29,138,2736.34,557.09,4985.76
Samsung,Budget Shopper,Ultimate Value Event,347817.24,134,2595.65,516.38,4994.52
Samsung,Budget Shopper,VIP Access Sale,339673.09,128,2653.70,548.35,4980.84
Samsung,Budget Shopper,Weekend Warrior Specials,319413.26,122,2618.14,504.80,4954.62
Samsung,Budget Shopper,Winter Clearance Carnival,346802.51,122,2842.64,542.49,4981.11
Samsung,Budget Shopper,Winter Wonders Sale,329182.66,119,2766.24,514.31,4876.56
Samsung,Churn Risk,12 Days of Deals,367432.49,136,2701.71,599.02,4881.56
Samsung,Churn Risk,Autumn Deals Drive,417022.39,148,2817.72,539.24,4985.49
Samsung,Churn Risk,BOGO Blitz,346620.14,131,2645.96,523.17,4991.94
Samsung,Churn Risk,Back to School Boost,376266.08,145,2594.94,506.54,4995.60
Samsung,Churn Risk,Birthday Bash Sale,351979.92,121,2908.92,508.34,4979.35
Samsung,Churn Risk,Black Friday Blowout,304307.59,118,2578.88,503.82,4990.87
Samsung,Churn Risk,Cart Crasher Campaign,344322.56,127,2711.20,565.41,4986.65
Samsung,Churn Risk,Cashback Carnival,381204.20,131,2909.96,509.79,4986.49
Samsung,Churn Risk,Clearance Countdown,310099.41,111,2793.69,526.48,4941.29
Samsung,Churn Risk,Countdown to Savings,401778.54,137,2932.69,506.44,4965.00
Samsung,Churn Risk,Customer Appreciation Week,394763.57,138,2860.61,518.27,4882.63
Samsung,Churn Risk,Cyber Monday Mania,425907.89,151,2820.58,591.08,4956.04
Samsung,Churn Risk,Deal of the Month,346854.04,125,2774.83,539.84,4999.41
Samsung,Churn Risk,Double Points Bonanza,394376.83,137,2878.66,538.72,4939.74
Samsung,Churn Risk,Early Bird Specials,367088.87,141,2603.47,523.14,4956.62
Samsung,Churn Risk,End of Season Sale,369515.91,133,2778.32,502.25,4955.13
Samsung,Churn Risk,Exclusive Insider Offers,379051.24,132,2871.60,556.06,4986.83
Samsung,Churn Risk,Festive Fever Promo,364697.25,134,2721.62,525.64,4962.98
Samsung,Churn Risk,Final Call Frenzy,297200.84,106,2803.78,531.21,4994.08
Samsung,Churn Risk,Flash Frenzy Friday,376973.68,138,2731.69,555.54,4995.77
Samsung,Churn Risk,"Gift More, Spend Less",350451.06,126,2781.36,507.44,4988.75
Samsung,Churn Risk,Golden Hour Bargains,442902.86,153,2894.79,523.41,4958.53
Samsung,Churn Risk,Green Weekend Deals,288587.68,114,2531.47,544.62,4929.29
Samsung,Churn Risk,Happy Hour Discounts,387080.39,136,2846.18,596.49,4958.09
Samsung,Churn Risk,Holiday Shopping Rush,381492.79,140,2724.95,521.30,4933.81
Samsung,Churn Risk,Hot Picks Promo,459071.78,163,2816.39,525.07,4987.66
Samsung,Churn Risk,Instant Gratification Sale,261287.16,105,2488.45,521.93,4986.07
Samsung,Churn Risk,Limited Time Treasures,455549.00,158,2883.22,539.61,4933.66
Samsung,Churn Risk,Loyalty Rewards Blast,420729.36,147,2862.10,501.61,4958.52
Samsung,Churn Risk,Mega Weekend Bonanza,375662.57,139,2702.61,538.03,4999.69
Samsung,Churn Risk,Mid-Year Madness,411771.92,150,2745.15,516.51,4977.02
Samsung,Churn Risk,Midnight Madness,373787.18,137,2728.37,612.16,4955.88
Samsung,Churn Risk,Mystery Discount Days,387992.18,142,2732.34,543.89,4971.00
Samsung,Churn Risk,New Arrival Showcase,381136.63,140,2722.40,503.69,4992.15
Samsung,Churn Risk,New Product Launch Promo,380491.81,140,2717.80,509.22,4954.13
Samsung,Churn Risk,New Year Kickoff,320077.37,118,2712.52,597.32,4971.89
Samsung,Churn Risk,Price Drop Parade,347547.91,137,2536.85,508.61,4920.98
Samsung,Churn Risk,Red Tag Clearance,274158.09,101,2714.44,501.03,4974.52
Samsung,Churn Risk,Seasonal Surprise Box,375023.68,140,2678.74,501.42,4988.43
Samsung,Churn Risk,Shop & Save Spectacular,347643.23,123,2826.37,500.21,4985.96
Samsung,Churn Risk,Smart Shopper Week,335104.89,124,2702.46,620.00,4975.74
Samsung,Churn Risk,Spring Refresh Event,318860.22,120,2657.17,505.30,4911.11
Samsung,Churn Risk,Spring Splash Discounts,421772.34,151,2793.19,502.11,4983.63
Samsung,Churn Risk,Summer Sizzle Promo,378723.58,142,2667.07,515.39,4955.59
Samsung,Churn Risk,Super Savings Week,361246.48,134,2695.87,508.47,4987.77
Samsung,Churn Risk,Ultimate Value Event,349870.37,122,2867.79,555.33,4895.24
Samsung,Churn Risk,VIP Access Sale,399928.46,153,2613.91,502.11,4925.44
Samsung,Churn Risk,Weekend Warrior Specials,412178.63,148,2784.99,507.28,4968.10
Samsung,Churn Risk,Winter Clearance Carnival,417766.77,148,2822.75,519.08,4980.25
Samsung,Churn Risk,Winter Wonders Sale,348284.25,126,2764.16,519.83,4978.08
Samsung,Deal Seeker,12 Days of Deals,351137.63,124,2831.76,525.67,4939.30
Samsung,Deal Seeker,Autumn Deals Drive,333601.57,118,2827.13,511.25,4978.05
Samsung,Deal Seeker,BOGO Blitz,408171.85,143,2854.35,501.85,4998.46
Samsung,Deal Seeker,Back to School Boost,360066.66,132,2727.78,525.35,4974.90
Samsung,Deal Seeker,Birthday Bash Sale,357842.34,129,2773.97,554.52,4993.29
Samsung,Deal Seeker,Black Friday Blowout,364634.55,125,2917.08,504.18,4984.40
Samsung,Deal Seeker,Cart Crasher Campaign,392366.23,143,2743.82,615.04,4937.34
Samsung,Deal Seeker,Cashback Carnival,375275.27,143,2624.30,538.29,4936.79
Samsung,Deal Seeker,Clearance Countdown,406247.46,146,2782.52,504.35,4998.01
Samsung,Deal Seeker,Countdown to Savings,398594.76,138,2888.37,509.30,4976.24
Samsung,Deal Seeker,Customer Appreciation Week,334299.67,127,2632.28,531.77,4968.86
Samsung,Deal Seeker,Cyber Monday Mania,396422.89,134,2958.38,526.96,4938.26
Samsung,Deal Seeker,Deal of the Month,380626.62,142,2680.47,501.29,4996.68
Samsung,Deal Seeker,Double Points Bonanza,404265.28,151,2677.25,505.53,4972.37
Samsung,Deal Seeker,Early Bird Specials,342577.74,125,2740.62,507.35,4929.70
Samsung,Deal Seeker,End of Season Sale,315961.18,121,2611.25,548.22,4976.59
Samsung,Deal Seeker,Exclusive Insider Offers,372135.67,137,2716.32,581.22,4991.18
Samsung,Deal Seeker,Festive Fever Promo,298598.73,109,2739.44,540.72,4986.26
Samsung,Deal Seeker,Final Call Frenzy,327445.26,122,2683.98,513.41,4953.74
Samsung,Deal Seeker,Flash Frenzy Friday,344993.84,129,2674.37,500.13,4995.59
Samsung,Deal Seeker,"Gift More, Spend Less",406821.72,150,2712.14,549.00,4971.85
Samsung,Deal Seeker,Golden Hour Bargains,318952.80,110,2899.57,561.41,4935.42
Samsung,Deal Seeker,Green Weekend Deals,356601.67,131,2722.15,503.87,4998.39
Samsung,Deal Seeker,Happy Hour Discounts,386129.14,147,2626.73,543.95,4983.76
Samsung,Deal Seeker,Holiday Shopping Rush,397027.59,141,2815.80,515.18,4956.99
Samsung,Deal Seeker,Hot Picks Promo,347385.60,124,2801.50,545.49,4971.86
Samsung,Deal Seeker,Instant Gratification Sale,379422.19,138,2749.44,501.53,4978.04
Samsung,Deal Seeker,Limited Time Treasures,350370.52,127,2758.82,500.36,4980.08
Samsung,Deal Seeker,Loyalty Rewards Blast,358254.53,136,2634.22,519.49,4962.93
Samsung,Deal Seeker,Mega Weekend Bonanza,432243.98,153,2825.12,535.22,4987.17
Samsung,Deal Seeker,Mid-Year Madness,384312.38,131,2933.68,506.60,4967.93
Samsung,Deal Seeker,Midnight Madness,401628.05,141,2848.43,542.48,4979.97
Samsung,Deal Seeker,Mystery Discount Days,374441.79,133,2815.35,521.00,4946.31
Samsung,Deal Seeker,New Arrival Showcase,365796.58,137,2670.05,536.63,4990.25
Samsung,Deal Seeker,New Product Launch Promo,354365.24,136,2605.63,515.92,4952.20
Samsung,Deal Seeker,New Year Kickoff,380553.71,145,2624.51,550.27,4998.67
Samsung,Deal Seeker,Price Drop Parade,335241.61,124,2703.56,503.08,4992.49
Samsung,Deal Seeker,Red Tag Clearance,375525.26,136,2761.22,525.61,4992.26
Samsung,Deal Seeker,Seasonal Surprise Box,369918.28,130,2845.53,509.87,4899.96
Samsung,Deal Seeker,Shop & Save Spectacular,363153.96,133,2730.48,528.40,4986.00
Samsung,Deal Seeker,Smart Shopper Week,414083.62,145,2855.75,533.98,4996.84
Samsung,Deal Seeker,Spring Refresh Event,335838.41,131,2563.65,543.16,4819.06
Samsung,Deal Seeker,Spring Splash Discounts,354467.25,139,2550.12,531.53,4912.97
Samsung,Deal Seeker,Summer Sizzle Promo,337633.40,134,2519.65,502.20,4773.23
Samsung,Deal Seeker,Super Savings Week,410735.86,145,2832.66,513.41,4986.86
Samsung,Deal Seeker,Ultimate Value Event,384651.39,132,2914.03,627.04,4988.25
Samsung,Deal Seeker,VIP Access Sale,357251.70,128,2791.03,596.88,4996.47
Samsung,Deal Seeker,Weekend Warrior Specials,362559.68,127,2854.80,563.98,4906.68
Samsung,Deal Seeker,Winter Clearance Carnival,386765.02,145,2667.34,504.61,4927.79
Samsung,Deal Seeker,Winter Wonders Sale,372464.35,134,2779.58,505.48,4997.89
Samsung,First-time Buyer,12 Days of Deals,407329.09,155,2627.93,513.28,4994.43
Samsung,First-time Buyer,Autumn Deals Drive,378016.54,133,2842.23,515.90,4991.64
Samsung,First-time Buyer,BOGO Blitz,319862.36,124,2579.54,517.35,4891.86
Samsung,First-time Buyer,Back to School Boost,364568.63,134,2720.66,526.33,4953.10
Samsung,First-time Buyer,Birthday Bash Sale,360210.52,131,2749.70,546.70,4980.65
Samsung,First-time Buyer,Black Friday Blowout,350152.12,139,2519.08,506.58,4950.33
Samsung,First-time Buyer,Cart Crasher Campaign,321303.29,114,2818.45,519.43,4959.64
Samsung,First-time Buyer,Cashback Carnival,347648.60,137,2537.58,500.13,4946.82
Samsung,First-time Buyer,Clearance Countdown,383075.32,145,2641.90,502.39,4835.32
Samsung,First-time Buyer,Countdown to Savings,392598.79,140,2804.28,501.91,4937.59
Samsung,First-time Buyer,Customer Appreciation Week,353063.39,129,2736.93,596.78,4971.26
Samsung,First-time Buyer,Cyber Monday Mania,466398.22,154,3028.56,511.18,4973.60
Samsung,First-time Buyer,Deal of the Month,365779.95,133,2750.23,541.15,4906.21
Samsung,First-time Buyer,Double Points Bonanza,366291.08,136,2693.32,503.00,4997.02
Samsung,First-time Buyer,Early Bird Specials,408270.98,146,2796.38,523.11,4970.87
Samsung,First-time Buyer,End of Season Sale,373711.10,150,2491.41,550.13,4937.57
Samsung,First-time Buyer,Exclusive Insider Offers,313352.58,121,2589.69,501.41,4774.33
Samsung,First-time Buyer,Festive Fever Promo,323083.23,124,2605.51,508.07,4991.72
Samsung,First-time Buyer,Final Call Frenzy,370358.31,140,2645.42,526.51,4982.35
Samsung,First-time Buyer,Flash Frenzy Friday,350727.71,131,2677.31,570.81,4916.41
Samsung,First-time Buyer,"Gift More, Spend Less",302938.98,110,2753.99,601.40,4958.48
Samsung,First-time Buyer,Golden Hour Bargains,397236.72,137,2899.54,506.47,4973.89
Samsung,First-time Buyer,Green Weekend Deals,376611.97,136,2769.21,514.01,4951.31
Samsung,First-time Buyer,Happy Hour Discounts,324082.22,121,2678.37,516.29,4978.14
Samsung,First-time Buyer,Holiday Shopping Rush,422466.81,149,2835.35,536.09,4986.89
Samsung,First-time Buyer,Hot Picks Promo,396636.97,149,2661.99,528.71,4983.59
Samsung,First-time Buyer,Instant Gratification Sale,367276.47,131,2803.64,534.41,4969.91
Samsung,First-time Buyer,Limited Time Treasures,420726.53,146,2881.69,503.95,4999.73
Samsung,First-time Buyer,Loyalty Rewards Blast,431438.31,156,2765.63,535.57,4963.37
Samsung,First-time Buyer,Mega Weekend Bonanza,407321.15,150,2715.47,520.37,4973.26
Samsung,First-time Buyer,Mid-Year Madness,372301.93,137,2717.53,535.01,4954.48
Samsung,First-time Buyer,Midnight Madness,303340.56,116,2615.00,540.95,4994.53
Samsung,First-time Buyer,Mystery Discount Days,288004.73,109,2642.25,500.15,4930.45
Samsung,First-time Buyer,New Arrival Showcase,312095.07,117,2667.48,533.05,4940.14
Samsung,First-time Buyer,New Product Launch Promo,392145.85,134,2926.46,504.10,4936.81
Samsung,First-time Buyer,New Year Kickoff,353647.42,124,2852.00,550.02,4897.88
Samsung,First-time Buyer,Price Drop Parade,389697.55,143,2725.16,504.91,4931.80
Samsung,First-time Buyer,Red Tag Clearance,331681.52,123,2696.60,532.20,4988.74
Samsung,First-time Buyer,Seasonal Surprise Box,353530.64,128,2761.96,513.81,4919.27
Samsung,First-time Buyer,Shop & Save Spectacular,329057.08,124,2653.69,518.47,4955.94
Samsung,First-time Buyer,Smart Shopper Week,421046.10,148,2844.91,523.90,4968.66
Samsung,First-time Buyer,Spring Refresh Event,372801.04,142,2625.36,512.46,4982.74
Samsung,First-time Buyer,Spring Splash Discounts,428423.03,146,2934.40,504.51,4978.20
Samsung,First-time Buyer,Summer Sizzle Promo,395990.44,138,2869.50,506.50,4979.55
Samsung,First-time Buyer,Super Savings Week,278568.26,105,2653.03,541.52,4992.06
Samsung,First-time Buyer,Ultimate Value Event,346747.75,127,2730.30,517.40,4999.45
Samsung,First-time Buyer,VIP Access Sale,377660.46,136,2776.92,502.59,4985.19
Samsung,First-time Buyer,Weekend Warrior Specials,391907.82,139,2819.48,554.21,4999.71
Samsung,First-time Buyer,Winter Clearance Carnival,370272.62,135,2742.76,514.66,4950.31
Samsung,First-time Buyer,Winter Wonders Sale,385870.72,132,2923.26,589.71,4992.52
Samsung,High Value,12 Days of Deals,369124.25,131,2817.74,526.40,4962.41
Samsung,High Value,Autumn Deals Drive,429251.92,152,2824.03,534.47,4958.34
Samsung,High Value,BOGO Blitz,342125.93,127,2693.90,525.59,4970.10
Samsung,High Value,Back to School Boost,404569.96,157,2576.88,506.31,4983.81
Samsung,High Value,Birthday Bash Sale,291226.82,120,2426.89,518.74,4847.97
Samsung,High Value,Black Friday Blowout,375447.97,130,2888.06,556.38,4977.98
Samsung,High Value,Cart Crasher Campaign,364216.23,125,2913.73,572.87,4999.98
Samsung,High Value,Cashback Carnival,349679.70,142,2462.53,510.86,4791.55
Samsung,High Value,Clearance Countdown,363332.88,120,3027.77,515.09,4987.31
Samsung,High Value,Countdown to Savings,374210.31,137,2731.46,510.49,4979.64
Samsung,High Value,Customer Appreciation Week,397151.86,144,2758.00,526.72,4877.95
Samsung,High Value,Cyber Monday Mania,325771.06,127,2565.13,514.18,4979.84
Samsung,High Value,Deal of the Month,405629.87,144,2816.87,523.74,4976.39
Samsung,High Value,Double Points Bonanza,310339.65,114,2722.28,518.45,4904.02
Samsung,High Value,Early Bird Specials,387258.44,139,2786.03,511.13,4964.17
Samsung,High Value,End of Season Sale,426602.12,152,2806.59,567.14,4982.96
Samsung,High Value,Exclusive Insider Offers,341490.79,128,2667.90,522.10,4885.30
Samsung,High Value,Festive Fever Promo,405847.66,156,2601.59,504.82,4977.70
Samsung,High Value,Final Call Frenzy,356337.46,131,2720.13,558.73,4984.59
Samsung,High Value,Flash Frenzy Friday,277090.85,105,2638.96,581.20,4903.27
Samsung,High Value,"Gift More, Spend Less",376535.58,140,2689.54,503.92,4988.95
Samsung,High Value,Golden Hour Bargains,397721.42,150,2651.48,538.84,4991.12
Samsung,High Value,Green Weekend Deals,346413.52,128,2706.36,517.16,4969.52
Samsung,High Value,Happy Hour Discounts,417645.71,146,2860.59,509.46,4992.52
Samsung,High Value,Holiday Shopping Rush,348884.95,129,2704.53,562.73,4996.83
Samsung,High Value,Hot Picks Promo,326224.88,119,2741.39,506.73,4949.03
Samsung,High Value,Instant Gratification Sale,395052.25,143,2762.60,549.83,4985.06
Samsung,High Value,Limited Time Treasures,407677.14,142,2870.97,512.94,4980.55
Samsung,High Value,Loyalty Rewards Blast,419616.94,149,2816.22,519.51,4914.51
Samsung,High Value,Mega Weekend Bonanza,389102.29,147,2646.95,504.44,4992.12
Samsung,High Value,Mid-Year Madness,378057.01,138,2739.54,503.72,4913.40
Samsung,High Value,Midnight Madness,363063.23,129,2814.44,502.76,4982.29
Samsung,High Value,Mystery Discount Days,324870.81,124,2619.93,515.93,4965.62
Samsung,High Value,New Arrival Showcase,377818.40,142,2660.69,527.42,4937.26
Samsung,High Value,New Product Launch Promo,273780.12,108,2535.00,542.33,4974.77
Samsung,High Value,New Year Kickoff,343881.93,125,2751.06,501.98,4993.32
Samsung,High Value,Price Drop Parade,340826.77,115,2963.71,580.16,4978.20
Samsung,High Value,Red Tag Clearance,373086.78,139,2684.08,519.03,4993.37
Samsung,High Value,Seasonal Surprise Box,300287.12,108,2780.44,636.67,4830.46
Samsung,High Value,Shop & Save Spectacular,369176.58,135,2734.64,506.56,4962.78
Samsung,High Value,Smart Shopper Week,340616.37,129,2640.44,522.78,4963.71
Samsung,High Value,Spring Refresh Event,368256.87,136,2707.77,515.70,4918.92
Samsung,High Value,Spring Splash Discounts,322895.48,117,2759.79,592.16,4991.07
Samsung,High Value,Summer Sizzle Promo,322661.93,119,2711.44,538.10,4838.03
Samsung,High Value,Super Savings Week,328012.12,121,2710.84,595.74,4983.66
Samsung,High Value,Ultimate Value Event,392040.11,148,2648.92,503.38,4998.14
Samsung,High Value,VIP Access Sale,363565.36,123,2955.82,571.35,4999.37
Samsung,High Value,Weekend Warrior Specials,369200.06,133,2775.94,510.76,4921.77
Samsung,High Value,Winter Clearance Carnival,459052.13,159,2887.12,518.60,4943.95
Samsung,High Value,Winter Wonders Sale,369378.00,127,2908.49,534.05,4991.58
Samsung,In-Store Regular,12 Days of Deals,378383.95,142,2664.68,520.04,4948.80
Samsung,In-Store Regular,Autumn Deals Drive,337048.40,127,2653.92,502.40,4942.56
Samsung,In-Store Regular,BOGO Blitz,381618.97,137,2785.54,542.82,4983.06
Samsung,In-Store Regular,Back to School Boost,437783.23,152,2880.15,521.26,4963.07
Samsung,In-Store Regular,Birthday Bash Sale,387907.33,139,2790.70,567.56,4956.43
Samsung,In-Store Regular,Black Friday Blowout,329600.74,119,2769.75,575.47,4949.54
Samsung,In-Store Regular,Cart Crasher Campaign,407933.79,141,2893.15,573.19,4963.85
Samsung,In-Store Regular,Cashback Carnival,371294.10,140,2652.10,503.09,4995.33
Samsung,In-Store Regular,Clearance Countdown,274768.82,104,2642.01,518.37,4905.44
Samsung,In-Store Regular,Countdown to Savings,365885.15,134,2730.49,522.14,4994.85
Samsung,In-Store Regular,Customer Appreciation Week,333186.65,128,2603.02,551.51,4937.41
Samsung,In-Store Regular,Cyber Monday Mania,340589.60,117,2911.02,524.42,4974.84
Samsung,In-Store Regular,Deal of the Month,361028.50,133,2714.50,505.98,4988.21
Samsung,In-Store Regular,Double Points Bonanza,300028.98,115,2608.95,506.78,4957.70
Samsung,In-Store Regular,Early Bird Specials,394255.81,133,2964.33,505.94,4999.11
Samsung,In-Store Regular,End of Season Sale,317285.09,117,2711.84,507.40,4896.10
Samsung,In-Store Regular,Exclusive Insider Offers,371110.24,136,2728.75,596.70,4979.89
Samsung,In-Store Regular,Festive Fever Promo,379996.01,132,2878.76,626.82,4999.21
Samsung,In-Store Regular,Final Call Frenzy,459974.62,166,2770.93,511.69,4977.64
Samsung,In-Store Regular,Flash Frenzy Friday,367334.52,135,2721.00,504.11,4916.87
Samsung,In-Store Regular,"Gift More, Spend Less",393210.57,151,2604.04,506.87,4955.00
Samsung,In-Store Regular,Golden Hour Bargains,336709.76,116,2902.67,644.81,4982.37
Samsung,In-Store Regular,Green Weekend Deals,400969.42,151,2655.43,517.59,4997.84
Samsung,In-Store Regular,Happy Hour Discounts,343979.21,124,2774.03,536.64,4968.70
Samsung,In-Store Regular,Holiday Shopping Rush,334401.20,129,2592.26,501.27,4962.96
Samsung,In-Store Regular,Hot Picks Promo,374940.93,141,2659.16,558.91,4973.51
Samsung,In-Store Regular,Instant Gratification Sale,362818.47,135,2687.54,515.65,4961.75
Samsung,In-Store Regular,Limited Time Treasures,378827.58,135,2806.13,641.63,4986.00
Samsung,In-Store Regular,Loyalty Rewards Blast,398222.68,144,2765.44,521.09,4980.77
Samsung,In-Store Regular,Mega Weekend Bonanza,373616.61,137,2727.13,520.73,4983.54
Samsung,In-Store Regular,Mid-Year Madness,384844.51,141,2729.39,517.51,4951.82
Samsung,In-Store Regular,Midnight Madness,403287.51,150,2688.58,512.41,4942.28
Samsung,In-Store Regular,Mystery Discount Days,372947.59,148,2519.92,517.03,4963.35
Samsung,In-Store Regular,New Arrival Showcase,345677.69,121,2856.84,519.02,4995.02
Samsung,In-Store Regular,New Product Launch Promo,457619.82,154,2971.56,562.02,4985.56
Samsung,In-Store Regular,New Year Kickoff,422870.72,148,2857.23,507.98,4917.38
Samsung,In-Store Regular,Price Drop Parade,319807.54,124,2579.09,521.24,4933.84
Samsung,In-Store Regular,Red Tag Clearance,338197.60,125,2705.58,503.76,4991.28
Samsung,In-Store Regular,Seasonal Surprise Box,319308.03,129,2475.26,519.71,4948.76
Samsung,In-Store Regular,Shop & Save Spectacular,371576.97,130,2858.28,536.88,4990.57
Samsung,In-Store Regular,Smart Shopper Week,364482.70,136,2680.02,513.30,4952.12
Samsung,In-Store Regular,Spring Refresh Event,355283.69,133,2671.31,527.57,4944.82
Samsung,In-Store Regular,Spring Splash Discounts,268806.30,100,2688.06,560.66,4908.64
Samsung,In-Store Regular,Summer Sizzle Promo,421659.68,149,2829.93,504.32,4980.61
Samsung,In-Store Regular,Super Savings Week,402068.47,146,2753.89,526.24,4991.38
Samsung,In-Store Regular,Ultimate Value Event,401285.76,137,2929.09,589.04,4994.00
Samsung,In-Store Regular,VIP Access Sale,298178.13,116,2570.50,505.73,4984.37
Samsung,In-Store Regular,Weekend Warrior Specials,406903.99,152,2677.00,525.52,4993.90
Samsung,In-Store Regular,Winter Clearance Carnival,335270.24,126,2660.87,516.82,4995.10
Samsung,In-Store Regular,Winter Wonders Sale,428725.01,150,2858.17,517.03,4988.50
Samsung,Loyal Customer,12 Days of Deals,387368.09,133,2912.54,530.57,4992.13
Samsung,Loyal Customer,Autumn Deals Drive,349607.03,130,2689.28,533.00,4990.98
Samsung,Loyal Customer,BOGO Blitz,409771.44,149,2750.14,511.61,4982.68
Samsung,Loyal Customer,Back to School Boost,367632.59,142,2588.96,547.19,4962.45
Samsung,Loyal Customer,Birthday Bash Sale,407825.78,142,2872.01,500.93,4954.50
Samsung,Loyal Customer,Black Friday Blowout,332356.68,122,2724.24,546.93,4999.22
Samsung,Loyal Customer,Cart Crasher Campaign,343795.77,133,2584.93,523.17,4979.53
Samsung,Loyal Customer,Cashback Carnival,337808.29,126,2681.02,518.86,4997.90
Samsung,Loyal Customer,Clearance Countdown,381560.39,130,2935.08,540.01,4915.04
Samsung,Loyal Customer,Countdown to Savings,371285.33,146,2543.05,541.03,4991.19
Samsung,Loyal Customer,Customer Appreciation Week,404397.15,145,2788.95,576.93,4935.40
Samsung,Loyal Customer,Cyber Monday Mania,404756.26,139,2911.92,504.82,4999.50
Samsung,Loyal Customer,Deal of the Month,362537.76,133,2725.85,500.38,4998.97
Samsung,Loyal Customer,Double Points Bonanza,396883.06,145,2737.12,548.73,4979.42
Samsung,Loyal Customer,Early Bird Specials,464950.99,153,3038.90,573.03,4946.21
Samsung,Loyal Customer,End of Season Sale,320914.20,106,3027.49,522.55,4973.08
Samsung,Loyal Customer,Exclusive Insider Offers,314029.45,118,2661.27,613.34,4934.14
Samsung,Loyal Customer,Festive Fever Promo,347766.65,126,2760.05,527.50,4959.73
Samsung,Loyal Customer,Final Call Frenzy,354301.69,135,2624.46,503.00,4980.69
Samsung,Loyal Customer,Flash Frenzy Friday,354765.44,122,2907.91,519.44,4972.06
Samsung,Loyal Customer,"Gift More, Spend Less",359123.65,135,2660.18,526.27,4993.57
Samsung,Loyal Customer,Golden Hour Bargains,309134.22,102,3030.73,680.77,4995.77
Samsung,Loyal Customer,Green Weekend Deals,351296.10,133,2641.32,513.98,4983.44
Samsung,Loyal Customer,Happy Hour Discounts,394890.17,141,2800.64,501.29,4890.59
Samsung,Loyal Customer,Holiday Shopping Rush,383892.34,147,2611.51,500.68,4986.64
Samsung,Loyal Customer,Hot Picks Promo,360152.85,132,2728.43,510.19,4992.55
Samsung,Loyal Customer,Instant Gratification Sale,355395.98,129,2755.01,537.26,4922.04
Samsung,Loyal Customer,Limited Time Treasures,419432.19,142,2953.75,522.88,4981.36
Samsung,Loyal Customer,Loyalty Rewards Blast,401991.18,134,2999.93,515.91,4988.95
Samsung,Loyal Customer,Mega Weekend Bonanza,353124.08,136,2596.50,619.60,4971.21
Samsung,Loyal Customer,Mid-Year Madness,348253.76,128,2720.73,546.44,4998.26
Samsung,Loyal Customer,Midnight Madness,379033.05,132,2871.46,517.24,4997.26
Samsung,Loyal Customer,Mystery Discount Days,360080.23,124,2903.87,620.82,4990.54
Samsung,Loyal Customer,New Arrival Showcase,404848.72,138,2933.69,500.17,4996.94
Samsung,Loyal Customer,New Product Launch Promo,401155.07,154,2604.90,512.28,4949.25
Samsung,Loyal Customer,New Year Kickoff,313563.61,114,2750.56,515.75,4865.58
Samsung,Loyal Customer,Price Drop Parade,306659.95,113,2713.80,561.28,4968.33
Samsung,Loyal Customer,Red Tag Clearance,328950.79,119,2764.29,561.36,4911.17
Samsung,Loyal Customer,Seasonal Surprise Box,357485.84,131,2728.90,511.24,4997.09
Samsung,Loyal Customer,Shop & Save Spectacular,390830.63,132,2960.84,522.82,4996.07
Samsung,Loyal Customer,Smart Shopper Week,402808.56,143,2816.84,519.48,4965.64
Samsung,Loyal Customer,Spring Refresh Event,347648.65,130,2674.22,536.58,4973.01
Samsung,Loyal Customer,Spring Splash Discounts,373053.53,126,2960.74,528.06,4998.87
Samsung,Loyal Customer,Summer Sizzle Promo,407406.41,137,2973.77,536.72,4977.21
Samsung,Loyal Customer,Super Savings Week,397237.31,146,2720.80,534.93,4985.24
Samsung,Loyal Customer,Ultimate Value Event,369449.61,129,2863.95,505.43,4996.03
Samsung,Loyal Customer,VIP Access Sale,391390.53,144,2717.99,519.00,4988.94
Samsung,Loyal Customer,Weekend Warrior Specials,351807.62,123,2860.22,549.96,4900.59
Samsung,Loyal Customer,Winter Clearance Carnival,389584.85,136,2864.59,573.58,4996.11
Samsung,Loyal Customer,Winter Wonders Sale,396486.07,151,2625.74,501.94,4991.43
Samsung,Occasional Shopper,12 Days of Deals,328748.57,119,2762.59,516.24,4979.95
Samsung,Occasional Shopper,Autumn Deals Drive,427835.78,156,2742.54,590.34,4907.33
Samsung,Occasional Shopper,BOGO Blitz,439219.38,160,2745.12,515.13,4940.06
Samsung,Occasional Shopper,Back to School Boost,377660.48,136,2776.92,500.09,4982.06
Samsung,Occasional Shopper,Birthday Bash Sale,386441.28,135,2862.53,648.41,4993.71
Samsung,Occasional Shopper,Black Friday Blowout,295154.41,113,2611.99,506.66,4933.50
Samsung,Occasional Shopper,Cart Crasher Campaign,356504.04,132,2700.79,553.51,4970.43
Samsung,Occasional Shopper,Cashback Carnival,395985.52,146,2712.23,519.61,4996.35
Samsung,Occasional Shopper,Clearance Countdown,412015.39,146,2822.02,598.47,4988.35
Samsung,Occasional Shopper,Countdown to Savings,445939.09,163,2735.82,572.11,4959.60
Samsung,Occasional Shopper,Customer Appreciation Week,419422.79,142,2953.68,531.71,4984.07
Samsung,Occasional Shopper,Cyber Monday Mania,319141.45,108,2955.01,558.56,4995.39
Samsung,Occasional Shopper,Deal of the Month,401942.61,147,2734.30,535.71,4982.28
Samsung,Occasional Shopper,Double Points Bonanza,384486.88,133,2890.88,509.41,4978.35
Samsung,Occasional Shopper,Early Bird Specials,351492.91,133,2642.80,521.02,4996.45
Samsung,Occasional Shopper,End of Season Sale,389298.90,146,2666.43,537.99,4943.22
Samsung,Occasional Shopper,Exclusive Insider Offers,346983.82,117,2965.67,547.45,4971.18
Samsung,Occasional Shopper,Festive Fever Promo,359939.23,134,2686.11,525.05,4994.70
Samsung,Occasional Shopper,Final Call Frenzy,443900.74,159,2791.83,555.09,4972.53
Samsung,Occasional Shopper,Flash Frenzy Friday,382718.18,137,2793.56,535.38,4997.57
Samsung,Occasional Shopper,"Gift More, Spend Less",379630.66,135,2812.08,509.09,4982.35
Samsung,Occasional Shopper,Golden Hour Bargains,426300.48,147,2900.00,519.85,4964.10
Samsung,Occasional Shopper,Green Weekend Deals,352926.98,131,2694.10,505.65,4969.39
Samsung,Occasional Shopper,Happy Hour Discounts,344875.86,128,2694.34,503.77,4987.73
Samsung,Occasional Shopper,Holiday Shopping Rush,382822.67,132,2900.17,515.99,4966.28
Samsung,Occasional Shopper,Hot Picks Promo,396130.27,148,2676.56,514.67,4907.80
Samsung,Occasional Shopper,Instant Gratification Sale,398671.22,156,2555.58,526.84,4950.55
Samsung,Occasional Shopper,Limited Time Treasures,378516.89,145,2610.46,516.28,4948.42
Samsung,Occasional Shopper,Loyalty Rewards Blast,352303.25,128,2752.37,505.77,4989.79
Samsung,Occasional Shopper,Mega Weekend Bonanza,403185.32,145,2780.59,515.84,4965.18
Samsung,Occasional Shopper,Mid-Year Madness,425429.63,158,2692.59,528.44,4878.73
Samsung,Occasional Shopper,Midnight Madness,325634.25,115,2831.60,604.61,4954.60
Samsung,Occasional Shopper,Mystery Discount Days,345849.25,123,2811.78,537.24,4967.72
Samsung,Occasional Shopper,New Arrival Showcase,455743.70,164,2778.92,553.21,4997.28
Samsung,Occasional Shopper,New Product Launch Promo,397684.46,145,2742.65,559.41,4971.54
Samsung,Occasional Shopper,New Year Kickoff,397194.87,137,2899.23,559.13,4999.63
Samsung,Occasional Shopper,Price Drop Parade,357735.65,135,2649.89,580.22,4976.93
Samsung,Occasional Shopper,Red Tag Clearance,404949.62,145,2792.76,529.19,4914.00
Samsung,Occasional Shopper,Seasonal Surprise Box,362459.73,123,2946.83,510.14,4995.48
Samsung,Occasional Shopper,Shop & Save Spectacular,380701.64,132,2884.10,615.42,4963.60
Samsung,Occasional Shopper,Smart Shopper Week,422905.45,150,2819.37,537.58,4970.82
Samsung,Occasional Shopper,Spring Refresh Event,293014.81,116,2525.99,566.13,4949.38
Samsung,Occasional Shopper,Spring Splash Discounts,403550.33,142,2841.90,537.53,4994.95
Samsung,Occasional Shopper,Summer Sizzle Promo,315668.82,123,2566.41,546.90,4957.59
Samsung,Occasional Shopper,Super Savings Week,393262.15,141,2789.09,521.08,4955.20
Samsung,Occasional Shopper,Ultimate Value Event,332298.27,128,2596.08,518.50,4991.85
Samsung,Occasional Shopper,VIP Access Sale,365107.81,130,2808.52,579.54,4990.36
Samsung,Occasional Shopper,Weekend Warrior Specials,381857.66,136,2807.78,515.22,4996.60
Samsung,Occasional Shopper,Winter Clearance Carnival,321337.05,116,2770.15,501.55,4935.53
Samsung,Occasional Shopper,Winter Wonders Sale,401535.71,144,2788.44,523.99,4978.28
Samsung,Online Shopper,12 Days of Deals,404232.07,138,2929.22,514.86,4926.17
Samsung,Online Shopper,Autumn Deals Drive,382440.13,130,2941.85,545.53,4988.82
Samsung,Online Shopper,BOGO Blitz,365317.15,129,2831.92,544.60,4929.16
Samsung,Online Shopper,Back to School Boost,331478.24,125,2651.83,532.91,4954.82
Samsung,Online Shopper,Birthday Bash Sale,354445.40,127,2790.91,578.12,4951.15
Samsung,Online Shopper,Black Friday Blowout,393196.09,143,2749.62,503.07,4912.72
Samsung,Online Shopper,Cart Crasher Campaign,399214.58,145,2753.20,513.54,4955.09
Samsung,Online Shopper,Cashback Carnival,450794.06,159,2835.18,515.50,4998.33
Samsung,Online Shopper,Clearance Countdown,386126.73,135,2860.20,561.60,4969.63
Samsung,Online Shopper,Countdown to Savings,418048.09,144,2903.11,505.85,4985.72
Samsung,Online Shopper,Customer Appreciation Week,372517.12,139,2679.98,521.08,4977.06
Samsung,Online Shopper,Cyber Monday Mania,400162.15,148,2703.80,521.06,4991.06
Samsung,Online Shopper,Deal of the Month,367163.97,129,2846.23,536.50,4944.61
Samsung,Online Shopper,Double Points Bonanza,456580.82,158,2889.75,568.16,4986.22
Samsung,Online Shopper,Early Bird Specials,354649.76,131,2707.25,581.43,4993.50
Samsung,Online Shopper,End of Season Sale,380198.63,134,2837.30,514.69,4978.91
Samsung,Online Shopper,Exclusive Insider Offers,325176.35,114,2852.42,515.55,4951.83
Samsung,Online Shopper,Festive Fever Promo,363734.10,132,2755.56,505.72,4963.04
Samsung,Online Shopper,Final Call Frenzy,340985.76,125,2727.89,541.54,4980.26
Samsung,Online Shopper,Flash Frenzy Friday,444069.89,155,2864.97,541.07,4945.54
Samsung,Online Shopper,"Gift More, Spend Less",386145.09,137,2818.58,531.52,4989.93
Samsung,Online Shopper,Golden Hour Bargains,340223.45,124,2743.74,622.50,4925.61
Samsung,Online Shopper,Green Weekend Deals,305303.34,114,2678.10,525.13,4942.89
Samsung,Online Shopper,Happy Hour Discounts,493306.16,164,3007.96,568.36,4977.03
Samsung,Online Shopper,Holiday Shopping Rush,317775.52,122,2604.72,516.42,4951.89
Samsung,Online Shopper,Hot Picks Promo,353293.02,128,2760.10,520.60,4930.12
Samsung,Online Shopper,Instant Gratification Sale,358869.20,128,2803.67,508.31,4972.71
Samsung,Online Shopper,Limited Time Treasures,289015.76,113,2557.66,505.48,4971.76
Samsung,Online Shopper,Loyalty Rewards Blast,424001.80,153,2771.25,507.60,4943.03
Samsung,Online Shopper,Mega Weekend Bonanza,360539.81,130,2773.38,505.51,4984.93
Samsung,Online Shopper,Mid-Year Madness,366340.06,129,2839.85,556.58,4992.99
Samsung,Online Shopper,Midnight Madness,390802.28,151,2588.09,500.93,4984.00
Samsung,Online Shopper,Mystery Discount Days,388910.51,133,2924.14,521.45,4961.54
Samsung,Online Shopper,New Arrival Showcase,424087.68,146,2904.71,579.45,4949.30
Samsung,Online Shopper,New Product Launch Promo,366232.80,132,2774.49,565.76,4962.53
Samsung,Online Shopper,New Year Kickoff,426206.92,146,2919.23,515.37,4999.87
Samsung,Online Shopper,Price Drop Parade,326534.52,126,2591.54,561.10,4997.91
Samsung,Online Shopper,Red Tag Clearance,374347.52,132,2835.97,511.65,4957.01
Samsung,Online Shopper,Seasonal Surprise Box,351627.15,131,2684.18,519.19,4948.15
Samsung,Online Shopper,Shop & Save Spectacular,347643.91,131,2653.77,511.32,4993.50
Samsung,Online Shopper,Smart Shopper Week,384759.71,140,2748.28,568.27,4999.94
Samsung,Online Shopper,Spring Refresh Event,344705.22,124,2779.88,511.37,4974.15
Samsung,Online Shopper,Spring Splash Discounts,361077.99,139,2597.68,503.09,4949.03
Samsung,Online Shopper,Summer Sizzle Promo,376188.30,131,2871.67,533.83,4952.86
Samsung,Online Shopper,Super Savings Week,388649.98,136,2857.72,505.74,4990.19
Samsung,Online Shopper,Ultimate Value Event,359403.01,127,2829.94,516.57,4906.57
Samsung,Online Shopper,VIP Access Sale,337232.34,125,2697.86,573.49,4930.73
Samsung,Online Shopper,Weekend Warrior Specials,420739.82,149,2823.76,522.54,4998.12
Samsung,Online Shopper,Winter Clearance Carnival,315792.57,124,2546.71,509.72,4987.94
Samsung,Online Shopper,Winter Wonders Sale,450831.63,158,2853.36,505.92,4996.43
Samsung,Premium Shopper,12 Days of Deals,362963.37,131,2770.71,533.32,4978.14
Samsung,Premium Shopper,Autumn Deals Drive,339963.12,127,2676.87,530.43,4995.69
Samsung,Premium Shopper,BOGO Blitz,372761.45,128,2912.20,588.97,4979.64
Samsung,Premium Shopper,Back to School Boost,340960.96,122,2794.76,518.61,4992.15
Samsung,Premium Shopper,Birthday Bash Sale,296578.81,114,2601.57,564.96,4988.13
Samsung,Premium Shopper,Black Friday Blowout,356752.77,133,2682.35,504.47,4862.74
Samsung,Premium Shopper,Cart Crasher Campaign,416127.96,144,2889.78,668.09,4891.86
Samsung,Premium Shopper,Cashback Carnival,330339.54,120,2752.83,515.62,4992.51
Samsung,Premium Shopper,Clearance Countdown,394457.07,141,2797.57,531.90,4965.24
Samsung,Premium Shopper,Countdown to Savings,348366.68,119,2927.45,629.53,4994.73
Samsung,Premium Shopper,Customer Appreciation Week,336312.41,120,2802.60,510.74,4948.98
Samsung,Premium Shopper,Cyber Monday Mania,390380.55,145,2692.28,523.26,4970.84
Samsung,Premium Shopper,Deal of the Month,371688.37,129,2881.31,580.02,4974.10
Samsung,Premium Shopper,Double Points Bonanza,348529.36,126,2766.11,527.27,4969.88
Samsung,Premium Shopper,Early Bird Specials,327951.30,123,2666.27,511.37,4969.84
Samsung,Premium Shopper,End of Season Sale,332521.16,125,2660.17,501.06,4962.29
Samsung,Premium Shopper,Exclusive Insider Offers,387850.10,148,2620.61,550.80,4993.19
Samsung,Premium Shopper,Festive Fever Promo,389633.27,141,2763.36,514.78,4996.29
Samsung,Premium Shopper,Final Call Frenzy,417546.64,148,2821.26,517.61,4996.78
Samsung,Premium Shopper,Flash Frenzy Friday,436550.08,168,2598.51,520.17,4991.73
Samsung,Premium Shopper,"Gift More, Spend Less",373169.20,132,2827.04,515.52,4997.81
Samsung,Premium Shopper,Golden Hour Bargains,400151.59,131,3054.59,642.30,4994.43
Samsung,Premium Shopper,Green Weekend Deals,361278.92,125,2890.23,542.63,4995.60
Samsung,Premium Shopper,Happy Hour Discounts,408272.31,145,2815.67,507.06,4959.67
Samsung,Premium Shopper,Holiday Shopping Rush,378512.33,132,2867.52,572.22,4937.38
Samsung,Premium Shopper,Hot Picks Promo,384540.37,135,2848.45,529.55,4972.88
Samsung,Premium Shopper,Instant Gratification Sale,374217.73,139,2692.21,559.63,4978.27
Samsung,Premium Shopper,Limited Time Treasures,341798.74,124,2756.44,517.31,4983.57
Samsung,Premium Shopper,Loyalty Rewards Blast,339572.54,124,2738.49,507.26,4963.45
Samsung,Premium Shopper,Mega Weekend Bonanza,361022.23,132,2735.02,502.17,4941.10
Samsung,Premium Shopper,Mid-Year Madness,398258.37,143,2785.02,525.44,4937.63
Samsung,Premium Shopper,Midnight Madness,333487.97,122,2733.51,514.45,4997.66
Samsung,Premium Shopper,Mystery Discount Days,396335.80,145,2733.35,511.29,4953.70
Samsung,Premium Shopper,New Arrival Showcase,396502.41,143,2772.74,583.84,4978.80
Samsung,Premium Shopper,New Product Launch Promo,380414.33,142,2678.97,518.01,4994.66
Samsung,Premium Shopper,New Year Kickoff,370639.99,133,2786.77,511.75,4994.34
Samsung,Premium Shopper,Price Drop Parade,349144.46,119,2933.99,510.91,4994.05
Samsung,Premium Shopper,Red Tag Clearance,321150.26,123,2610.98,536.21,4994.95
Samsung,Premium Shopper,Seasonal Surprise Box,403795.22,153,2639.18,523.64,4974.29
Samsung,Premium Shopper,Shop & Save Spectacular,283247.73,107,2647.18,524.40,4970.95
Samsung,Premium Shopper,Smart Shopper Week,389281.18,154,2527.80,548.03,4994.28
Samsung,Premium Shopper,Spring Refresh Event,324862.11,119,2729.93,513.99,4959.77
Samsung,Premium Shopper,Spring Splash Discounts,328530.01,121,2715.12,504.23,4991.34
Samsung,Premium Shopper,Summer Sizzle Promo,384241.33,132,2910.92,525.98,4907.78
Samsung,Premium Shopper,Super Savings Week,423792.85,146,2902.69,504.67,4990.42
Samsung,Premium Shopper,Ultimate Value Event,382065.13,138,2768.59,514.22,4994.79
Samsung,Premium Shopper,VIP Access Sale,411325.76,152,2706.09,508.20,4988.37
Samsung,Premium Shopper,Weekend Warrior Specials,398550.21,137,2909.13,536.89,4972.17
Samsung,Premium Shopper,Winter Clearance Carnival,399871.53,153,2613.54,514.39,4986.95
Samsung,Premium Shopper,Winter Wonders Sale,310259.71,115,2697.91,554.39,4943.86
Sony,Budget Shopper,12 Days of Deals,200608.37,70,2865.83,512.48,4990.97
Sony,Budget Shopper,Autumn Deals Drive,184812.79,62,2980.85,548.79,4967.80
Sony,Budget Shopper,BOGO Blitz,212576.16,72,2952.45,583.91,4887.19
Sony,Budget Shopper,Back to School Boost,194957.50,67,2909.81,646.63,4991.63
Sony,Budget Shopper,Birthday Bash Sale,178179.12,67,2659.39,604.03,4941.20
Sony,Budget Shopper,Black Friday Blowout,211329.48,71,2976.47,540.65,4978.84
Sony,Budget Shopper,Cart Crasher Campaign,191125.69,63,3033.74,505.65,4975.27
Sony,Budget Shopper,Cashback Carnival,181115.80,65,2786.40,573.78,4819.58
Sony,Budget Shopper,Clearance Countdown,176262.56,63,2797.82,512.11,4890.52
Sony,Budget Shopper,Countdown to Savings,169874.94,61,2784.84,567.90,4940.36
Sony,Budget Shopper,Customer Appreciation Week,164452.19,60,2740.87,525.29,4991.30
Sony,Budget Shopper,Cyber Monday Mania,168192.89,64,2628.01,536.42,4972.99
Sony,Budget Shopper,Deal of the Month,185051.87,64,2891.44,505.51,4966.88
Sony,Budget Shopper,Double Points Bonanza,186554.58,68,2743.45,502.69,4986.99
Sony,Budget Shopper,Early Bird Specials,201452.79,70,2877.90,710.87,4976.66
Sony,Budget Shopper,End of Season Sale,137458.56,56,2454.62,511.30,4928.88
Sony,Budget Shopper,Exclusive Insider Offers,187370.10,68,2755.44,516.09,4910.79
Sony,Budget Shopper,Festive Fever Promo,175034.05,60,2917.23,627.44,4898.49
Sony,Budget Shopper,Final Call Frenzy,187314.14,68,2754.62,535.12,4899.06
Sony,Budget Shopper,Flash Frenzy Friday,149607.18,54,2770.50,588.24,4860.35
Sony,Budget Shopper,"Gift More, Spend Less",165416.49,67,2468.90,543.91,4948.34
Sony,Budget Shopper,Golden Hour Bargains,208162.39,71,2931.86,651.78,4847.63
Sony,Budget Shopper,Green Weekend Deals,157668.08,58,2718.42,537.96,4757.85
Sony,Budget Shopper,Happy Hour Discounts,191907.76,66,2907.69,700.13,4876.54
Sony,Budget Shopper,Holiday Shopping Rush,190160.28,68,2796.47,519.96,4905.52
Sony,Budget Shopper,Hot Picks Promo,153956.99,58,2654.43,510.10,4733.14
Sony,Budget Shopper,Instant Gratification Sale,207031.32,81,2555.94,538.85,4888.88
Sony,Budget Shopper,Limited Time Treasures,173418.69,61,2842.93,647.38,4835.92
Sony,Budget Shopper,Loyalty Rewards Blast,173766.86,66,2632.83,529.29,4953.27
Sony,Budget Shopper,Mega Weekend Bonanza,202397.40,72,2811.07,512.88,4826.38
Sony,Budget Shopper,Mid-Year Madness,210565.74,77,2734.62,502.59,4901.77
Sony,Budget Shopper,Midnight Madness,138257.03,54,2560.32,591.38,4679.57
Sony,Budget Shopper,Mystery Discount Days,153358.65,57,2690.50,590.91,4755.91
Sony,Budget Shopper,New Arrival Showcase,176830.38,63,2806.83,628.34,4991.76
Sony,Budget Shopper,New Product Launch Promo,239833.55,81,2960.91,927.16,4874.57
Sony,Budget Shopper,New Year Kickoff,210496.08,72,2923.56,540.44,4990.42
Sony,Budget Shopper,Price Drop Parade,205365.06,78,2632.89,500.55,4996.70
Sony,Budget Shopper,Red Tag Clearance,208669.10,73,2858.48,539.36,4951.00
Sony,Budget Shopper,Seasonal Surprise Box,207978.48,73,2849.02,556.25,4916.16
Sony,Budget Shopper,Shop & Save Spectacular,168259.42,67,2511.33,532.92,4748.61
Sony,Budget Shopper,Smart Shopper Week,202232.04,77,2626.39,521.56,4997.06
Sony,Budget Shopper,Spring Refresh Event,157923.81,53,2979.69,551.95,4966.85
Sony,Budget Shopper,Spring Splash Discounts,134686.43,46,2927.97,508.68,4986.75
Sony,Budget Shopper,Summer Sizzle Promo,144421.55,47,3072.80,627.66,4937.75
Sony,Budget Shopper,Super Savings Week,166799.80,59,2827.12,648.09,4912.91
Sony,Budget Shopper,Ultimate Value Event,174828.74,68,2571.01,550.96,4911.22
Sony,Budget Shopper,VIP Access Sale,198313.36,71,2793.15,524.94,4969.11
Sony,Budget Shopper,Weekend Warrior Specials,183330.58,61,3005.42,634.71,4879.01
Sony,Budget Shopper,Winter Clearance Carnival,204930.07,76,2696.45,523.40,4952.52
Sony,Budget Shopper,Winter Wonders Sale,168260.10,69,2438.55,518.25,4969.95
Sony,Churn Risk,12 Days of Deals,158755.77,58,2737.17,593.55,4908.68
Sony,Churn Risk,Autumn Deals Drive,169055.09,59,2865.34,501.19,4840.26
Sony,Churn Risk,BOGO Blitz,210377.37,80,2629.72,594.86,4992.57
Sony,Churn Risk,Back to School Boost,197643.13,74,2670.85,513.64,4878.46
Sony,Churn Risk,Birthday Bash Sale,190434.79,67,2842.31,500.37,4952.58
Sony,Churn Risk,Black Friday Blowout,154793.42,56,2764.17,628.13,4997.94
Sony,Churn Risk,Cart Crasher Campaign,160764.69,58,2771.80,605.85,4834.65
Sony,Churn Risk,Cashback Carnival,197158.68,69,2857.37,552.33,4977.79
Sony,Churn Risk,Clearance Countdown,178323.07,69,2584.39,587.59,4978.80
Sony,Churn Risk,Countdown to Savings,118636.56,48,2471.60,611.92,4972.20
Sony,Churn Risk,Customer Appreciation Week,214507.58,78,2750.10,541.55,4988.06
Sony,Churn Risk,Cyber Monday Mania,172074.79,63,2731.35,555.93,4965.97
Sony,Churn Risk,Deal of the Month,175679.78,66,2661.81,531.94,4777.12
Sony,Churn Risk,Double Points Bonanza,144128.20,55,2620.51,500.48,4960.61
Sony,Churn Risk,Early Bird Specials,199329.16,75,2657.72,524.31,4931.13
Sony,Churn Risk,End of Season Sale,186298.03,71,2623.92,523.23,4931.97
Sony,Churn Risk,Exclusive Insider Offers,200061.88,69,2899.45,778.24,4966.63
Sony,Churn Risk,Festive Fever Promo,196080.29,72,2723.34,555.14,4836.22
Sony,Churn Risk,Final Call Frenzy,146515.09,60,2441.92,541.57,4675.93
Sony,Churn Risk,Flash Frenzy Friday,242880.31,79,3074.43,556.63,4972.77
Sony,Churn Risk,"Gift More, Spend Less",109079.12,42,2597.12,550.57,4851.51
Sony,Churn Risk,Golden Hour Bargains,186985.83,71,2633.60,581.05,4968.20
Sony,Churn Risk,Green Weekend Deals,254985.14,88,2897.56,547.27,4961.24
Sony,Churn Risk,Happy Hour Discounts,204443.29,74,2762.75,512.26,4939.17
Sony,Churn Risk,Holiday Shopping Rush,184428.98,65,2837.37,699.48,4950.53
Sony,Churn Risk,Hot Picks Promo,156336.80,59,2649.78,506.70,4973.40
Sony,Churn Risk,Instant Gratification Sale,155887.05,61,2555.53,516.85,4918.55
Sony,Churn Risk,Limited Time Treasures,167612.58,58,2889.87,615.18,4891.97
Sony,Churn Risk,Loyalty Rewards Blast,196787.62,76,2589.31,517.72,4956.43
Sony,Churn Risk,Mega Weekend Bonanza,190339.46,71,2680.84,546.58,4981.51
Sony,Churn Risk,Mid-Year Madness,180041.08,68,2647.66,625.50,4995.57
Sony,Churn Risk,Midnight Madness,191840.40,60,3197.34,613.77,4952.02
Sony,Churn Risk,Mystery Discount Days,155276.43,62,2504.46,545.62,4892.88
Sony,Churn Risk,New Arrival Showcase,194538.74,70,2779.12,504.98,4904.50
Sony,Churn Risk,New Product Launch Promo,187959.82,72,2610.55,517.49,4938.67
Sony,Churn Risk,New Year Kickoff,197171.67,69,2857.56,515.89,4982.65
Sony,Churn Risk,Price Drop Parade,195498.08,73,2678.06,590.60,4942.28
Sony,Churn Risk,Red Tag Clearance,121867.64,45,2708.17,736.83,4900.34
Sony,Churn Risk,Seasonal Surprise Box,194699.63,66,2949.99,569.00,4952.87
Sony,Churn Risk,Shop & Save Spectacular,184630.92,67,2755.69,556.44,4984.81
Sony,Churn Risk,Smart Shopper Week,150222.01,60,2503.70,524.99,4733.67
Sony,Churn Risk,Spring Refresh Event,159592.04,60,2659.87,619.98,4732.51
Sony,Churn Risk,Spring Splash Discounts,181146.36,67,2703.68,581.61,4982.39
Sony,Churn Risk,Summer Sizzle Promo,182018.34,68,2676.74,514.80,4990.78
Sony,Churn Risk,Super Savings Week,153404.52,54,2840.82,513.54,4957.55
Sony,Churn Risk,Ultimate Value Event,237237.54,84,2824.26,586.94,4997.03
Sony,Churn Risk,VIP Access Sale,179009.96,67,2671.79,633.52,4863.99
Sony,Churn Risk,Weekend Warrior Specials,144401.57,55,2625.48,501.99,4862.35
Sony,Churn Risk,Winter Clearance Carnival,163768.89,62,2641.43,538.37,4993.31
Sony,Churn Risk,Winter Wonders Sale,161038.93,56,2875.70,556.37,4959.42
Sony,Deal Seeker,12 Days of Deals,144818.41,55,2633.06,507.68,4999.82
Sony,Deal Seeker,Autumn Deals Drive,210056.89,70,3000.81,547.73,4985.87
Sony,Deal Seeker,BOGO Blitz,199889.57,72,2776.24,571.53,4946.81
Sony,Deal Seeker,Back to School Boost,163060.97,62,2630.02,528.51,4854.02
Sony,Deal Seeker,Birthday Bash Sale,151152.69,59,2561.91,550.45,4964.56
Sony,Deal Seeker,Black Friday Blowout,174082.05,66,2637.61,527.54,4929.40
Sony,Deal Seeker,Cart Crasher Campaign,199225.90,75,2656.35,558.62,4979.04
Sony,Deal Seeker,Cashback Carnival,178946.21,67,2670.84,523.88,4993.59
Sony,Deal Seeker,Clearance Countdown,206164.59,83,2483.91,508.90,4980.58
Sony,Deal Seeker,Countdown to Savings,172197.83,61,2822.92,532.55,4924.06
Sony,Deal Seeker,Customer Appreciation Week,171031.90,61,2803.80,563.59,4977.03
Sony,Deal Seeker,Cyber Monday Mania,193983.50,72,2694.22,511.34,4917.48
Sony,Deal Seeker,Deal of the Month,126540.09,52,2433.46,501.76,4935.77
Sony,Deal Seeker,Double Points Bonanza,210803.85,68,3100.06,529.64,4994.70
Sony,Deal Seeker,Early Bird Specials,212937.32,78,2729.97,512.07,4903.31
Sony,Deal Seeker,End of Season Sale,168542.38,61,2762.99,584.73,4967.82
Sony,Deal Seeker,Exclusive Insider Offers,195767.24,71,2757.29,511.49,4879.72
Sony,Deal Seeker,Festive Fever Promo,185824.89,70,2654.64,604.97,4968.92
Sony,Deal Seeker,Final Call Frenzy,180686.11,65,2779.79,501.33,4947.14
Sony,Deal Seeker,Flash Frenzy Friday,196519.83,70,2807.43,516.92,4989.13
Sony,Deal Seeker,"Gift More, Spend Less",221069.38,80,2763.37,517.58,4984.69
Sony,Deal Seeker,Golden Hour Bargains,177626.44,65,2732.71,595.45,4830.13
Sony,Deal Seeker,Green Weekend Deals,146915.83,54,2720.66,543.34,4996.94
Sony,Deal Seeker,Happy Hour Discounts,148932.45,59,2524.28,552.66,4877.85
Sony,Deal Seeker,Holiday Shopping Rush,172061.20,61,2820.68,533.24,4935.15
Sony,Deal Seeker,Hot Picks Promo,218532.17,74,2953.14,554.53,4960.09
Sony,Deal Seeker,Instant Gratification Sale,186547.95,70,2664.97,502.13,4957.39
Sony,Deal Seeker,Limited Time Treasures,155372.43,55,2824.95,835.10,4865.59
Sony,Deal Seeker,Loyalty Rewards Blast,184865.93,69,2679.22,526.16,4962.20
Sony,Deal Seeker,Mega Weekend Bonanza,211943.41,82,2584.68,503.47,4899.10
Sony,Deal Seeker,Mid-Year Madness,158799.32,59,2691.51,573.99,4998.40
Sony,Deal Seeker,Midnight Madness,151200.23,58,2606.90,660.28,4992.60
Sony,Deal Seeker,Mystery Discount Days,146222.45,52,2811.97,539.62,4988.03
Sony,Deal Seeker,New Arrival Showcase,191796.37,67,2862.63,722.02,4999.95
Sony,Deal Seeker,New Product Launch Promo,177610.50,63,2819.21,529.19,4942.82
Sony,Deal Seeker,New Year Kickoff,186141.37,66,2820.32,609.32,4994.52
Sony,Deal Seeker,Price Drop Parade,209345.62,75,2791.27,598.47,4984.20
Sony,Deal Seeker,Red Tag Clearance,151645.75,62,2445.90,508.61,4957.92
Sony,Deal Seeker,Seasonal Surprise Box,147567.51,56,2635.13,562.45,4859.31
Sony,Deal Seeker,Shop & Save Spectacular,215424.80,81,2659.57,542.14,4966.61
Sony,Deal Seeker,Smart Shopper Week,176790.17,68,2599.86,574.90,4994.34
Sony,Deal Seeker,Spring Refresh Event,159806.43,67,2385.17,500.80,4923.05
Sony,Deal Seeker,Spring Splash Discounts,161314.61,62,2601.85,516.08,4956.23
Sony,Deal Seeker,Summer Sizzle Promo,198573.04,78,2545.81,539.89,4942.47
Sony,Deal Seeker,Super Savings Week,184962.82,70,2642.33,517.54,4866.09
Sony,Deal Seeker,Ultimate Value Event,195233.13,68,2871.08,548.83,4943.18
Sony,Deal Seeker,VIP Access Sale,180654.62,69,2618.18,510.24,4929.88
Sony,Deal Seeker,Weekend Warrior Specials,167514.00,63,2658.95,570.20,4962.47
Sony,Deal Seeker,Winter Clearance Carnival,217948.81,75,2905.98,541.78,4980.30
Sony,Deal Seeker,Winter Wonders Sale,173775.58,67,2593.67,511.22,4963.59
Sony,First-time Buyer,12 Days of Deals,149028.13,68,2191.59,502.99,4837.45
Sony,First-time Buyer,Autumn Deals Drive,166246.40,64,2597.60,510.09,4995.33
Sony,First-time Buyer,BOGO Blitz,183498.66,63,2912.68,574.10,4997.65
Sony,First-time Buyer,Back to School Boost,178435.43,70,2549.08,635.57,4606.84
Sony,First-time Buyer,Birthday Bash Sale,169334.56,62,2731.20,542.91,4912.59
Sony,First-time Buyer,Black Friday Blowout,202051.83,74,2730.43,608.21,4941.43
Sony,First-time Buyer,Cart Crasher Campaign,232647.54,76,3061.15,559.52,4969.67
Sony,First-time Buyer,Cashback Carnival,161356.69,64,2521.20,628.25,4985.76
Sony,First-time Buyer,Clearance Countdown,222669.39,85,2619.64,564.93,4987.51
Sony,First-time Buyer,Countdown to Savings,193036.90,65,2969.80,542.24,4965.43
Sony,First-time Buyer,Customer Appreciation Week,184446.70,61,3023.72,881.00,4927.49
Sony,First-time Buyer,Cyber Monday Mania,207923.45,77,2700.30,594.69,4851.36
Sony,First-time Buyer,Deal of the Month,171517.43,65,2638.73,519.59,4963.23
Sony,First-time Buyer,Double Points Bonanza,219131.16,79,2773.81,622.81,4867.39
Sony,First-time Buyer,Early Bird Specials,181800.67,64,2840.64,504.33,4986.96
Sony,First-time Buyer,End of Season Sale,151636.94,46,3296.46,662.06,4973.06
Sony,First-time Buyer,Exclusive Insider Offers,146561.49,54,2714.10,541.64,4850.07
Sony,First-time Buyer,Festive Fever Promo,170518.91,57,2991.56,724.74,4929.31
Sony,First-time Buyer,Final Call Frenzy,186292.51,70,2661.32,618.39,4883.67
Sony,First-time Buyer,Flash Frenzy Friday,180429.47,67,2692.98,507.07,4941.25
Sony,First-time Buyer,"Gift More, Spend Less",198968.43,70,2842.41,532.54,4963.15
Sony,First-time Buyer,Golden Hour Bargains,140432.95,60,2340.55,508.06,4950.86
Sony,First-time Buyer,Green Weekend Deals,167521.47,58,2888.30,510.33,4828.13
Sony,First-time Buyer,Happy Hour Discounts,164235.39,56,2932.77,623.97,4971.70
Sony,First-time Buyer,Holiday Shopping Rush,160646.07,59,2722.81,510.18,4970.37
Sony,First-time Buyer,Hot Picks Promo,216831.61,76,2853.05,532.31,4995.49
Sony,First-time Buyer,Instant Gratification Sale,192391.02,66,2915.02,508.08,4946.80
Sony,First-time Buyer,Limited Time Treasures,194890.86,64,3045.17,571.47,4999.11
Sony,First-time Buyer,Loyalty Rewards Blast,168462.88,54,3119.68,653.06,4938.65
Sony,First-time Buyer,Mega Weekend Bonanza,193943.84,70,2770.63,558.26,4952.33
Sony,First-time Buyer,Mid-Year Madness,160852.74,63,2553.22,500.72,4930.45
Sony,First-time Buyer,Midnight Madness,190536.07,68,2802.00,600.48,4988.40
Sony,First-time Buyer,Mystery Discount Days,170473.08,66,2582.93,642.20,4813.13
Sony,First-time Buyer,New Arrival Showcase,130934.83,46,2846.41,657.00,4981.95
Sony,First-time Buyer,New Product Launch Promo,158648.44,56,2833.01,500.19,4887.38
Sony,First-time Buyer,New Year Kickoff,202940.47,68,2984.42,624.54,4929.87
Sony,First-time Buyer,Price Drop Parade,186777.79,68,2746.73,623.52,4851.89
Sony,First-time Buyer,Red Tag Clearance,171241.76,64,2675.65,683.67,4919.13
Sony,First-time Buyer,Seasonal Surprise Box,159462.14,54,2953.00,550.70,4853.38
Sony,First-time Buyer,Shop & Save Spectacular,159812.49,61,2619.88,537.32,4975.26
Sony,First-time Buyer,Smart Shopper Week,119606.34,48,2491.80,638.11,4930.37
Sony,First-time Buyer,Spring Refresh Event,209653.51,77,2722.77,581.04,4911.50
Sony,First-time Buyer,Spring Splash Discounts,148386.33,55,2697.93,540.70,4892.59
Sony,First-time Buyer,Summer Sizzle Promo,180889.04,66,2740.74,518.59,4980.85
Sony,First-time Buyer,Super Savings Week,208129.21,69,3016.37,639.99,4960.07
Sony,First-time Buyer,Ultimate Value Event,190807.15,70,2725.82,529.28,4888.58
Sony,First-time Buyer,VIP Access Sale,189454.61,65,2914.69,524.73,4943.62
Sony,First-time Buyer,Weekend Warrior Specials,207438.73,69,3006.36,508.27,4968.73
Sony,First-time Buyer,Winter Clearance Carnival,211116.90,73,2892.01,560.75,4973.51
Sony,First-time Buyer,Winter Wonders Sale,173628.37,67,2591.47,517.04,4958.36
Sony,High Value,12 Days of Deals,151081.55,55,2746.94,530.57,4851.08
Sony,High Value,Autumn Deals Drive,169752.39,63,2694.48,512.30,4979.01
Sony,High Value,BOGO Blitz,188197.39,70,2688.53,523.81,4874.80
Sony,High Value,Back to School Boost,188599.24,69,2733.32,554.75,4976.48
Sony,High Value,Birthday Bash Sale,199600.08,73,2734.25,501.00,4915.43
Sony,High Value,Black Friday Blowout,207589.57,73,2843.69,531.51,4895.80
Sony,High Value,Cart Crasher Campaign,230465.52,81,2845.25,555.57,4985.04
Sony,High Value,Cashback Carnival,200317.09,74,2706.99,583.14,4944.06
Sony,High Value,Clearance Countdown,188218.98,68,2767.93,509.07,4985.51
Sony,High Value,Countdown to Savings,181190.51,64,2831.10,504.17,4925.42
Sony,High Value,Customer Appreciation Week,212242.24,77,2756.39,505.23,4996.51
Sony,High Value,Cyber Monday Mania,186183.01,68,2737.99,504.44,4882.47
Sony,High Value,Deal of the Month,200583.33,74,2710.59,616.85,4992.62
Sony,High Value,Double Points Bonanza,159722.38,61,2618.40,529.12,4989.75
Sony,High Value,Early Bird Specials,195787.07,71,2757.56,511.67,4824.26
Sony,High Value,End of Season Sale,191616.46,71,2698.82,546.80,4933.71
Sony,High Value,Exclusive Insider Offers,188397.74,70,2691.40,569.10,4925.17
Sony,High Value,Festive Fever Promo,196515.38,72,2729.38,593.57,4914.77
Sony,High Value,Final Call Frenzy,204532.40,73,2801.81,502.93,4999.96
Sony,High Value,Flash Frenzy Friday,168131.59,65,2586.64,720.33,4961.06
Sony,High Value,"Gift More, Spend Less",161698.11,64,2526.53,521.77,4870.99
Sony,High Value,Golden Hour Bargains,205164.52,78,2630.31,528.25,4942.58
Sony,High Value,Green Weekend Deals,188665.63,73,2584.46,509.28,4990.75
Sony,High Value,Happy Hour Discounts,182294.79,60,3038.25,504.99,4998.47
Sony,High Value,Holiday Shopping Rush,169012.68,63,2682.74,513.38,4951.82
Sony,High Value,Hot Picks Promo,151377.02,55,2752.31,547.29,4965.81
Sony,High Value,Instant Gratification Sale,168766.15,57,2960.81,635.60,4998.62
Sony,High Value,Limited Time Treasures,166323.17,58,2867.64,579.94,4985.25
Sony,High Value,Loyalty Rewards Blast,163254.28,64,2550.85,516.52,4890.22
Sony,High Value,Mega Weekend Bonanza,166478.49,66,2522.40,622.21,4987.82
Sony,High Value,Mid-Year Madness,180155.59,66,2729.63,541.56,4933.88
Sony,High Value,Midnight Madness,168226.00,62,2713.32,537.68,4940.81
Sony,High Value,Mystery Discount Days,203241.16,72,2822.79,506.12,4856.01
Sony,High Value,New Arrival Showcase,161778.22,62,2609.33,721.75,4965.74
Sony,High Value,New Product Launch Promo,164178.83,63,2606.01,723.17,4946.31
Sony,High Value,New Year Kickoff,168657.61,61,2764.88,546.02,4781.03
Sony,High Value,Price Drop Parade,187115.71,69,2711.82,536.19,4925.21
Sony,High Value,Red Tag Clearance,173901.07,64,2717.20,533.63,4941.65
Sony,High Value,Seasonal Surprise Box,212907.07,74,2877.12,667.26,4993.58
Sony,High Value,Shop & Save Spectacular,173239.43,68,2547.64,530.91,4898.29
Sony,High Value,Smart Shopper Week,151283.94,66,2292.18,527.37,4709.98
Sony,High Value,Spring Refresh Event,173640.63,64,2713.13,521.20,4918.80
Sony,High Value,Spring Splash Discounts,199521.80,72,2771.14,675.21,4999.08
Sony,High Value,Summer Sizzle Promo,175670.32,70,2509.58,556.24,4995.77
Sony,High Value,Super Savings Week,157960.95,56,2820.73,785.19,4962.33
Sony,High Value,Ultimate Value Event,161888.58,60,2698.14,562.62,4995.39
Sony,High Value,VIP Access Sale,205329.03,78,2632.42,525.24,4936.63
Sony,High Value,Weekend Warrior Specials,151198.08,63,2399.97,530.46,4651.45
Sony,High Value,Winter Clearance Carnival,178772.75,63,2837.66,571.89,4978.61
Sony,High Value,Winter Wonders Sale,192368.61,72,2671.79,616.03,4981.87
Sony,In-Store Regular,12 Days of Deals,242451.35,84,2886.33,563.97,4874.22
Sony,In-Store Regular,Autumn Deals Drive,176953.44,66,2681.11,554.98,4929.94
Sony,In-Store Regular,BOGO Blitz,118652.22,50,2373.04,508.20,4998.29
Sony,In-Store Regular,Back to School Boost,200070.99,74,2703.66,564.32,4850.07
Sony,In-Store Regular,Birthday Bash Sale,165121.43,56,2948.60,502.96,4987.85
Sony,In-Store Regular,Black Friday Blowout,187448.58,71,2640.12,505.50,4960.23
Sony,In-Store Regular,Cart Crasher Campaign,193720.48,66,2935.16,555.07,4921.08
Sony,In-Store Regular,Cashback Carnival,195136.16,71,2748.40,591.65,4953.41
Sony,In-Store Regular,Clearance Countdown,173814.73,61,2849.42,539.49,4961.63
Sony,In-Store Regular,Countdown to Savings,189227.23,73,2592.15,515.96,4926.97
Sony,In-Store Regular,Customer Appreciation Week,193621.60,68,2847.38,535.71,4918.96
Sony,In-Store Regular,Cyber Monday Mania,222915.04,80,2786.44,534.63,4978.20
Sony,In-Store Regular,Deal of the Month,156995.05,59,2660.93,567.15,4890.59
Sony,In-Store Regular,Double Points Bonanza,160414.25,63,2546.26,536.00,4798.32
Sony,In-Store Regular,Early Bird Specials,174677.09,64,2729.33,552.84,4949.93
Sony,In-Store Regular,End of Season Sale,171855.22,63,2727.86,514.21,4909.90
Sony,In-Store Regular,Exclusive Insider Offers,188491.76,69,2731.76,531.91,4920.78
Sony,In-Store Regular,Festive Fever Promo,253362.27,83,3052.56,744.19,4998.89
Sony,In-Store Regular,Final Call Frenzy,174708.34,66,2647.10,525.89,4974.82
Sony,In-Store Regular,Flash Frenzy Friday,156507.87,58,2698.41,504.09,4929.47
Sony,In-Store Regular,"Gift More, Spend Less",142522.67,55,2591.32,583.89,4963.15
Sony,In-Store Regular,Golden Hour Bargains,158046.30,60,2634.10,620.76,4738.27
Sony,In-Store Regular,Green Weekend Deals,181785.10,75,2423.80,534.23,4853.45
Sony,In-Store Regular,Happy Hour Discounts,161425.23,59,2736.02,523.68,4779.42
Sony,In-Store Regular,Holiday Shopping Rush,144115.52,62,2324.44,500.69,4980.69
Sony,In-Store Regular,Hot Picks Promo,203730.08,70,2910.43,517.20,4949.37
Sony,In-Store Regular,Instant Gratification Sale,164428.98,63,2609.98,531.82,4954.16
Sony,In-Store Regular,Limited Time Treasures,187818.15,67,2803.26,575.61,4829.04
Sony,In-Store Regular,Loyalty Rewards Blast,160403.26,59,2718.70,571.64,4935.58
Sony,In-Store Regular,Mega Weekend Bonanza,184670.06,64,2885.47,672.60,4947.75
Sony,In-Store Regular,Mid-Year Madness,149256.31,60,2487.61,773.31,4973.16
Sony,In-Store Regular,Midnight Madness,197066.06,77,2559.30,505.60,4998.52
Sony,In-Store Regular,Mystery Discount Days,198721.52,67,2965.99,509.49,4824.25
Sony,In-Store Regular,New Arrival Showcase,181675.18,62,2930.24,627.87,4780.85
Sony,In-Store Regular,New Product Launch Promo,174741.18,58,3012.78,872.14,4998.30
Sony,In-Store Regular,New Year Kickoff,219820.31,82,2680.74,514.95,4960.50
Sony,In-Store Regular,Price Drop Parade,212651.70,77,2761.71,768.37,4998.14
Sony,In-Store Regular,Red Tag Clearance,191879.08,65,2951.99,575.08,4970.88
Sony,In-Store Regular,Seasonal Surprise Box,172444.09,61,2826.95,529.84,4971.04
Sony,In-Store Regular,Shop & Save Spectacular,182896.59,66,2771.16,520.03,4841.20
Sony,In-Store Regular,Smart Shopper Week,182671.84,64,2854.25,565.35,4998.63
Sony,In-Store Regular,Spring Refresh Event,152925.93,53,2885.39,500.05,4943.87
Sony,In-Store Regular,Spring Splash Discounts,170108.13,59,2883.19,556.91,4977.22
Sony,In-Store Regular,Summer Sizzle Promo,181293.13,65,2789.13,669.16,4864.18
Sony,In-Store Regular,Super Savings Week,209878.54,73,2875.05,578.60,4890.50
Sony,In-Store Regular,Ultimate Value Event,171130.20,63,2716.35,539.45,4977.78
Sony,In-Store Regular,VIP Access Sale,148934.96,56,2659.55,564.64,4864.66
Sony,In-Store Regular,Weekend Warrior Specials,190759.45,66,2890.29,676.16,4931.39
Sony,In-Store Regular,Winter Clearance Carnival,180426.24,61,2957.81,508.37,4966.51
Sony,In-Store Regular,Winter Wonders Sale,155225.76,60,2587.10,592.45,4977.49
Sony,Loyal Customer,12 Days of Deals,181499.81,67,2708.95,543.31,4925.65
Sony,Loyal Customer,Autumn Deals Drive,193822.67,68,2850.33,623.00,4966.77
Sony,Loyal Customer,BOGO Blitz,157040.12,60,2617.34,506.08,4926.42
Sony,Loyal Customer,Back to School Boost,193429.46,76,2545.12,537.57,4973.63
Sony,Loyal Customer,Birthday Bash Sale,197197.65,68,2899.97,560.47,4992.83
Sony,Loyal Customer,Black Friday Blowout,183199.18,68,2694.11,603.17,4988.29
Sony,Loyal Customer,Cart Crasher Campaign,176503.76,61,2893.50,508.56,4995.09
Sony,Loyal Customer,Cashback Carnival,206819.44,78,2651.53,533.71,4974.17
Sony,Loyal Customer,Clearance Countdown,193843.78,73,2655.39,500.08,4957.03
Sony,Loyal Customer,Countdown to Savings,196922.83,69,2853.95,540.58,4842.51
Sony,Loyal Customer,Customer Appreciation Week,177639.14,66,2691.50,508.42,4959.50
Sony,Loyal Customer,Cyber Monday Mania,212088.57,78,2719.08,678.20,4950.58
Sony,Loyal Customer,Deal of the Month,179835.64,65,2766.70,536.01,4906.18
Sony,Loyal Customer,Double Points Bonanza,162566.08,61,2665.02,552.69,4842.67
Sony,Loyal Customer,Early Bird Specials,162400.50,62,2619.36,530.20,4976.07
Sony,Loyal Customer,End of Season Sale,202934.33,68,2984.33,624.50,4882.85
Sony,Loyal Customer,Exclusive Insider Offers,191603.55,70,2737.19,565.94,4984.72
Sony,Loyal Customer,Festive Fever Promo,204657.65,78,2623.82,561.54,4952.66
Sony,Loyal Customer,Final Call Frenzy,215859.42,73,2956.98,577.92,4904.77
Sony,Loyal Customer,Flash Frenzy Friday,198580.83,69,2877.98,538.99,4985.86
Sony,Loyal Customer,"Gift More, Spend Less",145573.44,54,2695.80,506.16,4924.44
Sony,Loyal Customer,Golden Hour Bargains,189054.30,67,2821.71,540.66,4960.69
Sony,Loyal Customer,Green Weekend Deals,196131.89,69,2842.49,731.55,4975.50
Sony,Loyal Customer,Happy Hour Discounts,164763.20,71,2320.61,550.50,4758.98
Sony,Loyal Customer,Holiday Shopping Rush,168250.05,64,2628.91,572.24,4933.29
Sony,Loyal Customer,Hot Picks Promo,236530.84,87,2718.75,532.60,4978.45
Sony,Loyal Customer,Instant Gratification Sale,169417.75,64,2647.15,520.36,4935.74
Sony,Loyal Customer,Limited Time Treasures,174554.52,64,2727.41,511.62,4992.86
Sony,Loyal Customer,Loyalty Rewards Blast,211184.61,83,2544.39,545.99,4966.52
Sony,Loyal Customer,Mega Weekend Bonanza,177236.24,59,3004.00,572.91,4999.15
Sony,Loyal Customer,Mid-Year Madness,151384.57,52,2911.24,615.70,4976.96
Sony,Loyal Customer,Midnight Madness,183166.86,70,2616.67,595.38,4882.66
Sony,Loyal Customer,Mystery Discount Days,205350.71,78,2632.70,535.77,4944.73
Sony,Loyal Customer,New Arrival Showcase,198337.02,70,2833.39,665.29,4884.59
Sony,Loyal Customer,New Product Launch Promo,173229.78,63,2749.68,603.19,4978.88
Sony,Loyal Customer,New Year Kickoff,179186.19,68,2635.09,613.32,4975.72
Sony,Loyal Customer,Price Drop Parade,205001.77,74,2770.29,523.65,4998.12
Sony,Loyal Customer,Red Tag Clearance,201320.40,70,2876.01,653.66,4971.53
Sony,Loyal Customer,Seasonal Surprise Box,153814.38,56,2746.69,513.30,4744.73
Sony,Loyal Customer,Shop & Save Spectacular,159880.36,54,2960.75,784.97,4934.18
Sony,Loyal Customer,Smart Shopper Week,174902.32,61,2867.25,568.60,4993.43
Sony,Loyal Customer,Spring Refresh Event,180553.70,65,2777.75,519.21,4997.33
Sony,Loyal Customer,Spring Splash Discounts,152034.34,60,2533.91,526.12,4994.80
Sony,Loyal Customer,Summer Sizzle Promo,229584.63,82,2799.81,609.93,4982.04
Sony,Loyal Customer,Super Savings Week,153355.33,52,2949.14,540.27,4956.16
Sony,Loyal Customer,Ultimate Value Event,204888.92,72,2845.68,598.23,4989.59
Sony,Loyal Customer,VIP Access Sale,209725.93,71,2953.89,573.08,4929.98
Sony,Loyal Customer,Weekend Warrior Specials,169308.74,66,2565.28,518.74,4923.67
Sony,Loyal Customer,Winter Clearance Carnival,220929.34,78,2832.43,556.85,4980.07
Sony,Loyal Customer,Winter Wonders Sale,174709.45,60,2911.82,611.63,4983.57
Sony,Occasional Shopper,12 Days of Deals,189223.94,66,2867.03,543.81,4973.41
Sony,Occasional Shopper,Autumn Deals Drive,202845.22,72,2817.29,538.22,4918.49
Sony,Occasional Shopper,BOGO Blitz,213753.11,75,2850.04,594.97,4883.88
Sony,Occasional Shopper,Back to School Boost,177369.58,65,2728.76,523.44,4929.83
Sony,Occasional Shopper,Birthday Bash Sale,191954.64,63,3046.90,535.21,4994.15
Sony,Occasional Shopper,Black Friday Blowout,170830.86,65,2628.17,523.42,4982.29
Sony,Occasional Shopper,Cart Crasher Campaign,240320.58,84,2860.96,546.53,4933.41
Sony,Occasional Shopper,Cashback Carnival,202872.78,68,2983.42,541.55,4969.15
Sony,Occasional Shopper,Clearance Countdown,196201.21,64,3065.64,523.47,4975.43
Sony,Occasional Shopper,Countdown to Savings,168778.65,60,2812.98,625.79,4835.00
Sony,Occasional Shopper,Customer Appreciation Week,235290.48,90,2614.34,507.61,4990.68
Sony,Occasional Shopper,Cyber Monday Mania,179527.15,63,2849.64,698.51,4973.90
Sony,Occasional Shopper,Deal of the Month,178171.81,66,2699.57,553.61,4970.24
Sony,Occasional Shopper,Double Points Bonanza,199683.13,71,2812.44,519.31,4984.27
Sony,Occasional Shopper,Early Bird Specials,144038.73,52,2769.98,609.50,4882.31
Sony,Occasional Shopper,End of Season Sale,208190.92,77,2703.78,554.54,4998.09
Sony,Occasional Shopper,Exclusive Insider Offers,175902.31,65,2706.19,553.35,4993.72
Sony,Occasional Shopper,Festive Fever Promo,197963.58,74,2675.18,533.32,4910.15
Sony,Occasional Shopper,Final Call Frenzy,167495.35,53,3160.29,650.67,4982.74
Sony,Occasional Shopper,Flash Frenzy Friday,212287.19,75,2830.50,546.53,4964.98
Sony,Occasional Shopper,"Gift More, Spend Less",181663.38,65,2794.82,721.81,4910.13
Sony,Occasional Shopper,Golden Hour Bargains,154349.77,52,2968.26,622.50,4957.26
Sony,Occasional Shopper,Green Weekend Deals,146224.11,60,2437.07,560.30,4588.85
Sony,Occasional Shopper,Happy Hour Discounts,158899.66,66,2407.57,541.62,4992.74
Sony,Occasional Shopper,Holiday Shopping Rush,162184.62,62,2615.88,538.03,4983.19
Sony,Occasional Shopper,Hot Picks Promo,170351.39,65,2620.79,559.52,4898.87
Sony,Occasional Shopper,Instant Gratification Sale,182215.24,67,2719.63,523.17,4909.50
Sony,Occasional Shopper,Limited Time Treasures,225568.56,83,2717.69,547.31,4985.29
Sony,Occasional Shopper,Loyalty Rewards Blast,173947.95,64,2717.94,575.11,4958.83
Sony,Occasional Shopper,Mega Weekend Bonanza,156067.23,53,2944.66,562.58,4949.21
Sony,Occasional Shopper,Mid-Year Madness,192986.45,71,2718.12,547.24,4965.47
Sony,Occasional Shopper,Midnight Madness,180234.03,65,2772.83,512.68,4997.58
Sony,Occasional Shopper,Mystery Discount Days,177844.25,61,2915.48,743.82,4994.20
Sony,Occasional Shopper,New Arrival Showcase,176021.67,63,2793.99,620.27,4978.60
Sony,Occasional Shopper,New Product Launch Promo,200847.02,74,2714.15,524.49,4876.32
Sony,Occasional Shopper,New Year Kickoff,209422.76,74,2830.04,590.18,4995.99
Sony,Occasional Shopper,Price Drop Parade,165948.32,63,2634.10,515.45,4972.85
Sony,Occasional Shopper,Red Tag Clearance,183364.36,67,2736.78,516.61,4938.82
Sony,Occasional Shopper,Seasonal Surprise Box,157904.69,62,2546.85,549.60,4984.81
Sony,Occasional Shopper,Shop & Save Spectacular,158925.95,54,2943.07,809.00,4923.39
Sony,Occasional Shopper,Smart Shopper Week,175521.92,65,2700.34,529.82,4921.61
Sony,Occasional Shopper,Spring Refresh Event,207959.95,69,3013.91,556.85,4995.05
Sony,Occasional Shopper,Spring Splash Discounts,220956.27,80,2761.95,525.62,4954.54
Sony,Occasional Shopper,Summer Sizzle Promo,200786.10,71,2827.97,519.40,4995.40
Sony,Occasional Shopper,Super Savings Week,170924.73,63,2713.09,627.48,4983.91
Sony,Occasional Shopper,Ultimate Value Event,167695.39,70,2395.65,543.96,4948.97
Sony,Occasional Shopper,VIP Access Sale,198745.01,68,2922.72,540.35,4892.28
Sony,Occasional Shopper,Weekend Warrior Specials,168299.05,64,2629.67,506.15,4962.71
Sony,Occasional Shopper,Winter Clearance Carnival,195205.77,73,2674.05,515.95,4810.49
Sony,Occasional Shopper,Winter Wonders Sale,162908.07,65,2506.28,584.07,4959.77
Sony,Online Shopper,12 Days of Deals,162208.79,60,2703.48,577.99,4840.35
Sony,Online Shopper,Autumn Deals Drive,137414.83,52,2642.59,704.74,4957.15
Sony,Online Shopper,BOGO Blitz,170233.56,65,2618.98,520.16,4966.02
Sony,Online Shopper,Back to School Boost,161838.71,62,2610.30,503.72,4953.95
Sony,Online Shopper,Birthday Bash Sale,180378.54,70,2576.84,501.02,4972.96
Sony,Online Shopper,Black Friday Blowout,264840.32,93,2847.75,544.61,4947.97
Sony,Online Shopper,Cart Crasher Campaign,243842.32,85,2868.73,502.78,4980.79
Sony,Online Shopper,Cashback Carnival,180981.27,61,2966.91,790.40,4978.78
Sony,Online Shopper,Clearance Countdown,168676.51,66,2555.70,525.83,4950.62
Sony,Online Shopper,Countdown to Savings,161265.09,61,2643.69,549.87,4696.88
Sony,Online Shopper,Customer Appreciation Week,144635.78,50,2892.72,695.86,4898.98
Sony,Online Shopper,Cyber Monday Mania,141285.93,62,2278.81,505.16,4914.62
Sony,Online Shopper,Deal of the Month,171157.22,66,2593.29,521.04,4897.05
Sony,Online Shopper,Double Points Bonanza,201043.52,72,2792.27,622.46,4828.90
Sony,Online Shopper,Early Bird Specials,189438.63,73,2595.05,687.40,4973.28
Sony,Online Shopper,End of Season Sale,163937.16,60,2732.29,672.07,4869.90
Sony,Online Shopper,Exclusive Insider Offers,186735.40,72,2593.55,512.91,4896.85
Sony,Online Shopper,Festive Fever Promo,149341.58,55,2715.30,506.93,4856.49
Sony,Online Shopper,Final Call Frenzy,176291.52,63,2798.28,573.15,4992.32
Sony,Online Shopper,Flash Frenzy Friday,199728.27,69,2894.61,533.60,4999.95
Sony,Online Shopper,"Gift More, Spend Less",182786.22,65,2812.10,632.16,4928.44
Sony,Online Shopper,Golden Hour Bargains,184999.79,68,2720.59,543.91,4662.69
Sony,Online Shopper,Green Weekend Deals,197058.03,71,2775.47,583.13,4944.92
Sony,Online Shopper,Happy Hour Discounts,192378.12,69,2788.09,538.46,4985.65
Sony,Online Shopper,Holiday Shopping Rush,155219.50,58,2676.20,580.71,4893.11
Sony,Online Shopper,Hot Picks Promo,178587.34,63,2834.72,577.63,4962.86
Sony,Online Shopper,Instant Gratification Sale,181199.58,69,2626.08,502.74,4992.54
Sony,Online Shopper,Limited Time Treasures,188296.23,67,2810.39,597.67,4964.27
Sony,Online Shopper,Loyalty Rewards Blast,182340.98,72,2532.51,503.58,4872.78
Sony,Online Shopper,Mega Weekend Bonanza,185478.11,66,2810.27,578.83,4937.77
Sony,Online Shopper,Mid-Year Madness,191772.72,75,2556.97,560.33,4943.63
Sony,Online Shopper,Midnight Madness,183835.74,65,2828.24,706.71,4891.51
Sony,Online Shopper,Mystery Discount Days,160134.72,60,2668.91,511.46,4893.78
Sony,Online Shopper,New Arrival Showcase,203516.56,74,2750.22,633.40,4947.10
Sony,Online Shopper,New Product Launch Promo,193370.55,73,2648.91,527.41,4995.68
Sony,Online Shopper,New Year Kickoff,184635.10,70,2637.64,514.40,4972.00
Sony,Online Shopper,Price Drop Parade,170933.60,58,2947.13,599.89,4789.24
Sony,Online Shopper,Red Tag Clearance,204974.41,73,2807.87,570.77,4990.99
Sony,Online Shopper,Seasonal Surprise Box,163090.08,60,2718.17,580.64,4971.59
Sony,Online Shopper,Shop & Save Spectacular,215808.88,79,2731.76,553.82,4951.29
Sony,Online Shopper,Smart Shopper Week,174256.03,59,2953.49,605.02,4940.54
Sony,Online Shopper,Spring Refresh Event,189070.75,70,2701.01,559.77,4930.10
Sony,Online Shopper,Spring Splash Discounts,206180.49,68,3032.07,566.44,4950.69
Sony,Online Shopper,Summer Sizzle Promo,182222.90,67,2719.74,511.89,4947.49
Sony,Online Shopper,Super Savings Week,183130.58,65,2817.39,518.20,4940.99
Sony,Online Shopper,Ultimate Value Event,189409.94,68,2785.44,657.70,4947.54
Sony,Online Shopper,VIP Access Sale,187456.09,71,2640.23,534.56,4679.34
Sony,Online Shopper,Weekend Warrior Specials,150560.58,58,2595.87,510.23,4821.91
Sony,Online Shopper,Winter Clearance Carnival,189579.71,64,2962.18,531.94,4933.28
Sony,Online Shopper,Winter Wonders Sale,224297.53,84,2670.21,545.69,4993.05
Sony,Premium Shopper,12 Days of Deals,171217.14,66,2594.20,554.56,4778.35
Sony,Premium Shopper,Autumn Deals Drive,151762.10,55,2759.31,506.00,4975.72
Sony,Premium Shopper,BOGO Blitz,181563.54,68,2670.05,567.43,4944.98
Sony,Premium Shopper,Back to School Boost,186208.37,64,2909.51,531.00,4997.92
Sony,Premium Shopper,Birthday Bash Sale,189731.90,68,2790.18,531.52,4944.75
Sony,Premium Shopper,Black Friday Blowout,182072.93,60,3034.55,769.80,4934.51
Sony,Premium Shopper,Cart Crasher Campaign,206291.69,73,2825.91,512.48,4973.77
Sony,Premium Shopper,Cashback Carnival,194729.13,70,2781.84,512.39,4915.59
Sony,Premium Shopper,Clearance Countdown,208902.34,81,2579.04,572.56,4949.19
Sony,Premium Shopper,Countdown to Savings,153602.61,57,2694.78,602.35,4995.30
Sony,Premium Shopper,Customer Appreciation Week,175596.12,65,2701.48,533.94,4990.76
Sony,Premium Shopper,Cyber Monday Mania,207288.94,72,2879.01,512.79,4934.15
Sony,Premium Shopper,Deal of the Month,213238.59,77,2769.33,515.37,4967.46
Sony,Premium Shopper,Double Points Bonanza,192476.83,64,3007.45,666.41,4972.75
Sony,Premium Shopper,Early Bird Specials,210656.54,77,2735.80,506.68,4987.13
Sony,Premium Shopper,End of Season Sale,198263.47,71,2792.44,548.28,4998.76
Sony,Premium Shopper,Exclusive Insider Offers,154643.39,61,2535.14,546.53,4988.42
Sony,Premium Shopper,Festive Fever Promo,175185.24,72,2433.13,503.82,4955.36
Sony,Premium Shopper,Final Call Frenzy,138237.94,53,2608.26,612.21,4972.46
Sony,Premium Shopper,Flash Frenzy Friday,151890.76,60,2531.51,533.65,4973.02
Sony,Premium Shopper,"Gift More, Spend Less",171556.79,63,2723.12,557.45,4943.41
Sony,Premium Shopper,Golden Hour Bargains,164118.04,60,2735.30,645.34,4858.74
Sony,Premium Shopper,Green Weekend Deals,179508.12,63,2849.34,526.97,4970.11
Sony,Premium Shopper,Happy Hour Discounts,232239.63,83,2798.07,553.14,4932.93
Sony,Premium Shopper,Holiday Shopping Rush,233862.75,79,2960.29,600.82,4987.20
Sony,Premium Shopper,Hot Picks Promo,170832.02,63,2711.62,601.26,4991.75
Sony,Premium Shopper,Instant Gratification Sale,154562.52,59,2619.70,509.28,4959.15
Sony,Premium Shopper,Limited Time Treasures,193987.71,71,2732.22,608.78,4830.30
Sony,Premium Shopper,Loyalty Rewards Blast,158689.90,67,2368.51,500.73,4479.73
Sony,Premium Shopper,Mega Weekend Bonanza,148134.51,57,2598.85,518.58,4993.46
Sony,Premium Shopper,Mid-Year Madness,172936.14,63,2745.02,546.39,4950.97
Sony,Premium Shopper,Midnight Madness,182972.22,66,2772.31,526.60,4902.45
Sony,Premium Shopper,Mystery Discount Days,230351.82,79,2915.85,750.49,4959.25
Sony,Premium Shopper,New Arrival Showcase,163084.87,56,2912.23,730.47,4910.82
Sony,Premium Shopper,New Product Launch Promo,156686.40,56,2797.97,501.14,4962.65
Sony,Premium Shopper,New Year Kickoff,208404.88,74,2816.28,512.45,4964.33
Sony,Premium Shopper,Price Drop Parade,173692.99,60,2894.88,555.84,4979.51
Sony,Premium Shopper,Red Tag Clearance,197526.68,70,2821.81,553.08,4858.29
Sony,Premium Shopper,Seasonal Surprise Box,195283.12,75,2603.77,531.63,4936.82
Sony,Premium Shopper,Shop & Save Spectacular,194871.83,68,2865.76,957.52,4971.05
Sony,Premium Shopper,Smart Shopper Week,135912.13,51,2664.94,505.80,4952.87
Sony,Premium Shopper,Spring Refresh Event,187571.20,69,2718.42,516.09,4993.03
Sony,Premium Shopper,Spring Splash Discounts,169756.38,58,2926.83,576.48,4952.07
Sony,Premium Shopper,Summer Sizzle Promo,156909.12,56,2801.95,542.64,4990.62
Sony,Premium Shopper,Super Savings Week,168951.00,71,2379.59,566.69,4990.49
Sony,Premium Shopper,Ultimate Value Event,157123.31,56,2805.77,511.37,4999.13
Sony,Premium Shopper,VIP Access Sale,189798.44,68,2791.15,652.52,4857.17
Sony,Premium Shopper,Weekend Warrior Specials,201545.71,72,2799.25,505.55,4868.98
Sony,Premium Shopper,Winter Clearance Carnival,218723.49,77,2840.56,537.11,4924.42
Sony,Premium Shopper,Winter Wonders Sale,185652.48,72,2578.51,521.18,4951.46
Tata,Budget Shopper,12 Days of Deals,192640.67,70,2752.01,514.45,4982.14
Tata,Budget Shopper,Autumn Deals Drive,137468.49,58,2370.15,555.04,4539.10
Tata,Budget Shopper,BOGO Blitz,175332.34,66,2656.55,612.58,4902.24
Tata,Budget Shopper,Back to School Boost,212127.91,81,2618.86,536.75,4944.32
Tata,Budget Shopper,Birthday Bash Sale,163988.94,64,2562.33,528.08,4737.35
Tata,Budget Shopper,Black Friday Blowout,177312.91,61,2906.77,522.21,4950.42
Tata,Budget Shopper,Cart Crasher Campaign,151710.94,61,2487.06,713.30,4978.19
Tata,Budget Shopper,Cashback Carnival,154545.38,57,2711.32,512.58,4988.77
Tata,Budget Shopper,Clearance Countdown,166125.99,57,2914.49,599.64,4818.47
Tata,Budget Shopper,Countdown to Savings,176676.41,69,2560.53,639.31,4939.53
Tata,Budget Shopper,Customer Appreciation Week,168842.07,66,2558.21,512.29,4981.62
Tata,Budget Shopper,Cyber Monday Mania,170472.06,66,2582.91,574.26,4987.77
Tata,Budget Shopper,Deal of the Month,154995.21,55,2818.09,518.98,4973.54
Tata,Budget Shopper,Double Points Bonanza,173844.30,64,2716.32,509.49,4971.00
Tata,Budget Shopper,Early Bird Specials,131499.09,44,2988.62,717.11,4981.93
Tata,Budget Shopper,End of Season Sale,225934.90,81,2789.32,544.99,4964.29
Tata,Budget Shopper,Exclusive Insider Offers,163922.75,67,2446.61,512.59,4996.14
Tata,Budget Shopper,Festive Fever Promo,150298.99,55,2732.71,655.19,4986.26
Tata,Budget Shopper,Final Call Frenzy,201955.66,76,2657.31,592.98,4900.92
Tata,Budget Shopper,Flash Frenzy Friday,179528.01,68,2640.12,652.10,4955.77
Tata,Budget Shopper,"Gift More, Spend Less",171955.37,60,2865.92,509.60,4998.23
Tata,Budget Shopper,Golden Hour Bargains,201889.11,72,2804.02,552.35,4891.05
Tata,Budget Shopper,Green Weekend Deals,222900.12,79,2821.52,530.27,4904.44
Tata,Budget Shopper,Happy Hour Discounts,168973.78,62,2725.38,511.52,4956.84
Tata,Budget Shopper,Holiday Shopping Rush,174871.75,58,3015.03,561.94,4957.71
Tata,Budget Shopper,Hot Picks Promo,172752.18,62,2786.33,513.91,4822.07
Tata,Budget Shopper,Instant Gratification Sale,196242.56,74,2651.93,524.03,4987.65
Tata,Budget Shopper,Limited Time Treasures,176432.41,64,2756.76,509.07,4888.77
Tata,Budget Shopper,Loyalty Rewards Blast,192739.36,71,2714.64,538.81,4931.80
Tata,Budget Shopper,Mega Weekend Bonanza,152834.46,59,2590.41,537.26,4946.79
Tata,Budget Shopper,Mid-Year Madness,168670.54,62,2720.49,525.19,4849.75
Tata,Budget Shopper,Midnight Madness,146261.93,53,2759.66,630.23,4844.77
Tata,Budget Shopper,Mystery Discount Days,208663.32,71,2938.92,506.85,4990.44
Tata,Budget Shopper,New Arrival Showcase,159402.71,56,2846.48,767.66,4982.30
Tata,Budget Shopper,New Product Launch Promo,240607.66,85,2830.68,526.69,4985.24
Tata,Budget Shopper,New Year Kickoff,187570.66,71,2641.84,575.76,4959.47
Tata,Budget Shopper,Price Drop Parade,185435.37,61,3039.92,505.58,4994.92
Tata,Budget Shopper,Red Tag Clearance,251565.46,92,2734.41,511.92,4897.31
Tata,Budget Shopper,Seasonal Surprise Box,177640.53,59,3010.86,750.13,4867.73
Tata,Budget Shopper,Shop & Save Spectacular,160818.55,63,2552.68,514.43,4786.15
Tata,Budget Shopper,Smart Shopper Week,200722.81,76,2641.09,516.91,4989.07
Tata,Budget Shopper,Spring Refresh Event,221158.62,78,2835.37,569.29,4923.97
Tata,Budget Shopper,Spring Splash Discounts,208004.43,70,2971.49,545.74,4982.86
Tata,Budget Shopper,Summer Sizzle Promo,169654.05,61,2781.21,527.29,4845.78
Tata,Budget Shopper,Super Savings Week,164620.88,62,2655.18,531.54,4921.63
Tata,Budget Shopper,Ultimate Value Event,151276.76,64,2363.70,563.60,4988.95
Tata,Budget Shopper,VIP Access Sale,182177.90,67,2719.07,543.98,4965.99
Tata,Budget Shopper,Weekend Warrior Specials,167489.73,60,2791.50,539.64,4942.53
Tata,Budget Shopper,Winter Clearance Carnival,171481.97,62,2765.84,615.85,4999.97
Tata,Budget Shopper,Winter Wonders Sale,184544.69,69,2674.56,527.24,4984.41
Tata,Churn Risk,12 Days of Deals,201789.05,72,2802.63,575.62,4971.18
Tata,Churn Risk,Autumn Deals Drive,193677.40,67,2890.71,759.36,4999.13
Tata,Churn Risk,BOGO Blitz,154827.19,65,2381.96,568.86,4978.54
Tata,Churn Risk,Back to School Boost,136578.53,52,2626.51,520.02,4915.13
Tata,Churn Risk,Birthday Bash Sale,152691.80,61,2503.14,509.00,4834.97
Tata,Churn Risk,Black Friday Blowout,192188.40,68,2826.30,851.45,4941.73
Tata,Churn Risk,Cart Crasher Campaign,169842.28,60,2830.70,528.65,4959.80
Tata,Churn Risk,Cashback Carnival,163429.70,61,2679.18,607.14,4853.60
Tata,Churn Risk,Clearance Countdown,160949.57,59,2727.96,588.67,4970.76
Tata,Churn Risk,Countdown to Savings,188855.17,70,2697.93,648.87,4853.15
Tata,Churn Risk,Customer Appreciation Week,169241.99,66,2564.27,535.31,4937.78
Tata,Churn Risk,Cyber Monday Mania,186556.81,65,2870.10,639.48,4974.01
Tata,Churn Risk,Deal of the Month,171914.33,61,2818.27,574.92,4990.78
Tata,Churn Risk,Double Points Bonanza,162450.08,60,2707.50,555.37,4928.98
Tata,Churn Risk,Early Bird Specials,201197.17,67,3002.94,539.78,4983.85
Tata,Churn Risk,End of Season Sale,174419.82,66,2642.72,503.98,4861.51
Tata,Churn Risk,Exclusive Insider Offers,173414.89,58,2989.91,635.85,4966.30
Tata,Churn Risk,Festive Fever Promo,223657.25,73,3063.80,526.44,4892.28
Tata,Churn Risk,Final Call Frenzy,179477.46,63,2848.85,780.73,4964.09
Tata,Churn Risk,Flash Frenzy Friday,193023.16,75,2573.64,534.06,4942.08
Tata,Churn Risk,"Gift More, Spend Less",196143.09,71,2762.58,539.62,4965.01
Tata,Churn Risk,Golden Hour Bargains,187724.48,71,2644.01,621.16,4937.47
Tata,Churn Risk,Green Weekend Deals,232171.40,77,3015.21,602.67,4921.54
Tata,Churn Risk,Happy Hour Discounts,160964.46,60,2682.74,523.28,4926.37
Tata,Churn Risk,Holiday Shopping Rush,192643.72,74,2603.29,548.50,4993.89
Tata,Churn Risk,Hot Picks Promo,191781.41,62,3093.25,515.19,4954.76
Tata,Churn Risk,Instant Gratification Sale,165193.80,64,2581.15,556.80,4912.09
Tata,Churn Risk,Limited Time Treasures,129163.07,47,2748.15,510.40,4688.75
Tata,Churn Risk,Loyalty Rewards Blast,182236.97,66,2761.17,508.57,4896.31
Tata,Churn Risk,Mega Weekend Bonanza,200599.20,71,2825.34,535.86,4963.35
Tata,Churn Risk,Mid-Year Madness,221486.82,79,2803.63,500.47,4985.87
Tata,Churn Risk,Midnight Madness,180169.37,64,2815.15,546.67,4886.64
Tata,Churn Risk,Mystery Discount Days,157694.08,60,2628.23,550.71,4934.09
Tata,Churn Risk,New Arrival Showcase,187637.37,64,2931.83,505.15,4978.53
Tata,Churn Risk,New Product Launch Promo,173761.75,62,2802.61,536.56,4991.85
Tata,Churn Risk,New Year Kickoff,191427.07,63,3038.52,617.23,4926.04
Tata,Churn Risk,Price Drop Parade,205782.06,71,2898.34,606.15,4986.73
Tata,Churn Risk,Red Tag Clearance,158997.38,60,2649.96,517.10,4925.02
Tata,Churn Risk,Seasonal Surprise Box,164973.65,59,2796.16,543.71,4905.40
Tata,Churn Risk,Shop & Save Spectacular,189358.30,64,2958.72,573.40,4993.94
Tata,Churn Risk,Smart Shopper Week,192119.81,69,2784.35,520.51,4979.62
Tata,Churn Risk,Spring Refresh Event,160590.62,61,2632.63,522.47,4796.46
Tata,Churn Risk,Spring Splash Discounts,175303.00,67,2616.46,604.04,4886.56
Tata,Churn Risk,Summer Sizzle Promo,192216.33,68,2826.71,730.37,4792.51
Tata,Churn Risk,Super Savings Week,193499.93,69,2804.35,508.37,4959.99
Tata,Churn Risk,Ultimate Value Event,193197.29,75,2575.96,607.30,4856.49
Tata,Churn Risk,VIP Access Sale,218422.48,86,2539.80,541.29,4908.25
Tata,Churn Risk,Weekend Warrior Specials,177468.34,62,2862.39,504.09,4945.46
Tata,Churn Risk,Winter Clearance Carnival,200411.01,74,2708.26,507.62,4978.77
Tata,Churn Risk,Winter Wonders Sale,178937.94,64,2795.91,515.88,4937.78
Tata,Deal Seeker,12 Days of Deals,218614.92,73,2994.72,506.22,4756.76
Tata,Deal Seeker,Autumn Deals Drive,194375.84,74,2626.70,512.90,4881.11
Tata,Deal Seeker,BOGO Blitz,232207.97,80,2902.60,719.65,4983.29
Tata,Deal Seeker,Back to School Boost,226986.68,82,2768.13,566.80,4991.91
Tata,Deal Seeker,Birthday Bash Sale,184675.69,72,2564.94,524.66,4974.87
Tata,Deal Seeker,Black Friday Blowout,143452.38,55,2608.23,526.67,4877.35
Tata,Deal Seeker,Cart Crasher Campaign,196646.86,67,2935.03,558.90,4989.38
Tata,Deal Seeker,Cashback Carnival,184469.54,65,2837.99,592.79,4947.57
Tata,Deal Seeker,Clearance Countdown,191335.26,75,2551.14,504.62,4984.14
Tata,Deal Seeker,Countdown to Savings,164588.43,67,2456.54,537.16,4989.73
Tata,Deal Seeker,Customer Appreciation Week,154009.93,58,2655.34,505.16,4872.36
Tata,Deal Seeker,Cyber Monday Mania,216597.23,82,2641.43,580.71,4922.41
Tata,Deal Seeker,Deal of the Month,190698.76,71,2685.90,519.19,4935.90
Tata,Deal Seeker,Double Points Bonanza,165525.36,58,2853.89,542.97,4955.00
Tata,Deal Seeker,Early Bird Specials,145195.40,56,2592.77,517.63,4951.37
Tata,Deal Seeker,End of Season Sale,207689.58,71,2925.21,523.95,4989.11
Tata,Deal Seeker,Exclusive Insider Offers,206691.28,66,3131.69,572.63,4932.73
Tata,Deal Seeker,Festive Fever Promo,184399.82,66,2793.94,608.02,4929.82
Tata,Deal Seeker,Final Call Frenzy,212469.48,70,3035.28,671.25,4989.78
Tata,Deal Seeker,Flash Frenzy Friday,166399.48,64,2599.99,577.54,4958.80
Tata,Deal Seeker,"Gift More, Spend Less",174094.86,58,3001.64,550.52,4847.34
Tata,Deal Seeker,Golden Hour Bargains,225310.46,83,2714.58,506.12,4951.88
Tata,Deal Seeker,Green Weekend Deals,181185.56,63,2875.96,598.05,4933.54
Tata,Deal Seeker,Happy Hour Discounts,170995.96,60,2849.93,929.79,4967.69
Tata,Deal Seeker,Holiday Shopping Rush,192655.99,72,2675.78,531.30,4922.88
Tata,Deal Seeker,Hot Picks Promo,148087.17,58,2553.23,654.46,4645.37
Tata,Deal Seeker,Instant Gratification Sale,189592.12,68,2788.12,500.33,4956.95
Tata,Deal Seeker,Limited Time Treasures,190608.04,73,2611.07,543.65,4983.86
Tata,Deal Seeker,Loyalty Rewards Blast,166100.46,60,2768.34,546.05,4993.52
Tata,Deal Seeker,Mega Weekend Bonanza,180045.33,67,2687.24,510.97,4910.48
Tata,Deal Seeker,Mid-Year Madness,169728.54,63,2694.10,506.38,4664.49
Tata,Deal Seeker,Midnight Madness,217961.23,81,2690.88,541.75,4886.54
Tata,Deal Seeker,Mystery Discount Days,154483.41,57,2710.24,545.02,4945.18
Tata,Deal Seeker,New Arrival Showcase,207296.07,73,2839.67,580.93,4968.24
Tata,Deal Seeker,New Product Launch Promo,217781.72,69,3156.26,514.07,4994.79
Tata,Deal Seeker,New Year Kickoff,220365.01,77,2861.88,512.57,4990.17
Tata,Deal Seeker,Price Drop Parade,194027.31,64,3031.68,580.71,4941.20
Tata,Deal Seeker,Red Tag Clearance,186626.62,63,2962.33,716.57,4954.21
Tata,Deal Seeker,Seasonal Surprise Box,162840.49,64,2544.38,507.01,4822.47
Tata,Deal Seeker,Shop & Save Spectacular,203534.30,75,2713.79,506.56,4979.77
Tata,Deal Seeker,Smart Shopper Week,201392.07,70,2877.03,535.93,4977.77
Tata,Deal Seeker,Spring Refresh Event,224096.87,74,3028.34,530.37,4928.50
Tata,Deal Seeker,Spring Splash Discounts,186703.15,66,2828.84,583.00,4985.38
Tata,Deal Seeker,Summer Sizzle Promo,197283.99,76,2595.84,508.92,4981.75
Tata,Deal Seeker,Super Savings Week,186002.36,61,3049.22,748.41,4963.07
Tata,Deal Seeker,Ultimate Value Event,208078.17,73,2850.39,615.76,4992.62
Tata,Deal Seeker,VIP Access Sale,205848.98,78,2639.09,508.05,4721.54
Tata,Deal Seeker,Weekend Warrior Specials,184241.16,68,2709.43,543.12,4955.99
Tata,Deal Seeker,Winter Clearance Carnival,190048.23,71,2676.74,697.53,4953.12
Tata,Deal Seeker,Winter Wonders Sale,193100.93,65,2970.78,620.68,4954.74
Tata,First-time Buyer,12 Days of Deals,202834.79,72,2817.15,625.42,4952.81
Tata,First-time Buyer,Autumn Deals Drive,171903.31,65,2644.67,513.21,4965.73
Tata,First-time Buyer,BOGO Blitz,214222.54,79,2711.68,534.13,4900.01
Tata,First-time Buyer,Back to School Boost,157540.79,59,2670.18,573.40,4708.46
Tata,First-time Buyer,Birthday Bash Sale,169140.71,62,2728.08,520.10,4983.43
Tata,First-time Buyer,Black Friday Blowout,217412.48,80,2717.66,712.13,4975.84
Tata,First-time Buyer,Cart Crasher Campaign,180586.36,72,2508.14,505.99,4692.04
Tata,First-time Buyer,Cashback Carnival,231933.96,77,3012.13,594.34,4993.12
Tata,First-time Buyer,Clearance Countdown,139357.28,56,2488.52,502.02,4808.60
Tata,First-time Buyer,Countdown to Savings,173063.77,62,2791.35,547.58,4975.95
Tata,First-time Buyer,Customer Appreciation Week,196631.45,69,2849.73,632.00,4954.18
Tata,First-time Buyer,Cyber Monday Mania,177152.81,68,2605.19,593.57,4998.73
Tata,First-time Buyer,Deal of the Month,207992.71,72,2888.79,500.56,4960.46
Tata,First-time Buyer,Double Points Bonanza,218208.79,82,2661.08,518.05,4968.27
Tata,First-time Buyer,Early Bird Specials,183020.68,68,2691.48,529.23,4896.92
Tata,First-time Buyer,End of Season Sale,219835.24,76,2892.57,604.58,4927.93
Tata,First-time Buyer,Exclusive Insider Offers,195195.18,65,3003.00,591.75,4939.86
Tata,First-time Buyer,Festive Fever Promo,186224.41,69,2698.90,613.58,4986.36
Tata,First-time Buyer,Final Call Frenzy,210283.88,74,2841.67,626.10,4962.47
Tata,First-time Buyer,Flash Frenzy Friday,204127.64,66,3092.84,640.73,4995.90
Tata,First-time Buyer,"Gift More, Spend Less",208329.09,82,2540.60,553.84,4954.66
Tata,First-time Buyer,Golden Hour Bargains,186610.03,65,2870.92,508.71,4999.90
Tata,First-time Buyer,Green Weekend Deals,163734.35,67,2443.80,589.31,4955.19
Tata,First-time Buyer,Happy Hour Discounts,207849.28,76,2734.86,596.15,4944.82
Tata,First-time Buyer,Holiday Shopping Rush,184458.18,66,2794.82,515.16,4979.09
Tata,First-time Buyer,Hot Picks Promo,188734.32,64,2948.97,733.30,4936.74
Tata,First-time Buyer,Instant Gratification Sale,174370.76,59,2955.44,599.38,4955.04
Tata,First-time Buyer,Limited Time Treasures,192281.72,66,2913.36,605.20,4941.93
Tata,First-time Buyer,Loyalty Rewards Blast,118298.69,48,2464.56,584.60,4896.63
Tata,First-time Buyer,Mega Weekend Bonanza,161215.63,62,2600.25,551.58,4994.06
Tata,First-time Buyer,Mid-Year Madness,211447.75,75,2819.30,528.80,4945.88
Tata,First-time Buyer,Midnight Madness,162523.88,63,2579.74,500.01,4998.75
Tata,First-time Buyer,Mystery Discount Days,215903.54,69,3129.04,553.42,4914.65
Tata,First-time Buyer,New Arrival Showcase,169344.43,57,2970.95,598.62,4966.89
Tata,First-time Buyer,New Product Launch Promo,157149.05,54,2910.17,531.59,4937.33
Tata,First-time Buyer,New Year Kickoff,187790.93,72,2608.21,607.60,4935.42
Tata,First-time Buyer,Price Drop Parade,156923.15,58,2705.57,605.16,4958.40
Tata,First-time Buyer,Red Tag Clearance,173617.67,62,2800.29,519.21,4883.92
Tata,First-time Buyer,Seasonal Surprise Box,192926.25,67,2879.50,519.82,4954.23
Tata,First-time Buyer,Shop & Save Spectacular,163320.89,55,2969.47,501.87,4919.80
Tata,First-time Buyer,Smart Shopper Week,176797.84,61,2898.33,630.11,4962.23
Tata,First-time Buyer,Spring Refresh Event,171430.73,61,2810.34,512.51,4974.58
Tata,First-time Buyer,Spring Splash Discounts,215621.31,79,2729.38,590.75,4981.07
Tata,First-time Buyer,Summer Sizzle Promo,208035.59,71,2930.08,558.05,4950.77
Tata,First-time Buyer,Super Savings Week,190971.24,70,2728.16,506.37,4990.58
Tata,First-time Buyer,Ultimate Value Event,170103.24,67,2538.85,586.85,4938.49
Tata,First-time Buyer,VIP Access Sale,189322.04,68,2784.15,526.40,4914.00
Tata,First-time Buyer,Weekend Warrior Specials,197998.26,72,2749.98,587.98,4967.03
Tata,First-time Buyer,Winter Clearance Carnival,179594.53,61,2944.17,540.60,4975.35
Tata,First-time Buyer,Winter Wonders Sale,210876.81,74,2849.69,558.62,4986.54
Tata,High Value,12 Days of Deals,246134.11,86,2862.02,535.31,4989.06
Tata,High Value,Autumn Deals Drive,185669.24,64,2901.08,578.49,4951.97
Tata,High Value,BOGO Blitz,196244.76,69,2844.13,579.73,4823.93
Tata,High Value,Back to School Boost,193211.45,67,2883.75,509.58,4975.37
Tata,High Value,Birthday Bash Sale,179372.46,61,2940.53,529.57,4936.85
Tata,High Value,Black Friday Blowout,226873.17,78,2908.63,500.83,4962.26
Tata,High Value,Cart Crasher Campaign,205074.38,75,2734.33,570.47,4923.75
Tata,High Value,Cashback Carnival,191203.58,70,2731.48,696.69,4879.99
Tata,High Value,Clearance Countdown,197338.34,68,2902.03,512.30,4998.78
Tata,High Value,Countdown to Savings,214737.50,73,2941.61,537.63,4977.00
Tata,High Value,Customer Appreciation Week,158071.17,57,2773.18,607.18,4803.16
Tata,High Value,Cyber Monday Mania,153015.88,56,2732.43,576.49,4951.96
Tata,High Value,Deal of the Month,167744.84,63,2662.62,516.78,4991.28
Tata,High Value,Double Points Bonanza,193653.97,74,2616.95,504.96,4999.34
Tata,High Value,Early Bird Specials,169179.32,64,2643.43,520.84,4838.22
Tata,High Value,End of Season Sale,193956.38,69,2810.96,527.69,4968.93
Tata,High Value,Exclusive Insider Offers,193253.77,76,2542.81,594.47,4975.74
Tata,High Value,Festive Fever Promo,178587.31,69,2588.22,664.43,4983.92
Tata,High Value,Final Call Frenzy,215602.86,76,2836.88,511.29,4932.68
Tata,High Value,Flash Frenzy Friday,184940.91,68,2719.72,569.43,4875.94
Tata,High Value,"Gift More, Spend Less",225219.99,77,2924.93,607.23,4994.67
Tata,High Value,Golden Hour Bargains,153158.94,56,2734.98,658.12,4920.34
Tata,High Value,Green Weekend Deals,213054.31,71,3000.76,525.90,4945.25
Tata,High Value,Happy Hour Discounts,161847.78,60,2697.46,536.74,4962.61
Tata,High Value,Holiday Shopping Rush,186610.08,65,2870.92,560.39,4997.86
Tata,High Value,Hot Picks Promo,195068.00,67,2911.46,523.98,4962.72
Tata,High Value,Instant Gratification Sale,191795.62,68,2820.52,540.36,4983.22
Tata,High Value,Limited Time Treasures,192517.76,70,2750.25,508.05,4863.03
Tata,High Value,Loyalty Rewards Blast,197400.76,71,2780.29,531.61,4819.32
Tata,High Value,Mega Weekend Bonanza,147238.09,65,2265.20,530.70,4912.97
Tata,High Value,Mid-Year Madness,164138.47,60,2735.64,614.13,4758.60
Tata,High Value,Midnight Madness,178304.96,66,2701.59,664.38,4956.15
Tata,High Value,Mystery Discount Days,163443.84,64,2553.81,534.55,4916.26
Tata,High Value,New Arrival Showcase,186789.44,70,2668.42,590.88,4861.19
Tata,High Value,New Product Launch Promo,158134.75,58,2726.46,531.14,4983.26
Tata,High Value,New Year Kickoff,195204.37,73,2674.03,529.28,4972.93
Tata,High Value,Price Drop Parade,163406.53,63,2593.75,573.97,4966.27
Tata,High Value,Red Tag Clearance,197296.54,68,2901.42,659.17,4943.74
Tata,High Value,Seasonal Surprise Box,205493.60,77,2668.75,564.69,4992.27
Tata,High Value,Shop & Save Spectacular,144962.51,51,2842.40,524.59,4977.69
Tata,High Value,Smart Shopper Week,148065.40,58,2552.85,503.56,4895.72
Tata,High Value,Spring Refresh Event,176108.15,60,2935.14,630.02,4865.56
Tata,High Value,Spring Splash Discounts,187095.29,66,2834.78,635.84,4986.70
Tata,High Value,Summer Sizzle Promo,189258.62,63,3004.11,598.25,4936.74
Tata,High Value,Super Savings Week,178482.56,66,2704.28,516.48,4899.57
Tata,High Value,Ultimate Value Event,166871.96,59,2828.34,552.35,4983.18
Tata,High Value,VIP Access Sale,146408.94,52,2815.56,601.70,4967.78
Tata,High Value,Weekend Warrior Specials,246767.03,94,2625.18,630.46,4971.05
Tata,High Value,Winter Clearance Carnival,176522.91,69,2558.30,610.93,4800.08
Tata,High Value,Winter Wonders Sale,177547.07,66,2690.11,703.95,4944.33
Tata,In-Store Regular,12 Days of Deals,121541.09,47,2585.98,726.27,4943.55
Tata,In-Store Regular,Autumn Deals Drive,196877.20,66,2982.99,608.07,4921.94
Tata,In-Store Regular,BOGO Blitz,158664.09,59,2689.22,617.06,4971.39
Tata,In-Store Regular,Back to School Boost,162186.60,66,2457.37,502.61,4976.52
Tata,In-Store Regular,Birthday Bash Sale,177247.92,68,2606.59,508.25,4961.74
Tata,In-Store Regular,Black Friday Blowout,237173.89,86,2757.84,551.22,4891.44
Tata,In-Store Regular,Cart Crasher Campaign,140644.42,57,2467.45,526.15,4872.82
Tata,In-Store Regular,Cashback Carnival,182550.82,64,2852.36,594.43,4828.71
Tata,In-Store Regular,Clearance Countdown,168941.55,66,2559.72,634.22,4931.43
Tata,In-Store Regular,Countdown to Savings,176944.93,66,2680.98,575.87,4898.55
Tata,In-Store Regular,Customer Appreciation Week,180955.54,65,2783.93,611.89,4946.43
Tata,In-Store Regular,Cyber Monday Mania,177749.43,64,2777.33,507.95,4903.06
Tata,In-Store Regular,Deal of the Month,170516.83,65,2623.34,524.86,4880.51
Tata,In-Store Regular,Double Points Bonanza,190942.22,76,2512.40,594.13,4995.23
Tata,In-Store Regular,Early Bird Specials,190809.15,70,2725.85,543.17,4975.78
Tata,In-Store Regular,End of Season Sale,169364.38,62,2731.68,544.91,4938.69
Tata,In-Store Regular,Exclusive Insider Offers,247019.30,78,3166.91,504.09,4989.67
Tata,In-Store Regular,Festive Fever Promo,225814.24,77,2932.65,534.48,4978.35
Tata,In-Store Regular,Final Call Frenzy,153993.07,62,2483.76,545.24,4972.06
Tata,In-Store Regular,Flash Frenzy Friday,133005.33,46,2891.42,753.83,4962.50
Tata,In-Store Regular,"Gift More, Spend Less",176823.35,62,2851.99,570.42,4990.54
Tata,In-Store Regular,Golden Hour Bargains,179223.17,71,2524.27,517.93,4716.11
Tata,In-Store Regular,Green Weekend Deals,230683.81,86,2682.37,508.74,4940.84
Tata,In-Store Regular,Happy Hour Discounts,197673.55,74,2671.26,505.89,4966.28
Tata,In-Store Regular,Holiday Shopping Rush,153581.50,53,2897.76,708.26,4952.36
Tata,In-Store Regular,Hot Picks Promo,151589.17,59,2569.31,570.80,4708.81
Tata,In-Store Regular,Instant Gratification Sale,178724.60,60,2978.74,654.68,4982.83
Tata,In-Store Regular,Limited Time Treasures,146498.79,53,2764.13,590.96,4935.19
Tata,In-Store Regular,Loyalty Rewards Blast,236286.29,84,2812.93,594.69,4822.52
Tata,In-Store Regular,Mega Weekend Bonanza,184312.73,74,2490.71,555.75,4932.44
Tata,In-Store Regular,Mid-Year Madness,152277.17,55,2768.68,592.32,4832.23
Tata,In-Store Regular,Midnight Madness,196273.70,72,2726.02,705.24,4884.90
Tata,In-Store Regular,Mystery Discount Days,140572.09,53,2652.30,507.90,4974.69
Tata,In-Store Regular,New Arrival Showcase,175140.03,66,2653.64,539.27,4997.81
Tata,In-Store Regular,New Product Launch Promo,172362.11,66,2611.55,553.84,4982.95
Tata,In-Store Regular,New Year Kickoff,157222.25,63,2495.59,620.02,4971.59
Tata,In-Store Regular,Price Drop Parade,234102.64,83,2820.51,582.05,4983.86
Tata,In-Store Regular,Red Tag Clearance,164956.06,61,2704.20,525.81,4989.26
Tata,In-Store Regular,Seasonal Surprise Box,226053.88,81,2790.79,505.51,4928.64
Tata,In-Store Regular,Shop & Save Spectacular,207071.47,77,2689.24,530.47,4988.98
Tata,In-Store Regular,Smart Shopper Week,181336.14,64,2833.38,562.01,4981.88
Tata,In-Store Regular,Spring Refresh Event,180427.63,63,2863.93,513.02,4871.43
Tata,In-Store Regular,Spring Splash Discounts,138209.51,55,2512.90,574.76,4835.47
Tata,In-Store Regular,Summer Sizzle Promo,187416.70,67,2797.26,530.85,4892.95
Tata,In-Store Regular,Super Savings Week,173864.10,70,2483.77,552.48,4907.96
Tata,In-Store Regular,Ultimate Value Event,205679.73,67,3069.85,507.81,4963.75
Tata,In-Store Regular,VIP Access Sale,197549.10,75,2633.99,558.22,4974.89
Tata,In-Store Regular,Weekend Warrior Specials,172019.29,59,2915.58,514.84,4986.11
Tata,In-Store Regular,Winter Clearance Carnival,163897.98,61,2686.85,511.24,4982.02
Tata,In-Store Regular,Winter Wonders Sale,187448.22,75,2499.31,538.88,4932.23
Tata,Loyal Customer,12 Days of Deals,172734.93,63,2741.82,508.44,4970.28
Tata,Loyal Customer,Autumn Deals Drive,179909.72,75,2398.80,531.01,4891.60
Tata,Loyal Customer,BOGO Blitz,180623.31,64,2822.24,507.25,4992.20
Tata,Loyal Customer,Back to School Boost,239598.25,80,2994.98,528.82,4976.28
Tata,Loyal Customer,Birthday Bash Sale,210896.92,78,2703.81,533.44,4943.11
Tata,Loyal Customer,Black Friday Blowout,149296.08,51,2927.37,572.40,4961.05
Tata,Loyal Customer,Cart Crasher Campaign,208242.96,81,2570.90,531.62,4905.90
Tata,Loyal Customer,Cashback Carnival,187145.80,59,3171.96,665.16,4967.62
Tata,Loyal Customer,Clearance Countdown,154372.98,49,3150.47,704.51,4845.12
Tata,Loyal Customer,Countdown to Savings,181029.81,68,2662.20,782.03,4948.40
Tata,Loyal Customer,Customer Appreciation Week,147630.74,51,2894.72,594.80,4852.45
Tata,Loyal Customer,Cyber Monday Mania,171647.87,67,2561.91,506.44,4898.48
Tata,Loyal Customer,Deal of the Month,184082.01,62,2969.06,578.16,4996.71
Tata,Loyal Customer,Double Points Bonanza,160473.45,62,2588.28,618.61,4881.30
Tata,Loyal Customer,Early Bird Specials,201671.62,65,3102.64,511.59,4963.57
Tata,Loyal Customer,End of Season Sale,218956.33,78,2807.13,562.62,4991.22
Tata,Loyal Customer,Exclusive Insider Offers,206665.21,70,2952.36,688.65,4980.47
Tata,Loyal Customer,Festive Fever Promo,173422.01,61,2842.98,621.87,4919.48
Tata,Loyal Customer,Final Call Frenzy,223522.59,85,2629.68,528.94,4973.20
Tata,Loyal Customer,Flash Frenzy Friday,170004.66,59,2881.43,514.63,4990.84
Tata,Loyal Customer,"Gift More, Spend Less",200214.65,73,2742.67,509.79,4982.89
Tata,Loyal Customer,Golden Hour Bargains,151076.17,53,2850.49,584.16,4908.63
Tata,Loyal Customer,Green Weekend Deals,190857.99,69,2766.06,542.86,4951.11
Tata,Loyal Customer,Happy Hour Discounts,208643.66,79,2641.06,572.91,4829.31
Tata,Loyal Customer,Holiday Shopping Rush,140526.86,56,2509.41,541.50,4933.70
Tata,Loyal Customer,Hot Picks Promo,199975.03,72,2777.43,682.68,4993.32
Tata,Loyal Customer,Instant Gratification Sale,226541.57,78,2904.38,584.77,4899.54
Tata,Loyal Customer,Limited Time Treasures,221718.34,84,2639.50,534.37,4970.12
Tata,Loyal Customer,Loyalty Rewards Blast,179836.55,60,2997.28,581.55,4968.31
Tata,Loyal Customer,Mega Weekend Bonanza,169011.18,67,2522.55,603.75,4996.49
Tata,Loyal Customer,Mid-Year Madness,198169.52,68,2914.26,500.32,4958.57
Tata,Loyal Customer,Midnight Madness,198151.91,67,2957.49,764.03,4935.65
Tata,Loyal Customer,Mystery Discount Days,136025.72,49,2776.04,525.60,4927.30
Tata,Loyal Customer,New Arrival Showcase,163253.25,59,2767.00,502.27,4976.53
Tata,Loyal Customer,New Product Launch Promo,175039.69,66,2652.12,550.35,4988.26
Tata,Loyal Customer,New Year Kickoff,180542.89,65,2777.58,581.52,4976.96
Tata,Loyal Customer,Price Drop Parade,204218.99,71,2876.32,642.90,4985.73
Tata,Loyal Customer,Red Tag Clearance,208284.58,70,2975.49,505.74,4973.34
Tata,Loyal Customer,Seasonal Surprise Box,163939.03,58,2826.54,521.29,4967.90
Tata,Loyal Customer,Shop & Save Spectacular,165920.95,60,2765.35,515.86,4879.36
Tata,Loyal Customer,Smart Shopper Week,209215.04,72,2905.76,653.61,4900.89
Tata,Loyal Customer,Spring Refresh Event,188935.25,66,2862.66,563.11,4901.29
Tata,Loyal Customer,Spring Splash Discounts,195577.00,67,2919.06,597.48,4839.47
Tata,Loyal Customer,Summer Sizzle Promo,146059.19,62,2355.79,527.95,4636.74
Tata,Loyal Customer,Super Savings Week,159272.04,55,2895.86,648.47,4826.18
Tata,Loyal Customer,Ultimate Value Event,174623.36,61,2862.68,506.59,4978.07
Tata,Loyal Customer,VIP Access Sale,176317.65,67,2631.61,650.61,4956.75
Tata,Loyal Customer,Weekend Warrior Specials,169680.73,65,2610.47,504.05,4956.37
Tata,Loyal Customer,Winter Clearance Carnival,206503.55,71,2908.50,704.70,4989.13
Tata,Loyal Customer,Winter Wonders Sale,201907.35,74,2728.48,515.32,4853.47
Tata,Occasional Shopper,12 Days of Deals,154738.00,49,3157.92,981.80,4966.73
Tata,Occasional Shopper,Autumn Deals Drive,208786.08,71,2940.65,657.04,4981.03
Tata,Occasional Shopper,BOGO Blitz,197784.53,76,2602.43,534.58,4894.82
Tata,Occasional Shopper,Back to School Boost,184814.78,67,2758.43,534.39,4986.61
Tata,Occasional Shopper,Birthday Bash Sale,211467.53,82,2578.87,513.66,4784.15
Tata,Occasional Shopper,Black Friday Blowout,162083.03,61,2657.10,534.96,4871.69
Tata,Occasional Shopper,Cart Crasher Campaign,185678.84,65,2856.60,576.93,4912.36
Tata,Occasional Shopper,Cashback Carnival,155155.32,69,2248.63,602.22,4985.27
Tata,Occasional Shopper,Clearance Countdown,193667.85,65,2979.51,552.62,4729.50
Tata,Occasional Shopper,Countdown to Savings,174427.54,68,2565.11,500.91,4914.09
Tata,Occasional Shopper,Customer Appreciation Week,231240.48,85,2720.48,539.62,4997.51
Tata,Occasional Shopper,Cyber Monday Mania,181589.73,70,2594.14,522.56,4923.56
Tata,Occasional Shopper,Deal of the Month,183353.81,67,2736.62,558.39,4823.09
Tata,Occasional Shopper,Double Points Bonanza,190557.82,67,2844.15,519.02,4951.43
Tata,Occasional Shopper,Early Bird Specials,223832.73,87,2572.79,670.47,4639.87
Tata,Occasional Shopper,End of Season Sale,220602.20,74,2981.11,587.76,4920.53
Tata,Occasional Shopper,Exclusive Insider Offers,191550.47,74,2588.52,558.67,4947.74
Tata,Occasional Shopper,Festive Fever Promo,187352.26,72,2602.11,627.87,4943.83
Tata,Occasional Shopper,Final Call Frenzy,180069.59,72,2500.97,532.24,4995.49
Tata,Occasional Shopper,Flash Frenzy Friday,142197.10,53,2682.96,504.91,4980.76
Tata,Occasional Shopper,"Gift More, Spend Less",209338.45,74,2828.90,617.13,4966.88
Tata,Occasional Shopper,Golden Hour Bargains,196922.01,73,2697.56,548.98,4949.04
Tata,Occasional Shopper,Green Weekend Deals,154701.55,55,2812.76,583.84,4947.56
Tata,Occasional Shopper,Happy Hour Discounts,173116.02,62,2792.19,559.55,4886.53
Tata,Occasional Shopper,Holiday Shopping Rush,170763.23,63,2710.53,521.62,4999.06
Tata,Occasional Shopper,Hot Picks Promo,159118.77,60,2651.98,599.34,4967.62
Tata,Occasional Shopper,Instant Gratification Sale,170322.45,62,2747.14,507.03,4898.63
Tata,Occasional Shopper,Limited Time Treasures,190088.02,59,3221.83,739.84,4983.03
Tata,Occasional Shopper,Loyalty Rewards Blast,175162.18,62,2825.20,551.65,4954.65
Tata,Occasional Shopper,Mega Weekend Bonanza,181035.54,68,2662.29,532.86,4857.73
Tata,Occasional Shopper,Mid-Year Madness,212485.78,82,2591.29,536.31,4972.66
Tata,Occasional Shopper,Midnight Madness,193833.48,64,3028.65,986.58,4966.70
Tata,Occasional Shopper,Mystery Discount Days,203737.41,79,2578.95,562.80,4934.31
Tata,Occasional Shopper,New Arrival Showcase,163590.63,59,2772.72,571.35,4978.04
Tata,Occasional Shopper,New Product Launch Promo,176607.81,69,2559.53,542.43,4942.04
Tata,Occasional Shopper,New Year Kickoff,203041.82,76,2671.60,555.07,4989.23
Tata,Occasional Shopper,Price Drop Parade,155209.19,55,2821.99,572.44,4993.49
Tata,Occasional Shopper,Red Tag Clearance,210673.12,67,3144.37,620.95,4960.62
Tata,Occasional Shopper,Seasonal Surprise Box,163718.00,59,2774.88,537.16,4975.64
Tata,Occasional Shopper,Shop & Save Spectacular,211576.25,69,3066.32,658.64,4940.46
Tata,Occasional Shopper,Smart Shopper Week,172268.10,69,2496.64,522.43,4969.54
Tata,Occasional Shopper,Spring Refresh Event,219608.53,83,2645.89,525.52,4965.91
Tata,Occasional Shopper,Spring Splash Discounts,196230.36,70,2803.29,706.18,4970.03
Tata,Occasional Shopper,Summer Sizzle Promo,193324.94,67,2885.45,568.98,4938.71
Tata,Occasional Shopper,Super Savings Week,181195.80,68,2664.64,554.60,4996.91
Tata,Occasional Shopper,Ultimate Value Event,148156.79,60,2469.28,569.88,4965.10
Tata,Occasional Shopper,VIP Access Sale,165700.72,62,2672.59,555.82,4965.59
Tata,Occasional Shopper,Weekend Warrior Specials,184220.20,65,2834.16,576.38,4896.75
Tata,Occasional Shopper,Winter Clearance Carnival,186913.79,66,2832.03,513.93,4988.90
Tata,Occasional Shopper,Winter Wonders Sale,189588.81,71,2670.26,558.48,4960.98
Tata,Online Shopper,12 Days of Deals,143405.35,56,2560.81,508.70,4911.53
Tata,Online Shopper,Autumn Deals Drive,226040.49,85,2659.30,534.21,4983.23
Tata,Online Shopper,BOGO Blitz,206447.37,74,2789.83,552.12,4982.36
Tata,Online Shopper,Back to School Boost,183013.01,65,2815.58,608.42,4942.14
Tata,Online Shopper,Birthday Bash Sale,223684.26,83,2694.99,586.53,4969.22
Tata,Online Shopper,Black Friday Blowout,229210.49,76,3015.93,711.51,4926.95
Tata,Online Shopper,Cart Crasher Campaign,206069.29,70,2943.85,581.74,4919.29
Tata,Online Shopper,Cashback Carnival,192195.40,73,2632.81,543.46,4982.83
Tata,Online Shopper,Clearance Countdown,218449.30,77,2837.00,583.20,4979.44
Tata,Online Shopper,Countdown to Savings,173748.41,67,2593.26,525.83,4984.69
Tata,Online Shopper,Customer Appreciation Week,206886.01,73,2834.05,552.37,4982.70
Tata,Online Shopper,Cyber Monday Mania,173604.41,63,2755.63,716.74,4977.58
Tata,Online Shopper,Deal of the Month,210865.16,79,2669.18,545.72,4949.23
Tata,Online Shopper,Double Points Bonanza,158931.34,59,2693.75,581.12,4965.18
Tata,Online Shopper,Early Bird Specials,187762.44,69,2721.19,501.54,4921.20
Tata,Online Shopper,End of Season Sale,191830.12,64,2997.35,528.56,4960.84
Tata,Online Shopper,Exclusive Insider Offers,172471.29,63,2737.64,518.25,4987.57
Tata,Online Shopper,Festive Fever Promo,195317.40,78,2504.07,524.48,4942.66
Tata,Online Shopper,Final Call Frenzy,196273.70,72,2726.02,504.53,4930.21
Tata,Online Shopper,Flash Frenzy Friday,160659.64,55,2921.08,592.89,4941.17
Tata,Online Shopper,"Gift More, Spend Less",192889.84,67,2878.95,580.79,4961.03
Tata,Online Shopper,Golden Hour Bargains,191157.90,69,2770.40,615.68,4993.08
Tata,Online Shopper,Green Weekend Deals,157935.01,54,2924.72,645.10,4913.23
Tata,Online Shopper,Happy Hour Discounts,202434.69,68,2976.98,527.48,4958.84
Tata,Online Shopper,Holiday Shopping Rush,162151.85,55,2948.22,505.64,4992.47
Tata,Online Shopper,Hot Picks Promo,231765.11,79,2933.74,501.36,4914.85
Tata,Online Shopper,Instant Gratification Sale,206970.04,68,3043.68,513.67,4956.21
Tata,Online Shopper,Limited Time Treasures,149297.16,58,2574.09,532.09,4873.00
Tata,Online Shopper,Loyalty Rewards Blast,198368.16,68,2917.18,521.09,4951.19
Tata,Online Shopper,Mega Weekend Bonanza,147205.99,61,2413.21,507.64,4889.27
Tata,Online Shopper,Mid-Year Madness,196603.95,64,3071.94,527.86,4942.59
Tata,Online Shopper,Midnight Madness,153049.96,48,3188.54,508.69,4991.77
Tata,Online Shopper,Mystery Discount Days,171769.22,60,2862.82,636.24,4982.97
Tata,Online Shopper,New Arrival Showcase,177609.84,67,2650.89,668.64,4985.57
Tata,Online Shopper,New Product Launch Promo,166715.13,62,2688.95,687.62,4977.31
Tata,Online Shopper,New Year Kickoff,153520.62,65,2361.86,547.01,4766.04
Tata,Online Shopper,Price Drop Parade,154568.50,49,3154.46,550.56,4999.83
Tata,Online Shopper,Red Tag Clearance,180636.33,70,2580.52,509.75,4845.11
Tata,Online Shopper,Seasonal Surprise Box,173495.67,66,2628.72,578.78,4951.48
Tata,Online Shopper,Shop & Save Spectacular,191974.26,66,2908.70,524.89,4958.09
Tata,Online Shopper,Smart Shopper Week,187636.21,66,2842.97,788.29,4882.75
Tata,Online Shopper,Spring Refresh Event,189325.98,67,2825.76,517.46,4928.06
Tata,Online Shopper,Spring Splash Discounts,176598.54,62,2848.36,515.99,4947.17
Tata,Online Shopper,Summer Sizzle Promo,185549.29,70,2650.70,501.39,4934.99
Tata,Online Shopper,Super Savings Week,134594.38,53,2539.52,533.06,4850.55
Tata,Online Shopper,Ultimate Value Event,212658.91,78,2726.40,570.17,4995.88
Tata,Online Shopper,VIP Access Sale,169777.03,58,2927.19,802.88,4936.89
Tata,Online Shopper,Weekend Warrior Specials,187885.10,65,2890.54,627.81,4812.02
Tata,Online Shopper,Winter Clearance Carnival,216381.88,77,2810.15,677.85,4950.26
Tata,Online Shopper,Winter Wonders Sale,160717.45,56,2869.95,544.16,4983.25
Tata,Premium Shopper,12 Days of Deals,177503.84,63,2817.52,561.29,4937.19
Tata,Premium Shopper,Autumn Deals Drive,154558.05,59,2619.63,564.27,4971.59
Tata,Premium Shopper,BOGO Blitz,129477.98,53,2442.98,541.01,4851.24
Tata,Premium Shopper,Back to School Boost,184901.07,69,2679.73,517.45,4665.51
Tata,Premium Shopper,Birthday Bash Sale,178275.98,66,2701.15,503.77,4972.67
Tata,Premium Shopper,Black Friday Blowout,161464.77,64,2522.89,535.84,4990.79
Tata,Premium Shopper,Cart Crasher Campaign,192591.65,71,2712.56,505.15,4988.06
Tata,Premium Shopper,Cashback Carnival,168408.56,61,2760.80,533.43,4909.48
Tata,Premium Shopper,Clearance Countdown,192240.13,67,2869.26,604.70,4980.44
Tata,Premium Shopper,Countdown to Savings,190499.89,72,2645.83,514.93,4981.21
Tata,Premium Shopper,Customer Appreciation Week,175398.00,64,2740.59,551.68,4956.31
Tata,Premium Shopper,Cyber Monday Mania,204546.76,69,2964.45,567.79,4976.05
Tata,Premium Shopper,Deal of the Month,184214.30,65,2834.07,545.77,4985.73
Tata,Premium Shopper,Double Points Bonanza,209598.68,77,2722.06,541.29,4953.24
Tata,Premium Shopper,Early Bird Specials,202782.65,71,2856.09,558.93,4924.48
Tata,Premium Shopper,End of Season Sale,166828.16,63,2648.07,516.37,4939.19
Tata,Premium Shopper,Exclusive Insider Offers,149540.48,55,2718.92,536.37,4999.35
Tata,Premium Shopper,Festive Fever Promo,222988.92,76,2934.06,587.75,4977.76
Tata,Premium Shopper,Final Call Frenzy,170719.70,60,2845.33,638.34,4917.96
Tata,Premium Shopper,Flash Frenzy Friday,182504.86,65,2807.77,500.97,4985.60
Tata,Premium Shopper,"Gift More, Spend Less",168067.41,64,2626.05,559.81,4987.25
Tata,Premium Shopper,Golden Hour Bargains,219064.38,79,2772.97,619.26,4880.54
Tata,Premium Shopper,Green Weekend Deals,172485.25,65,2653.62,535.82,4990.02
Tata,Premium Shopper,Happy Hour Discounts,205249.56,78,2631.40,520.23,4957.58
Tata,Premium Shopper,Holiday Shopping Rush,197699.86,73,2708.22,649.65,4998.79
Tata,Premium Shopper,Hot Picks Promo,207007.99,74,2797.41,739.73,4942.44
Tata,Premium Shopper,Instant Gratification Sale,186042.81,65,2862.20,799.19,4953.70
Tata,Premium Shopper,Limited Time Treasures,149845.73,60,2497.43,510.52,4740.46
Tata,Premium Shopper,Loyalty Rewards Blast,226952.91,77,2947.44,507.01,4951.15
Tata,Premium Shopper,Mega Weekend Bonanza,200303.87,72,2782.00,745.09,4941.64
Tata,Premium Shopper,Mid-Year Madness,221379.70,81,2733.08,615.67,4995.65
Tata,Premium Shopper,Midnight Madness,142751.14,49,2913.29,511.10,4862.99
Tata,Premium Shopper,Mystery Discount Days,211456.42,81,2610.57,527.14,4964.83
Tata,Premium Shopper,New Arrival Showcase,187261.05,69,2713.93,511.64,4960.16
Tata,Premium Shopper,New Product Launch Promo,163101.07,59,2764.42,555.44,4994.23
Tata,Premium Shopper,New Year Kickoff,191369.75,74,2586.08,723.76,4952.00
Tata,Premium Shopper,Price Drop Parade,165065.20,57,2895.88,563.50,4976.14
Tata,Premium Shopper,Red Tag Clearance,172142.62,62,2776.49,608.98,4977.34
Tata,Premium Shopper,Seasonal Surprise Box,159675.94,66,2419.33,529.34,4676.32
Tata,Premium Shopper,Shop & Save Spectacular,134362.39,49,2742.09,512.51,4886.73
Tata,Premium Shopper,Smart Shopper Week,168955.72,59,2863.66,634.99,4877.49
Tata,Premium Shopper,Spring Refresh Event,180698.39,66,2737.85,599.00,4932.48
Tata,Premium Shopper,Spring Splash Discounts,177682.23,67,2651.97,546.36,4985.59
Tata,Premium Shopper,Summer Sizzle Promo,170197.60,65,2618.42,638.60,4915.24
Tata,Premium Shopper,Super Savings Week,212687.07,72,2953.99,514.95,4959.48
Tata,Premium Shopper,Ultimate Value Event,182857.96,68,2689.09,667.62,4939.46
Tata,Premium Shopper,VIP Access Sale,202783.87,70,2896.91,653.74,4937.17
Tata,Premium Shopper,Weekend Warrior Specials,169163.77,64,2643.18,696.74,4800.11
Tata,Premium Shopper,Winter Clearance Carnival,185604.63,64,2900.07,542.01,4923.26
Tata,Premium Shopper,Winter Wonders Sale,139173.03,57,2441.63,571.29,4919.72
Urban Ladder,Budget Shopper,12 Days of Deals,197182.87,72,2738.65,546.16,4932.18
Urban Ladder,Budget Shopper,Autumn Deals Drive,165686.16,66,2510.40,527.94,4950.83
Urban Ladder,Budget Shopper,BOGO Blitz,204745.26,77,2659.03,513.10,4948.61
Urban Ladder,Budget Shopper,Back to School Boost,204012.13,77,2649.51,520.62,4941.76
Urban Ladder,Budget Shopper,Birthday Bash Sale,180487.97,64,2820.12,505.39,4857.18
Urban Ladder,Budget Shopper,Black Friday Blowout,203599.87,72,2827.78,533.69,4793.96
Urban Ladder,Budget Shopper,Cart Crasher Campaign,153072.05,57,2685.47,694.53,4969.76
Urban Ladder,Budget Shopper,Cashback Carnival,166706.69,60,2778.44,700.83,4915.46
Urban Ladder,Budget Shopper,Clearance Countdown,160124.77,62,2582.66,507.62,4879.43
Urban Ladder,Budget Shopper,Countdown to Savings,207617.81,75,2768.24,644.00,4958.19
Urban Ladder,Budget Shopper,Customer Appreciation Week,193952.37,70,2770.75,685.98,4891.64
Urban Ladder,Budget Shopper,Cyber Monday Mania,238085.69,74,3217.37,597.18,4960.59
Urban Ladder,Budget Shopper,Deal of the Month,197813.12,66,2997.17,605.48,4999.11
Urban Ladder,Budget Shopper,Double Points Bonanza,162345.97,54,3006.41,649.24,4855.47
Urban Ladder,Budget Shopper,Early Bird Specials,154733.73,62,2495.71,522.35,4904.24
Urban Ladder,Budget Shopper,End of Season Sale,167657.45,64,2619.65,552.04,4931.49
Urban Ladder,Budget Shopper,Exclusive Insider Offers,198933.45,72,2762.96,532.69,4955.46
Urban Ladder,Budget Shopper,Festive Fever Promo,196542.91,70,2807.76,506.57,4987.04
Urban Ladder,Budget Shopper,Final Call Frenzy,206807.84,77,2685.82,502.39,4957.17
Urban Ladder,Budget Shopper,Flash Frenzy Friday,183311.59,71,2581.85,551.06,4991.64
Urban Ladder,Budget Shopper,"Gift More, Spend Less",245463.11,83,2957.39,510.14,4935.79
Urban Ladder,Budget Shopper,Golden Hour Bargains,220527.58,75,2940.37,517.42,4997.28
Urban Ladder,Budget Shopper,Green Weekend Deals,190083.71,62,3065.87,509.75,4995.24
Urban Ladder,Budget Shopper,Happy Hour Discounts,160858.65,58,2773.43,513.87,4986.41
Urban Ladder,Budget Shopper,Holiday Shopping Rush,175807.52,60,2930.13,651.72,4989.87
Urban Ladder,Budget Shopper,Hot Picks Promo,213909.63,74,2890.67,533.27,4980.07
Urban Ladder,Budget Shopper,Instant Gratification Sale,170817.15,63,2711.38,587.25,4983.48
Urban Ladder,Budget Shopper,Limited Time Treasures,182686.47,66,2767.98,574.92,4997.33
Urban Ladder,Budget Shopper,Loyalty Rewards Blast,148543.16,61,2435.13,585.86,4978.10
Urban Ladder,Budget Shopper,Mega Weekend Bonanza,200912.63,77,2609.25,504.49,4972.66
Urban Ladder,Budget Shopper,Mid-Year Madness,164895.06,64,2576.49,551.74,4981.00
Urban Ladder,Budget Shopper,Midnight Madness,167950.54,57,2946.50,536.99,4841.37
Urban Ladder,Budget Shopper,Mystery Discount Days,159479.14,59,2703.04,508.84,4894.25
Urban Ladder,Budget Shopper,New Arrival Showcase,164338.14,58,2833.42,642.82,4868.25
Urban Ladder,Budget Shopper,New Product Launch Promo,204480.59,76,2690.53,550.46,4965.43
Urban Ladder,Budget Shopper,New Year Kickoff,174455.76,60,2907.60,549.62,4922.04
Urban Ladder,Budget Shopper,Price Drop Parade,202493.65,73,2773.89,525.60,4893.06
Urban Ladder,Budget Shopper,Red Tag Clearance,212921.46,70,3041.74,591.84,4910.56
Urban Ladder,Budget Shopper,Seasonal Surprise Box,180168.19,67,2689.08,607.51,4787.16
Urban Ladder,Budget Shopper,Shop & Save Spectacular,173886.38,62,2804.62,615.24,4941.57
Urban Ladder,Budget Shopper,Smart Shopper Week,160136.61,55,2911.57,502.36,4996.17
Urban Ladder,Budget Shopper,Spring Refresh Event,200431.83,77,2603.01,609.44,4978.85
Urban Ladder,Budget Shopper,Spring Splash Discounts,187769.68,62,3028.54,540.92,4908.81
Urban Ladder,Budget Shopper,Summer Sizzle Promo,237396.01,86,2760.42,565.72,4990.61
Urban Ladder,Budget Shopper,Super Savings Week,256391.46,85,3016.37,592.36,4932.97
Urban Ladder,Budget Shopper,Ultimate Value Event,139318.60,55,2533.07,551.58,4552.19
Urban Ladder,Budget Shopper,VIP Access Sale,198639.03,70,2837.70,512.62,4987.04
Urban Ladder,Budget Shopper,Weekend Warrior Specials,188315.57,66,2853.27,556.40,4752.92
Urban Ladder,Budget Shopper,Winter Clearance Carnival,203613.83,75,2714.85,528.22,4875.59
Urban Ladder,Budget Shopper,Winter Wonders Sale,198906.82,73,2724.75,512.61,4963.25
Urban Ladder,Churn Risk,12 Days of Deals,211656.12,71,2981.07,555.80,4900.65
Urban Ladder,Churn Risk,Autumn Deals Drive,180414.08,62,2909.90,513.29,4954.26
Urban Ladder,Churn Risk,BOGO Blitz,205783.19,78,2638.25,546.05,4986.09
Urban Ladder,Churn Risk,Back to School Boost,190819.70,70,2726.00,547.17,4657.28
Urban Ladder,Churn Risk,Birthday Bash Sale,192922.83,63,3062.27,512.40,4983.66
Urban Ladder,Churn Risk,Black Friday Blowout,228575.75,74,3088.86,874.38,4981.67
Urban Ladder,Churn Risk,Cart Crasher Campaign,165825.10,64,2591.02,535.07,4975.89
Urban Ladder,Churn Risk,Cashback Carnival,140602.93,55,2556.42,563.48,4999.22
Urban Ladder,Churn Risk,Clearance Countdown,197054.45,68,2897.86,547.99,4931.65
Urban Ladder,Churn Risk,Countdown to Savings,184660.85,71,2600.86,554.75,4876.65
Urban Ladder,Churn Risk,Customer Appreciation Week,185354.40,69,2686.30,592.88,4659.17
Urban Ladder,Churn Risk,Cyber Monday Mania,187491.97,66,2840.79,569.57,4990.19
Urban Ladder,Churn Risk,Deal of the Month,228110.59,86,2652.45,526.05,4944.26
Urban Ladder,Churn Risk,Double Points Bonanza,202385.64,78,2594.69,586.03,4889.67
Urban Ladder,Churn Risk,Early Bird Specials,142702.96,52,2744.29,945.45,4910.91
Urban Ladder,Churn Risk,End of Season Sale,163479.92,61,2680.00,590.70,4923.76
Urban Ladder,Churn Risk,Exclusive Insider Offers,149782.53,59,2538.69,511.93,4938.63
Urban Ladder,Churn Risk,Festive Fever Promo,153044.00,63,2429.27,620.05,4863.66
Urban Ladder,Churn Risk,Final Call Frenzy,170714.07,66,2586.58,501.06,4896.81
Urban Ladder,Churn Risk,Flash Frenzy Friday,204957.62,77,2661.79,593.90,4916.33
Urban Ladder,Churn Risk,"Gift More, Spend Less",171115.82,66,2592.66,511.64,4919.55
Urban Ladder,Churn Risk,Golden Hour Bargains,176911.70,65,2721.72,524.42,4886.55
Urban Ladder,Churn Risk,Green Weekend Deals,149401.65,55,2716.39,504.20,4863.37
Urban Ladder,Churn Risk,Happy Hour Discounts,186861.27,65,2874.79,538.10,4983.88
Urban Ladder,Churn Risk,Holiday Shopping Rush,201151.14,70,2873.59,507.19,4976.09
Urban Ladder,Churn Risk,Hot Picks Promo,197677.76,73,2707.91,545.74,4962.13
Urban Ladder,Churn Risk,Instant Gratification Sale,181726.24,74,2455.76,519.16,4917.83
Urban Ladder,Churn Risk,Limited Time Treasures,208147.57,69,3016.63,545.02,4948.13
Urban Ladder,Churn Risk,Loyalty Rewards Blast,140853.32,60,2347.56,519.34,4967.59
Urban Ladder,Churn Risk,Mega Weekend Bonanza,142709.60,53,2692.63,607.25,4897.64
Urban Ladder,Churn Risk,Mid-Year Madness,208001.09,72,2888.90,708.34,4807.70
Urban Ladder,Churn Risk,Midnight Madness,200926.77,76,2643.77,523.87,4827.66
Urban Ladder,Churn Risk,Mystery Discount Days,200126.73,77,2599.05,584.29,4929.67
Urban Ladder,Churn Risk,New Arrival Showcase,180171.53,66,2729.87,639.88,4989.98
Urban Ladder,Churn Risk,New Product Launch Promo,187341.90,64,2927.22,512.94,4999.22
Urban Ladder,Churn Risk,New Year Kickoff,171535.67,59,2907.38,631.35,4975.31
Urban Ladder,Churn Risk,Price Drop Parade,129570.00,52,2491.73,559.10,4845.59
Urban Ladder,Churn Risk,Red Tag Clearance,169883.18,63,2696.56,516.73,4941.39
Urban Ladder,Churn Risk,Seasonal Surprise Box,186555.28,64,2914.93,575.66,4976.82
Urban Ladder,Churn Risk,Shop & Save Spectacular,194029.24,74,2622.02,537.34,4990.61
Urban Ladder,Churn Risk,Smart Shopper Week,198150.84,65,3048.47,552.21,4987.03
Urban Ladder,Churn Risk,Spring Refresh Event,166130.53,58,2864.32,532.87,4971.53
Urban Ladder,Churn Risk,Spring Splash Discounts,250886.35,86,2917.28,528.77,4913.34
Urban Ladder,Churn Risk,Summer Sizzle Promo,170391.13,66,2581.68,546.91,4899.75
Urban Ladder,Churn Risk,Super Savings Week,205872.81,73,2820.18,500.70,4997.19
Urban Ladder,Churn Risk,Ultimate Value Event,206790.64,69,2996.97,572.22,4969.68
Urban Ladder,Churn Risk,VIP Access Sale,178357.44,61,2923.89,568.38,4877.13
Urban Ladder,Churn Risk,Weekend Warrior Specials,203720.68,82,2484.40,529.10,4975.69
Urban Ladder,Churn Risk,Winter Clearance Carnival,216557.60,74,2926.45,563.21,4987.68
Urban Ladder,Churn Risk,Winter Wonders Sale,157540.89,61,2582.64,547.25,4904.84
Urban Ladder,Deal Seeker,12 Days of Deals,189350.19,65,2913.08,502.44,4561.10
Urban Ladder,Deal Seeker,Autumn Deals Drive,172239.83,59,2919.32,567.16,4982.15
Urban Ladder,Deal Seeker,BOGO Blitz,173979.81,63,2761.58,516.54,4975.94
Urban Ladder,Deal Seeker,Back to School Boost,128051.33,51,2510.81,514.02,4904.66
Urban Ladder,Deal Seeker,Birthday Bash Sale,169406.47,65,2606.25,665.85,4766.68
Urban Ladder,Deal Seeker,Black Friday Blowout,156244.16,55,2840.80,614.16,4974.48
Urban Ladder,Deal Seeker,Cart Crasher Campaign,228534.64,87,2626.83,503.66,4982.54
Urban Ladder,Deal Seeker,Cashback Carnival,201446.60,70,2877.81,538.91,4997.15
Urban Ladder,Deal Seeker,Clearance Countdown,199594.93,63,3168.17,721.18,4837.65
Urban Ladder,Deal Seeker,Countdown to Savings,175068.04,67,2612.96,619.23,4986.67
Urban Ladder,Deal Seeker,Customer Appreciation Week,186042.96,68,2735.93,501.28,4988.63
Urban Ladder,Deal Seeker,Cyber Monday Mania,160356.84,60,2672.61,557.71,4985.37
Urban Ladder,Deal Seeker,Deal of the Month,228581.25,86,2657.92,543.62,4985.15
Urban Ladder,Deal Seeker,Double Points Bonanza,157740.68,62,2544.20,531.32,4955.59
Urban Ladder,Deal Seeker,Early Bird Specials,172710.43,61,2831.32,789.26,4918.78
Urban Ladder,Deal Seeker,End of Season Sale,157924.74,57,2770.61,512.45,4909.24
Urban Ladder,Deal Seeker,Exclusive Insider Offers,208648.73,71,2938.71,688.81,4960.23
Urban Ladder,Deal Seeker,Festive Fever Promo,153474.78,75,2046.33,520.73,4892.83
Urban Ladder,Deal Seeker,Final Call Frenzy,181986.56,69,2637.49,516.25,4997.58
Urban Ladder,Deal Seeker,Flash Frenzy Friday,158687.03,57,2783.98,561.07,4978.87
Urban Ladder,Deal Seeker,"Gift More, Spend Less",189076.14,70,2701.09,594.22,4984.42
Urban Ladder,Deal Seeker,Golden Hour Bargains,222059.89,76,2921.84,632.85,4904.66
Urban Ladder,Deal Seeker,Green Weekend Deals,163976.76,60,2732.95,564.97,4959.85
Urban Ladder,Deal Seeker,Happy Hour Discounts,196432.32,75,2619.10,518.91,4974.37
Urban Ladder,Deal Seeker,Holiday Shopping Rush,181891.60,63,2887.17,502.02,4897.17
Urban Ladder,Deal Seeker,Hot Picks Promo,208060.77,76,2737.64,577.86,4986.19
Urban Ladder,Deal Seeker,Instant Gratification Sale,180734.13,62,2915.07,543.93,4995.20
Urban Ladder,Deal Seeker,Limited Time Treasures,200222.90,72,2780.87,596.10,4968.61
Urban Ladder,Deal Seeker,Loyalty Rewards Blast,212715.99,78,2727.13,550.08,4930.58
Urban Ladder,Deal Seeker,Mega Weekend Bonanza,182319.36,61,2988.84,507.73,4959.56
Urban Ladder,Deal Seeker,Mid-Year Madness,154759.97,56,2763.57,644.99,4989.43
Urban Ladder,Deal Seeker,Midnight Madness,199467.81,70,2849.54,511.65,4959.06
Urban Ladder,Deal Seeker,Mystery Discount Days,190300.58,65,2927.70,623.16,4892.48
Urban Ladder,Deal Seeker,New Arrival Showcase,177628.22,65,2732.74,541.64,4925.41
Urban Ladder,Deal Seeker,New Product Launch Promo,173680.94,69,2517.12,511.19,4996.27
Urban Ladder,Deal Seeker,New Year Kickoff,153840.86,61,2521.98,624.52,4942.77
Urban Ladder,Deal Seeker,Price Drop Parade,212628.28,71,2994.76,504.00,4970.12
Urban Ladder,Deal Seeker,Red Tag Clearance,179598.53,66,2721.19,561.05,4880.45
Urban Ladder,Deal Seeker,Seasonal Surprise Box,176957.48,59,2999.28,738.77,4981.28
Urban Ladder,Deal Seeker,Shop & Save Spectacular,204879.62,77,2660.77,522.08,4950.33
Urban Ladder,Deal Seeker,Smart Shopper Week,186776.45,66,2829.95,541.51,4952.65
Urban Ladder,Deal Seeker,Spring Refresh Event,149965.77,58,2585.62,532.31,4904.40
Urban Ladder,Deal Seeker,Spring Splash Discounts,177550.00,61,2910.66,746.95,4968.45
Urban Ladder,Deal Seeker,Summer Sizzle Promo,199175.04,73,2728.43,531.43,4912.91
Urban Ladder,Deal Seeker,Super Savings Week,162504.26,59,2754.31,506.49,4935.73
Urban Ladder,Deal Seeker,Ultimate Value Event,177098.32,59,3001.67,769.21,4955.04
Urban Ladder,Deal Seeker,VIP Access Sale,185363.06,65,2851.74,558.69,4985.27
Urban Ladder,Deal Seeker,Weekend Warrior Specials,221598.22,77,2877.90,511.76,4948.35
Urban Ladder,Deal Seeker,Winter Clearance Carnival,192988.21,70,2756.97,531.96,4984.84
Urban Ladder,Deal Seeker,Winter Wonders Sale,172696.12,65,2656.86,712.67,4720.22
Urban Ladder,First-time Buyer,12 Days of Deals,140150.25,56,2502.68,601.35,4487.10
Urban Ladder,First-time Buyer,Autumn Deals Drive,161007.70,55,2927.41,802.69,4957.11
Urban Ladder,First-time Buyer,BOGO Blitz,169469.61,63,2689.99,562.90,4964.98
Urban Ladder,First-time Buyer,Back to School Boost,155914.34,54,2887.30,506.98,4937.67
Urban Ladder,First-time Buyer,Birthday Bash Sale,167527.51,58,2888.41,549.59,4996.86
Urban Ladder,First-time Buyer,Black Friday Blowout,150546.54,59,2551.64,526.37,4941.78
Urban Ladder,First-time Buyer,Cart Crasher Campaign,176978.66,73,2424.37,514.35,4954.89
Urban Ladder,First-time Buyer,Cashback Carnival,184839.95,69,2678.84,612.35,4902.49
Urban Ladder,First-time Buyer,Clearance Countdown,191540.51,62,3089.36,651.27,4932.04
Urban Ladder,First-time Buyer,Countdown to Savings,143132.87,55,2602.42,575.52,4951.45
Urban Ladder,First-time Buyer,Customer Appreciation Week,176004.52,63,2793.72,529.89,4963.00
Urban Ladder,First-time Buyer,Cyber Monday Mania,196380.14,75,2618.40,587.25,4919.54
Urban Ladder,First-time Buyer,Deal of the Month,223958.69,76,2946.82,563.65,4949.40
Urban Ladder,First-time Buyer,Double Points Bonanza,167686.67,60,2794.78,610.93,4951.65
Urban Ladder,First-time Buyer,Early Bird Specials,171436.39,66,2597.52,574.47,4975.68
Urban Ladder,First-time Buyer,End of Season Sale,248263.94,89,2789.48,551.44,4962.83
Urban Ladder,First-time Buyer,Exclusive Insider Offers,238802.76,86,2776.78,588.92,4942.16
Urban Ladder,First-time Buyer,Festive Fever Promo,165053.33,55,3000.97,666.96,4867.82
Urban Ladder,First-time Buyer,Final Call Frenzy,248533.10,88,2824.24,504.15,4990.60
Urban Ladder,First-time Buyer,Flash Frenzy Friday,195906.29,79,2479.83,502.44,4895.52
Urban Ladder,First-time Buyer,"Gift More, Spend Less",129780.96,49,2648.59,530.54,4966.46
Urban Ladder,First-time Buyer,Golden Hour Bargains,199913.60,63,3173.23,506.16,4972.66
Urban Ladder,First-time Buyer,Green Weekend Deals,175958.77,75,2346.12,505.86,4985.54
Urban Ladder,First-time Buyer,Happy Hour Discounts,179385.49,66,2717.96,606.33,4931.17
Urban Ladder,First-time Buyer,Holiday Shopping Rush,147326.43,51,2888.75,523.84,4959.89
Urban Ladder,First-time Buyer,Hot Picks Promo,210054.54,77,2727.98,579.44,4976.64
Urban Ladder,First-time Buyer,Instant Gratification Sale,229102.48,79,2900.03,505.46,4871.77
Urban Ladder,First-time Buyer,Limited Time Treasures,207854.19,66,3149.31,582.18,4999.59
Urban Ladder,First-time Buyer,Loyalty Rewards Blast,190162.89,67,2838.25,542.20,4935.04
Urban Ladder,First-time Buyer,Mega Weekend Bonanza,175329.87,66,2656.51,866.27,4961.37
Urban Ladder,First-time Buyer,Mid-Year Madness,211577.77,80,2644.72,566.14,4918.44
Urban Ladder,First-time Buyer,Midnight Madness,212941.20,72,2957.52,544.04,4952.26
Urban Ladder,First-time Buyer,Mystery Discount Days,180496.37,63,2865.02,518.40,4986.24
Urban Ladder,First-time Buyer,New Arrival Showcase,187817.64,63,2981.23,545.50,4945.16
Urban Ladder,First-time Buyer,New Product Launch Promo,149630.45,55,2720.55,519.78,4928.45
Urban Ladder,First-time Buyer,New Year Kickoff,195956.58,69,2839.95,510.88,4990.45
Urban Ladder,First-time Buyer,Price Drop Parade,176371.04,68,2593.69,519.13,4959.52
Urban Ladder,First-time Buyer,Red Tag Clearance,189632.21,67,2830.33,548.94,4989.74
Urban Ladder,First-time Buyer,Seasonal Surprise Box,240461.74,79,3043.82,512.82,4996.98
Urban Ladder,First-time Buyer,Shop & Save Spectacular,162148.64,58,2795.67,561.67,4934.81
Urban Ladder,First-time Buyer,Smart Shopper Week,227959.13,78,2922.55,553.99,4875.34
Urban Ladder,First-time Buyer,Spring Refresh Event,153812.20,54,2848.37,619.54,4922.82
Urban Ladder,First-time Buyer,Spring Splash Discounts,162595.42,59,2755.85,515.63,4960.93
Urban Ladder,First-time Buyer,Summer Sizzle Promo,158578.87,60,2642.98,522.40,4941.12
Urban Ladder,First-time Buyer,Super Savings Week,141069.76,49,2878.97,778.63,4802.31
Urban Ladder,First-time Buyer,Ultimate Value Event,194815.80,66,2951.75,631.66,4958.16
Urban Ladder,First-time Buyer,VIP Access Sale,197244.93,69,2858.62,524.32,4919.03
Urban Ladder,First-time Buyer,Weekend Warrior Specials,173764.87,58,2995.95,625.42,4965.69
Urban Ladder,First-time Buyer,Winter Clearance Carnival,148417.87,59,2515.56,541.60,4993.18
Urban Ladder,First-time Buyer,Winter Wonders Sale,167136.80,61,2739.95,547.98,4957.36
Urban Ladder,High Value,12 Days of Deals,184566.45,68,2714.21,504.24,4906.00
Urban Ladder,High Value,Autumn Deals Drive,198744.57,70,2839.21,533.02,4949.48
Urban Ladder,High Value,BOGO Blitz,185628.10,71,2614.48,587.19,4939.15
Urban Ladder,High Value,Back to School Boost,197846.23,66,2997.67,566.96,4996.70
Urban Ladder,High Value,Birthday Bash Sale,245015.02,84,2916.85,563.88,4964.82
Urban Ladder,High Value,Black Friday Blowout,189653.64,69,2748.60,507.23,4953.98
Urban Ladder,High Value,Cart Crasher Campaign,163618.82,57,2870.51,597.42,4994.60
Urban Ladder,High Value,Cashback Carnival,203710.87,82,2484.28,517.52,4829.61
Urban Ladder,High Value,Clearance Countdown,192045.63,68,2824.20,523.76,4973.64
Urban Ladder,High Value,Countdown to Savings,140303.59,56,2505.42,567.21,4975.73
Urban Ladder,High Value,Customer Appreciation Week,185580.75,65,2855.09,685.97,4955.41
Urban Ladder,High Value,Cyber Monday Mania,190044.54,69,2754.27,541.91,4967.96
Urban Ladder,High Value,Deal of the Month,231145.64,87,2656.85,549.82,4857.13
Urban Ladder,High Value,Double Points Bonanza,187640.59,72,2606.12,512.14,4816.20
Urban Ladder,High Value,Early Bird Specials,167456.68,61,2745.19,757.04,4880.43
Urban Ladder,High Value,End of Season Sale,190567.24,72,2646.77,573.83,4955.76
Urban Ladder,High Value,Exclusive Insider Offers,135830.50,55,2469.65,543.79,4910.50
Urban Ladder,High Value,Festive Fever Promo,186540.28,62,3008.71,520.94,4991.65
Urban Ladder,High Value,Final Call Frenzy,160561.76,54,2973.37,599.19,4877.70
Urban Ladder,High Value,Flash Frenzy Friday,199072.53,71,2803.84,528.30,4993.26
Urban Ladder,High Value,"Gift More, Spend Less",240320.29,82,2930.74,554.04,4966.00
Urban Ladder,High Value,Golden Hour Bargains,132334.62,48,2756.97,564.34,4995.50
Urban Ladder,High Value,Green Weekend Deals,203398.60,79,2574.67,609.98,4992.89
Urban Ladder,High Value,Happy Hour Discounts,177430.29,66,2688.34,518.88,4997.56
Urban Ladder,High Value,Holiday Shopping Rush,200002.26,74,2702.73,628.86,4898.11
Urban Ladder,High Value,Hot Picks Promo,227805.60,83,2744.65,580.69,4995.82
Urban Ladder,High Value,Instant Gratification Sale,163064.54,64,2547.88,641.47,4911.12
Urban Ladder,High Value,Limited Time Treasures,132184.60,53,2494.05,505.63,4892.95
Urban Ladder,High Value,Loyalty Rewards Blast,214438.17,69,3107.80,583.90,4998.17
Urban Ladder,High Value,Mega Weekend Bonanza,186829.37,74,2524.72,507.54,4757.93
Urban Ladder,High Value,Mid-Year Madness,172843.55,62,2787.80,585.24,4929.28
Urban Ladder,High Value,Midnight Madness,189018.86,66,2863.92,504.51,4992.67
Urban Ladder,High Value,Mystery Discount Days,210507.40,75,2806.77,539.99,4940.21
Urban Ladder,High Value,New Arrival Showcase,181717.21,62,2930.92,614.46,4946.72
Urban Ladder,High Value,New Product Launch Promo,209111.43,79,2646.98,507.93,4968.16
Urban Ladder,High Value,New Year Kickoff,231849.18,81,2862.34,518.27,4998.26
Urban Ladder,High Value,Price Drop Parade,170679.99,63,2709.21,533.05,4917.02
Urban Ladder,High Value,Red Tag Clearance,182086.79,69,2638.94,501.29,4999.64
Urban Ladder,High Value,Seasonal Surprise Box,188276.37,71,2651.78,614.28,4884.55
Urban Ladder,High Value,Shop & Save Spectacular,197270.21,73,2702.33,567.35,4973.80
Urban Ladder,High Value,Smart Shopper Week,227007.19,84,2702.47,593.77,4945.66
Urban Ladder,High Value,Spring Refresh Event,186415.83,73,2553.64,527.72,4999.58
Urban Ladder,High Value,Spring Splash Discounts,244491.65,87,2810.25,545.25,4996.37
Urban Ladder,High Value,Summer Sizzle Promo,184895.38,71,2604.16,579.91,4961.33
Urban Ladder,High Value,Super Savings Week,221206.37,70,3160.09,538.68,4923.15
Urban Ladder,High Value,Ultimate Value Event,206574.35,75,2754.32,584.80,4978.65
Urban Ladder,High Value,VIP Access Sale,167758.07,66,2541.79,585.61,4758.34
Urban Ladder,High Value,Weekend Warrior Specials,155145.93,53,2927.28,597.43,4971.95
Urban Ladder,High Value,Winter Clearance Carnival,204898.57,69,2969.54,516.64,4966.85
Urban Ladder,High Value,Winter Wonders Sale,195392.94,68,2873.43,567.25,4954.29
Urban Ladder,In-Store Regular,12 Days of Deals,168326.29,60,2805.44,572.47,4966.77
Urban Ladder,In-Store Regular,Autumn Deals Drive,184895.02,64,2888.98,543.92,4994.21
Urban Ladder,In-Store Regular,BOGO Blitz,208055.05,84,2476.85,523.54,4990.46
Urban Ladder,In-Store Regular,Back to School Boost,159060.47,57,2790.53,881.56,4882.03
Urban Ladder,In-Store Regular,Birthday Bash Sale,190764.01,72,2649.50,555.18,4913.08
Urban Ladder,In-Store Regular,Black Friday Blowout,213048.27,71,3000.68,535.42,4940.05
Urban Ladder,In-Store Regular,Cart Crasher Campaign,241976.77,83,2915.38,617.62,4979.28
Urban Ladder,In-Store Regular,Cashback Carnival,154807.51,53,2920.90,566.59,4919.07
Urban Ladder,In-Store Regular,Clearance Countdown,193759.99,71,2729.01,534.77,4979.50
Urban Ladder,In-Store Regular,Countdown to Savings,150727.39,58,2598.75,527.22,4888.67
Urban Ladder,In-Store Regular,Customer Appreciation Week,119543.18,48,2490.48,576.03,4571.54
Urban Ladder,In-Store Regular,Cyber Monday Mania,159515.50,62,2572.83,561.75,4958.22
Urban Ladder,In-Store Regular,Deal of the Month,193753.48,63,3075.45,547.37,4948.09
Urban Ladder,In-Store Regular,Double Points Bonanza,172153.50,58,2968.16,719.00,4993.12
Urban Ladder,In-Store Regular,Early Bird Specials,197304.54,70,2818.64,508.32,4985.13
Urban Ladder,In-Store Regular,End of Season Sale,238089.51,85,2801.05,556.99,4986.18
Urban Ladder,In-Store Regular,Exclusive Insider Offers,171150.04,59,2900.85,592.10,4964.31
Urban Ladder,In-Store Regular,Festive Fever Promo,184742.28,75,2463.23,500.07,4818.69
Urban Ladder,In-Store Regular,Final Call Frenzy,142194.24,55,2585.35,543.54,4457.45
Urban Ladder,In-Store Regular,Flash Frenzy Friday,203012.29,70,2900.18,556.15,4907.95
Urban Ladder,In-Store Regular,"Gift More, Spend Less",238531.00,86,2773.62,507.61,4928.30
Urban Ladder,In-Store Regular,Golden Hour Bargains,162719.91,59,2757.96,701.01,4956.05
Urban Ladder,In-Store Regular,Green Weekend Deals,212356.10,80,2654.45,550.71,4889.13
Urban Ladder,In-Store Regular,Happy Hour Discounts,200078.79,67,2986.25,726.56,4936.65
Urban Ladder,In-Store Regular,Holiday Shopping Rush,196639.88,67,2934.92,637.10,4984.48
Urban Ladder,In-Store Regular,Hot Picks Promo,172439.42,65,2652.91,502.87,4986.56
Urban Ladder,In-Store Regular,Instant Gratification Sale,135232.69,48,2817.35,503.70,4979.76
Urban Ladder,In-Store Regular,Limited Time Treasures,175787.78,66,2663.45,503.33,4975.18
Urban Ladder,In-Store Regular,Loyalty Rewards Blast,154255.81,58,2659.58,533.09,4973.03
Urban Ladder,In-Store Regular,Mega Weekend Bonanza,161581.94,60,2693.03,522.03,4745.42
Urban Ladder,In-Store Regular,Mid-Year Madness,161301.53,60,2688.36,602.60,4888.47
Urban Ladder,In-Store Regular,Midnight Madness,226622.79,77,2943.15,533.25,4986.82
Urban Ladder,In-Store Regular,Mystery Discount Days,202105.78,72,2807.02,716.58,4923.43
Urban Ladder,In-Store Regular,New Arrival Showcase,128379.33,50,2567.59,554.82,4940.58
Urban Ladder,In-Store Regular,New Product Launch Promo,194275.51,74,2625.34,530.54,4976.55
Urban Ladder,In-Store Regular,New Year Kickoff,147228.87,55,2676.89,567.11,4989.93
Urban Ladder,In-Store Regular,Price Drop Parade,215898.48,78,2767.93,527.13,4954.46
Urban Ladder,In-Store Regular,Red Tag Clearance,168798.10,61,2767.18,604.37,4947.33
Urban Ladder,In-Store Regular,Seasonal Surprise Box,208643.88,77,2709.66,519.55,4956.45
Urban Ladder,In-Store Regular,Shop & Save Spectacular,188781.11,63,2996.53,634.96,4928.66
Urban Ladder,In-Store Regular,Smart Shopper Week,126127.93,47,2683.57,592.49,4980.53
Urban Ladder,In-Store Regular,Spring Refresh Event,178201.70,66,2700.03,519.15,4866.59
Urban Ladder,In-Store Regular,Spring Splash Discounts,199666.91,76,2627.20,577.08,4973.04
Urban Ladder,In-Store Regular,Summer Sizzle Promo,196707.53,74,2658.21,547.83,4887.83
Urban Ladder,In-Store Regular,Super Savings Week,145827.89,55,2651.42,539.00,4910.09
Urban Ladder,In-Store Regular,Ultimate Value Event,137404.51,49,2804.17,677.34,4617.42
Urban Ladder,In-Store Regular,VIP Access Sale,169914.67,59,2879.91,671.56,4995.75
Urban Ladder,In-Store Regular,Weekend Warrior Specials,227569.91,76,2994.34,611.01,4997.30
Urban Ladder,In-Store Regular,Winter Clearance Carnival,187602.62,63,2977.82,678.60,4998.82
Urban Ladder,In-Store Regular,Winter Wonders Sale,219774.44,80,2747.18,514.12,4930.16
Urban Ladder,Loyal Customer,12 Days of Deals,158077.39,60,2634.62,621.03,4798.57
Urban Ladder,Loyal Customer,Autumn Deals Drive,175367.44,62,2828.51,654.87,4958.56
Urban Ladder,Loyal Customer,BOGO Blitz,165302.69,67,2467.20,506.07,4971.57
Urban Ladder,Loyal Customer,Back to School Boost,174502.76,65,2684.66,612.49,4988.37
Urban Ladder,Loyal Customer,Birthday Bash Sale,168971.07,62,2725.34,560.50,4989.44
Urban Ladder,Loyal Customer,Black Friday Blowout,182152.59,71,2565.53,536.84,4966.97
Urban Ladder,Loyal Customer,Cart Crasher Campaign,144059.13,53,2718.10,613.95,4857.18
Urban Ladder,Loyal Customer,Cashback Carnival,185103.72,69,2682.66,521.24,4979.95
Urban Ladder,Loyal Customer,Clearance Countdown,202192.79,72,2808.23,559.97,4970.72
Urban Ladder,Loyal Customer,Countdown to Savings,149918.23,56,2677.11,645.80,4930.44
Urban Ladder,Loyal Customer,Customer Appreciation Week,184283.05,65,2835.12,510.46,4971.48
Urban Ladder,Loyal Customer,Cyber Monday Mania,220156.16,78,2822.51,571.05,4821.39
Urban Ladder,Loyal Customer,Deal of the Month,155657.76,60,2594.30,560.96,4979.19
Urban Ladder,Loyal Customer,Double Points Bonanza,193950.38,70,2770.72,508.58,4922.87
Urban Ladder,Loyal Customer,Early Bird Specials,177210.02,57,3108.95,663.46,4957.30
Urban Ladder,Loyal Customer,End of Season Sale,186167.77,60,3102.80,583.00,4897.78
Urban Ladder,Loyal Customer,Exclusive Insider Offers,209676.73,69,3038.79,536.95,4942.20
Urban Ladder,Loyal Customer,Festive Fever Promo,182735.28,66,2768.72,537.46,4952.54
Urban Ladder,Loyal Customer,Final Call Frenzy,177532.72,65,2731.27,536.86,4940.95
Urban Ladder,Loyal Customer,Flash Frenzy Friday,180872.55,71,2547.50,503.14,4930.73
Urban Ladder,Loyal Customer,"Gift More, Spend Less",139290.73,45,3095.35,685.81,4983.56
Urban Ladder,Loyal Customer,Golden Hour Bargains,162060.07,54,3001.11,528.40,4855.42
Urban Ladder,Loyal Customer,Green Weekend Deals,219935.02,81,2715.25,585.16,4967.95
Urban Ladder,Loyal Customer,Happy Hour Discounts,182369.61,65,2805.69,677.54,4996.65
Urban Ladder,Loyal Customer,Holiday Shopping Rush,222749.54,79,2819.61,656.40,4988.30
Urban Ladder,Loyal Customer,Hot Picks Promo,164007.83,62,2645.29,537.81,4992.39
Urban Ladder,Loyal Customer,Instant Gratification Sale,184544.12,66,2796.12,546.84,4995.76
Urban Ladder,Loyal Customer,Limited Time Treasures,169841.18,61,2784.28,560.74,4971.43
Urban Ladder,Loyal Customer,Loyalty Rewards Blast,168326.48,67,2512.34,529.28,4814.78
Urban Ladder,Loyal Customer,Mega Weekend Bonanza,167211.62,59,2834.10,527.15,4969.19
Urban Ladder,Loyal Customer,Mid-Year Madness,193154.23,71,2720.48,524.03,4995.47
Urban Ladder,Loyal Customer,Midnight Madness,204308.74,76,2688.27,561.50,4870.69
Urban Ladder,Loyal Customer,Mystery Discount Days,220165.34,75,2935.54,589.21,4960.87
Urban Ladder,Loyal Customer,New Arrival Showcase,196943.30,70,2813.48,537.93,4928.91
Urban Ladder,Loyal Customer,New Product Launch Promo,186135.44,67,2778.14,516.63,4976.13
Urban Ladder,Loyal Customer,New Year Kickoff,157380.07,63,2498.10,518.38,4971.70
Urban Ladder,Loyal Customer,Price Drop Parade,209309.56,68,3078.08,539.39,4953.21
Urban Ladder,Loyal Customer,Red Tag Clearance,162565.61,62,2622.03,590.51,4832.03
Urban Ladder,Loyal Customer,Seasonal Surprise Box,172034.30,61,2820.23,517.65,4969.37
Urban Ladder,Loyal Customer,Shop & Save Spectacular,220211.54,80,2752.64,522.23,4954.76
Urban Ladder,Loyal Customer,Smart Shopper Week,244191.41,83,2942.07,500.56,4948.82
Urban Ladder,Loyal Customer,Spring Refresh Event,174497.59,67,2604.44,621.55,4959.16
Urban Ladder,Loyal Customer,Spring Splash Discounts,160991.72,65,2476.80,533.15,4960.30
Urban Ladder,Loyal Customer,Summer Sizzle Promo,240528.69,86,2796.85,517.24,4975.46
Urban Ladder,Loyal Customer,Super Savings Week,199363.24,68,2931.81,796.04,4989.09
Urban Ladder,Loyal Customer,Ultimate Value Event,187677.51,61,3076.68,501.69,4964.32
Urban Ladder,Loyal Customer,VIP Access Sale,157119.34,58,2708.95,525.71,4946.00
Urban Ladder,Loyal Customer,Weekend Warrior Specials,215638.89,72,2994.98,593.10,4991.12
Urban Ladder,Loyal Customer,Winter Clearance Carnival,173838.45,69,2519.40,509.43,4901.38
Urban Ladder,Loyal Customer,Winter Wonders Sale,188123.75,66,2850.36,548.62,4997.81
Urban Ladder,Occasional Shopper,12 Days of Deals,181746.24,60,3029.10,678.06,4974.34
Urban Ladder,Occasional Shopper,Autumn Deals Drive,193734.52,73,2653.90,589.07,4930.90
Urban Ladder,Occasional Shopper,BOGO Blitz,156044.29,59,2644.82,515.56,4972.69
Urban Ladder,Occasional Shopper,Back to School Boost,179051.34,61,2935.27,722.82,4903.18
Urban Ladder,Occasional Shopper,Birthday Bash Sale,145195.18,59,2460.94,501.84,4923.87
Urban Ladder,Occasional Shopper,Black Friday Blowout,186243.70,70,2660.62,546.69,4889.21
Urban Ladder,Occasional Shopper,Cart Crasher Campaign,197249.80,78,2528.84,578.53,4956.37
Urban Ladder,Occasional Shopper,Cashback Carnival,109705.07,45,2437.89,513.56,4993.29
Urban Ladder,Occasional Shopper,Clearance Countdown,137086.30,57,2405.02,528.08,4671.67
Urban Ladder,Occasional Shopper,Countdown to Savings,168954.44,62,2725.07,609.32,4989.47
Urban Ladder,Occasional Shopper,Customer Appreciation Week,161656.60,65,2487.02,514.26,4859.06
Urban Ladder,Occasional Shopper,Cyber Monday Mania,195611.84,62,3155.03,566.44,4939.04
Urban Ladder,Occasional Shopper,Deal of the Month,164380.17,60,2739.67,515.42,4976.52
Urban Ladder,Occasional Shopper,Double Points Bonanza,213817.60,71,3011.52,500.57,4923.61
Urban Ladder,Occasional Shopper,Early Bird Specials,184894.43,64,2888.98,503.43,4850.49
Urban Ladder,Occasional Shopper,End of Season Sale,204499.41,76,2690.78,518.17,4989.65
Urban Ladder,Occasional Shopper,Exclusive Insider Offers,163382.01,64,2552.84,569.10,4966.55
Urban Ladder,Occasional Shopper,Festive Fever Promo,170315.25,62,2747.02,529.44,4967.56
Urban Ladder,Occasional Shopper,Final Call Frenzy,161132.21,60,2685.54,561.49,4951.25
Urban Ladder,Occasional Shopper,Flash Frenzy Friday,159875.38,61,2620.91,532.28,4977.76
Urban Ladder,Occasional Shopper,"Gift More, Spend Less",217769.04,76,2865.38,513.13,4915.69
Urban Ladder,Occasional Shopper,Golden Hour Bargains,178642.31,60,2977.37,551.17,4999.31
Urban Ladder,Occasional Shopper,Green Weekend Deals,192192.22,69,2785.39,502.15,4987.09
Urban Ladder,Occasional Shopper,Happy Hour Discounts,161534.12,60,2692.24,648.64,4855.57
Urban Ladder,Occasional Shopper,Holiday Shopping Rush,186356.66,68,2740.54,564.75,4918.92
Urban Ladder,Occasional Shopper,Hot Picks Promo,153667.82,60,2561.13,773.46,4997.23
Urban Ladder,Occasional Shopper,Instant Gratification Sale,209317.15,73,2867.36,515.64,4898.77
Urban Ladder,Occasional Shopper,Limited Time Treasures,201215.19,67,3003.21,835.62,4895.96
Urban Ladder,Occasional Shopper,Loyalty Rewards Blast,166813.93,55,3032.98,567.96,4908.37
Urban Ladder,Occasional Shopper,Mega Weekend Bonanza,192661.91,72,2675.86,559.90,4885.95
Urban Ladder,Occasional Shopper,Mid-Year Madness,158927.81,60,2648.80,786.77,4983.50
Urban Ladder,Occasional Shopper,Midnight Madness,180834.36,61,2964.50,571.82,4926.28
Urban Ladder,Occasional Shopper,Mystery Discount Days,118122.63,44,2684.61,540.55,4995.72
Urban Ladder,Occasional Shopper,New Arrival Showcase,182375.56,64,2849.62,515.29,4993.66
Urban Ladder,Occasional Shopper,New Product Launch Promo,209485.96,80,2618.57,500.98,4891.69
Urban Ladder,Occasional Shopper,New Year Kickoff,198607.12,70,2837.24,627.95,4989.07
Urban Ladder,Occasional Shopper,Price Drop Parade,181373.11,67,2707.06,517.69,4985.49
Urban Ladder,Occasional Shopper,Red Tag Clearance,160800.68,60,2680.01,567.31,4942.90
Urban Ladder,Occasional Shopper,Seasonal Surprise Box,185609.22,68,2729.55,572.17,4861.75
Urban Ladder,Occasional Shopper,Shop & Save Spectacular,172002.27,68,2529.45,504.91,4957.18
Urban Ladder,Occasional Shopper,Smart Shopper Week,182604.34,63,2898.48,562.87,4981.32
Urban Ladder,Occasional Shopper,Spring Refresh Event,162787.71,60,2713.13,663.19,4940.48
Urban Ladder,Occasional Shopper,Spring Splash Discounts,122003.32,49,2489.86,548.82,4816.07
Urban Ladder,Occasional Shopper,Summer Sizzle Promo,167054.34,57,2930.78,926.29,4988.83
Urban Ladder,Occasional Shopper,Super Savings Week,199369.29,68,2931.90,588.69,4989.51
Urban Ladder,Occasional Shopper,Ultimate Value Event,147445.04,54,2730.46,509.62,4921.98
Urban Ladder,Occasional Shopper,VIP Access Sale,212005.27,75,2826.74,562.69,4968.29
Urban Ladder,Occasional Shopper,Weekend Warrior Specials,204281.96,72,2837.25,521.83,4907.16
Urban Ladder,Occasional Shopper,Winter Clearance Carnival,185286.76,65,2850.57,510.72,4969.87
Urban Ladder,Occasional Shopper,Winter Wonders Sale,208857.30,71,2941.65,565.11,4952.83
Urban Ladder,Online Shopper,12 Days of Deals,241294.08,83,2907.16,525.33,4971.39
Urban Ladder,Online Shopper,Autumn Deals Drive,179574.26,70,2565.35,513.05,4874.16
Urban Ladder,Online Shopper,BOGO Blitz,184131.49,67,2748.23,505.47,4948.08
Urban Ladder,Online Shopper,Back to School Boost,189877.02,73,2601.06,518.90,4973.23
Urban Ladder,Online Shopper,Birthday Bash Sale,137050.96,57,2404.40,549.80,4969.68
Urban Ladder,Online Shopper,Black Friday Blowout,215722.15,72,2996.14,520.45,4999.88
Urban Ladder,Online Shopper,Cart Crasher Campaign,175319.91,70,2504.57,516.97,4978.75
Urban Ladder,Online Shopper,Cashback Carnival,151911.11,61,2490.35,577.73,4999.62
Urban Ladder,Online Shopper,Clearance Countdown,205749.55,71,2897.88,551.15,4992.50
Urban Ladder,Online Shopper,Countdown to Savings,174590.60,64,2727.98,516.93,4916.61
Urban Ladder,Online Shopper,Customer Appreciation Week,157828.61,64,2466.07,724.18,4914.82
Urban Ladder,Online Shopper,Cyber Monday Mania,221559.19,81,2735.30,559.61,4990.17
Urban Ladder,Online Shopper,Deal of the Month,231671.73,83,2791.23,515.03,4918.75
Urban Ladder,Online Shopper,Double Points Bonanza,176729.98,65,2718.92,544.75,4931.26
Urban Ladder,Online Shopper,Early Bird Specials,184709.73,69,2676.95,604.16,4966.63
Urban Ladder,Online Shopper,End of Season Sale,169988.52,56,3035.51,509.93,4984.27
Urban Ladder,Online Shopper,Exclusive Insider Offers,151690.03,59,2571.02,553.25,4936.10
Urban Ladder,Online Shopper,Festive Fever Promo,185223.65,67,2764.53,564.19,4907.51
Urban Ladder,Online Shopper,Final Call Frenzy,207247.86,70,2960.68,536.40,4981.55
Urban Ladder,Online Shopper,Flash Frenzy Friday,203118.26,73,2782.44,588.67,4951.36
Urban Ladder,Online Shopper,"Gift More, Spend Less",243970.88,78,3127.83,524.16,4994.85
Urban Ladder,Online Shopper,Golden Hour Bargains,166139.53,65,2555.99,568.72,4949.20
Urban Ladder,Online Shopper,Green Weekend Deals,159638.86,58,2752.39,564.11,4949.23
Urban Ladder,Online Shopper,Happy Hour Discounts,199186.24,72,2766.48,511.43,4980.92
Urban Ladder,Online Shopper,Holiday Shopping Rush,110030.00,37,2973.78,520.65,4878.74
Urban Ladder,Online Shopper,Hot Picks Promo,187353.40,71,2638.78,555.97,4894.69
Urban Ladder,Online Shopper,Instant Gratification Sale,214515.51,71,3021.35,519.80,4934.43
Urban Ladder,Online Shopper,Limited Time Treasures,194370.19,66,2945.00,500.34,4977.47
Urban Ladder,Online Shopper,Loyalty Rewards Blast,179756.87,74,2429.15,565.03,4694.97
Urban Ladder,Online Shopper,Mega Weekend Bonanza,160947.15,62,2595.92,514.88,4830.56
Urban Ladder,Online Shopper,Mid-Year Madness,161676.48,68,2377.60,517.19,4997.34
Urban Ladder,Online Shopper,Midnight Madness,185357.48,67,2766.53,512.52,4910.95
Urban Ladder,Online Shopper,Mystery Discount Days,203666.64,73,2789.95,607.95,4965.98
Urban Ladder,Online Shopper,New Arrival Showcase,173146.51,63,2748.36,573.82,4916.73
Urban Ladder,Online Shopper,New Product Launch Promo,177132.02,62,2856.97,518.98,4940.65
Urban Ladder,Online Shopper,New Year Kickoff,220044.18,89,2472.41,502.12,4957.75
Urban Ladder,Online Shopper,Price Drop Parade,152817.60,54,2829.96,673.09,4989.67
Urban Ladder,Online Shopper,Red Tag Clearance,181354.81,70,2590.78,537.31,4951.81
Urban Ladder,Online Shopper,Seasonal Surprise Box,207546.82,72,2882.59,508.05,4869.13
Urban Ladder,Online Shopper,Shop & Save Spectacular,198850.77,72,2761.82,830.58,4882.56
Urban Ladder,Online Shopper,Smart Shopper Week,135948.03,52,2614.39,607.80,4914.51
Urban Ladder,Online Shopper,Spring Refresh Event,171689.54,64,2682.65,505.62,4973.11
Urban Ladder,Online Shopper,Spring Splash Discounts,202096.01,75,2694.61,502.65,4989.67
Urban Ladder,Online Shopper,Summer Sizzle Promo,159590.56,61,2616.24,529.99,4953.10
Urban Ladder,Online Shopper,Super Savings Week,238968.01,86,2778.70,538.95,4535.96
Urban Ladder,Online Shopper,Ultimate Value Event,151192.58,52,2907.55,527.82,4989.35
Urban Ladder,Online Shopper,VIP Access Sale,160542.60,58,2767.98,568.82,4915.75
Urban Ladder,Online Shopper,Weekend Warrior Specials,164758.48,61,2700.96,571.32,4991.81
Urban Ladder,Online Shopper,Winter Clearance Carnival,183824.72,66,2785.22,623.86,4931.85
Urban Ladder,Online Shopper,Winter Wonders Sale,144763.60,50,2895.27,536.99,4947.27
Urban Ladder,Premium Shopper,12 Days of Deals,197097.83,63,3128.54,735.12,4899.29
Urban Ladder,Premium Shopper,Autumn Deals Drive,169271.35,62,2730.18,519.53,4976.85
Urban Ladder,Premium Shopper,BOGO Blitz,238206.07,80,2977.58,511.15,4953.69
Urban Ladder,Premium Shopper,Back to School Boost,215296.53,84,2563.05,559.09,4824.47
Urban Ladder,Premium Shopper,Birthday Bash Sale,198040.85,66,3000.62,513.44,4976.66
Urban Ladder,Premium Shopper,Black Friday Blowout,161538.66,64,2524.04,542.61,4971.56
Urban Ladder,Premium Shopper,Cart Crasher Campaign,109809.65,40,2745.24,721.46,4956.02
Urban Ladder,Premium Shopper,Cashback Carnival,194169.92,67,2898.06,502.45,4999.14
Urban Ladder,Premium Shopper,Clearance Countdown,173242.70,65,2665.27,542.65,4908.27
Urban Ladder,Premium Shopper,Countdown to Savings,175662.01,70,2509.46,585.65,4978.44
Urban Ladder,Premium Shopper,Customer Appreciation Week,187719.54,65,2887.99,520.37,4845.76
Urban Ladder,Premium Shopper,Cyber Monday Mania,134323.05,53,2534.40,605.54,4920.93
Urban Ladder,Premium Shopper,Deal of the Month,179200.23,68,2635.30,513.90,4969.10
Urban Ladder,Premium Shopper,Double Points Bonanza,189157.50,63,3002.50,511.48,4986.14
Urban Ladder,Premium Shopper,Early Bird Specials,156828.02,63,2489.33,537.20,4926.46
Urban Ladder,Premium Shopper,End of Season Sale,176055.86,60,2934.26,663.03,4983.46
Urban Ladder,Premium Shopper,Exclusive Insider Offers,193050.25,77,2507.15,523.65,4989.04
Urban Ladder,Premium Shopper,Festive Fever Promo,139432.63,56,2489.87,502.37,4976.00
Urban Ladder,Premium Shopper,Final Call Frenzy,194982.31,71,2746.23,572.00,4970.13
Urban Ladder,Premium Shopper,Flash Frenzy Friday,178483.23,58,3077.30,572.60,4995.63
Urban Ladder,Premium Shopper,"Gift More, Spend Less",210466.03,74,2844.14,536.15,4951.72
Urban Ladder,Premium Shopper,Golden Hour Bargains,153269.85,61,2512.62,552.47,4996.13
Urban Ladder,Premium Shopper,Green Weekend Deals,180293.55,63,2861.80,532.71,4996.26
Urban Ladder,Premium Shopper,Happy Hour Discounts,147872.00,55,2688.58,521.26,4987.78
Urban Ladder,Premium Shopper,Holiday Shopping Rush,175035.77,65,2692.86,679.81,4989.08
Urban Ladder,Premium Shopper,Hot Picks Promo,153346.88,60,2555.78,616.37,4973.93
Urban Ladder,Premium Shopper,Instant Gratification Sale,165950.22,60,2765.84,535.65,4934.11
Urban Ladder,Premium Shopper,Limited Time Treasures,210814.98,74,2848.85,508.15,4981.63
Urban Ladder,Premium Shopper,Loyalty Rewards Blast,191331.90,68,2813.70,559.19,4962.87
Urban Ladder,Premium Shopper,Mega Weekend Bonanza,187121.91,69,2711.91,557.44,4956.78
Urban Ladder,Premium Shopper,Mid-Year Madness,164607.74,66,2494.06,501.87,4946.58
Urban Ladder,Premium Shopper,Midnight Madness,236817.67,89,2660.87,628.21,4921.24
Urban Ladder,Premium Shopper,Mystery Discount Days,225581.17,70,3222.59,812.90,4985.92
Urban Ladder,Premium Shopper,New Arrival Showcase,237522.00,86,2761.88,519.12,4911.43
Urban Ladder,Premium Shopper,New Product Launch Promo,178657.13,64,2791.52,642.28,4945.44
Urban Ladder,Premium Shopper,New Year Kickoff,186548.84,68,2743.37,516.44,4930.34
Urban Ladder,Premium Shopper,Price Drop Parade,155262.00,60,2587.70,522.55,4913.97
Urban Ladder,Premium Shopper,Red Tag Clearance,164998.49,67,2462.66,511.21,4932.96
Urban Ladder,Premium Shopper,Seasonal Surprise Box,166679.24,68,2451.17,547.39,4851.98
Urban Ladder,Premium Shopper,Shop & Save Spectacular,157343.51,60,2622.39,549.83,4930.78
Urban Ladder,Premium Shopper,Smart Shopper Week,192635.55,64,3009.93,638.05,4915.13
Urban Ladder,Premium Shopper,Spring Refresh Event,163159.88,55,2966.54,617.35,4944.13
Urban Ladder,Premium Shopper,Spring Splash Discounts,235721.07,78,3022.06,538.76,4945.12
Urban Ladder,Premium Shopper,Summer Sizzle Promo,171719.54,59,2910.50,539.76,4966.01
Urban Ladder,Premium Shopper,Super Savings Week,171697.35,60,2861.62,588.06,4994.43
Urban Ladder,Premium Shopper,Ultimate Value Event,221787.61,81,2738.12,530.20,4734.40
Urban Ladder,Premium Shopper,VIP Access Sale,175743.15,64,2745.99,543.51,4979.71
Urban Ladder,Premium Shopper,Weekend Warrior Specials,133232.38,53,2513.82,501.38,4985.43
Urban Ladder,Premium Shopper,Winter Clearance Carnival,141811.13,53,2675.68,512.07,4889.24
Urban Ladder,Premium Shopper,Winter Wonders Sale,221083.07,82,2696.14,500.29,4939.88
Whirlpool,Budget Shopper,12 Days of Deals,147806.39,58,2548.39,656.99,4958.96
Whirlpool,Budget Shopper,Autumn Deals Drive,214134.41,75,2855.13,515.30,4959.88
Whirlpool,Budget Shopper,BOGO Blitz,193791.87,72,2691.55,537.93,4964.10
Whirlpool,Budget Shopper,Back to School Boost,200229.63,71,2820.14,560.82,4953.20
Whirlpool,Budget Shopper,Birthday Bash Sale,200648.97,72,2786.79,552.05,4999.93
Whirlpool,Budget Shopper,Black Friday Blowout,213643.51,76,2811.10,505.48,4905.97
Whirlpool,Budget Shopper,Cart Crasher Campaign,169707.74,64,2651.68,609.77,4965.79
Whirlpool,Budget Shopper,Cashback Carnival,167685.13,62,2704.60,648.92,4999.12
Whirlpool,Budget Shopper,Clearance Countdown,159755.85,57,2802.73,582.44,4955.33
Whirlpool,Budget Shopper,Countdown to Savings,192604.50,71,2712.74,566.37,4865.60
Whirlpool,Budget Shopper,Customer Appreciation Week,193628.32,74,2616.60,551.62,4881.95
Whirlpool,Budget Shopper,Cyber Monday Mania,181640.48,68,2671.18,561.47,4965.06
Whirlpool,Budget Shopper,Deal of the Month,115956.84,51,2273.66,549.48,4663.35
Whirlpool,Budget Shopper,Double Points Bonanza,181918.94,67,2715.21,538.44,4983.61
Whirlpool,Budget Shopper,Early Bird Specials,163096.87,63,2588.84,518.44,4956.80
Whirlpool,Budget Shopper,End of Season Sale,157138.70,54,2909.98,585.72,4999.78
Whirlpool,Budget Shopper,Exclusive Insider Offers,163014.81,62,2629.27,630.04,4963.92
Whirlpool,Budget Shopper,Festive Fever Promo,158302.09,58,2729.35,519.53,4924.00
Whirlpool,Budget Shopper,Final Call Frenzy,180964.35,70,2585.21,559.29,4968.03
Whirlpool,Budget Shopper,Flash Frenzy Friday,163275.89,60,2721.26,613.42,4981.02
Whirlpool,Budget Shopper,"Gift More, Spend Less",200431.79,76,2637.26,523.41,4999.74
Whirlpool,Budget Shopper,Golden Hour Bargains,173710.96,64,2714.23,565.62,4878.09
Whirlpool,Budget Shopper,Green Weekend Deals,209783.51,67,3131.10,677.94,4956.37
Whirlpool,Budget Shopper,Happy Hour Discounts,229885.19,85,2704.53,510.66,4782.57
Whirlpool,Budget Shopper,Holiday Shopping Rush,167148.33,62,2695.94,628.99,4856.66
Whirlpool,Budget Shopper,Hot Picks Promo,226912.19,76,2985.69,675.98,4988.39
Whirlpool,Budget Shopper,Instant Gratification Sale,160201.18,59,2715.27,501.38,4983.99
Whirlpool,Budget Shopper,Limited Time Treasures,192166.58,74,2596.85,552.39,4942.51
Whirlpool,Budget Shopper,Loyalty Rewards Blast,188314.95,66,2853.26,523.08,4890.39
Whirlpool,Budget Shopper,Mega Weekend Bonanza,187880.48,69,2722.91,526.29,4969.31
Whirlpool,Budget Shopper,Mid-Year Madness,172411.89,64,2693.94,706.78,4964.16
Whirlpool,Budget Shopper,Midnight Madness,193499.01,65,2976.91,545.76,4984.27
Whirlpool,Budget Shopper,Mystery Discount Days,185298.77,66,2807.56,541.99,4996.71
Whirlpool,Budget Shopper,New Arrival Showcase,242451.78,89,2724.18,508.56,4963.08
Whirlpool,Budget Shopper,New Product Launch Promo,156697.02,49,3197.90,549.76,4991.97
Whirlpool,Budget Shopper,New Year Kickoff,214364.09,72,2977.28,669.38,4995.20
Whirlpool,Budget Shopper,Price Drop Parade,182596.52,60,3043.28,548.62,4984.36
Whirlpool,Budget Shopper,Red Tag Clearance,166543.55,63,2643.55,524.22,4945.69
Whirlpool,Budget Shopper,Seasonal Surprise Box,196696.80,71,2770.38,696.26,4930.22
Whirlpool,Budget Shopper,Shop & Save Spectacular,155266.62,57,2723.98,623.92,4927.13
Whirlpool,Budget Shopper,Smart Shopper Week,161916.37,62,2611.55,636.03,4897.53
Whirlpool,Budget Shopper,Spring Refresh Event,191885.54,70,2741.22,512.12,4951.65
Whirlpool,Budget Shopper,Spring Splash Discounts,195332.79,66,2959.59,672.20,4978.82
Whirlpool,Budget Shopper,Summer Sizzle Promo,159268.47,56,2844.08,617.23,4996.11
Whirlpool,Budget Shopper,Super Savings Week,200429.54,78,2569.61,544.74,4931.58
Whirlpool,Budget Shopper,Ultimate Value Event,164237.55,69,2380.25,588.93,4982.77
Whirlpool,Budget Shopper,VIP Access Sale,197177.67,76,2594.44,500.61,4990.03
Whirlpool,Budget Shopper,Weekend Warrior Specials,232257.83,77,3016.34,561.64,4957.99
Whirlpool,Budget Shopper,Winter Clearance Carnival,175222.75,60,2920.38,757.78,4705.70
Whirlpool,Budget Shopper,Winter Wonders Sale,182787.60,70,2611.25,627.90,4888.32
Whirlpool,Churn Risk,12 Days of Deals,153616.08,56,2743.14,683.52,4783.20
Whirlpool,Churn Risk,Autumn Deals Drive,184282.69,67,2750.49,532.54,4922.04
Whirlpool,Churn Risk,BOGO Blitz,181424.99,66,2748.86,509.26,4896.59
Whirlpool,Churn Risk,Back to School Boost,184890.81,69,2679.58,570.75,4898.99
Whirlpool,Churn Risk,Birthday Bash Sale,196226.92,69,2843.87,662.87,4870.28
Whirlpool,Churn Risk,Black Friday Blowout,196242.20,74,2651.92,618.55,4925.40
Whirlpool,Churn Risk,Cart Crasher Campaign,218786.75,74,2956.58,629.12,4998.46
Whirlpool,Churn Risk,Cashback Carnival,170744.61,63,2710.23,622.93,4985.22
Whirlpool,Churn Risk,Clearance Countdown,194849.76,68,2865.44,682.46,4978.40
Whirlpool,Churn Risk,Countdown to Savings,156254.26,62,2520.23,582.74,4935.12
Whirlpool,Churn Risk,Customer Appreciation Week,156721.46,60,2612.02,545.98,4997.60
Whirlpool,Churn Risk,Cyber Monday Mania,174914.88,60,2915.25,519.48,4966.57
Whirlpool,Churn Risk,Deal of the Month,181137.05,68,2663.78,543.52,4965.76
Whirlpool,Churn Risk,Double Points Bonanza,161124.53,58,2778.01,722.01,4942.75
Whirlpool,Churn Risk,Early Bird Specials,135847.11,53,2563.15,593.25,4995.35
Whirlpool,Churn Risk,End of Season Sale,173882.16,62,2804.55,529.38,4936.58
Whirlpool,Churn Risk,Exclusive Insider Offers,178459.32,59,3024.73,524.47,4999.29
Whirlpool,Churn Risk,Festive Fever Promo,166403.50,59,2820.40,545.85,4899.18
Whirlpool,Churn Risk,Final Call Frenzy,155196.91,59,2630.46,763.55,4922.30
Whirlpool,Churn Risk,Flash Frenzy Friday,178446.60,62,2878.17,612.23,4985.00
Whirlpool,Churn Risk,"Gift More, Spend Less",186566.00,66,2826.76,584.16,4909.22
Whirlpool,Churn Risk,Golden Hour Bargains,164093.49,60,2734.89,526.50,4772.26
Whirlpool,Churn Risk,Green Weekend Deals,183875.42,65,2828.85,586.96,4971.75
Whirlpool,Churn Risk,Happy Hour Discounts,178048.71,62,2871.75,561.71,4902.71
Whirlpool,Churn Risk,Holiday Shopping Rush,169605.30,67,2531.42,593.61,4881.25
Whirlpool,Churn Risk,Hot Picks Promo,246028.15,82,3000.34,557.82,4937.15
Whirlpool,Churn Risk,Instant Gratification Sale,152346.93,56,2720.48,531.56,4845.19
Whirlpool,Churn Risk,Limited Time Treasures,191433.02,70,2734.76,566.58,4883.03
Whirlpool,Churn Risk,Loyalty Rewards Blast,198742.67,68,2922.69,522.47,4981.19
Whirlpool,Churn Risk,Mega Weekend Bonanza,169812.18,64,2653.32,555.38,4971.05
Whirlpool,Churn Risk,Mid-Year Madness,171764.48,61,2815.81,531.74,4969.87
Whirlpool,Churn Risk,Midnight Madness,167507.29,62,2701.73,671.56,4933.67
Whirlpool,Churn Risk,Mystery Discount Days,154166.87,63,2447.09,593.20,4970.68
Whirlpool,Churn Risk,New Arrival Showcase,227159.79,79,2875.44,505.86,4932.09
Whirlpool,Churn Risk,New Product Launch Promo,148530.60,56,2652.33,523.86,4955.47
Whirlpool,Churn Risk,New Year Kickoff,171241.45,68,2518.26,546.13,4915.79
Whirlpool,Churn Risk,Price Drop Parade,211633.15,76,2784.65,562.32,4939.47
Whirlpool,Churn Risk,Red Tag Clearance,213554.84,80,2669.44,520.89,4976.95
Whirlpool,Churn Risk,Seasonal Surprise Box,173191.41,58,2986.06,546.52,4927.26
Whirlpool,Churn Risk,Shop & Save Spectacular,164379.94,64,2568.44,517.06,4919.18
Whirlpool,Churn Risk,Smart Shopper Week,199005.92,71,2802.90,617.54,4995.40
Whirlpool,Churn Risk,Spring Refresh Event,154851.27,58,2669.85,505.17,4857.22
Whirlpool,Churn Risk,Spring Splash Discounts,189894.74,69,2752.10,542.45,4825.98
Whirlpool,Churn Risk,Summer Sizzle Promo,175451.55,61,2876.25,501.49,4994.72
Whirlpool,Churn Risk,Super Savings Week,204055.29,78,2616.09,517.46,4973.97
Whirlpool,Churn Risk,Ultimate Value Event,153449.96,60,2557.50,545.02,4978.62
Whirlpool,Churn Risk,VIP Access Sale,174699.34,58,3012.06,596.89,4928.04
Whirlpool,Churn Risk,Weekend Warrior Specials,209400.73,73,2868.50,507.69,4990.53
Whirlpool,Churn Risk,Winter Clearance Carnival,188049.71,67,2806.71,503.94,4868.79
Whirlpool,Churn Risk,Winter Wonders Sale,170477.03,64,2663.70,519.06,4962.10
Whirlpool,Deal Seeker,12 Days of Deals,209498.55,81,2586.40,528.76,4948.30
Whirlpool,Deal Seeker,Autumn Deals Drive,176347.48,72,2449.27,533.94,4995.61
Whirlpool,Deal Seeker,BOGO Blitz,198381.54,78,2543.35,536.66,4916.75
Whirlpool,Deal Seeker,Back to School Boost,201032.55,73,2753.87,523.66,4987.11
Whirlpool,Deal Seeker,Birthday Bash Sale,163377.01,58,2816.85,580.86,4919.42
Whirlpool,Deal Seeker,Black Friday Blowout,201823.53,73,2764.71,509.61,4954.51
Whirlpool,Deal Seeker,Cart Crasher Campaign,165748.94,63,2630.94,630.69,4878.92
Whirlpool,Deal Seeker,Cashback Carnival,178695.94,65,2749.17,545.88,4932.28
Whirlpool,Deal Seeker,Clearance Countdown,154862.64,57,2716.89,515.22,4886.88
Whirlpool,Deal Seeker,Countdown to Savings,228671.55,78,2931.69,673.67,4948.29
Whirlpool,Deal Seeker,Customer Appreciation Week,175724.62,61,2880.73,791.98,4969.62
Whirlpool,Deal Seeker,Cyber Monday Mania,188723.89,74,2550.32,526.47,4844.96
Whirlpool,Deal Seeker,Deal of the Month,198484.22,70,2835.49,511.34,4996.86
Whirlpool,Deal Seeker,Double Points Bonanza,201775.49,70,2882.51,510.32,4915.69
Whirlpool,Deal Seeker,Early Bird Specials,195894.76,68,2880.81,503.83,4972.37
Whirlpool,Deal Seeker,End of Season Sale,204758.30,70,2925.12,515.27,4965.77
Whirlpool,Deal Seeker,Exclusive Insider Offers,155237.94,59,2631.15,629.83,4863.66
Whirlpool,Deal Seeker,Festive Fever Promo,173674.16,67,2592.15,522.46,4860.00
Whirlpool,Deal Seeker,Final Call Frenzy,171264.11,61,2807.61,547.39,4836.49
Whirlpool,Deal Seeker,Flash Frenzy Friday,179774.91,66,2723.86,651.36,4997.83
Whirlpool,Deal Seeker,"Gift More, Spend Less",206127.89,75,2748.37,565.10,4954.18
Whirlpool,Deal Seeker,Golden Hour Bargains,191003.44,75,2546.71,505.82,4832.46
Whirlpool,Deal Seeker,Green Weekend Deals,199199.92,68,2929.41,589.04,4998.83
Whirlpool,Deal Seeker,Happy Hour Discounts,193533.23,66,2932.32,517.21,4966.70
Whirlpool,Deal Seeker,Holiday Shopping Rush,195872.60,69,2838.73,501.35,4996.07
Whirlpool,Deal Seeker,Hot Picks Promo,207227.46,76,2726.68,516.94,4939.94
Whirlpool,Deal Seeker,Instant Gratification Sale,181978.89,58,3137.57,591.40,4999.38
Whirlpool,Deal Seeker,Limited Time Treasures,171864.54,67,2565.14,661.09,4938.22
Whirlpool,Deal Seeker,Loyalty Rewards Blast,190771.11,67,2847.33,535.76,4998.50
Whirlpool,Deal Seeker,Mega Weekend Bonanza,174871.01,62,2820.50,511.24,4899.67
Whirlpool,Deal Seeker,Mid-Year Madness,184585.46,69,2675.15,611.35,4996.90
Whirlpool,Deal Seeker,Midnight Madness,179828.27,67,2684.00,534.40,4994.87
Whirlpool,Deal Seeker,Mystery Discount Days,203351.61,76,2675.68,517.91,4970.20
Whirlpool,Deal Seeker,New Arrival Showcase,188950.16,73,2588.36,573.07,4986.89
Whirlpool,Deal Seeker,New Product Launch Promo,177603.50,63,2819.10,511.19,4897.28
Whirlpool,Deal Seeker,New Year Kickoff,174954.65,64,2733.67,525.38,4916.91
Whirlpool,Deal Seeker,Price Drop Parade,255219.92,98,2604.28,510.58,4988.21
Whirlpool,Deal Seeker,Red Tag Clearance,152473.27,56,2722.74,533.59,4830.56
Whirlpool,Deal Seeker,Seasonal Surprise Box,176927.55,66,2680.72,501.18,4874.24
Whirlpool,Deal Seeker,Shop & Save Spectacular,189491.84,67,2828.24,559.33,4875.03
Whirlpool,Deal Seeker,Smart Shopper Week,145890.14,58,2515.35,539.18,4758.01
Whirlpool,Deal Seeker,Spring Refresh Event,196384.11,66,2975.52,534.12,4982.97
Whirlpool,Deal Seeker,Spring Splash Discounts,156439.76,59,2651.52,732.64,4940.99
Whirlpool,Deal Seeker,Summer Sizzle Promo,165633.47,64,2588.02,502.08,4980.77
Whirlpool,Deal Seeker,Super Savings Week,195101.32,64,3048.46,527.08,4993.31
Whirlpool,Deal Seeker,Ultimate Value Event,189474.31,60,3157.91,647.81,4952.43
Whirlpool,Deal Seeker,VIP Access Sale,184819.34,73,2531.77,568.42,4921.38
Whirlpool,Deal Seeker,Weekend Warrior Specials,177208.80,62,2858.21,664.40,4998.33
Whirlpool,Deal Seeker,Winter Clearance Carnival,216786.69,72,3010.93,611.68,4993.14
Whirlpool,Deal Seeker,Winter Wonders Sale,197913.44,71,2787.51,619.40,4864.54
Whirlpool,First-time Buyer,12 Days of Deals,158829.97,63,2521.11,528.29,4764.89
Whirlpool,First-time Buyer,Autumn Deals Drive,142745.96,52,2745.11,633.84,4893.88
Whirlpool,First-time Buyer,BOGO Blitz,176615.65,62,2848.64,557.51,4917.42
Whirlpool,First-time Buyer,Back to School Boost,176619.04,63,2803.48,516.16,4990.79
Whirlpool,First-time Buyer,Birthday Bash Sale,185862.90,73,2546.07,503.99,4800.78
Whirlpool,First-time Buyer,Black Friday Blowout,181036.01,65,2785.17,745.81,4944.86
Whirlpool,First-time Buyer,Cart Crasher Campaign,159999.83,61,2622.95,542.69,4989.31
Whirlpool,First-time Buyer,Cashback Carnival,135819.34,57,2382.80,574.05,4960.58
Whirlpool,First-time Buyer,Clearance Countdown,138993.85,52,2672.96,571.81,4977.28
Whirlpool,First-time Buyer,Countdown to Savings,200671.49,75,2675.62,529.62,4846.43
Whirlpool,First-time Buyer,Customer Appreciation Week,131041.42,50,2620.83,644.80,4691.44
Whirlpool,First-time Buyer,Cyber Monday Mania,172494.65,65,2653.76,598.88,4522.08
Whirlpool,First-time Buyer,Deal of the Month,155262.99,59,2631.58,626.37,4962.44
Whirlpool,First-time Buyer,Double Points Bonanza,199205.23,68,2929.49,515.00,4972.70
Whirlpool,First-time Buyer,Early Bird Specials,165801.11,62,2674.21,667.57,4890.23
Whirlpool,First-time Buyer,End of Season Sale,178500.75,60,2975.01,617.77,4876.52
Whirlpool,First-time Buyer,Exclusive Insider Offers,185262.68,65,2850.20,576.71,4988.24
Whirlpool,First-time Buyer,Festive Fever Promo,232026.85,80,2900.34,696.28,4997.98
Whirlpool,First-time Buyer,Final Call Frenzy,184068.77,67,2747.30,518.01,4919.02
Whirlpool,First-time Buyer,Flash Frenzy Friday,176158.97,63,2796.17,538.50,4913.78
Whirlpool,First-time Buyer,"Gift More, Spend Less",206673.93,73,2831.15,557.15,4977.84
Whirlpool,First-time Buyer,Golden Hour Bargains,183188.44,62,2954.65,583.86,4992.88
Whirlpool,First-time Buyer,Green Weekend Deals,187038.26,70,2671.98,557.53,4788.53
Whirlpool,First-time Buyer,Happy Hour Discounts,170230.61,63,2702.07,589.22,4952.86
Whirlpool,First-time Buyer,Holiday Shopping Rush,167399.19,60,2789.99,550.99,4982.18
Whirlpool,First-time Buyer,Hot Picks Promo,156205.07,64,2440.70,609.50,4955.78
Whirlpool,First-time Buyer,Instant Gratification Sale,171703.70,63,2725.46,521.68,4967.80
Whirlpool,First-time Buyer,Limited Time Treasures,220160.19,80,2752.00,561.02,4930.68
Whirlpool,First-time Buyer,Loyalty Rewards Blast,221217.66,81,2731.08,559.22,4994.70
Whirlpool,First-time Buyer,Mega Weekend Bonanza,165505.87,66,2507.66,612.83,4819.44
Whirlpool,First-time Buyer,Mid-Year Madness,170404.37,60,2840.07,732.40,4950.76
Whirlpool,First-time Buyer,Midnight Madness,160288.18,63,2544.26,579.95,4858.19
Whirlpool,First-time Buyer,Mystery Discount Days,167571.54,67,2501.07,502.03,4854.40
Whirlpool,First-time Buyer,New Arrival Showcase,193885.90,66,2937.67,714.40,4944.74
Whirlpool,First-time Buyer,New Product Launch Promo,172258.19,60,2870.97,648.12,4941.29
Whirlpool,First-time Buyer,New Year Kickoff,207073.81,71,2916.53,516.98,4953.26
Whirlpool,First-time Buyer,Price Drop Parade,153802.24,54,2848.19,528.70,4781.25
Whirlpool,First-time Buyer,Red Tag Clearance,159100.02,56,2841.07,707.99,4992.06
Whirlpool,First-time Buyer,Seasonal Surprise Box,187575.05,71,2641.90,562.90,4945.71
Whirlpool,First-time Buyer,Shop & Save Spectacular,185565.46,68,2728.90,570.39,4974.57
Whirlpool,First-time Buyer,Smart Shopper Week,185559.74,71,2613.52,526.61,4793.68
Whirlpool,First-time Buyer,Spring Refresh Event,203946.40,71,2872.48,561.19,4942.69
Whirlpool,First-time Buyer,Spring Splash Discounts,191399.20,70,2734.27,589.74,4971.15
Whirlpool,First-time Buyer,Summer Sizzle Promo,225812.01,73,3093.32,510.10,4950.25
Whirlpool,First-time Buyer,Super Savings Week,178189.95,60,2969.83,607.58,4955.01
Whirlpool,First-time Buyer,Ultimate Value Event,190168.23,73,2605.04,513.70,4986.43
Whirlpool,First-time Buyer,VIP Access Sale,171799.09,63,2726.97,536.41,4921.27
Whirlpool,First-time Buyer,Weekend Warrior Specials,183841.30,70,2626.30,502.66,4938.68
Whirlpool,First-time Buyer,Winter Clearance Carnival,188175.85,67,2808.59,563.75,4996.10
Whirlpool,First-time Buyer,Winter Wonders Sale,193124.54,73,2645.54,541.79,4991.14
Whirlpool,High Value,12 Days of Deals,222477.39,79,2816.17,512.21,4999.73
Whirlpool,High Value,Autumn Deals Drive,150100.73,59,2544.08,525.49,4901.12
Whirlpool,High Value,BOGO Blitz,213146.95,74,2880.36,593.12,4954.97
Whirlpool,High Value,Back to School Boost,164082.84,65,2524.35,525.30,4787.65
Whirlpool,High Value,Birthday Bash Sale,188793.91,70,2697.06,605.66,4959.10
Whirlpool,High Value,Black Friday Blowout,177967.71,63,2824.88,598.70,4967.86
Whirlpool,High Value,Cart Crasher Campaign,169858.96,64,2654.05,550.17,4931.31
Whirlpool,High Value,Cashback Carnival,183967.63,65,2830.27,524.46,4969.16
Whirlpool,High Value,Clearance Countdown,192062.73,75,2560.84,520.52,4869.53
Whirlpool,High Value,Countdown to Savings,160462.27,65,2468.65,527.07,4985.58
Whirlpool,High Value,Customer Appreciation Week,183376.72,66,2778.44,514.21,4987.90
Whirlpool,High Value,Cyber Monday Mania,222083.49,77,2884.20,543.64,4920.13
Whirlpool,High Value,Deal of the Month,169094.22,69,2450.64,521.37,4984.95
Whirlpool,High Value,Double Points Bonanza,195165.67,73,2673.50,617.61,4894.14
Whirlpool,High Value,Early Bird Specials,229441.36,78,2941.56,672.61,4958.40
Whirlpool,High Value,End of Season Sale,228639.90,80,2858.00,500.69,4970.18
Whirlpool,High Value,Exclusive Insider Offers,194487.18,65,2992.11,688.72,4929.59
Whirlpool,High Value,Festive Fever Promo,217997.83,72,3027.75,563.43,4963.53
Whirlpool,High Value,Final Call Frenzy,213792.54,76,2813.06,519.27,4932.19
Whirlpool,High Value,Flash Frenzy Friday,206160.76,77,2677.41,643.32,4967.47
Whirlpool,High Value,"Gift More, Spend Less",180517.68,69,2616.20,501.53,4963.82
Whirlpool,High Value,Golden Hour Bargains,198504.34,70,2835.78,614.06,4935.79
Whirlpool,High Value,Green Weekend Deals,172898.36,68,2542.62,500.21,4990.86
Whirlpool,High Value,Happy Hour Discounts,147740.23,55,2686.19,552.24,4947.98
Whirlpool,High Value,Holiday Shopping Rush,130693.26,48,2722.78,512.82,4982.63
Whirlpool,High Value,Hot Picks Promo,162911.57,61,2670.68,539.18,4978.11
Whirlpool,High Value,Instant Gratification Sale,194565.55,68,2861.26,546.06,4940.32
Whirlpool,High Value,Limited Time Treasures,166523.68,59,2822.44,659.97,4948.75
Whirlpool,High Value,Loyalty Rewards Blast,129915.28,55,2362.10,509.23,4889.28
Whirlpool,High Value,Mega Weekend Bonanza,235035.48,80,2937.94,552.46,4959.32
Whirlpool,High Value,Mid-Year Madness,156682.22,59,2655.63,554.36,4997.77
Whirlpool,High Value,Midnight Madness,176258.31,62,2842.88,539.75,4996.41
Whirlpool,High Value,Mystery Discount Days,187499.93,68,2757.35,540.23,4922.25
Whirlpool,High Value,New Arrival Showcase,174445.01,58,3007.67,668.57,4917.90
Whirlpool,High Value,New Product Launch Promo,192144.03,74,2596.54,605.54,4886.08
Whirlpool,High Value,New Year Kickoff,144538.80,60,2408.98,539.74,4767.68
Whirlpool,High Value,Price Drop Parade,187532.17,67,2798.99,529.27,4966.88
Whirlpool,High Value,Red Tag Clearance,152870.25,50,3057.41,563.97,4962.81
Whirlpool,High Value,Seasonal Surprise Box,159442.88,60,2657.38,519.31,4990.56
Whirlpool,High Value,Shop & Save Spectacular,193099.33,69,2798.54,544.61,4958.72
Whirlpool,High Value,Smart Shopper Week,187351.70,64,2927.37,649.36,4922.11
Whirlpool,High Value,Spring Refresh Event,162602.88,63,2581.00,525.11,4800.18
Whirlpool,High Value,Spring Splash Discounts,168721.37,65,2595.71,615.10,4966.93
Whirlpool,High Value,Summer Sizzle Promo,158564.62,62,2557.49,517.61,4922.02
Whirlpool,High Value,Super Savings Week,209555.31,72,2910.49,538.17,4941.65
Whirlpool,High Value,Ultimate Value Event,170886.64,60,2848.11,616.21,4994.11
Whirlpool,High Value,VIP Access Sale,195998.99,72,2722.21,518.93,4953.02
Whirlpool,High Value,Weekend Warrior Specials,225882.23,79,2859.27,517.05,4957.84
Whirlpool,High Value,Winter Clearance Carnival,203240.98,80,2540.51,512.37,4998.56
Whirlpool,High Value,Winter Wonders Sale,183106.11,69,2653.71,505.46,4998.01
Whirlpool,In-Store Regular,12 Days of Deals,225622.05,78,2892.59,518.48,4910.49
Whirlpool,In-Store Regular,Autumn Deals Drive,164372.00,62,2651.16,532.87,4792.68
Whirlpool,In-Store Regular,BOGO Blitz,146912.61,56,2623.44,608.62,4935.08
Whirlpool,In-Store Regular,Back to School Boost,183341.45,68,2696.20,578.11,4776.70
Whirlpool,In-Store Regular,Birthday Bash Sale,198797.85,71,2799.97,610.56,4979.16
Whirlpool,In-Store Regular,Black Friday Blowout,174400.77,65,2683.09,548.21,4905.75
Whirlpool,In-Store Regular,Cart Crasher Campaign,143363.27,52,2756.99,560.67,4947.63
Whirlpool,In-Store Regular,Cashback Carnival,190707.38,74,2577.13,561.48,4944.69
Whirlpool,In-Store Regular,Clearance Countdown,204329.97,79,2586.46,575.16,4816.93
Whirlpool,In-Store Regular,Countdown to Savings,198369.32,69,2874.92,598.44,4985.58
Whirlpool,In-Store Regular,Customer Appreciation Week,184965.19,69,2680.65,560.38,4964.72
Whirlpool,In-Store Regular,Cyber Monday Mania,213881.27,77,2777.68,599.90,4947.32
Whirlpool,In-Store Regular,Deal of the Month,166556.00,59,2822.98,502.82,4938.96
Whirlpool,In-Store Regular,Double Points Bonanza,188590.22,69,2733.19,527.13,4972.43
Whirlpool,In-Store Regular,Early Bird Specials,220010.77,76,2894.88,574.63,4997.74
Whirlpool,In-Store Regular,End of Season Sale,185616.28,74,2508.33,509.93,4926.16
Whirlpool,In-Store Regular,Exclusive Insider Offers,174242.31,67,2600.63,578.95,4722.03
Whirlpool,In-Store Regular,Festive Fever Promo,146113.11,55,2656.60,589.96,4920.16
Whirlpool,In-Store Regular,Final Call Frenzy,197637.77,73,2707.37,566.29,4909.81
Whirlpool,In-Store Regular,Flash Frenzy Friday,194912.17,68,2866.36,535.99,4985.89
Whirlpool,In-Store Regular,"Gift More, Spend Less",196764.38,70,2810.92,678.57,4842.77
Whirlpool,In-Store Regular,Golden Hour Bargains,174760.56,65,2688.62,530.74,4851.40
Whirlpool,In-Store Regular,Green Weekend Deals,191582.74,68,2817.39,532.74,4923.77
Whirlpool,In-Store Regular,Happy Hour Discounts,205380.06,76,2702.37,545.79,4866.85
Whirlpool,In-Store Regular,Holiday Shopping Rush,191031.94,77,2480.93,548.07,4940.73
Whirlpool,In-Store Regular,Hot Picks Promo,157409.44,54,2914.99,502.61,4937.79
Whirlpool,In-Store Regular,Instant Gratification Sale,218944.09,77,2843.43,590.20,4979.73
Whirlpool,In-Store Regular,Limited Time Treasures,165246.10,63,2622.95,530.77,4942.60
Whirlpool,In-Store Regular,Loyalty Rewards Blast,196217.58,68,2885.55,515.06,4948.66
Whirlpool,In-Store Regular,Mega Weekend Bonanza,228741.36,75,3049.88,703.11,4976.73
Whirlpool,In-Store Regular,Mid-Year Madness,196270.84,77,2548.97,506.56,4949.53
Whirlpool,In-Store Regular,Midnight Madness,202638.63,81,2501.71,517.06,4917.52
Whirlpool,In-Store Regular,Mystery Discount Days,199593.10,68,2935.19,568.95,4935.19
Whirlpool,In-Store Regular,New Arrival Showcase,190897.16,69,2766.63,525.36,4995.63
Whirlpool,In-Store Regular,New Product Launch Promo,192324.22,72,2671.17,556.89,4967.65
Whirlpool,In-Store Regular,New Year Kickoff,174168.32,65,2679.51,533.23,4935.38
Whirlpool,In-Store Regular,Price Drop Parade,157959.31,62,2547.73,516.70,4983.20
Whirlpool,In-Store Regular,Red Tag Clearance,177128.89,68,2604.84,532.65,4901.76
Whirlpool,In-Store Regular,Seasonal Surprise Box,185563.55,72,2577.27,508.60,4986.23
Whirlpool,In-Store Regular,Shop & Save Spectacular,190933.99,68,2807.85,610.25,4883.25
Whirlpool,In-Store Regular,Smart Shopper Week,204938.54,82,2499.25,527.72,4948.78
Whirlpool,In-Store Regular,Spring Refresh Event,171328.00,63,2719.49,716.35,4911.38
Whirlpool,In-Store Regular,Spring Splash Discounts,189188.97,66,2866.50,647.79,4853.83
Whirlpool,In-Store Regular,Summer Sizzle Promo,178322.50,62,2876.17,526.78,4846.18
Whirlpool,In-Store Regular,Super Savings Week,200821.93,74,2713.81,514.36,4942.86
Whirlpool,In-Store Regular,Ultimate Value Event,177228.94,71,2496.18,564.15,4979.48
Whirlpool,In-Store Regular,VIP Access Sale,160487.12,63,2547.41,504.55,4849.32
Whirlpool,In-Store Regular,Weekend Warrior Specials,189753.40,74,2564.24,509.62,4864.05
Whirlpool,In-Store Regular,Winter Clearance Carnival,205990.84,76,2710.41,524.87,4975.40
Whirlpool,In-Store Regular,Winter Wonders Sale,212518.51,70,3035.98,667.05,4990.42
Whirlpool,Loyal Customer,12 Days of Deals,187302.13,69,2714.52,632.78,4965.02
Whirlpool,Loyal Customer,Autumn Deals Drive,204973.13,75,2732.98,680.24,4994.25
Whirlpool,Loyal Customer,BOGO Blitz,205111.16,69,2972.63,701.60,4999.75
Whirlpool,Loyal Customer,Back to School Boost,174695.69,67,2607.40,549.34,4990.27
Whirlpool,Loyal Customer,Birthday Bash Sale,201079.49,77,2611.42,502.35,4926.89
Whirlpool,Loyal Customer,Black Friday Blowout,188074.66,73,2576.37,555.60,4900.02
Whirlpool,Loyal Customer,Cart Crasher Campaign,236964.61,76,3117.96,880.74,4974.64
Whirlpool,Loyal Customer,Cashback Carnival,182604.68,64,2853.20,554.93,4953.69
Whirlpool,Loyal Customer,Clearance Countdown,166885.34,68,2454.20,596.99,4943.00
Whirlpool,Loyal Customer,Countdown to Savings,201189.19,69,2915.79,540.29,4987.28
Whirlpool,Loyal Customer,Customer Appreciation Week,160711.03,67,2398.67,508.53,4960.59
Whirlpool,Loyal Customer,Cyber Monday Mania,212096.48,79,2684.77,548.24,4941.31
Whirlpool,Loyal Customer,Deal of the Month,170257.86,62,2746.09,505.93,4953.68
Whirlpool,Loyal Customer,Double Points Bonanza,211785.16,80,2647.31,512.55,4962.53
Whirlpool,Loyal Customer,Early Bird Specials,187832.15,62,3029.55,900.53,4971.15
Whirlpool,Loyal Customer,End of Season Sale,149558.26,52,2876.12,529.16,4992.04
Whirlpool,Loyal Customer,Exclusive Insider Offers,212558.69,74,2872.41,507.26,4997.09
Whirlpool,Loyal Customer,Festive Fever Promo,180621.49,64,2822.21,512.10,4986.51
Whirlpool,Loyal Customer,Final Call Frenzy,176611.41,64,2759.55,510.60,4886.15
Whirlpool,Loyal Customer,Flash Frenzy Friday,155184.71,60,2586.41,772.57,4816.90
Whirlpool,Loyal Customer,"Gift More, Spend Less",176585.57,67,2635.61,529.45,4945.76
Whirlpool,Loyal Customer,Golden Hour Bargains,186493.06,64,2913.95,609.82,4943.30
Whirlpool,Loyal Customer,Green Weekend Deals,199558.59,71,2810.68,543.04,4918.44
Whirlpool,Loyal Customer,Happy Hour Discounts,176360.52,60,2939.34,567.02,4879.63
Whirlpool,Loyal Customer,Holiday Shopping Rush,184111.85,78,2360.41,527.04,4901.98
Whirlpool,Loyal Customer,Hot Picks Promo,162435.91,63,2578.35,502.22,4923.33
Whirlpool,Loyal Customer,Instant Gratification Sale,188477.50,73,2581.88,504.46,4902.25
Whirlpool,Loyal Customer,Limited Time Treasures,184647.79,69,2676.05,543.14,4929.70
Whirlpool,Loyal Customer,Loyalty Rewards Blast,147977.98,58,2551.34,516.97,4994.77
Whirlpool,Loyal Customer,Mega Weekend Bonanza,209057.36,71,2944.47,613.52,4987.85
Whirlpool,Loyal Customer,Mid-Year Madness,162494.84,64,2538.98,526.31,4997.51
Whirlpool,Loyal Customer,Midnight Madness,161045.83,61,2640.10,541.42,4848.93
Whirlpool,Loyal Customer,Mystery Discount Days,171530.58,64,2680.17,594.16,4979.63
Whirlpool,Loyal Customer,New Arrival Showcase,214817.20,71,3025.59,710.21,4945.26
Whirlpool,Loyal Customer,New Product Launch Promo,172462.05,63,2737.49,512.05,4903.57
Whirlpool,Loyal Customer,New Year Kickoff,188832.15,69,2736.70,554.76,4981.24
Whirlpool,Loyal Customer,Price Drop Parade,175388.46,67,2617.74,556.30,4946.37
Whirlpool,Loyal Customer,Red Tag Clearance,172214.55,64,2690.85,539.02,4991.05
Whirlpool,Loyal Customer,Seasonal Surprise Box,193482.45,66,2931.55,559.02,4966.41
Whirlpool,Loyal Customer,Shop & Save Spectacular,122563.36,48,2553.40,616.52,4962.55
Whirlpool,Loyal Customer,Smart Shopper Week,184708.29,69,2676.93,535.99,4868.83
Whirlpool,Loyal Customer,Spring Refresh Event,174775.96,60,2912.93,520.58,4911.45
Whirlpool,Loyal Customer,Spring Splash Discounts,212873.52,76,2800.97,510.84,4938.53
Whirlpool,Loyal Customer,Summer Sizzle Promo,171166.32,62,2760.75,615.33,4818.66
Whirlpool,Loyal Customer,Super Savings Week,189121.55,70,2701.74,510.14,4693.05
Whirlpool,Loyal Customer,Ultimate Value Event,175509.32,65,2700.14,517.44,4887.15
Whirlpool,Loyal Customer,VIP Access Sale,162617.32,57,2852.94,676.29,4989.89
Whirlpool,Loyal Customer,Weekend Warrior Specials,204981.32,75,2733.08,621.08,4914.84
Whirlpool,Loyal Customer,Winter Clearance Carnival,221086.64,80,2763.58,528.28,4981.80
Whirlpool,Loyal Customer,Winter Wonders Sale,200498.04,72,2784.70,576.82,4998.39
Whirlpool,Occasional Shopper,12 Days of Deals,176560.15,71,2486.76,578.18,4960.41
Whirlpool,Occasional Shopper,Autumn Deals Drive,213806.61,74,2889.28,585.31,4992.57
Whirlpool,Occasional Shopper,BOGO Blitz,182269.38,70,2603.85,547.68,4997.06
Whirlpool,Occasional Shopper,Back to School Boost,179291.71,62,2891.80,644.13,4951.60
Whirlpool,Occasional Shopper,Birthday Bash Sale,209232.38,71,2946.93,569.65,4894.80
Whirlpool,Occasional Shopper,Black Friday Blowout,196815.83,71,2772.05,514.22,4846.18
Whirlpool,Occasional Shopper,Cart Crasher Campaign,183651.03,64,2869.55,511.82,4998.18
Whirlpool,Occasional Shopper,Cashback Carnival,217820.01,77,2828.83,596.07,4989.69
Whirlpool,Occasional Shopper,Clearance Countdown,205393.46,73,2813.61,512.04,4913.02
Whirlpool,Occasional Shopper,Countdown to Savings,229509.78,79,2905.19,518.12,4883.63
Whirlpool,Occasional Shopper,Customer Appreciation Week,168451.84,63,2673.84,614.05,4948.85
Whirlpool,Occasional Shopper,Cyber Monday Mania,203869.94,72,2831.53,568.70,4829.24
Whirlpool,Occasional Shopper,Deal of the Month,186979.83,68,2749.70,524.92,4915.99
Whirlpool,Occasional Shopper,Double Points Bonanza,174277.60,64,2723.09,663.02,4996.53
Whirlpool,Occasional Shopper,Early Bird Specials,202181.44,74,2732.18,580.51,4974.23
Whirlpool,Occasional Shopper,End of Season Sale,173844.59,63,2759.44,501.62,4824.87
Whirlpool,Occasional Shopper,Exclusive Insider Offers,176628.92,64,2759.83,650.02,4857.95
Whirlpool,Occasional Shopper,Festive Fever Promo,188503.77,72,2618.11,564.93,4992.61
Whirlpool,Occasional Shopper,Final Call Frenzy,176679.99,62,2849.68,536.74,4974.86
Whirlpool,Occasional Shopper,Flash Frenzy Friday,207782.53,75,2770.43,510.70,4997.67
Whirlpool,Occasional Shopper,"Gift More, Spend Less",178562.65,67,2665.11,558.30,4810.19
Whirlpool,Occasional Shopper,Golden Hour Bargains,218686.83,75,2915.82,520.19,4988.43
Whirlpool,Occasional Shopper,Green Weekend Deals,212216.92,78,2720.73,525.51,4997.45
Whirlpool,Occasional Shopper,Happy Hour Discounts,171776.18,66,2602.67,525.02,4965.89
Whirlpool,Occasional Shopper,Holiday Shopping Rush,149888.74,54,2775.72,668.01,4965.86
Whirlpool,Occasional Shopper,Hot Picks Promo,186612.02,69,2704.52,525.75,4884.98
Whirlpool,Occasional Shopper,Instant Gratification Sale,169519.01,67,2530.13,606.81,4987.78
Whirlpool,Occasional Shopper,Limited Time Treasures,198590.39,70,2837.01,507.53,4997.90
Whirlpool,Occasional Shopper,Loyalty Rewards Blast,185389.68,66,2808.93,620.16,4938.98
Whirlpool,Occasional Shopper,Mega Weekend Bonanza,162682.34,63,2582.26,505.95,4894.14
Whirlpool,Occasional Shopper,Mid-Year Madness,211088.52,73,2891.62,570.13,4996.93
Whirlpool,Occasional Shopper,Midnight Madness,254323.79,87,2923.26,514.34,4989.37
Whirlpool,Occasional Shopper,Mystery Discount Days,217882.61,80,2723.53,622.64,4925.61
Whirlpool,Occasional Shopper,New Arrival Showcase,188892.70,74,2552.60,500.44,4845.42
Whirlpool,Occasional Shopper,New Product Launch Promo,146376.18,54,2710.67,723.11,4964.35
Whirlpool,Occasional Shopper,New Year Kickoff,159412.55,53,3007.78,534.16,4878.71
Whirlpool,Occasional Shopper,Price Drop Parade,222648.55,78,2854.47,532.94,4955.17
Whirlpool,Occasional Shopper,Red Tag Clearance,173372.99,60,2889.55,650.66,4965.24
Whirlpool,Occasional Shopper,Seasonal Surprise Box,202686.11,74,2739.00,553.82,4980.30
Whirlpool,Occasional Shopper,Shop & Save Spectacular,178767.12,60,2979.45,535.04,4959.02
Whirlpool,Occasional Shopper,Smart Shopper Week,196742.33,75,2623.23,605.52,4817.67
Whirlpool,Occasional Shopper,Spring Refresh Event,158697.06,61,2601.59,520.79,4955.65
Whirlpool,Occasional Shopper,Spring Splash Discounts,204693.11,75,2729.24,518.89,4992.50
Whirlpool,Occasional Shopper,Summer Sizzle Promo,188091.45,72,2612.38,592.59,4908.86
Whirlpool,Occasional Shopper,Super Savings Week,129977.82,50,2599.56,506.58,4998.47
Whirlpool,Occasional Shopper,Ultimate Value Event,179925.25,61,2949.59,701.43,4986.17
Whirlpool,Occasional Shopper,VIP Access Sale,225407.63,81,2782.81,545.18,4999.48
Whirlpool,Occasional Shopper,Weekend Warrior Specials,164803.62,60,2746.73,563.87,4959.28
Whirlpool,Occasional Shopper,Winter Clearance Carnival,143211.56,49,2922.68,541.60,4910.05
Whirlpool,Occasional Shopper,Winter Wonders Sale,213490.59,78,2737.06,504.46,4996.00
Whirlpool,Online Shopper,12 Days of Deals,176788.17,63,2806.16,547.29,4982.52
Whirlpool,Online Shopper,Autumn Deals Drive,191932.22,69,2781.63,506.90,4935.57
Whirlpool,Online Shopper,BOGO Blitz,215455.70,73,2951.45,511.13,4958.24
Whirlpool,Online Shopper,Back to School Boost,174223.56,65,2680.36,525.35,4957.68
Whirlpool,Online Shopper,Birthday Bash Sale,163517.05,61,2680.61,613.52,4961.79
Whirlpool,Online Shopper,Black Friday Blowout,162360.98,58,2799.33,717.96,4989.56
Whirlpool,Online Shopper,Cart Crasher Campaign,180262.09,71,2538.90,511.77,4869.67
Whirlpool,Online Shopper,Cashback Carnival,187857.76,66,2846.33,544.56,4993.50
Whirlpool,Online Shopper,Clearance Countdown,207151.24,69,3002.19,504.40,4933.13
Whirlpool,Online Shopper,Countdown to Savings,215616.65,80,2695.21,541.72,4974.20
Whirlpool,Online Shopper,Customer Appreciation Week,240471.25,82,2932.58,544.46,4967.44
Whirlpool,Online Shopper,Cyber Monday Mania,216171.35,78,2771.43,531.19,4929.30
Whirlpool,Online Shopper,Deal of the Month,168369.63,58,2902.92,611.20,4985.95
Whirlpool,Online Shopper,Double Points Bonanza,158367.71,58,2730.48,738.18,4854.07
Whirlpool,Online Shopper,Early Bird Specials,192667.25,69,2792.28,555.96,4994.29
Whirlpool,Online Shopper,End of Season Sale,181197.06,71,2552.07,518.22,4913.48
Whirlpool,Online Shopper,Exclusive Insider Offers,223086.96,84,2655.80,550.56,4932.60
Whirlpool,Online Shopper,Festive Fever Promo,212861.12,77,2764.43,539.59,4963.05
Whirlpool,Online Shopper,Final Call Frenzy,208890.00,77,2712.86,551.67,4924.06
Whirlpool,Online Shopper,Flash Frenzy Friday,222374.72,81,2745.37,626.24,4826.14
Whirlpool,Online Shopper,"Gift More, Spend Less",185454.12,67,2767.97,563.71,4690.98
Whirlpool,Online Shopper,Golden Hour Bargains,169665.98,62,2736.55,507.56,4863.14
Whirlpool,Online Shopper,Green Weekend Deals,192500.63,65,2961.55,547.27,4917.85
Whirlpool,Online Shopper,Happy Hour Discounts,159793.02,59,2708.36,691.35,4991.86
Whirlpool,Online Shopper,Holiday Shopping Rush,217504.59,77,2824.73,520.33,4962.62
Whirlpool,Online Shopper,Hot Picks Promo,217876.47,75,2905.02,541.21,4953.12
Whirlpool,Online Shopper,Instant Gratification Sale,162123.46,59,2747.86,536.17,4832.79
Whirlpool,Online Shopper,Limited Time Treasures,216591.55,73,2967.01,542.65,4927.32
Whirlpool,Online Shopper,Loyalty Rewards Blast,179548.52,64,2805.45,526.07,4958.38
Whirlpool,Online Shopper,Mega Weekend Bonanza,159815.64,59,2708.74,583.47,4964.59
Whirlpool,Online Shopper,Mid-Year Madness,226088.36,83,2723.96,563.49,4845.77
Whirlpool,Online Shopper,Midnight Madness,169305.47,68,2489.79,566.47,4933.60
Whirlpool,Online Shopper,Mystery Discount Days,150726.02,55,2740.47,543.11,4985.69
Whirlpool,Online Shopper,New Arrival Showcase,187786.28,70,2682.66,544.25,4947.90
Whirlpool,Online Shopper,New Product Launch Promo,174168.40,63,2764.58,525.27,4930.35
Whirlpool,Online Shopper,New Year Kickoff,188835.90,67,2818.45,563.67,4990.53
Whirlpool,Online Shopper,Price Drop Parade,181909.31,67,2715.06,598.88,4958.10
Whirlpool,Online Shopper,Red Tag Clearance,164577.65,58,2837.55,566.94,4903.95
Whirlpool,Online Shopper,Seasonal Surprise Box,193187.74,65,2972.12,556.66,4975.98
Whirlpool,Online Shopper,Shop & Save Spectacular,185596.80,66,2812.07,524.98,4905.50
Whirlpool,Online Shopper,Smart Shopper Week,198873.87,76,2616.76,512.44,4978.95
Whirlpool,Online Shopper,Spring Refresh Event,164681.27,57,2889.15,552.12,4987.43
Whirlpool,Online Shopper,Spring Splash Discounts,194160.35,63,3081.91,586.84,4963.63
Whirlpool,Online Shopper,Summer Sizzle Promo,188187.26,63,2987.10,734.98,4943.77
Whirlpool,Online Shopper,Super Savings Week,179281.91,64,2801.28,655.77,4963.29
Whirlpool,Online Shopper,Ultimate Value Event,156716.15,55,2849.38,518.12,4987.19
Whirlpool,Online Shopper,VIP Access Sale,185515.42,69,2688.63,549.41,4995.37
Whirlpool,Online Shopper,Weekend Warrior Specials,186965.57,69,2709.65,558.67,4984.76
Whirlpool,Online Shopper,Winter Clearance Carnival,142373.94,52,2737.96,554.70,4958.10
Whirlpool,Online Shopper,Winter Wonders Sale,177464.19,68,2609.77,514.42,4850.64
Whirlpool,Premium Shopper,12 Days of Deals,192238.27,67,2869.23,519.86,4961.84
Whirlpool,Premium Shopper,Autumn Deals Drive,198927.16,76,2617.46,612.18,4984.41
Whirlpool,Premium Shopper,BOGO Blitz,159191.13,59,2698.15,562.30,4935.75
Whirlpool,Premium Shopper,Back to School Boost,173437.81,62,2797.38,559.96,4910.27
Whirlpool,Premium Shopper,Birthday Bash Sale,161704.40,57,2836.92,594.94,4899.31
Whirlpool,Premium Shopper,Black Friday Blowout,185052.27,65,2846.96,536.50,4908.62
Whirlpool,Premium Shopper,Cart Crasher Campaign,158132.86,56,2823.80,504.51,4986.87
Whirlpool,Premium Shopper,Cashback Carnival,196900.68,74,2660.82,510.98,4903.13
Whirlpool,Premium Shopper,Clearance Countdown,148184.55,50,2963.69,552.58,4994.45
Whirlpool,Premium Shopper,Countdown to Savings,170867.62,61,2801.11,547.67,4971.64
Whirlpool,Premium Shopper,Customer Appreciation Week,147935.97,58,2550.62,685.07,4997.57
Whirlpool,Premium Shopper,Cyber Monday Mania,211518.36,84,2518.08,531.01,4945.17
Whirlpool,Premium Shopper,Deal of the Month,146575.49,58,2527.16,719.43,4986.45
Whirlpool,Premium Shopper,Double Points Bonanza,189085.99,69,2740.38,573.45,4979.35
Whirlpool,Premium Shopper,Early Bird Specials,142607.73,53,2690.71,509.54,4903.12
Whirlpool,Premium Shopper,End of Season Sale,152690.13,52,2936.35,536.23,4988.69
Whirlpool,Premium Shopper,Exclusive Insider Offers,173766.53,59,2945.20,628.73,4953.89
Whirlpool,Premium Shopper,Festive Fever Promo,165728.73,70,2367.55,629.82,4960.17
Whirlpool,Premium Shopper,Final Call Frenzy,188632.75,70,2694.75,506.46,4941.36
Whirlpool,Premium Shopper,Flash Frenzy Friday,195079.79,67,2911.64,541.97,4926.02
Whirlpool,Premium Shopper,"Gift More, Spend Less",173147.53,72,2404.83,510.64,4729.88
Whirlpool,Premium Shopper,Golden Hour Bargains,229990.75,83,2770.97,545.40,4941.56
Whirlpool,Premium Shopper,Green Weekend Deals,178744.59,66,2708.25,602.06,4932.61
Whirlpool,Premium Shopper,Happy Hour Discounts,190824.50,69,2765.57,580.31,4968.19
Whirlpool,Premium Shopper,Holiday Shopping Rush,230117.52,87,2645.03,505.09,4908.56
Whirlpool,Premium Shopper,Hot Picks Promo,167184.22,57,2933.06,755.12,4958.41
Whirlpool,Premium Shopper,Instant Gratification Sale,180115.08,62,2905.08,651.43,4987.90
Whirlpool,Premium Shopper,Limited Time Treasures,168397.62,59,2854.20,501.55,4966.42
Whirlpool,Premium Shopper,Loyalty Rewards Blast,149118.93,56,2662.84,518.89,4881.01
Whirlpool,Premium Shopper,Mega Weekend Bonanza,175978.64,57,3087.34,600.43,4988.39
Whirlpool,Premium Shopper,Mid-Year Madness,165657.41,66,2509.96,507.49,4957.46
Whirlpool,Premium Shopper,Midnight Madness,195596.50,68,2876.42,583.64,4884.53
Whirlpool,Premium Shopper,Mystery Discount Days,176283.65,63,2798.15,616.96,4889.42
Whirlpool,Premium Shopper,New Arrival Showcase,187761.54,69,2721.18,533.37,4913.73
Whirlpool,Premium Shopper,New Product Launch Promo,159150.41,56,2841.97,504.31,4991.62
Whirlpool,Premium Shopper,New Year Kickoff,204492.93,71,2880.18,587.37,4887.30
Whirlpool,Premium Shopper,Price Drop Parade,195686.34,68,2877.74,533.78,4949.74
Whirlpool,Premium Shopper,Red Tag Clearance,170541.42,63,2707.01,547.38,4990.08
Whirlpool,Premium Shopper,Seasonal Surprise Box,196793.18,73,2695.80,544.29,4980.46
Whirlpool,Premium Shopper,Shop & Save Spectacular,182075.04,66,2758.71,516.34,4913.69
Whirlpool,Premium Shopper,Smart Shopper Week,216850.69,81,2677.17,536.82,4948.75
Whirlpool,Premium Shopper,Spring Refresh Event,199055.19,72,2764.66,569.87,4995.53
Whirlpool,Premium Shopper,Spring Splash Discounts,159935.19,56,2855.99,560.24,4976.26
Whirlpool,Premium Shopper,Summer Sizzle Promo,145647.31,59,2468.60,569.43,4936.80
Whirlpool,Premium Shopper,Super Savings Week,166111.83,53,3134.19,765.37,4870.45
Whirlpool,Premium Shopper,Ultimate Value Event,159575.54,54,2955.10,509.71,4995.58
Whirlpool,Premium Shopper,VIP Access Sale,176197.41,62,2841.89,525.62,4981.05
Whirlpool,Premium Shopper,Weekend Warrior Specials,165645.00,68,2435.96,580.47,4914.94
Whirlpool,Premium Shopper,Winter Clearance Carnival,208914.23,75,2785.52,582.98,4939.42
Whirlpool,Premium Shopper,Winter Wonders Sale,191870.78,72,2664.87,528.52,4951.22
Zara,Budget Shopper,12 Days of Deals,167657.17,68,2465.55,548.08,4882.73
Zara,Budget Shopper,Autumn Deals Drive,175056.93,62,2823.50,590.23,4990.58
Zara,Budget Shopper,BOGO Blitz,194897.55,72,2706.91,517.43,4944.39
Zara,Budget Shopper,Back to School Boost,209348.76,74,2829.04,583.98,4986.50
Zara,Budget Shopper,Birthday Bash Sale,161672.29,64,2526.13,553.64,4992.91
Zara,Budget Shopper,Black Friday Blowout,238487.19,84,2839.13,502.21,4894.40
Zara,Budget Shopper,Cart Crasher Campaign,204252.92,70,2917.90,590.79,4986.36
Zara,Budget Shopper,Cashback Carnival,170790.75,60,2846.51,572.99,4904.95
Zara,Budget Shopper,Clearance Countdown,208382.23,75,2778.43,545.54,4967.03
Zara,Budget Shopper,Countdown to Savings,211348.63,67,3154.46,503.90,4957.97
Zara,Budget Shopper,Customer Appreciation Week,170900.51,58,2946.56,562.78,4870.12
Zara,Budget Shopper,Cyber Monday Mania,133209.10,51,2611.94,556.86,4835.99
Zara,Budget Shopper,Deal of the Month,151466.54,56,2704.76,627.04,4988.69
Zara,Budget Shopper,Double Points Bonanza,234651.11,87,2697.14,521.69,4995.86
Zara,Budget Shopper,Early Bird Specials,151210.43,61,2478.86,506.63,4742.86
Zara,Budget Shopper,End of Season Sale,155258.24,59,2631.50,570.21,4993.28
Zara,Budget Shopper,Exclusive Insider Offers,192191.68,70,2745.60,608.22,4991.57
Zara,Budget Shopper,Festive Fever Promo,202941.28,74,2742.45,614.61,4895.87
Zara,Budget Shopper,Final Call Frenzy,218272.08,74,2949.62,580.27,4960.09
Zara,Budget Shopper,Flash Frenzy Friday,178372.60,62,2876.98,528.82,4960.83
Zara,Budget Shopper,"Gift More, Spend Less",222749.86,79,2819.62,518.98,4973.16
Zara,Budget Shopper,Golden Hour Bargains,173234.42,61,2839.91,573.17,4990.97
Zara,Budget Shopper,Green Weekend Deals,197327.51,70,2818.96,512.49,4948.44
Zara,Budget Shopper,Happy Hour Discounts,202209.93,73,2770.00,540.55,4952.41
Zara,Budget Shopper,Holiday Shopping Rush,241098.72,78,3091.01,507.94,4978.35
Zara,Budget Shopper,Hot Picks Promo,159917.85,60,2665.30,623.63,4950.72
Zara,Budget Shopper,Instant Gratification Sale,206084.04,75,2747.79,740.07,4950.20
Zara,Budget Shopper,Limited Time Treasures,175657.54,66,2661.48,507.40,4939.92
Zara,Budget Shopper,Loyalty Rewards Blast,203941.10,75,2719.21,588.99,4827.08
Zara,Budget Shopper,Mega Weekend Bonanza,200297.05,79,2535.41,512.13,4956.76
Zara,Budget Shopper,Mid-Year Madness,183993.13,63,2920.53,552.39,4956.91
Zara,Budget Shopper,Midnight Madness,178487.85,63,2833.14,509.57,4747.24
Zara,Budget Shopper,Mystery Discount Days,161658.05,67,2412.81,633.56,4940.19
Zara,Budget Shopper,New Arrival Showcase,185988.14,65,2861.36,554.91,4966.36
Zara,Budget Shopper,New Product Launch Promo,175970.24,63,2793.18,553.95,4940.87
Zara,Budget Shopper,New Year Kickoff,187155.61,64,2924.31,701.52,4960.48
Zara,Budget Shopper,Price Drop Parade,147600.02,53,2784.91,507.96,4972.82
Zara,Budget Shopper,Red Tag Clearance,225380.03,79,2852.91,592.64,4979.88
Zara,Budget Shopper,Seasonal Surprise Box,183430.03,67,2737.76,605.17,4984.25
Zara,Budget Shopper,Shop & Save Spectacular,168504.61,62,2717.82,600.50,4997.51
Zara,Budget Shopper,Smart Shopper Week,164768.21,63,2615.37,616.08,4857.95
Zara,Budget Shopper,Spring Refresh Event,147531.26,52,2837.14,516.01,4971.60
Zara,Budget Shopper,Spring Splash Discounts,169845.38,61,2784.35,509.24,4989.56
Zara,Budget Shopper,Summer Sizzle Promo,144377.32,57,2532.94,557.40,4810.18
Zara,Budget Shopper,Super Savings Week,145254.55,55,2640.99,507.88,4983.76
Zara,Budget Shopper,Ultimate Value Event,195921.41,70,2798.88,534.20,4907.99
Zara,Budget Shopper,VIP Access Sale,170972.96,63,2713.86,593.32,4892.02
Zara,Budget Shopper,Weekend Warrior Specials,195808.06,72,2719.56,502.76,4951.04
Zara,Budget Shopper,Winter Clearance Carnival,192036.33,67,2866.21,575.33,4985.40
Zara,Budget Shopper,Winter Wonders Sale,163184.54,62,2632.01,577.90,4914.88
Zara,Churn Risk,12 Days of Deals,185125.14,71,2607.40,557.51,4813.75
Zara,Churn Risk,Autumn Deals Drive,153529.04,63,2436.97,518.98,4900.37
Zara,Churn Risk,BOGO Blitz,162901.29,59,2761.04,567.09,4999.45
Zara,Churn Risk,Back to School Boost,161146.13,56,2877.61,562.04,4914.05
Zara,Churn Risk,Birthday Bash Sale,253308.77,87,2911.60,532.90,4983.87
Zara,Churn Risk,Black Friday Blowout,127368.48,49,2599.36,589.09,4922.22
Zara,Churn Risk,Cart Crasher Campaign,173491.56,65,2669.10,519.47,4997.29
Zara,Churn Risk,Cashback Carnival,181574.10,73,2487.32,505.92,4852.23
Zara,Churn Risk,Clearance Countdown,181987.08,63,2888.68,512.27,4888.15
Zara,Churn Risk,Countdown to Savings,148578.19,59,2518.27,525.74,4990.06
Zara,Churn Risk,Customer Appreciation Week,180668.92,72,2509.29,525.36,4784.82
Zara,Churn Risk,Cyber Monday Mania,192454.68,72,2672.98,521.44,4929.50
Zara,Churn Risk,Deal of the Month,206244.51,74,2787.09,520.26,4849.28
Zara,Churn Risk,Double Points Bonanza,171481.91,60,2858.03,546.05,4981.32
Zara,Churn Risk,Early Bird Specials,185203.01,66,2806.11,519.84,4991.60
Zara,Churn Risk,End of Season Sale,231947.07,81,2863.54,537.27,4969.53
Zara,Churn Risk,Exclusive Insider Offers,174896.31,62,2820.91,567.64,4989.88
Zara,Churn Risk,Festive Fever Promo,171541.26,66,2599.11,583.53,4926.58
Zara,Churn Risk,Final Call Frenzy,162883.88,64,2545.06,647.63,4761.41
Zara,Churn Risk,Flash Frenzy Friday,213934.88,77,2778.38,522.10,4968.76
Zara,Churn Risk,"Gift More, Spend Less",200824.19,66,3042.79,551.22,4977.65
Zara,Churn Risk,Golden Hour Bargains,192293.42,69,2786.86,595.68,4994.31
Zara,Churn Risk,Green Weekend Deals,214028.17,76,2816.16,563.25,4968.92
Zara,Churn Risk,Happy Hour Discounts,191350.86,66,2899.26,695.81,4990.80
Zara,Churn Risk,Holiday Shopping Rush,126482.21,50,2529.64,527.21,4859.44
Zara,Churn Risk,Hot Picks Promo,186385.14,70,2662.64,504.24,4985.45
Zara,Churn Risk,Instant Gratification Sale,133196.76,50,2663.94,514.89,4955.41
Zara,Churn Risk,Limited Time Treasures,208279.85,66,3155.76,573.38,4989.05
Zara,Churn Risk,Loyalty Rewards Blast,237793.15,82,2899.92,528.24,4997.44
Zara,Churn Risk,Mega Weekend Bonanza,201225.73,71,2834.17,526.35,4995.03
Zara,Churn Risk,Mid-Year Madness,227028.70,84,2702.72,502.44,4859.55
Zara,Churn Risk,Midnight Madness,172182.04,62,2777.13,701.96,4942.54
Zara,Churn Risk,Mystery Discount Days,181244.53,70,2589.21,599.42,4998.98
Zara,Churn Risk,New Arrival Showcase,185451.04,66,2809.86,565.79,4957.90
Zara,Churn Risk,New Product Launch Promo,156273.12,63,2480.53,643.24,4970.23
Zara,Churn Risk,New Year Kickoff,158793.41,59,2691.41,628.94,4990.26
Zara,Churn Risk,Price Drop Parade,169293.50,63,2687.20,508.52,4902.98
Zara,Churn Risk,Red Tag Clearance,178175.74,64,2784.00,604.76,4921.10
Zara,Churn Risk,Seasonal Surprise Box,193431.83,71,2724.39,557.77,4988.87
Zara,Churn Risk,Shop & Save Spectacular,190214.24,65,2926.37,536.68,4999.91
Zara,Churn Risk,Smart Shopper Week,161517.81,59,2737.59,541.56,4990.51
Zara,Churn Risk,Spring Refresh Event,195583.94,70,2794.06,506.20,4935.75
Zara,Churn Risk,Spring Splash Discounts,173995.32,60,2899.92,505.77,4929.53
Zara,Churn Risk,Summer Sizzle Promo,207550.27,73,2843.15,511.51,4998.58
Zara,Churn Risk,Super Savings Week,166203.15,68,2444.16,505.22,4992.52
Zara,Churn Risk,Ultimate Value Event,202889.05,76,2669.59,669.93,4908.57
Zara,Churn Risk,VIP Access Sale,183314.04,66,2777.49,738.09,4939.53
Zara,Churn Risk,Weekend Warrior Specials,180902.63,67,2700.04,576.87,4911.18
Zara,Churn Risk,Winter Clearance Carnival,191245.78,70,2732.08,510.18,4994.24
Zara,Churn Risk,Winter Wonders Sale,202568.93,73,2774.92,527.74,4818.83
Zara,Deal Seeker,12 Days of Deals,203735.67,75,2716.48,540.17,4958.04
Zara,Deal Seeker,Autumn Deals Drive,216637.78,83,2610.09,511.91,4977.30
Zara,Deal Seeker,BOGO Blitz,152920.29,56,2730.72,513.67,4949.01
Zara,Deal Seeker,Back to School Boost,218700.62,75,2916.01,531.12,4970.33
Zara,Deal Seeker,Birthday Bash Sale,166990.66,67,2492.40,530.60,4846.50
Zara,Deal Seeker,Black Friday Blowout,188544.90,65,2900.69,541.53,4977.88
Zara,Deal Seeker,Cart Crasher Campaign,178472.62,65,2745.73,575.04,4989.90
Zara,Deal Seeker,Cashback Carnival,151693.36,58,2615.40,517.57,4910.83
Zara,Deal Seeker,Clearance Countdown,197661.78,70,2823.74,555.56,4996.18
Zara,Deal Seeker,Countdown to Savings,130963.55,53,2471.01,535.14,4871.88
Zara,Deal Seeker,Customer Appreciation Week,168425.59,60,2807.09,685.99,4938.01
Zara,Deal Seeker,Cyber Monday Mania,163476.44,65,2515.02,528.42,4995.44
Zara,Deal Seeker,Deal of the Month,202895.87,72,2818.00,524.46,4970.48
Zara,Deal Seeker,Double Points Bonanza,135663.72,51,2660.07,517.10,4974.49
Zara,Deal Seeker,Early Bird Specials,208650.28,73,2858.22,648.99,4955.68
Zara,Deal Seeker,End of Season Sale,141781.33,55,2577.84,504.46,4944.25
Zara,Deal Seeker,Exclusive Insider Offers,180304.92,59,3056.02,579.53,4980.74
Zara,Deal Seeker,Festive Fever Promo,161614.72,67,2412.16,564.57,4938.00
Zara,Deal Seeker,Final Call Frenzy,149614.02,60,2493.57,531.77,4861.12
Zara,Deal Seeker,Flash Frenzy Friday,201636.12,71,2839.95,589.43,4976.58
Zara,Deal Seeker,"Gift More, Spend Less",181686.27,62,2930.42,549.39,4981.44
Zara,Deal Seeker,Golden Hour Bargains,125562.96,46,2729.63,509.20,4921.34
Zara,Deal Seeker,Green Weekend Deals,206358.29,84,2456.65,502.55,4962.52
Zara,Deal Seeker,Happy Hour Discounts,191301.64,71,2694.39,597.96,4900.41
Zara,Deal Seeker,Holiday Shopping Rush,152484.79,60,2541.41,588.26,4916.23
Zara,Deal Seeker,Hot Picks Promo,188490.99,65,2899.86,502.48,4970.06
Zara,Deal Seeker,Instant Gratification Sale,203148.80,73,2782.86,508.35,4891.09
Zara,Deal Seeker,Limited Time Treasures,171313.13,62,2763.11,522.74,4999.81
Zara,Deal Seeker,Loyalty Rewards Blast,194133.33,71,2734.27,618.19,4933.90
Zara,Deal Seeker,Mega Weekend Bonanza,186447.08,72,2589.54,534.16,4987.76
Zara,Deal Seeker,Mid-Year Madness,181993.10,66,2757.47,521.80,4997.09
Zara,Deal Seeker,Midnight Madness,168544.18,65,2592.99,555.95,4909.70
Zara,Deal Seeker,Mystery Discount Days,201310.60,73,2757.68,561.44,4866.03
Zara,Deal Seeker,New Arrival Showcase,185301.48,64,2895.34,506.65,4945.50
Zara,Deal Seeker,New Product Launch Promo,159485.44,61,2614.52,501.71,4882.73
Zara,Deal Seeker,New Year Kickoff,195309.56,70,2790.14,560.40,4992.69
Zara,Deal Seeker,Price Drop Parade,190368.85,68,2799.54,650.78,4975.50
Zara,Deal Seeker,Red Tag Clearance,202759.43,75,2703.46,516.38,4994.15
Zara,Deal Seeker,Seasonal Surprise Box,174574.95,64,2727.73,515.96,4931.79
Zara,Deal Seeker,Shop & Save Spectacular,153592.09,58,2648.14,539.45,4984.02
Zara,Deal Seeker,Smart Shopper Week,188766.89,63,2996.30,505.75,4978.30
Zara,Deal Seeker,Spring Refresh Event,181336.01,64,2833.38,550.31,4896.16
Zara,Deal Seeker,Spring Splash Discounts,122148.01,46,2655.39,688.32,4975.06
Zara,Deal Seeker,Summer Sizzle Promo,214091.61,78,2744.76,529.93,4920.33
Zara,Deal Seeker,Super Savings Week,143537.82,52,2760.34,538.72,4964.89
Zara,Deal Seeker,Ultimate Value Event,185729.72,68,2731.32,516.34,4966.23
Zara,Deal Seeker,VIP Access Sale,203891.50,72,2831.83,522.66,4924.31
Zara,Deal Seeker,Weekend Warrior Specials,213695.84,78,2739.69,533.56,4884.25
Zara,Deal Seeker,Winter Clearance Carnival,182184.58,68,2679.18,510.17,4818.09
Zara,Deal Seeker,Winter Wonders Sale,218051.60,79,2760.15,527.33,4920.73
Zara,First-time Buyer,12 Days of Deals,177089.20,62,2856.28,523.27,4951.22
Zara,First-time Buyer,Autumn Deals Drive,225140.97,84,2680.25,650.41,4988.40
Zara,First-time Buyer,BOGO Blitz,173884.10,68,2557.12,530.02,4783.94
Zara,First-time Buyer,Back to School Boost,160917.36,55,2925.77,641.97,4922.87
Zara,First-time Buyer,Birthday Bash Sale,160598.12,63,2549.18,662.19,4937.88
Zara,First-time Buyer,Black Friday Blowout,206800.26,74,2794.60,537.43,4964.00
Zara,First-time Buyer,Cart Crasher Campaign,199877.07,71,2815.17,512.62,4994.01
Zara,First-time Buyer,Cashback Carnival,190176.22,61,3117.64,632.78,4826.01
Zara,First-time Buyer,Clearance Countdown,189470.24,69,2745.95,500.46,4962.03
Zara,First-time Buyer,Countdown to Savings,209855.86,72,2914.66,568.26,4929.63
Zara,First-time Buyer,Customer Appreciation Week,197027.28,73,2699.00,542.98,4916.54
Zara,First-time Buyer,Cyber Monday Mania,188893.26,67,2819.30,551.80,4945.23
Zara,First-time Buyer,Deal of the Month,170082.79,67,2538.55,509.10,4986.62
Zara,First-time Buyer,Double Points Bonanza,197683.55,69,2864.98,617.57,4955.54
Zara,First-time Buyer,Early Bird Specials,192294.87,67,2870.07,524.59,4909.21
Zara,First-time Buyer,End of Season Sale,183930.07,67,2745.22,553.12,4879.14
Zara,First-time Buyer,Exclusive Insider Offers,182128.21,64,2845.75,580.47,4977.52
Zara,First-time Buyer,Festive Fever Promo,184213.91,63,2924.03,673.49,4974.14
Zara,First-time Buyer,Final Call Frenzy,136892.78,47,2912.61,746.12,4815.18
Zara,First-time Buyer,Flash Frenzy Friday,180886.94,64,2826.36,697.52,4785.72
Zara,First-time Buyer,"Gift More, Spend Less",170872.81,59,2896.15,537.81,4971.64
Zara,First-time Buyer,Golden Hour Bargains,185314.31,65,2850.99,504.67,4933.49
Zara,First-time Buyer,Green Weekend Deals,166930.47,63,2649.69,550.39,4932.88
Zara,First-time Buyer,Happy Hour Discounts,188419.70,69,2730.72,568.04,4989.47
Zara,First-time Buyer,Holiday Shopping Rush,167047.29,60,2784.12,503.85,4909.58
Zara,First-time Buyer,Hot Picks Promo,181207.38,61,2970.61,550.43,4957.64
Zara,First-time Buyer,Instant Gratification Sale,162335.19,58,2798.88,514.98,4919.99
Zara,First-time Buyer,Limited Time Treasures,160020.19,60,2667.00,533.40,4859.33
Zara,First-time Buyer,Loyalty Rewards Blast,194312.36,67,2900.18,548.41,4983.67
Zara,First-time Buyer,Mega Weekend Bonanza,160666.75,59,2723.17,544.83,4993.88
Zara,First-time Buyer,Mid-Year Madness,198823.96,72,2761.44,511.04,4954.02
Zara,First-time Buyer,Midnight Madness,211309.93,70,3018.71,570.65,4868.69
Zara,First-time Buyer,Mystery Discount Days,175274.68,59,2970.76,630.73,4995.70
Zara,First-time Buyer,New Arrival Showcase,154261.16,61,2528.87,552.24,4965.73
Zara,First-time Buyer,New Product Launch Promo,165251.65,59,2800.88,551.83,4992.60
Zara,First-time Buyer,New Year Kickoff,138344.44,50,2766.89,522.02,4981.51
Zara,First-time Buyer,Price Drop Parade,130251.07,49,2658.19,524.96,4863.56
Zara,First-time Buyer,Red Tag Clearance,194865.34,64,3044.77,768.91,4999.45
Zara,First-time Buyer,Seasonal Surprise Box,218154.63,77,2833.18,510.40,4944.97
Zara,First-time Buyer,Shop & Save Spectacular,179856.33,61,2948.46,501.24,4986.82
Zara,First-time Buyer,Smart Shopper Week,207772.46,71,2926.37,509.54,4997.75
Zara,First-time Buyer,Spring Refresh Event,184064.22,66,2788.85,516.40,4935.10
Zara,First-time Buyer,Spring Splash Discounts,174602.52,66,2645.49,510.99,4969.23
Zara,First-time Buyer,Summer Sizzle Promo,198409.58,71,2794.50,606.00,4978.19
Zara,First-time Buyer,Super Savings Week,148844.03,58,2566.28,530.13,4991.65
Zara,First-time Buyer,Ultimate Value Event,194362.52,62,3134.88,625.54,4999.82
Zara,First-time Buyer,VIP Access Sale,237333.26,80,2966.67,536.78,4930.29
Zara,First-time Buyer,Weekend Warrior Specials,188448.50,73,2581.49,533.94,4984.00
Zara,First-time Buyer,Winter Clearance Carnival,192211.26,69,2785.67,502.03,4905.69
Zara,First-time Buyer,Winter Wonders Sale,184388.23,65,2836.74,745.32,4966.12
Zara,High Value,12 Days of Deals,170379.55,62,2748.06,523.45,4941.11
Zara,High Value,Autumn Deals Drive,206556.70,70,2950.81,670.61,4990.52
Zara,High Value,BOGO Blitz,218137.43,78,2796.63,574.48,4936.28
Zara,High Value,Back to School Boost,164227.28,62,2648.83,574.63,4861.52
Zara,High Value,Birthday Bash Sale,146404.67,55,2661.90,506.06,4946.32
Zara,High Value,Black Friday Blowout,159205.80,62,2567.84,549.79,4955.71
Zara,High Value,Cart Crasher Campaign,214113.19,71,3015.68,609.83,4903.75
Zara,High Value,Cashback Carnival,171855.88,66,2603.88,631.25,4878.59
Zara,High Value,Clearance Countdown,225311.59,80,2816.39,507.81,4995.95
Zara,High Value,Countdown to Savings,205298.33,70,2932.83,527.01,4914.97
Zara,High Value,Customer Appreciation Week,185384.53,68,2726.24,513.31,4951.76
Zara,High Value,Cyber Monday Mania,208476.36,73,2855.84,556.11,4991.94
Zara,High Value,Deal of the Month,167123.87,63,2652.76,508.62,4920.17
Zara,High Value,Double Points Bonanza,210609.25,80,2632.62,565.78,4896.64
Zara,High Value,Early Bird Specials,191332.41,69,2772.93,603.28,4988.19
Zara,High Value,End of Season Sale,126771.62,47,2697.27,708.74,4980.78
Zara,High Value,Exclusive Insider Offers,190941.34,72,2651.96,510.18,4664.62
Zara,High Value,Festive Fever Promo,134884.82,51,2644.80,538.62,4893.19
Zara,High Value,Final Call Frenzy,164598.71,65,2532.29,501.00,4977.52
Zara,High Value,Flash Frenzy Friday,202022.76,75,2693.64,522.76,4986.49
Zara,High Value,"Gift More, Spend Less",176645.10,62,2849.11,534.98,4958.73
Zara,High Value,Golden Hour Bargains,176610.47,68,2597.21,617.96,4958.05
Zara,High Value,Green Weekend Deals,165199.44,60,2753.32,535.24,4899.15
Zara,High Value,Happy Hour Discounts,222955.07,73,3054.18,559.34,4971.44
Zara,High Value,Holiday Shopping Rush,146661.83,56,2618.96,517.06,4970.10
Zara,High Value,Hot Picks Promo,181412.13,69,2629.16,547.19,4935.04
Zara,High Value,Instant Gratification Sale,157369.84,62,2538.22,530.59,4922.97
Zara,High Value,Limited Time Treasures,185644.91,71,2614.72,506.89,4940.36
Zara,High Value,Loyalty Rewards Blast,133663.96,51,2620.86,544.56,4909.90
Zara,High Value,Mega Weekend Bonanza,130562.54,48,2720.05,598.74,4747.72
Zara,High Value,Mid-Year Madness,218639.36,78,2803.07,760.62,4997.54
Zara,High Value,Midnight Madness,177060.36,72,2459.17,587.90,4935.84
Zara,High Value,Mystery Discount Days,189618.87,67,2830.13,753.70,4930.80
Zara,High Value,New Arrival Showcase,188257.97,74,2544.03,539.08,4880.43
Zara,High Value,New Product Launch Promo,137015.44,63,2174.85,520.94,4653.98
Zara,High Value,New Year Kickoff,144400.17,50,2888.00,537.71,4916.80
Zara,High Value,Price Drop Parade,207390.59,72,2880.42,521.48,4955.14
Zara,High Value,Red Tag Clearance,165008.57,57,2894.89,592.77,4949.50
Zara,High Value,Seasonal Surprise Box,161734.87,63,2567.22,563.09,4960.31
Zara,High Value,Shop & Save Spectacular,207109.18,74,2798.77,554.95,4998.75
Zara,High Value,Smart Shopper Week,174008.08,63,2762.03,579.39,4999.73
Zara,High Value,Spring Refresh Event,164175.83,56,2931.71,515.89,4994.74
Zara,High Value,Spring Splash Discounts,204162.64,70,2916.61,683.38,4927.55
Zara,High Value,Summer Sizzle Promo,201408.97,73,2759.03,522.24,4991.33
Zara,High Value,Super Savings Week,176285.91,64,2754.47,535.04,4918.03
Zara,High Value,Ultimate Value Event,187878.12,70,2683.97,543.72,4927.79
Zara,High Value,VIP Access Sale,190537.04,73,2610.10,566.13,4999.71
Zara,High Value,Weekend Warrior Specials,203225.45,68,2988.61,754.85,4918.32
Zara,High Value,Winter Clearance Carnival,180942.54,57,3174.43,510.95,4991.29
Zara,High Value,Winter Wonders Sale,179590.73,66,2721.07,526.45,4971.63
Zara,In-Store Regular,12 Days of Deals,180940.63,61,2966.24,513.52,4931.09
Zara,In-Store Regular,Autumn Deals Drive,161804.36,68,2379.48,518.57,4966.38
Zara,In-Store Regular,BOGO Blitz,198797.73,66,3012.09,665.16,4989.78
Zara,In-Store Regular,Back to School Boost,115773.89,47,2463.27,506.82,4860.14
Zara,In-Store Regular,Birthday Bash Sale,148448.58,53,2800.92,574.28,4991.13
Zara,In-Store Regular,Black Friday Blowout,150772.97,57,2645.14,551.35,4783.96
Zara,In-Store Regular,Cart Crasher Campaign,153196.71,53,2890.50,515.65,4912.82
Zara,In-Store Regular,Cashback Carnival,153111.29,54,2835.39,527.18,4964.30
Zara,In-Store Regular,Clearance Countdown,176384.86,73,2416.23,551.04,4999.80
Zara,In-Store Regular,Countdown to Savings,145649.76,58,2511.20,504.23,4972.78
Zara,In-Store Regular,Customer Appreciation Week,192625.86,71,2713.04,592.85,4978.37
Zara,In-Store Regular,Cyber Monday Mania,151088.26,53,2850.72,556.08,4842.44
Zara,In-Store Regular,Deal of the Month,174012.49,60,2900.21,664.06,4927.53
Zara,In-Store Regular,Double Points Bonanza,145400.29,54,2692.60,515.01,4834.50
Zara,In-Store Regular,Early Bird Specials,177985.54,63,2825.17,522.41,4956.17
Zara,In-Store Regular,End of Season Sale,109528.06,42,2607.81,518.66,4859.63
Zara,In-Store Regular,Exclusive Insider Offers,227815.84,78,2920.72,524.93,4840.51
Zara,In-Store Regular,Festive Fever Promo,204355.12,75,2724.73,606.00,4990.63
Zara,In-Store Regular,Final Call Frenzy,166494.10,59,2821.93,508.37,4935.31
Zara,In-Store Regular,Flash Frenzy Friday,158103.68,62,2550.06,535.49,4847.27
Zara,In-Store Regular,"Gift More, Spend Less",186933.46,65,2875.90,549.80,4989.04
Zara,In-Store Regular,Golden Hour Bargains,174751.95,66,2647.76,521.72,4991.19
Zara,In-Store Regular,Green Weekend Deals,173935.72,60,2898.93,652.07,4990.50
Zara,In-Store Regular,Happy Hour Discounts,168294.60,61,2758.93,577.88,4975.00
Zara,In-Store Regular,Holiday Shopping Rush,176051.76,68,2589.00,539.37,4860.41
Zara,In-Store Regular,Hot Picks Promo,194724.02,74,2631.41,578.99,4988.19
Zara,In-Store Regular,Instant Gratification Sale,165104.67,62,2662.98,506.92,4986.93
Zara,In-Store Regular,Limited Time Treasures,182624.77,60,3043.75,538.04,4982.15
Zara,In-Store Regular,Loyalty Rewards Blast,165488.62,62,2669.17,534.75,4992.46
Zara,In-Store Regular,Mega Weekend Bonanza,177514.60,67,2649.47,628.20,4802.78
Zara,In-Store Regular,Mid-Year Madness,176473.43,61,2893.01,523.94,4965.06
Zara,In-Store Regular,Midnight Madness,182418.84,61,2990.47,665.18,4981.69
Zara,In-Store Regular,Mystery Discount Days,154667.60,57,2713.47,651.15,4947.63
Zara,In-Store Regular,New Arrival Showcase,203971.91,72,2832.94,601.02,4956.79
Zara,In-Store Regular,New Product Launch Promo,188875.69,71,2660.22,605.91,4848.28
Zara,In-Store Regular,New Year Kickoff,197842.87,70,2826.33,531.60,4973.81
Zara,In-Store Regular,Price Drop Parade,213500.25,74,2885.14,503.25,4946.64
Zara,In-Store Regular,Red Tag Clearance,192915.45,67,2879.34,570.37,4992.47
Zara,In-Store Regular,Seasonal Surprise Box,224126.54,78,2873.42,529.84,4832.53
Zara,In-Store Regular,Shop & Save Spectacular,180540.67,64,2820.95,684.10,4911.38
Zara,In-Store Regular,Smart Shopper Week,203033.71,74,2743.70,516.26,4986.27
Zara,In-Store Regular,Spring Refresh Event,196966.31,72,2735.64,686.82,4995.99
Zara,In-Store Regular,Spring Splash Discounts,201688.07,70,2881.26,660.29,4983.92
Zara,In-Store Regular,Summer Sizzle Promo,136080.52,51,2668.25,584.95,4956.68
Zara,In-Store Regular,Super Savings Week,160765.62,60,2679.43,507.31,4854.82
Zara,In-Store Regular,Ultimate Value Event,172954.22,65,2660.83,544.86,4949.20
Zara,In-Store Regular,VIP Access Sale,192187.97,72,2669.28,536.37,4976.29
Zara,In-Store Regular,Weekend Warrior Specials,146312.51,54,2709.49,515.36,4991.98
Zara,In-Store Regular,Winter Clearance Carnival,181995.98,63,2888.83,662.88,4956.67
Zara,In-Store Regular,Winter Wonders Sale,159098.02,63,2525.37,527.95,4827.63
Zara,Loyal Customer,12 Days of Deals,154572.86,61,2533.98,600.89,4893.04
Zara,Loyal Customer,Autumn Deals Drive,169962.61,64,2655.67,548.65,4917.81
Zara,Loyal Customer,BOGO Blitz,159765.89,55,2904.83,554.38,4912.03
Zara,Loyal Customer,Back to School Boost,181642.75,69,2632.50,544.15,4954.37
Zara,Loyal Customer,Birthday Bash Sale,168703.86,54,3124.15,841.55,4987.29
Zara,Loyal Customer,Black Friday Blowout,226807.73,77,2945.55,505.39,4971.67
Zara,Loyal Customer,Cart Crasher Campaign,201146.89,75,2681.96,519.11,4806.64
Zara,Loyal Customer,Cashback Carnival,177085.64,66,2683.12,630.57,4961.70
Zara,Loyal Customer,Clearance Countdown,173490.07,65,2669.08,551.97,4742.09
Zara,Loyal Customer,Countdown to Savings,178822.46,66,2709.43,619.77,4894.67
Zara,Loyal Customer,Customer Appreciation Week,188472.04,65,2899.57,532.07,4878.74
Zara,Loyal Customer,Cyber Monday Mania,164653.12,67,2457.51,543.93,4870.56
Zara,Loyal Customer,Deal of the Month,185168.44,67,2763.71,525.55,4946.48
Zara,Loyal Customer,Double Points Bonanza,188555.58,72,2618.83,504.72,4973.34
Zara,Loyal Customer,Early Bird Specials,159053.47,54,2945.43,702.53,4982.76
Zara,Loyal Customer,End of Season Sale,185632.98,64,2900.52,585.18,4958.98
Zara,Loyal Customer,Exclusive Insider Offers,206935.90,81,2554.76,540.34,4965.31
Zara,Loyal Customer,Festive Fever Promo,203168.08,71,2861.52,513.89,4971.54
Zara,Loyal Customer,Final Call Frenzy,155395.33,58,2679.23,638.14,4783.64
Zara,Loyal Customer,Flash Frenzy Friday,176987.45,68,2602.76,506.08,4985.68
Zara,Loyal Customer,"Gift More, Spend Less",170781.59,61,2799.70,503.15,4931.82
Zara,Loyal Customer,Golden Hour Bargains,180492.66,72,2506.84,501.59,4861.99
Zara,Loyal Customer,Green Weekend Deals,177022.89,67,2642.13,590.15,4950.45
Zara,Loyal Customer,Happy Hour Discounts,180752.04,63,2869.08,529.25,4969.49
Zara,Loyal Customer,Holiday Shopping Rush,182461.94,65,2807.11,531.85,4996.42
Zara,Loyal Customer,Hot Picks Promo,180568.71,64,2821.39,729.47,4770.17
Zara,Loyal Customer,Instant Gratification Sale,193530.51,68,2846.04,520.34,4918.76
Zara,Loyal Customer,Limited Time Treasures,166367.21,58,2868.40,537.57,4914.87
Zara,Loyal Customer,Loyalty Rewards Blast,200393.30,73,2745.11,544.74,4960.16
Zara,Loyal Customer,Mega Weekend Bonanza,158699.86,54,2938.89,655.41,4905.22
Zara,Loyal Customer,Mid-Year Madness,163428.24,64,2553.57,588.61,4947.25
Zara,Loyal Customer,Midnight Madness,181539.89,69,2631.01,500.50,4982.40
Zara,Loyal Customer,Mystery Discount Days,171411.07,66,2597.14,512.88,4861.24
Zara,Loyal Customer,New Arrival Showcase,171251.73,63,2718.28,647.12,4807.93
Zara,Loyal Customer,New Product Launch Promo,172411.32,62,2780.83,567.05,4952.80
Zara,Loyal Customer,New Year Kickoff,173045.22,64,2703.83,637.99,4605.72
Zara,Loyal Customer,Price Drop Parade,217534.05,82,2652.85,511.62,4984.02
Zara,Loyal Customer,Red Tag Clearance,190775.30,66,2890.53,626.67,4969.63
Zara,Loyal Customer,Seasonal Surprise Box,201380.82,77,2615.34,519.95,4886.29
Zara,Loyal Customer,Shop & Save Spectacular,227465.52,80,2843.32,642.45,4938.59
Zara,Loyal Customer,Smart Shopper Week,155907.95,55,2834.69,595.54,4823.45
Zara,Loyal Customer,Spring Refresh Event,201261.78,74,2719.75,513.21,4989.71
Zara,Loyal Customer,Spring Splash Discounts,176188.23,62,2841.75,538.42,4969.69
Zara,Loyal Customer,Summer Sizzle Promo,199802.19,65,3073.88,535.16,4930.78
Zara,Loyal Customer,Super Savings Week,157992.10,59,2677.83,663.30,4998.42
Zara,Loyal Customer,Ultimate Value Event,197499.83,71,2781.69,701.20,4993.23
Zara,Loyal Customer,VIP Access Sale,151570.41,54,2806.86,523.97,4927.71
Zara,Loyal Customer,Weekend Warrior Specials,207641.56,74,2805.97,531.77,4967.55
Zara,Loyal Customer,Winter Clearance Carnival,179091.58,67,2673.01,560.99,4825.56
Zara,Loyal Customer,Winter Wonders Sale,204675.19,72,2842.71,601.53,4954.69
Zara,Occasional Shopper,12 Days of Deals,164914.31,61,2703.51,529.17,4940.50
Zara,Occasional Shopper,Autumn Deals Drive,159546.90,57,2799.07,501.28,4992.31
Zara,Occasional Shopper,BOGO Blitz,221104.77,86,2570.99,534.41,4999.06
Zara,Occasional Shopper,Back to School Boost,153684.90,60,2561.42,590.90,4937.89
Zara,Occasional Shopper,Birthday Bash Sale,173231.40,64,2706.74,726.12,4985.44
Zara,Occasional Shopper,Black Friday Blowout,174431.62,60,2907.19,600.29,4955.51
Zara,Occasional Shopper,Cart Crasher Campaign,138361.07,52,2660.79,590.23,4916.70
Zara,Occasional Shopper,Cashback Carnival,151437.95,57,2656.81,513.23,4758.35
Zara,Occasional Shopper,Clearance Countdown,189480.51,65,2915.08,516.15,4992.47
Zara,Occasional Shopper,Countdown to Savings,192158.14,73,2632.30,510.43,4945.94
Zara,Occasional Shopper,Customer Appreciation Week,199422.39,68,2932.68,562.22,4964.23
Zara,Occasional Shopper,Cyber Monday Mania,172588.69,64,2696.70,524.10,4775.26
Zara,Occasional Shopper,Deal of the Month,182014.81,65,2800.23,702.23,4990.92
Zara,Occasional Shopper,Double Points Bonanza,190324.20,69,2758.32,578.85,4959.54
Zara,Occasional Shopper,Early Bird Specials,200877.68,73,2751.75,591.97,4961.59
Zara,Occasional Shopper,End of Season Sale,140239.28,54,2597.02,525.01,4785.49
Zara,Occasional Shopper,Exclusive Insider Offers,161124.94,64,2517.58,532.60,4965.19
Zara,Occasional Shopper,Festive Fever Promo,206441.22,75,2752.55,545.01,4964.03
Zara,Occasional Shopper,Final Call Frenzy,161918.51,57,2840.68,549.39,4993.90
Zara,Occasional Shopper,Flash Frenzy Friday,208445.18,73,2855.41,610.12,4984.44
Zara,Occasional Shopper,"Gift More, Spend Less",186967.68,62,3015.61,514.09,4969.21
Zara,Occasional Shopper,Golden Hour Bargains,196586.61,68,2890.98,521.79,4950.81
Zara,Occasional Shopper,Green Weekend Deals,209749.24,74,2834.45,529.73,4937.14
Zara,Occasional Shopper,Happy Hour Discounts,173633.60,67,2591.55,538.99,4796.54
Zara,Occasional Shopper,Holiday Shopping Rush,162393.59,57,2849.01,503.29,4936.30
Zara,Occasional Shopper,Hot Picks Promo,147546.47,57,2588.53,502.01,4908.37
Zara,Occasional Shopper,Instant Gratification Sale,199317.89,75,2657.57,543.33,4997.44
Zara,Occasional Shopper,Limited Time Treasures,180657.04,68,2656.72,525.36,4963.78
Zara,Occasional Shopper,Loyalty Rewards Blast,174621.91,65,2686.49,525.22,4891.22
Zara,Occasional Shopper,Mega Weekend Bonanza,143997.59,51,2823.48,672.06,4988.26
Zara,Occasional Shopper,Mid-Year Madness,197041.88,70,2814.88,627.07,4962.02
Zara,Occasional Shopper,Midnight Madness,189598.22,70,2708.55,579.94,4988.44
Zara,Occasional Shopper,Mystery Discount Days,213428.35,75,2845.71,521.87,4908.74
Zara,Occasional Shopper,New Arrival Showcase,208125.58,72,2890.63,513.71,4914.92
Zara,Occasional Shopper,New Product Launch Promo,210401.71,77,2732.49,692.36,4960.07
Zara,Occasional Shopper,New Year Kickoff,172833.48,66,2618.69,621.94,4900.40
Zara,Occasional Shopper,Price Drop Parade,225725.80,82,2752.75,560.48,4929.46
Zara,Occasional Shopper,Red Tag Clearance,199896.31,69,2897.05,598.29,4984.82
Zara,Occasional Shopper,Seasonal Surprise Box,196838.32,68,2894.68,502.82,4965.35
Zara,Occasional Shopper,Shop & Save Spectacular,184044.43,72,2556.17,502.52,4787.19
Zara,Occasional Shopper,Smart Shopper Week,217719.34,71,3066.47,531.29,4901.46
Zara,Occasional Shopper,Spring Refresh Event,148992.93,54,2759.13,663.41,4877.41
Zara,Occasional Shopper,Spring Splash Discounts,188053.96,72,2611.86,529.75,4947.70
Zara,Occasional Shopper,Summer Sizzle Promo,188087.48,64,2938.87,510.41,4995.74
Zara,Occasional Shopper,Super Savings Week,136573.55,58,2354.72,517.15,4769.90
Zara,Occasional Shopper,Ultimate Value Event,170376.33,58,2937.52,556.26,4988.28
Zara,Occasional Shopper,VIP Access Sale,202610.30,66,3069.85,592.38,4889.46
Zara,Occasional Shopper,Weekend Warrior Specials,182119.77,69,2639.42,521.13,4928.57
Zara,Occasional Shopper,Winter Clearance Carnival,171326.00,55,3115.02,523.82,4926.55
Zara,Occasional Shopper,Winter Wonders Sale,198746.96,68,2922.75,686.60,4960.68
Zara,Online Shopper,12 Days of Deals,171364.72,68,2520.07,519.41,4945.61
Zara,Online Shopper,Autumn Deals Drive,225185.19,75,3002.47,708.91,4981.28
Zara,Online Shopper,BOGO Blitz,204949.87,76,2696.71,647.23,4910.74
Zara,Online Shopper,Back to School Boost,209130.73,70,2987.58,582.78,4934.32
Zara,Online Shopper,Birthday Bash Sale,191236.86,60,3187.28,572.96,4912.79
Zara,Online Shopper,Black Friday Blowout,198384.74,66,3005.83,709.30,4989.75
Zara,Online Shopper,Cart Crasher Campaign,160894.56,59,2727.03,521.86,4951.96
Zara,Online Shopper,Cashback Carnival,194016.16,65,2984.86,631.50,4846.65
Zara,Online Shopper,Clearance Countdown,157509.40,61,2582.12,519.76,4764.82
Zara,Online Shopper,Countdown to Savings,186314.00,61,3054.33,594.99,4898.64
Zara,Online Shopper,Customer Appreciation Week,168831.39,62,2723.09,529.81,4961.95
Zara,Online Shopper,Cyber Monday Mania,190435.63,67,2842.32,562.89,4892.38
Zara,Online Shopper,Deal of the Month,227370.98,80,2842.14,505.18,4994.87
Zara,Online Shopper,Double Points Bonanza,209112.75,72,2904.34,608.38,4892.39
Zara,Online Shopper,Early Bird Specials,210435.42,80,2630.44,518.42,4959.68
Zara,Online Shopper,End of Season Sale,206959.63,77,2687.79,523.48,4948.87
Zara,Online Shopper,Exclusive Insider Offers,206032.22,69,2985.97,709.53,4968.36
Zara,Online Shopper,Festive Fever Promo,156156.41,62,2518.65,588.38,4970.92
Zara,Online Shopper,Final Call Frenzy,197603.58,74,2670.32,503.34,4970.24
Zara,Online Shopper,Flash Frenzy Friday,170261.29,64,2660.33,642.47,4808.73
Zara,Online Shopper,"Gift More, Spend Less",212816.82,74,2875.90,548.71,4954.80
Zara,Online Shopper,Golden Hour Bargains,209331.52,74,2828.80,514.14,4980.41
Zara,Online Shopper,Green Weekend Deals,179060.94,62,2888.08,760.92,4843.23
Zara,Online Shopper,Happy Hour Discounts,205479.20,78,2634.35,537.63,4786.95
Zara,Online Shopper,Holiday Shopping Rush,147023.44,53,2774.03,569.16,4930.19
Zara,Online Shopper,Hot Picks Promo,178049.12,66,2697.71,504.12,4861.89
Zara,Online Shopper,Instant Gratification Sale,157168.02,58,2709.79,503.90,4968.48
Zara,Online Shopper,Limited Time Treasures,202060.77,71,2845.93,510.34,4979.27
Zara,Online Shopper,Loyalty Rewards Blast,254658.72,89,2861.33,591.90,4940.04
Zara,Online Shopper,Mega Weekend Bonanza,217968.14,75,2906.24,524.86,4970.99
Zara,Online Shopper,Mid-Year Madness,174193.29,64,2721.77,636.19,4953.99
Zara,Online Shopper,Midnight Madness,183599.64,69,2660.86,678.19,4981.54
Zara,Online Shopper,Mystery Discount Days,155930.78,59,2642.89,500.93,4961.47
Zara,Online Shopper,New Arrival Showcase,261285.60,94,2779.63,510.69,4941.32
Zara,Online Shopper,New Product Launch Promo,155219.94,58,2676.21,606.26,4871.91
Zara,Online Shopper,New Year Kickoff,165842.70,61,2718.73,562.09,4987.75
Zara,Online Shopper,Price Drop Parade,180660.53,65,2779.39,561.00,4995.75
Zara,Online Shopper,Red Tag Clearance,206684.99,77,2684.22,540.18,4978.98
Zara,Online Shopper,Seasonal Surprise Box,158170.33,62,2551.13,575.71,4884.07
Zara,Online Shopper,Shop & Save Spectacular,174213.29,63,2765.29,593.65,4966.57
Zara,Online Shopper,Smart Shopper Week,171924.70,64,2686.32,526.21,4980.22
Zara,Online Shopper,Spring Refresh Event,207563.16,74,2804.91,535.08,4962.63
Zara,Online Shopper,Spring Splash Discounts,148748.65,59,2521.16,570.45,4805.01
Zara,Online Shopper,Summer Sizzle Promo,179133.50,66,2714.14,551.93,4938.85
Zara,Online Shopper,Super Savings Week,208634.48,69,3023.69,541.89,4835.98
Zara,Online Shopper,Ultimate Value Event,175626.88,67,2621.30,510.86,4982.94
Zara,Online Shopper,VIP Access Sale,185340.48,65,2851.39,522.68,4776.08
Zara,Online Shopper,Weekend Warrior Specials,209397.04,77,2719.44,558.88,4960.74
Zara,Online Shopper,Winter Clearance Carnival,185018.53,61,3033.09,522.80,4965.55
Zara,Online Shopper,Winter Wonders Sale,160851.46,63,2553.20,502.39,4968.59
Zara,Premium Shopper,12 Days of Deals,123476.08,48,2572.42,644.81,4816.47
Zara,Premium Shopper,Autumn Deals Drive,170339.51,63,2703.80,537.48,4982.95
Zara,Premium Shopper,BOGO Blitz,207624.29,70,2966.06,586.61,4970.83
Zara,Premium Shopper,Back to School Boost,152040.79,54,2815.57,576.60,4945.41
Zara,Premium Shopper,Birthday Bash Sale,151252.35,57,2653.55,550.16,4986.93
Zara,Premium Shopper,Black Friday Blowout,170360.67,59,2887.47,594.67,4986.73
Zara,Premium Shopper,Cart Crasher Campaign,153371.87,57,2690.73,548.12,4939.84
Zara,Premium Shopper,Cashback Carnival,160763.34,63,2551.80,545.77,4968.31
Zara,Premium Shopper,Clearance Countdown,187926.12,70,2684.66,511.75,4972.85
Zara,Premium Shopper,Countdown to Savings,198161.29,70,2830.88,535.12,4949.51
Zara,Premium Shopper,Customer Appreciation Week,250493.22,87,2879.23,505.57,4964.05
Zara,Premium Shopper,Cyber Monday Mania,144710.60,53,2730.39,556.49,4918.52
Zara,Premium Shopper,Deal of the Month,166022.41,63,2635.28,507.82,4949.98
Zara,Premium Shopper,Double Points Bonanza,187508.90,61,3073.92,609.33,4999.44
Zara,Premium Shopper,Early Bird Specials,221558.42,77,2877.38,510.92,4960.61
Zara,Premium Shopper,End of Season Sale,198405.01,81,2449.44,509.09,4947.16
Zara,Premium Shopper,Exclusive Insider Offers,157046.42,60,2617.44,500.32,4953.52
Zara,Premium Shopper,Festive Fever Promo,162406.40,62,2619.46,568.75,4991.64
Zara,Premium Shopper,Final Call Frenzy,169832.69,58,2928.15,517.29,4893.71
Zara,Premium Shopper,Flash Frenzy Friday,166141.48,56,2966.81,550.67,4993.36
Zara,Premium Shopper,"Gift More, Spend Less",191298.93,67,2855.21,648.51,4911.66
Zara,Premium Shopper,Golden Hour Bargains,197038.63,64,3078.73,614.17,4978.87
Zara,Premium Shopper,Green Weekend Deals,204784.25,76,2694.53,635.40,4992.17
Zara,Premium Shopper,Happy Hour Discounts,210958.31,74,2850.79,517.05,4973.50
Zara,Premium Shopper,Holiday Shopping Rush,143975.46,60,2399.59,550.45,4804.05
Zara,Premium Shopper,Hot Picks Promo,183729.90,58,3167.76,532.53,4989.52
Zara,Premium Shopper,Instant Gratification Sale,149122.03,56,2662.89,666.84,4993.08
Zara,Premium Shopper,Limited Time Treasures,182449.70,65,2806.92,589.77,4840.69
Zara,Premium Shopper,Loyalty Rewards Blast,170404.52,61,2793.52,530.25,4984.11
Zara,Premium Shopper,Mega Weekend Bonanza,189872.97,71,2674.27,622.74,4950.71
Zara,Premium Shopper,Mid-Year Madness,174772.03,70,2496.74,523.00,4927.81
Zara,Premium Shopper,Midnight Madness,197595.89,73,2706.79,603.00,4986.57
Zara,Premium Shopper,Mystery Discount Days,145926.68,52,2806.28,644.44,4897.78
Zara,Premium Shopper,New Arrival Showcase,154811.71,57,2715.99,679.13,4996.20
Zara,Premium Shopper,New Product Launch Promo,200241.15,82,2441.97,503.34,4835.46
Zara,Premium Shopper,New Year Kickoff,142828.16,61,2341.45,609.64,4934.90
Zara,Premium Shopper,Price Drop Parade,188732.75,73,2585.38,608.55,4995.02
Zara,Premium Shopper,Red Tag Clearance,171778.52,58,2961.70,684.58,4946.25
Zara,Premium Shopper,Seasonal Surprise Box,180793.28,64,2824.90,767.06,4940.03
Zara,Premium Shopper,Shop & Save Spectacular,161221.00,53,3041.91,652.03,4922.07
Zara,Premium Shopper,Smart Shopper Week,182702.56,65,2810.81,690.52,4984.75
Zara,Premium Shopper,Spring Refresh Event,136648.45,54,2530.53,508.91,4950.54
Zara,Premium Shopper,Spring Splash Discounts,170375.07,65,2621.15,662.39,4983.14
Zara,Premium Shopper,Summer Sizzle Promo,172065.62,67,2568.14,562.11,4911.31
Zara,Premium Shopper,Super Savings Week,183543.84,68,2699.17,510.99,4930.26
Zara,Premium Shopper,Ultimate Value Event,141500.04,57,2482.46,504.23,4997.25
Zara,Premium Shopper,VIP Access Sale,167875.80,56,2997.78,928.76,4949.50
Zara,Premium Shopper,Weekend Warrior Specials,149588.51,58,2579.11,609.78,4929.16
Zara,Premium Shopper,Winter Clearance Carnival,178265.08,71,2510.78,581.59,4789.94
Zara,Premium Shopper,Winter Wonders Sale,161765.26,61,2651.89,703.32,4919.87
