category,salesperson_role,campaign_name,sum_amount,count,avg_amount,min_amount,max_amount
Clothing,Manager,12 Days of Deals,2356252.41,849,2775.33,500.37,4999.40
Clothing,Manager,Autumn Deals Drive,2328541.45,859,2710.76,501.91,4999.75
Clothing,Manager,BOGO Blitz,2512235.14,884,2841.89,500.64,4997.89
Clothing,Manager,Back to School Boost,2165367.99,795,2723.73,509.16,4980.54
Clothing,Manager,Birthday Bash Sale,2297075.31,827,2777.60,510.00,4994.20
Clothing,Manager,Black Friday Blowout,2326748.37,853,2727.72,502.05,4982.21
Clothing,Manager,Cart Crasher Campaign,2272689.20,837,2715.28,508.37,4996.89
Clothing,Manager,Cashback Carnival,2222603.00,793,2802.78,508.75,4994.40
Clothing,Manager,Clearance Countdown,2378058.76,872,2727.13,500.46,4995.43
Clothing,Manager,Countdown to Savings,2216206.59,806,2749.64,501.16,4996.97
Clothing,Manager,Customer Appreciation Week,2322886.68,838,2771.94,503.51,4995.61
Clothing,Manager,Cyber Monday Mania,2261772.12,822,2751.55,502.07,4994.22
Clothing,Manager,Deal of the Month,2236084.96,819,2730.26,504.75,4994.30
Clothing,Manager,Double Points Bonanza,2346917.47,841,2790.63,500.63,4992.59
Clothing,Manager,Early Bird Specials,2161205.57,790,2735.70,501.20,4996.74
Clothing,Manager,End of Season Sale,2302893.97,833,2764.58,503.81,4993.28
Clothing,Manager,Exclusive Insider Offers,2226194.42,822,2708.27,500.32,4998.51
Clothing,Manager,Festive Fever Promo,2329875.88,850,2741.03,501.90,4980.87
Clothing,Manager,Final Call Frenzy,2271732.25,835,2720.64,525.27,4976.65
Clothing,Manager,Flash Frenzy Friday,2184642.58,814,2683.84,509.25,4994.26
Clothing,Manager,"Gift More, Spend Less",2168841.26,794,2731.54,503.15,4997.42
Clothing,Manager,Golden Hour Bargains,2366902.11,848,2791.16,511.16,4997.10
Clothing,Manager,Green Weekend Deals,2309873.94,838,2756.41,505.56,4987.56
Clothing,Manager,Happy Hour Discounts,2369722.94,839,2824.46,505.67,4993.33
Clothing,Manager,Holiday Shopping Rush,2119319.97,777,2727.57,501.97,4997.57
Clothing,Manager,Hot Picks Promo,2258727.32,816,2768.05,512.09,4984.66
Clothing,Manager,Instant Gratification Sale,2126032.88,792,2684.38,501.99,4996.19
Clothing,Manager,Limited Time Treasures,2362527.20,839,2815.88,504.90,4999.38
Clothing,Manager,Loyalty Rewards Blast,2318673.49,836,2773.53,511.31,4998.22
Clothing,Manager,Mega Weekend Bonanza,2354784.20,859,2741.31,504.47,4996.67
Clothing,Manager,Mid-Year Madness,2400826.36,883,2718.94,500.82,4997.09
Clothing,Manager,Midnight Madness,2271679.51,844,2691.56,501.63,4998.11
Clothing,Manager,Mystery Discount Days,2086414.78,785,2657.85,500.17,4993.54
Clothing,Manager,New Arrival Showcase,2199040.40,824,2668.74,500.17,4998.00
Clothing,Manager,New Product Launch Promo,2320040.79,832,2788.51,501.71,4992.60
Clothing,Manager,New Year Kickoff,2162373.31,797,2713.14,502.81,4992.69
Clothing,Manager,Price Drop Parade,2227956.32,829,2687.52,505.80,4996.80
Clothing,Manager,Red Tag Clearance,2377454.45,861,2761.27,501.14,4995.28
Clothing,Manager,Seasonal Surprise Box,2311257.93,830,2784.65,506.76,4990.98
Clothing,Manager,Shop & Save Spectacular,2413543.40,834,2893.94,503.87,4998.56
Clothing,Manager,Smart Shopper Week,2127561.81,781,2724.15,509.54,4997.75
Clothing,Manager,Spring Refresh Event,2225423.91,800,2781.78,500.55,4996.53
Clothing,Manager,Spring Splash Discounts,2255278.00,830,2717.20,503.97,4993.32
Clothing,Manager,Summer Sizzle Promo,2249285.93,813,2766.65,506.24,4998.58
Clothing,Manager,Super Savings Week,2197278.51,799,2750.04,501.26,4993.53
Clothing,Manager,Ultimate Value Event,2248431.12,807,2786.16,500.17,4999.12
Clothing,Manager,VIP Access Sale,2308869.53,827,2791.86,505.32,4991.78
Clothing,Manager,Weekend Warrior Specials,2415040.65,887,2722.71,501.72,4993.94
Clothing,Manager,Winter Clearance Carnival,2389481.23,831,2875.43,504.78,4989.85
Clothing,Manager,Winter Wonders Sale,2374999.26,889,2671.54,502.39,4999.21
Clothing,Sales Associate,12 Days of Deals,2346789.80,856,2741.58,512.27,4999.26
Clothing,Sales Associate,Autumn Deals Drive,2664243.96,960,2775.25,500.77,4992.45
Clothing,Sales Associate,BOGO Blitz,2444391.01,883,2768.28,509.20,4998.71
Clothing,Sales Associate,Back to School Boost,2261436.58,841,2688.99,501.04,4994.39
Clothing,Sales Associate,Birthday Bash Sale,2358828.62,834,2828.33,500.58,4996.78
Clothing,Sales Associate,Black Friday Blowout,2419594.05,872,2774.76,503.18,4997.07
Clothing,Sales Associate,Cart Crasher Campaign,2343690.98,860,2725.22,512.62,4996.24
Clothing,Sales Associate,Cashback Carnival,2366240.63,873,2710.47,500.72,4984.29
Clothing,Sales Associate,Clearance Countdown,2550603.90,940,2713.41,503.83,4996.24
Clothing,Sales Associate,Countdown to Savings,2328833.72,863,2698.53,504.03,4995.55
Clothing,Sales Associate,Customer Appreciation Week,2391742.60,856,2794.09,505.57,4996.89
Clothing,Sales Associate,Cyber Monday Mania,2460371.89,878,2802.25,509.47,4987.56
Clothing,Sales Associate,Deal of the Month,2453572.25,899,2729.22,502.13,4999.45
Clothing,Sales Associate,Double Points Bonanza,2462722.17,900,2736.36,501.38,4995.86
Clothing,Sales Associate,Early Bird Specials,2596817.37,930,2792.28,501.24,4993.12
Clothing,Sales Associate,End of Season Sale,2317655.21,845,2742.79,504.46,4997.08
Clothing,Sales Associate,Exclusive Insider Offers,2419960.38,877,2759.36,501.18,4997.63
Clothing,Sales Associate,Festive Fever Promo,2423372.83,864,2804.83,504.43,4990.63
Clothing,Sales Associate,Final Call Frenzy,2534392.56,896,2828.56,503.34,4996.06
Clothing,Sales Associate,Flash Frenzy Friday,2438642.06,888,2746.22,509.03,4993.42
Clothing,Sales Associate,"Gift More, Spend Less",2425364.93,875,2771.85,506.74,4986.56
Clothing,Sales Associate,Golden Hour Bargains,2337661.78,842,2776.32,500.57,4999.85
Clothing,Sales Associate,Green Weekend Deals,2327376.71,863,2696.84,502.55,4999.76
Clothing,Sales Associate,Happy Hour Discounts,2444984.86,884,2765.82,503.04,4990.90
Clothing,Sales Associate,Holiday Shopping Rush,2452443.25,888,2761.76,505.46,4992.50
Clothing,Sales Associate,Hot Picks Promo,2337275.92,846,2762.74,500.12,4988.19
Clothing,Sales Associate,Instant Gratification Sale,2335873.21,853,2738.42,500.95,4998.40
Clothing,Sales Associate,Limited Time Treasures,2368875.55,873,2713.49,506.89,4997.38
Clothing,Sales Associate,Loyalty Rewards Blast,2393922.70,868,2757.98,505.10,4992.46
Clothing,Sales Associate,Mega Weekend Bonanza,2305086.90,830,2777.21,500.60,4995.44
Clothing,Sales Associate,Mid-Year Madness,2479245.19,892,2779.42,511.04,4997.54
Clothing,Sales Associate,Midnight Madness,2421189.23,871,2779.78,511.19,4972.50
Clothing,Sales Associate,Mystery Discount Days,2324005.28,858,2708.63,504.07,4999.85
Clothing,Sales Associate,New Arrival Showcase,2549067.92,914,2788.91,510.69,4988.89
Clothing,Sales Associate,New Product Launch Promo,2329533.48,857,2718.24,500.27,4997.47
Clothing,Sales Associate,New Year Kickoff,2306776.92,853,2704.31,503.72,4994.72
Clothing,Sales Associate,Price Drop Parade,2323497.79,853,2723.91,508.09,4999.49
Clothing,Sales Associate,Red Tag Clearance,2458806.04,883,2784.60,502.58,4998.76
Clothing,Sales Associate,Seasonal Surprise Box,2479497.97,898,2761.13,500.52,4988.87
Clothing,Sales Associate,Shop & Save Spectacular,2453938.24,889,2760.34,500.14,4999.95
Clothing,Sales Associate,Smart Shopper Week,2440721.39,884,2761.00,501.31,4997.07
Clothing,Sales Associate,Spring Refresh Event,2478015.07,910,2723.09,501.09,4995.99
Clothing,Sales Associate,Spring Splash Discounts,2328911.31,880,2646.49,507.73,4990.13
Clothing,Sales Associate,Summer Sizzle Promo,2470108.12,894,2762.98,502.32,4995.49
Clothing,Sales Associate,Super Savings Week,2304468.21,838,2749.96,505.75,4998.86
Clothing,Sales Associate,Ultimate Value Event,2490641.38,893,2789.07,506.31,4998.36
Clothing,Sales Associate,VIP Access Sale,2515495.51,918,2740.19,501.68,4996.77
Clothing,Sales Associate,Weekend Warrior Specials,2362430.59,881,2681.53,502.76,4995.92
Clothing,Sales Associate,Winter Clearance Carnival,2311278.24,861,2684.41,501.25,4991.29
Clothing,Sales Associate,Winter Wonders Sale,2330245.25,856,2722.25,502.80,4996.30
Clothing,Salesperson,12 Days of Deals,2261552.70,834,2711.69,502.32,4993.99
Clothing,Salesperson,Autumn Deals Drive,2328888.58,842,2765.90,504.68,4996.26
Clothing,Salesperson,BOGO Blitz,2475044.33,904,2737.88,502.29,4999.45
Clothing,Salesperson,Back to School Boost,2383105.04,875,2723.55,501.52,4998.12
Clothing,Salesperson,Birthday Bash Sale,2333261.21,844,2764.53,501.83,4997.95
Clothing,Salesperson,Black Friday Blowout,2289866.18,815,2809.65,516.57,4994.34
Clothing,Salesperson,Cart Crasher Campaign,2313568.67,830,2787.43,505.97,4981.35
Clothing,Salesperson,Cashback Carnival,2434737.68,869,2801.77,505.92,4997.64
Clothing,Salesperson,Clearance Countdown,2382433.69,869,2741.58,504.91,4999.80
Clothing,Salesperson,Countdown to Savings,2347863.29,865,2714.29,504.23,4998.86
Clothing,Salesperson,Customer Appreciation Week,2426483.51,885,2741.79,510.73,4998.60
Clothing,Salesperson,Cyber Monday Mania,2492126.59,904,2756.78,506.75,4995.44
Clothing,Salesperson,Deal of the Month,2308196.72,836,2761.00,503.19,4994.87
Clothing,Salesperson,Double Points Bonanza,2425678.75,884,2743.98,510.59,4999.44
Clothing,Salesperson,Early Bird Specials,2507448.83,890,2817.36,519.84,4999.19
Clothing,Salesperson,End of Season Sale,2398815.64,888,2701.37,505.48,4999.17
Clothing,Salesperson,Exclusive Insider Offers,2319872.00,846,2742.17,508.78,4989.69
Clothing,Salesperson,Festive Fever Promo,2237424.70,852,2626.09,506.40,4995.75
Clothing,Salesperson,Final Call Frenzy,2319936.47,849,2732.55,501.00,4994.06
Clothing,Salesperson,Flash Frenzy Friday,2428497.46,870,2791.38,501.20,4998.23
Clothing,Salesperson,"Gift More, Spend Less",2312752.67,831,2783.10,501.94,4989.04
Clothing,Salesperson,Golden Hour Bargains,2371269.73,880,2694.62,504.67,4998.56
Clothing,Salesperson,Green Weekend Deals,2383273.95,867,2748.87,519.01,4996.15
Clothing,Salesperson,Happy Hour Discounts,2308108.81,843,2737.97,510.62,4964.85
Clothing,Salesperson,Holiday Shopping Rush,2338378.81,849,2754.27,503.85,4999.33
Clothing,Salesperson,Hot Picks Promo,2389926.46,871,2743.89,502.01,4997.81
Clothing,Salesperson,Instant Gratification Sale,2289238.22,847,2702.76,503.83,4992.16
Clothing,Salesperson,Limited Time Treasures,2285216.76,837,2730.25,501.46,4982.15
Clothing,Salesperson,Loyalty Rewards Blast,2389760.26,845,2828.12,500.82,4990.18
Clothing,Salesperson,Mega Weekend Bonanza,2489853.69,891,2794.45,508.93,4997.25
Clothing,Salesperson,Mid-Year Madness,2293417.95,848,2704.50,505.48,4998.11
Clothing,Salesperson,Midnight Madness,2536612.63,909,2790.55,500.50,4986.57
Clothing,Salesperson,Mystery Discount Days,2379923.34,877,2713.71,500.93,4998.98
Clothing,Salesperson,New Arrival Showcase,2341846.45,854,2742.21,506.85,4996.20
Clothing,Salesperson,New Product Launch Promo,2336541.57,861,2713.75,519.61,4999.95
Clothing,Salesperson,New Year Kickoff,2460423.90,886,2777.00,519.85,4991.55
Clothing,Salesperson,Price Drop Parade,2325696.88,868,2679.37,503.25,4996.09
Clothing,Salesperson,Red Tag Clearance,2395690.33,871,2750.51,501.79,4997.50
Clothing,Salesperson,Seasonal Surprise Box,2421120.43,880,2751.27,505.17,4996.71
Clothing,Salesperson,Shop & Save Spectacular,2367774.63,864,2740.48,506.29,4998.75
Clothing,Salesperson,Smart Shopper Week,2454584.42,864,2840.95,526.32,4999.73
Clothing,Salesperson,Spring Refresh Event,2286308.49,819,2791.59,500.43,4997.20
Clothing,Salesperson,Spring Splash Discounts,2397471.31,858,2794.26,500.66,4998.97
Clothing,Salesperson,Summer Sizzle Promo,2359615.01,859,2746.93,507.53,4998.80
Clothing,Salesperson,Super Savings Week,2341163.61,844,2773.89,502.63,4992.52
Clothing,Salesperson,Ultimate Value Event,2358800.18,854,2762.06,502.13,4999.82
Clothing,Salesperson,VIP Access Sale,2352637.67,861,2732.45,513.12,4999.97
Clothing,Salesperson,Weekend Warrior Specials,2384936.51,891,2676.70,515.36,4998.79
Clothing,Salesperson,Winter Clearance Carnival,2211938.21,796,2778.82,505.16,4999.04
Clothing,Salesperson,Winter Wonders Sale,2430349.38,911,2667.78,513.88,4993.56
Clothing,Senior Salesperson,12 Days of Deals,2114144.33,772,2738.53,501.08,4994.45
Clothing,Senior Salesperson,Autumn Deals Drive,2074571.00,734,2826.39,501.28,4994.53
Clothing,Senior Salesperson,BOGO Blitz,2229789.71,793,2811.84,503.91,4999.06
Clothing,Senior Salesperson,Back to School Boost,2089469.33,753,2774.86,500.65,4999.86
Clothing,Senior Salesperson,Birthday Bash Sale,2148179.27,775,2771.84,509.63,4997.36
Clothing,Senior Salesperson,Black Friday Blowout,2060309.60,763,2700.27,500.74,4996.66
Clothing,Senior Salesperson,Cart Crasher Campaign,2200520.61,781,2817.57,501.15,4997.29
Clothing,Senior Salesperson,Cashback Carnival,1951593.96,725,2691.85,502.29,4998.40
Clothing,Senior Salesperson,Clearance Countdown,1831393.16,685,2673.57,507.81,4993.56
Clothing,Senior Salesperson,Countdown to Savings,2133372.69,780,2735.09,503.90,4991.40
Clothing,Senior Salesperson,Customer Appreciation Week,2197941.48,786,2796.36,503.78,4994.47
Clothing,Senior Salesperson,Cyber Monday Mania,1883613.19,704,2675.59,502.02,4992.60
Clothing,Senior Salesperson,Deal of the Month,2116137.10,773,2737.56,502.57,4992.66
Clothing,Senior Salesperson,Double Points Bonanza,2096498.95,744,2817.87,504.72,4990.29
Clothing,Senior Salesperson,Early Bird Specials,2127096.99,785,2709.68,504.72,4997.16
Clothing,Senior Salesperson,End of Season Sale,1972906.33,713,2767.05,509.34,4995.12
Clothing,Senior Salesperson,Exclusive Insider Offers,2125305.60,763,2785.46,500.07,4989.88
Clothing,Senior Salesperson,Festive Fever Promo,2216725.96,798,2777.85,503.23,4998.89
Clothing,Senior Salesperson,Final Call Frenzy,2004138.45,727,2756.72,505.45,4968.41
Clothing,Senior Salesperson,Flash Frenzy Friday,1954411.13,727,2688.32,519.52,4996.44
Clothing,Senior Salesperson,"Gift More, Spend Less",2047148.80,735,2785.24,504.71,4977.65
Clothing,Senior Salesperson,Golden Hour Bargains,2131716.69,755,2823.47,506.14,4994.31
Clothing,Senior Salesperson,Green Weekend Deals,2159114.15,782,2761.02,501.10,4999.98
Clothing,Senior Salesperson,Happy Hour Discounts,2024875.71,739,2740.02,507.81,4997.02
Clothing,Senior Salesperson,Holiday Shopping Rush,2083520.55,751,2774.33,503.29,4996.42
Clothing,Senior Salesperson,Hot Picks Promo,2111189.52,747,2826.22,525.98,4999.60
Clothing,Senior Salesperson,Instant Gratification Sale,2058296.06,703,2927.87,506.92,4998.85
Clothing,Senior Salesperson,Limited Time Treasures,2103508.37,778,2703.74,509.30,4999.81
Clothing,Senior Salesperson,Loyalty Rewards Blast,2117342.14,766,2764.15,507.26,4996.42
Clothing,Senior Salesperson,Mega Weekend Bonanza,1993316.00,725,2749.40,518.98,4975.54
Clothing,Senior Salesperson,Mid-Year Madness,2082945.01,768,2712.17,502.00,4991.48
Clothing,Senior Salesperson,Midnight Madness,2024810.03,738,2743.65,511.51,4997.93
Clothing,Senior Salesperson,Mystery Discount Days,2135969.67,754,2832.85,503.54,4993.88
Clothing,Senior Salesperson,New Arrival Showcase,2039880.97,733,2782.92,506.65,4996.95
Clothing,Senior Salesperson,New Product Launch Promo,1933929.84,698,2770.67,513.88,4988.38
Clothing,Senior Salesperson,New Year Kickoff,2063847.92,745,2770.27,500.45,4982.88
Clothing,Senior Salesperson,Price Drop Parade,2124974.84,775,2741.90,503.07,4999.68
Clothing,Senior Salesperson,Red Tag Clearance,1996455.48,727,2746.16,513.56,4999.45
Clothing,Senior Salesperson,Seasonal Surprise Box,2089049.76,753,2774.30,500.11,4996.55
Clothing,Senior Salesperson,Shop & Save Spectacular,2190392.40,779,2811.80,501.24,4992.80
Clothing,Senior Salesperson,Smart Shopper Week,1910839.14,704,2714.26,504.15,4999.86
Clothing,Senior Salesperson,Spring Refresh Event,2162191.82,790,2736.95,515.89,4996.02
Clothing,Senior Salesperson,Spring Splash Discounts,2004549.48,722,2776.38,500.46,4999.01
Clothing,Senior Salesperson,Summer Sizzle Promo,1923238.99,719,2674.88,504.25,4997.93
Clothing,Senior Salesperson,Super Savings Week,2070679.60,737,2809.61,510.99,4999.08
Clothing,Senior Salesperson,Ultimate Value Event,2050399.34,766,2676.76,500.07,4998.73
Clothing,Senior Salesperson,VIP Access Sale,2188799.56,787,2781.19,505.21,4999.71
Clothing,Senior Salesperson,Weekend Warrior Specials,2035176.25,747,2724.47,503.46,4998.52
Clothing,Senior Salesperson,Winter Clearance Carnival,2077652.36,754,2755.51,521.68,4998.41
Clothing,Senior Salesperson,Winter Wonders Sale,1988194.92,730,2723.55,520.80,4976.93
Electronics,Manager,12 Days of Deals,2099809.65,766,2741.27,512.48,4995.63
Electronics,Manager,Autumn Deals Drive,2245789.53,786,2857.24,511.25,4996.51
Electronics,Manager,BOGO Blitz,2263073.63,816,2773.37,501.56,4998.43
Electronics,Manager,Back to School Boost,2271548.24,856,2653.68,503.72,4994.40
Electronics,Manager,Birthday Bash Sale,2338817.82,844,2771.11,500.20,4993.29
Electronics,Manager,Black Friday Blowout,2307996.50,822,2807.78,501.86,4999.87
Electronics,Manager,Cart Crasher Campaign,2286937.20,811,2819.90,508.39,4996.42
Electronics,Manager,Cashback Carnival,2295801.13,855,2685.15,500.13,4998.33
Electronics,Manager,Clearance Countdown,2352999.78,861,2732.87,500.08,4991.97
Electronics,Manager,Countdown to Savings,2431139.62,855,2843.44,506.44,4995.30
Electronics,Manager,Customer Appreciation Week,2338248.67,846,2763.89,515.73,4996.51
Electronics,Manager,Cyber Monday Mania,2326000.03,841,2765.76,503.56,4990.57
Electronics,Manager,Deal of the Month,2195289.17,796,2757.90,501.76,4998.97
Electronics,Manager,Double Points Bonanza,2258266.72,803,2812.29,509.10,4978.35
Electronics,Manager,Early Bird Specials,2224246.53,811,2742.60,510.97,4976.66
Electronics,Manager,End of Season Sale,2278774.63,816,2792.62,504.05,4998.76
Electronics,Manager,Exclusive Insider Offers,2382790.27,867,2748.32,503.43,4999.75
Electronics,Manager,Festive Fever Promo,2278375.65,834,2731.87,500.64,4998.89
Electronics,Manager,Final Call Frenzy,2329338.27,853,2730.76,501.47,4992.32
Electronics,Manager,Flash Frenzy Friday,2219847.08,816,2720.40,508.02,4996.92
Electronics,Manager,"Gift More, Spend Less",2166818.88,799,2711.91,505.10,4992.20
Electronics,Manager,Golden Hour Bargains,2303565.22,854,2697.38,512.23,4995.98
Electronics,Manager,Green Weekend Deals,2210040.48,795,2779.93,503.08,4999.78
Electronics,Manager,Happy Hour Discounts,2244372.89,812,2764.01,503.77,4985.69
Electronics,Manager,Holiday Shopping Rush,2230946.12,805,2771.36,500.17,4989.60
Electronics,Manager,Hot Picks Promo,2263932.20,829,2730.92,506.70,4986.36
Electronics,Manager,Instant Gratification Sale,2426790.58,914,2655.13,508.08,4993.60
Electronics,Manager,Limited Time Treasures,2361944.11,846,2791.90,508.76,4999.11
Electronics,Manager,Loyalty Rewards Blast,2240097.31,832,2692.42,500.73,4996.70
Electronics,Manager,Mega Weekend Bonanza,2396666.75,884,2711.16,502.17,4999.15
Electronics,Manager,Mid-Year Madness,2187832.93,795,2751.99,501.40,4995.57
Electronics,Manager,Midnight Madness,2395214.95,867,2762.65,505.60,4998.66
Electronics,Manager,Mystery Discount Days,2359106.13,848,2781.96,501.23,4987.89
Electronics,Manager,New Arrival Showcase,2363449.45,845,2796.98,507.24,4999.20
Electronics,Manager,New Product Launch Promo,2317087.24,844,2745.36,501.76,4998.61
Electronics,Manager,New Year Kickoff,2393566.23,866,2763.93,504.17,4996.42
Electronics,Manager,Price Drop Parade,2117319.66,779,2718.00,500.55,4996.99
Electronics,Manager,Red Tag Clearance,2436745.12,878,2775.34,501.05,4977.15
Electronics,Manager,Seasonal Surprise Box,2239116.03,817,2740.66,525.64,4997.91
Electronics,Manager,Shop & Save Spectacular,2552460.56,923,2765.40,513.44,4997.54
Electronics,Manager,Smart Shopper Week,2203464.14,809,2723.69,509.76,4987.18
Electronics,Manager,Spring Refresh Event,2227825.25,807,2760.63,500.05,4997.36
Electronics,Manager,Spring Splash Discounts,2202752.59,804,2739.74,508.68,4994.80
Electronics,Manager,Summer Sizzle Promo,2121201.45,771,2751.23,501.20,4969.25
Electronics,Manager,Super Savings Week,2297372.64,827,2777.96,504.67,4983.91
Electronics,Manager,Ultimate Value Event,2361326.84,845,2794.47,509.32,4999.80
Electronics,Manager,VIP Access Sale,2359063.64,883,2671.65,525.24,4985.32
Electronics,Manager,Weekend Warrior Specials,2276954.50,817,2786.97,516.17,4979.11
Electronics,Manager,Winter Clearance Carnival,2444794.19,883,2768.74,502.18,4995.61
Electronics,Manager,Winter Wonders Sale,2277018.98,828,2750.02,503.19,4997.71
Electronics,Sales Associate,12 Days of Deals,2330984.70,836,2788.26,502.99,4999.82
Electronics,Sales Associate,Autumn Deals Drive,2539939.79,902,2815.90,501.19,4995.33
Electronics,Sales Associate,BOGO Blitz,2402158.14,893,2689.99,501.85,4997.66
Electronics,Sales Associate,Back to School Boost,2375826.42,877,2709.04,501.01,4994.30
Electronics,Sales Associate,Birthday Bash Sale,2365803.44,860,2750.93,501.02,4999.90
Electronics,Sales Associate,Black Friday Blowout,2284073.06,849,2690.31,500.70,4990.87
Electronics,Sales Associate,Cart Crasher Campaign,2326934.56,849,2740.79,502.87,4995.09
Electronics,Sales Associate,Cashback Carnival,2434855.83,875,2782.69,500.55,4994.18
Electronics,Sales Associate,Clearance Countdown,2488414.67,910,2734.52,502.39,4998.92
Electronics,Sales Associate,Countdown to Savings,2357102.47,869,2712.43,500.60,4989.61
Electronics,Sales Associate,Customer Appreciation Week,2456014.08,904,2716.83,504.71,4991.30
Electronics,Sales Associate,Cyber Monday Mania,2464540.10,877,2810.19,508.49,4984.62
Electronics,Sales Associate,Deal of the Month,2419335.50,890,2718.35,504.69,4997.93
Electronics,Sales Associate,Double Points Bonanza,2340070.69,850,2753.02,500.48,4997.47
Electronics,Sales Associate,Early Bird Specials,2483665.69,912,2723.32,505.82,4977.50
Electronics,Sales Associate,End of Season Sale,2328516.93,871,2673.38,501.39,4998.09
Electronics,Sales Associate,Exclusive Insider Offers,2430899.91,899,2704.00,514.36,4993.72
Electronics,Sales Associate,Festive Fever Promo,2561568.34,940,2725.07,503.82,4994.70
Electronics,Sales Associate,Final Call Frenzy,2391424.27,855,2796.99,501.57,4999.96
Electronics,Sales Associate,Flash Frenzy Friday,2253245.57,840,2682.44,504.09,4999.95
Electronics,Sales Associate,"Gift More, Spend Less",2531114.04,908,2787.57,506.16,4993.33
Electronics,Sales Associate,Golden Hour Bargains,2319172.43,852,2722.03,502.34,4977.35
Electronics,Sales Associate,Green Weekend Deals,2464222.87,898,2744.12,506.72,4999.77
Electronics,Sales Associate,Happy Hour Discounts,2362326.50,857,2756.51,515.98,4992.74
Electronics,Sales Associate,Holiday Shopping Rush,2332927.28,848,2751.09,509.01,4992.01
Electronics,Sales Associate,Hot Picks Promo,2399273.57,884,2714.11,502.73,4995.49
Electronics,Sales Associate,Instant Gratification Sale,2369285.26,863,2745.41,508.23,4998.49
Electronics,Sales Associate,Limited Time Treasures,2504448.41,890,2813.99,502.69,4985.29
Electronics,Sales Associate,Loyalty Rewards Blast,2489983.92,913,2727.26,515.91,4992.76
Electronics,Sales Associate,Mega Weekend Bonanza,2537329.05,906,2800.58,504.06,4993.46
Electronics,Sales Associate,Mid-Year Madness,2345096.13,851,2755.69,500.72,4999.11
Electronics,Sales Associate,Midnight Madness,2461548.09,900,2735.05,505.99,4998.11
Electronics,Sales Associate,Mystery Discount Days,2655153.26,924,2873.54,500.77,4995.07
Electronics,Sales Associate,New Arrival Showcase,2451037.25,872,2810.82,504.98,4999.95
Electronics,Sales Associate,New Product Launch Promo,2513982.80,932,2697.41,500.19,4995.68
Electronics,Sales Associate,New Year Kickoff,2567683.58,935,2746.19,503.50,4999.63
Electronics,Sales Associate,Price Drop Parade,2232792.82,837,2667.61,505.19,4998.12
Electronics,Sales Associate,Red Tag Clearance,2194577.87,817,2686.14,501.03,4993.50
Electronics,Sales Associate,Seasonal Surprise Box,2294275.78,830,2764.19,500.70,4989.80
Electronics,Sales Associate,Shop & Save Spectacular,2226734.66,818,2722.17,502.39,4992.95
Electronics,Sales Associate,Smart Shopper Week,2486240.42,895,2777.92,512.23,4999.77
Electronics,Sales Associate,Spring Refresh Event,2311693.74,854,2706.90,514.26,4999.83
Electronics,Sales Associate,Spring Splash Discounts,2457235.04,877,2801.86,504.23,4999.08
Electronics,Sales Associate,Summer Sizzle Promo,2331747.62,849,2746.46,501.26,4995.70
Electronics,Sales Associate,Super Savings Week,2489202.38,882,2822.22,505.74,4995.51
Electronics,Sales Associate,Ultimate Value Event,2637079.06,949,2778.80,506.64,4999.13
Electronics,Sales Associate,VIP Access Sale,2532121.22,899,2816.60,502.59,4996.84
Electronics,Sales Associate,Weekend Warrior Specials,2508621.04,913,2747.67,510.23,4991.20
Electronics,Sales Associate,Winter Clearance Carnival,2511664.94,904,2778.39,501.55,4991.72
Electronics,Sales Associate,Winter Wonders Sale,2217444.44,844,2627.30,501.34,4996.43
Electronics,Salesperson,12 Days of Deals,2330815.60,866,2691.47,513.28,4990.97
Electronics,Salesperson,Autumn Deals Drive,2351449.44,844,2786.08,500.20,4991.64
Electronics,Salesperson,BOGO Blitz,2397164.12,864,2774.50,505.45,4998.29
Electronics,Salesperson,Back to School Boost,2346442.35,865,2712.65,507.63,4982.40
Electronics,Salesperson,Birthday Bash Sale,2276560.61,819,2779.68,502.96,4999.64
Electronics,Salesperson,Black Friday Blowout,2397903.17,881,2721.80,502.51,4998.59
Electronics,Salesperson,Cart Crasher Campaign,2608488.99,937,2783.87,503.57,4998.84
Electronics,Salesperson,Cashback Carnival,2318768.64,848,2734.40,509.79,4995.33
Electronics,Salesperson,Clearance Countdown,2367689.39,877,2699.76,503.09,4994.64
Electronics,Salesperson,Countdown to Savings,2394163.95,882,2714.47,501.91,4985.72
Electronics,Salesperson,Customer Appreciation Week,2407097.56,877,2744.70,508.00,4998.63
Electronics,Salesperson,Cyber Monday Mania,2444655.86,892,2740.65,504.82,4999.50
Electronics,Salesperson,Deal of the Month,2332392.94,862,2705.79,502.25,4999.96
Electronics,Salesperson,Double Points Bonanza,2384943.68,890,2679.71,500.80,4998.12
Electronics,Salesperson,Early Bird Specials,2377110.97,876,2713.60,502.05,4995.63
Electronics,Salesperson,End of Season Sale,2322222.08,840,2764.55,504.36,4997.26
Electronics,Salesperson,Exclusive Insider Offers,2563210.39,914,2804.39,507.60,4991.10
Electronics,Salesperson,Festive Fever Promo,2266774.96,833,2721.22,501.00,4995.38
Electronics,Salesperson,Final Call Frenzy,2327528.95,851,2735.05,500.25,4998.53
Electronics,Salesperson,Flash Frenzy Friday,2326187.88,839,2772.57,505.51,4996.64
Electronics,Salesperson,"Gift More, Spend Less",2392274.07,872,2743.43,502.74,4993.14
Electronics,Salesperson,Golden Hour Bargains,2332026.59,822,2837.02,504.46,4997.22
Electronics,Salesperson,Green Weekend Deals,2338925.41,840,2784.44,502.12,4993.95
Electronics,Salesperson,Happy Hour Discounts,2521831.59,896,2814.54,504.99,4998.47
Electronics,Salesperson,Holiday Shopping Rush,2349685.34,848,2770.86,501.27,4999.67
Electronics,Salesperson,Hot Picks Promo,2250897.02,800,2813.62,505.53,4995.24
Electronics,Salesperson,Instant Gratification Sale,2478985.98,889,2788.51,501.85,4998.62
Electronics,Salesperson,Limited Time Treasures,2522547.36,916,2753.87,501.60,4999.20
Electronics,Salesperson,Loyalty Rewards Blast,2494789.31,902,2765.84,507.60,4984.67
Electronics,Salesperson,Mega Weekend Bonanza,2373159.87,870,2727.77,504.97,4998.53
Electronics,Salesperson,Mid-Year Madness,2492005.75,892,2793.73,500.34,4993.79
Electronics,Salesperson,Midnight Madness,2286762.67,836,2735.36,500.93,4999.83
Electronics,Salesperson,Mystery Discount Days,2274176.75,816,2786.98,500.80,4996.73
Electronics,Salesperson,New Arrival Showcase,2264013.96,809,2798.53,502.12,4986.80
Electronics,Salesperson,New Product Launch Promo,2587625.36,928,2788.39,515.51,4994.66
Electronics,Salesperson,New Year Kickoff,2565225.99,908,2825.14,501.31,4984.12
Electronics,Salesperson,Price Drop Parade,2515430.20,903,2785.64,508.61,4999.10
Electronics,Salesperson,Red Tag Clearance,2436787.57,883,2759.67,516.61,4993.37
Electronics,Salesperson,Seasonal Surprise Box,2342932.93,860,2724.34,505.64,4995.48
Electronics,Salesperson,Shop & Save Spectacular,2463790.13,922,2672.22,500.09,4982.70
Electronics,Salesperson,Smart Shopper Week,2362453.39,855,2763.10,505.80,4999.52
Electronics,Salesperson,Spring Refresh Event,2414751.41,867,2785.18,509.24,4998.88
Electronics,Salesperson,Spring Splash Discounts,2475311.83,869,2848.46,524.04,4989.38
Electronics,Salesperson,Summer Sizzle Promo,2460405.56,891,2761.40,510.80,4995.77
Electronics,Salesperson,Super Savings Week,2385247.79,876,2722.89,506.53,4998.99
Electronics,Salesperson,Ultimate Value Event,2325768.94,836,2782.02,503.14,4968.02
Electronics,Salesperson,VIP Access Sale,2345055.09,863,2717.33,503.41,4998.82
Electronics,Salesperson,Weekend Warrior Specials,2371851.20,849,2793.70,503.52,4999.71
Electronics,Salesperson,Winter Clearance Carnival,2326724.22,850,2737.32,506.45,4995.16
Electronics,Salesperson,Winter Wonders Sale,2438310.53,896,2721.33,502.26,4996.89
Electronics,Senior Salesperson,12 Days of Deals,1925749.56,722,2667.24,510.31,4992.13
Electronics,Senior Salesperson,Autumn Deals Drive,2013418.65,729,2761.89,510.09,4999.09
Electronics,Senior Salesperson,BOGO Blitz,1957622.01,718,2726.49,504.25,4977.23
Electronics,Senior Salesperson,Back to School Boost,2032031.52,751,2705.77,500.14,4997.92
Electronics,Senior Salesperson,Birthday Bash Sale,2145285.79,779,2753.90,501.00,4995.40
Electronics,Senior Salesperson,Black Friday Blowout,2143895.08,782,2741.55,505.50,4998.72
Electronics,Senior Salesperson,Cart Crasher Campaign,2230022.81,798,2794.51,502.78,4981.68
Electronics,Senior Salesperson,Cashback Carnival,2085542.24,746,2795.63,500.51,4993.59
Electronics,Senior Salesperson,Clearance Countdown,2112552.32,768,2750.72,504.33,4998.50
Electronics,Senior Salesperson,Countdown to Savings,1989008.76,732,2717.23,504.78,4994.14
Electronics,Senior Salesperson,Customer Appreciation Week,2042845.19,740,2760.60,505.23,4996.83
Electronics,Senior Salesperson,Cyber Monday Mania,2040739.51,745,2739.25,504.44,4999.28
Electronics,Senior Salesperson,Deal of the Month,2144341.05,763,2810.41,507.33,4997.39
Electronics,Senior Salesperson,Double Points Bonanza,2042108.41,720,2836.26,500.59,4999.96
Electronics,Senior Salesperson,Early Bird Specials,2069668.13,755,2741.28,503.12,4999.11
Electronics,Senior Salesperson,End of Season Sale,2011279.82,732,2747.65,502.83,4995.06
Electronics,Senior Salesperson,Exclusive Insider Offers,2050847.79,741,2767.68,512.91,4999.96
Electronics,Senior Salesperson,Festive Fever Promo,2000404.32,715,2797.77,500.15,4996.28
Electronics,Senior Salesperson,Final Call Frenzy,2175161.00,796,2732.61,515.87,4992.68
Electronics,Senior Salesperson,Flash Frenzy Friday,2159221.58,770,2804.18,502.31,4997.57
Electronics,Senior Salesperson,"Gift More, Spend Less",1966919.14,733,2683.38,503.92,4998.35
Electronics,Senior Salesperson,Golden Hour Bargains,1961052.45,727,2697.46,510.59,4993.39
Electronics,Senior Salesperson,Green Weekend Deals,2054362.54,750,2739.15,508.81,4994.22
Electronics,Senior Salesperson,Happy Hour Discounts,2069186.81,747,2770.00,504.21,4997.26
Electronics,Senior Salesperson,Holiday Shopping Rush,2173872.36,788,2758.72,500.26,4995.77
Electronics,Senior Salesperson,Hot Picks Promo,2009209.13,738,2722.51,517.20,4996.56
Electronics,Senior Salesperson,Instant Gratification Sale,1866204.64,701,2662.20,502.13,4977.85
Electronics,Senior Salesperson,Limited Time Treasures,2086617.79,739,2823.57,515.94,4993.69
Electronics,Senior Salesperson,Loyalty Rewards Blast,2093547.54,753,2780.28,507.52,4991.91
Electronics,Senior Salesperson,Mega Weekend Bonanza,2031053.76,727,2793.75,503.47,4999.69
Electronics,Senior Salesperson,Mid-Year Madness,2046433.23,745,2746.89,503.80,4998.40
Electronics,Senior Salesperson,Midnight Madness,1977693.30,711,2781.57,510.89,4994.98
Electronics,Senior Salesperson,Mystery Discount Days,2171526.82,783,2773.34,503.05,4986.91
Electronics,Senior Salesperson,New Arrival Showcase,2193600.67,780,2812.31,503.69,4995.02
Electronics,Senior Salesperson,New Product Launch Promo,2035427.29,757,2688.81,501.09,4994.34
Electronics,Senior Salesperson,New Year Kickoff,2132481.30,745,2862.39,501.48,4998.59
Electronics,Senior Salesperson,Price Drop Parade,2057328.02,738,2787.71,503.08,4997.91
Electronics,Senior Salesperson,Red Tag Clearance,2093116.28,750,2790.82,503.76,4990.05
Electronics,Senior Salesperson,Seasonal Surprise Box,2151403.39,773,2783.19,501.42,4997.26
Electronics,Senior Salesperson,Shop & Save Spectacular,2111815.21,751,2812.00,504.82,4996.66
Electronics,Senior Salesperson,Smart Shopper Week,1996070.24,748,2668.54,504.91,4968.44
Electronics,Senior Salesperson,Spring Refresh Event,2173315.71,776,2800.66,500.80,4999.45
Electronics,Senior Salesperson,Spring Splash Discounts,2036632.75,735,2770.93,502.11,4999.02
Electronics,Senior Salesperson,Summer Sizzle Promo,2036473.19,734,2774.49,510.94,4995.40
Electronics,Senior Salesperson,Super Savings Week,2034601.57,733,2775.72,501.34,4998.89
Electronics,Senior Salesperson,Ultimate Value Event,2078640.91,754,2756.82,511.37,4997.03
Electronics,Senior Salesperson,VIP Access Sale,2052303.50,760,2700.40,520.15,4994.23
Electronics,Senior Salesperson,Weekend Warrior Specials,2146726.95,797,2693.51,501.99,4986.26
Electronics,Senior Salesperson,Winter Clearance Carnival,2220949.15,794,2797.17,501.06,4995.10
Electronics,Senior Salesperson,Winter Wonders Sale,2098941.59,774,2711.81,517.28,4993.05
Furniture,Manager,12 Days of Deals,2306305.23,851,2710.11,502.44,4994.90
Furniture,Manager,Autumn Deals Drive,2336234.90,866,2697.73,513.29,4996.10
Furniture,Manager,BOGO Blitz,2364767.08,860,2749.73,505.47,4993.17
Furniture,Manager,Back to School Boost,2373400.36,893,2657.78,501.66,4988.37
Furniture,Manager,Birthday Bash Sale,2116289.70,765,2766.39,504.51,4999.90
Furniture,Manager,Black Friday Blowout,2368456.97,852,2779.88,503.75,4998.42
Furniture,Manager,Cart Crasher Campaign,2254120.32,823,2738.91,503.66,4995.62
Furniture,Manager,Cashback Carnival,2356708.82,861,2737.18,511.78,4999.14
Furniture,Manager,Clearance Countdown,2399943.14,874,2745.93,500.68,4996.82
Furniture,Manager,Countdown to Savings,2445092.07,868,2816.93,502.09,4997.53
Furniture,Manager,Customer Appreciation Week,2220541.67,836,2656.15,504.04,4993.47
Furniture,Manager,Cyber Monday Mania,2378177.50,855,2781.49,510.59,4990.60
Furniture,Manager,Deal of the Month,2364254.17,858,2755.54,515.03,4999.11
Furniture,Manager,Double Points Bonanza,2349851.97,848,2771.05,500.57,4999.60
Furniture,Manager,Early Bird Specials,2266149.94,848,2672.35,500.89,4996.61
Furniture,Manager,End of Season Sale,2261626.95,828,2731.43,501.93,4997.14
Furniture,Manager,Exclusive Insider Offers,2280242.84,810,2815.11,528.63,4978.51
Furniture,Manager,Festive Fever Promo,2235670.36,830,2693.58,500.07,4992.74
Furniture,Manager,Final Call Frenzy,2322238.27,833,2787.80,502.39,4994.28
Furniture,Manager,Flash Frenzy Friday,2393795.28,845,2832.89,503.14,4995.61
Furniture,Manager,"Gift More, Spend Less",2229579.62,824,2705.80,523.75,4982.38
Furniture,Manager,Golden Hour Bargains,2252979.03,816,2761.00,503.86,4999.31
Furniture,Manager,Green Weekend Deals,2212917.72,804,2752.39,504.20,4996.26
Furniture,Manager,Happy Hour Discounts,2141849.33,788,2718.08,501.84,4985.13
Furniture,Manager,Holiday Shopping Rush,2129124.89,772,2757.93,504.36,4983.44
Furniture,Manager,Hot Picks Promo,2342849.96,864,2711.63,502.87,4994.45
Furniture,Manager,Instant Gratification Sale,2367043.57,852,2778.22,503.79,4995.20
Furniture,Manager,Limited Time Treasures,2306551.49,839,2749.17,508.15,4997.24
Furniture,Manager,Loyalty Rewards Blast,2314926.60,840,2755.86,501.05,4984.77
Furniture,Manager,Mega Weekend Bonanza,2355986.63,858,2745.91,503.48,4987.63
Furniture,Manager,Mid-Year Madness,2394023.40,878,2726.68,516.15,4999.10
Furniture,Manager,Midnight Madness,2341934.01,842,2781.39,510.82,4995.95
Furniture,Manager,Mystery Discount Days,2284417.59,827,2762.29,508.31,4995.76
Furniture,Manager,New Arrival Showcase,2266304.35,828,2737.08,516.79,4997.96
Furniture,Manager,New Product Launch Promo,2275710.29,839,2712.41,502.89,4996.31
Furniture,Manager,New Year Kickoff,2240395.63,820,2732.19,501.02,4990.45
Furniture,Manager,Price Drop Parade,2287826.82,813,2814.06,514.90,4997.34
Furniture,Manager,Red Tag Clearance,2238635.35,821,2726.72,502.90,4992.46
Furniture,Manager,Seasonal Surprise Box,2240014.52,837,2676.24,508.28,4998.58
Furniture,Manager,Shop & Save Spectacular,2422818.05,874,2772.10,504.91,4993.55
Furniture,Manager,Smart Shopper Week,2349452.85,839,2800.30,500.56,4992.28
Furniture,Manager,Spring Refresh Event,2355616.87,849,2774.58,505.62,4997.69
Furniture,Manager,Spring Splash Discounts,2206826.65,806,2738.00,504.61,4998.77
Furniture,Manager,Summer Sizzle Promo,2269655.44,824,2754.44,504.85,4998.67
Furniture,Manager,Super Savings Week,2359244.56,860,2743.31,500.70,4999.89
Furniture,Manager,Ultimate Value Event,2333251.20,847,2754.72,502.11,4996.74
Furniture,Manager,VIP Access Sale,2268813.53,831,2730.22,506.27,4985.67
Furniture,Manager,Weekend Warrior Specials,2223927.15,798,2786.88,501.07,4999.65
Furniture,Manager,Winter Clearance Carnival,2274783.81,848,2682.53,510.72,4994.03
Furniture,Manager,Winter Wonders Sale,2313890.48,848,2728.64,502.50,4990.65
Furniture,Sales Associate,12 Days of Deals,2374246.61,857,2770.42,513.03,4989.95
Furniture,Sales Associate,Autumn Deals Drive,2429157.50,901,2696.07,500.56,4996.09
Furniture,Sales Associate,BOGO Blitz,2361462.28,884,2671.34,504.41,4987.72
Furniture,Sales Associate,Back to School Boost,2443761.01,888,2751.98,503.95,4984.57
Furniture,Sales Associate,Birthday Bash Sale,2525261.60,916,2756.84,501.84,4999.68
Furniture,Sales Associate,Black Friday Blowout,2434286.56,863,2820.73,500.23,4999.69
Furniture,Sales Associate,Cart Crasher Campaign,2394480.13,866,2764.99,514.16,4998.49
Furniture,Sales Associate,Cashback Carnival,2515737.20,900,2795.26,502.45,4997.15
Furniture,Sales Associate,Clearance Countdown,2409545.63,873,2760.08,507.62,4984.16
Furniture,Sales Associate,Countdown to Savings,2323008.68,840,2765.49,505.04,4999.16
Furniture,Sales Associate,Customer Appreciation Week,2379195.35,887,2682.29,501.28,4997.65
Furniture,Sales Associate,Cyber Monday Mania,2300436.85,828,2778.31,512.23,4993.83
Furniture,Sales Associate,Deal of the Month,2419117.37,893,2708.98,501.02,4979.19
Furniture,Sales Associate,Double Points Bonanza,2479893.55,880,2818.06,505.59,4999.14
Furniture,Sales Associate,Early Bird Specials,2346937.60,844,2780.73,501.84,4997.80
Furniture,Sales Associate,End of Season Sale,2488398.45,902,2758.76,510.32,4998.04
Furniture,Sales Associate,Exclusive Insider Offers,2346792.90,871,2694.37,510.64,4998.36
Furniture,Sales Associate,Festive Fever Promo,2395974.94,853,2808.88,502.37,4996.22
Furniture,Sales Associate,Final Call Frenzy,2450289.22,888,2759.33,504.15,4998.78
Furniture,Sales Associate,Flash Frenzy Friday,2479224.24,910,2724.42,508.18,4990.19
Furniture,Sales Associate,"Gift More, Spend Less",2365391.75,862,2744.07,507.96,4997.79
Furniture,Sales Associate,Golden Hour Bargains,2363932.22,858,2755.17,506.16,4997.28
Furniture,Sales Associate,Green Weekend Deals,2358865.26,857,2752.47,505.86,4996.96
Furniture,Sales Associate,Happy Hour Discounts,2388255.72,882,2707.77,500.31,4998.88
Furniture,Sales Associate,Holiday Shopping Rush,2454157.49,895,2742.08,502.02,4993.06
Furniture,Sales Associate,Hot Picks Promo,2300951.93,855,2691.17,508.91,4995.82
Furniture,Sales Associate,Instant Gratification Sale,2543154.66,886,2870.38,502.68,4999.03
Furniture,Sales Associate,Limited Time Treasures,2663239.71,958,2780.00,503.76,4999.59
Furniture,Sales Associate,Loyalty Rewards Blast,2393079.67,875,2734.95,500.57,4999.26
Furniture,Sales Associate,Mega Weekend Bonanza,2443019.55,886,2757.36,502.08,4992.05
Furniture,Sales Associate,Mid-Year Madness,2199458.59,807,2725.48,503.37,4984.30
Furniture,Sales Associate,Midnight Madness,2473376.59,897,2757.39,501.59,4998.34
Furniture,Sales Associate,Mystery Discount Days,2484014.66,886,2803.63,518.40,4990.95
Furniture,Sales Associate,New Arrival Showcase,2529435.05,907,2788.79,518.18,4999.20
Furniture,Sales Associate,New Product Launch Promo,2351469.08,867,2712.19,501.02,4999.22
Furniture,Sales Associate,New Year Kickoff,2523464.77,889,2838.54,508.86,4998.26
Furniture,Sales Associate,Price Drop Parade,2504814.37,909,2755.57,509.45,4992.16
Furniture,Sales Associate,Red Tag Clearance,2394535.63,851,2813.79,504.90,4989.66
Furniture,Sales Associate,Seasonal Surprise Box,2366919.04,863,2742.66,502.27,4996.98
Furniture,Sales Associate,Shop & Save Spectacular,2448427.77,892,2744.87,522.23,4998.65
Furniture,Sales Associate,Smart Shopper Week,2299430.69,822,2797.36,502.36,4994.01
Furniture,Sales Associate,Spring Refresh Event,2480910.53,897,2765.79,519.15,4999.58
Furniture,Sales Associate,Spring Splash Discounts,2575407.15,935,2754.45,515.63,4999.44
Furniture,Sales Associate,Summer Sizzle Promo,2563886.94,942,2721.75,505.17,4985.78
Furniture,Sales Associate,Super Savings Week,2463873.81,885,2784.04,509.93,4997.19
Furniture,Sales Associate,Ultimate Value Event,2282249.30,839,2720.20,501.69,4998.80
Furniture,Sales Associate,VIP Access Sale,2294735.47,834,2751.48,506.30,4994.17
Furniture,Sales Associate,Weekend Warrior Specials,2471877.48,893,2768.06,503.19,4996.77
Furniture,Sales Associate,Winter Clearance Carnival,2381247.99,866,2749.71,501.40,4998.82
Furniture,Sales Associate,Winter Wonders Sale,2488902.73,911,2732.06,507.73,4995.12
Furniture,Salesperson,12 Days of Deals,2435093.15,866,2811.89,502.40,4993.26
Furniture,Salesperson,Autumn Deals Drive,2419603.93,872,2774.78,514.26,4999.01
Furniture,Salesperson,BOGO Blitz,2452920.78,883,2777.94,511.15,4993.32
Furniture,Salesperson,Back to School Boost,2396482.47,862,2780.14,502.98,4996.70
Furniture,Salesperson,Birthday Bash Sale,2291964.38,828,2768.07,501.52,4998.56
Furniture,Salesperson,Black Friday Blowout,2596114.44,935,2776.59,507.45,4999.47
Furniture,Salesperson,Cart Crasher Campaign,2369376.63,875,2707.86,510.87,4998.52
Furniture,Salesperson,Cashback Carnival,2377043.03,848,2803.12,500.92,4999.62
Furniture,Salesperson,Clearance Countdown,2342195.01,828,2828.74,503.67,4995.77
Furniture,Salesperson,Countdown to Savings,2390009.99,877,2725.21,516.03,4997.06
Furniture,Salesperson,Customer Appreciation Week,2363846.33,866,2729.61,504.82,4996.24
Furniture,Salesperson,Cyber Monday Mania,2347628.16,845,2778.26,506.92,4991.04
Furniture,Salesperson,Deal of the Month,2350491.60,883,2661.94,513.84,4999.17
Furniture,Salesperson,Double Points Bonanza,2356064.83,845,2788.24,508.58,4997.23
Furniture,Salesperson,Early Bird Specials,2406836.62,872,2760.13,503.43,4996.66
Furniture,Salesperson,End of Season Sale,2190476.82,789,2776.27,500.31,4998.80
Furniture,Salesperson,Exclusive Insider Offers,2326252.30,837,2779.27,501.83,4996.56
Furniture,Salesperson,Festive Fever Promo,2342870.38,872,2686.78,509.05,4998.62
Furniture,Salesperson,Final Call Frenzy,2328326.25,839,2775.12,501.06,4997.58
Furniture,Salesperson,Flash Frenzy Friday,2359001.53,858,2749.42,505.20,4998.41
Furniture,Salesperson,"Gift More, Spend Less",2323567.85,848,2740.06,500.71,4998.02
Furniture,Salesperson,Golden Hour Bargains,2174297.82,800,2717.87,506.98,4995.50
Furniture,Salesperson,Green Weekend Deals,2489063.47,912,2729.24,502.15,4999.33
Furniture,Salesperson,Happy Hour Discounts,2394624.57,875,2736.71,501.14,4998.48
Furniture,Salesperson,Holiday Shopping Rush,2361284.10,842,2804.38,508.35,4997.57
Furniture,Salesperson,Hot Picks Promo,2431705.05,881,2760.16,503.85,4995.54
Furniture,Salesperson,Instant Gratification Sale,2341994.05,852,2748.82,503.56,4997.47
Furniture,Salesperson,Limited Time Treasures,2565580.90,936,2741.01,500.34,4997.33
Furniture,Salesperson,Loyalty Rewards Blast,2360399.01,869,2716.22,500.38,4996.69
Furniture,Salesperson,Mega Weekend Bonanza,2393208.37,869,2753.98,505.20,4992.81
Furniture,Salesperson,Mid-Year Madness,2308684.94,834,2768.21,512.10,4995.61
Furniture,Salesperson,Midnight Madness,2451763.47,903,2715.13,501.83,4994.08
Furniture,Salesperson,Mystery Discount Days,2372767.64,860,2759.03,502.26,4994.22
Furniture,Salesperson,New Arrival Showcase,2385869.88,883,2702.00,503.77,4994.26
Furniture,Salesperson,New Product Launch Promo,2442762.00,869,2811.00,514.36,4998.30
Furniture,Salesperson,New Year Kickoff,2551923.27,910,2804.31,502.26,4997.66
Furniture,Salesperson,Price Drop Parade,2260229.95,799,2828.82,506.58,4992.90
Furniture,Salesperson,Red Tag Clearance,2286464.81,843,2712.30,503.77,4997.86
Furniture,Salesperson,Seasonal Surprise Box,2617820.53,958,2732.59,501.63,4996.39
Furniture,Salesperson,Shop & Save Spectacular,2469465.48,871,2835.21,516.37,4998.08
Furniture,Salesperson,Smart Shopper Week,2373963.67,860,2760.42,504.73,4999.64
Furniture,Salesperson,Spring Refresh Event,2356921.78,851,2769.59,501.41,4995.87
Furniture,Salesperson,Spring Splash Discounts,2458023.36,893,2752.55,500.35,4996.37
Furniture,Salesperson,Summer Sizzle Promo,2473263.56,903,2738.94,506.50,4995.89
Furniture,Salesperson,Super Savings Week,2356377.11,856,2752.78,506.49,4989.51
Furniture,Salesperson,Ultimate Value Event,2463324.08,866,2844.49,518.75,4996.74
Furniture,Salesperson,VIP Access Sale,2460475.46,888,2770.81,500.23,4992.06
Furniture,Salesperson,Weekend Warrior Specials,2482673.37,890,2789.52,501.38,4998.93
Furniture,Salesperson,Winter Clearance Carnival,2347762.31,825,2845.77,502.61,4998.34
Furniture,Salesperson,Winter Wonders Sale,2496609.80,880,2837.06,502.50,4997.81
Furniture,Senior Salesperson,12 Days of Deals,2048398.15,743,2756.93,517.13,4998.58
Furniture,Senior Salesperson,Autumn Deals Drive,2014142.60,739,2725.50,513.05,4998.96
Furniture,Senior Salesperson,BOGO Blitz,1994015.38,732,2724.06,503.27,4994.26
Furniture,Senior Salesperson,Back to School Boost,2100605.47,772,2720.99,505.83,4984.77
Furniture,Senior Salesperson,Birthday Bash Sale,2013433.94,725,2777.15,505.39,4992.29
Furniture,Senior Salesperson,Black Friday Blowout,2144568.40,772,2777.94,504.85,4999.88
Furniture,Senior Salesperson,Cart Crasher Campaign,2023495.46,743,2723.41,501.27,4998.24
Furniture,Senior Salesperson,Cashback Carnival,1962648.39,730,2688.56,503.76,4986.79
Furniture,Senior Salesperson,Clearance Countdown,2059591.07,753,2735.18,510.13,4992.67
Furniture,Senior Salesperson,Countdown to Savings,1970156.79,727,2709.98,510.59,4982.59
Furniture,Senior Salesperson,Customer Appreciation Week,1919757.60,729,2633.41,508.99,4996.70
Furniture,Senior Salesperson,Cyber Monday Mania,2002429.62,736,2720.69,500.56,4994.23
Furniture,Senior Salesperson,Deal of the Month,2089189.86,757,2759.83,503.22,4996.19
Furniture,Senior Salesperson,Double Points Bonanza,2200981.31,782,2814.55,505.06,4986.86
Furniture,Senior Salesperson,Early Bird Specials,1957339.64,720,2718.53,508.32,4996.11
Furniture,Senior Salesperson,End of Season Sale,2044037.00,737,2773.46,504.42,4989.62
Furniture,Senior Salesperson,Exclusive Insider Offers,2006319.69,748,2682.25,501.18,4993.53
Furniture,Senior Salesperson,Festive Fever Promo,2167271.47,801,2705.71,503.27,4992.90
Furniture,Senior Salesperson,Final Call Frenzy,2049265.95,750,2732.35,523.64,4998.23
Furniture,Senior Salesperson,Flash Frenzy Friday,2172383.88,790,2749.85,502.44,4999.30
Furniture,Senior Salesperson,"Gift More, Spend Less",2064177.63,758,2723.19,501.75,4998.32
Furniture,Senior Salesperson,Golden Hour Bargains,2195641.61,779,2818.54,502.72,4977.23
Furniture,Senior Salesperson,Green Weekend Deals,2097713.58,777,2699.76,503.96,4996.89
Furniture,Senior Salesperson,Happy Hour Discounts,2144811.25,753,2848.35,511.00,4997.56
Furniture,Senior Salesperson,Holiday Shopping Rush,2111992.78,764,2764.39,511.35,4996.87
Furniture,Senior Salesperson,Hot Picks Promo,2264999.06,789,2870.72,506.64,4997.56
Furniture,Senior Salesperson,Instant Gratification Sale,2117312.91,761,2782.28,505.46,4995.76
Furniture,Senior Salesperson,Limited Time Treasures,2033150.08,744,2732.73,502.15,4995.00
Furniture,Senior Salesperson,Loyalty Rewards Blast,1939180.74,731,2652.78,500.58,4997.60
Furniture,Senior Salesperson,Mega Weekend Bonanza,2019795.63,735,2748.02,504.49,4993.16
Furniture,Senior Salesperson,Mid-Year Madness,2107955.98,765,2755.50,501.87,4999.77
Furniture,Senior Salesperson,Midnight Madness,2172945.07,770,2822.01,523.76,4998.12
Furniture,Senior Salesperson,Mystery Discount Days,2179118.19,795,2741.03,502.33,4995.72
Furniture,Senior Salesperson,New Arrival Showcase,2055971.71,758,2712.36,511.07,4998.89
Furniture,Senior Salesperson,New Product Launch Promo,2108920.50,780,2703.74,500.59,4999.40
Furniture,Senior Salesperson,New Year Kickoff,2199149.44,819,2685.16,504.13,4994.30
Furniture,Senior Salesperson,Price Drop Parade,2170218.40,782,2775.22,500.06,4992.35
Furniture,Senior Salesperson,Red Tag Clearance,2039749.78,746,2734.25,501.29,4999.64
Furniture,Senior Salesperson,Seasonal Surprise Box,2174555.78,774,2809.50,501.95,4998.54
Furniture,Senior Salesperson,Shop & Save Spectacular,1901641.84,699,2720.52,516.22,4993.27
Furniture,Senior Salesperson,Smart Shopper Week,2166773.77,782,2770.81,503.09,4988.34
Furniture,Senior Salesperson,Spring Refresh Event,2144249.52,778,2756.10,500.36,4998.45
Furniture,Senior Salesperson,Spring Splash Discounts,2089064.96,758,2756.02,502.30,4998.36
Furniture,Senior Salesperson,Summer Sizzle Promo,2006056.71,727,2759.36,507.30,4998.66
Furniture,Senior Salesperson,Super Savings Week,2087281.97,740,2820.65,503.67,4982.89
Furniture,Senior Salesperson,Ultimate Value Event,1828358.79,666,2745.28,502.47,4985.80
Furniture,Senior Salesperson,VIP Access Sale,1996396.35,737,2708.81,506.42,4995.75
Furniture,Senior Salesperson,Weekend Warrior Specials,2063617.47,763,2704.61,501.39,4999.39
Furniture,Senior Salesperson,Winter Clearance Carnival,2197384.12,810,2712.82,511.03,4960.39
Furniture,Senior Salesperson,Winter Wonders Sale,2010803.23,734,2739.51,500.29,4995.39
Groceries,Manager,12 Days of Deals,2115645.49,766,2761.94,502.31,4998.87
Groceries,Manager,Autumn Deals Drive,2384946.62,869,2744.47,500.76,4999.13
Groceries,Manager,BOGO Blitz,2154067.81,787,2737.06,507.25,4996.36
Groceries,Manager,Back to School Boost,2275964.96,848,2683.92,500.60,4976.52
Groceries,Manager,Birthday Bash Sale,2100937.44,794,2646.02,504.67,4991.73
Groceries,Manager,Black Friday Blowout,2004322.15,754,2658.25,500.83,4997.76
Groceries,Manager,Cart Crasher Campaign,2232986.84,805,2773.90,506.39,4989.38
Groceries,Manager,Cashback Carnival,2224450.47,797,2791.03,504.64,4994.46
Groceries,Manager,Clearance Countdown,2303957.58,832,2769.18,508.52,4998.45
Groceries,Manager,Countdown to Savings,2304370.39,831,2773.01,518.46,4996.12
Groceries,Manager,Customer Appreciation Week,2416706.15,878,2752.51,504.57,4997.51
Groceries,Manager,Cyber Monday Mania,2324123.68,844,2753.70,506.32,4999.83
Groceries,Manager,Deal of the Month,2177855.00,803,2712.15,508.61,4993.79
Groceries,Manager,Double Points Bonanza,2295851.02,829,2769.42,500.95,4995.23
Groceries,Manager,Early Bird Specials,2283814.32,824,2771.62,501.54,4999.70
Groceries,Manager,End of Season Sale,2299117.32,839,2740.31,500.37,4995.76
Groceries,Manager,Exclusive Insider Offers,2204486.29,809,2724.95,506.83,4998.78
Groceries,Manager,Festive Fever Promo,2299373.89,832,2763.67,501.65,4986.36
Groceries,Manager,Final Call Frenzy,2416548.17,887,2724.41,504.53,4981.71
Groceries,Manager,Flash Frenzy Friday,2166751.38,802,2701.69,500.97,4996.14
Groceries,Manager,"Gift More, Spend Less",2253608.93,834,2702.17,513.65,4998.23
Groceries,Manager,Golden Hour Bargains,2255193.42,811,2780.76,506.12,4999.21
Groceries,Manager,Green Weekend Deals,2404845.75,852,2822.59,503.00,4994.05
Groceries,Manager,Happy Hour Discounts,2269075.77,817,2777.33,515.77,4998.94
Groceries,Manager,Holiday Shopping Rush,2414032.25,870,2774.75,506.03,4997.86
Groceries,Manager,Hot Picks Promo,2346915.89,868,2703.82,502.08,4993.32
Groceries,Manager,Instant Gratification Sale,2366381.10,857,2761.24,503.33,4998.35
Groceries,Manager,Limited Time Treasures,2194258.87,786,2791.68,522.99,4987.05
Groceries,Manager,Loyalty Rewards Blast,2293575.26,829,2766.68,501.89,4995.57
Groceries,Manager,Mega Weekend Bonanza,2255839.43,823,2741.00,510.97,4994.06
Groceries,Manager,Mid-Year Madness,2277665.82,833,2734.29,502.46,4990.79
Groceries,Manager,Midnight Madness,2197590.05,801,2743.56,508.69,4998.75
Groceries,Manager,Mystery Discount Days,2272399.00,828,2744.44,500.94,4987.59
Groceries,Manager,New Arrival Showcase,2232070.50,793,2814.72,503.73,4997.81
Groceries,Manager,New Product Launch Promo,2305931.18,849,2716.06,504.86,4998.84
Groceries,Manager,New Year Kickoff,2206016.49,816,2703.45,500.12,4996.56
Groceries,Manager,Price Drop Parade,2275238.40,833,2731.38,501.52,4999.58
Groceries,Manager,Red Tag Clearance,2273302.53,823,2762.21,501.12,4992.34
Groceries,Manager,Seasonal Surprise Box,2311800.35,824,2805.58,500.56,4989.05
Groceries,Manager,Shop & Save Spectacular,2242530.69,800,2803.16,503.57,4990.45
Groceries,Manager,Smart Shopper Week,2406050.70,848,2837.32,517.36,4999.40
Groceries,Manager,Spring Refresh Event,2482806.69,882,2814.97,513.24,4995.87
Groceries,Manager,Spring Splash Discounts,2296147.19,822,2793.37,500.68,4989.87
Groceries,Manager,Summer Sizzle Promo,2289571.37,824,2778.61,503.45,4986.64
Groceries,Manager,Super Savings Week,2205688.56,810,2723.07,502.79,4998.98
Groceries,Manager,Ultimate Value Event,2281035.32,838,2722.00,500.47,4997.75
Groceries,Manager,VIP Access Sale,2338600.85,853,2741.62,500.31,4996.03
Groceries,Manager,Weekend Warrior Specials,2327333.20,842,2764.05,504.09,4986.11
Groceries,Manager,Winter Clearance Carnival,2215944.08,807,2745.90,504.18,4998.44
Groceries,Manager,Winter Wonders Sale,2293619.46,840,2730.50,505.12,4973.29
Groceries,Sales Associate,12 Days of Deals,2562718.50,920,2785.56,512.19,4998.90
Groceries,Sales Associate,Autumn Deals Drive,2583380.31,938,2754.14,509.57,4992.02
Groceries,Sales Associate,BOGO Blitz,2308506.94,835,2764.68,500.98,4993.12
Groceries,Sales Associate,Back to School Boost,2396461.95,879,2726.35,517.84,4999.06
Groceries,Sales Associate,Birthday Bash Sale,2356907.44,870,2709.09,503.77,4977.49
Groceries,Sales Associate,Black Friday Blowout,2511880.06,892,2816.01,510.98,4999.51
Groceries,Sales Associate,Cart Crasher Campaign,2446281.07,900,2718.09,503.17,4993.97
Groceries,Sales Associate,Cashback Carnival,2423764.07,894,2711.15,502.91,4995.74
Groceries,Sales Associate,Clearance Countdown,2540811.67,900,2823.12,519.68,4997.60
Groceries,Sales Associate,Countdown to Savings,2415678.30,878,2751.34,501.28,4997.39
Groceries,Sales Associate,Customer Appreciation Week,2311320.71,845,2735.29,502.48,4997.84
Groceries,Sales Associate,Cyber Monday Mania,2277565.83,850,2679.49,504.09,4998.93
Groceries,Sales Associate,Deal of the Month,2492953.60,908,2745.54,500.56,4972.57
Groceries,Sales Associate,Double Points Bonanza,2306928.74,847,2723.65,501.88,4976.30
Groceries,Sales Associate,Early Bird Specials,2444576.92,890,2746.72,508.69,4995.00
Groceries,Sales Associate,End of Season Sale,2379409.04,875,2719.32,504.34,4997.30
Groceries,Sales Associate,Exclusive Insider Offers,2445583.29,870,2811.02,501.31,4999.92
Groceries,Sales Associate,Festive Fever Promo,2257104.24,835,2703.12,502.53,4996.81
Groceries,Sales Associate,Final Call Frenzy,2476341.12,902,2745.39,503.08,4984.89
Groceries,Sales Associate,Flash Frenzy Friday,2376082.98,840,2828.67,501.88,4996.77
Groceries,Sales Associate,"Gift More, Spend Less",2423621.35,880,2754.12,509.79,4994.74
Groceries,Sales Associate,Golden Hour Bargains,2530971.63,923,2742.11,504.86,4983.47
Groceries,Sales Associate,Green Weekend Deals,2475767.11,912,2714.66,500.74,4997.22
Groceries,Sales Associate,Happy Hour Discounts,2412078.54,874,2759.82,505.89,4993.28
Groceries,Sales Associate,Holiday Shopping Rush,2361676.61,858,2752.54,513.31,4998.79
Groceries,Sales Associate,Hot Picks Promo,2249647.99,852,2640.43,501.36,4998.48
Groceries,Sales Associate,Instant Gratification Sale,2310316.57,836,2763.54,501.41,4990.30
Groceries,Sales Associate,Limited Time Treasures,2341955.94,862,2716.89,544.43,4999.73
Groceries,Sales Associate,Loyalty Rewards Blast,2402183.77,879,2732.86,504.51,4995.73
Groceries,Sales Associate,Mega Weekend Bonanza,2320373.97,840,2762.35,507.64,4996.99
Groceries,Sales Associate,Mid-Year Madness,2370433.94,852,2782.20,503.67,4994.70
Groceries,Sales Associate,Midnight Madness,2354217.49,873,2696.70,500.01,4999.95
Groceries,Sales Associate,Mystery Discount Days,2483515.84,916,2711.26,504.02,4999.16
Groceries,Sales Associate,New Arrival Showcase,2448035.51,883,2772.41,502.57,4997.29
Groceries,Sales Associate,New Product Launch Promo,2420645.29,881,2747.61,502.18,4999.20
Groceries,Sales Associate,New Year Kickoff,2359991.92,884,2669.67,512.57,4989.23
Groceries,Sales Associate,Price Drop Parade,2388573.94,867,2754.99,508.09,4996.32
Groceries,Sales Associate,Red Tag Clearance,2595359.54,932,2784.72,504.22,4989.26
Groceries,Sales Associate,Seasonal Surprise Box,2405071.25,885,2717.59,504.42,4989.26
Groceries,Sales Associate,Shop & Save Spectacular,2457837.91,879,2796.18,501.53,4995.39
Groceries,Sales Associate,Smart Shopper Week,2434863.32,887,2745.05,503.56,4998.48
Groceries,Sales Associate,Spring Refresh Event,2500675.37,891,2806.59,501.42,4998.26
Groceries,Sales Associate,Spring Splash Discounts,2394127.00,873,2742.41,505.92,4992.00
Groceries,Sales Associate,Summer Sizzle Promo,2359803.77,856,2756.78,506.96,4987.53
Groceries,Sales Associate,Super Savings Week,2477389.34,897,2761.86,502.78,4998.75
Groceries,Sales Associate,Ultimate Value Event,2464563.07,865,2849.21,505.35,4997.53
Groceries,Sales Associate,VIP Access Sale,2308924.82,870,2653.94,502.12,4984.60
Groceries,Sales Associate,Weekend Warrior Specials,2352074.91,880,2672.81,503.77,4994.74
Groceries,Sales Associate,Winter Clearance Carnival,2593073.32,943,2749.81,503.43,4997.93
Groceries,Sales Associate,Winter Wonders Sale,2308729.83,856,2697.11,505.33,4991.71
Groceries,Salesperson,12 Days of Deals,2558512.69,923,2771.95,502.43,4998.30
Groceries,Salesperson,Autumn Deals Drive,2425704.32,862,2814.04,502.75,4997.96
Groceries,Salesperson,BOGO Blitz,2554590.33,907,2816.53,507.32,4998.59
Groceries,Salesperson,Back to School Boost,2456334.26,888,2766.14,500.43,4998.07
Groceries,Salesperson,Birthday Bash Sale,2475654.11,892,2775.40,504.91,4976.95
Groceries,Salesperson,Black Friday Blowout,2302992.68,835,2758.08,509.93,4997.53
Groceries,Salesperson,Cart Crasher Campaign,2209096.19,841,2626.75,504.51,4985.57
Groceries,Salesperson,Cashback Carnival,2444518.92,900,2716.13,512.47,4995.88
Groceries,Salesperson,Clearance Countdown,2457955.76,895,2746.32,509.31,4998.78
Groceries,Salesperson,Countdown to Savings,2353751.81,873,2696.16,500.65,4993.28
Groceries,Salesperson,Customer Appreciation Week,2293534.20,820,2796.99,500.64,4997.51
Groceries,Salesperson,Cyber Monday Mania,2390029.20,880,2715.94,506.44,4996.97
Groceries,Salesperson,Deal of the Month,2386291.63,869,2746.02,512.54,4996.71
Groceries,Salesperson,Double Points Bonanza,2382052.58,881,2703.81,509.49,4999.34
Groceries,Salesperson,Early Bird Specials,2305989.48,845,2728.98,506.38,4983.85
Groceries,Salesperson,End of Season Sale,2383297.70,864,2758.45,500.36,4997.29
Groceries,Salesperson,Exclusive Insider Offers,2268489.73,844,2687.78,522.11,4989.67
Groceries,Salesperson,Festive Fever Promo,2420503.41,886,2731.95,520.21,4990.52
Groceries,Salesperson,Final Call Frenzy,2447317.66,880,2781.04,509.79,4995.49
Groceries,Salesperson,Flash Frenzy Friday,2370127.54,856,2768.84,511.49,4990.84
Groceries,Salesperson,"Gift More, Spend Less",2431451.64,876,2775.63,504.23,4991.67
Groceries,Salesperson,Golden Hour Bargains,2307768.19,861,2680.33,500.16,4999.35
Groceries,Salesperson,Green Weekend Deals,2390445.46,870,2747.64,500.26,4989.20
Groceries,Salesperson,Happy Hour Discounts,2417202.33,898,2691.76,508.35,4987.29
Groceries,Salesperson,Holiday Shopping Rush,2311301.32,860,2687.56,501.56,4999.06
Groceries,Salesperson,Hot Picks Promo,2360485.75,827,2854.28,518.84,4985.82
Groceries,Salesperson,Instant Gratification Sale,2427481.86,878,2764.79,503.24,4999.70
Groceries,Salesperson,Limited Time Treasures,2224120.49,823,2702.46,508.05,4998.70
Groceries,Salesperson,Loyalty Rewards Blast,2544835.56,902,2821.33,508.57,4993.48
Groceries,Salesperson,Mega Weekend Bonanza,2194784.44,799,2746.91,507.71,4998.94
Groceries,Salesperson,Mid-Year Madness,2518511.41,901,2795.24,500.47,4995.65
Groceries,Salesperson,Midnight Madness,2401260.08,886,2710.23,500.95,4998.10
Groceries,Salesperson,Mystery Discount Days,2294481.49,836,2744.60,507.89,4994.43
Groceries,Salesperson,New Arrival Showcase,2414033.25,870,2774.75,502.27,4999.86
Groceries,Salesperson,New Product Launch Promo,2265734.76,822,2756.37,500.73,4994.33
Groceries,Salesperson,New Year Kickoff,2304972.41,854,2699.03,513.17,4993.91
Groceries,Salesperson,Price Drop Parade,2342792.51,829,2826.05,507.10,4999.50
Groceries,Salesperson,Red Tag Clearance,2220921.51,819,2711.75,524.18,4995.93
Groceries,Salesperson,Seasonal Surprise Box,2243392.70,807,2779.92,502.74,4992.27
Groceries,Salesperson,Shop & Save Spectacular,2406898.45,863,2788.99,508.47,4986.30
Groceries,Salesperson,Smart Shopper Week,2399499.60,884,2714.37,508.76,4993.62
Groceries,Salesperson,Spring Refresh Event,2280984.48,811,2812.56,512.51,4995.72
Groceries,Salesperson,Spring Splash Discounts,2286206.01,834,2741.25,515.16,4988.22
Groceries,Salesperson,Summer Sizzle Promo,2364363.63,853,2771.82,501.06,4991.99
Groceries,Salesperson,Super Savings Week,2476932.40,903,2743.00,506.25,4998.49
Groceries,Salesperson,Ultimate Value Event,2236253.81,814,2747.24,506.59,4997.42
Groceries,Salesperson,VIP Access Sale,2377831.90,869,2736.29,504.20,4993.43
Groceries,Salesperson,Weekend Warrior Specials,2381830.41,870,2737.74,500.62,4999.20
Groceries,Salesperson,Winter Clearance Carnival,2399104.82,855,2805.97,502.13,4999.97
Groceries,Salesperson,Winter Wonders Sale,2401697.51,876,2741.66,505.32,4999.85
Groceries,Senior Salesperson,12 Days of Deals,2068641.93,742,2787.93,505.54,4982.14
Groceries,Senior Salesperson,Autumn Deals Drive,2076851.79,762,2725.53,508.79,4999.80
Groceries,Senior Salesperson,BOGO Blitz,2113942.19,766,2759.72,541.01,4996.77
Groceries,Senior Salesperson,Back to School Boost,2098430.85,757,2772.04,505.29,4997.33
Groceries,Senior Salesperson,Birthday Bash Sale,2044560.83,731,2796.94,505.10,4997.17
Groceries,Senior Salesperson,Black Friday Blowout,2095915.59,753,2783.42,502.74,4991.85
Groceries,Senior Salesperson,Cart Crasher Campaign,2080423.69,750,2773.90,505.99,4999.82
Groceries,Senior Salesperson,Cashback Carnival,2001800.47,728,2749.73,505.38,4994.46
Groceries,Senior Salesperson,Clearance Countdown,2049051.76,732,2799.25,502.02,4999.80
Groceries,Senior Salesperson,Countdown to Savings,2185708.94,816,2678.56,502.00,4989.73
Groceries,Senior Salesperson,Customer Appreciation Week,2128451.27,762,2793.24,502.24,4991.50
Groceries,Senior Salesperson,Cyber Monday Mania,1992906.51,735,2711.44,507.95,4996.08
Groceries,Senior Salesperson,Deal of the Month,1987376.14,714,2783.44,503.06,4995.04
Groceries,Senior Salesperson,Double Points Bonanza,1971005.62,752,2621.02,512.98,4965.18
Groceries,Senior Salesperson,Early Bird Specials,2045691.70,744,2749.59,512.60,4998.24
Groceries,Senior Salesperson,End of Season Sale,2201256.56,779,2825.75,503.49,4998.37
Groceries,Senior Salesperson,Exclusive Insider Offers,2169934.33,783,2771.31,504.09,4998.29
Groceries,Senior Salesperson,Festive Fever Promo,2092928.86,769,2721.62,502.25,4997.65
Groceries,Senior Salesperson,Final Call Frenzy,1983136.39,728,2724.09,511.66,4994.94
Groceries,Senior Salesperson,Flash Frenzy Friday,2071001.71,756,2739.42,504.91,4985.90
Groceries,Senior Salesperson,"Gift More, Spend Less",2095698.35,767,2732.33,509.60,4993.41
Groceries,Senior Salesperson,Golden Hour Bargains,2012230.05,741,2715.56,504.10,4999.90
Groceries,Senior Salesperson,Green Weekend Deals,2111078.52,770,2741.66,508.74,4994.70
Groceries,Senior Salesperson,Happy Hour Discounts,2014802.64,739,2726.39,500.75,4995.84
Groceries,Senior Salesperson,Holiday Shopping Rush,1905284.15,705,2702.53,521.68,4999.39
Groceries,Senior Salesperson,Hot Picks Promo,2109219.25,759,2778.94,500.73,4999.96
Groceries,Senior Salesperson,Instant Gratification Sale,2154775.04,777,2773.20,500.03,4988.78
Groceries,Senior Salesperson,Limited Time Treasures,2170832.45,780,2783.12,500.84,4994.82
Groceries,Senior Salesperson,Loyalty Rewards Blast,2067471.64,743,2782.60,507.01,4983.03
Groceries,Senior Salesperson,Mega Weekend Bonanza,2106092.89,775,2717.54,501.33,4996.49
Groceries,Senior Salesperson,Mid-Year Madness,2143644.50,772,2776.74,500.32,4982.61
Groceries,Senior Salesperson,Midnight Madness,2027092.06,741,2735.62,506.04,4984.38
Groceries,Senior Salesperson,Mystery Discount Days,1989770.88,723,2752.10,503.39,4977.87
Groceries,Senior Salesperson,New Arrival Showcase,2053768.01,750,2738.36,510.88,4990.33
Groceries,Senior Salesperson,New Product Launch Promo,2020818.27,735,2749.41,506.42,4994.79
Groceries,Senior Salesperson,New Year Kickoff,2100199.65,758,2770.71,531.60,4996.25
Groceries,Senior Salesperson,Price Drop Parade,2014415.73,722,2790.05,504.15,4999.83
Groceries,Senior Salesperson,Red Tag Clearance,2057660.03,743,2769.39,504.16,4994.41
Groceries,Senior Salesperson,Seasonal Surprise Box,1992875.54,729,2733.71,509.29,4991.25
Groceries,Senior Salesperson,Shop & Save Spectacular,2007876.03,724,2773.31,501.87,4993.94
Groceries,Senior Salesperson,Smart Shopper Week,2114048.51,773,2734.86,500.54,4978.98
Groceries,Senior Salesperson,Spring Refresh Event,2169337.18,761,2850.64,517.46,4986.34
Groceries,Senior Salesperson,Spring Splash Discounts,2051380.63,759,2702.74,509.08,4998.53
Groceries,Senior Salesperson,Summer Sizzle Promo,1993631.22,737,2705.06,501.39,4999.26
Groceries,Senior Salesperson,Super Savings Week,2133079.48,769,2773.84,501.97,4999.88
Groceries,Senior Salesperson,Ultimate Value Event,2212034.07,805,2747.87,502.89,4995.88
Groceries,Senior Salesperson,VIP Access Sale,2279794.08,832,2740.14,509.80,4999.89
Groceries,Senior Salesperson,Weekend Warrior Specials,1993702.60,732,2723.64,524.12,4994.19
Groceries,Senior Salesperson,Winter Clearance Carnival,1960374.36,724,2707.70,507.50,4996.69
Groceries,Senior Salesperson,Winter Wonders Sale,2186749.55,792,2761.05,509.00,4995.64
Home Appliances,Manager,12 Days of Deals,2135182.57,782,2730.41,509.06,4999.32
Home Appliances,Manager,Autumn Deals Drive,2322152.86,880,2638.81,501.18,4997.76
Home Appliances,Manager,BOGO Blitz,2365456.34,857,2760.16,502.79,4999.75
Home Appliances,Manager,Back to School Boost,2390013.71,872,2740.84,505.89,4997.76
Home Appliances,Manager,Birthday Bash Sale,2368937.40,864,2741.83,500.93,4999.93
Home Appliances,Manager,Black Friday Blowout,2292870.73,850,2697.49,503.07,4986.53
Home Appliances,Manager,Cart Crasher Campaign,2255273.51,816,2763.82,503.85,4998.46
Home Appliances,Manager,Cashback Carnival,2350305.61,834,2818.11,511.57,4997.90
Home Appliances,Manager,Clearance Countdown,2251742.17,823,2736.02,512.22,4989.41
Home Appliances,Manager,Countdown to Savings,2346888.89,868,2703.79,504.79,4994.73
Home Appliances,Manager,Customer Appreciation Week,2246856.54,806,2787.66,512.13,4997.34
Home Appliances,Manager,Cyber Monday Mania,2418813.43,873,2770.69,502.61,4988.75
Home Appliances,Manager,Deal of the Month,2381513.02,849,2805.08,500.90,4996.40
Home Appliances,Manager,Double Points Bonanza,2387417.46,884,2700.70,503.85,4998.07
Home Appliances,Manager,Early Bird Specials,2407790.19,858,2806.28,502.49,4999.06
Home Appliances,Manager,End of Season Sale,2399492.93,870,2758.04,523.16,4999.19
Home Appliances,Manager,Exclusive Insider Offers,2187484.62,786,2783.06,501.41,4996.02
Home Appliances,Manager,Festive Fever Promo,2240845.73,820,2732.74,507.88,4986.26
Home Appliances,Manager,Final Call Frenzy,2356773.35,851,2769.42,506.46,4965.45
Home Appliances,Manager,Flash Frenzy Friday,2372107.39,873,2717.19,500.13,4996.85
Home Appliances,Manager,"Gift More, Spend Less",2245725.94,834,2692.72,503.59,4999.74
Home Appliances,Manager,Golden Hour Bargains,2339147.20,847,2761.69,517.65,4995.77
Home Appliances,Manager,Green Weekend Deals,2205391.67,805,2739.62,516.25,4997.45
Home Appliances,Manager,Happy Hour Discounts,2331878.05,851,2740.16,503.25,4987.44
Home Appliances,Manager,Holiday Shopping Rush,2281684.88,846,2697.03,501.91,4997.27
Home Appliances,Manager,Hot Picks Promo,2399434.32,879,2729.73,502.00,4994.98
Home Appliances,Manager,Instant Gratification Sale,2268903.44,831,2730.33,504.46,4997.94
Home Appliances,Manager,Limited Time Treasures,2314260.28,836,2768.25,505.55,4983.57
Home Appliances,Manager,Loyalty Rewards Blast,2346100.42,857,2737.57,503.07,4994.77
Home Appliances,Manager,Mega Weekend Bonanza,2291451.31,846,2708.57,502.30,4991.27
Home Appliances,Manager,Mid-Year Madness,2240165.99,824,2718.65,510.03,4998.26
Home Appliances,Manager,Midnight Madness,2330775.07,839,2778.04,502.76,4996.41
Home Appliances,Manager,Mystery Discount Days,2295742.45,843,2723.30,500.15,4996.71
Home Appliances,Manager,New Arrival Showcase,2580075.41,938,2750.61,506.53,4997.28
Home Appliances,Manager,New Product Launch Promo,2377823.24,867,2742.59,504.10,4995.22
Home Appliances,Manager,New Year Kickoff,2290391.20,835,2742.98,502.92,4989.14
Home Appliances,Manager,Price Drop Parade,2334372.02,872,2677.03,512.15,4994.05
Home Appliances,Manager,Red Tag Clearance,2198402.55,806,2727.55,500.88,4998.91
Home Appliances,Manager,Seasonal Surprise Box,2295198.05,852,2693.89,501.18,4989.03
Home Appliances,Manager,Shop & Save Spectacular,2247961.10,793,2834.76,516.11,4989.10
Home Appliances,Manager,Smart Shopper Week,2281456.08,837,2725.75,510.10,4976.44
Home Appliances,Manager,Spring Refresh Event,2256302.82,810,2785.56,508.04,4995.53
Home Appliances,Manager,Spring Splash Discounts,2441722.75,870,2806.58,510.27,4999.80
Home Appliances,Manager,Summer Sizzle Promo,2270244.23,813,2792.43,500.92,4996.11
Home Appliances,Manager,Super Savings Week,2254550.12,835,2700.06,500.00,4996.22
Home Appliances,Manager,Ultimate Value Event,2312303.59,856,2701.29,514.22,4999.91
Home Appliances,Manager,VIP Access Sale,2284780.40,823,2776.16,502.11,4999.15
Home Appliances,Manager,Weekend Warrior Specials,2251880.37,810,2780.10,505.78,4996.60
Home Appliances,Manager,Winter Clearance Carnival,2412643.55,860,2805.40,503.94,4998.56
Home Appliances,Manager,Winter Wonders Sale,2334041.80,848,2752.41,505.46,4992.13
Home Appliances,Sales Associate,12 Days of Deals,2358143.68,874,2698.10,504.11,4991.58
Home Appliances,Sales Associate,Autumn Deals Drive,2319983.88,850,2729.39,509.65,4992.57
Home Appliances,Sales Associate,BOGO Blitz,2474851.40,888,2786.99,503.66,4997.47
Home Appliances,Sales Associate,Back to School Boost,2451256.83,875,2801.44,506.56,4995.75
Home Appliances,Sales Associate,Birthday Bash Sale,2398811.98,885,2710.52,502.35,4996.94
Home Appliances,Sales Associate,Black Friday Blowout,2269154.15,834,2720.81,504.47,4991.37
Home Appliances,Sales Associate,Cart Crasher Campaign,2370277.46,868,2730.73,512.18,4999.98
Home Appliances,Sales Associate,Cashback Carnival,2395491.38,883,2712.90,500.98,4990.25
Home Appliances,Sales Associate,Clearance Countdown,2501791.91,894,2798.42,501.02,4995.95
Home Appliances,Sales Associate,Countdown to Savings,2590534.96,920,2815.80,509.30,4998.01
Home Appliances,Sales Associate,Customer Appreciation Week,2449364.65,902,2715.48,502.70,4996.86
Home Appliances,Sales Associate,Cyber Monday Mania,2400519.62,884,2715.52,503.24,4995.39
Home Appliances,Sales Associate,Deal of the Month,2282266.50,853,2675.58,500.38,4996.86
Home Appliances,Sales Associate,Double Points Bonanza,2379532.98,858,2773.35,505.53,4996.08
Home Appliances,Sales Associate,Early Bird Specials,2544236.62,923,2756.49,503.37,4996.45
Home Appliances,Sales Associate,End of Season Sale,2487078.75,896,2775.76,509.93,4999.78
Home Appliances,Sales Associate,Exclusive Insider Offers,2353357.41,846,2781.75,504.93,4998.93
Home Appliances,Sales Associate,Festive Fever Promo,2360892.42,872,2707.45,500.36,4996.92
Home Appliances,Sales Associate,Final Call Frenzy,2367493.60,863,2743.33,507.00,4997.52
Home Appliances,Sales Associate,Flash Frenzy Friday,2603973.10,924,2818.15,508.78,4997.67
Home Appliances,Sales Associate,"Gift More, Spend Less",2396903.58,858,2793.59,507.03,4993.57
Home Appliances,Sales Associate,Golden Hour Bargains,2363009.91,838,2819.82,517.84,4997.61
Home Appliances,Sales Associate,Green Weekend Deals,2418318.97,888,2723.33,502.66,4993.63
Home Appliances,Sales Associate,Happy Hour Discounts,2507457.70,904,2773.74,500.78,4998.71
Home Appliances,Sales Associate,Holiday Shopping Rush,2480662.93,907,2735.02,500.68,4987.27
Home Appliances,Sales Associate,Hot Picks Promo,2600192.25,927,2804.95,519.69,4997.12
Home Appliances,Sales Associate,Instant Gratification Sale,2468931.63,910,2713.11,501.38,4999.38
Home Appliances,Sales Associate,Limited Time Treasures,2311688.96,872,2651.02,507.19,4986.23
Home Appliances,Sales Associate,Loyalty Rewards Blast,2312393.13,868,2664.05,502.48,4985.68
Home Appliances,Sales Associate,Mega Weekend Bonanza,2398034.37,874,2743.75,502.05,4992.43
Home Appliances,Sales Associate,Mid-Year Madness,2409642.32,881,2735.12,503.72,4997.77
Home Appliances,Sales Associate,Midnight Madness,2484853.96,911,2727.61,500.72,4991.51
Home Appliances,Sales Associate,Mystery Discount Days,2444019.78,904,2703.56,502.03,4989.29
Home Appliances,Sales Associate,New Arrival Showcase,2293862.03,845,2714.63,508.56,4998.09
Home Appliances,Sales Associate,New Product Launch Promo,2491746.20,892,2793.44,502.50,4999.48
Home Appliances,Sales Associate,New Year Kickoff,2275147.62,829,2744.45,500.10,4995.20
Home Appliances,Sales Associate,Price Drop Parade,2288987.37,830,2757.82,504.91,4989.69
Home Appliances,Sales Associate,Red Tag Clearance,2182656.47,791,2759.36,507.44,4994.95
Home Appliances,Sales Associate,Seasonal Surprise Box,2477503.97,895,2768.16,505.59,4998.82
Home Appliances,Sales Associate,Shop & Save Spectacular,2374596.12,860,2761.16,500.21,4996.07
Home Appliances,Sales Associate,Smart Shopper Week,2396084.92,880,2722.82,509.77,4995.40
Home Appliances,Sales Associate,Spring Refresh Event,2387329.97,868,2750.38,501.78,4987.43
Home Appliances,Sales Associate,Spring Splash Discounts,2221737.77,822,2702.84,510.84,4996.52
Home Appliances,Sales Associate,Summer Sizzle Promo,2387869.38,845,2825.88,500.57,4986.22
Home Appliances,Sales Associate,Super Savings Week,2414051.80,873,2765.24,500.36,4998.47
Home Appliances,Sales Associate,Ultimate Value Event,2424665.07,880,2755.30,512.34,4999.45
Home Appliances,Sales Associate,VIP Access Sale,2518374.38,904,2785.81,500.93,4995.37
Home Appliances,Sales Associate,Weekend Warrior Specials,2410139.15,877,2748.16,502.66,4993.77
Home Appliances,Sales Associate,Winter Clearance Carnival,2548854.44,920,2770.49,518.60,4996.11
Home Appliances,Sales Associate,Winter Wonders Sale,2476854.47,905,2736.86,514.31,4999.74
Home Appliances,Salesperson,12 Days of Deals,2562891.45,936,2738.13,517.64,4999.73
Home Appliances,Salesperson,Autumn Deals Drive,2348407.07,880,2668.64,506.50,4995.61
Home Appliances,Salesperson,BOGO Blitz,2411182.46,870,2771.47,504.57,4998.46
Home Appliances,Salesperson,Back to School Boost,2321090.49,857,2708.39,500.09,4979.77
Home Appliances,Salesperson,Birthday Bash Sale,2212615.59,834,2653.02,503.22,4991.29
Home Appliances,Salesperson,Black Friday Blowout,2346904.47,872,2691.40,500.99,4999.91
Home Appliances,Salesperson,Cart Crasher Campaign,2417217.04,871,2775.22,504.51,4989.31
Home Appliances,Salesperson,Cashback Carnival,2343210.42,849,2759.97,502.35,4993.50
Home Appliances,Salesperson,Clearance Countdown,2309422.74,822,2809.52,515.22,4989.53
Home Appliances,Salesperson,Countdown to Savings,2248209.36,846,2657.46,500.39,4998.03
Home Appliances,Salesperson,Customer Appreciation Week,2381190.67,887,2684.54,502.07,4999.25
Home Appliances,Salesperson,Cyber Monday Mania,2364223.17,857,2758.72,503.20,4998.54
Home Appliances,Salesperson,Deal of the Month,2283571.11,833,2741.38,502.14,4997.58
Home Appliances,Salesperson,Double Points Bonanza,2324112.64,857,2711.92,510.32,4994.58
Home Appliances,Salesperson,Early Bird Specials,2337888.52,861,2715.32,500.92,4995.35
Home Appliances,Salesperson,End of Season Sale,2273002.36,826,2751.82,500.69,4991.36
Home Appliances,Salesperson,Exclusive Insider Offers,2364725.62,854,2769.00,503.60,4999.90
Home Appliances,Salesperson,Festive Fever Promo,2483483.59,905,2744.18,502.80,4996.31
Home Appliances,Salesperson,Final Call Frenzy,2334246.18,860,2714.24,503.00,4999.75
Home Appliances,Salesperson,Flash Frenzy Friday,2344916.92,860,2726.65,503.50,4998.72
Home Appliances,Salesperson,"Gift More, Spend Less",2313447.31,862,2683.81,501.53,4998.06
Home Appliances,Salesperson,Golden Hour Bargains,2438215.05,878,2777.01,500.66,4993.31
Home Appliances,Salesperson,Green Weekend Deals,2437677.50,881,2766.94,503.29,4985.83
Home Appliances,Salesperson,Happy Hour Discounts,2405770.96,880,2733.83,509.46,4994.66
Home Appliances,Salesperson,Holiday Shopping Rush,2348708.68,849,2766.44,525.33,4994.33
Home Appliances,Salesperson,Hot Picks Promo,2318514.38,829,2796.76,514.13,4994.65
Home Appliances,Salesperson,Instant Gratification Sale,2336315.69,849,2751.84,504.58,4989.05
Home Appliances,Salesperson,Limited Time Treasures,2357407.61,866,2722.18,510.98,4994.16
Home Appliances,Salesperson,Loyalty Rewards Blast,2370927.49,865,2740.96,501.61,4998.98
Home Appliances,Salesperson,Mega Weekend Bonanza,2215579.13,824,2688.81,503.23,4998.42
Home Appliances,Salesperson,Mid-Year Madness,2496490.57,905,2758.55,509.20,4997.94
Home Appliances,Salesperson,Midnight Madness,2281630.94,848,2690.60,514.45,4998.30
Home Appliances,Salesperson,Mystery Discount Days,2349385.49,855,2747.82,502.59,4999.42
Home Appliances,Salesperson,New Arrival Showcase,2341678.76,849,2758.16,501.45,4986.89
Home Appliances,Salesperson,New Product Launch Promo,2254258.61,837,2693.26,500.80,4971.54
Home Appliances,Salesperson,New Year Kickoff,2374535.35,872,2723.09,505.19,4999.87
Home Appliances,Salesperson,Price Drop Parade,2542373.28,917,2772.49,507.80,4992.73
Home Appliances,Salesperson,Red Tag Clearance,2255214.43,821,2746.91,514.93,4991.05
Home Appliances,Salesperson,Seasonal Surprise Box,2533654.14,907,2793.44,503.22,4998.61
Home Appliances,Salesperson,Shop & Save Spectacular,2395701.44,860,2785.70,511.32,4993.98
Home Appliances,Salesperson,Smart Shopper Week,2354592.63,867,2715.79,502.77,4999.66
Home Appliances,Salesperson,Spring Refresh Event,2328208.96,831,2801.70,511.23,4983.41
Home Appliances,Salesperson,Spring Splash Discounts,2493639.64,911,2737.26,503.09,4998.87
Home Appliances,Salesperson,Summer Sizzle Promo,2365313.53,871,2715.63,505.55,4998.36
Home Appliances,Salesperson,Super Savings Week,2376526.65,853,2786.08,508.76,4993.31
Home Appliances,Salesperson,Ultimate Value Event,2391890.84,878,2724.25,503.38,4995.58
Home Appliances,Salesperson,VIP Access Sale,2338355.50,856,2731.72,500.61,4999.48
Home Appliances,Salesperson,Weekend Warrior Specials,2355088.05,847,2780.51,510.76,4999.43
Home Appliances,Salesperson,Winter Clearance Carnival,2327768.09,835,2787.75,502.95,4998.49
Home Appliances,Salesperson,Winter Wonders Sale,2355870.32,860,2739.38,500.27,4998.39
Home Appliances,Senior Salesperson,12 Days of Deals,2179141.90,791,2754.92,509.29,4982.45
Home Appliances,Senior Salesperson,Autumn Deals Drive,2054096.34,775,2650.45,523.11,4994.72
Home Appliances,Senior Salesperson,BOGO Blitz,1875581.36,698,2687.08,502.46,4997.96
Home Appliances,Senior Salesperson,Back to School Boost,1996287.18,728,2742.15,506.54,4991.85
Home Appliances,Senior Salesperson,Birthday Bash Sale,2041099.92,736,2773.23,503.66,4994.42
Home Appliances,Senior Salesperson,Black Friday Blowout,2014466.28,718,2805.66,503.82,4999.22
Home Appliances,Senior Salesperson,Cart Crasher Campaign,2058515.19,741,2778.02,507.03,4998.01
Home Appliances,Senior Salesperson,Cashback Carnival,2027554.16,752,2696.22,510.00,4999.12
Home Appliances,Senior Salesperson,Clearance Countdown,1993984.24,747,2669.32,510.91,4994.45
Home Appliances,Senior Salesperson,Countdown to Savings,2075312.69,741,2800.69,502.22,4999.30
Home Appliances,Senior Salesperson,Customer Appreciation Week,1998055.86,726,2752.14,508.83,4997.60
Home Appliances,Senior Salesperson,Cyber Monday Mania,2044267.43,747,2736.64,505.30,4995.91
Home Appliances,Senior Salesperson,Deal of the Month,2049220.06,736,2784.27,502.44,4999.41
Home Appliances,Senior Salesperson,Double Points Bonanza,2148204.23,773,2779.05,506.58,4996.68
Home Appliances,Senior Salesperson,Early Bird Specials,2159307.15,776,2782.61,505.94,4994.29
Home Appliances,Senior Salesperson,End of Season Sale,2172617.96,782,2778.28,501.06,4940.10
Home Appliances,Senior Salesperson,Exclusive Insider Offers,2014695.95,746,2700.66,502.55,4994.72
Home Appliances,Senior Salesperson,Festive Fever Promo,2112462.37,784,2694.47,500.98,4999.21
Home Appliances,Senior Salesperson,Final Call Frenzy,2281407.83,810,2816.55,510.60,4998.16
Home Appliances,Senior Salesperson,Flash Frenzy Friday,2192406.98,780,2810.78,506.15,4997.83
Home Appliances,Senior Salesperson,"Gift More, Spend Less",2171589.69,799,2717.88,512.84,4986.38
Home Appliances,Senior Salesperson,Golden Hour Bargains,2061148.85,743,2774.09,500.65,4982.43
Home Appliances,Senior Salesperson,Green Weekend Deals,2182882.36,798,2735.44,500.21,4998.83
Home Appliances,Senior Salesperson,Happy Hour Discounts,2017617.37,731,2760.08,501.43,4989.69
Home Appliances,Senior Salesperson,Holiday Shopping Rush,2093967.33,766,2733.64,501.38,4994.25
Home Appliances,Senior Salesperson,Hot Picks Promo,2188991.76,809,2705.80,500.05,4997.89
Home Appliances,Senior Salesperson,Instant Gratification Sale,1999708.37,746,2680.57,509.24,4990.00
Home Appliances,Senior Salesperson,Limited Time Treasures,2109500.55,783,2694.13,500.36,4999.73
Home Appliances,Senior Salesperson,Loyalty Rewards Blast,2095405.28,741,2827.81,503.22,4998.29
Home Appliances,Senior Salesperson,Mega Weekend Bonanza,2164817.58,770,2811.45,515.84,4988.39
Home Appliances,Senior Salesperson,Mid-Year Madness,2023023.02,744,2719.12,500.33,4997.51
Home Appliances,Senior Salesperson,Midnight Madness,1898117.89,707,2684.75,502.75,4997.66
Home Appliances,Senior Salesperson,Mystery Discount Days,1997840.44,712,2805.96,504.42,4970.20
Home Appliances,Senior Salesperson,New Arrival Showcase,2097824.83,773,2713.87,500.17,4995.95
Home Appliances,Senior Salesperson,New Product Launch Promo,2092332.05,762,2745.84,502.45,4997.06
Home Appliances,Senior Salesperson,New Year Kickoff,2028171.10,729,2782.13,509.56,4998.67
Home Appliances,Senior Salesperson,Price Drop Parade,2062556.36,744,2772.25,510.91,4976.39
Home Appliances,Senior Salesperson,Red Tag Clearance,2133359.13,774,2756.28,524.22,4996.14
Home Appliances,Senior Salesperson,Seasonal Surprise Box,2098886.91,758,2768.98,508.60,4990.56
Home Appliances,Senior Salesperson,Shop & Save Spectacular,1926121.93,718,2682.62,521.76,4991.10
Home Appliances,Senior Salesperson,Smart Shopper Week,2281724.98,824,2769.08,512.44,4999.94
Home Appliances,Senior Salesperson,Spring Refresh Event,1986288.99,767,2589.69,505.17,4978.31
Home Appliances,Senior Salesperson,Spring Splash Discounts,2152486.43,771,2791.81,503.39,4995.52
Home Appliances,Senior Salesperson,Summer Sizzle Promo,2020694.24,749,2697.86,512.86,4994.68
Home Appliances,Senior Salesperson,Super Savings Week,2071346.44,757,2736.26,501.03,4987.77
Home Appliances,Senior Salesperson,Ultimate Value Event,1872800.79,686,2730.03,501.78,4999.84
Home Appliances,Senior Salesperson,VIP Access Sale,2005212.50,741,2706.09,500.66,4999.37
Home Appliances,Senior Salesperson,Weekend Warrior Specials,2088774.43,779,2681.35,504.80,4998.33
Home Appliances,Senior Salesperson,Winter Clearance Carnival,2047149.83,741,2762.69,505.24,4991.60
Home Appliances,Senior Salesperson,Winter Wonders Sale,2136282.70,791,2700.74,518.65,4996.00
Sports & Outdoors,Manager,12 Days of Deals,2432341.97,871,2792.59,504.41,4999.67
Sports & Outdoors,Manager,Autumn Deals Drive,2212908.57,817,2708.58,500.04,4998.38
Sports & Outdoors,Manager,BOGO Blitz,2237917.66,815,2745.91,524.20,4997.71
Sports & Outdoors,Manager,Back to School Boost,2276290.42,822,2769.21,501.48,4996.96
Sports & Outdoors,Manager,Birthday Bash Sale,2263349.97,815,2777.12,500.14,4999.34
Sports & Outdoors,Manager,Black Friday Blowout,2481870.03,889,2791.75,515.94,4998.42
Sports & Outdoors,Manager,Cart Crasher Campaign,2339656.85,851,2749.30,511.39,4987.64
Sports & Outdoors,Manager,Cashback Carnival,2174589.74,780,2787.94,505.40,4994.16
Sports & Outdoors,Manager,Clearance Countdown,2298050.02,833,2758.76,501.38,4995.72
Sports & Outdoors,Manager,Countdown to Savings,2321343.28,837,2773.41,502.49,4993.86
Sports & Outdoors,Manager,Customer Appreciation Week,2426829.47,850,2855.09,513.15,4988.73
Sports & Outdoors,Manager,Cyber Monday Mania,2442117.74,866,2820.00,502.42,4999.05
Sports & Outdoors,Manager,Deal of the Month,2196120.87,809,2714.61,509.93,4991.35
Sports & Outdoors,Manager,Double Points Bonanza,2317768.33,823,2816.24,507.68,4996.56
Sports & Outdoors,Manager,Early Bird Specials,2301628.25,824,2793.24,501.96,4998.17
Sports & Outdoors,Manager,End of Season Sale,2215561.41,846,2618.87,502.75,4996.20
Sports & Outdoors,Manager,Exclusive Insider Offers,2344941.15,834,2811.68,504.56,4999.97
Sports & Outdoors,Manager,Festive Fever Promo,2228489.89,816,2730.99,503.81,4997.72
Sports & Outdoors,Manager,Final Call Frenzy,2279236.26,830,2746.07,501.90,4987.28
Sports & Outdoors,Manager,Flash Frenzy Friday,2351159.06,847,2775.87,501.01,4996.39
Sports & Outdoors,Manager,"Gift More, Spend Less",2292025.80,850,2696.50,522.05,4995.74
Sports & Outdoors,Manager,Golden Hour Bargains,2394460.11,868,2758.59,511.02,4995.64
Sports & Outdoors,Manager,Green Weekend Deals,2197852.60,809,2716.75,523.04,4997.63
Sports & Outdoors,Manager,Happy Hour Discounts,2451887.71,875,2802.16,505.31,4995.06
Sports & Outdoors,Manager,Holiday Shopping Rush,2131615.07,798,2671.20,501.14,4978.37
Sports & Outdoors,Manager,Hot Picks Promo,2380037.84,859,2770.71,500.04,4997.69
Sports & Outdoors,Manager,Instant Gratification Sale,2297600.57,843,2725.50,504.23,4988.31
Sports & Outdoors,Manager,Limited Time Treasures,2348688.40,846,2776.23,500.43,4987.22
Sports & Outdoors,Manager,Loyalty Rewards Blast,2161664.07,798,2708.85,500.22,4987.16
Sports & Outdoors,Manager,Mega Weekend Bonanza,2406033.26,883,2724.84,509.28,4973.58
Sports & Outdoors,Manager,Mid-Year Madness,2403029.00,877,2740.06,502.53,4998.69
Sports & Outdoors,Manager,Midnight Madness,2223368.18,800,2779.21,500.45,4994.74
Sports & Outdoors,Manager,Mystery Discount Days,2188218.61,802,2728.45,500.04,4998.07
Sports & Outdoors,Manager,New Arrival Showcase,2281631.20,831,2745.65,509.28,4992.57
Sports & Outdoors,Manager,New Product Launch Promo,2311504.32,841,2748.52,503.65,4999.30
Sports & Outdoors,Manager,New Year Kickoff,2358086.37,838,2813.95,513.25,4984.10
Sports & Outdoors,Manager,Price Drop Parade,2333332.79,842,2771.18,500.07,4991.46
Sports & Outdoors,Manager,Red Tag Clearance,2358868.41,830,2842.01,520.69,4997.25
Sports & Outdoors,Manager,Seasonal Surprise Box,2338017.30,873,2678.14,501.30,4992.17
Sports & Outdoors,Manager,Shop & Save Spectacular,2394044.50,864,2770.88,507.87,4998.60
Sports & Outdoors,Manager,Smart Shopper Week,2371931.83,869,2729.50,500.78,4991.23
Sports & Outdoors,Manager,Spring Refresh Event,2448921.32,865,2831.12,521.35,4993.39
Sports & Outdoors,Manager,Spring Splash Discounts,2138043.74,791,2702.96,508.75,4999.83
Sports & Outdoors,Manager,Summer Sizzle Promo,2321718.62,831,2793.89,504.80,4987.70
Sports & Outdoors,Manager,Super Savings Week,2240778.97,823,2722.70,506.36,4992.34
Sports & Outdoors,Manager,Ultimate Value Event,2359730.73,873,2703.01,501.61,4987.42
Sports & Outdoors,Manager,VIP Access Sale,2316550.93,805,2877.70,502.72,4998.87
Sports & Outdoors,Manager,Weekend Warrior Specials,2332216.78,839,2779.76,501.32,4998.83
Sports & Outdoors,Manager,Winter Clearance Carnival,2220889.46,813,2731.72,506.66,4995.26
Sports & Outdoors,Manager,Winter Wonders Sale,2373715.72,859,2763.35,504.80,4993.15
Sports & Outdoors,Sales Associate,12 Days of Deals,2503180.65,907,2759.85,511.33,4991.91
Sports & Outdoors,Sales Associate,Autumn Deals Drive,2526987.89,931,2714.27,510.74,4996.48
Sports & Outdoors,Sales Associate,BOGO Blitz,2371024.13,871,2722.19,509.05,4986.87
Sports & Outdoors,Sales Associate,Back to School Boost,2482057.26,900,2757.84,508.79,4999.33
Sports & Outdoors,Sales Associate,Birthday Bash Sale,2418984.13,886,2730.23,501.50,4998.00
Sports & Outdoors,Sales Associate,Black Friday Blowout,2458058.50,910,2701.16,509.28,4991.94
Sports & Outdoors,Sales Associate,Cart Crasher Campaign,2339389.10,854,2739.33,500.78,4996.75
Sports & Outdoors,Sales Associate,Cashback Carnival,2447055.00,891,2746.41,500.39,4993.05
Sports & Outdoors,Sales Associate,Clearance Countdown,2353863.78,861,2733.87,500.37,4998.56
Sports & Outdoors,Sales Associate,Countdown to Savings,2392280.80,873,2740.30,500.09,4996.57
Sports & Outdoors,Sales Associate,Customer Appreciation Week,2362676.76,870,2715.72,520.00,4999.02
Sports & Outdoors,Sales Associate,Cyber Monday Mania,2462775.08,891,2764.06,505.34,4997.19
Sports & Outdoors,Sales Associate,Deal of the Month,2492108.10,892,2793.84,503.87,4999.17
Sports & Outdoors,Sales Associate,Double Points Bonanza,2418546.43,887,2726.66,503.76,4998.97
Sports & Outdoors,Sales Associate,Early Bird Specials,2446491.79,876,2792.80,505.34,4988.51
Sports & Outdoors,Sales Associate,End of Season Sale,2379785.73,854,2786.63,511.10,4991.78
Sports & Outdoors,Sales Associate,Exclusive Insider Offers,2503119.89,903,2772.00,503.34,4992.70
Sports & Outdoors,Sales Associate,Festive Fever Promo,2463944.64,890,2768.48,503.49,4991.54
Sports & Outdoors,Sales Associate,Final Call Frenzy,2389268.87,886,2696.69,513.15,4999.33
Sports & Outdoors,Sales Associate,Flash Frenzy Friday,2495627.15,915,2727.46,502.29,4997.51
Sports & Outdoors,Sales Associate,"Gift More, Spend Less",2490161.43,891,2794.79,500.46,4991.44
Sports & Outdoors,Sales Associate,Golden Hour Bargains,2575098.90,929,2771.90,503.10,4998.10
Sports & Outdoors,Sales Associate,Green Weekend Deals,2431886.66,881,2760.37,504.25,4998.01
Sports & Outdoors,Sales Associate,Happy Hour Discounts,2376186.36,863,2753.40,500.42,4999.78
Sports & Outdoors,Sales Associate,Holiday Shopping Rush,2315082.77,848,2730.05,506.26,4998.76
Sports & Outdoors,Sales Associate,Hot Picks Promo,2402973.88,881,2727.55,502.43,4996.34
Sports & Outdoors,Sales Associate,Instant Gratification Sale,2523831.13,906,2785.69,508.86,4998.94
Sports & Outdoors,Sales Associate,Limited Time Treasures,2343761.88,874,2681.65,502.11,4991.05
Sports & Outdoors,Sales Associate,Loyalty Rewards Blast,2329617.00,839,2776.66,508.93,4985.62
Sports & Outdoors,Sales Associate,Mega Weekend Bonanza,2393962.64,844,2836.45,508.48,4998.00
Sports & Outdoors,Sales Associate,Mid-Year Madness,2330297.41,846,2754.49,517.08,4993.79
Sports & Outdoors,Sales Associate,Midnight Madness,2408330.49,858,2806.91,501.16,4992.08
Sports & Outdoors,Sales Associate,Mystery Discount Days,2313798.08,848,2728.54,504.07,4999.19
Sports & Outdoors,Sales Associate,New Arrival Showcase,2446866.68,889,2752.38,503.53,4998.83
Sports & Outdoors,Sales Associate,New Product Launch Promo,2443296.73,878,2782.80,519.44,4998.73
Sports & Outdoors,Sales Associate,New Year Kickoff,2276316.26,829,2745.86,503.01,4996.62
Sports & Outdoors,Sales Associate,Price Drop Parade,2412113.95,876,2753.55,505.17,4992.75
Sports & Outdoors,Sales Associate,Red Tag Clearance,2343481.42,852,2750.57,500.15,4990.98
Sports & Outdoors,Sales Associate,Seasonal Surprise Box,2572112.77,928,2771.67,518.01,4992.97
Sports & Outdoors,Sales Associate,Shop & Save Spectacular,2246027.80,821,2735.72,505.73,4997.56
Sports & Outdoors,Sales Associate,Smart Shopper Week,2367687.93,878,2696.68,505.62,4998.20
Sports & Outdoors,Sales Associate,Spring Refresh Event,2347804.61,859,2733.18,500.56,4999.78
Sports & Outdoors,Sales Associate,Spring Splash Discounts,2592228.22,928,2793.35,502.55,4985.32
Sports & Outdoors,Sales Associate,Summer Sizzle Promo,2467282.21,899,2744.47,500.10,4998.50
Sports & Outdoors,Sales Associate,Super Savings Week,2514477.50,885,2841.22,509.07,4998.97
Sports & Outdoors,Sales Associate,Ultimate Value Event,2399092.86,894,2683.55,502.59,4996.78
Sports & Outdoors,Sales Associate,VIP Access Sale,2389267.68,855,2794.47,517.53,4991.94
Sports & Outdoors,Sales Associate,Weekend Warrior Specials,2399646.36,883,2717.61,506.78,4989.77
Sports & Outdoors,Sales Associate,Winter Clearance Carnival,2767347.18,968,2858.83,511.88,4997.18
Sports & Outdoors,Sales Associate,Winter Wonders Sale,2457179.93,871,2821.10,513.20,4993.77
Sports & Outdoors,Salesperson,12 Days of Deals,2473258.14,893,2769.61,503.94,4999.02
Sports & Outdoors,Salesperson,Autumn Deals Drive,2325228.92,860,2703.75,500.76,4997.04
Sports & Outdoors,Salesperson,BOGO Blitz,2276289.45,836,2722.83,508.28,4997.05
Sports & Outdoors,Salesperson,Back to School Boost,2266478.84,845,2682.22,505.03,4998.09
Sports & Outdoors,Salesperson,Birthday Bash Sale,2328150.85,853,2729.37,506.71,4993.81
Sports & Outdoors,Salesperson,Black Friday Blowout,2264610.85,832,2721.89,500.60,4999.65
Sports & Outdoors,Salesperson,Cart Crasher Campaign,2384459.83,872,2734.47,504.84,4997.58
Sports & Outdoors,Salesperson,Cashback Carnival,2291102.17,846,2708.16,502.58,4981.41
Sports & Outdoors,Salesperson,Clearance Countdown,2332733.77,869,2684.39,501.31,4993.50
Sports & Outdoors,Salesperson,Countdown to Savings,2535714.25,913,2777.34,500.66,4997.94
Sports & Outdoors,Salesperson,Customer Appreciation Week,2487790.60,894,2782.76,539.50,4997.64
Sports & Outdoors,Salesperson,Cyber Monday Mania,2435952.18,906,2688.69,504.92,4998.69
Sports & Outdoors,Salesperson,Deal of the Month,2212994.09,803,2755.91,503.70,4999.89
Sports & Outdoors,Salesperson,Double Points Bonanza,2306048.29,840,2745.30,504.90,4998.01
Sports & Outdoors,Salesperson,Early Bird Specials,2246683.01,836,2687.42,505.00,4997.07
Sports & Outdoors,Salesperson,End of Season Sale,2452817.81,877,2796.83,503.57,4999.05
Sports & Outdoors,Salesperson,Exclusive Insider Offers,2560863.14,904,2832.81,506.05,4998.46
Sports & Outdoors,Salesperson,Festive Fever Promo,2414766.13,886,2725.47,506.01,4984.89
Sports & Outdoors,Salesperson,Final Call Frenzy,2223272.15,824,2698.15,500.30,4995.87
Sports & Outdoors,Salesperson,Flash Frenzy Friday,2370219.85,858,2762.49,508.31,4995.14
Sports & Outdoors,Salesperson,"Gift More, Spend Less",2413945.17,898,2688.13,501.32,4994.22
Sports & Outdoors,Salesperson,Golden Hour Bargains,2426133.31,911,2663.15,500.01,4995.89
Sports & Outdoors,Salesperson,Green Weekend Deals,2348744.34,859,2734.28,507.51,4987.48
Sports & Outdoors,Salesperson,Happy Hour Discounts,2439494.56,875,2787.99,505.03,4998.95
Sports & Outdoors,Salesperson,Holiday Shopping Rush,2537492.35,930,2728.49,516.60,4997.18
Sports & Outdoors,Salesperson,Hot Picks Promo,2439436.48,894,2728.68,503.06,4994.34
Sports & Outdoors,Salesperson,Instant Gratification Sale,2498447.48,909,2748.57,500.41,4991.13
Sports & Outdoors,Salesperson,Limited Time Treasures,2269227.52,834,2720.90,509.04,4997.70
Sports & Outdoors,Salesperson,Loyalty Rewards Blast,2366612.80,852,2777.71,501.42,4996.03
Sports & Outdoors,Salesperson,Mega Weekend Bonanza,2403754.70,865,2778.91,500.15,4993.01
Sports & Outdoors,Salesperson,Mid-Year Madness,2367951.86,870,2721.78,522.20,4995.13
Sports & Outdoors,Salesperson,Midnight Madness,2418128.88,888,2723.12,509.62,4997.31
Sports & Outdoors,Salesperson,Mystery Discount Days,2431718.55,877,2772.77,501.05,4999.55
Sports & Outdoors,Salesperson,New Arrival Showcase,2427235.55,849,2858.93,500.37,4996.77
Sports & Outdoors,Salesperson,New Product Launch Promo,2389514.03,867,2756.07,501.61,4998.60
Sports & Outdoors,Salesperson,New Year Kickoff,2369495.15,844,2807.46,501.31,4997.16
Sports & Outdoors,Salesperson,Price Drop Parade,2255307.89,822,2743.68,504.82,4996.87
Sports & Outdoors,Salesperson,Red Tag Clearance,2366058.67,848,2790.16,502.70,4995.31
Sports & Outdoors,Salesperson,Seasonal Surprise Box,2294324.26,843,2721.62,501.08,4993.44
Sports & Outdoors,Salesperson,Shop & Save Spectacular,2534254.78,916,2766.65,502.57,4995.89
Sports & Outdoors,Salesperson,Smart Shopper Week,2345315.85,875,2680.36,506.78,4995.51
Sports & Outdoors,Salesperson,Spring Refresh Event,2495380.96,891,2800.65,505.18,4982.97
Sports & Outdoors,Salesperson,Spring Splash Discounts,2245247.08,814,2758.29,512.45,4994.34
Sports & Outdoors,Salesperson,Summer Sizzle Promo,2532796.34,912,2777.19,502.54,4989.61
Sports & Outdoors,Salesperson,Super Savings Week,2503600.48,895,2797.32,501.50,4999.25
Sports & Outdoors,Salesperson,Ultimate Value Event,2352851.47,836,2814.42,503.10,4996.51
Sports & Outdoors,Salesperson,VIP Access Sale,2394119.38,862,2777.40,500.51,4994.03
Sports & Outdoors,Salesperson,Weekend Warrior Specials,2376427.85,870,2731.53,500.79,4997.81
Sports & Outdoors,Salesperson,Winter Clearance Carnival,2351274.44,838,2805.82,503.87,4999.77
Sports & Outdoors,Salesperson,Winter Wonders Sale,2387142.77,837,2852.02,503.85,4992.09
Sports & Outdoors,Senior Salesperson,12 Days of Deals,2124071.88,796,2668.43,501.44,4987.38
Sports & Outdoors,Senior Salesperson,Autumn Deals Drive,2057313.33,749,2746.75,501.93,4996.09
Sports & Outdoors,Senior Salesperson,BOGO Blitz,2095406.92,755,2775.37,503.15,4997.17
Sports & Outdoors,Senior Salesperson,Back to School Boost,2305748.13,839,2748.21,515.62,4988.23
Sports & Outdoors,Senior Salesperson,Birthday Bash Sale,2178229.16,785,2774.81,501.68,4979.87
Sports & Outdoors,Senior Salesperson,Black Friday Blowout,2157203.59,770,2801.56,503.63,4997.46
Sports & Outdoors,Senior Salesperson,Cart Crasher Campaign,2083684.74,756,2756.20,510.88,4995.47
Sports & Outdoors,Senior Salesperson,Cashback Carnival,2162888.63,786,2751.77,502.29,4996.22
Sports & Outdoors,Senior Salesperson,Clearance Countdown,1963435.11,747,2628.43,501.13,4996.31
Sports & Outdoors,Senior Salesperson,Countdown to Savings,2139949.65,777,2754.12,506.58,4999.61
Sports & Outdoors,Senior Salesperson,Customer Appreciation Week,2299681.20,822,2797.67,502.81,4998.61
Sports & Outdoors,Senior Salesperson,Cyber Monday Mania,2100316.94,750,2800.42,501.43,4996.37
Sports & Outdoors,Senior Salesperson,Deal of the Month,2009472.00,752,2672.17,511.14,4992.29
Sports & Outdoors,Senior Salesperson,Double Points Bonanza,2180931.09,778,2803.25,502.14,4996.95
Sports & Outdoors,Senior Salesperson,Early Bird Specials,2130754.63,768,2774.42,505.26,4989.56
Sports & Outdoors,Senior Salesperson,End of Season Sale,2086341.04,754,2767.03,503.46,4990.21
Sports & Outdoors,Senior Salesperson,Exclusive Insider Offers,1916510.82,686,2793.75,502.99,4995.69
Sports & Outdoors,Senior Salesperson,Festive Fever Promo,2118272.60,756,2801.95,506.83,4998.24
Sports & Outdoors,Senior Salesperson,Final Call Frenzy,2148599.34,768,2797.66,500.03,4990.97
Sports & Outdoors,Senior Salesperson,Flash Frenzy Friday,2128109.29,787,2704.08,503.51,4995.53
Sports & Outdoors,Senior Salesperson,"Gift More, Spend Less",2267454.50,818,2771.95,507.15,4996.60
Sports & Outdoors,Senior Salesperson,Golden Hour Bargains,2024370.17,743,2724.59,501.07,4990.16
Sports & Outdoors,Senior Salesperson,Green Weekend Deals,2148888.26,783,2744.43,500.26,4999.53
Sports & Outdoors,Senior Salesperson,Happy Hour Discounts,2108026.19,757,2784.71,502.86,4985.47
Sports & Outdoors,Senior Salesperson,Holiday Shopping Rush,2042537.01,754,2708.94,502.99,4994.86
Sports & Outdoors,Senior Salesperson,Hot Picks Promo,2073671.08,754,2750.23,505.64,4996.43
Sports & Outdoors,Senior Salesperson,Instant Gratification Sale,2180225.79,779,2798.75,500.07,4989.24
Sports & Outdoors,Senior Salesperson,Limited Time Treasures,2118885.47,761,2784.34,509.09,4998.98
Sports & Outdoors,Senior Salesperson,Loyalty Rewards Blast,2046088.12,759,2695.77,500.80,4988.95
Sports & Outdoors,Senior Salesperson,Mega Weekend Bonanza,2153998.14,779,2765.08,509.61,4981.52
Sports & Outdoors,Senior Salesperson,Mid-Year Madness,2160935.24,784,2756.29,503.20,4999.49
Sports & Outdoors,Senior Salesperson,Midnight Madness,1991686.45,726,2743.37,500.23,4994.43
Sports & Outdoors,Senior Salesperson,Mystery Discount Days,2113119.99,762,2773.12,504.23,4998.21
Sports & Outdoors,Senior Salesperson,New Arrival Showcase,2199054.77,788,2790.68,506.32,4994.48
Sports & Outdoors,Senior Salesperson,New Product Launch Promo,2017827.13,726,2779.38,500.73,4996.38
Sports & Outdoors,Senior Salesperson,New Year Kickoff,2094061.74,778,2691.60,505.26,4996.40
Sports & Outdoors,Senior Salesperson,Price Drop Parade,1941236.94,738,2630.40,508.85,4992.13
Sports & Outdoors,Senior Salesperson,Red Tag Clearance,2191049.09,794,2759.51,515.84,4999.05
Sports & Outdoors,Senior Salesperson,Seasonal Surprise Box,2130476.68,788,2703.65,500.31,4996.14
Sports & Outdoors,Senior Salesperson,Shop & Save Spectacular,2150996.35,770,2793.50,503.19,4995.87
Sports & Outdoors,Senior Salesperson,Smart Shopper Week,2147950.21,764,2811.45,511.12,4996.44
Sports & Outdoors,Senior Salesperson,Spring Refresh Event,2059792.46,751,2742.73,502.39,4992.74
Sports & Outdoors,Senior Salesperson,Spring Splash Discounts,2201267.32,800,2751.58,502.90,4991.41
Sports & Outdoors,Senior Salesperson,Summer Sizzle Promo,2204573.68,806,2735.20,500.81,4997.66
Sports & Outdoors,Senior Salesperson,Super Savings Week,2140612.40,748,2861.78,532.17,4994.88
Sports & Outdoors,Senior Salesperson,Ultimate Value Event,2121309.98,776,2733.65,502.50,4999.44
Sports & Outdoors,Senior Salesperson,VIP Access Sale,2020154.61,735,2748.51,545.77,4989.88
Sports & Outdoors,Senior Salesperson,Weekend Warrior Specials,2028532.90,764,2655.15,501.48,4976.59
Sports & Outdoors,Senior Salesperson,Winter Clearance Carnival,2122527.83,772,2749.39,503.08,4998.38
Sports & Outdoors,Senior Salesperson,Winter Wonders Sale,2041223.43,757,2696.46,532.84,4995.17
