category,brand,customer_segment,store_type,salesperson_role,sum_amount,count,avg_amount,min_amount,max_amount
Clothing,Adidas,Budget Shopper,Large Malls / Complexes,Manager,715641.08,245,2920.98,547.87,4985.85
Clothing,Adidas,Budget Shopper,Large Malls / Complexes,Sales Associate,763450.05,270,2827.59,556.73,4992.75
Clothing,Adidas,Budget Shopper,Large Malls / Complexes,Salesperson,797259.50,277,2878.19,511.21,4999.95
Clothing,Adidas,Budget Shopper,Large Malls / Complexes,Senior Salesperson,606801.78,220,2758.19,509.13,4975.12
Clothing,Adidas,Budget Shopper,Small Stores / Shops,Manager,746316.13,286,2609.50,541.28,4988.68
Clothing,Adidas,Budget Shopper,Small Stores / Shops,Sales Associate,759415.20,288,2636.86,531.85,4998.36
Clothing,Adidas,Budget Shopper,Small Stores / Shops,Salesperson,762022.22,289,2636.76,511.56,4993.46
Clothing,Adidas,Budget Shopper,Small Stores / Shops,Senior Salesperson,668027.74,252,2650.90,518.16,4994.90
Clothing,Adidas,Budget Shopper,Supermarkets ,Manager,730124.70,268,2724.35,503.98,4996.74
Clothing,Adidas,Budget Shopper,Supermarkets ,Sales Associate,851009.72,308,2763.02,530.59,4990.13
Clothing,Adidas,Budget Shopper,Supermarkets ,Salesperson,771905.53,292,2643.51,501.20,4973.14
Clothing,Adidas,Budget Shopper,Supermarkets ,Senior Salesperson,719425.31,267,2694.48,518.24,4980.54
Clothing,Adidas,Churn Risk,Large Malls / Complexes,Manager,738407.84,268,2755.25,505.67,4988.93
Clothing,Adidas,Churn Risk,Large Malls / Complexes,Sales Associate,717056.45,261,2747.34,535.63,4964.85
Clothing,Adidas,Churn Risk,Large Malls / Complexes,Salesperson,819418.53,294,2787.14,544.41,4999.18
Clothing,Adidas,Churn Risk,Large Malls / Complexes,Senior Salesperson,744666.72,261,2853.13,535.53,4999.86
Clothing,Adidas,Churn Risk,Small Stores / Shops,Manager,689114.72,258,2670.99,534.63,4995.32
Clothing,Adidas,Churn Risk,Small Stores / Shops,Sales Associate,722354.84,258,2799.82,548.68,4996.24
Clothing,Adidas,Churn Risk,Small Stores / Shops,Salesperson,874055.79,313,2792.51,510.65,4992.69
Clothing,Adidas,Churn Risk,Small Stores / Shops,Senior Salesperson,601153.00,213,2822.31,560.63,4984.16
Clothing,Adidas,Churn Risk,Supermarkets ,Manager,807203.64,312,2587.19,534.87,4993.94
Clothing,Adidas,Churn Risk,Supermarkets ,Sales Associate,829368.58,310,2675.38,503.18,4998.40
Clothing,Adidas,Churn Risk,Supermarkets ,Salesperson,855515.45,290,2950.05,508.78,4997.20
Clothing,Adidas,Churn Risk,Supermarkets ,Senior Salesperson,710995.91,255,2788.22,521.53,4977.09
Clothing,Adidas,Deal Seeker,Large Malls / Complexes,Manager,757469.66,268,2826.38,501.32,4994.20
Clothing,Adidas,Deal Seeker,Large Malls / Complexes,Sales Associate,776556.70,289,2687.05,505.10,4976.22
Clothing,Adidas,Deal Seeker,Large Malls / Complexes,Salesperson,848534.30,297,2857.02,505.52,4976.61
Clothing,Adidas,Deal Seeker,Large Malls / Complexes,Senior Salesperson,691594.05,247,2799.98,518.87,4934.17
Clothing,Adidas,Deal Seeker,Small Stores / Shops,Manager,813439.64,286,2844.19,503.97,4990.88
Clothing,Adidas,Deal Seeker,Small Stores / Shops,Sales Associate,762512.65,276,2762.73,515.55,4983.09
Clothing,Adidas,Deal Seeker,Small Stores / Shops,Salesperson,818213.65,308,2656.54,509.94,4992.84
Clothing,Adidas,Deal Seeker,Small Stores / Shops,Senior Salesperson,703712.75,254,2770.52,518.26,4944.70
Clothing,Adidas,Deal Seeker,Supermarkets ,Manager,806829.03,294,2744.32,510.97,4994.26
Clothing,Adidas,Deal Seeker,Supermarkets ,Sales Associate,849421.68,298,2850.41,500.52,4996.30
Clothing,Adidas,Deal Seeker,Supermarkets ,Salesperson,808706.38,288,2808.01,501.46,4985.30
Clothing,Adidas,Deal Seeker,Supermarkets ,Senior Salesperson,689395.97,256,2692.95,500.46,4996.95
Clothing,Adidas,First-time Buyer,Large Malls / Complexes,Manager,782644.05,280,2795.16,528.70,4989.71
Clothing,Adidas,First-time Buyer,Large Malls / Complexes,Sales Associate,709003.01,266,2665.42,510.44,4997.63
Clothing,Adidas,First-time Buyer,Large Malls / Complexes,Salesperson,814223.87,302,2696.11,510.62,4973.32
Clothing,Adidas,First-time Buyer,Large Malls / Complexes,Senior Salesperson,650214.44,231,2814.78,519.58,4940.71
Clothing,Adidas,First-time Buyer,Small Stores / Shops,Manager,827956.91,294,2816.18,501.06,4981.95
Clothing,Adidas,First-time Buyer,Small Stores / Shops,Sales Associate,736185.49,281,2619.88,511.44,4968.97
Clothing,Adidas,First-time Buyer,Small Stores / Shops,Salesperson,690391.21,249,2772.66,531.80,4989.59
Clothing,Adidas,First-time Buyer,Small Stores / Shops,Senior Salesperson,695442.89,253,2748.79,549.38,4987.67
Clothing,Adidas,First-time Buyer,Supermarkets ,Manager,839014.93,306,2741.88,501.99,4993.67
Clothing,Adidas,First-time Buyer,Supermarkets ,Sales Associate,793548.16,296,2680.91,504.43,4996.65
Clothing,Adidas,First-time Buyer,Supermarkets ,Salesperson,786489.15,288,2730.87,512.76,4963.20
Clothing,Adidas,First-time Buyer,Supermarkets ,Senior Salesperson,658288.80,246,2675.97,511.09,4999.86
Clothing,Adidas,High Value,Large Malls / Complexes,Manager,784369.49,288,2723.51,504.75,4957.71
Clothing,Adidas,High Value,Large Malls / Complexes,Sales Associate,773837.12,285,2715.22,539.45,4993.12
Clothing,Adidas,High Value,Large Malls / Complexes,Salesperson,757865.44,279,2716.36,529.76,4995.33
Clothing,Adidas,High Value,Large Malls / Complexes,Senior Salesperson,654009.07,233,2806.91,511.79,4987.27
Clothing,Adidas,High Value,Small Stores / Shops,Manager,682803.95,258,2646.53,500.17,4996.59
Clothing,Adidas,High Value,Small Stores / Shops,Sales Associate,747375.84,282,2650.27,501.04,4957.89
Clothing,Adidas,High Value,Small Stores / Shops,Salesperson,769403.63,274,2808.04,502.17,4998.34
Clothing,Adidas,High Value,Small Stores / Shops,Senior Salesperson,665084.97,241,2759.69,503.07,4979.37
Clothing,Adidas,High Value,Supermarkets ,Manager,816539.39,310,2634.00,500.53,4999.38
Clothing,Adidas,High Value,Supermarkets ,Sales Associate,843321.97,310,2720.39,500.95,4958.83
Clothing,Adidas,High Value,Supermarkets ,Salesperson,827288.59,301,2748.47,507.49,4998.80
Clothing,Adidas,High Value,Supermarkets ,Senior Salesperson,720524.21,267,2698.59,507.97,4987.66
Clothing,Adidas,In-Store Regular,Large Malls / Complexes,Manager,619319.12,227,2728.28,502.05,4989.43
Clothing,Adidas,In-Store Regular,Large Malls / Complexes,Sales Associate,766630.51,275,2787.75,507.51,4999.76
Clothing,Adidas,In-Store Regular,Large Malls / Complexes,Salesperson,697771.82,260,2683.74,530.68,4997.48
Clothing,Adidas,In-Store Regular,Large Malls / Complexes,Senior Salesperson,526849.03,202,2608.16,501.08,4966.53
Clothing,Adidas,In-Store Regular,Small Stores / Shops,Manager,733194.69,263,2787.81,500.64,4978.27
Clothing,Adidas,In-Store Regular,Small Stores / Shops,Sales Associate,793247.61,284,2793.13,504.16,4988.61
Clothing,Adidas,In-Store Regular,Small Stores / Shops,Salesperson,769264.90,285,2699.18,527.34,4980.77
Clothing,Adidas,In-Store Regular,Small Stores / Shops,Senior Salesperson,741195.69,275,2695.26,519.60,4982.85
Clothing,Adidas,In-Store Regular,Supermarkets ,Manager,825709.90,300,2752.37,501.16,4996.97
Clothing,Adidas,In-Store Regular,Supermarkets ,Sales Associate,864567.85,308,2807.04,519.63,4976.89
Clothing,Adidas,In-Store Regular,Supermarkets ,Salesperson,678425.26,268,2531.44,510.59,4995.70
Clothing,Adidas,In-Store Regular,Supermarkets ,Senior Salesperson,760223.29,273,2784.70,507.26,4993.56
Clothing,Adidas,Loyal Customer,Large Malls / Complexes,Manager,691122.03,257,2689.19,507.14,4983.68
Clothing,Adidas,Loyal Customer,Large Malls / Complexes,Sales Associate,694685.59,244,2847.07,506.41,4998.71
Clothing,Adidas,Loyal Customer,Large Malls / Complexes,Salesperson,690925.17,258,2678.00,508.62,4953.97
Clothing,Adidas,Loyal Customer,Large Malls / Complexes,Senior Salesperson,687340.47,251,2738.41,536.61,4986.46
Clothing,Adidas,Loyal Customer,Small Stores / Shops,Manager,714813.05,255,2803.19,522.76,4995.47
Clothing,Adidas,Loyal Customer,Small Stores / Shops,Sales Associate,762266.04,286,2665.27,500.58,4996.78
Clothing,Adidas,Loyal Customer,Small Stores / Shops,Salesperson,911126.56,331,2752.65,503.40,4986.14
Clothing,Adidas,Loyal Customer,Small Stores / Shops,Senior Salesperson,724051.28,258,2806.40,503.78,4972.03
Clothing,Adidas,Loyal Customer,Supermarkets ,Manager,748124.72,288,2597.66,522.55,4991.78
Clothing,Adidas,Loyal Customer,Supermarkets ,Sales Associate,935174.09,331,2825.30,507.47,4992.84
Clothing,Adidas,Loyal Customer,Supermarkets ,Salesperson,882790.13,328,2691.43,539.92,4987.68
Clothing,Adidas,Loyal Customer,Supermarkets ,Senior Salesperson,640570.68,228,2809.52,518.95,4992.80
Clothing,Adidas,Occasional Shopper,Large Malls / Complexes,Manager,717152.87,264,2716.49,512.09,4980.69
Clothing,Adidas,Occasional Shopper,Large Malls / Complexes,Sales Associate,807841.19,291,2776.09,503.83,4991.46
Clothing,Adidas,Occasional Shopper,Large Malls / Complexes,Salesperson,710336.44,255,2785.63,532.59,4986.44
Clothing,Adidas,Occasional Shopper,Large Malls / Complexes,Senior Salesperson,641659.00,232,2765.77,502.00,4994.47
Clothing,Adidas,Occasional Shopper,Small Stores / Shops,Manager,815499.84,287,2841.46,530.26,4995.28
Clothing,Adidas,Occasional Shopper,Small Stores / Shops,Sales Associate,816319.23,306,2667.71,519.85,4998.86
Clothing,Adidas,Occasional Shopper,Small Stores / Shops,Salesperson,807205.38,285,2832.30,526.80,4994.34
Clothing,Adidas,Occasional Shopper,Small Stores / Shops,Senior Salesperson,668014.97,232,2879.37,503.46,4994.73
Clothing,Adidas,Occasional Shopper,Supermarkets ,Manager,769261.84,284,2708.67,501.26,4940.25
Clothing,Adidas,Occasional Shopper,Supermarkets ,Sales Associate,753228.74,286,2633.67,506.71,4986.87
Clothing,Adidas,Occasional Shopper,Supermarkets ,Salesperson,838698.63,307,2731.92,501.52,4993.56
Clothing,Adidas,Occasional Shopper,Supermarkets ,Senior Salesperson,731479.63,267,2739.62,513.69,4971.61
Clothing,Adidas,Online Shopper,Large Malls / Complexes,Manager,703247.03,247,2847.15,529.01,4985.02
Clothing,Adidas,Online Shopper,Large Malls / Complexes,Sales Associate,710465.48,260,2732.56,506.00,4975.61
Clothing,Adidas,Online Shopper,Large Malls / Complexes,Salesperson,684980.61,254,2696.77,531.84,4986.59
Clothing,Adidas,Online Shopper,Large Malls / Complexes,Senior Salesperson,644237.24,247,2608.25,500.11,4974.39
Clothing,Adidas,Online Shopper,Small Stores / Shops,Manager,801614.61,297,2699.04,531.76,4982.12
Clothing,Adidas,Online Shopper,Small Stores / Shops,Sales Associate,834992.85,290,2879.29,562.65,4999.41
Clothing,Adidas,Online Shopper,Small Stores / Shops,Salesperson,790656.01,279,2833.89,516.58,4991.97
Clothing,Adidas,Online Shopper,Small Stores / Shops,Senior Salesperson,652908.83,244,2675.86,531.51,4990.27
Clothing,Adidas,Online Shopper,Supermarkets ,Manager,774611.26,283,2737.14,502.26,4977.82
Clothing,Adidas,Online Shopper,Supermarkets ,Sales Associate,849004.73,303,2802.00,503.72,4967.52
Clothing,Adidas,Online Shopper,Supermarkets ,Salesperson,747722.70,289,2587.28,508.93,4987.14
Clothing,Adidas,Online Shopper,Supermarkets ,Senior Salesperson,733704.42,267,2747.96,522.18,4976.27
Clothing,Adidas,Premium Shopper,Large Malls / Complexes,Manager,727819.61,263,2767.37,533.05,4929.61
Clothing,Adidas,Premium Shopper,Large Malls / Complexes,Sales Associate,775992.79,277,2801.42,500.83,4999.76
Clothing,Adidas,Premium Shopper,Large Malls / Complexes,Salesperson,830823.76,311,2671.46,513.68,4985.65
Clothing,Adidas,Premium Shopper,Large Malls / Complexes,Senior Salesperson,608702.92,221,2754.31,502.29,4989.39
Clothing,Adidas,Premium Shopper,Small Stores / Shops,Manager,702501.13,251,2798.81,518.72,4987.39
Clothing,Adidas,Premium Shopper,Small Stores / Shops,Sales Associate,787233.48,270,2915.68,506.24,4987.71
Clothing,Adidas,Premium Shopper,Small Stores / Shops,Salesperson,813034.14,291,2793.93,511.13,4980.59
Clothing,Adidas,Premium Shopper,Small Stores / Shops,Senior Salesperson,582041.04,227,2564.06,508.98,4974.51
Clothing,Adidas,Premium Shopper,Supermarkets ,Manager,791555.72,288,2748.46,506.98,4980.89
Clothing,Adidas,Premium Shopper,Supermarkets ,Sales Associate,770834.49,299,2578.04,509.03,4965.62
Clothing,Adidas,Premium Shopper,Supermarkets ,Salesperson,824972.30,296,2787.07,517.38,4976.65
Clothing,Adidas,Premium Shopper,Supermarkets ,Senior Salesperson,628310.74,233,2696.61,559.31,4933.02
Clothing,Levi's,Budget Shopper,Large Malls / Complexes,Manager,634123.69,229,2769.10,528.76,4991.32
Clothing,Levi's,Budget Shopper,Large Malls / Complexes,Sales Associate,737598.97,273,2701.83,578.27,4984.14
Clothing,Levi's,Budget Shopper,Large Malls / Complexes,Salesperson,653171.96,249,2623.18,519.61,4992.48
Clothing,Levi's,Budget Shopper,Large Malls / Complexes,Senior Salesperson,690055.39,250,2760.22,507.99,4970.10
Clothing,Levi's,Budget Shopper,Small Stores / Shops,Manager,835043.78,300,2783.48,530.47,4987.56
Clothing,Levi's,Budget Shopper,Small Stores / Shops,Sales Associate,811460.78,298,2723.02,521.65,4996.69
Clothing,Levi's,Budget Shopper,Small Stores / Shops,Salesperson,764691.28,281,2721.32,516.12,4963.80
Clothing,Levi's,Budget Shopper,Small Stores / Shops,Senior Salesperson,756747.35,265,2855.65,505.15,4996.92
Clothing,Levi's,Budget Shopper,Supermarkets ,Manager,801060.76,284,2820.64,504.62,4989.93
Clothing,Levi's,Budget Shopper,Supermarkets ,Sales Associate,883821.29,344,2569.25,501.09,4972.13
Clothing,Levi's,Budget Shopper,Supermarkets ,Salesperson,745281.00,271,2750.11,600.78,4974.48
Clothing,Levi's,Budget Shopper,Supermarkets ,Senior Salesperson,830360.55,288,2883.20,547.52,4983.91
Clothing,Levi's,Churn Risk,Large Malls / Complexes,Manager,812689.92,290,2802.38,513.43,4994.40
Clothing,Levi's,Churn Risk,Large Malls / Complexes,Sales Associate,812752.30,295,2755.09,501.38,4973.57
Clothing,Levi's,Churn Risk,Large Malls / Complexes,Salesperson,787189.12,287,2742.82,516.03,4965.78
Clothing,Levi's,Churn Risk,Large Malls / Complexes,Senior Salesperson,631372.12,236,2675.31,504.15,4991.50
Clothing,Levi's,Churn Risk,Small Stores / Shops,Manager,880116.39,320,2750.36,508.22,4989.85
Clothing,Levi's,Churn Risk,Small Stores / Shops,Sales Associate,827554.03,326,2538.51,506.94,4987.56
Clothing,Levi's,Churn Risk,Small Stores / Shops,Salesperson,880279.66,313,2812.40,517.69,4974.99
Clothing,Levi's,Churn Risk,Small Stores / Shops,Senior Salesperson,829053.06,291,2848.98,513.55,4997.36
Clothing,Levi's,Churn Risk,Supermarkets ,Manager,765848.52,277,2764.80,500.17,4995.43
Clothing,Levi's,Churn Risk,Supermarkets ,Sales Associate,868014.62,299,2903.06,502.65,4972.66
Clothing,Levi's,Churn Risk,Supermarkets ,Salesperson,711974.94,257,2770.33,506.96,4996.75
Clothing,Levi's,Churn Risk,Supermarkets ,Senior Salesperson,760715.43,285,2669.18,543.41,4974.45
Clothing,Levi's,Deal Seeker,Large Malls / Complexes,Manager,768577.76,275,2794.83,527.50,4969.29
Clothing,Levi's,Deal Seeker,Large Malls / Complexes,Sales Associate,795913.39,292,2725.73,504.03,4974.76
Clothing,Levi's,Deal Seeker,Large Malls / Complexes,Salesperson,859921.17,298,2885.64,502.63,4973.88
Clothing,Levi's,Deal Seeker,Large Malls / Complexes,Senior Salesperson,639442.80,245,2609.97,502.02,4942.36
Clothing,Levi's,Deal Seeker,Small Stores / Shops,Manager,753103.57,268,2810.09,530.38,4998.11
Clothing,Levi's,Deal Seeker,Small Stores / Shops,Sales Associate,809292.48,298,2715.75,558.71,4988.14
Clothing,Levi's,Deal Seeker,Small Stores / Shops,Salesperson,869684.71,312,2787.45,503.19,4998.97
Clothing,Levi's,Deal Seeker,Small Stores / Shops,Senior Salesperson,700024.07,250,2800.10,535.07,4960.57
Clothing,Levi's,Deal Seeker,Supermarkets ,Manager,861090.76,316,2724.97,514.47,4993.33
Clothing,Levi's,Deal Seeker,Supermarkets ,Sales Associate,829444.14,316,2624.82,501.70,4974.06
Clothing,Levi's,Deal Seeker,Supermarkets ,Salesperson,836048.86,315,2654.12,524.93,4992.16
Clothing,Levi's,Deal Seeker,Supermarkets ,Senior Salesperson,721299.43,255,2828.63,507.38,4934.59
Clothing,Levi's,First-time Buyer,Large Malls / Complexes,Manager,828441.87,292,2837.13,500.37,4996.53
Clothing,Levi's,First-time Buyer,Large Malls / Complexes,Sales Associate,739043.75,274,2697.24,503.41,4985.03
Clothing,Levi's,First-time Buyer,Large Malls / Complexes,Salesperson,757596.31,265,2858.85,542.62,4991.99
Clothing,Levi's,First-time Buyer,Large Malls / Complexes,Senior Salesperson,694369.04,243,2857.49,509.56,4993.74
Clothing,Levi's,First-time Buyer,Small Stores / Shops,Manager,692459.31,257,2694.39,532.34,4995.21
Clothing,Levi's,First-time Buyer,Small Stores / Shops,Sales Associate,765882.68,275,2785.03,504.95,4985.92
Clothing,Levi's,First-time Buyer,Small Stores / Shops,Salesperson,788532.68,287,2747.50,503.70,4996.15
Clothing,Levi's,First-time Buyer,Small Stores / Shops,Senior Salesperson,772615.37,276,2799.33,538.27,4991.26
Clothing,Levi's,First-time Buyer,Supermarkets ,Manager,787663.21,290,2716.08,500.63,4968.81
Clothing,Levi's,First-time Buyer,Supermarkets ,Sales Associate,864885.02,306,2826.42,500.27,4987.49
Clothing,Levi's,First-time Buyer,Supermarkets ,Salesperson,888165.02,328,2707.82,502.13,4990.95
Clothing,Levi's,First-time Buyer,Supermarkets ,Senior Salesperson,761802.77,261,2918.78,525.25,4988.69
Clothing,Levi's,High Value,Large Malls / Complexes,Manager,752489.54,277,2716.57,517.32,4990.21
Clothing,Levi's,High Value,Large Malls / Complexes,Sales Associate,731995.25,264,2772.71,506.74,4991.07
Clothing,Levi's,High Value,Large Malls / Complexes,Salesperson,760262.08,274,2774.68,513.20,4976.47
Clothing,Levi's,High Value,Large Malls / Complexes,Senior Salesperson,612562.88,224,2734.66,514.01,4993.83
Clothing,Levi's,High Value,Small Stores / Shops,Manager,787234.66,285,2762.23,510.90,4981.02
Clothing,Levi's,High Value,Small Stores / Shops,Sales Associate,850386.10,313,2716.89,516.34,4999.26
Clothing,Levi's,High Value,Small Stores / Shops,Salesperson,931305.32,325,2865.55,525.81,4975.30
Clothing,Levi's,High Value,Small Stores / Shops,Senior Salesperson,701659.74,255,2751.61,519.78,4992.67
Clothing,Levi's,High Value,Supermarkets ,Manager,772771.93,282,2740.33,582.35,4976.30
Clothing,Levi's,High Value,Supermarkets ,Sales Associate,881272.95,310,2842.82,501.71,4989.35
Clothing,Levi's,High Value,Supermarkets ,Salesperson,715946.36,265,2701.68,513.09,4958.71
Clothing,Levi's,High Value,Supermarkets ,Senior Salesperson,607541.42,235,2585.28,533.30,4989.26
Clothing,Levi's,In-Store Regular,Large Malls / Complexes,Manager,720674.14,266,2709.30,514.92,4996.58
Clothing,Levi's,In-Store Regular,Large Malls / Complexes,Sales Associate,769500.70,280,2748.22,500.60,4997.07
Clothing,Levi's,In-Store Regular,Large Malls / Complexes,Salesperson,682010.70,256,2664.10,504.55,4997.25
Clothing,Levi's,In-Store Regular,Large Malls / Complexes,Senior Salesperson,618046.09,223,2771.51,568.62,4982.67
Clothing,Levi's,In-Store Regular,Small Stores / Shops,Manager,718899.08,265,2712.83,516.81,4999.21
Clothing,Levi's,In-Store Regular,Small Stores / Shops,Sales Associate,889994.36,323,2755.40,516.82,4999.49
Clothing,Levi's,In-Store Regular,Small Stores / Shops,Salesperson,813508.90,296,2748.34,545.96,4984.90
Clothing,Levi's,In-Store Regular,Small Stores / Shops,Senior Salesperson,809178.46,295,2742.98,502.23,4989.84
Clothing,Levi's,In-Store Regular,Supermarkets ,Manager,817016.85,291,2807.62,501.02,4998.47
Clothing,Levi's,In-Store Regular,Supermarkets ,Sales Associate,919670.44,325,2829.76,529.64,4992.45
Clothing,Levi's,In-Store Regular,Supermarkets ,Salesperson,751664.80,275,2733.33,557.52,4942.95
Clothing,Levi's,In-Store Regular,Supermarkets ,Senior Salesperson,708221.52,250,2832.89,513.88,4956.33
Clothing,Levi's,Loyal Customer,Large Malls / Complexes,Manager,813898.19,293,2777.81,502.97,4982.90
Clothing,Levi's,Loyal Customer,Large Malls / Complexes,Sales Associate,749195.92,268,2795.51,508.09,4963.11
Clothing,Levi's,Loyal Customer,Large Malls / Complexes,Salesperson,835612.58,291,2871.52,522.15,4999.97
Clothing,Levi's,Loyal Customer,Large Malls / Complexes,Senior Salesperson,764024.33,268,2850.84,519.80,4989.26
Clothing,Levi's,Loyal Customer,Small Stores / Shops,Manager,709418.40,262,2707.70,518.61,4962.10
Clothing,Levi's,Loyal Customer,Small Stores / Shops,Sales Associate,791954.67,290,2730.88,508.91,4997.63
Clothing,Levi's,Loyal Customer,Small Stores / Shops,Salesperson,763990.49,279,2738.32,512.43,4978.63
Clothing,Levi's,Loyal Customer,Small Stores / Shops,Senior Salesperson,671556.46,247,2718.85,503.91,4996.66
Clothing,Levi's,Loyal Customer,Supermarkets ,Manager,730215.71,262,2787.08,549.20,4973.33
Clothing,Levi's,Loyal Customer,Supermarkets ,Sales Associate,874983.66,318,2751.52,540.79,4999.85
Clothing,Levi's,Loyal Customer,Supermarkets ,Salesperson,800910.98,302,2652.02,501.94,4976.42
Clothing,Levi's,Loyal Customer,Supermarkets ,Senior Salesperson,634843.68,235,2701.46,506.33,4988.46
Clothing,Levi's,Occasional Shopper,Large Malls / Complexes,Manager,684131.94,259,2641.44,521.34,4958.75
Clothing,Levi's,Occasional Shopper,Large Malls / Complexes,Sales Associate,740266.07,281,2634.40,501.94,4973.12
Clothing,Levi's,Occasional Shopper,Large Malls / Complexes,Salesperson,756980.25,276,2742.68,520.46,4991.55
Clothing,Levi's,Occasional Shopper,Large Malls / Complexes,Senior Salesperson,594300.87,220,2701.37,546.12,4983.20
Clothing,Levi's,Occasional Shopper,Small Stores / Shops,Manager,767199.24,283,2710.95,521.39,4978.14
Clothing,Levi's,Occasional Shopper,Small Stores / Shops,Sales Associate,888239.15,319,2784.45,501.31,4991.37
Clothing,Levi's,Occasional Shopper,Small Stores / Shops,Salesperson,838164.14,306,2739.10,509.78,4992.74
Clothing,Levi's,Occasional Shopper,Small Stores / Shops,Senior Salesperson,655282.97,237,2764.91,523.96,4989.27
Clothing,Levi's,Occasional Shopper,Supermarkets ,Manager,743264.57,275,2702.78,522.23,4971.97
Clothing,Levi's,Occasional Shopper,Supermarkets ,Sales Associate,837263.37,316,2649.57,512.13,4979.76
Clothing,Levi's,Occasional Shopper,Supermarkets ,Salesperson,773127.69,281,2751.34,501.79,4928.12
Clothing,Levi's,Occasional Shopper,Supermarkets ,Senior Salesperson,780710.97,286,2729.76,509.30,4994.57
Clothing,Levi's,Online Shopper,Large Malls / Complexes,Manager,704922.05,262,2690.54,507.90,4960.18
Clothing,Levi's,Online Shopper,Large Malls / Complexes,Sales Associate,832595.16,286,2911.17,508.74,4992.50
Clothing,Levi's,Online Shopper,Large Malls / Complexes,Salesperson,806212.99,282,2858.91,510.92,4983.18
Clothing,Levi's,Online Shopper,Large Malls / Complexes,Senior Salesperson,654478.40,230,2845.56,507.81,4999.60
Clothing,Levi's,Online Shopper,Small Stores / Shops,Manager,724608.80,265,2734.37,501.14,4970.06
Clothing,Levi's,Online Shopper,Small Stores / Shops,Sales Associate,784957.71,294,2669.92,501.81,4903.87
Clothing,Levi's,Online Shopper,Small Stores / Shops,Salesperson,894719.05,321,2787.29,518.46,4985.08
Clothing,Levi's,Online Shopper,Small Stores / Shops,Senior Salesperson,795745.34,289,2753.44,507.39,4976.93
Clothing,Levi's,Online Shopper,Supermarkets ,Manager,870130.17,317,2744.89,509.47,4996.33
Clothing,Levi's,Online Shopper,Supermarkets ,Sales Associate,773352.74,286,2704.03,500.12,4953.72
Clothing,Levi's,Online Shopper,Supermarkets ,Salesperson,820135.96,293,2799.10,535.78,4985.08
Clothing,Levi's,Online Shopper,Supermarkets ,Senior Salesperson,755487.73,273,2767.35,519.21,4973.33
Clothing,Levi's,Premium Shopper,Large Malls / Complexes,Manager,704604.74,251,2807.19,508.75,4948.95
Clothing,Levi's,Premium Shopper,Large Malls / Complexes,Sales Associate,705798.64,271,2604.42,501.18,4972.47
Clothing,Levi's,Premium Shopper,Large Malls / Complexes,Salesperson,771813.74,286,2698.65,507.09,4969.05
Clothing,Levi's,Premium Shopper,Large Malls / Complexes,Senior Salesperson,533952.27,210,2542.63,531.40,4979.50
Clothing,Levi's,Premium Shopper,Small Stores / Shops,Manager,720056.65,260,2769.45,500.17,4960.70
Clothing,Levi's,Premium Shopper,Small Stores / Shops,Sales Associate,747211.35,278,2687.81,510.84,4981.25
Clothing,Levi's,Premium Shopper,Small Stores / Shops,Salesperson,775517.20,285,2721.11,532.13,4998.56
Clothing,Levi's,Premium Shopper,Small Stores / Shops,Senior Salesperson,707046.24,258,2740.49,507.23,4996.42
Clothing,Levi's,Premium Shopper,Supermarkets ,Manager,812849.45,290,2802.93,504.42,4946.69
Clothing,Levi's,Premium Shopper,Supermarkets ,Sales Associate,821148.68,296,2774.15,533.54,4987.96
Clothing,Levi's,Premium Shopper,Supermarkets ,Salesperson,924540.17,320,2889.19,530.89,4988.37
Clothing,Levi's,Premium Shopper,Supermarkets ,Senior Salesperson,685344.09,253,2708.87,521.68,4985.74
Clothing,Nike,Budget Shopper,Large Malls / Complexes,Manager,721951.78,264,2734.67,501.91,4999.12
Clothing,Nike,Budget Shopper,Large Malls / Complexes,Sales Associate,854025.84,314,2719.83,502.91,4984.47
Clothing,Nike,Budget Shopper,Large Malls / Complexes,Salesperson,753212.67,272,2769.16,506.30,4971.29
Clothing,Nike,Budget Shopper,Large Malls / Complexes,Senior Salesperson,711557.09,259,2747.32,523.17,4999.01
Clothing,Nike,Budget Shopper,Small Stores / Shops,Manager,817271.07,295,2770.41,507.38,4968.40
Clothing,Nike,Budget Shopper,Small Stores / Shops,Sales Associate,796397.08,292,2727.39,511.64,4991.80
Clothing,Nike,Budget Shopper,Small Stores / Shops,Salesperson,841694.21,306,2750.63,505.48,4975.27
Clothing,Nike,Budget Shopper,Small Stores / Shops,Senior Salesperson,752941.19,264,2852.05,522.84,4999.08
Clothing,Nike,Budget Shopper,Supermarkets ,Manager,781375.81,278,2810.70,512.09,4973.36
Clothing,Nike,Budget Shopper,Supermarkets ,Sales Associate,927545.56,320,2898.58,511.82,4979.71
Clothing,Nike,Budget Shopper,Supermarkets ,Salesperson,833887.62,301,2770.39,508.71,4993.22
Clothing,Nike,Budget Shopper,Supermarkets ,Senior Salesperson,714917.62,258,2771.00,520.90,4985.99
Clothing,Nike,Churn Risk,Large Malls / Complexes,Manager,608060.76,234,2598.55,524.45,4998.22
Clothing,Nike,Churn Risk,Large Malls / Complexes,Sales Associate,694144.21,256,2711.50,518.08,4969.79
Clothing,Nike,Churn Risk,Large Malls / Complexes,Salesperson,788832.79,302,2612.03,500.82,4999.04
Clothing,Nike,Churn Risk,Large Malls / Complexes,Senior Salesperson,596173.67,225,2649.66,501.92,4960.91
Clothing,Nike,Churn Risk,Small Stores / Shops,Manager,837046.00,301,2780.88,510.00,4969.37
Clothing,Nike,Churn Risk,Small Stores / Shops,Sales Associate,707603.30,270,2620.75,511.64,4929.43
Clothing,Nike,Churn Risk,Small Stores / Shops,Salesperson,918815.62,313,2935.51,515.13,4997.78
Clothing,Nike,Churn Risk,Small Stores / Shops,Senior Salesperson,705963.66,270,2614.68,522.50,4998.85
Clothing,Nike,Churn Risk,Supermarkets ,Manager,884086.92,309,2861.12,508.53,4996.67
Clothing,Nike,Churn Risk,Supermarkets ,Sales Associate,882141.35,326,2705.96,509.47,4990.46
Clothing,Nike,Churn Risk,Supermarkets ,Salesperson,836375.60,307,2724.35,527.17,4976.01
Clothing,Nike,Churn Risk,Supermarkets ,Senior Salesperson,694475.14,247,2811.64,520.13,4998.67
Clothing,Nike,Deal Seeker,Large Malls / Complexes,Manager,764850.16,277,2761.19,501.97,4991.55
Clothing,Nike,Deal Seeker,Large Malls / Complexes,Sales Associate,782668.26,288,2717.60,524.93,4996.06
Clothing,Nike,Deal Seeker,Large Malls / Complexes,Salesperson,719354.65,277,2596.95,509.30,4987.50
Clothing,Nike,Deal Seeker,Large Malls / Complexes,Senior Salesperson,603484.26,225,2682.15,509.63,4996.55
Clothing,Nike,Deal Seeker,Small Stores / Shops,Manager,721418.72,273,2642.56,500.55,4996.81
Clothing,Nike,Deal Seeker,Small Stores / Shops,Sales Associate,948847.76,331,2866.61,500.14,4985.45
Clothing,Nike,Deal Seeker,Small Stores / Shops,Salesperson,752675.98,301,2500.58,513.34,4983.60
Clothing,Nike,Deal Seeker,Small Stores / Shops,Senior Salesperson,639069.19,226,2827.74,553.35,4987.69
Clothing,Nike,Deal Seeker,Supermarkets ,Manager,801430.35,299,2680.37,500.89,4997.10
Clothing,Nike,Deal Seeker,Supermarkets ,Sales Associate,785332.50,292,2689.49,592.67,4957.58
Clothing,Nike,Deal Seeker,Supermarkets ,Salesperson,765336.58,291,2630.02,503.83,4996.75
Clothing,Nike,Deal Seeker,Supermarkets ,Senior Salesperson,761801.76,279,2730.47,501.15,4997.93
Clothing,Nike,First-time Buyer,Large Malls / Complexes,Manager,763081.96,278,2744.90,519.82,4966.64
Clothing,Nike,First-time Buyer,Large Malls / Complexes,Sales Associate,808790.43,290,2788.93,536.71,4997.09
Clothing,Nike,First-time Buyer,Large Malls / Complexes,Salesperson,737747.97,276,2673.00,514.42,4998.79
Clothing,Nike,First-time Buyer,Large Malls / Complexes,Senior Salesperson,671962.08,236,2847.30,516.31,4996.12
Clothing,Nike,First-time Buyer,Small Stores / Shops,Manager,727572.85,266,2735.24,501.63,4992.45
Clothing,Nike,First-time Buyer,Small Stores / Shops,Sales Associate,790872.14,301,2627.48,518.90,4996.51
Clothing,Nike,First-time Buyer,Small Stores / Shops,Salesperson,859022.93,304,2825.73,504.14,4990.18
Clothing,Nike,First-time Buyer,Small Stores / Shops,Senior Salesperson,740104.37,269,2751.32,504.72,4998.40
Clothing,Nike,First-time Buyer,Supermarkets ,Manager,719795.16,267,2695.86,511.89,4957.12
Clothing,Nike,First-time Buyer,Supermarkets ,Sales Associate,786612.90,284,2769.76,540.90,4986.56
Clothing,Nike,First-time Buyer,Supermarkets ,Salesperson,810340.90,289,2803.95,519.98,4998.86
Clothing,Nike,First-time Buyer,Supermarkets ,Senior Salesperson,672687.69,233,2887.07,513.81,4998.25
Clothing,Nike,High Value,Large Malls / Complexes,Manager,673707.34,233,2891.45,504.64,4930.31
Clothing,Nike,High Value,Large Malls / Complexes,Sales Associate,762636.26,272,2803.81,514.20,4983.14
Clothing,Nike,High Value,Large Malls / Complexes,Salesperson,760927.55,278,2737.15,501.48,4987.90
Clothing,Nike,High Value,Large Malls / Complexes,Senior Salesperson,605265.59,235,2575.60,514.29,4977.80
Clothing,Nike,High Value,Small Stores / Shops,Manager,807327.59,292,2764.82,504.65,4985.24
Clothing,Nike,High Value,Small Stores / Shops,Sales Associate,828307.73,291,2846.42,537.11,4999.95
Clothing,Nike,High Value,Small Stores / Shops,Salesperson,799734.89,278,2876.74,523.22,4965.55
Clothing,Nike,High Value,Small Stores / Shops,Senior Salesperson,729977.05,264,2765.06,502.52,4992.66
Clothing,Nike,High Value,Supermarkets ,Manager,826240.08,300,2754.13,501.90,4999.11
Clothing,Nike,High Value,Supermarkets ,Sales Associate,826906.79,302,2738.10,500.77,4994.34
Clothing,Nike,High Value,Supermarkets ,Salesperson,810324.77,288,2813.63,534.65,4988.91
Clothing,Nike,High Value,Supermarkets ,Senior Salesperson,829400.96,286,2900.00,504.25,4997.27
Clothing,Nike,In-Store Regular,Large Malls / Complexes,Manager,731475.79,276,2650.27,511.44,4993.71
Clothing,Nike,In-Store Regular,Large Malls / Complexes,Sales Associate,690569.79,251,2751.27,515.28,4998.76
Clothing,Nike,In-Store Regular,Large Malls / Complexes,Salesperson,756977.82,266,2845.78,518.07,4982.68
Clothing,Nike,In-Store Regular,Large Malls / Complexes,Senior Salesperson,652305.65,247,2640.91,523.12,4994.53
Clothing,Nike,In-Store Regular,Small Stores / Shops,Manager,871391.68,308,2829.19,509.39,4976.73
Clothing,Nike,In-Store Regular,Small Stores / Shops,Sales Associate,804735.22,294,2737.19,509.72,4995.83
Clothing,Nike,In-Store Regular,Small Stores / Shops,Salesperson,877384.02,314,2794.22,506.75,4986.87
Clothing,Nike,In-Store Regular,Small Stores / Shops,Senior Salesperson,576466.14,214,2693.77,533.93,4998.73
Clothing,Nike,In-Store Regular,Supermarkets ,Manager,825292.24,283,2916.23,505.91,4988.99
Clothing,Nike,In-Store Regular,Supermarkets ,Sales Associate,865129.65,319,2712.01,502.32,4991.51
Clothing,Nike,In-Store Regular,Supermarkets ,Salesperson,874256.82,324,2698.32,515.42,4999.33
Clothing,Nike,In-Store Regular,Supermarkets ,Senior Salesperson,670892.95,256,2620.68,503.23,4946.81
Clothing,Nike,Loyal Customer,Large Malls / Complexes,Manager,764582.61,269,2842.31,506.69,4997.89
Clothing,Nike,Loyal Customer,Large Malls / Complexes,Sales Associate,695556.26,249,2793.40,506.59,4997.47
Clothing,Nike,Loyal Customer,Large Malls / Complexes,Salesperson,824831.94,294,2805.55,514.81,4972.62
Clothing,Nike,Loyal Customer,Large Malls / Complexes,Senior Salesperson,723458.47,259,2793.28,501.58,4982.10
Clothing,Nike,Loyal Customer,Small Stores / Shops,Manager,797047.22,280,2846.60,524.76,4996.20
Clothing,Nike,Loyal Customer,Small Stores / Shops,Sales Associate,864449.49,310,2788.55,532.95,4994.31
Clothing,Nike,Loyal Customer,Small Stores / Shops,Salesperson,875030.20,308,2841.01,525.01,4998.67
Clothing,Nike,Loyal Customer,Small Stores / Shops,Senior Salesperson,707478.35,260,2721.07,508.62,4993.88
Clothing,Nike,Loyal Customer,Supermarkets ,Manager,738702.91,264,2798.12,511.51,4996.19
Clothing,Nike,Loyal Customer,Supermarkets ,Sales Associate,965292.09,345,2797.95,504.07,4983.28
Clothing,Nike,Loyal Customer,Supermarkets ,Salesperson,832376.75,314,2650.88,502.19,4998.23
Clothing,Nike,Loyal Customer,Supermarkets ,Senior Salesperson,719377.94,263,2735.28,517.52,4964.73
Clothing,Nike,Occasional Shopper,Large Malls / Complexes,Manager,761016.09,294,2588.49,501.20,4981.70
Clothing,Nike,Occasional Shopper,Large Malls / Complexes,Sales Associate,852107.06,299,2849.86,515.85,4992.01
Clothing,Nike,Occasional Shopper,Large Malls / Complexes,Salesperson,735101.97,274,2682.85,513.85,4999.19
Clothing,Nike,Occasional Shopper,Large Malls / Complexes,Senior Salesperson,701551.93,253,2772.93,531.53,4988.51
Clothing,Nike,Occasional Shopper,Small Stores / Shops,Manager,746408.63,273,2734.10,518.85,4992.82
Clothing,Nike,Occasional Shopper,Small Stores / Shops,Sales Associate,875665.01,304,2880.48,501.25,4978.45
Clothing,Nike,Occasional Shopper,Small Stores / Shops,Salesperson,819320.84,303,2704.03,502.13,4995.34
Clothing,Nike,Occasional Shopper,Small Stores / Shops,Senior Salesperson,682712.20,248,2752.87,500.65,4990.29
Clothing,Nike,Occasional Shopper,Supermarkets ,Manager,822951.60,294,2799.16,521.58,4999.75
Clothing,Nike,Occasional Shopper,Supermarkets ,Sales Associate,863882.45,304,2841.72,513.39,4976.17
Clothing,Nike,Occasional Shopper,Supermarkets ,Salesperson,777522.23,281,2766.98,510.06,4996.26
Clothing,Nike,Occasional Shopper,Supermarkets ,Senior Salesperson,696002.57,259,2687.27,521.75,4982.77
Clothing,Nike,Online Shopper,Large Malls / Complexes,Manager,607656.73,216,2813.23,572.54,4974.99
Clothing,Nike,Online Shopper,Large Malls / Complexes,Sales Associate,866896.51,306,2833.00,508.00,4990.16
Clothing,Nike,Online Shopper,Large Malls / Complexes,Salesperson,745960.69,276,2702.76,513.51,4996.67
Clothing,Nike,Online Shopper,Large Malls / Complexes,Senior Salesperson,681892.34,246,2771.92,500.29,4997.02
Clothing,Nike,Online Shopper,Small Stores / Shops,Manager,739725.71,262,2823.38,505.29,4993.54
Clothing,Nike,Online Shopper,Small Stores / Shops,Sales Associate,812035.14,292,2780.94,502.80,4974.38
Clothing,Nike,Online Shopper,Small Stores / Shops,Salesperson,800519.84,283,2828.69,509.19,4964.82
Clothing,Nike,Online Shopper,Small Stores / Shops,Senior Salesperson,773748.38,265,2919.81,503.50,4998.41
Clothing,Nike,Online Shopper,Supermarkets ,Manager,709410.23,273,2598.57,501.71,4984.02
Clothing,Nike,Online Shopper,Supermarkets ,Sales Associate,873005.95,317,2753.96,524.51,4992.25
Clothing,Nike,Online Shopper,Supermarkets ,Salesperson,789102.90,271,2911.82,500.43,4995.11
Clothing,Nike,Online Shopper,Supermarkets ,Senior Salesperson,692311.64,244,2837.34,503.75,4978.36
Clothing,Nike,Premium Shopper,Large Malls / Complexes,Manager,673799.20,260,2591.54,504.47,4934.20
Clothing,Nike,Premium Shopper,Large Malls / Complexes,Sales Associate,697365.93,266,2621.68,500.72,4890.72
Clothing,Nike,Premium Shopper,Large Malls / Complexes,Salesperson,749432.36,270,2775.68,532.76,4997.81
Clothing,Nike,Premium Shopper,Large Malls / Complexes,Senior Salesperson,632286.28,232,2725.37,506.25,4993.60
Clothing,Nike,Premium Shopper,Small Stores / Shops,Manager,851331.44,291,2925.54,531.77,4979.52
Clothing,Nike,Premium Shopper,Small Stores / Shops,Sales Associate,872323.87,322,2709.08,512.94,4996.89
Clothing,Nike,Premium Shopper,Small Stores / Shops,Salesperson,822157.96,306,2686.79,514.32,4980.80
Clothing,Nike,Premium Shopper,Small Stores / Shops,Senior Salesperson,677555.83,243,2788.30,572.46,4963.99
Clothing,Nike,Premium Shopper,Supermarkets ,Manager,835018.49,290,2879.37,508.64,4993.48
Clothing,Nike,Premium Shopper,Supermarkets ,Sales Associate,852091.07,294,2898.27,549.88,4983.25
Clothing,Nike,Premium Shopper,Supermarkets ,Salesperson,749363.29,270,2775.42,506.18,4997.44
Clothing,Nike,Premium Shopper,Supermarkets ,Senior Salesperson,737172.20,260,2835.28,503.54,4984.19
Clothing,Puma,Budget Shopper,Large Malls / Complexes,Manager,707638.03,258,2742.78,513.95,4993.20
Clothing,Puma,Budget Shopper,Large Malls / Complexes,Sales Associate,711002.16,267,2662.93,522.75,4969.15
Clothing,Puma,Budget Shopper,Large Malls / Complexes,Salesperson,817520.38,275,2972.80,502.32,4986.57
Clothing,Puma,Budget Shopper,Large Malls / Complexes,Senior Salesperson,605556.01,226,2679.45,521.85,4972.30
Clothing,Puma,Budget Shopper,Small Stores / Shops,Manager,780794.51,278,2808.61,504.90,4984.66
Clothing,Puma,Budget Shopper,Small Stores / Shops,Sales Associate,829953.72,302,2748.19,515.93,4997.38
Clothing,Puma,Budget Shopper,Small Stores / Shops,Salesperson,813690.09,293,2777.10,538.53,4996.58
Clothing,Puma,Budget Shopper,Small Stores / Shops,Senior Salesperson,739579.61,273,2709.08,541.81,4998.97
Clothing,Puma,Budget Shopper,Supermarkets ,Manager,723884.58,260,2784.17,508.47,4985.43
Clothing,Puma,Budget Shopper,Supermarkets ,Sales Associate,807224.15,289,2793.16,514.18,4999.85
Clothing,Puma,Budget Shopper,Supermarkets ,Salesperson,784719.36,286,2743.77,531.93,4999.17
Clothing,Puma,Budget Shopper,Supermarkets ,Senior Salesperson,658294.64,244,2697.93,534.01,4938.97
Clothing,Puma,Churn Risk,Large Malls / Complexes,Manager,710040.92,268,2649.41,503.81,4998.56
Clothing,Puma,Churn Risk,Large Malls / Complexes,Sales Associate,766438.87,271,2828.19,526.90,4995.99
Clothing,Puma,Churn Risk,Large Malls / Complexes,Salesperson,638316.61,240,2659.65,519.01,4929.12
Clothing,Puma,Churn Risk,Large Malls / Complexes,Senior Salesperson,596799.43,222,2688.29,513.39,4984.06
Clothing,Puma,Churn Risk,Small Stores / Shops,Manager,773791.70,280,2763.54,509.16,4995.97
Clothing,Puma,Churn Risk,Small Stores / Shops,Sales Associate,756657.83,288,2627.28,500.57,4935.60
Clothing,Puma,Churn Risk,Small Stores / Shops,Salesperson,793582.71,296,2681.02,525.60,4974.02
Clothing,Puma,Churn Risk,Small Stores / Shops,Senior Salesperson,764949.79,266,2875.75,612.04,4997.16
Clothing,Puma,Churn Risk,Supermarkets ,Manager,706703.64,268,2636.95,505.35,4970.59
Clothing,Puma,Churn Risk,Supermarkets ,Sales Associate,780096.92,290,2689.99,503.04,4994.80
Clothing,Puma,Churn Risk,Supermarkets ,Salesperson,745127.54,280,2661.17,506.85,4990.32
Clothing,Puma,Churn Risk,Supermarkets ,Senior Salesperson,745509.43,262,2845.46,517.45,4989.54
Clothing,Puma,Deal Seeker,Large Malls / Complexes,Manager,785132.29,280,2804.04,608.72,4998.00
Clothing,Puma,Deal Seeker,Large Malls / Complexes,Sales Associate,751644.60,276,2723.35,527.15,4955.45
Clothing,Puma,Deal Seeker,Large Malls / Complexes,Salesperson,760639.14,283,2687.77,506.16,4969.41
Clothing,Puma,Deal Seeker,Large Malls / Complexes,Senior Salesperson,756612.37,263,2876.85,524.18,4992.22
Clothing,Puma,Deal Seeker,Small Stores / Shops,Manager,813286.01,288,2823.91,535.10,4985.25
Clothing,Puma,Deal Seeker,Small Stores / Shops,Sales Associate,811315.73,292,2778.48,504.07,4978.78
Clothing,Puma,Deal Seeker,Small Stores / Shops,Salesperson,806728.12,300,2689.09,517.86,4969.22
Clothing,Puma,Deal Seeker,Small Stores / Shops,Senior Salesperson,801430.62,294,2725.95,528.18,4996.19
Clothing,Puma,Deal Seeker,Supermarkets ,Manager,824681.20,287,2873.45,500.97,4977.73
Clothing,Puma,Deal Seeker,Supermarkets ,Sales Associate,779509.05,286,2725.56,538.43,4923.71
Clothing,Puma,Deal Seeker,Supermarkets ,Salesperson,911376.08,323,2821.60,525.23,4997.64
Clothing,Puma,Deal Seeker,Supermarkets ,Senior Salesperson,613532.02,231,2655.98,500.07,4999.01
Clothing,Puma,First-time Buyer,Large Malls / Complexes,Manager,661582.92,254,2604.66,514.57,4981.36
Clothing,Puma,First-time Buyer,Large Malls / Complexes,Sales Associate,807394.77,275,2935.98,531.33,4999.23
Clothing,Puma,First-time Buyer,Large Malls / Complexes,Salesperson,622333.01,243,2561.04,536.42,4998.11
Clothing,Puma,First-time Buyer,Large Malls / Complexes,Senior Salesperson,625510.62,224,2792.46,522.75,4988.86
Clothing,Puma,First-time Buyer,Small Stores / Shops,Manager,668090.52,243,2749.34,503.57,4999.40
Clothing,Puma,First-time Buyer,Small Stores / Shops,Sales Associate,820028.13,291,2817.97,549.31,4993.42
Clothing,Puma,First-time Buyer,Small Stores / Shops,Salesperson,807825.31,293,2757.08,505.09,4959.02
Clothing,Puma,First-time Buyer,Small Stores / Shops,Senior Salesperson,805142.55,276,2917.18,511.21,4975.54
Clothing,Puma,First-time Buyer,Supermarkets ,Manager,714388.23,265,2695.80,522.28,4991.01
Clothing,Puma,First-time Buyer,Supermarkets ,Sales Associate,852829.17,327,2608.04,502.20,4984.29
Clothing,Puma,First-time Buyer,Supermarkets ,Salesperson,843464.24,303,2783.71,504.68,4985.10
Clothing,Puma,First-time Buyer,Supermarkets ,Senior Salesperson,680870.14,241,2825.19,506.01,4999.98
Clothing,Puma,High Value,Large Malls / Complexes,Manager,805397.41,289,2786.84,504.64,4979.41
Clothing,Puma,High Value,Large Malls / Complexes,Sales Associate,841450.34,305,2758.85,507.03,4997.99
Clothing,Puma,High Value,Large Malls / Complexes,Salesperson,689003.70,252,2734.14,514.04,4969.79
Clothing,Puma,High Value,Large Malls / Complexes,Senior Salesperson,599049.53,232,2582.11,504.71,4983.63
Clothing,Puma,High Value,Small Stores / Shops,Manager,783488.07,280,2798.17,521.45,4992.59
Clothing,Puma,High Value,Small Stores / Shops,Sales Associate,774572.28,281,2756.48,503.43,4975.22
Clothing,Puma,High Value,Small Stores / Shops,Salesperson,805224.60,292,2757.62,521.21,4998.14
Clothing,Puma,High Value,Small Stores / Shops,Senior Salesperson,679480.53,245,2773.39,503.46,4937.32
Clothing,Puma,High Value,Supermarkets ,Manager,779409.37,301,2589.40,500.82,4972.78
Clothing,Puma,High Value,Supermarkets ,Sales Associate,751234.69,277,2712.04,509.87,4953.66
Clothing,Puma,High Value,Supermarkets ,Salesperson,807049.63,300,2690.17,506.40,4984.98
Clothing,Puma,High Value,Supermarkets ,Senior Salesperson,676366.16,241,2806.50,500.45,4975.17
Clothing,Puma,In-Store Regular,Large Malls / Complexes,Manager,689917.30,248,2781.92,516.08,4954.68
Clothing,Puma,In-Store Regular,Large Malls / Complexes,Sales Associate,765734.31,278,2754.44,501.78,4982.29
Clothing,Puma,In-Store Regular,Large Malls / Complexes,Salesperson,737687.91,265,2783.73,502.29,4998.12
Clothing,Puma,In-Store Regular,Large Malls / Complexes,Senior Salesperson,617956.52,217,2847.73,505.07,4995.16
Clothing,Puma,In-Store Regular,Small Stores / Shops,Manager,697064.35,267,2610.73,511.59,4995.61
Clothing,Puma,In-Store Regular,Small Stores / Shops,Sales Associate,821642.06,292,2813.84,507.84,4982.94
Clothing,Puma,In-Store Regular,Small Stores / Shops,Salesperson,754634.94,284,2657.17,524.30,4983.33
Clothing,Puma,In-Store Regular,Small Stores / Shops,Senior Salesperson,744562.54,268,2778.22,500.74,4993.73
Clothing,Puma,In-Store Regular,Supermarkets ,Manager,734352.03,263,2792.21,547.55,4998.51
Clothing,Puma,In-Store Regular,Supermarkets ,Sales Associate,847864.68,318,2666.24,517.58,4985.05
Clothing,Puma,In-Store Regular,Supermarkets ,Salesperson,819405.95,282,2905.69,501.80,4991.71
Clothing,Puma,In-Store Regular,Supermarkets ,Senior Salesperson,814862.57,288,2829.38,560.44,4998.89
Clothing,Puma,Loyal Customer,Large Malls / Complexes,Manager,668077.15,243,2749.29,511.56,4983.43
Clothing,Puma,Loyal Customer,Large Malls / Complexes,Sales Associate,730944.09,281,2601.22,500.18,4990.06
Clothing,Puma,Loyal Customer,Large Malls / Complexes,Salesperson,736603.88,262,2811.47,515.18,4996.71
Clothing,Puma,Loyal Customer,Large Malls / Complexes,Senior Salesperson,664390.88,247,2689.84,513.18,4950.32
Clothing,Puma,Loyal Customer,Small Stores / Shops,Manager,780688.20,290,2692.03,516.12,4995.93
Clothing,Puma,Loyal Customer,Small Stores / Shops,Sales Associate,774326.86,291,2660.92,525.55,4987.12
Clothing,Puma,Loyal Customer,Small Stores / Shops,Salesperson,760283.06,286,2658.33,539.58,4939.82
Clothing,Puma,Loyal Customer,Small Stores / Shops,Senior Salesperson,752804.86,269,2798.53,545.98,4999.68
Clothing,Puma,Loyal Customer,Supermarkets ,Manager,822849.88,295,2789.32,507.32,4997.42
Clothing,Puma,Loyal Customer,Supermarkets ,Sales Associate,896469.94,326,2749.91,507.07,4995.44
Clothing,Puma,Loyal Customer,Supermarkets ,Salesperson,801862.19,299,2681.81,502.12,4944.73
Clothing,Puma,Loyal Customer,Supermarkets ,Senior Salesperson,698586.30,254,2750.34,513.56,4972.81
Clothing,Puma,Occasional Shopper,Large Malls / Complexes,Manager,683057.64,248,2754.26,536.24,4964.13
Clothing,Puma,Occasional Shopper,Large Malls / Complexes,Sales Associate,770993.65,286,2695.78,505.58,4982.25
Clothing,Puma,Occasional Shopper,Large Malls / Complexes,Salesperson,824002.04,293,2812.29,510.86,4984.77
Clothing,Puma,Occasional Shopper,Large Malls / Complexes,Senior Salesperson,639104.98,242,2640.93,568.11,4997.93
Clothing,Puma,Occasional Shopper,Small Stores / Shops,Manager,881678.06,300,2938.93,511.31,4994.72
Clothing,Puma,Occasional Shopper,Small Stores / Shops,Sales Associate,781843.47,283,2762.70,503.74,4994.01
Clothing,Puma,Occasional Shopper,Small Stores / Shops,Salesperson,858297.13,306,2804.89,506.19,4997.50
Clothing,Puma,Occasional Shopper,Small Stores / Shops,Senior Salesperson,686362.60,241,2847.98,540.84,4972.69
Clothing,Puma,Occasional Shopper,Supermarkets ,Manager,813422.80,296,2748.05,503.87,4988.49
Clothing,Puma,Occasional Shopper,Supermarkets ,Sales Associate,930689.18,332,2803.28,512.66,4988.35
Clothing,Puma,Occasional Shopper,Supermarkets ,Salesperson,965414.40,339,2847.83,510.90,4993.54
Clothing,Puma,Occasional Shopper,Supermarkets ,Senior Salesperson,735066.93,265,2773.84,502.57,4961.90
Clothing,Puma,Online Shopper,Large Malls / Complexes,Manager,761999.59,290,2627.58,504.78,4968.15
Clothing,Puma,Online Shopper,Large Malls / Complexes,Sales Associate,813574.00,286,2844.66,513.63,4999.45
Clothing,Puma,Online Shopper,Large Malls / Complexes,Salesperson,701660.83,256,2740.86,500.66,4979.47
Clothing,Puma,Online Shopper,Large Malls / Complexes,Senior Salesperson,694281.63,257,2701.48,505.21,4997.22
Clothing,Puma,Online Shopper,Small Stores / Shops,Manager,761938.71,277,2750.68,503.51,4980.65
Clothing,Puma,Online Shopper,Small Stores / Shops,Sales Associate,791946.02,290,2730.85,505.46,4982.48
Clothing,Puma,Online Shopper,Small Stores / Shops,Salesperson,809475.34,289,2800.95,505.17,4993.01
Clothing,Puma,Online Shopper,Small Stores / Shops,Senior Salesperson,657663.40,236,2786.71,536.85,4930.34
Clothing,Puma,Online Shopper,Supermarkets ,Manager,818572.04,287,2852.17,520.55,4988.81
Clothing,Puma,Online Shopper,Supermarkets ,Sales Associate,743277.03,282,2635.73,503.61,4991.70
Clothing,Puma,Online Shopper,Supermarkets ,Salesperson,782424.76,293,2670.39,521.58,4995.81
Clothing,Puma,Online Shopper,Supermarkets ,Senior Salesperson,771421.25,283,2725.87,510.27,4998.52
Clothing,Puma,Premium Shopper,Large Malls / Complexes,Manager,820890.45,300,2736.30,505.64,4976.40
Clothing,Puma,Premium Shopper,Large Malls / Complexes,Sales Associate,758151.12,269,2818.41,501.68,4993.14
Clothing,Puma,Premium Shopper,Large Malls / Complexes,Salesperson,645752.87,252,2562.51,550.15,4967.60
Clothing,Puma,Premium Shopper,Large Malls / Complexes,Senior Salesperson,586236.07,216,2714.06,562.37,4984.91
Clothing,Puma,Premium Shopper,Small Stores / Shops,Manager,770474.09,272,2832.63,511.03,4997.57
Clothing,Puma,Premium Shopper,Small Stores / Shops,Sales Associate,794882.91,275,2890.48,537.35,4997.07
Clothing,Puma,Premium Shopper,Small Stores / Shops,Salesperson,767143.00,264,2905.84,505.48,4988.67
Clothing,Puma,Premium Shopper,Small Stores / Shops,Senior Salesperson,763244.12,268,2847.93,500.07,4982.46
Clothing,Puma,Premium Shopper,Supermarkets ,Manager,741508.77,274,2706.24,502.77,4996.89
Clothing,Puma,Premium Shopper,Supermarkets ,Sales Associate,832536.99,299,2784.40,540.37,4997.08
Clothing,Puma,Premium Shopper,Supermarkets ,Salesperson,876218.91,320,2738.18,523.68,4998.60
Clothing,Puma,Premium Shopper,Supermarkets ,Senior Salesperson,798539.02,286,2792.09,599.85,4991.40
Clothing,Zara,Budget Shopper,Large Malls / Complexes,Manager,777810.76,286,2719.62,502.21,4986.36
Clothing,Zara,Budget Shopper,Large Malls / Complexes,Sales Associate,838331.11,293,2861.20,512.39,4972.82
Clothing,Zara,Budget Shopper,Large Malls / Complexes,Salesperson,800035.81,284,2817.03,518.98,4973.16
Clothing,Zara,Budget Shopper,Large Malls / Complexes,Senior Salesperson,670871.87,237,2830.68,553.38,4977.33
Clothing,Zara,Budget Shopper,Small Stores / Shops,Manager,783692.71,290,2702.39,507.88,4997.51
Clothing,Zara,Budget Shopper,Small Stores / Shops,Sales Associate,820509.39,304,2699.04,507.40,4995.86
Clothing,Zara,Budget Shopper,Small Stores / Shops,Salesperson,760437.12,276,2755.21,507.94,4971.66
Clothing,Zara,Budget Shopper,Small Stores / Shops,Senior Salesperson,675578.06,243,2780.16,509.31,4989.56
Clothing,Zara,Budget Shopper,Supermarkets ,Manager,745667.87,267,2792.76,512.49,4993.28
Clothing,Zara,Budget Shopper,Supermarkets ,Sales Associate,759758.98,277,2742.81,502.76,4990.97
Clothing,Zara,Budget Shopper,Supermarkets ,Salesperson,873629.08,317,2755.93,516.49,4978.73
Clothing,Zara,Budget Shopper,Supermarkets ,Senior Salesperson,694430.98,258,2691.59,503.90,4978.35
Clothing,Zara,Churn Risk,Large Malls / Complexes,Manager,686613.55,257,2671.65,505.77,4998.58
Clothing,Zara,Churn Risk,Large Malls / Complexes,Sales Associate,761539.97,277,2749.24,506.20,4999.91
Clothing,Zara,Churn Risk,Large Malls / Complexes,Salesperson,755907.25,265,2852.48,519.84,4992.52
Clothing,Zara,Churn Risk,Large Malls / Complexes,Senior Salesperson,665585.40,251,2651.73,511.51,4990.51
Clothing,Zara,Churn Risk,Small Stores / Shops,Manager,782190.04,270,2897.00,521.44,4990.80
Clothing,Zara,Churn Risk,Small Stores / Shops,Sales Associate,916533.78,341,2687.78,518.58,4963.80
Clothing,Zara,Churn Risk,Small Stores / Shops,Salesperson,767300.69,274,2800.37,504.24,4999.45
Clothing,Zara,Churn Risk,Small Stores / Shops,Senior Salesperson,674824.00,251,2688.54,525.36,4994.31
Clothing,Zara,Churn Risk,Supermarkets ,Manager,773389.89,279,2772.01,541.10,4997.44
Clothing,Zara,Churn Risk,Supermarkets ,Sales Associate,870698.25,312,2790.70,508.52,4990.26
Clothing,Zara,Churn Risk,Supermarkets ,Salesperson,870769.98,326,2671.07,505.22,4998.98
Clothing,Zara,Churn Risk,Supermarkets ,Senior Salesperson,664631.96,251,2647.94,502.44,4997.29
Clothing,Zara,Deal Seeker,Large Malls / Complexes,Manager,744810.18,267,2789.55,528.42,4991.52
Clothing,Zara,Deal Seeker,Large Malls / Complexes,Sales Associate,728231.58,272,2677.32,531.12,4977.67
Clothing,Zara,Deal Seeker,Large Malls / Complexes,Salesperson,755208.61,275,2746.21,513.67,4996.18
Clothing,Zara,Deal Seeker,Large Malls / Complexes,Senior Salesperson,634247.10,240,2642.70,509.20,4970.33
Clothing,Zara,Deal Seeker,Small Stores / Shops,Manager,748910.69,276,2713.44,505.56,4997.09
Clothing,Zara,Deal Seeker,Small Stores / Shops,Sales Associate,832228.81,304,2737.59,502.55,4987.56
Clothing,Zara,Deal Seeker,Small Stores / Shops,Salesperson,746028.66,280,2664.39,508.35,4977.88
Clothing,Zara,Deal Seeker,Small Stores / Shops,Senior Salesperson,716801.19,261,2746.36,505.75,4999.81
Clothing,Zara,Deal Seeker,Supermarkets ,Manager,799633.61,289,2766.90,501.71,4989.90
Clothing,Zara,Deal Seeker,Supermarkets ,Sales Associate,779093.14,284,2743.29,502.48,4984.02
Clothing,Zara,Deal Seeker,Supermarkets ,Salesperson,826527.80,305,2709.93,511.91,4995.44
Clothing,Zara,Deal Seeker,Supermarkets ,Senior Salesperson,676263.41,245,2760.26,516.34,4934.98
Clothing,Zara,First-time Buyer,Large Malls / Complexes,Manager,725526.95,258,2812.12,500.46,4997.75
Clothing,Zara,First-time Buyer,Large Malls / Complexes,Sales Associate,757513.17,276,2744.61,511.04,4966.12
Clothing,Zara,First-time Buyer,Large Malls / Complexes,Salesperson,683341.16,251,2722.47,504.67,4978.19
Clothing,Zara,First-time Buyer,Large Malls / Complexes,Senior Salesperson,714376.89,242,2951.97,542.98,4999.45
Clothing,Zara,First-time Buyer,Small Stores / Shops,Manager,724968.29,271,2675.16,510.99,4988.40
Clothing,Zara,First-time Buyer,Small Stores / Shops,Sales Associate,758654.77,274,2768.81,502.03,4984.00
Clothing,Zara,First-time Buyer,Small Stores / Shops,Salesperson,835432.52,303,2757.20,503.85,4999.82
Clothing,Zara,First-time Buyer,Small Stores / Shops,Senior Salesperson,774017.07,263,2943.03,501.24,4983.39
Clothing,Zara,First-time Buyer,Supermarkets ,Manager,720178.87,259,2780.61,509.54,4994.01
Clothing,Zara,First-time Buyer,Supermarkets ,Sales Associate,860998.97,308,2795.45,512.62,4991.65
Clothing,Zara,First-time Buyer,Supermarkets ,Salesperson,868467.26,294,2953.97,516.40,4973.56
Clothing,Zara,First-time Buyer,Supermarkets ,Senior Salesperson,698323.36,252,2771.12,520.37,4974.14
Clothing,Zara,High Value,Large Malls / Complexes,Manager,671843.97,241,2787.73,521.48,4971.44
Clothing,Zara,High Value,Large Malls / Complexes,Sales Associate,735800.69,269,2735.32,522.24,4997.54
Clothing,Zara,High Value,Large Malls / Complexes,Salesperson,740177.66,259,2857.83,501.00,4998.75
Clothing,Zara,High Value,Large Malls / Complexes,Senior Salesperson,685584.09,240,2856.60,513.81,4999.71
Clothing,Zara,High Value,Small Stores / Shops,Manager,688089.93,250,2752.36,574.48,4990.41
Clothing,Zara,High Value,Small Stores / Shops,Sales Associate,807133.98,298,2708.50,527.01,4968.83
Clothing,Zara,High Value,Small Stores / Shops,Salesperson,747363.96,269,2778.30,513.31,4999.73
Clothing,Zara,High Value,Small Stores / Shops,Senior Salesperson,694752.58,259,2682.44,537.71,4930.90
Clothing,Zara,High Value,Supermarkets ,Manager,889146.92,327,2719.10,508.62,4960.31
Clothing,Zara,High Value,Supermarkets ,Sales Associate,879040.58,325,2704.74,506.06,4991.33
Clothing,Zara,High Value,Supermarkets ,Salesperson,768956.74,297,2589.08,510.95,4997.38
Clothing,Zara,High Value,Supermarkets ,Senior Salesperson,690920.97,255,2709.49,507.81,4949.50
Clothing,Zara,In-Store Regular,Large Malls / Complexes,Manager,753717.23,269,2801.92,527.31,4976.29
Clothing,Zara,In-Store Regular,Large Malls / Complexes,Sales Associate,777588.74,274,2837.92,508.37,4988.19
Clothing,Zara,In-Store Regular,Large Malls / Complexes,Salesperson,684730.27,248,2761.01,515.36,4999.80
Clothing,Zara,In-Store Regular,Large Malls / Complexes,Senior Salesperson,638764.07,233,2741.48,506.92,4986.27
Clothing,Zara,In-Store Regular,Small Stores / Shops,Manager,786755.56,284,2770.27,507.31,4956.67
Clothing,Zara,In-Store Regular,Small Stores / Shops,Sales Associate,736175.31,275,2677.00,506.82,4995.99
Clothing,Zara,In-Store Regular,Small Stores / Shops,Salesperson,751919.24,274,2744.23,504.23,4977.63
Clothing,Zara,In-Store Regular,Small Stores / Shops,Senior Salesperson,704308.45,245,2874.73,590.85,4992.47
Clothing,Zara,In-Store Regular,Supermarkets ,Manager,705256.09,267,2641.41,513.52,4989.78
Clothing,Zara,In-Store Regular,Supermarkets ,Sales Associate,754271.50,273,2762.90,527.18,4990.63
Clothing,Zara,In-Store Regular,Supermarkets ,Salesperson,718192.66,281,2555.85,503.25,4991.98
Clothing,Zara,In-Store Regular,Supermarkets ,Senior Salesperson,712451.25,248,2872.79,554.78,4955.50
Clothing,Zara,Loyal Customer,Large Malls / Complexes,Manager,673119.66,254,2650.08,513.89,4959.96
Clothing,Zara,Loyal Customer,Large Malls / Complexes,Sales Associate,821082.17,300,2736.94,501.59,4989.71
Clothing,Zara,Loyal Customer,Large Malls / Complexes,Salesperson,745816.73,277,2692.48,512.88,4968.83
Clothing,Zara,Loyal Customer,Large Malls / Complexes,Senior Salesperson,707450.33,257,2752.73,523.97,4996.42
Clothing,Zara,Loyal Customer,Small Stores / Shops,Manager,697593.10,255,2735.66,548.65,4954.69
Clothing,Zara,Loyal Customer,Small Stores / Shops,Sales Associate,782736.80,274,2856.70,513.21,4982.76
Clothing,Zara,Loyal Customer,Small Stores / Shops,Salesperson,812460.58,295,2754.10,500.50,4950.45
Clothing,Zara,Loyal Customer,Small Stores / Shops,Senior Salesperson,670612.27,250,2682.45,505.39,4998.42
Clothing,Zara,Loyal Customer,Supermarkets ,Manager,931209.71,331,2813.32,503.15,4993.23
Clothing,Zara,Loyal Customer,Supermarkets ,Sales Associate,819414.29,299,2740.52,511.62,4987.29
Clothing,Zara,Loyal Customer,Supermarkets ,Salesperson,786695.02,287,2741.10,537.57,4971.67
Clothing,Zara,Loyal Customer,Supermarkets ,Senior Salesperson,650777.18,231,2817.22,504.72,4932.31
Clothing,Zara,Occasional Shopper,Large Malls / Complexes,Manager,629304.06,235,2677.89,529.17,4985.44
Clothing,Zara,Occasional Shopper,Large Malls / Complexes,Sales Associate,773979.12,273,2835.09,555.34,4984.82
Clothing,Zara,Occasional Shopper,Large Malls / Complexes,Salesperson,798326.07,283,2820.94,502.01,4963.78
Clothing,Zara,Occasional Shopper,Large Malls / Complexes,Senior Salesperson,639844.33,233,2746.11,502.52,4995.74
Clothing,Zara,Occasional Shopper,Small Stores / Shops,Manager,785282.57,290,2707.87,549.39,4952.50
Clothing,Zara,Occasional Shopper,Small Stores / Shops,Sales Associate,868396.48,303,2865.99,521.79,4992.47
Clothing,Zara,Occasional Shopper,Small Stores / Shops,Salesperson,779162.18,289,2696.06,510.43,4990.92
Clothing,Zara,Occasional Shopper,Small Stores / Shops,Senior Salesperson,629584.29,230,2737.32,513.71,4999.06
Clothing,Zara,Occasional Shopper,Supermarkets ,Manager,779952.10,282,2765.79,525.36,4960.07
Clothing,Zara,Occasional Shopper,Supermarkets ,Sales Associate,875861.99,315,2780.51,502.82,4993.90
Clothing,Zara,Occasional Shopper,Supermarkets ,Salesperson,790267.11,277,2852.95,521.13,4988.26
Clothing,Zara,Occasional Shopper,Supermarkets ,Senior Salesperson,769800.49,287,2682.23,501.28,4997.44
Clothing,Zara,Online Shopper,Large Malls / Complexes,Manager,737845.68,269,2742.92,503.90,4929.82
Clothing,Zara,Online Shopper,Large Malls / Complexes,Sales Associate,812860.51,289,2812.67,561.00,4995.75
Clothing,Zara,Online Shopper,Large Malls / Complexes,Salesperson,745107.88,275,2709.48,500.93,4982.94
Clothing,Zara,Online Shopper,Large Malls / Complexes,Senior Salesperson,680975.01,235,2897.77,510.34,4981.56
Clothing,Zara,Online Shopper,Small Stores / Shops,Manager,864374.63,308,2806.41,506.49,4978.16
Clothing,Zara,Online Shopper,Small Stores / Shops,Sales Associate,765972.10,276,2775.26,521.86,4934.33
Clothing,Zara,Online Shopper,Small Stores / Shops,Salesperson,804595.00,297,2709.07,504.12,4954.47
Clothing,Zara,Online Shopper,Small Stores / Shops,Senior Salesperson,641278.08,235,2728.84,544.52,4978.98
Clothing,Zara,Online Shopper,Supermarkets ,Manager,915444.83,333,2749.08,502.39,4980.41
Clothing,Zara,Online Shopper,Supermarkets ,Sales Associate,898604.08,326,2756.45,503.34,4962.63
Clothing,Zara,Online Shopper,Supermarkets ,Salesperson,898902.59,315,2853.66,505.18,4994.87
Clothing,Zara,Online Shopper,Supermarkets ,Senior Salesperson,687881.80,247,2784.95,523.48,4970.99
Clothing,Zara,Premium Shopper,Large Malls / Complexes,Manager,639257.44,244,2619.91,503.34,4940.03
Clothing,Zara,Premium Shopper,Large Malls / Complexes,Sales Associate,680038.98,255,2666.82,505.57,4995.02
Clothing,Zara,Premium Shopper,Large Malls / Complexes,Salesperson,747631.05,287,2604.99,609.78,4999.44
Clothing,Zara,Premium Shopper,Large Malls / Complexes,Senior Salesperson,632411.70,213,2969.07,504.23,4993.08
Clothing,Zara,Premium Shopper,Small Stores / Shops,Manager,794784.73,297,2676.04,500.32,4997.25
Clothing,Zara,Premium Shopper,Small Stores / Shops,Sales Associate,746619.58,265,2817.43,507.82,4992.17
Clothing,Zara,Premium Shopper,Small Stores / Shops,Salesperson,747774.51,270,2769.54,550.45,4996.20
Clothing,Zara,Premium Shopper,Small Stores / Shops,Senior Salesperson,665954.61,242,2751.88,510.92,4984.11
Clothing,Zara,Premium Shopper,Supermarkets ,Manager,817399.19,289,2828.37,558.47,4983.14
Clothing,Zara,Premium Shopper,Supermarkets ,Sales Associate,828453.86,301,2752.34,508.91,4986.73
Clothing,Zara,Premium Shopper,Supermarkets ,Salesperson,654189.87,257,2545.49,509.09,4934.91
Clothing,Zara,Premium Shopper,Supermarkets ,Senior Salesperson,731592.44,266,2750.35,523.00,4989.52
Electronics,Apple,Budget Shopper,Large Malls / Complexes,Manager,711064.99,265,2683.26,508.39,4942.39
Electronics,Apple,Budget Shopper,Large Malls / Complexes,Sales Associate,799333.91,292,2737.44,511.56,4989.61
Electronics,Apple,Budget Shopper,Large Malls / Complexes,Salesperson,817074.28,284,2877.02,540.20,4979.75
Electronics,Apple,Budget Shopper,Large Malls / Complexes,Senior Salesperson,638100.19,241,2647.72,504.78,4991.42
Electronics,Apple,Budget Shopper,Small Stores / Shops,Manager,800912.57,293,2733.49,501.68,4986.36
Electronics,Apple,Budget Shopper,Small Stores / Shops,Sales Associate,885406.57,305,2902.97,504.53,4995.51
Electronics,Apple,Budget Shopper,Small Stores / Shops,Salesperson,773097.82,293,2638.56,518.31,4961.59
Electronics,Apple,Budget Shopper,Small Stores / Shops,Senior Salesperson,651021.05,237,2746.92,525.85,4959.32
Electronics,Apple,Budget Shopper,Supermarkets ,Manager,812336.62,285,2850.30,553.73,4977.00
Electronics,Apple,Budget Shopper,Supermarkets ,Sales Associate,782454.04,288,2716.85,514.94,4991.30
Electronics,Apple,Budget Shopper,Supermarkets ,Salesperson,846189.16,311,2720.87,525.44,4976.47
Electronics,Apple,Budget Shopper,Supermarkets ,Senior Salesperson,703824.67,250,2815.30,539.70,4987.47
Electronics,Apple,Churn Risk,Large Malls / Complexes,Manager,723583.81,262,2761.77,514.59,4971.35
Electronics,Apple,Churn Risk,Large Malls / Complexes,Sales Associate,728395.72,257,2834.22,500.60,4942.89
Electronics,Apple,Churn Risk,Large Malls / Complexes,Salesperson,727876.68,264,2757.11,548.03,4965.76
Electronics,Apple,Churn Risk,Large Malls / Complexes,Senior Salesperson,565269.57,217,2604.93,531.26,4968.69
Electronics,Apple,Churn Risk,Small Stores / Shops,Manager,732611.06,268,2733.62,619.98,4985.90
Electronics,Apple,Churn Risk,Small Stores / Shops,Sales Associate,755094.53,277,2725.97,525.65,4989.77
Electronics,Apple,Churn Risk,Small Stores / Shops,Salesperson,796248.21,293,2717.57,536.16,4980.20
Electronics,Apple,Churn Risk,Small Stores / Shops,Senior Salesperson,657972.49,247,2663.86,515.83,4986.02
Electronics,Apple,Churn Risk,Supermarkets ,Manager,859391.98,308,2790.23,516.58,4994.08
Electronics,Apple,Churn Risk,Supermarkets ,Sales Associate,891450.31,327,2726.15,508.74,4991.11
Electronics,Apple,Churn Risk,Supermarkets ,Salesperson,912614.53,340,2684.16,511.88,4972.57
Electronics,Apple,Churn Risk,Supermarkets ,Senior Salesperson,721283.97,269,2681.35,502.32,4994.23
Electronics,Apple,Deal Seeker,Large Malls / Complexes,Manager,753608.63,263,2865.43,536.75,4990.29
Electronics,Apple,Deal Seeker,Large Malls / Complexes,Sales Associate,748671.45,279,2683.41,502.34,4999.77
Electronics,Apple,Deal Seeker,Large Malls / Complexes,Salesperson,742454.99,269,2760.06,515.92,4968.06
Electronics,Apple,Deal Seeker,Large Malls / Complexes,Senior Salesperson,672776.69,248,2712.81,513.31,4994.22
Electronics,Apple,Deal Seeker,Small Stores / Shops,Manager,840092.81,304,2763.46,511.39,4997.32
Electronics,Apple,Deal Seeker,Small Stores / Shops,Sales Associate,796894.10,298,2674.14,525.85,4998.11
Electronics,Apple,Deal Seeker,Small Stores / Shops,Salesperson,841760.75,296,2843.79,531.64,4997.50
Electronics,Apple,Deal Seeker,Small Stores / Shops,Senior Salesperson,682670.00,250,2730.68,536.90,4987.71
Electronics,Apple,Deal Seeker,Supermarkets ,Manager,817769.53,276,2962.93,521.49,4970.79
Electronics,Apple,Deal Seeker,Supermarkets ,Sales Associate,805995.08,306,2633.97,511.73,4974.40
Electronics,Apple,Deal Seeker,Supermarkets ,Salesperson,847375.88,315,2690.08,509.00,4981.04
Electronics,Apple,Deal Seeker,Supermarkets ,Senior Salesperson,629350.10,241,2611.41,559.29,4983.25
Electronics,Apple,First-time Buyer,Large Malls / Complexes,Manager,790386.93,277,2853.38,506.67,4999.20
Electronics,Apple,First-time Buyer,Large Malls / Complexes,Sales Associate,699274.14,267,2619.00,511.37,4945.05
Electronics,Apple,First-time Buyer,Large Malls / Complexes,Salesperson,806516.13,290,2781.09,505.51,4993.94
Electronics,Apple,First-time Buyer,Large Malls / Complexes,Senior Salesperson,592791.80,222,2670.23,509.94,4956.92
Electronics,Apple,First-time Buyer,Small Stores / Shops,Manager,723992.71,256,2828.10,528.60,4996.99
Electronics,Apple,First-time Buyer,Small Stores / Shops,Sales Associate,828753.34,299,2771.75,512.23,4997.68
Electronics,Apple,First-time Buyer,Small Stores / Shops,Salesperson,801827.21,293,2736.61,505.11,4983.14
Electronics,Apple,First-time Buyer,Small Stores / Shops,Senior Salesperson,621994.38,224,2776.76,517.66,4991.72
Electronics,Apple,First-time Buyer,Supermarkets ,Manager,872258.45,311,2804.69,509.28,4983.02
Electronics,Apple,First-time Buyer,Supermarkets ,Sales Associate,853026.41,312,2734.06,533.45,4973.05
Electronics,Apple,First-time Buyer,Supermarkets ,Salesperson,797369.25,286,2788.00,506.54,4999.96
Electronics,Apple,First-time Buyer,Supermarkets ,Senior Salesperson,676824.24,240,2820.10,516.17,4991.91
Electronics,Apple,High Value,Large Malls / Complexes,Manager,600628.29,224,2681.38,500.64,4974.13
Electronics,Apple,High Value,Large Malls / Complexes,Sales Associate,724434.01,268,2703.11,501.26,4989.79
Electronics,Apple,High Value,Large Malls / Complexes,Salesperson,750912.56,265,2833.63,539.52,4993.95
Electronics,Apple,High Value,Large Malls / Complexes,Senior Salesperson,628338.24,231,2720.08,565.69,4978.80
Electronics,Apple,High Value,Small Stores / Shops,Manager,801165.60,289,2772.20,523.27,4983.70
Electronics,Apple,High Value,Small Stores / Shops,Sales Associate,871695.39,311,2802.88,515.62,4976.71
Electronics,Apple,High Value,Small Stores / Shops,Salesperson,751057.69,278,2701.65,522.67,4996.44
Electronics,Apple,High Value,Small Stores / Shops,Senior Salesperson,762137.72,278,2741.50,505.44,4998.48
Electronics,Apple,High Value,Supermarkets ,Manager,751322.63,283,2654.85,552.46,4989.38
Electronics,Apple,High Value,Supermarkets ,Sales Associate,746937.42,278,2686.83,522.02,4980.00
Electronics,Apple,High Value,Supermarkets ,Salesperson,850373.84,316,2691.06,505.64,4999.52
Electronics,Apple,High Value,Supermarkets ,Senior Salesperson,760092.69,284,2676.38,503.12,4985.27
Electronics,Apple,In-Store Regular,Large Malls / Complexes,Manager,683017.03,249,2743.04,501.20,4996.42
Electronics,Apple,In-Store Regular,Large Malls / Complexes,Sales Associate,726502.44,256,2837.90,524.39,4959.72
Electronics,Apple,In-Store Regular,Large Malls / Complexes,Salesperson,720717.88,263,2740.37,500.25,4998.63
Electronics,Apple,In-Store Regular,Large Malls / Complexes,Senior Salesperson,639770.00,235,2722.43,550.76,4999.96
Electronics,Apple,In-Store Regular,Small Stores / Shops,Manager,790822.35,285,2774.82,509.54,4993.60
Electronics,Apple,In-Store Regular,Small Stores / Shops,Sales Associate,805256.49,296,2720.46,501.01,4995.70
Electronics,Apple,In-Store Regular,Small Stores / Shops,Salesperson,837398.11,300,2791.33,500.80,4966.20
Electronics,Apple,In-Store Regular,Small Stores / Shops,Senior Salesperson,740951.99,277,2674.92,526.19,4934.87
Electronics,Apple,In-Store Regular,Supermarkets ,Manager,753470.31,271,2780.33,511.49,4991.97
Electronics,Apple,In-Store Regular,Supermarkets ,Sales Associate,824275.16,303,2720.38,503.16,4997.96
Electronics,Apple,In-Store Regular,Supermarkets ,Salesperson,818190.87,297,2754.85,525.53,4990.56
Electronics,Apple,In-Store Regular,Supermarkets ,Senior Salesperson,757820.32,278,2725.97,531.79,4997.92
Electronics,Apple,Loyal Customer,Large Malls / Complexes,Manager,720372.47,256,2813.95,596.65,4986.37
Electronics,Apple,Loyal Customer,Large Malls / Complexes,Sales Associate,713543.13,259,2754.99,509.18,4975.80
Electronics,Apple,Loyal Customer,Large Malls / Complexes,Salesperson,728657.72,272,2678.89,505.53,4999.83
Electronics,Apple,Loyal Customer,Large Malls / Complexes,Senior Salesperson,696811.51,247,2821.10,553.72,4988.77
Electronics,Apple,Loyal Customer,Small Stores / Shops,Manager,759474.88,285,2664.82,509.43,4999.80
Electronics,Apple,Loyal Customer,Small Stores / Shops,Sales Associate,817184.22,291,2808.19,544.21,4990.67
Electronics,Apple,Loyal Customer,Small Stores / Shops,Salesperson,837444.43,308,2718.98,504.97,4987.93
Electronics,Apple,Loyal Customer,Small Stores / Shops,Senior Salesperson,582087.73,216,2694.85,508.20,4973.77
Electronics,Apple,Loyal Customer,Supermarkets ,Manager,765199.29,274,2792.70,552.95,4983.41
Electronics,Apple,Loyal Customer,Supermarkets ,Sales Associate,786586.00,284,2769.67,508.55,4991.67
Electronics,Apple,Loyal Customer,Supermarkets ,Salesperson,893863.31,300,2979.54,513.99,4996.09
Electronics,Apple,Loyal Customer,Supermarkets ,Senior Salesperson,684217.48,243,2815.71,509.48,4995.40
Electronics,Apple,Occasional Shopper,Large Malls / Complexes,Manager,717220.05,257,2790.74,519.09,4977.29
Electronics,Apple,Occasional Shopper,Large Malls / Complexes,Sales Associate,769992.32,287,2682.90,527.88,4965.90
Electronics,Apple,Occasional Shopper,Large Malls / Complexes,Salesperson,859937.28,303,2838.08,509.83,4985.10
Electronics,Apple,Occasional Shopper,Large Malls / Complexes,Senior Salesperson,665368.98,242,2749.46,505.17,4997.26
Electronics,Apple,Occasional Shopper,Small Stores / Shops,Manager,751214.23,281,2673.36,512.06,4987.89
Electronics,Apple,Occasional Shopper,Small Stores / Shops,Sales Associate,863962.58,296,2918.79,500.55,4997.93
Electronics,Apple,Occasional Shopper,Small Stores / Shops,Salesperson,842183.99,296,2845.22,513.61,4989.07
Electronics,Apple,Occasional Shopper,Small Stores / Shops,Senior Salesperson,794243.95,276,2877.70,500.26,4994.26
Electronics,Apple,Occasional Shopper,Supermarkets ,Manager,829644.99,315,2633.79,531.38,4989.20
Electronics,Apple,Occasional Shopper,Supermarkets ,Sales Associate,858936.13,315,2726.78,512.07,4988.14
Electronics,Apple,Occasional Shopper,Supermarkets ,Salesperson,782464.20,288,2716.89,510.55,4996.32
Electronics,Apple,Occasional Shopper,Supermarkets ,Senior Salesperson,614262.59,224,2742.24,510.94,4910.26
Electronics,Apple,Online Shopper,Large Malls / Complexes,Manager,749200.58,269,2785.13,512.23,4998.93
Electronics,Apple,Online Shopper,Large Malls / Complexes,Sales Associate,704071.41,254,2771.93,500.77,4988.38
Electronics,Apple,Online Shopper,Large Malls / Complexes,Salesperson,813086.29,295,2756.22,553.73,4990.26
Electronics,Apple,Online Shopper,Large Malls / Complexes,Senior Salesperson,622957.43,230,2708.51,521.24,4970.33
Electronics,Apple,Online Shopper,Small Stores / Shops,Manager,779422.14,277,2813.80,522.75,4994.26
Electronics,Apple,Online Shopper,Small Stores / Shops,Sales Associate,776771.56,284,2735.11,596.25,4971.73
Electronics,Apple,Online Shopper,Small Stores / Shops,Salesperson,811261.77,313,2591.89,512.61,4964.53
Electronics,Apple,Online Shopper,Small Stores / Shops,Senior Salesperson,709389.69,253,2803.91,525.96,4995.06
Electronics,Apple,Online Shopper,Supermarkets ,Manager,786263.64,292,2692.68,541.45,4989.36
Electronics,Apple,Online Shopper,Supermarkets ,Sales Associate,825030.34,304,2713.92,500.70,4996.98
Electronics,Apple,Online Shopper,Supermarkets ,Salesperson,804941.23,294,2737.90,501.00,4998.84
Electronics,Apple,Online Shopper,Supermarkets ,Senior Salesperson,715507.16,261,2741.41,511.01,4997.20
Electronics,Apple,Premium Shopper,Large Malls / Complexes,Manager,678251.84,243,2791.16,504.05,4995.98
Electronics,Apple,Premium Shopper,Large Malls / Complexes,Sales Associate,722960.37,270,2677.63,507.85,4995.38
Electronics,Apple,Premium Shopper,Large Malls / Complexes,Salesperson,801054.21,295,2715.44,509.24,4986.11
Electronics,Apple,Premium Shopper,Large Malls / Complexes,Senior Salesperson,620548.01,225,2757.99,538.73,4996.76
Electronics,Apple,Premium Shopper,Small Stores / Shops,Manager,843025.37,296,2848.06,521.02,4970.73
Electronics,Apple,Premium Shopper,Small Stores / Shops,Sales Associate,787324.17,290,2714.91,524.53,4973.07
Electronics,Apple,Premium Shopper,Small Stores / Shops,Salesperson,807596.67,294,2746.93,503.41,4991.96
Electronics,Apple,Premium Shopper,Small Stores / Shops,Senior Salesperson,704049.12,255,2760.98,510.56,4993.39
Electronics,Apple,Premium Shopper,Supermarkets ,Manager,716712.16,280,2559.69,509.10,4985.69
Electronics,Apple,Premium Shopper,Supermarkets ,Sales Associate,802318.59,293,2738.29,502.69,4985.88
Electronics,Apple,Premium Shopper,Supermarkets ,Salesperson,844358.06,304,2777.49,516.51,4972.02
Electronics,Apple,Premium Shopper,Supermarkets ,Senior Salesperson,712878.30,262,2720.91,530.06,4983.88
Electronics,LG,Budget Shopper,Large Malls / Complexes,Manager,613476.81,230,2667.29,520.98,4996.41
Electronics,LG,Budget Shopper,Large Malls / Complexes,Sales Associate,861662.34,314,2744.15,504.53,4985.75
Electronics,LG,Budget Shopper,Large Malls / Complexes,Salesperson,721762.27,265,2723.63,515.67,4971.01
Electronics,LG,Budget Shopper,Large Malls / Complexes,Senior Salesperson,655306.00,239,2741.87,510.44,4983.42
Electronics,LG,Budget Shopper,Small Stores / Shops,Manager,710711.28,260,2733.50,556.04,4981.77
Electronics,LG,Budget Shopper,Small Stores / Shops,Sales Associate,819047.16,306,2676.62,530.49,4989.82
Electronics,LG,Budget Shopper,Small Stores / Shops,Salesperson,896665.38,323,2776.05,533.40,4988.50
Electronics,LG,Budget Shopper,Small Stores / Shops,Senior Salesperson,709535.39,250,2838.14,520.15,4991.96
Electronics,LG,Budget Shopper,Supermarkets ,Manager,697448.59,267,2612.17,518.24,4923.03
Electronics,LG,Budget Shopper,Supermarkets ,Sales Associate,831069.71,305,2724.82,539.03,4982.54
Electronics,LG,Budget Shopper,Supermarkets ,Salesperson,791370.84,284,2786.52,502.26,4997.22
Electronics,LG,Budget Shopper,Supermarkets ,Senior Salesperson,728491.90,260,2801.89,519.16,4994.95
Electronics,LG,Churn Risk,Large Malls / Complexes,Manager,712489.35,266,2678.53,502.94,4977.15
Electronics,LG,Churn Risk,Large Malls / Complexes,Sales Associate,818126.66,302,2709.03,512.56,4995.01
Electronics,LG,Churn Risk,Large Malls / Complexes,Salesperson,808781.64,285,2837.83,504.33,4974.49
Electronics,LG,Churn Risk,Large Malls / Complexes,Senior Salesperson,704616.46,253,2785.05,506.65,4989.63
Electronics,LG,Churn Risk,Small Stores / Shops,Manager,832621.64,292,2851.44,501.23,4988.32
Electronics,LG,Churn Risk,Small Stores / Shops,Sales Associate,911594.83,314,2903.17,510.43,4996.70
Electronics,LG,Churn Risk,Small Stores / Shops,Salesperson,867848.22,315,2755.07,508.81,4984.76
Electronics,LG,Churn Risk,Small Stores / Shops,Senior Salesperson,683228.64,259,2637.95,501.34,4992.68
Electronics,LG,Churn Risk,Supermarkets ,Manager,806030.97,288,2798.72,500.17,4995.63
Electronics,LG,Churn Risk,Supermarkets ,Sales Associate,833414.25,306,2723.58,510.29,4972.26
Electronics,LG,Churn Risk,Supermarkets ,Salesperson,778550.50,281,2770.64,511.28,4994.07
Electronics,LG,Churn Risk,Supermarkets ,Senior Salesperson,721398.77,261,2763.98,521.39,4993.63
Electronics,LG,Deal Seeker,Large Malls / Complexes,Manager,789255.25,280,2818.77,508.42,4955.40
Electronics,LG,Deal Seeker,Large Malls / Complexes,Sales Associate,710792.42,255,2787.42,517.99,4991.62
Electronics,LG,Deal Seeker,Large Malls / Complexes,Salesperson,766187.68,283,2707.38,503.52,4980.52
Electronics,LG,Deal Seeker,Large Malls / Complexes,Senior Salesperson,687856.21,235,2927.05,515.47,4997.31
Electronics,LG,Deal Seeker,Small Stores / Shops,Manager,720566.95,259,2782.11,524.79,4994.40
Electronics,LG,Deal Seeker,Small Stores / Shops,Sales Associate,836117.73,308,2714.67,506.75,4997.66
Electronics,LG,Deal Seeker,Small Stores / Shops,Salesperson,833377.03,289,2883.66,502.12,4982.00
Electronics,LG,Deal Seeker,Small Stores / Shops,Senior Salesperson,683823.36,250,2735.29,522.75,4998.59
Electronics,LG,Deal Seeker,Supermarkets ,Manager,832049.64,306,2719.12,504.17,4987.91
Electronics,LG,Deal Seeker,Supermarkets ,Sales Associate,796025.26,310,2567.82,506.14,4997.20
Electronics,LG,Deal Seeker,Supermarkets ,Salesperson,868061.17,308,2818.38,505.23,4991.97
Electronics,LG,Deal Seeker,Supermarkets ,Senior Salesperson,779350.33,274,2844.34,528.30,4997.26
Electronics,LG,First-time Buyer,Large Malls / Complexes,Manager,789634.40,274,2881.88,507.77,4994.32
Electronics,LG,First-time Buyer,Large Malls / Complexes,Sales Associate,833176.92,294,2833.94,523.54,4983.61
Electronics,LG,First-time Buyer,Large Malls / Complexes,Salesperson,838318.98,293,2861.16,544.35,4999.10
Electronics,LG,First-time Buyer,Large Malls / Complexes,Senior Salesperson,637640.14,231,2760.35,504.53,4999.02
Electronics,LG,First-time Buyer,Small Stores / Shops,Manager,757909.77,289,2622.53,501.40,4974.11
Electronics,LG,First-time Buyer,Small Stores / Shops,Sales Associate,819032.71,292,2804.91,500.75,4975.65
Electronics,LG,First-time Buyer,Small Stores / Shops,Salesperson,789065.71,292,2702.28,525.79,4999.20
Electronics,LG,First-time Buyer,Small Stores / Shops,Senior Salesperson,676073.71,250,2704.29,525.46,4978.56
Electronics,LG,First-time Buyer,Supermarkets ,Manager,784708.35,292,2687.36,518.11,4984.74
Electronics,LG,First-time Buyer,Supermarkets ,Sales Associate,737380.38,271,2720.96,508.23,4999.11
Electronics,LG,First-time Buyer,Supermarkets ,Salesperson,850851.16,319,2667.25,520.47,4998.82
Electronics,LG,First-time Buyer,Supermarkets ,Senior Salesperson,690429.32,258,2676.08,514.87,4993.22
Electronics,LG,High Value,Large Malls / Complexes,Manager,688603.54,245,2810.63,506.22,4989.60
Electronics,LG,High Value,Large Malls / Complexes,Sales Associate,768933.43,271,2837.39,500.70,4990.97
Electronics,LG,High Value,Large Malls / Complexes,Salesperson,746144.21,272,2743.18,502.05,4995.31
Electronics,LG,High Value,Large Malls / Complexes,Senior Salesperson,710056.83,246,2886.41,509.31,4999.45
Electronics,LG,High Value,Small Stores / Shops,Manager,819413.50,297,2758.97,501.39,4992.17
Electronics,LG,High Value,Small Stores / Shops,Sales Associate,692002.12,257,2692.62,502.18,4987.55
Electronics,LG,High Value,Small Stores / Shops,Salesperson,844585.53,300,2815.29,505.91,4992.82
Electronics,LG,High Value,Small Stores / Shops,Senior Salesperson,693497.18,241,2877.58,509.81,4959.40
Electronics,LG,High Value,Supermarkets ,Manager,796181.09,290,2745.45,527.40,4996.53
Electronics,LG,High Value,Supermarkets ,Sales Associate,846304.63,306,2765.70,537.73,4999.77
Electronics,LG,High Value,Supermarkets ,Salesperson,841528.11,307,2741.13,539.35,4997.26
Electronics,LG,High Value,Supermarkets ,Senior Salesperson,722277.18,256,2821.40,504.82,4992.90
Electronics,LG,In-Store Regular,Large Malls / Complexes,Manager,694630.42,244,2846.85,503.81,4965.14
Electronics,LG,In-Store Regular,Large Malls / Complexes,Sales Associate,757082.96,268,2824.94,506.54,4983.81
Electronics,LG,In-Store Regular,Large Malls / Complexes,Salesperson,762826.48,269,2835.79,504.72,4994.64
Electronics,LG,In-Store Regular,Large Malls / Complexes,Senior Salesperson,655049.29,234,2799.36,552.20,4965.82
Electronics,LG,In-Store Regular,Small Stores / Shops,Manager,697331.85,252,2767.19,576.59,4998.70
Electronics,LG,In-Store Regular,Small Stores / Shops,Sales Associate,847250.92,314,2698.25,571.31,4990.49
Electronics,LG,In-Store Regular,Small Stores / Shops,Salesperson,783580.95,283,2768.84,517.68,4964.79
Electronics,LG,In-Store Regular,Small Stores / Shops,Senior Salesperson,578984.72,231,2506.43,539.33,4948.20
Electronics,LG,In-Store Regular,Supermarkets ,Manager,727142.03,268,2713.22,501.76,4964.65
Electronics,LG,In-Store Regular,Supermarkets ,Sales Associate,895524.94,317,2825.00,522.03,4972.40
Electronics,LG,In-Store Regular,Supermarkets ,Salesperson,768663.39,289,2659.73,531.30,4993.62
Electronics,LG,In-Store Regular,Supermarkets ,Senior Salesperson,731104.10,260,2811.94,519.44,4999.09
Electronics,LG,Loyal Customer,Large Malls / Complexes,Manager,731552.52,282,2594.16,503.19,4978.92
Electronics,LG,Loyal Customer,Large Malls / Complexes,Sales Associate,740393.24,268,2762.66,508.73,4965.39
Electronics,LG,Loyal Customer,Large Malls / Complexes,Salesperson,734272.21,270,2719.53,502.74,4991.69
Electronics,LG,Loyal Customer,Large Malls / Complexes,Senior Salesperson,640321.22,242,2645.96,504.25,4989.80
Electronics,LG,Loyal Customer,Small Stores / Shops,Manager,805352.29,289,2786.69,552.75,4995.58
Electronics,LG,Loyal Customer,Small Stores / Shops,Sales Associate,757848.32,290,2613.27,504.23,4962.44
Electronics,LG,Loyal Customer,Small Stores / Shops,Salesperson,787018.48,291,2704.53,513.27,4979.63
Electronics,LG,Loyal Customer,Small Stores / Shops,Senior Salesperson,647236.31,225,2876.61,551.03,4961.05
Electronics,LG,Loyal Customer,Supermarkets ,Manager,790039.06,297,2660.06,516.17,4991.23
Electronics,LG,Loyal Customer,Supermarkets ,Sales Associate,799234.16,289,2765.52,514.69,4967.51
Electronics,LG,Loyal Customer,Supermarkets ,Salesperson,918988.06,344,2671.48,524.64,4993.14
Electronics,LG,Loyal Customer,Supermarkets ,Senior Salesperson,689612.46,253,2725.74,517.75,4942.99
Electronics,LG,Occasional Shopper,Large Malls / Complexes,Manager,736424.36,265,2778.96,512.70,4998.42
Electronics,LG,Occasional Shopper,Large Malls / Complexes,Sales Associate,802043.20,290,2765.67,508.49,4988.05
Electronics,LG,Occasional Shopper,Large Malls / Complexes,Salesperson,782357.18,270,2897.62,534.54,4949.79
Electronics,LG,Occasional Shopper,Large Malls / Complexes,Senior Salesperson,630830.97,229,2754.72,539.96,4937.50
Electronics,LG,Occasional Shopper,Small Stores / Shops,Manager,797062.34,287,2777.22,521.42,4985.75
Electronics,LG,Occasional Shopper,Small Stores / Shops,Sales Associate,801619.30,300,2672.06,501.74,4994.18
Electronics,LG,Occasional Shopper,Small Stores / Shops,Salesperson,758590.86,279,2718.96,530.75,4932.23
Electronics,LG,Occasional Shopper,Small Stores / Shops,Senior Salesperson,703565.44,253,2780.89,501.06,4996.56
Electronics,LG,Occasional Shopper,Supermarkets ,Manager,758008.18,285,2659.68,537.59,4960.02
Electronics,LG,Occasional Shopper,Supermarkets ,Sales Associate,787575.71,288,2734.64,501.39,4988.00
Electronics,LG,Occasional Shopper,Supermarkets ,Salesperson,771378.61,283,2725.72,529.86,4993.30
Electronics,LG,Occasional Shopper,Supermarkets ,Senior Salesperson,741674.04,275,2697.00,529.63,4997.14
Electronics,LG,Online Shopper,Large Malls / Complexes,Manager,681659.84,255,2673.18,504.18,4975.69
Electronics,LG,Online Shopper,Large Malls / Complexes,Sales Associate,753873.54,272,2771.59,560.93,4992.76
Electronics,LG,Online Shopper,Large Malls / Complexes,Salesperson,719328.26,256,2809.88,502.74,4974.99
Electronics,LG,Online Shopper,Large Malls / Complexes,Senior Salesperson,764886.82,264,2897.30,519.03,4995.33
Electronics,LG,Online Shopper,Small Stores / Shops,Manager,812549.77,283,2871.20,502.18,4990.57
Electronics,LG,Online Shopper,Small Stores / Shops,Sales Associate,762933.96,284,2686.39,543.89,4996.84
Electronics,LG,Online Shopper,Small Stores / Shops,Salesperson,798965.40,292,2736.18,502.51,4990.57
Electronics,LG,Online Shopper,Small Stores / Shops,Senior Salesperson,731078.24,266,2748.41,508.70,4996.28
Electronics,LG,Online Shopper,Supermarkets ,Manager,791577.40,285,2777.46,504.20,4939.97
Electronics,LG,Online Shopper,Supermarkets ,Sales Associate,839372.69,299,2807.27,527.82,4987.89
Electronics,LG,Online Shopper,Supermarkets ,Salesperson,772695.09,278,2779.48,507.04,4982.47
Electronics,LG,Online Shopper,Supermarkets ,Senior Salesperson,676949.92,261,2593.68,503.23,4985.95
Electronics,LG,Premium Shopper,Large Malls / Complexes,Manager,723230.20,267,2708.73,530.33,4978.91
Electronics,LG,Premium Shopper,Large Malls / Complexes,Sales Associate,815654.15,295,2764.93,505.99,4985.00
Electronics,LG,Premium Shopper,Large Malls / Complexes,Salesperson,822247.86,290,2835.34,519.96,4975.67
Electronics,LG,Premium Shopper,Large Malls / Complexes,Senior Salesperson,651361.80,236,2760.01,553.32,4995.82
Electronics,LG,Premium Shopper,Small Stores / Shops,Manager,740001.06,275,2690.91,527.38,4985.32
Electronics,LG,Premium Shopper,Small Stores / Shops,Sales Associate,876543.36,327,2680.56,514.96,4973.27
Electronics,LG,Premium Shopper,Small Stores / Shops,Salesperson,838187.44,299,2803.30,562.26,4996.89
Electronics,LG,Premium Shopper,Small Stores / Shops,Senior Salesperson,664127.36,226,2938.62,517.73,4993.00
Electronics,LG,Premium Shopper,Supermarkets ,Manager,865512.12,306,2828.47,576.59,4939.98
Electronics,LG,Premium Shopper,Supermarkets ,Sales Associate,919837.84,325,2830.27,533.46,4997.79
Electronics,LG,Premium Shopper,Supermarkets ,Salesperson,795436.03,292,2724.10,557.90,4987.73
Electronics,LG,Premium Shopper,Supermarkets ,Senior Salesperson,689603.68,239,2885.37,504.90,4975.87
Electronics,Panasonic,Budget Shopper,Large Malls / Complexes,Manager,777444.56,269,2890.13,512.16,4998.61
Electronics,Panasonic,Budget Shopper,Large Malls / Complexes,Sales Associate,740095.64,272,2720.94,522.75,4980.39
Electronics,Panasonic,Budget Shopper,Large Malls / Complexes,Salesperson,668454.72,242,2762.21,500.80,4999.40
Electronics,Panasonic,Budget Shopper,Large Malls / Complexes,Senior Salesperson,612875.05,214,2863.90,580.73,4995.54
Electronics,Panasonic,Budget Shopper,Small Stores / Shops,Manager,816357.97,288,2834.58,503.08,4996.39
Electronics,Panasonic,Budget Shopper,Small Stores / Shops,Sales Associate,740794.99,260,2849.21,505.86,4993.50
Electronics,Panasonic,Budget Shopper,Small Stores / Shops,Salesperson,789513.54,278,2839.98,505.45,4995.35
Electronics,Panasonic,Budget Shopper,Small Stores / Shops,Senior Salesperson,677730.76,247,2743.85,500.59,4976.51
Electronics,Panasonic,Budget Shopper,Supermarkets ,Manager,740413.01,274,2702.24,537.12,4992.13
Electronics,Panasonic,Budget Shopper,Supermarkets ,Sales Associate,827087.70,295,2803.69,522.25,4998.92
Electronics,Panasonic,Budget Shopper,Supermarkets ,Salesperson,872266.24,314,2777.92,501.31,4998.12
Electronics,Panasonic,Budget Shopper,Supermarkets ,Senior Salesperson,728241.40,267,2727.50,506.77,4976.57
Electronics,Panasonic,Churn Risk,Large Malls / Complexes,Manager,786383.81,284,2768.96,515.45,4997.13
Electronics,Panasonic,Churn Risk,Large Malls / Complexes,Sales Associate,820522.84,297,2762.70,501.57,4992.50
Electronics,Panasonic,Churn Risk,Large Malls / Complexes,Salesperson,684935.57,250,2739.74,504.36,4987.73
Electronics,Panasonic,Churn Risk,Large Malls / Complexes,Senior Salesperson,603523.79,221,2730.88,581.83,4944.86
Electronics,Panasonic,Churn Risk,Small Stores / Shops,Manager,785786.18,290,2709.61,501.05,4963.89
Electronics,Panasonic,Churn Risk,Small Stores / Shops,Sales Associate,795393.94,290,2742.74,509.01,4996.82
Electronics,Panasonic,Churn Risk,Small Stores / Shops,Salesperson,894991.00,327,2736.98,500.20,4998.99
Electronics,Panasonic,Churn Risk,Small Stores / Shops,Senior Salesperson,657915.82,243,2707.47,514.95,4977.96
Electronics,Panasonic,Churn Risk,Supermarkets ,Manager,794523.34,278,2858.00,518.47,4995.61
Electronics,Panasonic,Churn Risk,Supermarkets ,Sales Associate,795533.35,291,2733.79,569.84,4982.17
Electronics,Panasonic,Churn Risk,Supermarkets ,Salesperson,848705.39,301,2819.62,506.95,4999.64
Electronics,Panasonic,Churn Risk,Supermarkets ,Senior Salesperson,774153.08,280,2764.83,502.31,4987.21
Electronics,Panasonic,Deal Seeker,Large Malls / Complexes,Manager,762715.72,274,2783.63,513.44,4958.76
Electronics,Panasonic,Deal Seeker,Large Malls / Complexes,Sales Associate,682996.82,253,2699.59,513.19,4977.68
Electronics,Panasonic,Deal Seeker,Large Malls / Complexes,Salesperson,732409.08,261,2806.17,514.89,4994.86
Electronics,Panasonic,Deal Seeker,Large Malls / Complexes,Senior Salesperson,656994.08,250,2627.98,515.87,4978.46
Electronics,Panasonic,Deal Seeker,Small Stores / Shops,Manager,848925.33,308,2756.25,508.52,4997.91
Electronics,Panasonic,Deal Seeker,Small Stores / Shops,Sales Associate,848497.49,307,2763.84,504.48,4987.95
Electronics,Panasonic,Deal Seeker,Small Stores / Shops,Salesperson,906587.22,313,2896.44,500.49,4986.80
Electronics,Panasonic,Deal Seeker,Small Stores / Shops,Senior Salesperson,756948.23,277,2732.67,500.14,4996.66
Electronics,Panasonic,Deal Seeker,Supermarkets ,Manager,792275.13,289,2741.44,519.20,4999.75
Electronics,Panasonic,Deal Seeker,Supermarkets ,Sales Associate,876645.49,318,2756.75,529.97,4959.78
Electronics,Panasonic,Deal Seeker,Supermarkets ,Salesperson,825042.09,293,2815.84,524.13,4998.59
Electronics,Panasonic,Deal Seeker,Supermarkets ,Senior Salesperson,638298.45,237,2693.24,503.53,4994.98
Electronics,Panasonic,First-time Buyer,Large Malls / Complexes,Manager,692452.45,254,2726.19,503.56,4999.78
Electronics,Panasonic,First-time Buyer,Large Malls / Complexes,Sales Associate,787854.24,287,2745.14,512.07,4986.88
Electronics,Panasonic,First-time Buyer,Large Malls / Complexes,Salesperson,683927.98,248,2757.77,513.68,4991.10
Electronics,Panasonic,First-time Buyer,Large Malls / Complexes,Senior Salesperson,728072.57,266,2737.11,504.47,4996.10
Electronics,Panasonic,First-time Buyer,Small Stores / Shops,Manager,688239.06,254,2709.60,532.16,4992.49
Electronics,Panasonic,First-time Buyer,Small Stores / Shops,Sales Associate,842792.91,323,2609.27,511.07,4989.40
Electronics,Panasonic,First-time Buyer,Small Stores / Shops,Salesperson,828018.76,312,2653.91,511.66,4971.05
Electronics,Panasonic,First-time Buyer,Small Stores / Shops,Senior Salesperson,649921.32,234,2777.44,524.97,4976.60
Electronics,Panasonic,First-time Buyer,Supermarkets ,Manager,797212.26,278,2867.67,552.19,4991.79
Electronics,Panasonic,First-time Buyer,Supermarkets ,Sales Associate,776903.29,288,2697.58,510.13,4999.90
Electronics,Panasonic,First-time Buyer,Supermarkets ,Salesperson,860443.23,313,2749.02,507.16,4999.67
Electronics,Panasonic,First-time Buyer,Supermarkets ,Senior Salesperson,759950.76,271,2804.25,539.32,4980.90
Electronics,Panasonic,High Value,Large Malls / Complexes,Manager,721278.87,248,2908.38,503.72,4990.51
Electronics,Panasonic,High Value,Large Malls / Complexes,Sales Associate,810875.60,305,2658.61,507.21,4961.49
Electronics,Panasonic,High Value,Large Malls / Complexes,Salesperson,785243.10,288,2726.54,507.02,4987.02
Electronics,Panasonic,High Value,Large Malls / Complexes,Senior Salesperson,649590.08,233,2787.94,521.42,4916.15
Electronics,Panasonic,High Value,Small Stores / Shops,Manager,764176.44,289,2644.21,511.52,4962.11
Electronics,Panasonic,High Value,Small Stores / Shops,Sales Associate,872166.77,317,2751.31,502.39,4993.18
Electronics,Panasonic,High Value,Small Stores / Shops,Salesperson,853834.63,297,2874.86,537.44,4996.64
Electronics,Panasonic,High Value,Small Stores / Shops,Senior Salesperson,732074.43,258,2837.50,537.38,4982.55
Electronics,Panasonic,High Value,Supermarkets ,Manager,777772.21,284,2738.63,510.97,4976.54
Electronics,Panasonic,High Value,Supermarkets ,Sales Associate,866870.61,313,2769.55,504.69,4992.74
Electronics,Panasonic,High Value,Supermarkets ,Salesperson,739166.44,287,2575.49,505.63,4958.87
Electronics,Panasonic,High Value,Supermarkets ,Senior Salesperson,687105.35,244,2816.01,518.76,4998.89
Electronics,Panasonic,In-Store Regular,Large Malls / Complexes,Manager,721040.31,275,2621.96,501.86,4987.50
Electronics,Panasonic,In-Store Regular,Large Malls / Complexes,Sales Associate,751458.01,278,2703.09,522.50,4995.07
Electronics,Panasonic,In-Store Regular,Large Malls / Complexes,Salesperson,735956.71,281,2619.06,549.77,4986.08
Electronics,Panasonic,In-Store Regular,Large Malls / Complexes,Senior Salesperson,768722.64,279,2755.28,502.83,4979.36
Electronics,Panasonic,In-Store Regular,Small Stores / Shops,Manager,755495.34,273,2767.38,508.37,4994.22
Electronics,Panasonic,In-Store Regular,Small Stores / Shops,Sales Associate,795455.91,293,2714.87,517.76,4988.55
Electronics,Panasonic,In-Store Regular,Small Stores / Shops,Salesperson,880197.60,309,2848.54,527.43,4994.43
Electronics,Panasonic,In-Store Regular,Small Stores / Shops,Senior Salesperson,791535.29,283,2796.94,538.07,4999.96
Electronics,Panasonic,In-Store Regular,Supermarkets ,Manager,724805.15,267,2714.63,512.03,4984.48
Electronics,Panasonic,In-Store Regular,Supermarkets ,Sales Associate,957583.42,342,2799.95,514.36,4999.60
Electronics,Panasonic,In-Store Regular,Supermarkets ,Salesperson,883917.28,325,2719.75,507.31,4968.91
Electronics,Panasonic,In-Store Regular,Supermarkets ,Senior Salesperson,753004.71,266,2830.84,507.19,4973.53
Electronics,Panasonic,Loyal Customer,Large Malls / Complexes,Manager,729805.40,258,2828.70,522.99,4977.93
Electronics,Panasonic,Loyal Customer,Large Malls / Complexes,Sales Associate,803539.21,296,2714.66,531.89,4992.01
Electronics,Panasonic,Loyal Customer,Large Malls / Complexes,Salesperson,739026.15,268,2757.56,526.46,4990.97
Electronics,Panasonic,Loyal Customer,Large Malls / Complexes,Senior Salesperson,717270.64,251,2857.65,502.33,4990.05
Electronics,Panasonic,Loyal Customer,Small Stores / Shops,Manager,747276.79,272,2747.34,501.47,4997.36
Electronics,Panasonic,Loyal Customer,Small Stores / Shops,Sales Associate,816170.43,303,2693.63,545.29,4973.64
Electronics,Panasonic,Loyal Customer,Small Stores / Shops,Salesperson,836771.69,310,2699.26,502.12,4975.27
Electronics,Panasonic,Loyal Customer,Small Stores / Shops,Senior Salesperson,641954.01,233,2755.17,510.59,4994.59
Electronics,Panasonic,Loyal Customer,Supermarkets ,Manager,823232.02,299,2753.28,500.20,4997.54
Electronics,Panasonic,Loyal Customer,Supermarkets ,Sales Associate,799423.51,297,2691.66,523.11,4976.09
Electronics,Panasonic,Loyal Customer,Supermarkets ,Salesperson,833594.95,293,2845.03,504.46,4983.67
Electronics,Panasonic,Loyal Customer,Supermarkets ,Senior Salesperson,608172.75,227,2679.18,503.05,4986.76
Electronics,Panasonic,Occasional Shopper,Large Malls / Complexes,Manager,708773.47,263,2694.96,528.33,4987.46
Electronics,Panasonic,Occasional Shopper,Large Malls / Complexes,Sales Associate,821098.31,291,2821.64,515.34,4998.19
Electronics,Panasonic,Occasional Shopper,Large Malls / Complexes,Salesperson,792046.38,278,2849.09,507.71,4967.39
Electronics,Panasonic,Occasional Shopper,Large Malls / Complexes,Senior Salesperson,644840.37,232,2779.48,535.69,4989.89
Electronics,Panasonic,Occasional Shopper,Small Stores / Shops,Manager,848362.27,306,2772.43,510.21,4991.92
Electronics,Panasonic,Occasional Shopper,Small Stores / Shops,Sales Associate,812660.84,289,2811.98,520.57,4966.70
Electronics,Panasonic,Occasional Shopper,Small Stores / Shops,Salesperson,813944.54,295,2759.13,518.68,4945.54
Electronics,Panasonic,Occasional Shopper,Small Stores / Shops,Senior Salesperson,782354.56,279,2804.14,500.15,4961.33
Electronics,Panasonic,Occasional Shopper,Supermarkets ,Manager,826870.44,305,2711.05,510.02,4991.97
Electronics,Panasonic,Occasional Shopper,Supermarkets ,Sales Associate,919455.99,329,2794.70,511.07,4957.97
Electronics,Panasonic,Occasional Shopper,Supermarkets ,Salesperson,889317.12,305,2915.79,516.63,4995.38
Electronics,Panasonic,Occasional Shopper,Supermarkets ,Senior Salesperson,634083.89,233,2721.39,503.80,4987.28
Electronics,Panasonic,Online Shopper,Large Malls / Complexes,Manager,769096.83,273,2817.20,503.43,4989.22
Electronics,Panasonic,Online Shopper,Large Malls / Complexes,Sales Associate,782504.05,277,2824.92,530.36,4999.83
Electronics,Panasonic,Online Shopper,Large Malls / Complexes,Salesperson,879398.85,311,2827.65,517.32,4974.07
Electronics,Panasonic,Online Shopper,Large Malls / Complexes,Senior Salesperson,625981.94,235,2663.75,517.28,4955.10
Electronics,Panasonic,Online Shopper,Small Stores / Shops,Manager,789340.76,285,2769.62,510.13,4975.56
Electronics,Panasonic,Online Shopper,Small Stores / Shops,Sales Associate,826277.59,292,2829.72,573.94,4981.35
Electronics,Panasonic,Online Shopper,Small Stores / Shops,Salesperson,736951.22,266,2770.49,506.53,4968.63
Electronics,Panasonic,Online Shopper,Small Stores / Shops,Senior Salesperson,687517.17,244,2817.69,519.91,4993.48
Electronics,Panasonic,Online Shopper,Supermarkets ,Manager,827957.12,306,2705.74,510.62,4981.74
Electronics,Panasonic,Online Shopper,Supermarkets ,Sales Associate,890361.35,308,2890.78,510.30,4971.31
Electronics,Panasonic,Online Shopper,Supermarkets ,Salesperson,847507.56,305,2778.71,500.09,4988.33
Electronics,Panasonic,Online Shopper,Supermarkets ,Senior Salesperson,715981.30,259,2764.41,541.91,4998.72
Electronics,Panasonic,Premium Shopper,Large Malls / Complexes,Manager,690460.19,251,2750.84,524.62,4996.51
Electronics,Panasonic,Premium Shopper,Large Malls / Complexes,Sales Associate,702394.11,270,2601.46,501.34,4957.85
Electronics,Panasonic,Premium Shopper,Large Malls / Complexes,Salesperson,758232.45,271,2797.91,532.38,4985.26
Electronics,Panasonic,Premium Shopper,Large Malls / Complexes,Senior Salesperson,698266.32,237,2946.27,509.63,4983.06
Electronics,Panasonic,Premium Shopper,Small Stores / Shops,Manager,703773.92,262,2686.16,506.88,4997.71
Electronics,Panasonic,Premium Shopper,Small Stores / Shops,Sales Associate,822013.20,298,2758.43,512.78,4980.33
Electronics,Panasonic,Premium Shopper,Small Stores / Shops,Salesperson,777161.36,281,2765.70,500.34,4986.38
Electronics,Panasonic,Premium Shopper,Small Stores / Shops,Senior Salesperson,692654.35,251,2759.58,578.62,4991.77
Electronics,Panasonic,Premium Shopper,Supermarkets ,Manager,713343.98,262,2722.69,516.16,4999.87
Electronics,Panasonic,Premium Shopper,Supermarkets ,Sales Associate,914489.10,338,2705.59,506.13,4994.76
Electronics,Panasonic,Premium Shopper,Supermarkets ,Salesperson,848385.39,307,2763.47,513.63,4981.01
Electronics,Panasonic,Premium Shopper,Supermarkets ,Senior Salesperson,775636.74,270,2872.73,500.51,4995.80
Electronics,Samsung,Budget Shopper,Large Malls / Complexes,Manager,782472.63,263,2975.18,548.35,4988.76
Electronics,Samsung,Budget Shopper,Large Malls / Complexes,Sales Associate,683860.63,256,2671.33,504.71,4974.59
Electronics,Samsung,Budget Shopper,Large Malls / Complexes,Salesperson,683591.22,250,2734.36,547.76,4985.37
Electronics,Samsung,Budget Shopper,Large Malls / Complexes,Senior Salesperson,677824.99,245,2766.63,501.48,4998.35
Electronics,Samsung,Budget Shopper,Small Stores / Shops,Manager,815764.82,276,2955.67,530.02,4994.52
Electronics,Samsung,Budget Shopper,Small Stores / Shops,Sales Associate,760268.92,276,2754.60,502.24,4997.47
Electronics,Samsung,Budget Shopper,Small Stores / Shops,Salesperson,804423.76,288,2793.14,504.62,4988.47
Electronics,Samsung,Budget Shopper,Small Stores / Shops,Senior Salesperson,668775.04,244,2740.88,518.75,4999.28
Electronics,Samsung,Budget Shopper,Supermarkets ,Manager,804120.96,295,2725.83,505.10,4975.32
Electronics,Samsung,Budget Shopper,Supermarkets ,Sales Associate,825230.33,306,2696.83,510.10,4979.85
Electronics,Samsung,Budget Shopper,Supermarkets ,Salesperson,805272.52,289,2786.41,503.78,4981.45
Electronics,Samsung,Budget Shopper,Supermarkets ,Senior Salesperson,730167.49,259,2819.18,560.19,4988.20
Electronics,Samsung,Churn Risk,Large Malls / Complexes,Manager,724928.58,272,2665.18,506.44,4988.43
Electronics,Samsung,Churn Risk,Large Malls / Complexes,Sales Associate,756481.87,276,2740.88,524.35,4991.94
Electronics,Samsung,Churn Risk,Large Malls / Complexes,Salesperson,730232.07,265,2755.59,538.28,4974.52
Electronics,Samsung,Churn Risk,Large Malls / Complexes,Senior Salesperson,680617.91,240,2835.91,505.30,4987.66
Electronics,Samsung,Churn Risk,Small Stores / Shops,Manager,706404.87,263,2685.95,538.03,4980.30
Electronics,Samsung,Churn Risk,Small Stores / Shops,Sales Associate,860349.19,308,2793.34,520.12,4979.35
Electronics,Samsung,Churn Risk,Small Stores / Shops,Salesperson,803564.20,306,2626.03,509.75,4963.89
Electronics,Samsung,Churn Risk,Small Stores / Shops,Senior Salesperson,737936.81,278,2654.45,501.42,4999.69
Electronics,Samsung,Churn Risk,Supermarkets ,Manager,822769.19,294,2798.53,631.53,4987.89
Electronics,Samsung,Churn Risk,Supermarkets ,Sales Associate,880640.89,309,2849.97,501.03,4990.87
Electronics,Samsung,Churn Risk,Supermarkets ,Salesperson,762050.28,273,2791.39,508.34,4994.08
Electronics,Samsung,Churn Risk,Supermarkets ,Senior Salesperson,730332.53,275,2655.75,503.69,4978.57
Electronics,Samsung,Deal Seeker,Large Malls / Complexes,Manager,656133.86,241,2722.55,532.95,4970.11
Electronics,Samsung,Deal Seeker,Large Malls / Complexes,Sales Associate,721953.76,256,2820.13,521.10,4928.12
Electronics,Samsung,Deal Seeker,Large Malls / Complexes,Salesperson,733525.89,269,2726.86,531.91,4986.14
Electronics,Samsung,Deal Seeker,Large Malls / Complexes,Senior Salesperson,686111.44,248,2766.58,503.08,4983.76
Electronics,Samsung,Deal Seeker,Small Stores / Shops,Manager,780819.43,272,2870.66,509.29,4998.39
Electronics,Samsung,Deal Seeker,Small Stores / Shops,Sales Associate,851534.14,305,2791.92,501.85,4992.26
Electronics,Samsung,Deal Seeker,Small Stores / Shops,Salesperson,805368.16,300,2684.56,504.18,4982.85
Electronics,Samsung,Deal Seeker,Small Stores / Shops,Senior Salesperson,697039.81,249,2799.36,504.35,4995.59
Electronics,Samsung,Deal Seeker,Supermarkets ,Manager,777340.90,286,2717.98,545.49,4991.18
Electronics,Samsung,Deal Seeker,Supermarkets ,Sales Associate,843400.24,317,2660.57,505.19,4998.01
Electronics,Samsung,Deal Seeker,Supermarkets ,Salesperson,884527.65,341,2593.92,519.49,4976.24
Electronics,Samsung,Deal Seeker,Supermarkets ,Senior Salesperson,739197.53,262,2821.36,518.90,4973.08
Electronics,Samsung,First-time Buyer,Large Malls / Complexes,Manager,708189.16,263,2692.73,528.71,4989.92
Electronics,Samsung,First-time Buyer,Large Malls / Complexes,Sales Associate,726218.07,274,2650.43,502.39,4989.77
Electronics,Samsung,First-time Buyer,Large Malls / Complexes,Salesperson,755493.98,284,2660.19,501.91,4982.48
Electronics,Samsung,First-time Buyer,Large Malls / Complexes,Senior Salesperson,727157.89,259,2807.56,516.29,4997.02
Electronics,Samsung,First-time Buyer,Small Stores / Shops,Manager,753315.37,280,2690.41,506.50,4980.65
Electronics,Samsung,First-time Buyer,Small Stores / Shops,Sales Associate,805558.40,294,2739.99,506.47,4994.98
Electronics,Samsung,First-time Buyer,Small Stores / Shops,Salesperson,848403.87,312,2719.24,507.60,4992.52
Electronics,Samsung,First-time Buyer,Small Stores / Shops,Senior Salesperson,762415.09,272,2803.00,514.01,4988.74
Electronics,Samsung,First-time Buyer,Supermarkets ,Manager,817992.00,286,2860.11,500.13,4976.49
Electronics,Samsung,First-time Buyer,Supermarkets ,Sales Associate,834713.55,302,2763.95,502.59,4959.64
Electronics,Samsung,First-time Buyer,Supermarkets ,Salesperson,916650.93,312,2937.98,537.74,4999.71
Electronics,Samsung,First-time Buyer,Supermarkets ,Senior Salesperson,686376.42,257,2670.73,515.90,4955.30
Electronics,Samsung,High Value,Large Malls / Complexes,Manager,695740.61,251,2771.87,506.31,4982.07
Electronics,Samsung,High Value,Large Malls / Complexes,Sales Associate,745718.50,265,2814.03,518.45,4936.25
Electronics,Samsung,High Value,Large Malls / Complexes,Salesperson,777214.64,269,2889.27,510.86,4992.51
Electronics,Samsung,High Value,Large Malls / Complexes,Senior Salesperson,684510.55,241,2840.29,504.44,4950.31
Electronics,Samsung,High Value,Small Stores / Shops,Manager,837691.46,294,2849.29,518.30,4980.55
Electronics,Samsung,High Value,Small Stores / Shops,Sales Associate,816120.89,303,2693.47,513.42,4973.02
Electronics,Samsung,High Value,Small Stores / Shops,Salesperson,783015.37,278,2816.60,555.07,4982.96
Electronics,Samsung,High Value,Small Stores / Shops,Senior Salesperson,712998.46,254,2807.08,558.13,4979.64
Electronics,Samsung,High Value,Supermarkets ,Manager,780766.38,293,2664.73,523.74,4992.12
Electronics,Samsung,High Value,Supermarkets ,Sales Associate,816178.93,302,2702.58,518.74,4987.31
Electronics,Samsung,High Value,Supermarkets ,Salesperson,746907.51,276,2706.19,521.61,4993.37
Electronics,Samsung,High Value,Supermarkets ,Senior Salesperson,708474.32,259,2735.42,501.98,4991.12
Electronics,Samsung,In-Store Regular,Large Malls / Complexes,Manager,728910.21,260,2803.50,504.32,4985.56
Electronics,Samsung,In-Store Regular,Large Malls / Complexes,Sales Associate,770209.83,281,2740.96,541.18,4994.00
Electronics,Samsung,In-Store Regular,Large Malls / Complexes,Salesperson,727221.36,275,2644.44,501.27,4995.33
Electronics,Samsung,In-Store Regular,Large Malls / Complexes,Senior Salesperson,664304.98,247,2689.49,567.56,4927.40
Electronics,Samsung,In-Store Regular,Small Stores / Shops,Manager,822244.01,308,2669.62,517.03,4993.04
Electronics,Samsung,In-Store Regular,Small Stores / Shops,Sales Associate,803171.19,302,2659.51,517.59,4978.18
Electronics,Samsung,In-Store Regular,Small Stores / Shops,Salesperson,852880.61,300,2842.94,511.56,4983.39
Electronics,Samsung,In-Store Regular,Small Stores / Shops,Senior Salesperson,723338.45,257,2814.55,503.76,4999.11
Electronics,Samsung,In-Store Regular,Supermarkets ,Manager,747226.09,288,2594.54,512.89,4983.54
Electronics,Samsung,In-Store Regular,Supermarkets ,Sales Associate,800838.41,295,2714.71,507.40,4985.76
Electronics,Samsung,In-Store Regular,Supermarkets ,Salesperson,874601.12,312,2803.21,522.14,4974.80
Electronics,Samsung,In-Store Regular,Supermarkets ,Senior Salesperson,782549.95,286,2736.19,520.04,4995.10
Electronics,Samsung,Loyal Customer,Large Malls / Complexes,Manager,746439.91,267,2795.66,518.86,4977.22
Electronics,Samsung,Loyal Customer,Large Malls / Complexes,Sales Associate,794911.77,277,2869.72,529.47,4971.21
Electronics,Samsung,Loyal Customer,Large Malls / Complexes,Salesperson,775585.09,278,2789.87,536.58,4999.50
Electronics,Samsung,Loyal Customer,Large Malls / Complexes,Senior Salesperson,609390.04,230,2649.52,548.38,4992.13
Electronics,Samsung,Loyal Customer,Small Stores / Shops,Manager,816748.74,292,2797.08,510.19,4996.76
Electronics,Samsung,Loyal Customer,Small Stores / Shops,Sales Associate,832233.13,302,2755.74,515.91,4986.64
Electronics,Samsung,Loyal Customer,Small Stores / Shops,Salesperson,756222.35,277,2730.04,522.82,4991.43
Electronics,Samsung,Loyal Customer,Small Stores / Shops,Senior Salesperson,701944.88,244,2876.82,512.28,4997.09
Electronics,Samsung,Loyal Customer,Supermarkets ,Manager,797593.70,285,2798.57,513.45,4998.97
Electronics,Samsung,Loyal Customer,Supermarkets ,Sales Associate,833247.39,312,2670.66,501.94,4983.73
Electronics,Samsung,Loyal Customer,Supermarkets ,Salesperson,846207.75,301,2811.32,504.82,4988.94
Electronics,Samsung,Loyal Customer,Supermarkets ,Senior Salesperson,735573.15,265,2775.75,507.78,4954.56
Electronics,Samsung,Occasional Shopper,Large Malls / Complexes,Manager,771682.15,288,2679.45,505.65,4978.35
Electronics,Samsung,Occasional Shopper,Large Malls / Complexes,Sales Associate,789121.73,293,2693.25,501.55,4953.52
Electronics,Samsung,Occasional Shopper,Large Malls / Complexes,Salesperson,674258.22,261,2583.36,540.51,4970.43
Electronics,Samsung,Occasional Shopper,Large Malls / Complexes,Senior Salesperson,747095.15,246,3036.97,509.41,4997.57
Electronics,Samsung,Occasional Shopper,Small Stores / Shops,Manager,851087.29,310,2745.44,527.70,4991.85
Electronics,Samsung,Occasional Shopper,Small Stores / Shops,Sales Associate,804459.97,285,2822.67,535.38,4987.73
Electronics,Samsung,Occasional Shopper,Small Stores / Shops,Salesperson,768591.87,282,2725.50,558.96,4991.03
Electronics,Samsung,Occasional Shopper,Small Stores / Shops,Senior Salesperson,766896.37,279,2748.73,536.06,4977.80
Electronics,Samsung,Occasional Shopper,Supermarkets ,Manager,814034.47,304,2677.74,503.77,4961.84
Electronics,Samsung,Occasional Shopper,Supermarkets ,Sales Associate,792286.94,292,2713.31,539.21,4999.63
Electronics,Samsung,Occasional Shopper,Supermarkets ,Salesperson,898289.37,313,2869.93,515.99,4995.48
Electronics,Samsung,Occasional Shopper,Supermarkets ,Senior Salesperson,690885.12,241,2866.74,504.21,4952.91
Electronics,Samsung,Online Shopper,Large Malls / Complexes,Manager,735325.76,268,2743.75,548.44,4956.18
Electronics,Samsung,Online Shopper,Large Malls / Complexes,Sales Associate,684879.80,262,2614.05,505.51,4996.43
Electronics,Samsung,Online Shopper,Large Malls / Complexes,Salesperson,739589.12,263,2812.13,507.60,4998.12
Electronics,Samsung,Online Shopper,Large Malls / Complexes,Senior Salesperson,559869.44,213,2628.50,505.85,4963.46
Electronics,Samsung,Online Shopper,Small Stores / Shops,Manager,797836.83,288,2770.27,524.20,4998.33
Electronics,Samsung,Online Shopper,Small Stores / Shops,Sales Associate,842176.40,311,2707.96,505.74,4977.50
Electronics,Samsung,Online Shopper,Small Stores / Shops,Salesperson,776855.82,285,2725.81,531.06,4989.93
Electronics,Samsung,Online Shopper,Small Stores / Shops,Senior Salesperson,838370.29,280,2994.18,554.55,4987.94
Electronics,Samsung,Online Shopper,Supermarkets ,Manager,886227.83,311,2849.61,505.72,4973.29
Electronics,Samsung,Online Shopper,Supermarkets ,Sales Associate,934537.90,322,2902.29,511.65,4983.19
Electronics,Samsung,Online Shopper,Supermarkets ,Salesperson,856911.71,298,2875.54,500.93,4989.29
Electronics,Samsung,Online Shopper,Supermarkets ,Senior Salesperson,735561.34,264,2786.22,531.74,4997.91
Electronics,Samsung,Premium Shopper,Large Malls / Complexes,Manager,786388.37,273,2880.54,514.39,4995.60
Electronics,Samsung,Premium Shopper,Large Malls / Complexes,Sales Associate,821157.73,305,2692.32,504.23,4974.50
Electronics,Samsung,Premium Shopper,Large Malls / Complexes,Salesperson,719851.20,256,2811.92,508.18,4984.12
Electronics,Samsung,Premium Shopper,Large Malls / Complexes,Senior Salesperson,610455.12,229,2665.74,517.25,4980.68
Electronics,Samsung,Premium Shopper,Small Stores / Shops,Manager,755200.15,291,2595.19,504.67,4972.88
Electronics,Samsung,Premium Shopper,Small Stores / Shops,Sales Associate,813339.39,294,2766.46,524.84,4970.84
Electronics,Samsung,Premium Shopper,Small Stores / Shops,Salesperson,910219.61,321,2835.58,518.01,4996.78
Electronics,Samsung,Premium Shopper,Small Stores / Shops,Senior Salesperson,733271.61,264,2777.54,510.74,4997.81
Electronics,Samsung,Premium Shopper,Supermarkets ,Manager,777350.71,274,2837.05,502.17,4995.69
Electronics,Samsung,Premium Shopper,Supermarkets ,Sales Associate,811982.00,297,2733.95,504.06,4994.69
Electronics,Samsung,Premium Shopper,Supermarkets ,Salesperson,809990.84,299,2709.00,513.00,4994.66
Electronics,Samsung,Premium Shopper,Supermarkets ,Senior Salesperson,784213.28,287,2732.45,543.11,4983.55
Electronics,Sony,Budget Shopper,Large Malls / Complexes,Manager,718403.11,263,2731.57,500.55,4976.66
Electronics,Sony,Budget Shopper,Large Malls / Complexes,Sales Associate,815754.02,290,2812.94,502.69,4975.27
Electronics,Sony,Budget Shopper,Large Malls / Complexes,Salesperson,798933.61,287,2783.74,502.59,4990.97
Electronics,Sony,Budget Shopper,Large Malls / Complexes,Senior Salesperson,647222.73,229,2826.30,519.96,4966.85
Electronics,Sony,Budget Shopper,Small Stores / Shops,Manager,741155.40,268,2765.51,511.30,4965.12
Electronics,Sony,Budget Shopper,Small Stores / Shops,Sales Associate,774951.84,272,2849.09,507.21,4991.76
Electronics,Sony,Budget Shopper,Small Stores / Shops,Salesperson,806553.09,286,2820.12,505.65,4997.06
Electronics,Sony,Budget Shopper,Small Stores / Shops,Senior Salesperson,682865.30,250,2731.46,524.94,4990.42
Electronics,Sony,Budget Shopper,Supermarkets ,Manager,831949.75,300,2773.17,505.51,4978.84
Electronics,Sony,Budget Shopper,Supermarkets ,Sales Associate,786995.35,292,2695.19,510.10,4996.70
Electronics,Sony,Budget Shopper,Supermarkets ,Salesperson,771403.35,283,2725.81,518.25,4969.95
Electronics,Sony,Budget Shopper,Supermarkets ,Senior Salesperson,746369.44,263,2837.91,521.56,4986.99
Electronics,Sony,Churn Risk,Large Malls / Complexes,Manager,637862.30,239,2668.88,517.49,4997.94
Electronics,Sony,Churn Risk,Large Malls / Complexes,Sales Associate,815765.60,298,2737.47,504.98,4982.65
Electronics,Sony,Churn Risk,Large Malls / Complexes,Salesperson,747495.99,275,2718.17,517.72,4993.31
Electronics,Sony,Churn Risk,Large Malls / Complexes,Senior Salesperson,600459.66,215,2792.84,513.64,4984.81
Electronics,Sony,Churn Risk,Small Stores / Shops,Manager,726451.96,264,2751.71,510.64,4995.57
Electronics,Sony,Churn Risk,Small Stores / Shops,Sales Associate,787982.47,296,2662.10,513.54,4978.80
Electronics,Sony,Churn Risk,Small Stores / Shops,Salesperson,722355.42,265,2725.87,510.79,4988.06
Electronics,Sony,Churn Risk,Small Stores / Shops,Senior Salesperson,598504.94,220,2720.48,501.99,4997.03
Electronics,Sony,Churn Risk,Supermarkets ,Manager,722310.29,272,2655.55,500.37,4972.77
Electronics,Sony,Churn Risk,Supermarkets ,Sales Associate,900748.47,326,2763.03,500.48,4971.39
Electronics,Sony,Churn Risk,Supermarkets ,Salesperson,916197.48,337,2718.69,515.89,4957.55
Electronics,Sony,Churn Risk,Supermarkets ,Senior Salesperson,759613.54,269,2823.84,581.05,4973.40
Electronics,Sony,Deal Seeker,Large Malls / Complexes,Manager,763266.48,278,2745.56,501.76,4980.58
Electronics,Sony,Deal Seeker,Large Malls / Complexes,Sales Associate,756688.03,268,2823.46,508.61,4976.23
Electronics,Sony,Deal Seeker,Large Malls / Complexes,Salesperson,721597.86,278,2595.68,517.54,4984.20
Electronics,Sony,Deal Seeker,Large Malls / Complexes,Senior Salesperson,648786.25,249,2605.57,500.80,4964.37
Electronics,Sony,Deal Seeker,Small Stores / Shops,Manager,685445.62,251,2730.86,531.22,4967.82
Electronics,Sony,Deal Seeker,Small Stores / Shops,Sales Associate,822768.71,292,2817.70,511.34,4999.82
Electronics,Sony,Deal Seeker,Small Stores / Shops,Salesperson,809309.01,311,2602.28,501.33,4994.34
Electronics,Sony,Deal Seeker,Small Stores / Shops,Senior Salesperson,683337.64,249,2744.33,503.47,4994.52
Electronics,Sony,Deal Seeker,Supermarkets ,Manager,745762.54,272,2741.77,511.49,4996.94
Electronics,Sony,Deal Seeker,Supermarkets ,Sales Associate,902256.99,337,2677.32,507.68,4999.95
Electronics,Sony,Deal Seeker,Supermarkets ,Salesperson,787726.07,286,2754.29,517.90,4988.03
Electronics,Sony,Deal Seeker,Supermarkets ,Senior Salesperson,691481.34,262,2639.24,512.07,4998.40
Electronics,Sony,First-time Buyer,Large Malls / Complexes,Manager,721797.89,263,2744.48,550.70,4997.65
Electronics,Sony,First-time Buyer,Large Malls / Complexes,Sales Associate,853683.26,300,2845.61,510.18,4995.33
Electronics,Sony,First-time Buyer,Large Malls / Complexes,Salesperson,770482.72,280,2751.72,504.33,4987.13
Electronics,Sony,First-time Buyer,Large Malls / Complexes,Senior Salesperson,622936.73,225,2768.61,508.27,4977.23
Electronics,Sony,First-time Buyer,Small Stores / Shops,Manager,822026.26,295,2786.53,517.04,4988.40
Electronics,Sony,First-time Buyer,Small Stores / Shops,Sales Associate,762675.49,287,2657.41,500.72,4995.49
Electronics,Sony,First-time Buyer,Small Stores / Shops,Salesperson,590776.59,230,2568.59,510.33,4952.33
Electronics,Sony,First-time Buyer,Small Stores / Shops,Senior Salesperson,744264.88,258,2884.75,529.28,4963.23
Electronics,Sony,First-time Buyer,Supermarkets ,Manager,795383.40,277,2871.42,508.08,4999.11
Electronics,Sony,First-time Buyer,Supermarkets ,Sales Associate,793067.48,284,2792.49,500.19,4981.95
Electronics,Sony,First-time Buyer,Supermarkets ,Salesperson,827249.87,291,2842.78,507.07,4986.96
Electronics,Sony,First-time Buyer,Supermarkets ,Senior Salesperson,683334.21,247,2766.54,510.09,4964.02
Electronics,Sony,High Value,Large Malls / Complexes,Manager,718782.57,268,2682.02,543.42,4995.39
Electronics,Sony,High Value,Large Malls / Complexes,Sales Associate,786692.73,284,2770.04,612.80,4998.49
Electronics,Sony,High Value,Large Malls / Complexes,Salesperson,727350.87,277,2625.82,502.93,4998.62
Electronics,Sony,High Value,Large Malls / Complexes,Senior Salesperson,662917.38,256,2589.52,509.28,4978.61
Electronics,Sony,High Value,Small Stores / Shops,Manager,786401.99,282,2788.66,525.24,4985.34
Electronics,Sony,High Value,Small Stores / Shops,Sales Associate,796382.48,300,2654.61,509.07,4965.74
Electronics,Sony,High Value,Small Stores / Shops,Salesperson,840224.87,298,2819.55,504.17,4995.77
Electronics,Sony,High Value,Small Stores / Shops,Senior Salesperson,741639.32,288,2575.14,501.00,4987.90
Electronics,Sony,High Value,Supermarkets ,Manager,772068.11,282,2737.83,506.12,4996.51
Electronics,Sony,High Value,Supermarkets ,Sales Associate,776630.18,282,2754.01,547.29,4999.96
Electronics,Sony,High Value,Supermarkets ,Salesperson,760677.75,278,2736.25,521.20,4998.47
Electronics,Sony,High Value,Supermarkets ,Senior Salesperson,703025.89,260,2703.95,504.44,4981.87
Electronics,Sony,In-Store Regular,Large Malls / Complexes,Manager,795826.57,295,2697.72,505.60,4998.89
Electronics,Sony,In-Store Regular,Large Malls / Complexes,Sales Associate,760015.11,279,2724.07,504.09,4970.94
Electronics,Sony,In-Store Regular,Large Malls / Complexes,Salesperson,773725.77,277,2793.23,502.96,4998.14
Electronics,Sony,In-Store Regular,Large Malls / Complexes,Senior Salesperson,631101.38,235,2685.54,514.21,4840.12
Electronics,Sony,In-Store Regular,Small Stores / Shops,Manager,677083.45,247,2741.23,508.37,4998.52
Electronics,Sony,In-Store Regular,Small Stores / Shops,Sales Associate,816113.73,286,2853.54,508.20,4998.63
Electronics,Sony,In-Store Regular,Small Stores / Shops,Salesperson,748147.87,275,2720.54,531.82,4987.85
Electronics,Sony,In-Store Regular,Small Stores / Shops,Senior Salesperson,725778.69,265,2738.79,517.20,4978.20
Electronics,Sony,In-Store Regular,Supermarkets ,Manager,729791.08,261,2796.13,500.05,4929.83
Electronics,Sony,In-Store Regular,Supermarkets ,Sales Associate,825633.65,309,2671.95,539.45,4963.15
Electronics,Sony,In-Store Regular,Supermarkets ,Salesperson,774842.08,277,2797.26,507.54,4998.29
Electronics,Sony,In-Store Regular,Supermarkets ,Senior Salesperson,751537.27,268,2804.24,500.69,4973.16
Electronics,Sony,Loyal Customer,Large Malls / Complexes,Manager,762735.34,278,2743.65,520.36,4983.57
Electronics,Sony,Loyal Customer,Large Malls / Complexes,Sales Associate,771052.47,270,2855.75,530.20,4995.09
Electronics,Sony,Loyal Customer,Large Malls / Complexes,Salesperson,673691.89,250,2694.77,522.56,4978.45
Electronics,Sony,Loyal Customer,Large Malls / Complexes,Senior Salesperson,610325.35,231,2642.10,536.01,4997.33
Electronics,Sony,Loyal Customer,Small Stores / Shops,Manager,867871.65,333,2606.22,500.08,4955.53
Electronics,Sony,Loyal Customer,Small Stores / Shops,Sales Associate,852251.82,305,2794.27,506.16,4998.12
Electronics,Sony,Loyal Customer,Small Stores / Shops,Salesperson,745929.70,262,2847.06,541.54,4992.86
Electronics,Sony,Loyal Customer,Small Stores / Shops,Senior Salesperson,726711.26,266,2732.00,523.65,4992.83
Electronics,Sony,Loyal Customer,Supermarkets ,Manager,901722.17,325,2774.53,511.62,4999.15
Electronics,Sony,Loyal Customer,Supermarkets ,Sales Associate,895927.72,323,2773.77,535.77,4984.60
Electronics,Sony,Loyal Customer,Supermarkets ,Salesperson,802497.47,289,2776.81,519.21,4975.78
Electronics,Sony,Loyal Customer,Supermarkets ,Senior Salesperson,691089.15,250,2764.36,513.30,4988.29
Electronics,Sony,Occasional Shopper,Large Malls / Complexes,Manager,706573.51,257,2749.31,529.82,4983.91
Electronics,Sony,Occasional Shopper,Large Malls / Complexes,Sales Associate,810724.30,302,2684.52,512.68,4994.15
Electronics,Sony,Occasional Shopper,Large Malls / Complexes,Salesperson,762858.87,288,2648.82,540.90,4950.66
Electronics,Sony,Occasional Shopper,Large Malls / Complexes,Senior Salesperson,685226.61,234,2928.32,519.40,4995.40
Electronics,Sony,Occasional Shopper,Small Stores / Shops,Manager,803536.97,291,2761.30,523.42,4997.58
Electronics,Sony,Occasional Shopper,Small Stores / Shops,Sales Associate,779063.62,292,2668.03,507.61,4994.20
Electronics,Sony,Occasional Shopper,Small Stores / Shops,Salesperson,804715.84,282,2853.60,516.61,4964.98
Electronics,Sony,Occasional Shopper,Small Stores / Shops,Senior Salesperson,681224.04,246,2769.20,506.15,4973.41
Electronics,Sony,Occasional Shopper,Supermarkets ,Manager,774817.70,288,2690.34,548.99,4965.47
Electronics,Sony,Occasional Shopper,Supermarkets ,Sales Associate,949281.52,322,2948.08,556.85,4998.09
Electronics,Sony,Occasional Shopper,Supermarkets ,Salesperson,856722.49,312,2745.91,535.24,4994.33
Electronics,Sony,Occasional Shopper,Supermarkets ,Senior Salesperson,621929.42,233,2669.22,515.45,4995.99
Electronics,Sony,Online Shopper,Large Malls / Complexes,Manager,768723.84,290,2650.77,520.16,4992.32
Electronics,Sony,Online Shopper,Large Malls / Complexes,Sales Associate,813386.32,295,2757.24,529.65,4999.95
Electronics,Sony,Online Shopper,Large Malls / Complexes,Salesperson,744192.39,276,2696.35,521.04,4992.54
Electronics,Sony,Online Shopper,Large Malls / Complexes,Senior Salesperson,711299.06,255,2789.41,502.74,4993.05
Electronics,Sony,Online Shopper,Small Stores / Shops,Manager,771305.58,289,2668.88,517.51,4952.87
Electronics,Sony,Online Shopper,Small Stores / Shops,Sales Associate,712821.79,256,2784.46,501.02,4972.09
Electronics,Sony,Online Shopper,Small Stores / Shops,Salesperson,854119.37,322,2652.54,518.86,4953.48
Electronics,Sony,Online Shopper,Small Stores / Shops,Senior Salesperson,716110.76,258,2775.62,546.51,4928.44
Electronics,Sony,Online Shopper,Supermarkets ,Manager,806110.75,292,2760.65,503.58,4962.86
Electronics,Sony,Online Shopper,Supermarkets ,Sales Associate,751944.99,267,2816.27,510.23,4995.68
Electronics,Sony,Online Shopper,Supermarkets ,Salesperson,799453.55,300,2664.85,505.16,4972.00
Electronics,Sony,Online Shopper,Supermarkets ,Senior Salesperson,682387.41,246,2773.93,502.78,4985.65
Electronics,Sony,Premium Shopper,Large Malls / Complexes,Manager,758644.85,278,2728.94,517.41,4998.76
Electronics,Sony,Premium Shopper,Large Malls / Complexes,Sales Associate,739929.06,260,2845.88,512.79,4993.46
Electronics,Sony,Premium Shopper,Large Malls / Complexes,Salesperson,756942.56,275,2752.52,506.00,4982.40
Electronics,Sony,Premium Shopper,Large Malls / Complexes,Senior Salesperson,704097.60,257,2739.68,533.94,4990.76
Electronics,Sony,Premium Shopper,Small Stores / Shops,Manager,786984.84,276,2851.39,500.73,4952.87
Electronics,Sony,Premium Shopper,Small Stores / Shops,Sales Associate,688881.19,267,2580.08,503.82,4988.42
Electronics,Sony,Premium Shopper,Small Stores / Shops,Salesperson,785162.12,281,2794.17,505.80,4993.03
Electronics,Sony,Premium Shopper,Small Stores / Shops,Senior Salesperson,614840.64,238,2583.36,505.55,4972.75
Electronics,Sony,Premium Shopper,Supermarkets ,Manager,761191.94,264,2883.30,530.83,4995.30
Electronics,Sony,Premium Shopper,Supermarkets ,Sales Associate,940620.46,339,2774.69,509.28,4999.13
Electronics,Sony,Premium Shopper,Supermarkets ,Salesperson,872982.75,315,2771.37,516.09,4991.75
Electronics,Sony,Premium Shopper,Supermarkets ,Senior Salesperson,688527.76,266,2588.45,501.14,4997.92
Furniture,Godrej Interio,Budget Shopper,Large Malls / Complexes,Manager,743211.88,268,2773.18,516.51,4997.69
Furniture,Godrej Interio,Budget Shopper,Large Malls / Complexes,Sales Associate,706652.60,273,2588.47,528.63,4994.26
Furniture,Godrej Interio,Budget Shopper,Large Malls / Complexes,Salesperson,797853.39,290,2751.22,535.41,4976.44
Furniture,Godrej Interio,Budget Shopper,Large Malls / Complexes,Senior Salesperson,632631.44,233,2715.16,508.66,4999.77
Furniture,Godrej Interio,Budget Shopper,Small Stores / Shops,Manager,814011.46,293,2778.20,503.86,4987.15
Furniture,Godrej Interio,Budget Shopper,Small Stores / Shops,Sales Associate,775400.02,282,2749.65,513.03,4985.58
Furniture,Godrej Interio,Budget Shopper,Small Stores / Shops,Salesperson,851740.50,319,2670.03,503.77,4984.81
Furniture,Godrej Interio,Budget Shopper,Small Stores / Shops,Senior Salesperson,630487.88,246,2562.96,502.47,4986.48
Furniture,Godrej Interio,Budget Shopper,Supermarkets ,Manager,782808.53,283,2766.11,501.67,4979.63
Furniture,Godrej Interio,Budget Shopper,Supermarkets ,Sales Associate,870451.16,304,2863.33,517.71,4981.33
Furniture,Godrej Interio,Budget Shopper,Supermarkets ,Salesperson,779552.28,287,2716.21,505.98,4982.73
Furniture,Godrej Interio,Budget Shopper,Supermarkets ,Senior Salesperson,726056.23,259,2803.31,503.27,4999.39
Furniture,Godrej Interio,Churn Risk,Large Malls / Complexes,Manager,690817.27,264,2616.73,516.15,4997.24
Furniture,Godrej Interio,Churn Risk,Large Malls / Complexes,Sales Associate,818431.35,311,2631.61,532.26,4981.94
Furniture,Godrej Interio,Churn Risk,Large Malls / Complexes,Salesperson,618885.76,237,2611.33,525.87,4985.53
Furniture,Godrej Interio,Churn Risk,Large Malls / Complexes,Senior Salesperson,661988.58,236,2805.04,520.43,4990.62
Furniture,Godrej Interio,Churn Risk,Small Stores / Shops,Manager,835107.52,306,2729.11,503.75,4997.34
Furniture,Godrej Interio,Churn Risk,Small Stores / Shops,Sales Associate,836190.12,305,2741.61,513.01,4999.20
Furniture,Godrej Interio,Churn Risk,Small Stores / Shops,Salesperson,735292.01,267,2753.90,504.82,4977.90
Furniture,Godrej Interio,Churn Risk,Small Stores / Shops,Senior Salesperson,677873.40,258,2627.42,528.93,4924.24
Furniture,Godrej Interio,Churn Risk,Supermarkets ,Manager,734404.03,281,2613.54,503.48,4995.76
Furniture,Godrej Interio,Churn Risk,Supermarkets ,Sales Associate,734452.34,266,2761.10,520.33,4996.09
Furniture,Godrej Interio,Churn Risk,Supermarkets ,Salesperson,880315.38,318,2768.29,505.74,4986.49
Furniture,Godrej Interio,Churn Risk,Supermarkets ,Senior Salesperson,792829.68,281,2821.46,516.68,4994.87
Furniture,Godrej Interio,Deal Seeker,Large Malls / Complexes,Manager,758770.93,278,2729.39,505.24,4989.67
Furniture,Godrej Interio,Deal Seeker,Large Malls / Complexes,Sales Associate,741266.04,272,2725.24,505.50,4989.55
Furniture,Godrej Interio,Deal Seeker,Large Malls / Complexes,Salesperson,779848.79,283,2755.65,506.58,4994.26
Furniture,Godrej Interio,Deal Seeker,Large Malls / Complexes,Senior Salesperson,686805.15,248,2769.38,505.77,4998.98
Furniture,Godrej Interio,Deal Seeker,Small Stores / Shops,Manager,794622.66,289,2749.56,501.02,4993.17
Furniture,Godrej Interio,Deal Seeker,Small Stores / Shops,Sales Associate,712323.64,278,2562.32,503.95,4972.61
Furniture,Godrej Interio,Deal Seeker,Small Stores / Shops,Salesperson,810529.09,289,2804.60,502.61,4998.30
Furniture,Godrej Interio,Deal Seeker,Small Stores / Shops,Senior Salesperson,724882.21,275,2635.94,511.71,4999.40
Furniture,Godrej Interio,Deal Seeker,Supermarkets ,Manager,767505.49,286,2683.59,514.75,4984.70
Furniture,Godrej Interio,Deal Seeker,Supermarkets ,Sales Associate,859764.77,307,2800.54,503.19,4995.00
Furniture,Godrej Interio,Deal Seeker,Supermarkets ,Salesperson,848846.74,316,2686.22,503.47,4991.81
Furniture,Godrej Interio,Deal Seeker,Supermarkets ,Senior Salesperson,687193.74,251,2737.82,506.81,4972.06
Furniture,Godrej Interio,First-time Buyer,Large Malls / Complexes,Manager,620134.09,222,2793.40,540.33,4999.65
Furniture,Godrej Interio,First-time Buyer,Large Malls / Complexes,Sales Associate,753702.65,286,2635.32,505.04,4997.71
Furniture,Godrej Interio,First-time Buyer,Large Malls / Complexes,Salesperson,722688.19,266,2716.87,500.38,4994.61
Furniture,Godrej Interio,First-time Buyer,Large Malls / Complexes,Senior Salesperson,736287.24,253,2910.23,512.39,4992.57
Furniture,Godrej Interio,First-time Buyer,Small Stores / Shops,Manager,823554.06,302,2727.00,513.73,4991.93
Furniture,Godrej Interio,First-time Buyer,Small Stores / Shops,Sales Associate,803216.81,284,2828.23,504.88,4962.54
Furniture,Godrej Interio,First-time Buyer,Small Stores / Shops,Salesperson,821528.83,299,2747.59,517.29,4969.74
Furniture,Godrej Interio,First-time Buyer,Small Stores / Shops,Senior Salesperson,702462.65,260,2701.78,510.69,4975.07
Furniture,Godrej Interio,First-time Buyer,Supermarkets ,Manager,828814.11,303,2735.36,516.60,4992.46
Furniture,Godrej Interio,First-time Buyer,Supermarkets ,Sales Associate,922675.19,318,2901.49,540.30,4990.95
Furniture,Godrej Interio,First-time Buyer,Supermarkets ,Salesperson,768402.34,298,2578.53,528.94,4999.17
Furniture,Godrej Interio,First-time Buyer,Supermarkets ,Senior Salesperson,622238.89,246,2529.43,503.30,4981.26
Furniture,Godrej Interio,High Value,Large Malls / Complexes,Manager,693253.33,251,2761.97,519.11,4975.04
Furniture,Godrej Interio,High Value,Large Malls / Complexes,Sales Associate,747853.74,271,2759.61,509.62,4998.10
Furniture,Godrej Interio,High Value,Large Malls / Complexes,Salesperson,758496.58,278,2728.40,505.18,4993.32
Furniture,Godrej Interio,High Value,Large Malls / Complexes,Senior Salesperson,716065.29,260,2754.10,511.05,4996.39
Furniture,Godrej Interio,High Value,Small Stores / Shops,Manager,823344.21,298,2762.90,531.93,4968.03
Furniture,Godrej Interio,High Value,Small Stores / Shops,Sales Associate,757618.59,277,2735.09,547.09,4979.86
Furniture,Godrej Interio,High Value,Small Stores / Shops,Salesperson,832131.47,301,2764.56,540.55,4994.56
Furniture,Godrej Interio,High Value,Small Stores / Shops,Senior Salesperson,681392.44,254,2682.65,539.24,4985.71
Furniture,Godrej Interio,High Value,Supermarkets ,Manager,803765.96,302,2661.48,504.51,4985.74
Furniture,Godrej Interio,High Value,Supermarkets ,Sales Associate,749672.58,285,2630.43,516.21,4998.80
Furniture,Godrej Interio,High Value,Supermarkets ,Salesperson,820096.70,297,2761.27,524.25,4996.56
Furniture,Godrej Interio,High Value,Supermarkets ,Senior Salesperson,777957.63,263,2958.01,522.57,4968.48
Furniture,Godrej Interio,In-Store Regular,Large Malls / Complexes,Manager,744933.97,264,2821.72,500.68,4970.77
Furniture,Godrej Interio,In-Store Regular,Large Malls / Complexes,Sales Associate,794386.83,282,2816.97,540.54,4994.01
Furniture,Godrej Interio,In-Store Regular,Large Malls / Complexes,Salesperson,678407.57,241,2814.97,535.71,4960.27
Furniture,Godrej Interio,In-Store Regular,Large Malls / Complexes,Senior Salesperson,633247.83,230,2753.25,504.49,4974.87
Furniture,Godrej Interio,In-Store Regular,Small Stores / Shops,Manager,772764.44,288,2683.21,507.30,4958.43
Furniture,Godrej Interio,In-Store Regular,Small Stores / Shops,Sales Associate,729156.49,268,2720.73,500.57,4954.23
Furniture,Godrej Interio,In-Store Regular,Small Stores / Shops,Salesperson,816177.04,295,2766.70,501.91,4989.70
Furniture,Godrej Interio,In-Store Regular,Small Stores / Shops,Senior Salesperson,703114.11,265,2653.26,525.61,4963.87
Furniture,Godrej Interio,In-Store Regular,Supermarkets ,Manager,799765.54,292,2738.92,505.38,4969.58
Furniture,Godrej Interio,In-Store Regular,Supermarkets ,Sales Associate,818594.57,313,2615.32,506.12,4983.01
Furniture,Godrej Interio,In-Store Regular,Supermarkets ,Salesperson,830194.60,309,2686.71,547.98,4988.02
Furniture,Godrej Interio,In-Store Regular,Supermarkets ,Senior Salesperson,747369.36,277,2698.08,513.27,4995.77
Furniture,Godrej Interio,Loyal Customer,Large Malls / Complexes,Manager,697938.10,250,2791.75,502.50,4993.55
Furniture,Godrej Interio,Loyal Customer,Large Malls / Complexes,Sales Associate,764396.43,281,2720.27,504.76,4988.21
Furniture,Godrej Interio,Loyal Customer,Large Malls / Complexes,Salesperson,740628.47,263,2816.08,519.75,4994.08
Furniture,Godrej Interio,Loyal Customer,Large Malls / Complexes,Senior Salesperson,660840.21,235,2812.09,508.43,4976.02
Furniture,Godrej Interio,Loyal Customer,Small Stores / Shops,Manager,785522.54,294,2671.85,534.97,4987.08
Furniture,Godrej Interio,Loyal Customer,Small Stores / Shops,Sales Associate,841660.16,312,2697.63,506.65,4997.34
Furniture,Godrej Interio,Loyal Customer,Small Stores / Shops,Salesperson,773793.74,269,2876.56,523.83,4994.15
Furniture,Godrej Interio,Loyal Customer,Small Stores / Shops,Senior Salesperson,797233.62,290,2749.08,503.81,4956.80
Furniture,Godrej Interio,Loyal Customer,Supermarkets ,Manager,742498.70,272,2729.77,508.28,4996.61
Furniture,Godrej Interio,Loyal Customer,Supermarkets ,Sales Associate,827875.38,306,2705.48,508.47,4920.83
Furniture,Godrej Interio,Loyal Customer,Supermarkets ,Salesperson,905382.88,320,2829.32,525.79,4980.98
Furniture,Godrej Interio,Loyal Customer,Supermarkets ,Senior Salesperson,696856.30,246,2832.75,520.76,4984.38
Furniture,Godrej Interio,Occasional Shopper,Large Malls / Complexes,Manager,667976.19,247,2704.36,507.16,4994.03
Furniture,Godrej Interio,Occasional Shopper,Large Malls / Complexes,Sales Associate,744822.61,265,2810.65,517.40,4981.66
Furniture,Godrej Interio,Occasional Shopper,Large Malls / Complexes,Salesperson,797475.01,296,2694.17,501.14,4982.90
Furniture,Godrej Interio,Occasional Shopper,Large Malls / Complexes,Senior Salesperson,632378.97,239,2645.94,504.42,4989.23
Furniture,Godrej Interio,Occasional Shopper,Small Stores / Shops,Manager,706837.54,270,2617.92,512.99,4996.74
Furniture,Godrej Interio,Occasional Shopper,Small Stores / Shops,Sales Associate,773919.14,274,2824.52,521.42,4999.44
Furniture,Godrej Interio,Occasional Shopper,Small Stores / Shops,Salesperson,743591.37,270,2754.04,504.08,4979.69
Furniture,Godrej Interio,Occasional Shopper,Small Stores / Shops,Senior Salesperson,713626.82,261,2734.20,509.67,4955.90
Furniture,Godrej Interio,Occasional Shopper,Supermarkets ,Manager,784019.90,282,2780.21,513.26,4997.96
Furniture,Godrej Interio,Occasional Shopper,Supermarkets ,Sales Associate,827169.49,320,2584.90,503.68,4963.33
Furniture,Godrej Interio,Occasional Shopper,Supermarkets ,Salesperson,779817.27,283,2755.54,510.39,4990.48
Furniture,Godrej Interio,Occasional Shopper,Supermarkets ,Senior Salesperson,771211.22,275,2804.40,539.89,4989.40
Furniture,Godrej Interio,Online Shopper,Large Malls / Complexes,Manager,724465.04,260,2786.40,501.32,4992.74
Furniture,Godrej Interio,Online Shopper,Large Malls / Complexes,Sales Associate,748009.54,253,2956.56,500.23,4971.73
Furniture,Godrej Interio,Online Shopper,Large Malls / Complexes,Salesperson,898939.62,308,2918.64,549.09,4996.98
Furniture,Godrej Interio,Online Shopper,Large Malls / Complexes,Senior Salesperson,633424.44,233,2718.56,518.08,4992.67
Furniture,Godrej Interio,Online Shopper,Small Stores / Shops,Manager,807962.15,284,2844.94,502.89,4992.17
Furniture,Godrej Interio,Online Shopper,Small Stores / Shops,Sales Associate,796380.83,297,2681.42,525.00,4968.55
Furniture,Godrej Interio,Online Shopper,Small Stores / Shops,Salesperson,799027.09,305,2619.76,503.85,4997.06
Furniture,Godrej Interio,Online Shopper,Small Stores / Shops,Senior Salesperson,697217.54,265,2631.01,507.76,4998.57
Furniture,Godrej Interio,Online Shopper,Supermarkets ,Manager,822447.42,308,2670.28,513.63,4992.46
Furniture,Godrej Interio,Online Shopper,Supermarkets ,Sales Associate,930206.65,330,2818.81,502.89,4994.27
Furniture,Godrej Interio,Online Shopper,Supermarkets ,Salesperson,878817.94,329,2671.18,524.64,4995.74
Furniture,Godrej Interio,Online Shopper,Supermarkets ,Senior Salesperson,784454.84,276,2842.23,502.59,4982.44
Furniture,Godrej Interio,Premium Shopper,Large Malls / Complexes,Manager,741702.68,269,2757.26,517.81,4998.58
Furniture,Godrej Interio,Premium Shopper,Large Malls / Complexes,Sales Associate,716719.26,260,2756.61,510.07,4991.57
Furniture,Godrej Interio,Premium Shopper,Large Malls / Complexes,Salesperson,762295.10,268,2844.38,502.26,4999.01
Furniture,Godrej Interio,Premium Shopper,Large Malls / Complexes,Senior Salesperson,634702.58,224,2833.49,503.27,4994.23
Furniture,Godrej Interio,Premium Shopper,Small Stores / Shops,Manager,719447.85,268,2684.51,528.58,4986.72
Furniture,Godrej Interio,Premium Shopper,Small Stores / Shops,Sales Associate,820577.87,281,2920.21,501.02,4992.08
Furniture,Godrej Interio,Premium Shopper,Small Stores / Shops,Salesperson,758953.53,279,2720.26,502.26,4969.47
Furniture,Godrej Interio,Premium Shopper,Small Stores / Shops,Senior Salesperson,734965.96,260,2826.79,501.18,4983.35
Furniture,Godrej Interio,Premium Shopper,Supermarkets ,Manager,750300.61,272,2758.46,543.16,4985.02
Furniture,Godrej Interio,Premium Shopper,Supermarkets ,Sales Associate,790459.13,292,2707.05,516.13,4982.09
Furniture,Godrej Interio,Premium Shopper,Supermarkets ,Salesperson,767627.98,283,2712.47,503.67,4984.11
Furniture,Godrej Interio,Premium Shopper,Supermarkets ,Senior Salesperson,724098.81,269,2691.82,519.59,4990.23
Furniture,Home Centre,Budget Shopper,Large Malls / Complexes,Manager,654865.08,246,2662.05,517.67,4994.45
Furniture,Home Centre,Budget Shopper,Large Malls / Complexes,Sales Associate,821200.04,286,2871.33,511.83,4993.59
Furniture,Home Centre,Budget Shopper,Large Malls / Complexes,Salesperson,813751.71,290,2806.04,501.41,4995.52
Furniture,Home Centre,Budget Shopper,Large Malls / Complexes,Senior Salesperson,605769.78,232,2611.08,504.13,4973.71
Furniture,Home Centre,Budget Shopper,Small Stores / Shops,Manager,790044.90,276,2862.48,500.93,4979.69
Furniture,Home Centre,Budget Shopper,Small Stores / Shops,Sales Associate,843682.07,302,2793.65,516.26,4982.20
Furniture,Home Centre,Budget Shopper,Small Stores / Shops,Salesperson,783063.20,293,2672.57,511.57,4992.32
Furniture,Home Centre,Budget Shopper,Small Stores / Shops,Senior Salesperson,725991.51,268,2708.92,502.75,4966.19
Furniture,Home Centre,Budget Shopper,Supermarkets ,Manager,800098.09,296,2703.03,510.59,4999.90
Furniture,Home Centre,Budget Shopper,Supermarkets ,Sales Associate,849561.51,321,2646.61,504.75,4941.00
Furniture,Home Centre,Budget Shopper,Supermarkets ,Salesperson,722624.68,267,2706.46,518.96,4987.89
Furniture,Home Centre,Budget Shopper,Supermarkets ,Senior Salesperson,683961.04,259,2640.78,515.31,4966.37
Furniture,Home Centre,Churn Risk,Large Malls / Complexes,Manager,778001.03,292,2664.39,507.15,4979.25
Furniture,Home Centre,Churn Risk,Large Malls / Complexes,Sales Associate,772991.34,277,2790.58,552.67,4955.76
Furniture,Home Centre,Churn Risk,Large Malls / Complexes,Salesperson,811286.52,288,2816.97,503.27,4999.33
Furniture,Home Centre,Churn Risk,Large Malls / Complexes,Senior Salesperson,694796.11,251,2768.11,502.72,4987.50
Furniture,Home Centre,Churn Risk,Small Stores / Shops,Manager,683921.18,247,2768.91,527.79,4979.03
Furniture,Home Centre,Churn Risk,Small Stores / Shops,Sales Associate,850576.68,291,2922.94,501.40,4998.65
Furniture,Home Centre,Churn Risk,Small Stores / Shops,Salesperson,839990.41,313,2683.68,504.23,4999.64
Furniture,Home Centre,Churn Risk,Small Stores / Shops,Senior Salesperson,602085.70,217,2774.59,518.02,4975.65
Furniture,Home Centre,Churn Risk,Supermarkets ,Manager,803476.22,292,2751.63,524.01,4966.89
Furniture,Home Centre,Churn Risk,Supermarkets ,Sales Associate,798427.49,304,2626.41,502.08,4996.16
Furniture,Home Centre,Churn Risk,Supermarkets ,Salesperson,899325.71,309,2910.44,513.84,4980.00
Furniture,Home Centre,Churn Risk,Supermarkets ,Senior Salesperson,716524.09,268,2673.60,519.83,4985.80
Furniture,Home Centre,Deal Seeker,Large Malls / Complexes,Manager,677051.82,256,2644.73,506.96,4943.21
Furniture,Home Centre,Deal Seeker,Large Malls / Complexes,Sales Associate,760244.39,283,2686.38,503.37,4996.96
Furniture,Home Centre,Deal Seeker,Large Malls / Complexes,Salesperson,718611.31,250,2874.45,523.45,4973.34
Furniture,Home Centre,Deal Seeker,Large Malls / Complexes,Senior Salesperson,615636.85,229,2688.37,504.95,4982.88
Furniture,Home Centre,Deal Seeker,Small Stores / Shops,Manager,729768.07,268,2723.02,514.90,4981.32
Furniture,Home Centre,Deal Seeker,Small Stores / Shops,Sales Associate,925898.82,333,2780.48,538.02,4998.90
Furniture,Home Centre,Deal Seeker,Small Stores / Shops,Salesperson,840450.53,301,2792.19,521.44,4995.45
Furniture,Home Centre,Deal Seeker,Small Stores / Shops,Senior Salesperson,736252.22,264,2788.83,510.18,4999.30
Furniture,Home Centre,Deal Seeker,Supermarkets ,Manager,724964.13,259,2799.09,504.79,4995.19
Furniture,Home Centre,Deal Seeker,Supermarkets ,Sales Associate,936072.92,332,2819.50,502.25,4998.55
Furniture,Home Centre,Deal Seeker,Supermarkets ,Salesperson,778922.60,304,2562.25,535.27,4980.77
Furniture,Home Centre,Deal Seeker,Supermarkets ,Senior Salesperson,793657.30,290,2736.75,513.22,4995.92
Furniture,Home Centre,First-time Buyer,Large Malls / Complexes,Manager,717335.07,267,2686.65,508.31,4991.57
Furniture,Home Centre,First-time Buyer,Large Malls / Complexes,Sales Associate,811321.30,295,2750.24,534.25,4995.46
Furniture,Home Centre,First-time Buyer,Large Malls / Complexes,Salesperson,724949.69,253,2865.41,541.13,4998.93
Furniture,Home Centre,First-time Buyer,Large Malls / Complexes,Senior Salesperson,658488.66,227,2900.83,500.56,4967.55
Furniture,Home Centre,First-time Buyer,Small Stores / Shops,Manager,745511.74,277,2691.38,502.90,4999.10
Furniture,Home Centre,First-time Buyer,Small Stores / Shops,Sales Associate,824278.82,312,2641.92,502.68,4978.95
Furniture,Home Centre,First-time Buyer,Small Stores / Shops,Salesperson,864749.76,285,3034.21,503.77,4994.36
Furniture,Home Centre,First-time Buyer,Small Stores / Shops,Senior Salesperson,649737.83,233,2788.57,505.62,4996.51
Furniture,Home Centre,First-time Buyer,Supermarkets ,Manager,771462.48,278,2775.04,502.09,4986.36
Furniture,Home Centre,First-time Buyer,Supermarkets ,Sales Associate,818162.81,293,2792.36,520.04,4992.41
Furniture,Home Centre,First-time Buyer,Supermarkets ,Salesperson,820518.10,313,2621.46,523.58,4991.66
Furniture,Home Centre,First-time Buyer,Supermarkets ,Senior Salesperson,665164.97,255,2608.49,500.58,4977.71
Furniture,Home Centre,High Value,Large Malls / Complexes,Manager,757946.25,269,2817.64,512.14,4971.61
Furniture,Home Centre,High Value,Large Malls / Complexes,Sales Associate,791041.36,293,2699.80,516.22,4998.34
Furniture,Home Centre,High Value,Large Malls / Complexes,Salesperson,735215.94,262,2806.17,524.13,4990.99
Furniture,Home Centre,High Value,Large Malls / Complexes,Senior Salesperson,699642.64,260,2690.93,533.22,4983.36
Furniture,Home Centre,High Value,Small Stores / Shops,Manager,820361.59,292,2809.46,525.74,4999.89
Furniture,Home Centre,High Value,Small Stores / Shops,Sales Associate,862079.61,301,2864.05,508.98,4949.98
Furniture,Home Centre,High Value,Small Stores / Shops,Salesperson,775778.95,281,2760.78,506.50,4996.48
Furniture,Home Centre,High Value,Small Stores / Shops,Senior Salesperson,789201.20,285,2769.13,507.32,4992.73
Furniture,Home Centre,High Value,Supermarkets ,Manager,762171.43,288,2646.43,504.04,4990.65
Furniture,Home Centre,High Value,Supermarkets ,Sales Associate,806630.43,293,2753.00,509.93,4999.68
Furniture,Home Centre,High Value,Supermarkets ,Salesperson,794177.56,284,2796.40,510.92,4996.74
Furniture,Home Centre,High Value,Supermarkets ,Senior Salesperson,664010.69,248,2677.46,504.85,4923.95
Furniture,Home Centre,In-Store Regular,Large Malls / Complexes,Manager,726405.18,268,2710.47,537.72,4998.42
Furniture,Home Centre,In-Store Regular,Large Malls / Complexes,Sales Associate,731189.60,265,2759.21,531.97,4968.31
Furniture,Home Centre,In-Store Regular,Large Malls / Complexes,Salesperson,826680.86,296,2792.84,501.98,4992.90
Furniture,Home Centre,In-Store Regular,Large Malls / Complexes,Senior Salesperson,647189.71,223,2902.20,513.40,4986.03
Furniture,Home Centre,In-Store Regular,Small Stores / Shops,Manager,763589.75,269,2838.62,506.27,4993.08
Furniture,Home Centre,In-Store Regular,Small Stores / Shops,Sales Associate,909755.58,330,2756.84,524.05,4996.28
Furniture,Home Centre,In-Store Regular,Small Stores / Shops,Salesperson,799246.30,282,2834.21,574.03,4996.39
Furniture,Home Centre,In-Store Regular,Small Stores / Shops,Senior Salesperson,702033.39,250,2808.13,507.99,4964.77
Furniture,Home Centre,In-Store Regular,Supermarkets ,Manager,731449.94,264,2770.64,563.60,4961.16
Furniture,Home Centre,In-Store Regular,Supermarkets ,Sales Associate,788661.10,300,2628.87,514.16,4978.52
Furniture,Home Centre,In-Store Regular,Supermarkets ,Salesperson,768591.92,280,2744.97,506.30,4996.63
Furniture,Home Centre,In-Store Regular,Supermarkets ,Senior Salesperson,643794.78,238,2705.02,503.22,4998.45
Furniture,Home Centre,Loyal Customer,Large Malls / Complexes,Manager,767496.17,280,2741.06,501.07,4986.42
Furniture,Home Centre,Loyal Customer,Large Malls / Complexes,Sales Associate,766093.21,283,2707.04,528.43,4950.28
Furniture,Home Centre,Loyal Customer,Large Malls / Complexes,Salesperson,823212.94,291,2828.91,532.51,4986.20
Furniture,Home Centre,Loyal Customer,Large Malls / Complexes,Senior Salesperson,675373.98,234,2886.21,520.36,4959.85
Furniture,Home Centre,Loyal Customer,Small Stores / Shops,Manager,858353.42,303,2832.85,517.92,4975.04
Furniture,Home Centre,Loyal Customer,Small Stores / Shops,Sales Associate,954266.00,336,2840.08,508.05,4985.39
Furniture,Home Centre,Loyal Customer,Small Stores / Shops,Salesperson,693084.12,256,2707.36,514.26,4997.86
Furniture,Home Centre,Loyal Customer,Small Stores / Shops,Senior Salesperson,722270.21,259,2788.69,510.68,4994.64
Furniture,Home Centre,Loyal Customer,Supermarkets ,Manager,806467.51,297,2715.38,539.67,4968.24
Furniture,Home Centre,Loyal Customer,Supermarkets ,Sales Associate,930362.68,328,2836.47,510.64,4997.65
Furniture,Home Centre,Loyal Customer,Supermarkets ,Salesperson,844398.93,308,2741.55,515.92,4997.23
Furniture,Home Centre,Loyal Customer,Supermarkets ,Senior Salesperson,667540.62,242,2758.43,520.47,4992.90
Furniture,Home Centre,Occasional Shopper,Large Malls / Complexes,Manager,749171.51,275,2724.26,507.02,4999.60
Furniture,Home Centre,Occasional Shopper,Large Malls / Complexes,Sales Associate,821212.67,295,2783.77,545.97,4986.14
Furniture,Home Centre,Occasional Shopper,Large Malls / Complexes,Salesperson,746699.49,273,2735.16,500.92,4995.30
Furniture,Home Centre,Occasional Shopper,Large Malls / Complexes,Senior Salesperson,748931.59,275,2723.39,506.64,4996.19
Furniture,Home Centre,Occasional Shopper,Small Stores / Shops,Manager,754739.62,274,2754.52,511.78,4982.74
Furniture,Home Centre,Occasional Shopper,Small Stores / Shops,Sales Associate,787313.90,284,2772.23,519.82,4995.33
Furniture,Home Centre,Occasional Shopper,Small Stores / Shops,Salesperson,713566.92,257,2776.52,514.50,4978.29
Furniture,Home Centre,Occasional Shopper,Small Stores / Shops,Senior Salesperson,782357.51,287,2725.98,503.09,4992.03
Furniture,Home Centre,Occasional Shopper,Supermarkets ,Manager,832028.99,295,2820.44,566.03,4994.28
Furniture,Home Centre,Occasional Shopper,Supermarkets ,Sales Associate,949103.03,342,2775.16,520.59,4990.91
Furniture,Home Centre,Occasional Shopper,Supermarkets ,Salesperson,740886.77,267,2774.86,512.10,4945.26
Furniture,Home Centre,Occasional Shopper,Supermarkets ,Senior Salesperson,741461.19,277,2676.76,501.75,4944.59
Furniture,Home Centre,Online Shopper,Large Malls / Complexes,Manager,723411.52,259,2793.09,514.78,4992.01
Furniture,Home Centre,Online Shopper,Large Malls / Complexes,Sales Associate,716153.90,252,2841.88,511.73,4969.16
Furniture,Home Centre,Online Shopper,Large Malls / Complexes,Salesperson,742724.65,277,2681.32,500.35,4998.52
Furniture,Home Centre,Online Shopper,Large Malls / Complexes,Senior Salesperson,659437.75,235,2806.12,570.83,4994.35
Furniture,Home Centre,Online Shopper,Small Stores / Shops,Manager,922519.25,320,2882.87,511.57,4984.29
Furniture,Home Centre,Online Shopper,Small Stores / Shops,Sales Associate,848148.71,302,2808.44,520.43,4981.35
Furniture,Home Centre,Online Shopper,Small Stores / Shops,Salesperson,853744.50,313,2727.62,533.38,4995.61
Furniture,Home Centre,Online Shopper,Small Stores / Shops,Senior Salesperson,674290.04,231,2919.00,538.92,4966.71
Furniture,Home Centre,Online Shopper,Supermarkets ,Manager,842241.89,304,2770.53,508.03,4953.51
Furniture,Home Centre,Online Shopper,Supermarkets ,Sales Associate,847557.13,309,2742.90,541.83,4997.78
Furniture,Home Centre,Online Shopper,Supermarkets ,Salesperson,904201.95,325,2782.16,522.52,4994.22
Furniture,Home Centre,Online Shopper,Supermarkets ,Senior Salesperson,688813.24,245,2811.48,519.55,4988.34
Furniture,Home Centre,Premium Shopper,Large Malls / Complexes,Manager,707687.39,261,2711.45,501.66,4957.17
Furniture,Home Centre,Premium Shopper,Large Malls / Complexes,Sales Associate,774115.44,283,2735.39,508.48,4968.93
Furniture,Home Centre,Premium Shopper,Large Malls / Complexes,Salesperson,735374.29,257,2861.38,524.32,4997.47
Furniture,Home Centre,Premium Shopper,Large Malls / Complexes,Senior Salesperson,681937.34,255,2674.26,510.13,4997.41
Furniture,Home Centre,Premium Shopper,Small Stores / Shops,Manager,845823.59,298,2838.33,515.69,4970.38
Furniture,Home Centre,Premium Shopper,Small Stores / Shops,Sales Associate,742901.86,279,2662.73,528.66,4996.95
Furniture,Home Centre,Premium Shopper,Small Stores / Shops,Salesperson,822703.31,287,2866.56,523.08,4985.76
Furniture,Home Centre,Premium Shopper,Small Stores / Shops,Senior Salesperson,674810.43,247,2732.03,532.41,4988.57
Furniture,Home Centre,Premium Shopper,Supermarkets ,Manager,867424.64,316,2745.01,501.93,4982.38
Furniture,Home Centre,Premium Shopper,Supermarkets ,Sales Associate,752389.27,274,2745.95,506.02,4991.70
Furniture,Home Centre,Premium Shopper,Supermarkets ,Salesperson,902606.43,317,2847.34,500.23,4987.24
Furniture,Home Centre,Premium Shopper,Supermarkets ,Senior Salesperson,731179.95,251,2913.07,511.03,4986.41
Furniture,IKEA,Budget Shopper,Large Malls / Complexes,Manager,710863.41,270,2632.83,512.67,4991.69
Furniture,IKEA,Budget Shopper,Large Malls / Complexes,Sales Associate,791752.58,294,2693.04,531.14,4967.69
Furniture,IKEA,Budget Shopper,Large Malls / Complexes,Salesperson,814951.93,284,2869.55,551.39,4991.30
Furniture,IKEA,Budget Shopper,Large Malls / Complexes,Senior Salesperson,653873.26,251,2605.07,507.09,4972.80
Furniture,IKEA,Budget Shopper,Small Stores / Shops,Manager,826915.81,304,2720.12,516.16,4997.53
Furniture,IKEA,Budget Shopper,Small Stores / Shops,Sales Associate,729927.86,269,2713.49,505.02,4955.22
Furniture,IKEA,Budget Shopper,Small Stores / Shops,Salesperson,733116.43,266,2756.08,529.47,4982.15
Furniture,IKEA,Budget Shopper,Small Stores / Shops,Senior Salesperson,672879.56,253,2659.60,563.86,4942.51
Furniture,IKEA,Budget Shopper,Supermarkets ,Manager,758752.00,267,2841.77,503.05,4978.19
Furniture,IKEA,Budget Shopper,Supermarkets ,Sales Associate,830701.04,310,2679.68,511.49,4995.21
Furniture,IKEA,Budget Shopper,Supermarkets ,Salesperson,877820.98,315,2786.73,503.79,4984.50
Furniture,IKEA,Budget Shopper,Supermarkets ,Senior Salesperson,723830.08,263,2752.21,503.89,4984.77
Furniture,IKEA,Churn Risk,Large Malls / Complexes,Manager,778462.44,275,2830.77,517.16,4995.19
Furniture,IKEA,Churn Risk,Large Malls / Complexes,Sales Associate,718225.92,263,2730.90,508.91,4953.93
Furniture,IKEA,Churn Risk,Large Malls / Complexes,Salesperson,733629.23,265,2768.41,507.36,4984.84
Furniture,IKEA,Churn Risk,Large Malls / Complexes,Senior Salesperson,586713.99,228,2573.31,501.95,4942.83
Furniture,IKEA,Churn Risk,Small Stores / Shops,Manager,798697.90,306,2610.12,507.97,4999.21
Furniture,IKEA,Churn Risk,Small Stores / Shops,Sales Associate,773410.56,290,2666.93,519.41,4964.44
Furniture,IKEA,Churn Risk,Small Stores / Shops,Salesperson,811430.18,292,2778.87,511.39,4997.57
Furniture,IKEA,Churn Risk,Small Stores / Shops,Senior Salesperson,670061.43,255,2627.69,517.28,4944.26
Furniture,IKEA,Churn Risk,Supermarkets ,Manager,823511.39,307,2682.45,524.73,4988.80
Furniture,IKEA,Churn Risk,Supermarkets ,Sales Associate,826132.54,295,2800.45,529.43,4991.43
Furniture,IKEA,Churn Risk,Supermarkets ,Salesperson,927101.76,318,2915.41,500.71,4964.46
Furniture,IKEA,Churn Risk,Supermarkets ,Senior Salesperson,714540.37,249,2869.64,531.93,4964.95
Furniture,IKEA,Deal Seeker,Large Malls / Complexes,Manager,720221.78,266,2707.60,508.91,4986.41
Furniture,IKEA,Deal Seeker,Large Malls / Complexes,Sales Associate,776068.66,292,2657.77,510.32,4992.05
Furniture,IKEA,Deal Seeker,Large Malls / Complexes,Salesperson,654510.92,245,2671.47,518.32,4995.57
Furniture,IKEA,Deal Seeker,Large Malls / Complexes,Senior Salesperson,632924.12,233,2716.41,537.80,4989.45
Furniture,IKEA,Deal Seeker,Small Stores / Shops,Manager,734899.54,270,2721.85,505.37,4980.66
Furniture,IKEA,Deal Seeker,Small Stores / Shops,Sales Associate,862709.00,295,2924.44,518.79,4996.37
Furniture,IKEA,Deal Seeker,Small Stores / Shops,Salesperson,743590.53,274,2713.83,502.50,4975.02
Furniture,IKEA,Deal Seeker,Small Stores / Shops,Senior Salesperson,722393.48,264,2736.34,541.44,4995.00
Furniture,IKEA,Deal Seeker,Supermarkets ,Manager,780151.15,286,2727.80,515.79,4985.98
Furniture,IKEA,Deal Seeker,Supermarkets ,Sales Associate,847550.32,297,2853.70,526.66,4995.34
Furniture,IKEA,Deal Seeker,Supermarkets ,Salesperson,777074.93,298,2607.63,514.18,4999.12
Furniture,IKEA,Deal Seeker,Supermarkets ,Senior Salesperson,738998.81,273,2706.96,524.63,4980.36
Furniture,IKEA,First-time Buyer,Large Malls / Complexes,Manager,736959.48,264,2791.51,520.61,4982.23
Furniture,IKEA,First-time Buyer,Large Malls / Complexes,Sales Associate,899363.21,327,2750.35,512.00,4995.04
Furniture,IKEA,First-time Buyer,Large Malls / Complexes,Salesperson,859907.57,318,2704.11,507.32,4978.72
Furniture,IKEA,First-time Buyer,Large Malls / Complexes,Senior Salesperson,597522.78,220,2716.01,510.54,4960.66
Furniture,IKEA,First-time Buyer,Small Stores / Shops,Manager,852271.11,302,2822.09,523.40,4958.21
Furniture,IKEA,First-time Buyer,Small Stores / Shops,Sales Associate,816030.32,299,2729.20,516.91,4996.14
Furniture,IKEA,First-time Buyer,Small Stores / Shops,Salesperson,911700.04,316,2885.13,507.46,4998.02
Furniture,IKEA,First-time Buyer,Small Stores / Shops,Senior Salesperson,666874.37,237,2813.82,508.99,4997.56
Furniture,IKEA,First-time Buyer,Supermarkets ,Manager,818438.25,302,2710.06,538.42,4992.85
Furniture,IKEA,First-time Buyer,Supermarkets ,Sales Associate,898366.35,316,2842.93,503.76,4998.36
Furniture,IKEA,First-time Buyer,Supermarkets ,Salesperson,955388.42,338,2826.59,507.08,4998.03
Furniture,IKEA,First-time Buyer,Supermarkets ,Senior Salesperson,634896.74,239,2656.47,513.33,4982.59
Furniture,IKEA,High Value,Large Malls / Complexes,Manager,676443.54,242,2795.22,522.37,4960.34
Furniture,IKEA,High Value,Large Malls / Complexes,Sales Associate,737431.50,278,2652.63,510.39,4993.52
Furniture,IKEA,High Value,Large Malls / Complexes,Salesperson,624871.97,238,2625.51,544.82,4995.87
Furniture,IKEA,High Value,Large Malls / Complexes,Senior Salesperson,665422.59,245,2716.01,511.76,4995.42
Furniture,IKEA,High Value,Small Stores / Shops,Manager,804674.22,293,2746.33,510.71,4988.47
Furniture,IKEA,High Value,Small Stores / Shops,Sales Associate,828275.22,304,2724.59,512.23,4992.30
Furniture,IKEA,High Value,Small Stores / Shops,Salesperson,914855.72,327,2797.72,519.26,4992.67
Furniture,IKEA,High Value,Small Stores / Shops,Senior Salesperson,748079.44,278,2690.93,502.33,4989.76
Furniture,IKEA,High Value,Supermarkets ,Manager,826829.70,299,2765.32,525.51,4965.08
Furniture,IKEA,High Value,Supermarkets ,Sales Associate,737516.26,272,2711.46,517.17,4990.19
Furniture,IKEA,High Value,Supermarkets ,Salesperson,819736.30,289,2836.46,501.52,4986.70
Furniture,IKEA,High Value,Supermarkets ,Senior Salesperson,711328.19,273,2605.60,501.39,4933.10
Furniture,IKEA,In-Store Regular,Large Malls / Complexes,Manager,619274.84,220,2814.89,556.28,4981.62
Furniture,IKEA,In-Store Regular,Large Malls / Complexes,Sales Associate,904347.93,318,2843.86,516.58,4976.40
Furniture,IKEA,In-Store Regular,Large Malls / Complexes,Salesperson,798195.73,293,2724.22,557.60,4957.76
Furniture,IKEA,In-Store Regular,Large Malls / Complexes,Senior Salesperson,612786.68,213,2876.93,505.82,4979.83
Furniture,IKEA,In-Store Regular,Small Stores / Shops,Manager,713671.88,253,2820.84,510.34,4995.61
Furniture,IKEA,In-Store Regular,Small Stores / Shops,Sales Associate,871295.90,297,2933.66,500.31,4998.78
Furniture,IKEA,In-Store Regular,Small Stores / Shops,Salesperson,727723.99,266,2735.80,505.68,4923.19
Furniture,IKEA,In-Store Regular,Small Stores / Shops,Senior Salesperson,621083.36,232,2677.08,500.06,4973.70
Furniture,IKEA,In-Store Regular,Supermarkets ,Manager,757115.42,277,2733.27,537.64,4978.77
Furniture,IKEA,In-Store Regular,Supermarkets ,Sales Associate,912831.87,328,2783.02,513.51,4996.77
Furniture,IKEA,In-Store Regular,Supermarkets ,Salesperson,858435.26,312,2751.40,510.86,4967.65
Furniture,IKEA,In-Store Regular,Supermarkets ,Senior Salesperson,672078.63,241,2788.71,515.52,4972.29
Furniture,IKEA,Loyal Customer,Large Malls / Complexes,Manager,632657.65,232,2726.97,502.21,4996.31
Furniture,IKEA,Loyal Customer,Large Malls / Complexes,Sales Associate,725089.71,267,2715.69,529.45,4999.69
Furniture,IKEA,Loyal Customer,Large Malls / Complexes,Salesperson,779788.44,281,2775.05,505.20,4987.26
Furniture,IKEA,Loyal Customer,Large Malls / Complexes,Senior Salesperson,680413.48,244,2788.58,503.96,4973.42
Furniture,IKEA,Loyal Customer,Small Stores / Shops,Manager,794501.49,296,2684.13,521.28,4985.95
Furniture,IKEA,Loyal Customer,Small Stores / Shops,Sales Associate,825076.38,282,2925.80,509.45,4961.02
Furniture,IKEA,Loyal Customer,Small Stores / Shops,Salesperson,804458.85,293,2745.59,501.83,4959.12
Furniture,IKEA,Loyal Customer,Small Stores / Shops,Senior Salesperson,708018.62,264,2681.89,507.14,4998.66
Furniture,IKEA,Loyal Customer,Supermarkets ,Manager,936028.57,336,2785.80,532.47,4980.96
Furniture,IKEA,Loyal Customer,Supermarkets ,Sales Associate,973530.34,350,2781.52,503.86,4990.04
Furniture,IKEA,Loyal Customer,Supermarkets ,Salesperson,839418.12,323,2598.82,509.66,4998.56
Furniture,IKEA,Loyal Customer,Supermarkets ,Senior Salesperson,738815.47,273,2706.28,521.97,4962.23
Furniture,IKEA,Occasional Shopper,Large Malls / Complexes,Manager,733599.60,256,2865.62,506.14,4985.05
Furniture,IKEA,Occasional Shopper,Large Malls / Complexes,Sales Associate,854381.03,309,2764.99,522.20,4987.14
Furniture,IKEA,Occasional Shopper,Large Malls / Complexes,Salesperson,741600.99,280,2648.57,513.38,4993.62
Furniture,IKEA,Occasional Shopper,Large Malls / Complexes,Senior Salesperson,652021.36,234,2786.42,502.30,4982.22
Furniture,IKEA,Occasional Shopper,Small Stores / Shops,Manager,778418.02,276,2820.36,504.36,4996.79
Furniture,IKEA,Occasional Shopper,Small Stores / Shops,Sales Associate,789989.47,289,2733.53,514.59,4996.22
Furniture,IKEA,Occasional Shopper,Small Stores / Shops,Salesperson,711018.12,258,2755.88,508.35,4969.12
Furniture,IKEA,Occasional Shopper,Small Stores / Shops,Senior Salesperson,689970.38,254,2716.42,506.65,4986.53
Furniture,IKEA,Occasional Shopper,Supermarkets ,Manager,729736.12,280,2606.20,501.84,4981.91
Furniture,IKEA,Occasional Shopper,Supermarkets ,Sales Associate,888843.00,314,2830.71,501.89,4957.38
Furniture,IKEA,Occasional Shopper,Supermarkets ,Salesperson,823717.05,308,2674.41,528.96,4954.92
Furniture,IKEA,Occasional Shopper,Supermarkets ,Senior Salesperson,769662.23,285,2700.57,501.43,4996.87
Furniture,IKEA,Online Shopper,Large Malls / Complexes,Manager,759399.37,271,2802.21,506.75,4990.96
Furniture,IKEA,Online Shopper,Large Malls / Complexes,Sales Associate,819894.96,288,2846.86,540.45,4985.59
Furniture,IKEA,Online Shopper,Large Malls / Complexes,Salesperson,866114.63,295,2935.98,520.05,4997.00
Furniture,IKEA,Online Shopper,Large Malls / Complexes,Senior Salesperson,581755.88,211,2757.14,503.67,4988.05
Furniture,IKEA,Online Shopper,Small Stores / Shops,Manager,849563.39,299,2841.35,516.94,4996.82
Furniture,IKEA,Online Shopper,Small Stores / Shops,Sales Associate,801050.88,293,2733.96,505.94,4985.95
Furniture,IKEA,Online Shopper,Small Stores / Shops,Salesperson,799375.63,304,2629.53,516.92,4979.27
Furniture,IKEA,Online Shopper,Small Stores / Shops,Senior Salesperson,759548.85,283,2683.92,504.38,4996.35
Furniture,IKEA,Online Shopper,Supermarkets ,Manager,784817.45,287,2734.56,522.27,4974.58
Furniture,IKEA,Online Shopper,Supermarkets ,Sales Associate,799291.93,295,2709.46,501.50,4984.74
Furniture,IKEA,Online Shopper,Supermarkets ,Salesperson,756578.26,296,2556.01,501.83,4994.05
Furniture,IKEA,Online Shopper,Supermarkets ,Senior Salesperson,718647.63,270,2661.66,502.15,4983.94
Furniture,IKEA,Premium Shopper,Large Malls / Complexes,Manager,644039.21,251,2565.89,527.52,4974.86
Furniture,IKEA,Premium Shopper,Large Malls / Complexes,Sales Associate,768586.75,274,2805.06,504.41,4964.04
Furniture,IKEA,Premium Shopper,Large Malls / Complexes,Salesperson,717878.32,263,2729.58,506.29,4996.34
Furniture,IKEA,Premium Shopper,Large Malls / Complexes,Senior Salesperson,725277.73,258,2811.15,514.75,4996.11
Furniture,IKEA,Premium Shopper,Small Stores / Shops,Manager,796887.55,293,2719.75,553.44,4964.98
Furniture,IKEA,Premium Shopper,Small Stores / Shops,Sales Associate,782282.77,272,2876.04,520.81,4998.88
Furniture,IKEA,Premium Shopper,Small Stores / Shops,Salesperson,819568.60,281,2916.61,570.86,4992.06
Furniture,IKEA,Premium Shopper,Small Stores / Shops,Senior Salesperson,685313.11,249,2752.26,520.68,4974.21
Furniture,IKEA,Premium Shopper,Supermarkets ,Manager,810605.59,294,2757.16,508.28,4957.87
Furniture,IKEA,Premium Shopper,Supermarkets ,Sales Associate,904428.28,327,2765.84,515.55,4998.49
Furniture,IKEA,Premium Shopper,Supermarkets ,Salesperson,896392.38,322,2783.83,500.31,4998.21
Furniture,IKEA,Premium Shopper,Supermarkets ,Senior Salesperson,699399.54,253,2764.43,540.55,4993.53
Furniture,Pepperfry,Budget Shopper,Large Malls / Complexes,Manager,739119.02,282,2620.99,503.79,4995.62
Furniture,Pepperfry,Budget Shopper,Large Malls / Complexes,Sales Associate,699879.38,253,2766.32,506.32,4984.86
Furniture,Pepperfry,Budget Shopper,Large Malls / Complexes,Salesperson,731839.20,262,2793.28,520.16,4972.51
Furniture,Pepperfry,Budget Shopper,Large Malls / Complexes,Senior Salesperson,670876.84,228,2942.44,516.07,4992.29
Furniture,Pepperfry,Budget Shopper,Small Stores / Shops,Manager,737639.17,263,2804.71,506.06,4980.61
Furniture,Pepperfry,Budget Shopper,Small Stores / Shops,Sales Associate,738907.74,276,2677.20,530.88,4993.72
Furniture,Pepperfry,Budget Shopper,Small Stores / Shops,Salesperson,819625.15,292,2806.94,535.13,4998.41
Furniture,Pepperfry,Budget Shopper,Small Stores / Shops,Senior Salesperson,767701.68,274,2801.83,531.86,4989.06
Furniture,Pepperfry,Budget Shopper,Supermarkets ,Manager,903902.56,337,2682.20,509.51,4979.12
Furniture,Pepperfry,Budget Shopper,Supermarkets ,Sales Associate,823289.81,302,2726.13,543.64,4994.17
Furniture,Pepperfry,Budget Shopper,Supermarkets ,Salesperson,795029.33,288,2760.52,514.73,4995.77
Furniture,Pepperfry,Budget Shopper,Supermarkets ,Senior Salesperson,697723.45,252,2768.74,555.79,4998.54
Furniture,Pepperfry,Churn Risk,Large Malls / Complexes,Manager,681709.10,254,2683.89,521.38,4877.29
Furniture,Pepperfry,Churn Risk,Large Malls / Complexes,Sales Associate,737844.93,271,2722.68,501.02,4978.67
Furniture,Pepperfry,Churn Risk,Large Malls / Complexes,Salesperson,782662.05,281,2785.27,504.32,4981.51
Furniture,Pepperfry,Churn Risk,Large Malls / Complexes,Senior Salesperson,716646.45,253,2832.59,519.89,4995.39
Furniture,Pepperfry,Churn Risk,Small Stores / Shops,Manager,786613.88,283,2779.55,522.35,4978.51
Furniture,Pepperfry,Churn Risk,Small Stores / Shops,Sales Associate,850165.39,300,2833.88,537.04,4999.03
Furniture,Pepperfry,Churn Risk,Small Stores / Shops,Salesperson,805979.59,290,2779.24,504.73,4954.58
Furniture,Pepperfry,Churn Risk,Small Stores / Shops,Senior Salesperson,724593.24,258,2808.50,514.75,4998.89
Furniture,Pepperfry,Churn Risk,Supermarkets ,Manager,728739.36,265,2749.96,513.45,4995.95
Furniture,Pepperfry,Churn Risk,Supermarkets ,Sales Associate,826879.00,293,2822.11,504.90,4984.30
Furniture,Pepperfry,Churn Risk,Supermarkets ,Salesperson,804419.93,304,2646.12,506.98,4983.82
Furniture,Pepperfry,Churn Risk,Supermarkets ,Senior Salesperson,716250.14,261,2744.25,527.33,4962.68
Furniture,Pepperfry,Deal Seeker,Large Malls / Complexes,Manager,756684.46,268,2823.45,507.45,4984.79
Furniture,Pepperfry,Deal Seeker,Large Malls / Complexes,Sales Associate,837370.06,295,2838.54,500.56,4979.52
Furniture,Pepperfry,Deal Seeker,Large Malls / Complexes,Salesperson,821030.84,292,2811.75,538.54,4990.42
Furniture,Pepperfry,Deal Seeker,Large Malls / Complexes,Senior Salesperson,611257.22,236,2590.07,503.24,4987.92
Furniture,Pepperfry,Deal Seeker,Small Stores / Shops,Manager,804679.45,294,2737.00,501.05,4978.88
Furniture,Pepperfry,Deal Seeker,Small Stores / Shops,Sales Associate,851950.81,317,2687.54,502.71,4997.80
Furniture,Pepperfry,Deal Seeker,Small Stores / Shops,Salesperson,779219.07,270,2886.00,514.56,4990.90
Furniture,Pepperfry,Deal Seeker,Small Stores / Shops,Senior Salesperson,773683.87,277,2793.08,531.69,4993.56
Furniture,Pepperfry,Deal Seeker,Supermarkets ,Manager,841156.64,304,2766.96,521.13,4981.93
Furniture,Pepperfry,Deal Seeker,Supermarkets ,Sales Associate,738213.90,269,2744.29,512.05,4995.12
Furniture,Pepperfry,Deal Seeker,Supermarkets ,Salesperson,892593.72,325,2746.44,534.13,4998.62
Furniture,Pepperfry,Deal Seeker,Supermarkets ,Senior Salesperson,692209.97,250,2768.84,503.92,4996.70
Furniture,Pepperfry,First-time Buyer,Large Malls / Complexes,Manager,710005.99,253,2806.35,505.61,4979.38
Furniture,Pepperfry,First-time Buyer,Large Malls / Complexes,Sales Associate,695127.66,252,2758.44,512.96,4981.91
Furniture,Pepperfry,First-time Buyer,Large Malls / Complexes,Salesperson,711689.95,258,2758.49,505.26,4998.48
Furniture,Pepperfry,First-time Buyer,Large Malls / Complexes,Senior Salesperson,681975.84,256,2663.97,505.06,4988.54
Furniture,Pepperfry,First-time Buyer,Small Stores / Shops,Manager,734456.29,264,2782.03,524.98,4954.57
Furniture,Pepperfry,First-time Buyer,Small Stores / Shops,Sales Associate,748255.18,271,2761.09,510.18,4986.09
Furniture,Pepperfry,First-time Buyer,Small Stores / Shops,Salesperson,785587.07,286,2746.81,506.94,4995.79
Furniture,Pepperfry,First-time Buyer,Small Stores / Shops,Senior Salesperson,696289.56,260,2678.04,501.27,4994.26
Furniture,Pepperfry,First-time Buyer,Supermarkets ,Manager,811091.90,288,2816.29,513.61,4987.38
Furniture,Pepperfry,First-time Buyer,Supermarkets ,Sales Associate,811455.21,299,2713.90,501.84,4999.26
Furniture,Pepperfry,First-time Buyer,Supermarkets ,Salesperson,867905.69,313,2772.86,527.36,4996.24
Furniture,Pepperfry,First-time Buyer,Supermarkets ,Senior Salesperson,698523.54,255,2739.31,506.42,4996.89
Furniture,Pepperfry,High Value,Large Malls / Complexes,Manager,793513.84,279,2844.14,524.97,4962.24
Furniture,Pepperfry,High Value,Large Malls / Complexes,Sales Associate,731861.46,272,2690.67,502.67,4941.63
Furniture,Pepperfry,High Value,Large Malls / Complexes,Salesperson,722123.98,260,2777.40,512.13,4980.16
Furniture,Pepperfry,High Value,Large Malls / Complexes,Senior Salesperson,612914.76,225,2724.07,532.05,4998.32
Furniture,Pepperfry,High Value,Small Stores / Shops,Manager,797560.59,274,2910.81,507.71,4983.28
Furniture,Pepperfry,High Value,Small Stores / Shops,Sales Associate,816388.84,298,2739.56,504.11,4987.91
Furniture,Pepperfry,High Value,Small Stores / Shops,Salesperson,874958.06,312,2804.35,502.41,4999.47
Furniture,Pepperfry,High Value,Small Stores / Shops,Senior Salesperson,683392.50,245,2789.36,508.69,4967.99
Furniture,Pepperfry,High Value,Supermarkets ,Manager,864013.69,316,2734.22,537.72,4985.49
Furniture,Pepperfry,High Value,Supermarkets ,Sales Associate,915240.60,323,2833.56,517.21,4968.59
Furniture,Pepperfry,High Value,Supermarkets ,Salesperson,811346.06,300,2704.49,525.18,4987.06
Furniture,Pepperfry,High Value,Supermarkets ,Senior Salesperson,701950.00,253,2774.51,506.57,4997.60
Furniture,Pepperfry,In-Store Regular,Large Malls / Complexes,Manager,729955.23,250,2919.82,519.37,4991.13
Furniture,Pepperfry,In-Store Regular,Large Malls / Complexes,Sales Associate,797645.54,278,2869.23,509.15,4979.32
Furniture,Pepperfry,In-Store Regular,Large Malls / Complexes,Salesperson,659883.90,239,2761.02,513.51,4981.33
Furniture,Pepperfry,In-Store Regular,Large Malls / Complexes,Senior Salesperson,737628.40,253,2915.53,571.31,4980.62
Furniture,Pepperfry,In-Store Regular,Small Stores / Shops,Manager,742137.02,270,2748.66,517.48,4955.56
Furniture,Pepperfry,In-Store Regular,Small Stores / Shops,Sales Associate,834060.85,293,2846.62,526.75,4993.83
Furniture,Pepperfry,In-Store Regular,Small Stores / Shops,Salesperson,811278.52,292,2778.35,509.73,4964.48
Furniture,Pepperfry,In-Store Regular,Small Stores / Shops,Senior Salesperson,789534.51,283,2789.87,516.08,4977.97
Furniture,Pepperfry,In-Store Regular,Supermarkets ,Manager,674347.08,261,2583.71,553.54,4982.35
Furniture,Pepperfry,In-Store Regular,Supermarkets ,Sales Associate,801769.81,305,2628.75,508.01,4989.36
Furniture,Pepperfry,In-Store Regular,Supermarkets ,Salesperson,772306.48,290,2663.13,512.40,4990.25
Furniture,Pepperfry,In-Store Regular,Supermarkets ,Senior Salesperson,684041.81,254,2693.08,513.37,4998.58
Furniture,Pepperfry,Loyal Customer,Large Malls / Complexes,Manager,787189.02,298,2641.57,506.63,4975.15
Furniture,Pepperfry,Loyal Customer,Large Malls / Complexes,Sales Associate,730321.21,258,2830.70,513.55,4999.16
Furniture,Pepperfry,Loyal Customer,Large Malls / Complexes,Salesperson,766892.70,279,2748.72,501.63,4994.63
Furniture,Pepperfry,Loyal Customer,Large Malls / Complexes,Senior Salesperson,628775.33,234,2687.07,506.46,4970.61
Furniture,Pepperfry,Loyal Customer,Small Stores / Shops,Manager,677072.12,253,2676.17,504.85,4975.41
Furniture,Pepperfry,Loyal Customer,Small Stores / Shops,Sales Associate,725492.23,264,2748.08,522.02,4994.52
Furniture,Pepperfry,Loyal Customer,Small Stores / Shops,Salesperson,803544.92,288,2790.09,503.53,4969.22
Furniture,Pepperfry,Loyal Customer,Small Stores / Shops,Senior Salesperson,696349.76,249,2796.59,507.30,4998.96
Furniture,Pepperfry,Loyal Customer,Supermarkets ,Manager,826442.52,309,2674.57,506.20,4994.60
Furniture,Pepperfry,Loyal Customer,Supermarkets ,Sales Associate,874936.41,311,2813.30,522.25,4997.79
Furniture,Pepperfry,Loyal Customer,Supermarkets ,Salesperson,755262.46,276,2736.46,563.50,4997.12
Furniture,Pepperfry,Loyal Customer,Supermarkets ,Senior Salesperson,705030.11,265,2660.49,511.00,4972.36
Furniture,Pepperfry,Occasional Shopper,Large Malls / Complexes,Manager,693960.20,262,2648.70,551.34,4996.52
Furniture,Pepperfry,Occasional Shopper,Large Malls / Complexes,Sales Associate,822752.69,306,2688.73,501.59,4986.43
Furniture,Pepperfry,Occasional Shopper,Large Malls / Complexes,Salesperson,756849.67,278,2722.48,507.45,4982.59
Furniture,Pepperfry,Occasional Shopper,Large Malls / Complexes,Senior Salesperson,615157.11,226,2721.93,500.36,4998.24
Furniture,Pepperfry,Occasional Shopper,Small Stores / Shops,Manager,773573.83,274,2823.26,579.75,4983.15
Furniture,Pepperfry,Occasional Shopper,Small Stores / Shops,Sales Associate,752697.38,278,2707.54,507.73,4971.07
Furniture,Pepperfry,Occasional Shopper,Small Stores / Shops,Salesperson,890179.05,314,2834.97,504.44,4994.16
Furniture,Pepperfry,Occasional Shopper,Small Stores / Shops,Senior Salesperson,627821.76,231,2717.84,538.12,4977.44
Furniture,Pepperfry,Occasional Shopper,Supermarkets ,Manager,855807.28,302,2833.80,500.89,4994.59
Furniture,Pepperfry,Occasional Shopper,Supermarkets ,Sales Associate,841720.63,309,2724.01,527.01,4996.83
Furniture,Pepperfry,Occasional Shopper,Supermarkets ,Salesperson,859543.18,301,2855.63,505.59,4997.66
Furniture,Pepperfry,Occasional Shopper,Supermarkets ,Senior Salesperson,764337.43,263,2906.23,561.90,4984.65
Furniture,Pepperfry,Online Shopper,Large Malls / Complexes,Manager,787716.57,291,2706.93,519.79,4969.09
Furniture,Pepperfry,Online Shopper,Large Malls / Complexes,Sales Associate,764762.53,290,2637.11,508.86,4973.94
Furniture,Pepperfry,Online Shopper,Large Malls / Complexes,Salesperson,711657.95,264,2695.67,505.20,4983.71
Furniture,Pepperfry,Online Shopper,Large Malls / Complexes,Senior Salesperson,691069.69,248,2786.57,553.76,4986.16
Furniture,Pepperfry,Online Shopper,Small Stores / Shops,Manager,794910.55,283,2808.87,521.45,4998.77
Furniture,Pepperfry,Online Shopper,Small Stores / Shops,Sales Associate,899843.84,331,2718.56,519.57,4995.68
Furniture,Pepperfry,Online Shopper,Small Stores / Shops,Salesperson,793020.26,298,2661.14,505.16,4981.53
Furniture,Pepperfry,Online Shopper,Small Stores / Shops,Senior Salesperson,661113.01,242,2731.87,511.16,4998.12
Furniture,Pepperfry,Online Shopper,Supermarkets ,Manager,987029.10,348,2836.29,510.82,4994.90
Furniture,Pepperfry,Online Shopper,Supermarkets ,Sales Associate,768349.57,283,2715.02,507.96,4999.14
Furniture,Pepperfry,Online Shopper,Supermarkets ,Salesperson,870892.44,312,2791.32,515.95,4998.80
Furniture,Pepperfry,Online Shopper,Supermarkets ,Senior Salesperson,675362.32,251,2690.69,515.21,4987.52
Furniture,Pepperfry,Premium Shopper,Large Malls / Complexes,Manager,681673.76,239,2852.19,531.31,4973.75
Furniture,Pepperfry,Premium Shopper,Large Malls / Complexes,Sales Associate,769502.61,280,2748.22,505.17,4989.64
Furniture,Pepperfry,Premium Shopper,Large Malls / Complexes,Salesperson,772401.26,279,2768.46,540.04,4988.69
Furniture,Pepperfry,Premium Shopper,Large Malls / Complexes,Senior Salesperson,681163.04,251,2713.80,500.59,4940.34
Furniture,Pepperfry,Premium Shopper,Small Stores / Shops,Manager,804190.56,284,2831.66,504.00,4997.14
Furniture,Pepperfry,Premium Shopper,Small Stores / Shops,Sales Associate,754570.33,266,2836.73,589.87,4965.23
Furniture,Pepperfry,Premium Shopper,Small Stores / Shops,Salesperson,789141.88,297,2657.04,502.89,4966.27
Furniture,Pepperfry,Premium Shopper,Small Stores / Shops,Senior Salesperson,661622.60,253,2615.11,510.97,4933.33
Furniture,Pepperfry,Premium Shopper,Supermarkets ,Manager,796412.32,297,2681.52,519.20,4978.43
Furniture,Pepperfry,Premium Shopper,Supermarkets ,Sales Associate,803325.11,298,2695.72,510.93,4997.79
Furniture,Pepperfry,Premium Shopper,Supermarkets ,Salesperson,727914.50,270,2695.98,512.10,4976.02
Furniture,Pepperfry,Premium Shopper,Supermarkets ,Senior Salesperson,776960.87,277,2804.91,505.62,4998.23
Furniture,Urban Ladder,Budget Shopper,Large Malls / Complexes,Manager,702710.96,259,2713.17,512.61,4999.11
Furniture,Urban Ladder,Budget Shopper,Large Malls / Complexes,Sales Associate,786822.97,291,2703.86,502.36,4997.28
Furniture,Urban Ladder,Budget Shopper,Large Malls / Complexes,Salesperson,914834.18,310,2951.08,550.46,4987.04
Furniture,Urban Ladder,Budget Shopper,Large Malls / Complexes,Senior Salesperson,643723.08,234,2750.95,509.75,4995.24
Furniture,Urban Ladder,Budget Shopper,Small Stores / Shops,Manager,773655.31,283,2733.76,586.99,4978.75
Furniture,Urban Ladder,Budget Shopper,Small Stores / Shops,Sales Associate,797917.90,284,2809.57,506.57,4946.89
Furniture,Urban Ladder,Budget Shopper,Small Stores / Shops,Salesperson,828956.61,294,2819.58,513.10,4997.33
Furniture,Urban Ladder,Budget Shopper,Small Stores / Shops,Senior Salesperson,645677.66,243,2657.11,510.14,4990.61
Furniture,Urban Ladder,Budget Shopper,Supermarkets ,Manager,857814.29,311,2758.25,502.39,4972.51
Furniture,Urban Ladder,Budget Shopper,Supermarkets ,Sales Associate,923525.80,328,2815.63,507.62,4986.41
Furniture,Urban Ladder,Budget Shopper,Supermarkets ,Salesperson,838116.60,296,2831.47,513.87,4996.17
Furniture,Urban Ladder,Budget Shopper,Supermarkets ,Senior Salesperson,715262.30,258,2772.33,504.49,4956.14
Furniture,Urban Ladder,Churn Risk,Large Malls / Complexes,Manager,764389.38,275,2779.60,504.20,4992.27
Furniture,Urban Ladder,Churn Risk,Large Malls / Complexes,Sales Associate,766936.63,284,2700.48,507.19,4959.67
Furniture,Urban Ladder,Churn Risk,Large Malls / Complexes,Salesperson,806902.12,282,2861.36,523.87,4986.09
Furniture,Urban Ladder,Churn Risk,Large Malls / Complexes,Senior Salesperson,649249.55,245,2650.00,529.10,4989.98
Furniture,Urban Ladder,Churn Risk,Small Stores / Shops,Manager,658053.75,248,2653.44,500.70,4990.19
Furniture,Urban Ladder,Churn Risk,Small Stores / Shops,Sales Associate,761866.87,278,2740.53,538.10,4947.85
Furniture,Urban Ladder,Churn Risk,Small Stores / Shops,Salesperson,800980.16,290,2762.00,501.06,4990.61
Furniture,Urban Ladder,Churn Risk,Small Stores / Shops,Senior Salesperson,720636.35,252,2859.67,535.07,4982.89
Furniture,Urban Ladder,Churn Risk,Supermarkets ,Manager,907125.28,329,2757.22,505.76,4987.68
Furniture,Urban Ladder,Churn Risk,Supermarkets ,Sales Associate,829687.13,321,2584.70,511.64,4999.22
Furniture,Urban Ladder,Churn Risk,Supermarkets ,Salesperson,738209.77,272,2714.01,519.34,4999.22
Furniture,Urban Ladder,Churn Risk,Supermarkets ,Senior Salesperson,821398.08,289,2842.21,511.93,4983.88
Furniture,Urban Ladder,Deal Seeker,Large Malls / Complexes,Manager,711331.30,272,2615.19,502.44,4988.63
Furniture,Urban Ladder,Deal Seeker,Large Malls / Complexes,Sales Associate,793626.86,282,2814.28,502.02,4997.15
Furniture,Urban Ladder,Deal Seeker,Large Malls / Complexes,Salesperson,766549.43,278,2757.37,507.73,4994.07
Furniture,Urban Ladder,Deal Seeker,Large Malls / Complexes,Senior Salesperson,704480.58,253,2784.51,520.73,4983.45
Furniture,Urban Ladder,Deal Seeker,Small Stores / Shops,Manager,752195.80,270,2785.91,511.19,4995.20
Furniture,Urban Ladder,Deal Seeker,Small Stores / Shops,Sales Associate,818566.44,283,2892.46,501.28,4984.84
Furniture,Urban Ladder,Deal Seeker,Small Stores / Shops,Salesperson,874849.87,321,2725.39,506.49,4997.58
Furniture,Urban Ladder,Deal Seeker,Small Stores / Shops,Senior Salesperson,632232.34,236,2678.95,504.00,4992.28
Furniture,Urban Ladder,Deal Seeker,Supermarkets ,Manager,711925.77,256,2780.96,503.66,4960.23
Furniture,Urban Ladder,Deal Seeker,Supermarkets ,Sales Associate,782163.83,281,2783.50,541.64,4996.27
Furniture,Urban Ladder,Deal Seeker,Supermarkets ,Salesperson,866727.03,314,2760.28,511.65,4989.43
Furniture,Urban Ladder,Deal Seeker,Supermarkets ,Senior Salesperson,732368.35,270,2712.48,525.90,4951.56
Furniture,Urban Ladder,First-time Buyer,Large Malls / Complexes,Manager,772596.92,276,2799.26,530.54,4993.18
Furniture,Urban Ladder,First-time Buyer,Large Malls / Complexes,Sales Associate,767100.40,280,2739.64,504.15,4961.37
Furniture,Urban Ladder,First-time Buyer,Large Malls / Complexes,Salesperson,797595.99,294,2712.91,522.40,4958.16
Furniture,Urban Ladder,First-time Buyer,Large Malls / Complexes,Senior Salesperson,596611.20,219,2724.25,502.44,4966.46
Furniture,Urban Ladder,First-time Buyer,Small Stores / Shops,Manager,733724.57,257,2854.96,512.82,4986.24
Furniture,Urban Ladder,First-time Buyer,Small Stores / Shops,Sales Associate,893331.88,310,2881.72,515.63,4996.98
Furniture,Urban Ladder,First-time Buyer,Small Stores / Shops,Salesperson,778393.64,273,2851.26,519.78,4996.86
Furniture,Urban Ladder,First-time Buyer,Small Stores / Shops,Senior Salesperson,627512.45,228,2752.25,519.13,4985.54
Furniture,Urban Ladder,First-time Buyer,Supermarkets ,Manager,863008.75,311,2774.95,579.54,4990.45
Furniture,Urban Ladder,First-time Buyer,Supermarkets ,Sales Associate,784810.74,282,2783.02,505.86,4999.59
Furniture,Urban Ladder,First-time Buyer,Supermarkets ,Salesperson,870054.80,314,2770.88,506.98,4990.60
Furniture,Urban Ladder,First-time Buyer,Supermarkets ,Senior Salesperson,665690.94,243,2739.47,529.89,4934.81
Furniture,Urban Ladder,High Value,Large Malls / Complexes,Manager,736303.56,280,2629.66,537.01,4994.60
Furniture,Urban Ladder,High Value,Large Malls / Complexes,Sales Associate,771565.85,273,2826.25,507.23,4998.17
Furniture,Urban Ladder,High Value,Large Malls / Complexes,Salesperson,784100.31,284,2760.92,504.24,4996.37
Furniture,Urban Ladder,High Value,Large Malls / Complexes,Senior Salesperson,715510.23,259,2762.59,539.99,4999.64
Furniture,Urban Ladder,High Value,Small Stores / Shops,Manager,790354.25,289,2734.79,520.94,4992.89
Furniture,Urban Ladder,High Value,Small Stores / Shops,Sales Associate,850777.17,309,2753.32,505.63,4998.26
Furniture,Urban Ladder,High Value,Small Stores / Shops,Salesperson,839251.38,298,2816.28,534.23,4996.70
Furniture,Urban Ladder,High Value,Small Stores / Shops,Senior Salesperson,784921.06,283,2773.57,501.29,4991.65
Furniture,Urban Ladder,High Value,Supermarkets ,Manager,754190.92,296,2547.94,525.81,4955.76
Furniture,Urban Ladder,High Value,Supermarkets ,Sales Associate,939877.16,334,2814.00,523.76,4999.58
Furniture,Urban Ladder,High Value,Supermarkets ,Salesperson,829835.70,301,2756.93,504.51,4977.72
Furniture,Urban Ladder,High Value,Supermarkets ,Senior Salesperson,743841.45,262,2839.09,516.64,4992.67
Furniture,Urban Ladder,In-Store Regular,Large Malls / Complexes,Manager,796519.71,293,2718.50,523.54,4990.46
Furniture,Urban Ladder,In-Store Regular,Large Malls / Complexes,Sales Associate,750097.97,266,2819.92,519.55,4901.17
Furniture,Urban Ladder,In-Store Regular,Large Malls / Complexes,Salesperson,880733.31,311,2831.94,507.61,4966.29
Furniture,Urban Ladder,In-Store Regular,Large Malls / Complexes,Senior Salesperson,613918.32,222,2765.40,565.37,4980.53
Furniture,Urban Ladder,In-Store Regular,Small Stores / Shops,Manager,739624.55,253,2923.42,500.07,4994.21
Furniture,Urban Ladder,In-Store Regular,Small Stores / Shops,Sales Associate,781818.02,295,2650.23,519.18,4953.99
Furniture,Urban Ladder,In-Store Regular,Small Stores / Shops,Salesperson,703976.62,255,2760.69,514.12,4979.50
Furniture,Urban Ladder,In-Store Regular,Small Stores / Shops,Senior Salesperson,613692.37,223,2751.98,508.32,4979.28
Furniture,Urban Ladder,In-Store Regular,Supermarkets ,Manager,820478.13,295,2781.28,530.54,4993.12
Furniture,Urban Ladder,In-Store Regular,Supermarkets ,Sales Associate,818287.82,299,2736.75,519.15,4998.82
Furniture,Urban Ladder,In-Store Regular,Supermarkets ,Salesperson,842916.91,307,2745.66,503.70,4997.30
Furniture,Urban Ladder,In-Store Regular,Supermarkets ,Senior Salesperson,725272.41,267,2716.38,503.33,4995.75
Furniture,Urban Ladder,Loyal Customer,Large Malls / Complexes,Manager,785509.68,289,2718.03,500.56,4992.39
Furniture,Urban Ladder,Loyal Customer,Large Malls / Complexes,Sales Associate,756178.52,280,2700.64,509.43,4979.19
Furniture,Urban Ladder,Loyal Customer,Large Malls / Complexes,Salesperson,796592.76,271,2939.46,508.58,4997.81
Furniture,Urban Ladder,Loyal Customer,Large Malls / Complexes,Senior Salesperson,630619.28,233,2706.52,506.07,4995.76
Furniture,Urban Ladder,Loyal Customer,Small Stores / Shops,Manager,830508.85,297,2796.33,522.97,4964.90
Furniture,Urban Ladder,Loyal Customer,Small Stores / Shops,Sales Associate,835599.28,303,2757.75,501.69,4996.65
Furniture,Urban Ladder,Loyal Customer,Small Stores / Shops,Salesperson,786106.01,268,2933.23,534.61,4987.29
Furniture,Urban Ladder,Loyal Customer,Small Stores / Shops,Senior Salesperson,649329.47,226,2873.14,516.63,4980.30
Furniture,Urban Ladder,Loyal Customer,Supermarkets ,Manager,824017.18,313,2632.64,508.18,4988.37
Furniture,Urban Ladder,Loyal Customer,Supermarkets ,Sales Associate,776780.91,284,2735.14,522.23,4991.12
Furniture,Urban Ladder,Loyal Customer,Supermarkets ,Salesperson,843962.42,300,2813.21,529.28,4989.09
Furniture,Urban Ladder,Loyal Customer,Supermarkets ,Senior Salesperson,703200.79,261,2694.26,539.39,4946.91
Furniture,Urban Ladder,Occasional Shopper,Large Malls / Complexes,Manager,739210.96,263,2810.69,510.72,4993.29
Furniture,Urban Ladder,Occasional Shopper,Large Malls / Complexes,Sales Associate,731406.73,276,2650.02,518.17,4974.34
Furniture,Urban Ladder,Occasional Shopper,Large Malls / Complexes,Salesperson,802151.91,285,2814.57,502.15,4989.51
Furniture,Urban Ladder,Occasional Shopper,Large Malls / Complexes,Senior Salesperson,655019.24,251,2609.64,500.98,4976.52
Furniture,Urban Ladder,Occasional Shopper,Small Stores / Shops,Manager,640422.99,232,2760.44,500.57,4999.31
Furniture,Urban Ladder,Occasional Shopper,Small Stores / Shops,Sales Associate,920738.67,316,2913.73,501.84,4989.65
Furniture,Urban Ladder,Occasional Shopper,Small Stores / Shops,Salesperson,672459.90,260,2586.38,515.56,4968.29
Furniture,Urban Ladder,Occasional Shopper,Small Stores / Shops,Senior Salesperson,624146.19,231,2701.93,513.56,4995.72
Furniture,Urban Ladder,Occasional Shopper,Supermarkets ,Manager,804668.18,287,2803.72,504.91,4981.32
Furniture,Urban Ladder,Occasional Shopper,Supermarkets ,Sales Associate,753353.51,274,2749.47,509.62,4983.50
Furniture,Urban Ladder,Occasional Shopper,Supermarkets ,Salesperson,804799.72,276,2915.94,513.13,4993.66
Furniture,Urban Ladder,Occasional Shopper,Supermarkets ,Senior Salesperson,686202.18,254,2701.58,514.26,4997.23
Furniture,Urban Ladder,Online Shopper,Large Malls / Complexes,Manager,716257.50,256,2797.88,518.64,4989.67
Furniture,Urban Ladder,Online Shopper,Large Malls / Complexes,Sales Associate,756408.14,290,2608.30,520.65,4971.96
Furniture,Urban Ladder,Online Shopper,Large Malls / Complexes,Salesperson,808654.35,279,2898.40,509.93,4999.62
Furniture,Urban Ladder,Online Shopper,Large Malls / Complexes,Senior Salesperson,674061.12,239,2820.34,536.99,4999.88
Furniture,Urban Ladder,Online Shopper,Small Stores / Shops,Manager,722890.04,271,2667.49,502.12,4985.95
Furniture,Urban Ladder,Online Shopper,Small Stores / Shops,Sales Associate,729018.13,281,2594.37,528.33,4991.81
Furniture,Urban Ladder,Online Shopper,Small Stores / Shops,Salesperson,788410.60,293,2690.82,500.34,4994.85
Furniture,Urban Ladder,Online Shopper,Small Stores / Shops,Senior Salesperson,682198.70,250,2728.79,513.05,4978.22
Furniture,Urban Ladder,Online Shopper,Supermarkets ,Manager,797535.64,291,2740.67,511.76,4957.18
Furniture,Urban Ladder,Online Shopper,Supermarkets ,Sales Associate,807183.93,287,2812.49,514.88,4978.75
Furniture,Urban Ladder,Online Shopper,Supermarkets ,Salesperson,887000.65,329,2696.05,502.65,4989.35
Furniture,Urban Ladder,Online Shopper,Supermarkets ,Senior Salesperson,766245.96,278,2756.28,520.50,4992.50
Furniture,Urban Ladder,Premium Shopper,Large Malls / Complexes,Manager,652581.45,260,2509.93,508.15,4962.87
Furniture,Urban Ladder,Premium Shopper,Large Malls / Complexes,Sales Associate,715524.68,260,2752.02,511.21,4985.43
Furniture,Urban Ladder,Premium Shopper,Large Malls / Complexes,Salesperson,776304.85,288,2695.50,563.65,4986.14
Furniture,Urban Ladder,Premium Shopper,Large Malls / Complexes,Senior Salesperson,746987.80,259,2884.12,500.29,4983.35
Furniture,Urban Ladder,Premium Shopper,Small Stores / Shops,Manager,711068.67,255,2788.50,512.07,4999.14
Furniture,Urban Ladder,Premium Shopper,Small Stores / Shops,Sales Associate,899987.18,331,2718.99,502.45,4976.00
Furniture,Urban Ladder,Premium Shopper,Small Stores / Shops,Salesperson,748800.78,267,2804.50,501.38,4995.63
Furniture,Urban Ladder,Premium Shopper,Small Stores / Shops,Senior Salesperson,654154.59,238,2748.55,513.90,4979.71
Furniture,Urban Ladder,Premium Shopper,Supermarkets ,Manager,734335.97,272,2699.76,519.12,4996.26
Furniture,Urban Ladder,Premium Shopper,Supermarkets ,Sales Associate,884369.23,312,2834.52,502.37,4996.13
Furniture,Urban Ladder,Premium Shopper,Supermarkets ,Salesperson,772034.47,286,2699.42,516.44,4971.56
Furniture,Urban Ladder,Premium Shopper,Supermarkets ,Senior Salesperson,743530.13,263,2827.11,509.88,4989.08
Groceries,Amul,Budget Shopper,Large Malls / Complexes,Manager,666022.70,253,2632.50,531.31,4998.19
Groceries,Amul,Budget Shopper,Large Malls / Complexes,Sales Associate,815854.01,289,2823.02,505.34,4995.73
Groceries,Amul,Budget Shopper,Large Malls / Complexes,Salesperson,775396.51,282,2749.63,509.79,4988.32
Groceries,Amul,Budget Shopper,Large Malls / Complexes,Senior Salesperson,632170.37,230,2748.57,531.00,4912.53
Groceries,Amul,Budget Shopper,Small Stores / Shops,Manager,805373.63,285,2825.87,504.89,4967.85
Groceries,Amul,Budget Shopper,Small Stores / Shops,Sales Associate,747595.20,261,2864.35,516.27,4935.90
Groceries,Amul,Budget Shopper,Small Stores / Shops,Salesperson,845850.23,302,2800.83,504.65,4994.33
Groceries,Amul,Budget Shopper,Small Stores / Shops,Senior Salesperson,698055.13,252,2770.06,561.15,4991.62
Groceries,Amul,Budget Shopper,Supermarkets ,Manager,804073.25,296,2716.46,511.33,4987.34
Groceries,Amul,Budget Shopper,Supermarkets ,Sales Associate,852324.81,307,2776.30,529.28,4993.94
Groceries,Amul,Budget Shopper,Supermarkets ,Salesperson,883122.40,312,2830.52,526.69,4961.05
Groceries,Amul,Budget Shopper,Supermarkets ,Senior Salesperson,752729.93,281,2678.75,533.92,4954.90
Groceries,Amul,Churn Risk,Large Malls / Complexes,Manager,780473.53,278,2807.46,510.22,4989.76
Groceries,Amul,Churn Risk,Large Malls / Complexes,Sales Associate,739688.65,269,2749.77,511.89,4987.09
Groceries,Amul,Churn Risk,Large Malls / Complexes,Salesperson,692500.71,265,2613.21,516.92,4986.97
Groceries,Amul,Churn Risk,Large Malls / Complexes,Senior Salesperson,626949.46,239,2623.22,510.88,4993.47
Groceries,Amul,Churn Risk,Small Stores / Shops,Manager,783936.96,298,2630.66,502.30,4993.73
Groceries,Amul,Churn Risk,Small Stores / Shops,Sales Associate,796253.53,288,2764.77,508.02,4995.02
Groceries,Amul,Churn Risk,Small Stores / Shops,Salesperson,687175.65,258,2663.47,527.75,4986.22
Groceries,Amul,Churn Risk,Small Stores / Shops,Senior Salesperson,774699.05,281,2756.94,519.35,4972.51
Groceries,Amul,Churn Risk,Supermarkets ,Manager,834171.79,293,2847.00,506.56,4994.07
Groceries,Amul,Churn Risk,Supermarkets ,Sales Associate,944360.73,333,2835.92,515.06,4996.54
Groceries,Amul,Churn Risk,Supermarkets ,Salesperson,750246.70,273,2748.16,509.59,4991.33
Groceries,Amul,Churn Risk,Supermarkets ,Senior Salesperson,709287.90,269,2636.76,507.40,4977.87
Groceries,Amul,Deal Seeker,Large Malls / Complexes,Manager,706702.82,258,2739.16,530.70,4991.73
Groceries,Amul,Deal Seeker,Large Malls / Complexes,Sales Associate,777645.39,269,2890.88,503.17,4990.30
Groceries,Amul,Deal Seeker,Large Malls / Complexes,Salesperson,666859.57,245,2721.88,513.57,4998.30
Groceries,Amul,Deal Seeker,Large Malls / Complexes,Senior Salesperson,639296.07,221,2892.74,514.73,4994.21
Groceries,Amul,Deal Seeker,Small Stores / Shops,Manager,776883.82,283,2745.17,514.24,4978.48
Groceries,Amul,Deal Seeker,Small Stores / Shops,Sales Associate,921165.40,324,2843.10,521.65,4978.67
Groceries,Amul,Deal Seeker,Small Stores / Shops,Salesperson,877949.94,310,2832.10,515.54,4993.91
Groceries,Amul,Deal Seeker,Small Stores / Shops,Senior Salesperson,671860.28,248,2709.11,523.08,4996.45
Groceries,Amul,Deal Seeker,Supermarkets ,Manager,776221.50,295,2631.26,515.60,4976.91
Groceries,Amul,Deal Seeker,Supermarkets ,Sales Associate,807317.78,298,2709.12,501.88,4988.80
Groceries,Amul,Deal Seeker,Supermarkets ,Salesperson,832113.37,318,2616.71,505.32,4876.16
Groceries,Amul,Deal Seeker,Supermarkets ,Senior Salesperson,658088.14,233,2824.41,506.22,4995.48
Groceries,Amul,First-time Buyer,Large Malls / Complexes,Manager,782614.12,272,2877.26,523.59,4990.34
Groceries,Amul,First-time Buyer,Large Malls / Complexes,Sales Associate,816986.13,303,2696.32,505.99,4989.51
Groceries,Amul,First-time Buyer,Large Malls / Complexes,Salesperson,714042.07,261,2735.79,500.26,4987.90
Groceries,Amul,First-time Buyer,Large Malls / Complexes,Senior Salesperson,626753.31,221,2835.99,559.27,4997.33
Groceries,Amul,First-time Buyer,Small Stores / Shops,Manager,729415.65,281,2595.79,503.45,4998.98
Groceries,Amul,First-time Buyer,Small Stores / Shops,Sales Associate,726187.68,281,2584.30,526.84,4976.96
Groceries,Amul,First-time Buyer,Small Stores / Shops,Salesperson,884444.94,318,2781.27,541.49,4995.35
Groceries,Amul,First-time Buyer,Small Stores / Shops,Senior Salesperson,692615.79,251,2759.43,502.25,4904.08
Groceries,Amul,First-time Buyer,Supermarkets ,Manager,789988.33,293,2696.21,554.52,4995.56
Groceries,Amul,First-time Buyer,Supermarkets ,Sales Associate,797208.86,296,2693.27,504.35,4980.43
Groceries,Amul,First-time Buyer,Supermarkets ,Salesperson,851148.48,320,2659.84,512.89,4982.31
Groceries,Amul,First-time Buyer,Supermarkets ,Senior Salesperson,692819.04,253,2738.42,513.32,4967.82
Groceries,Amul,High Value,Large Malls / Complexes,Manager,691765.41,254,2723.49,500.47,4959.55
Groceries,Amul,High Value,Large Malls / Complexes,Sales Associate,697086.58,265,2630.52,546.55,4997.68
Groceries,Amul,High Value,Large Malls / Complexes,Salesperson,722230.23,262,2756.60,500.95,4998.10
Groceries,Amul,High Value,Large Malls / Complexes,Senior Salesperson,644083.72,253,2545.79,501.33,4977.46
Groceries,Amul,High Value,Small Stores / Shops,Manager,771540.58,295,2615.39,516.37,4989.05
Groceries,Amul,High Value,Small Stores / Shops,Sales Associate,811057.26,290,2796.75,517.40,4991.87
Groceries,Amul,High Value,Small Stores / Shops,Salesperson,841127.93,305,2757.80,562.94,4978.61
Groceries,Amul,High Value,Small Stores / Shops,Senior Salesperson,773974.80,277,2794.13,514.94,4994.94
Groceries,Amul,High Value,Supermarkets ,Manager,855687.17,298,2871.43,523.20,4969.63
Groceries,Amul,High Value,Supermarkets ,Sales Associate,809639.86,305,2654.56,515.42,4990.44
Groceries,Amul,High Value,Supermarkets ,Salesperson,900326.28,317,2840.15,504.05,4997.96
Groceries,Amul,High Value,Supermarkets ,Senior Salesperson,755839.46,277,2728.66,509.39,4982.69
Groceries,Amul,In-Store Regular,Large Malls / Complexes,Manager,709655.56,248,2861.51,527.77,4993.79
Groceries,Amul,In-Store Regular,Large Malls / Complexes,Sales Associate,843159.01,315,2676.70,508.09,4990.59
Groceries,Amul,In-Store Regular,Large Malls / Complexes,Salesperson,688466.37,251,2742.89,552.86,4996.36
Groceries,Amul,In-Store Regular,Large Malls / Complexes,Senior Salesperson,707356.53,253,2795.88,512.60,4984.38
Groceries,Amul,In-Store Regular,Small Stores / Shops,Manager,787188.20,283,2781.58,509.79,4930.66
Groceries,Amul,In-Store Regular,Small Stores / Shops,Sales Associate,797774.58,294,2713.52,523.73,4982.93
Groceries,Amul,In-Store Regular,Small Stores / Shops,Salesperson,793864.44,280,2835.23,527.33,4985.16
Groceries,Amul,In-Store Regular,Small Stores / Shops,Senior Salesperson,706010.38,268,2634.37,513.51,4967.29
Groceries,Amul,In-Store Regular,Supermarkets ,Manager,787322.02,297,2650.92,524.94,4983.94
Groceries,Amul,In-Store Regular,Supermarkets ,Sales Associate,799708.81,297,2692.62,504.51,4994.74
Groceries,Amul,In-Store Regular,Supermarkets ,Salesperson,856125.47,307,2788.68,506.38,4987.29
Groceries,Amul,In-Store Regular,Supermarkets ,Senior Salesperson,742019.53,263,2821.37,505.81,4996.48
Groceries,Amul,Loyal Customer,Large Malls / Complexes,Manager,673069.35,257,2618.95,506.59,4993.24
Groceries,Amul,Loyal Customer,Large Malls / Complexes,Sales Associate,746636.99,271,2755.12,501.41,4972.19
Groceries,Amul,Loyal Customer,Large Malls / Complexes,Salesperson,752406.61,279,2696.80,523.61,4980.53
Groceries,Amul,Loyal Customer,Large Malls / Complexes,Senior Salesperson,649529.35,240,2706.37,517.72,4988.04
Groceries,Amul,Loyal Customer,Small Stores / Shops,Manager,792990.41,289,2743.91,501.52,4994.91
Groceries,Amul,Loyal Customer,Small Stores / Shops,Sales Associate,806256.47,289,2789.81,512.19,4983.63
Groceries,Amul,Loyal Customer,Small Stores / Shops,Salesperson,780166.24,301,2591.91,524.88,4986.30
Groceries,Amul,Loyal Customer,Small Stores / Shops,Senior Salesperson,697710.86,247,2824.74,504.17,4970.23
Groceries,Amul,Loyal Customer,Supermarkets ,Manager,815068.28,299,2725.98,539.70,4990.08
Groceries,Amul,Loyal Customer,Supermarkets ,Sales Associate,830716.56,308,2697.13,504.57,4998.75
Groceries,Amul,Loyal Customer,Supermarkets ,Salesperson,743536.66,282,2636.65,527.22,4984.86
Groceries,Amul,Loyal Customer,Supermarkets ,Senior Salesperson,771350.42,278,2774.64,500.84,4965.52
Groceries,Amul,Occasional Shopper,Large Malls / Complexes,Manager,722957.41,271,2667.74,512.75,4992.97
Groceries,Amul,Occasional Shopper,Large Malls / Complexes,Sales Associate,759808.08,282,2694.35,518.50,4971.85
Groceries,Amul,Occasional Shopper,Large Malls / Complexes,Salesperson,662997.85,239,2774.05,512.57,4990.89
Groceries,Amul,Occasional Shopper,Large Malls / Complexes,Senior Salesperson,697674.71,250,2790.70,510.36,4999.80
Groceries,Amul,Occasional Shopper,Small Stores / Shops,Manager,676339.02,259,2611.35,504.64,4998.84
Groceries,Amul,Occasional Shopper,Small Stores / Shops,Sales Associate,827575.01,311,2661.01,526.82,4940.07
Groceries,Amul,Occasional Shopper,Small Stores / Shops,Salesperson,788281.45,287,2746.63,514.02,4996.14
Groceries,Amul,Occasional Shopper,Small Stores / Shops,Senior Salesperson,720977.78,252,2861.02,511.06,4986.67
Groceries,Amul,Occasional Shopper,Supermarkets ,Manager,881635.81,314,2807.76,505.72,4990.50
Groceries,Amul,Occasional Shopper,Supermarkets ,Sales Associate,878109.27,316,2778.83,503.17,4990.00
Groceries,Amul,Occasional Shopper,Supermarkets ,Salesperson,843911.18,309,2731.10,504.23,4996.97
Groceries,Amul,Occasional Shopper,Supermarkets ,Senior Salesperson,682948.41,242,2822.10,521.68,4982.60
Groceries,Amul,Online Shopper,Large Malls / Complexes,Manager,778214.21,289,2692.78,505.59,4991.21
Groceries,Amul,Online Shopper,Large Malls / Complexes,Sales Associate,711249.23,249,2856.42,515.39,4936.48
Groceries,Amul,Online Shopper,Large Malls / Complexes,Salesperson,902623.63,311,2902.33,506.46,4984.77
Groceries,Amul,Online Shopper,Large Malls / Complexes,Senior Salesperson,609714.39,221,2758.89,506.04,4988.78
Groceries,Amul,Online Shopper,Small Stores / Shops,Manager,767489.75,278,2760.75,501.42,4985.40
Groceries,Amul,Online Shopper,Small Stores / Shops,Sales Associate,802006.05,288,2784.74,503.67,4994.22
Groceries,Amul,Online Shopper,Small Stores / Shops,Salesperson,771923.85,298,2590.35,500.62,4993.62
Groceries,Amul,Online Shopper,Small Stores / Shops,Senior Salesperson,769103.70,279,2756.64,523.21,4984.55
Groceries,Amul,Online Shopper,Supermarkets ,Manager,784458.86,290,2705.03,515.77,4977.29
Groceries,Amul,Online Shopper,Supermarkets ,Sales Associate,851855.91,307,2774.77,500.74,4996.71
Groceries,Amul,Online Shopper,Supermarkets ,Salesperson,923449.05,327,2824.00,531.01,4993.64
Groceries,Amul,Online Shopper,Supermarkets ,Senior Salesperson,730819.59,268,2726.94,524.42,4990.08
Groceries,Amul,Premium Shopper,Large Malls / Complexes,Manager,630249.80,231,2728.35,513.13,4958.77
Groceries,Amul,Premium Shopper,Large Malls / Complexes,Sales Associate,794669.97,288,2759.27,504.65,4979.50
Groceries,Amul,Premium Shopper,Large Malls / Complexes,Salesperson,687707.37,261,2634.89,502.75,4986.78
Groceries,Amul,Premium Shopper,Large Malls / Complexes,Senior Salesperson,575577.54,214,2689.61,504.10,4984.09
Groceries,Amul,Premium Shopper,Small Stores / Shops,Manager,732683.11,254,2884.58,515.13,4972.70
Groceries,Amul,Premium Shopper,Small Stores / Shops,Sales Associate,837356.98,293,2857.87,507.29,4960.70
Groceries,Amul,Premium Shopper,Small Stores / Shops,Salesperson,765943.96,279,2745.32,501.25,4982.89
Groceries,Amul,Premium Shopper,Small Stores / Shops,Senior Salesperson,692597.67,248,2792.73,523.81,4996.88
Groceries,Amul,Premium Shopper,Supermarkets ,Manager,760535.44,271,2806.40,514.01,4976.08
Groceries,Amul,Premium Shopper,Supermarkets ,Sales Associate,722626.70,278,2599.38,507.19,4997.29
Groceries,Amul,Premium Shopper,Supermarkets ,Salesperson,796999.84,294,2710.88,520.44,4995.23
Groceries,Amul,Premium Shopper,Supermarkets ,Senior Salesperson,776624.96,280,2773.66,506.29,4994.70
Groceries,Britannia,Budget Shopper,Large Malls / Complexes,Manager,588174.37,220,2673.52,517.12,4979.96
Groceries,Britannia,Budget Shopper,Large Malls / Complexes,Sales Associate,735905.54,283,2600.37,502.18,4999.95
Groceries,Britannia,Budget Shopper,Large Malls / Complexes,Salesperson,796285.32,288,2764.88,506.50,4999.56
Groceries,Britannia,Budget Shopper,Large Malls / Complexes,Senior Salesperson,718995.73,256,2808.58,504.16,4974.65
Groceries,Britannia,Budget Shopper,Small Stores / Shops,Manager,689924.09,260,2653.55,520.12,4947.15
Groceries,Britannia,Budget Shopper,Small Stores / Shops,Sales Associate,848561.22,314,2702.42,506.49,4979.63
Groceries,Britannia,Budget Shopper,Small Stores / Shops,Salesperson,805737.42,292,2759.37,516.56,4976.60
Groceries,Britannia,Budget Shopper,Small Stores / Shops,Senior Salesperson,613788.18,242,2536.31,503.39,4995.11
Groceries,Britannia,Budget Shopper,Supermarkets ,Manager,766158.33,268,2858.80,516.01,4976.41
Groceries,Britannia,Budget Shopper,Supermarkets ,Sales Associate,852722.32,317,2689.98,522.13,4999.16
Groceries,Britannia,Budget Shopper,Supermarkets ,Salesperson,766158.82,281,2726.54,508.29,4996.82
Groceries,Britannia,Budget Shopper,Supermarkets ,Senior Salesperson,735429.73,258,2850.50,509.08,4958.71
Groceries,Britannia,Churn Risk,Large Malls / Complexes,Manager,727141.24,279,2606.24,502.96,4975.49
Groceries,Britannia,Churn Risk,Large Malls / Complexes,Sales Associate,689001.74,277,2487.37,502.48,4960.60
Groceries,Britannia,Churn Risk,Large Malls / Complexes,Salesperson,749457.82,264,2838.86,523.66,4996.21
Groceries,Britannia,Churn Risk,Large Malls / Complexes,Senior Salesperson,643248.95,242,2658.05,515.18,4962.07
Groceries,Britannia,Churn Risk,Small Stores / Shops,Manager,868801.00,300,2896.00,501.54,4979.66
Groceries,Britannia,Churn Risk,Small Stores / Shops,Sales Associate,768083.74,277,2772.87,502.72,4984.48
Groceries,Britannia,Churn Risk,Small Stores / Shops,Salesperson,779450.95,293,2660.24,509.31,4996.15
Groceries,Britannia,Churn Risk,Small Stores / Shops,Senior Salesperson,717853.04,260,2760.97,500.75,4994.43
Groceries,Britannia,Churn Risk,Supermarkets ,Manager,782697.32,284,2755.98,521.71,4986.11
Groceries,Britannia,Churn Risk,Supermarkets ,Sales Associate,703160.47,253,2779.29,520.94,4979.64
Groceries,Britannia,Churn Risk,Supermarkets ,Salesperson,881669.60,318,2772.55,503.77,4991.20
Groceries,Britannia,Churn Risk,Supermarkets ,Senior Salesperson,688331.20,250,2753.32,542.12,4988.44
Groceries,Britannia,Deal Seeker,Large Malls / Complexes,Manager,707410.40,265,2669.47,506.32,4994.32
Groceries,Britannia,Deal Seeker,Large Malls / Complexes,Sales Associate,735218.71,268,2743.35,504.74,4946.59
Groceries,Britannia,Deal Seeker,Large Malls / Complexes,Salesperson,753583.85,279,2701.02,513.90,4977.08
Groceries,Britannia,Deal Seeker,Large Malls / Complexes,Senior Salesperson,670335.13,237,2828.42,533.54,4987.18
Groceries,Britannia,Deal Seeker,Small Stores / Shops,Manager,678014.75,242,2801.71,522.53,4974.54
Groceries,Britannia,Deal Seeker,Small Stores / Shops,Sales Associate,866483.26,315,2750.74,501.28,4978.21
Groceries,Britannia,Deal Seeker,Small Stores / Shops,Salesperson,743253.06,264,2815.35,533.76,4964.93
Groceries,Britannia,Deal Seeker,Small Stores / Shops,Senior Salesperson,705353.31,256,2755.29,513.46,4976.55
Groceries,Britannia,Deal Seeker,Supermarkets ,Manager,797437.82,303,2631.81,507.70,4983.72
Groceries,Britannia,Deal Seeker,Supermarkets ,Sales Associate,816385.79,297,2748.77,509.89,4960.39
Groceries,Britannia,Deal Seeker,Supermarkets ,Salesperson,727709.43,280,2598.96,510.84,4991.55
Groceries,Britannia,Deal Seeker,Supermarkets ,Senior Salesperson,649177.43,243,2671.51,525.11,4986.34
Groceries,Britannia,First-time Buyer,Large Malls / Complexes,Manager,723049.24,260,2780.96,577.80,4997.76
Groceries,Britannia,First-time Buyer,Large Malls / Complexes,Sales Associate,791585.15,277,2857.71,523.24,4993.03
Groceries,Britannia,First-time Buyer,Large Malls / Complexes,Salesperson,767150.14,271,2830.81,513.12,4995.72
Groceries,Britannia,First-time Buyer,Large Malls / Complexes,Senior Salesperson,630414.91,235,2682.62,510.46,4995.69
Groceries,Britannia,First-time Buyer,Small Stores / Shops,Manager,710019.38,256,2773.51,500.94,4999.83
Groceries,Britannia,First-time Buyer,Small Stores / Shops,Sales Associate,712434.40,268,2658.34,503.27,4973.65
Groceries,Britannia,First-time Buyer,Small Stores / Shops,Salesperson,800235.77,291,2749.95,509.73,4995.88
Groceries,Britannia,First-time Buyer,Small Stores / Shops,Senior Salesperson,778887.90,272,2863.56,503.19,4998.54
Groceries,Britannia,First-time Buyer,Supermarkets ,Manager,776921.89,282,2755.04,529.74,4970.76
Groceries,Britannia,First-time Buyer,Supermarkets ,Sales Associate,915546.04,331,2766.00,510.77,4984.89
Groceries,Britannia,First-time Buyer,Supermarkets ,Salesperson,676348.38,252,2683.92,517.30,4991.34
Groceries,Britannia,First-time Buyer,Supermarkets ,Senior Salesperson,712904.27,253,2817.80,660.93,4997.17
Groceries,Britannia,High Value,Large Malls / Complexes,Manager,675108.70,251,2689.68,504.57,4998.87
Groceries,Britannia,High Value,Large Malls / Complexes,Sales Associate,758036.63,283,2678.57,509.55,4980.15
Groceries,Britannia,High Value,Large Malls / Complexes,Salesperson,719731.19,266,2705.76,533.17,4992.77
Groceries,Britannia,High Value,Large Malls / Complexes,Senior Salesperson,672674.28,240,2802.81,554.19,4977.49
Groceries,Britannia,High Value,Small Stores / Shops,Manager,826637.11,285,2900.48,504.86,4989.61
Groceries,Britannia,High Value,Small Stores / Shops,Sales Associate,938611.88,335,2801.83,504.09,4993.10
Groceries,Britannia,High Value,Small Stores / Shops,Salesperson,761254.11,271,2809.06,513.20,4984.48
Groceries,Britannia,High Value,Small Stores / Shops,Senior Salesperson,714350.34,262,2726.53,515.78,4998.29
Groceries,Britannia,High Value,Supermarkets ,Manager,869383.00,323,2691.59,512.49,4988.57
Groceries,Britannia,High Value,Supermarkets ,Sales Associate,869264.53,325,2674.66,504.60,4994.27
Groceries,Britannia,High Value,Supermarkets ,Salesperson,887940.47,333,2666.49,542.89,4972.86
Groceries,Britannia,High Value,Supermarkets ,Senior Salesperson,812765.99,278,2923.62,507.42,4987.66
Groceries,Britannia,In-Store Regular,Large Malls / Complexes,Manager,677988.76,249,2722.85,527.12,4982.09
Groceries,Britannia,In-Store Regular,Large Malls / Complexes,Sales Associate,703517.70,258,2726.81,504.42,4976.10
Groceries,Britannia,In-Store Regular,Large Malls / Complexes,Salesperson,769259.53,282,2727.87,508.98,4999.35
Groceries,Britannia,In-Store Regular,Large Malls / Complexes,Senior Salesperson,696092.85,247,2818.19,573.85,4998.24
Groceries,Britannia,In-Store Regular,Small Stores / Shops,Manager,820234.72,291,2818.68,519.41,4992.31
Groceries,Britannia,In-Store Regular,Small Stores / Shops,Sales Associate,798960.50,309,2585.63,518.74,4961.20
Groceries,Britannia,In-Store Regular,Small Stores / Shops,Salesperson,785743.11,281,2796.24,514.06,4994.43
Groceries,Britannia,In-Store Regular,Small Stores / Shops,Senior Salesperson,661100.63,246,2687.40,520.52,4991.50
Groceries,Britannia,In-Store Regular,Supermarkets ,Manager,857889.93,313,2740.86,514.09,4994.55
Groceries,Britannia,In-Store Regular,Supermarkets ,Sales Associate,822419.76,298,2759.80,513.08,4962.58
Groceries,Britannia,In-Store Regular,Supermarkets ,Salesperson,831978.30,308,2701.23,526.91,4995.93
Groceries,Britannia,In-Store Regular,Supermarkets ,Senior Salesperson,744374.14,275,2706.82,504.64,4985.88
Groceries,Britannia,Loyal Customer,Large Malls / Complexes,Manager,666275.49,241,2764.63,542.52,4999.40
Groceries,Britannia,Loyal Customer,Large Malls / Complexes,Sales Associate,724366.84,270,2682.84,503.85,4971.16
Groceries,Britannia,Loyal Customer,Large Malls / Complexes,Salesperson,793865.91,280,2835.24,518.94,4990.82
Groceries,Britannia,Loyal Customer,Large Malls / Complexes,Senior Salesperson,589754.65,213,2768.80,524.51,4951.39
Groceries,Britannia,Loyal Customer,Small Stores / Shops,Manager,747916.91,272,2749.69,522.30,4967.68
Groceries,Britannia,Loyal Customer,Small Stores / Shops,Sales Associate,770161.31,271,2841.92,504.86,4994.82
Groceries,Britannia,Loyal Customer,Small Stores / Shops,Salesperson,799782.23,296,2701.97,503.24,4993.43
Groceries,Britannia,Loyal Customer,Small Stores / Shops,Senior Salesperson,610782.90,225,2714.59,509.36,4994.46
Groceries,Britannia,Loyal Customer,Supermarkets ,Manager,827172.75,291,2842.52,514.82,4994.46
Groceries,Britannia,Loyal Customer,Supermarkets ,Sales Associate,865462.23,313,2765.06,507.93,4995.73
Groceries,Britannia,Loyal Customer,Supermarkets ,Salesperson,906476.66,307,2952.69,511.79,4993.48
Groceries,Britannia,Loyal Customer,Supermarkets ,Senior Salesperson,757969.98,270,2807.30,505.29,4987.11
Groceries,Britannia,Occasional Shopper,Large Malls / Complexes,Manager,704201.90,259,2718.93,517.53,4999.21
Groceries,Britannia,Occasional Shopper,Large Malls / Complexes,Sales Associate,714871.34,268,2667.43,509.45,4995.96
Groceries,Britannia,Occasional Shopper,Large Malls / Complexes,Salesperson,663420.47,242,2741.41,551.96,4975.60
Groceries,Britannia,Occasional Shopper,Large Malls / Complexes,Senior Salesperson,555488.08,210,2645.18,546.16,4981.81
Groceries,Britannia,Occasional Shopper,Small Stores / Shops,Manager,792902.67,290,2734.15,522.03,4996.56
Groceries,Britannia,Occasional Shopper,Small Stores / Shops,Sales Associate,869096.79,292,2976.36,503.43,4985.50
Groceries,Britannia,Occasional Shopper,Small Stores / Shops,Salesperson,775556.02,283,2740.48,500.43,4994.04
Groceries,Britannia,Occasional Shopper,Small Stores / Shops,Senior Salesperson,713072.03,258,2763.85,504.60,4996.41
Groceries,Britannia,Occasional Shopper,Supermarkets ,Manager,751801.80,282,2665.96,500.56,4975.26
Groceries,Britannia,Occasional Shopper,Supermarkets ,Sales Associate,938079.99,343,2734.93,519.87,4960.94
Groceries,Britannia,Occasional Shopper,Supermarkets ,Salesperson,752420.24,271,2776.46,533.36,4976.10
Groceries,Britannia,Occasional Shopper,Supermarkets ,Senior Salesperson,738614.68,279,2647.36,527.56,4981.10
Groceries,Britannia,Online Shopper,Large Malls / Complexes,Manager,795429.35,287,2771.53,505.12,4973.45
Groceries,Britannia,Online Shopper,Large Malls / Complexes,Sales Associate,656522.08,245,2679.68,511.38,4996.20
Groceries,Britannia,Online Shopper,Large Malls / Complexes,Salesperson,646745.15,229,2824.21,516.53,4996.06
Groceries,Britannia,Online Shopper,Large Malls / Complexes,Senior Salesperson,634546.91,229,2770.95,525.08,4986.10
Groceries,Britannia,Online Shopper,Small Stores / Shops,Manager,931315.07,327,2848.06,580.21,4986.06
Groceries,Britannia,Online Shopper,Small Stores / Shops,Sales Associate,804599.37,298,2700.00,502.57,4997.84
Groceries,Britannia,Online Shopper,Small Stores / Shops,Salesperson,792826.45,294,2696.69,500.65,4990.08
Groceries,Britannia,Online Shopper,Small Stores / Shops,Senior Salesperson,653259.94,235,2779.83,535.70,4977.21
Groceries,Britannia,Online Shopper,Supermarkets ,Manager,641314.07,250,2565.26,503.33,4970.47
Groceries,Britannia,Online Shopper,Supermarkets ,Sales Associate,817799.16,300,2726.00,529.52,4967.72
Groceries,Britannia,Online Shopper,Supermarkets ,Salesperson,911414.42,338,2696.49,510.75,4993.28
Groceries,Britannia,Online Shopper,Supermarkets ,Senior Salesperson,751845.63,269,2794.97,512.39,4971.10
Groceries,Britannia,Premium Shopper,Large Malls / Complexes,Manager,659237.44,232,2841.54,518.06,4998.94
Groceries,Britannia,Premium Shopper,Large Malls / Complexes,Sales Associate,847249.32,306,2768.79,530.79,4989.58
Groceries,Britannia,Premium Shopper,Large Malls / Complexes,Salesperson,782901.54,281,2786.13,550.06,4997.76
Groceries,Britannia,Premium Shopper,Large Malls / Complexes,Senior Salesperson,613328.31,230,2666.64,500.98,4974.11
Groceries,Britannia,Premium Shopper,Small Stores / Shops,Manager,745414.21,279,2671.74,500.31,4996.87
Groceries,Britannia,Premium Shopper,Small Stores / Shops,Sales Associate,809641.61,304,2663.29,502.12,4996.19
Groceries,Britannia,Premium Shopper,Small Stores / Shops,Salesperson,792776.71,297,2669.28,505.45,4993.04
Groceries,Britannia,Premium Shopper,Small Stores / Shops,Senior Salesperson,633387.42,235,2695.27,508.47,4966.13
Groceries,Britannia,Premium Shopper,Supermarkets ,Manager,765902.95,276,2775.01,539.59,4992.34
Groceries,Britannia,Premium Shopper,Supermarkets ,Sales Associate,754154.60,278,2712.79,518.95,4977.49
Groceries,Britannia,Premium Shopper,Supermarkets ,Salesperson,759035.35,294,2581.75,522.66,4986.12
Groceries,Britannia,Premium Shopper,Supermarkets ,Senior Salesperson,717317.09,265,2706.86,524.29,4985.97
Groceries,Kellogg's,Budget Shopper,Large Malls / Complexes,Manager,717520.89,266,2697.45,522.36,4985.95
Groceries,Kellogg's,Budget Shopper,Large Malls / Complexes,Sales Associate,759928.95,274,2773.46,522.30,4994.74
Groceries,Kellogg's,Budget Shopper,Large Malls / Complexes,Salesperson,754538.42,281,2685.19,500.73,4992.48
Groceries,Kellogg's,Budget Shopper,Large Malls / Complexes,Senior Salesperson,670490.02,234,2865.34,508.38,4984.62
Groceries,Kellogg's,Budget Shopper,Small Stores / Shops,Manager,797553.87,292,2731.35,500.68,4983.61
Groceries,Kellogg's,Budget Shopper,Small Stores / Shops,Sales Associate,794527.24,293,2711.70,503.94,4995.84
Groceries,Kellogg's,Budget Shopper,Small Stores / Shops,Salesperson,821185.67,299,2746.44,530.93,4977.69
Groceries,Kellogg's,Budget Shopper,Small Stores / Shops,Senior Salesperson,730452.03,260,2809.43,523.86,4998.35
Groceries,Kellogg's,Budget Shopper,Supermarkets ,Manager,759309.47,268,2833.24,508.08,4947.52
Groceries,Kellogg's,Budget Shopper,Supermarkets ,Sales Associate,796442.11,294,2708.99,512.07,4993.66
Groceries,Kellogg's,Budget Shopper,Supermarkets ,Salesperson,876664.07,300,2922.21,546.88,4983.29
Groceries,Kellogg's,Budget Shopper,Supermarkets ,Senior Salesperson,651969.79,239,2727.91,528.19,4959.60
Groceries,Kellogg's,Churn Risk,Large Malls / Complexes,Manager,827276.36,302,2739.33,535.13,4985.85
Groceries,Kellogg's,Churn Risk,Large Malls / Complexes,Sales Associate,784810.61,299,2624.78,501.42,4998.93
Groceries,Kellogg's,Churn Risk,Large Malls / Complexes,Salesperson,890575.99,316,2818.28,518.42,4985.55
Groceries,Kellogg's,Churn Risk,Large Malls / Complexes,Senior Salesperson,667840.33,239,2794.31,523.26,4980.35
Groceries,Kellogg's,Churn Risk,Small Stores / Shops,Manager,735597.46,260,2829.22,504.29,4998.35
Groceries,Kellogg's,Churn Risk,Small Stores / Shops,Sales Associate,857724.60,309,2775.81,503.77,4981.18
Groceries,Kellogg's,Churn Risk,Small Stores / Shops,Salesperson,809097.43,294,2752.03,512.47,4983.76
Groceries,Kellogg's,Churn Risk,Small Stores / Shops,Senior Salesperson,706888.26,263,2687.79,519.00,4982.62
Groceries,Kellogg's,Churn Risk,Supermarkets ,Manager,712492.19,262,2719.44,516.45,4994.26
Groceries,Kellogg's,Churn Risk,Supermarkets ,Sales Associate,732534.46,271,2703.08,507.64,4997.22
Groceries,Kellogg's,Churn Risk,Supermarkets ,Salesperson,913751.46,331,2760.58,540.18,4999.85
Groceries,Kellogg's,Churn Risk,Supermarkets ,Senior Salesperson,709573.70,251,2826.99,511.91,4971.38
Groceries,Kellogg's,Deal Seeker,Large Malls / Complexes,Manager,826766.05,293,2821.73,519.68,4983.96
Groceries,Kellogg's,Deal Seeker,Large Malls / Complexes,Sales Associate,751418.14,261,2879.00,503.08,4981.11
Groceries,Kellogg's,Deal Seeker,Large Malls / Complexes,Salesperson,843747.90,290,2909.48,537.32,4991.67
Groceries,Kellogg's,Deal Seeker,Large Malls / Complexes,Senior Salesperson,643806.75,233,2763.12,501.79,4984.90
Groceries,Kellogg's,Deal Seeker,Small Stores / Shops,Manager,695293.99,261,2663.96,525.40,4995.66
Groceries,Kellogg's,Deal Seeker,Small Stores / Shops,Sales Associate,864531.19,317,2727.23,530.94,4995.00
Groceries,Kellogg's,Deal Seeker,Small Stores / Shops,Salesperson,851392.83,312,2728.82,507.78,4998.59
Groceries,Kellogg's,Deal Seeker,Small Stores / Shops,Senior Salesperson,687244.83,246,2793.68,519.33,4999.80
Groceries,Kellogg's,Deal Seeker,Supermarkets ,Manager,833495.62,302,2759.92,506.03,4965.63
Groceries,Kellogg's,Deal Seeker,Supermarkets ,Sales Associate,813312.12,300,2711.04,504.50,4994.08
Groceries,Kellogg's,Deal Seeker,Supermarkets ,Salesperson,782828.35,279,2805.84,508.47,4995.22
Groceries,Kellogg's,Deal Seeker,Supermarkets ,Senior Salesperson,735880.13,273,2695.53,546.16,4978.85
Groceries,Kellogg's,First-time Buyer,Large Malls / Complexes,Manager,717741.82,274,2619.50,518.31,4998.17
Groceries,Kellogg's,First-time Buyer,Large Malls / Complexes,Sales Associate,782391.03,284,2754.90,521.20,4999.20
Groceries,Kellogg's,First-time Buyer,Large Malls / Complexes,Salesperson,722843.12,258,2801.72,507.89,4939.12
Groceries,Kellogg's,First-time Buyer,Large Malls / Complexes,Senior Salesperson,702777.44,261,2692.63,518.09,4991.43
Groceries,Kellogg's,First-time Buyer,Small Stores / Shops,Manager,694794.08,251,2768.10,540.23,4982.90
Groceries,Kellogg's,First-time Buyer,Small Stores / Shops,Sales Associate,829463.45,289,2870.12,526.65,4983.65
Groceries,Kellogg's,First-time Buyer,Small Stores / Shops,Salesperson,749681.71,271,2766.35,500.64,4979.99
Groceries,Kellogg's,First-time Buyer,Small Stores / Shops,Senior Salesperson,739449.01,263,2811.59,542.92,4974.03
Groceries,Kellogg's,First-time Buyer,Supermarkets ,Manager,804377.32,296,2717.49,533.83,4984.48
Groceries,Kellogg's,First-time Buyer,Supermarkets ,Sales Associate,821526.89,297,2766.08,518.53,4997.39
Groceries,Kellogg's,First-time Buyer,Supermarkets ,Salesperson,929053.82,327,2841.14,508.35,4979.79
Groceries,Kellogg's,First-time Buyer,Supermarkets ,Senior Salesperson,732550.43,265,2764.34,505.75,4996.77
Groceries,Kellogg's,High Value,Large Malls / Complexes,Manager,743392.03,261,2848.25,541.11,4998.78
Groceries,Kellogg's,High Value,Large Malls / Complexes,Sales Associate,781279.02,280,2790.28,511.29,4997.12
Groceries,Kellogg's,High Value,Large Malls / Complexes,Salesperson,712469.27,272,2619.37,504.20,4974.16
Groceries,Kellogg's,High Value,Large Malls / Complexes,Senior Salesperson,580962.12,225,2582.05,500.54,4998.64
Groceries,Kellogg's,High Value,Small Stores / Shops,Manager,707878.21,265,2671.24,500.95,4983.63
Groceries,Kellogg's,High Value,Small Stores / Shops,Sales Associate,847488.06,310,2733.83,523.62,4983.54
Groceries,Kellogg's,High Value,Small Stores / Shops,Salesperson,851848.97,324,2629.16,516.12,4991.82
Groceries,Kellogg's,High Value,Small Stores / Shops,Senior Salesperson,754088.62,257,2934.20,518.81,4981.65
Groceries,Kellogg's,High Value,Supermarkets ,Manager,850596.78,298,2854.35,508.52,4980.80
Groceries,Kellogg's,High Value,Supermarkets ,Sales Associate,861054.53,317,2716.26,503.26,4994.94
Groceries,Kellogg's,High Value,Supermarkets ,Salesperson,849012.42,308,2756.53,516.73,4901.79
Groceries,Kellogg's,High Value,Supermarkets ,Senior Salesperson,659792.44,232,2843.93,545.23,4986.40
Groceries,Kellogg's,In-Store Regular,Large Malls / Complexes,Manager,675287.48,234,2885.84,518.02,4971.15
Groceries,Kellogg's,In-Store Regular,Large Malls / Complexes,Sales Associate,739626.77,271,2729.25,509.54,4991.58
Groceries,Kellogg's,In-Store Regular,Large Malls / Complexes,Salesperson,791190.73,281,2815.63,541.19,4997.53
Groceries,Kellogg's,In-Store Regular,Large Malls / Complexes,Senior Salesperson,710078.83,241,2946.39,569.90,4991.85
Groceries,Kellogg's,In-Store Regular,Small Stores / Shops,Manager,810287.64,280,2893.88,519.69,4995.38
Groceries,Kellogg's,In-Store Regular,Small Stores / Shops,Sales Associate,752438.41,265,2839.39,518.43,4994.70
Groceries,Kellogg's,In-Store Regular,Small Stores / Shops,Salesperson,788758.68,289,2729.27,513.62,4981.40
Groceries,Kellogg's,In-Store Regular,Small Stores / Shops,Senior Salesperson,653592.06,241,2712.00,511.78,4966.13
Groceries,Kellogg's,In-Store Regular,Supermarkets ,Manager,812297.31,301,2698.66,516.63,4999.58
Groceries,Kellogg's,In-Store Regular,Supermarkets ,Sales Associate,822934.34,299,2752.29,504.22,4988.88
Groceries,Kellogg's,In-Store Regular,Supermarkets ,Salesperson,837440.36,303,2763.83,500.16,4999.70
Groceries,Kellogg's,In-Store Regular,Supermarkets ,Senior Salesperson,733489.18,271,2706.60,503.39,4978.01
Groceries,Kellogg's,Loyal Customer,Large Malls / Complexes,Manager,657511.88,250,2630.05,520.10,4995.77
Groceries,Kellogg's,Loyal Customer,Large Malls / Complexes,Sales Associate,769945.79,273,2820.31,522.37,4951.69
Groceries,Kellogg's,Loyal Customer,Large Malls / Complexes,Salesperson,783795.30,280,2799.27,528.20,4986.32
Groceries,Kellogg's,Loyal Customer,Large Malls / Complexes,Senior Salesperson,606938.91,221,2746.33,515.99,4999.96
Groceries,Kellogg's,Loyal Customer,Small Stores / Shops,Manager,770891.93,284,2714.41,500.37,4988.27
Groceries,Kellogg's,Loyal Customer,Small Stores / Shops,Sales Associate,778450.53,285,2731.41,504.34,4995.25
Groceries,Kellogg's,Loyal Customer,Small Stores / Shops,Salesperson,907306.71,332,2732.85,522.29,4999.20
Groceries,Kellogg's,Loyal Customer,Small Stores / Shops,Senior Salesperson,734018.32,263,2790.94,524.52,4999.89
Groceries,Kellogg's,Loyal Customer,Supermarkets ,Manager,693651.45,255,2720.20,517.20,4989.67
Groceries,Kellogg's,Loyal Customer,Supermarkets ,Sales Associate,776241.43,282,2752.63,508.00,4999.73
Groceries,Kellogg's,Loyal Customer,Supermarkets ,Salesperson,812308.13,287,2830.34,519.67,4999.50
Groceries,Kellogg's,Loyal Customer,Supermarkets ,Senior Salesperson,692957.09,252,2749.83,505.38,4961.77
Groceries,Kellogg's,Occasional Shopper,Large Malls / Complexes,Manager,595103.82,224,2656.71,523.57,4977.30
Groceries,Kellogg's,Occasional Shopper,Large Malls / Complexes,Sales Associate,829569.71,292,2840.99,550.74,4979.15
Groceries,Kellogg's,Occasional Shopper,Large Malls / Complexes,Salesperson,736384.16,279,2639.37,523.14,4935.78
Groceries,Kellogg's,Occasional Shopper,Large Malls / Complexes,Senior Salesperson,703140.13,257,2735.95,511.66,4995.35
Groceries,Kellogg's,Occasional Shopper,Small Stores / Shops,Manager,755718.63,280,2699.00,502.08,4965.75
Groceries,Kellogg's,Occasional Shopper,Small Stores / Shops,Sales Associate,806572.29,296,2724.91,531.74,4992.71
Groceries,Kellogg's,Occasional Shopper,Small Stores / Shops,Salesperson,782913.04,299,2618.44,504.51,4992.48
Groceries,Kellogg's,Occasional Shopper,Small Stores / Shops,Senior Salesperson,659355.74,234,2817.76,502.74,4957.58
Groceries,Kellogg's,Occasional Shopper,Supermarkets ,Manager,800060.43,284,2817.11,554.25,4991.74
Groceries,Kellogg's,Occasional Shopper,Supermarkets ,Sales Associate,788378.08,288,2737.42,535.51,4996.77
Groceries,Kellogg's,Occasional Shopper,Supermarkets ,Salesperson,724319.88,273,2653.19,505.05,4962.69
Groceries,Kellogg's,Occasional Shopper,Supermarkets ,Senior Salesperson,732601.99,269,2723.43,511.54,4991.67
Groceries,Kellogg's,Online Shopper,Large Malls / Complexes,Manager,710061.30,259,2741.55,540.08,4986.34
Groceries,Kellogg's,Online Shopper,Large Malls / Complexes,Sales Associate,818217.63,309,2647.95,521.45,4987.53
Groceries,Kellogg's,Online Shopper,Large Malls / Complexes,Salesperson,763606.84,279,2736.94,509.93,4961.74
Groceries,Kellogg's,Online Shopper,Large Malls / Complexes,Senior Salesperson,588205.52,202,2911.91,538.81,4990.17
Groceries,Kellogg's,Online Shopper,Small Stores / Shops,Manager,806355.60,283,2849.31,514.60,4979.05
Groceries,Kellogg's,Online Shopper,Small Stores / Shops,Sales Associate,729960.20,267,2733.93,517.84,4998.79
Groceries,Kellogg's,Online Shopper,Small Stores / Shops,Salesperson,769550.04,275,2798.36,527.47,4975.92
Groceries,Kellogg's,Online Shopper,Small Stores / Shops,Senior Salesperson,756252.90,278,2720.33,505.76,4999.26
Groceries,Kellogg's,Online Shopper,Supermarkets ,Manager,622648.14,228,2730.91,500.12,4943.16
Groceries,Kellogg's,Online Shopper,Supermarkets ,Sales Associate,960749.79,349,2752.86,532.08,4985.99
Groceries,Kellogg's,Online Shopper,Supermarkets ,Salesperson,845626.82,308,2745.54,530.57,4997.53
Groceries,Kellogg's,Online Shopper,Supermarkets ,Senior Salesperson,672700.62,250,2690.80,538.49,4999.82
Groceries,Kellogg's,Premium Shopper,Large Malls / Complexes,Manager,718124.41,271,2649.91,513.24,4997.75
Groceries,Kellogg's,Premium Shopper,Large Malls / Complexes,Sales Associate,773910.08,288,2687.19,521.58,4999.51
Groceries,Kellogg's,Premium Shopper,Large Malls / Complexes,Salesperson,760592.10,268,2838.03,508.82,4999.86
Groceries,Kellogg's,Premium Shopper,Large Malls / Complexes,Senior Salesperson,689491.29,244,2825.78,517.17,4977.90
Groceries,Kellogg's,Premium Shopper,Small Stores / Shops,Manager,744752.12,279,2669.36,507.06,4967.13
Groceries,Kellogg's,Premium Shopper,Small Stores / Shops,Sales Associate,794811.50,297,2676.13,544.56,4937.16
Groceries,Kellogg's,Premium Shopper,Small Stores / Shops,Salesperson,860472.27,310,2775.72,501.56,4990.81
Groceries,Kellogg's,Premium Shopper,Small Stores / Shops,Senior Salesperson,652330.43,236,2764.11,500.73,4968.08
Groceries,Kellogg's,Premium Shopper,Supermarkets ,Manager,836460.54,303,2760.60,508.87,4986.64
Groceries,Kellogg's,Premium Shopper,Supermarkets ,Sales Associate,931705.33,334,2789.54,500.98,4961.13
Groceries,Kellogg's,Premium Shopper,Supermarkets ,Salesperson,804771.79,295,2728.04,515.13,4989.63
Groceries,Kellogg's,Premium Shopper,Supermarkets ,Senior Salesperson,679185.88,247,2749.74,509.05,4996.69
Groceries,Nestle,Budget Shopper,Large Malls / Complexes,Manager,673790.09,247,2727.90,525.18,4944.14
Groceries,Nestle,Budget Shopper,Large Malls / Complexes,Sales Associate,710622.20,260,2733.16,540.53,4995.39
Groceries,Nestle,Budget Shopper,Large Malls / Complexes,Salesperson,709908.69,263,2699.27,511.89,4991.68
Groceries,Nestle,Budget Shopper,Large Malls / Complexes,Senior Salesperson,647964.76,231,2805.04,513.45,4999.39
Groceries,Nestle,Budget Shopper,Small Stores / Shops,Manager,738434.19,262,2818.45,503.57,4968.64
Groceries,Nestle,Budget Shopper,Small Stores / Shops,Sales Associate,748519.32,289,2590.03,516.99,4982.01
Groceries,Nestle,Budget Shopper,Small Stores / Shops,Salesperson,943882.88,331,2851.61,521.22,4985.68
Groceries,Nestle,Budget Shopper,Small Stores / Shops,Senior Salesperson,670168.26,248,2702.29,505.54,4973.03
Groceries,Nestle,Budget Shopper,Supermarkets ,Manager,820765.53,301,2726.80,501.93,4987.95
Groceries,Nestle,Budget Shopper,Supermarkets ,Sales Associate,740993.24,281,2636.99,505.33,4997.60
Groceries,Nestle,Budget Shopper,Supermarkets ,Salesperson,797295.47,284,2807.38,513.15,4988.64
Groceries,Nestle,Budget Shopper,Supermarkets ,Senior Salesperson,718027.95,254,2826.88,507.50,4995.84
Groceries,Nestle,Churn Risk,Large Malls / Complexes,Manager,672951.75,242,2780.79,502.79,4988.21
Groceries,Nestle,Churn Risk,Large Malls / Complexes,Sales Associate,734702.67,272,2701.11,518.82,4998.26
Groceries,Nestle,Churn Risk,Large Malls / Complexes,Salesperson,716418.49,257,2787.62,507.32,4964.44
Groceries,Nestle,Churn Risk,Large Malls / Complexes,Senior Salesperson,595917.83,230,2590.95,502.89,4996.08
Groceries,Nestle,Churn Risk,Small Stores / Shops,Manager,715766.86,255,2806.93,556.20,4990.79
Groceries,Nestle,Churn Risk,Small Stores / Shops,Sales Associate,797814.01,287,2779.84,505.92,4966.04
Groceries,Nestle,Churn Risk,Small Stores / Shops,Salesperson,760721.88,288,2641.40,519.29,4971.01
Groceries,Nestle,Churn Risk,Small Stores / Shops,Senior Salesperson,743647.91,279,2665.40,516.07,4969.08
Groceries,Nestle,Churn Risk,Supermarkets ,Manager,797932.82,274,2912.16,506.63,4979.98
Groceries,Nestle,Churn Risk,Supermarkets ,Sales Associate,894891.14,326,2745.06,509.57,4984.12
Groceries,Nestle,Churn Risk,Supermarkets ,Salesperson,833447.26,290,2873.96,502.13,4998.94
Groceries,Nestle,Churn Risk,Supermarkets ,Senior Salesperson,726778.67,268,2711.86,558.12,4991.78
Groceries,Nestle,Deal Seeker,Large Malls / Complexes,Manager,703424.02,256,2747.75,502.46,4973.99
Groceries,Nestle,Deal Seeker,Large Malls / Complexes,Sales Associate,796748.51,289,2756.92,525.02,4992.96
Groceries,Nestle,Deal Seeker,Large Malls / Complexes,Salesperson,825046.32,292,2825.50,574.60,4990.52
Groceries,Nestle,Deal Seeker,Large Malls / Complexes,Senior Salesperson,646435.93,236,2739.14,533.33,4976.64
Groceries,Nestle,Deal Seeker,Small Stores / Shops,Manager,820531.59,280,2930.47,500.60,4999.70
Groceries,Nestle,Deal Seeker,Small Stores / Shops,Sales Associate,889122.46,317,2804.80,502.91,4989.85
Groceries,Nestle,Deal Seeker,Small Stores / Shops,Salesperson,763185.60,280,2725.66,527.42,4978.05
Groceries,Nestle,Deal Seeker,Small Stores / Shops,Senior Salesperson,652468.48,238,2741.46,518.52,4989.64
Groceries,Nestle,Deal Seeker,Supermarkets ,Manager,782850.99,288,2718.23,526.12,4975.22
Groceries,Nestle,Deal Seeker,Supermarkets ,Sales Associate,860601.69,309,2785.12,510.11,4998.90
Groceries,Nestle,Deal Seeker,Supermarkets ,Salesperson,931492.06,348,2676.70,507.76,4997.42
Groceries,Nestle,Deal Seeker,Supermarkets ,Senior Salesperson,750772.02,270,2780.64,515.37,4999.88
Groceries,Nestle,First-time Buyer,Large Malls / Complexes,Manager,749184.54,280,2675.66,521.12,4962.80
Groceries,Nestle,First-time Buyer,Large Malls / Complexes,Sales Associate,790927.28,278,2845.06,513.31,4998.08
Groceries,Nestle,First-time Buyer,Large Malls / Complexes,Salesperson,636671.32,235,2709.24,513.29,4998.49
Groceries,Nestle,First-time Buyer,Large Malls / Complexes,Senior Salesperson,704207.40,260,2708.49,599.80,4993.41
Groceries,Nestle,First-time Buyer,Small Stores / Shops,Manager,765667.63,271,2825.34,526.54,4996.36
Groceries,Nestle,First-time Buyer,Small Stores / Shops,Sales Associate,873735.86,321,2721.92,502.53,4996.32
Groceries,Nestle,First-time Buyer,Small Stores / Shops,Salesperson,688346.80,257,2678.39,504.13,4966.95
Groceries,Nestle,First-time Buyer,Small Stores / Shops,Senior Salesperson,683543.86,248,2756.23,518.94,4967.81
Groceries,Nestle,First-time Buyer,Supermarkets ,Manager,738207.98,277,2665.01,501.65,4996.80
Groceries,Nestle,First-time Buyer,Supermarkets ,Sales Associate,883469.07,325,2718.37,506.26,4997.30
Groceries,Nestle,First-time Buyer,Supermarkets ,Salesperson,764030.41,291,2625.53,508.11,4974.40
Groceries,Nestle,First-time Buyer,Supermarkets ,Senior Salesperson,616653.12,239,2580.14,511.52,4999.88
Groceries,Nestle,High Value,Large Malls / Complexes,Manager,700496.24,254,2757.86,502.21,4991.69
Groceries,Nestle,High Value,Large Malls / Complexes,Sales Associate,707055.77,258,2740.53,501.31,4983.24
Groceries,Nestle,High Value,Large Malls / Complexes,Salesperson,778376.86,281,2770.02,548.80,4936.91
Groceries,Nestle,High Value,Large Malls / Complexes,Senior Salesperson,675485.86,244,2768.38,503.45,4992.79
Groceries,Nestle,High Value,Small Stores / Shops,Manager,819338.44,298,2749.46,501.12,4996.03
Groceries,Nestle,High Value,Small Stores / Shops,Sales Associate,658208.43,255,2581.21,505.39,4986.81
Groceries,Nestle,High Value,Small Stores / Shops,Salesperson,793012.93,291,2725.13,525.87,4990.02
Groceries,Nestle,High Value,Small Stores / Shops,Senior Salesperson,739129.05,266,2778.68,523.90,4991.37
Groceries,Nestle,High Value,Supermarkets ,Manager,761998.70,296,2574.32,506.83,4974.44
Groceries,Nestle,High Value,Supermarkets ,Sales Associate,884642.37,312,2835.39,509.57,4980.46
Groceries,Nestle,High Value,Supermarkets ,Salesperson,767600.23,282,2721.99,502.46,4992.95
Groceries,Nestle,High Value,Supermarkets ,Senior Salesperson,726756.67,271,2681.76,504.15,4991.33
Groceries,Nestle,In-Store Regular,Large Malls / Complexes,Manager,760106.92,275,2764.03,504.57,4992.67
Groceries,Nestle,In-Store Regular,Large Malls / Complexes,Sales Associate,726851.25,266,2732.52,531.06,4999.92
Groceries,Nestle,In-Store Regular,Large Malls / Complexes,Salesperson,664857.84,238,2793.52,500.36,4981.58
Groceries,Nestle,In-Store Regular,Large Malls / Complexes,Senior Salesperson,627325.80,230,2727.50,519.55,4995.38
Groceries,Nestle,In-Store Regular,Small Stores / Shops,Manager,808974.33,277,2920.48,508.03,4991.95
Groceries,Nestle,In-Store Regular,Small Stores / Shops,Sales Associate,874315.35,298,2933.94,515.56,4993.12
Groceries,Nestle,In-Store Regular,Small Stores / Shops,Salesperson,888852.75,321,2769.01,514.86,4996.98
Groceries,Nestle,In-Store Regular,Small Stores / Shops,Senior Salesperson,680360.08,261,2606.74,511.13,4998.37
Groceries,Nestle,In-Store Regular,Supermarkets ,Manager,821296.56,293,2803.06,546.22,4979.90
Groceries,Nestle,In-Store Regular,Supermarkets ,Sales Associate,817257.83,295,2770.37,506.67,4982.97
Groceries,Nestle,In-Store Regular,Supermarkets ,Salesperson,806873.57,297,2716.75,507.10,4973.97
Groceries,Nestle,In-Store Regular,Supermarkets ,Senior Salesperson,679776.09,253,2686.86,500.03,4997.93
Groceries,Nestle,Loyal Customer,Large Malls / Complexes,Manager,643034.60,243,2646.23,507.54,4958.70
Groceries,Nestle,Loyal Customer,Large Malls / Complexes,Sales Associate,796657.39,284,2805.13,545.37,4972.72
Groceries,Nestle,Loyal Customer,Large Malls / Complexes,Salesperson,771151.94,262,2943.33,552.91,4997.31
Groceries,Nestle,Loyal Customer,Large Malls / Complexes,Senior Salesperson,650863.29,236,2757.90,519.60,4954.76
Groceries,Nestle,Loyal Customer,Small Stores / Shops,Manager,798895.73,282,2832.96,529.15,4987.67
Groceries,Nestle,Loyal Customer,Small Stores / Shops,Sales Associate,834692.88,289,2888.21,543.80,4994.58
Groceries,Nestle,Loyal Customer,Small Stores / Shops,Salesperson,769145.06,282,2727.46,533.47,4992.02
Groceries,Nestle,Loyal Customer,Small Stores / Shops,Senior Salesperson,644003.64,238,2705.90,504.24,4988.19
Groceries,Nestle,Loyal Customer,Supermarkets ,Manager,902316.96,317,2846.43,509.01,4991.83
Groceries,Nestle,Loyal Customer,Supermarkets ,Sales Associate,858120.41,307,2795.18,530.96,4995.79
Groceries,Nestle,Loyal Customer,Supermarkets ,Salesperson,885693.13,315,2811.72,515.84,4974.09
Groceries,Nestle,Loyal Customer,Supermarkets ,Senior Salesperson,791611.08,281,2817.12,511.48,4990.33
Groceries,Nestle,Occasional Shopper,Large Malls / Complexes,Manager,653853.58,248,2636.51,519.15,4995.36
Groceries,Nestle,Occasional Shopper,Large Malls / Complexes,Sales Associate,681014.02,248,2746.02,502.78,4984.46
Groceries,Nestle,Occasional Shopper,Large Malls / Complexes,Salesperson,764538.15,269,2842.15,518.57,4997.95
Groceries,Nestle,Occasional Shopper,Large Malls / Complexes,Senior Salesperson,639107.83,234,2731.23,503.74,4939.52
Groceries,Nestle,Occasional Shopper,Small Stores / Shops,Manager,823215.90,291,2828.92,508.73,4990.05
Groceries,Nestle,Occasional Shopper,Small Stores / Shops,Sales Associate,877775.25,312,2813.38,513.52,4986.24
Groceries,Nestle,Occasional Shopper,Small Stores / Shops,Salesperson,809812.84,298,2717.49,515.16,4974.60
Groceries,Nestle,Occasional Shopper,Small Stores / Shops,Senior Salesperson,668193.60,239,2795.79,501.97,4962.71
Groceries,Nestle,Occasional Shopper,Supermarkets ,Manager,862668.80,312,2764.96,504.45,4963.84
Groceries,Nestle,Occasional Shopper,Supermarkets ,Sales Associate,854107.36,311,2746.33,505.58,4998.22
Groceries,Nestle,Occasional Shopper,Supermarkets ,Salesperson,868867.36,317,2740.91,517.94,4985.57
Groceries,Nestle,Occasional Shopper,Supermarkets ,Senior Salesperson,730251.74,272,2684.75,533.87,4993.82
Groceries,Nestle,Online Shopper,Large Malls / Complexes,Manager,704995.50,268,2630.58,501.89,4997.02
Groceries,Nestle,Online Shopper,Large Malls / Complexes,Sales Associate,808526.31,283,2856.98,535.27,4999.06
Groceries,Nestle,Online Shopper,Large Malls / Complexes,Salesperson,711672.36,263,2705.98,501.06,4982.66
Groceries,Nestle,Online Shopper,Large Malls / Complexes,Senior Salesperson,600340.25,231,2598.88,532.60,4923.05
Groceries,Nestle,Online Shopper,Small Stores / Shops,Manager,766560.10,272,2818.24,503.73,4996.14
Groceries,Nestle,Online Shopper,Small Stores / Shops,Sales Associate,810757.48,299,2711.56,518.68,4950.10
Groceries,Nestle,Online Shopper,Small Stores / Shops,Salesperson,840982.05,303,2775.52,504.91,4980.26
Groceries,Nestle,Online Shopper,Small Stores / Shops,Senior Salesperson,699637.16,259,2701.30,522.77,4989.05
Groceries,Nestle,Online Shopper,Supermarkets ,Manager,785968.59,281,2797.04,510.47,4969.96
Groceries,Nestle,Online Shopper,Supermarkets ,Sales Associate,837387.56,312,2683.93,514.39,4997.93
Groceries,Nestle,Online Shopper,Supermarkets ,Salesperson,797720.84,290,2750.76,519.92,4982.02
Groceries,Nestle,Online Shopper,Supermarkets ,Senior Salesperson,733626.83,268,2737.41,502.24,4994.82
Groceries,Nestle,Premium Shopper,Large Malls / Complexes,Manager,614990.72,220,2795.41,554.41,4990.45
Groceries,Nestle,Premium Shopper,Large Malls / Complexes,Sales Associate,789552.75,285,2770.36,519.46,4996.99
Groceries,Nestle,Premium Shopper,Large Malls / Complexes,Salesperson,760695.14,270,2817.39,508.76,4996.20
Groceries,Nestle,Premium Shopper,Large Malls / Complexes,Senior Salesperson,709451.78,263,2697.54,509.29,4989.61
Groceries,Nestle,Premium Shopper,Small Stores / Shops,Manager,736661.09,266,2769.40,517.14,4987.05
Groceries,Nestle,Premium Shopper,Small Stores / Shops,Sales Associate,796479.25,311,2561.03,501.53,4998.48
Groceries,Nestle,Premium Shopper,Small Stores / Shops,Salesperson,836446.30,290,2884.30,505.58,4983.88
Groceries,Nestle,Premium Shopper,Small Stores / Shops,Senior Salesperson,666621.43,232,2873.37,557.51,4967.60
Groceries,Nestle,Premium Shopper,Supermarkets ,Manager,781646.46,278,2811.68,503.00,4972.66
Groceries,Nestle,Premium Shopper,Supermarkets ,Sales Associate,842258.71,306,2752.48,520.31,4983.90
Groceries,Nestle,Premium Shopper,Supermarkets ,Salesperson,812452.16,295,2754.08,502.43,4947.03
Groceries,Nestle,Premium Shopper,Supermarkets ,Senior Salesperson,753317.59,279,2700.06,509.00,4988.77
Groceries,Tata,Budget Shopper,Large Malls / Complexes,Manager,777521.03,286,2718.61,506.85,4986.26
Groceries,Tata,Budget Shopper,Large Malls / Complexes,Sales Associate,717634.50,258,2781.53,527.24,4994.92
Groceries,Tata,Budget Shopper,Large Malls / Complexes,Salesperson,747115.96,265,2819.31,538.21,4999.97
Groceries,Tata,Budget Shopper,Large Malls / Complexes,Senior Salesperson,694089.08,245,2833.02,511.92,4982.14
Groceries,Tata,Budget Shopper,Small Stores / Shops,Manager,698084.41,264,2644.26,505.58,4998.44
Groceries,Tata,Budget Shopper,Small Stores / Shops,Sales Associate,832653.85,306,2721.09,526.69,4990.44
Groceries,Tata,Budget Shopper,Small Stores / Shops,Salesperson,723612.21,282,2566.00,524.03,4984.41
Groceries,Tata,Budget Shopper,Small Stores / Shops,Senior Salesperson,727102.19,262,2775.20,522.21,4985.24
Groceries,Tata,Budget Shopper,Supermarkets ,Manager,830341.86,291,2853.41,512.58,4988.77
Groceries,Tata,Budget Shopper,Supermarkets ,Sales Associate,831944.69,312,2666.49,514.43,4996.14
Groceries,Tata,Budget Shopper,Supermarkets ,Salesperson,745003.54,283,2632.52,509.07,4989.07
Groceries,Tata,Budget Shopper,Supermarkets ,Senior Salesperson,643479.37,235,2738.21,509.60,4987.65
Groceries,Tata,Churn Risk,Large Malls / Complexes,Manager,725384.24,268,2706.66,509.00,4999.13
Groceries,Tata,Churn Risk,Large Malls / Complexes,Sales Associate,745784.78,269,2772.43,505.15,4988.24
Groceries,Tata,Churn Risk,Large Malls / Complexes,Salesperson,702552.46,248,2832.87,526.44,4983.85
Groceries,Tata,Churn Risk,Large Malls / Complexes,Senior Salesperson,640258.48,244,2624.01,507.62,4926.04
Groceries,Tata,Churn Risk,Small Stores / Shops,Manager,743570.18,271,2743.80,515.19,4978.53
Groceries,Tata,Churn Risk,Small Stores / Shops,Sales Associate,842434.09,301,2798.78,515.88,4971.79
Groceries,Tata,Churn Risk,Small Stores / Shops,Salesperson,778666.05,279,2790.92,500.47,4986.73
Groceries,Tata,Churn Risk,Small Stores / Shops,Senior Salesperson,745591.22,262,2845.77,503.98,4978.54
Groceries,Tata,Churn Risk,Supermarkets ,Manager,890165.28,319,2790.49,504.09,4965.01
Groceries,Tata,Churn Risk,Supermarkets ,Sales Associate,810540.26,300,2701.80,523.91,4993.89
Groceries,Tata,Churn Risk,Supermarkets ,Salesperson,787867.43,286,2754.78,508.57,4978.77
Groceries,Tata,Churn Risk,Supermarkets ,Senior Salesperson,689443.78,246,2802.62,520.02,4993.94
Groceries,Tata,Deal Seeker,Large Malls / Complexes,Manager,618414.60,232,2665.58,548.28,4937.12
Groceries,Tata,Deal Seeker,Large Malls / Complexes,Sales Associate,795768.10,278,2862.48,514.07,4970.44
Groceries,Tata,Deal Seeker,Large Malls / Complexes,Salesperson,740808.57,256,2893.78,507.01,4968.24
Groceries,Tata,Deal Seeker,Large Malls / Complexes,Senior Salesperson,746245.78,270,2763.87,523.95,4994.79
Groceries,Tata,Deal Seeker,Small Stores / Shops,Manager,807016.70,291,2773.25,527.38,4993.52
Groceries,Tata,Deal Seeker,Small Stores / Shops,Sales Associate,878772.01,318,2763.43,506.56,4991.91
Groceries,Tata,Deal Seeker,Small Stores / Shops,Salesperson,892793.63,324,2755.54,506.38,4989.60
Groceries,Tata,Deal Seeker,Small Stores / Shops,Senior Salesperson,727679.72,270,2695.11,504.62,4983.29
Groceries,Tata,Deal Seeker,Supermarkets ,Manager,923950.22,324,2851.70,506.12,4985.38
Groceries,Tata,Deal Seeker,Supermarkets ,Sales Associate,793290.97,289,2744.95,512.57,4983.86
Groceries,Tata,Deal Seeker,Supermarkets ,Salesperson,925298.65,330,2803.94,505.16,4992.62
Groceries,Tata,Deal Seeker,Supermarkets ,Senior Salesperson,667107.50,240,2779.61,500.33,4984.14
Groceries,Tata,First-time Buyer,Large Malls / Complexes,Manager,740810.57,268,2764.22,570.96,4981.90
Groceries,Tata,First-time Buyer,Large Malls / Complexes,Sales Associate,772245.54,281,2748.20,506.37,4975.35
Groceries,Tata,First-time Buyer,Large Malls / Complexes,Salesperson,771240.95,271,2845.91,512.51,4986.54
Groceries,Tata,First-time Buyer,Large Malls / Complexes,Senior Salesperson,694010.36,247,2809.76,501.87,4999.90
Groceries,Tata,First-time Buyer,Small Stores / Shops,Manager,770639.03,265,2908.07,571.06,4998.73
Groceries,Tata,First-time Buyer,Small Stores / Shops,Sales Associate,900798.37,326,2763.19,500.01,4962.47
Groceries,Tata,First-time Buyer,Small Stores / Shops,Salesperson,793397.38,289,2745.32,508.71,4976.65
Groceries,Tata,First-time Buyer,Small Stores / Shops,Senior Salesperson,706709.19,253,2793.32,502.02,4979.09
Groceries,Tata,First-time Buyer,Supermarkets ,Manager,864420.14,305,2834.16,519.21,4998.75
Groceries,Tata,First-time Buyer,Supermarkets ,Sales Associate,813093.60,301,2701.31,513.21,4983.94
Groceries,Tata,First-time Buyer,Supermarkets ,Salesperson,826770.67,303,2728.62,515.16,4990.58
Groceries,Tata,First-time Buyer,Supermarkets ,Senior Salesperson,690114.16,255,2706.33,526.40,4975.95
Groceries,Tata,High Value,Large Malls / Complexes,Manager,734178.69,277,2650.46,509.58,4983.18
Groceries,Tata,High Value,Large Malls / Complexes,Sales Associate,755540.79,269,2808.70,510.98,4994.67
Groceries,Tata,High Value,Large Malls / Complexes,Salesperson,761417.24,259,2939.83,520.84,4998.78
Groceries,Tata,High Value,Large Malls / Complexes,Senior Salesperson,724960.74,259,2799.08,530.70,4977.35
Groceries,Tata,High Value,Small Stores / Shops,Manager,877724.85,309,2840.53,500.83,4998.45
Groceries,Tata,High Value,Small Stores / Shops,Sales Associate,852244.52,317,2688.47,503.56,4983.92
Groceries,Tata,High Value,Small Stores / Shops,Salesperson,741189.91,285,2600.67,508.05,4992.27
Groceries,Tata,High Value,Small Stores / Shops,Senior Salesperson,705534.65,261,2703.20,512.30,4892.56
Groceries,Tata,High Value,Supermarkets ,Manager,782684.01,276,2835.81,550.55,4997.86
Groceries,Tata,High Value,Supermarkets ,Sales Associate,848109.99,309,2744.69,504.96,4951.42
Groceries,Tata,High Value,Supermarkets ,Salesperson,804185.28,285,2821.70,511.29,4999.34
Groceries,Tata,High Value,Supermarkets ,Senior Salesperson,670309.00,250,2681.24,512.98,4978.65
Groceries,Tata,In-Store Regular,Large Malls / Complexes,Manager,755037.36,266,2838.49,530.23,4997.81
Groceries,Tata,In-Store Regular,Large Malls / Complexes,Sales Associate,766657.27,280,2738.06,508.25,4982.02
Groceries,Tata,In-Store Regular,Large Malls / Complexes,Salesperson,662327.64,251,2638.76,505.51,4990.54
Groceries,Tata,In-Store Regular,Large Malls / Complexes,Senior Salesperson,680850.85,255,2670.00,507.81,4953.93
Groceries,Tata,In-Store Regular,Small Stores / Shops,Manager,767911.78,279,2752.37,558.22,4988.98
Groceries,Tata,In-Store Regular,Small Stores / Shops,Sales Associate,752285.67,295,2550.12,505.89,4989.26
Groceries,Tata,In-Store Regular,Small Stores / Shops,Salesperson,844885.61,298,2835.19,511.03,4989.67
Groceries,Tata,In-Store Regular,Small Stores / Shops,Senior Salesperson,748098.63,273,2740.29,535.72,4966.28
Groceries,Tata,In-Store Regular,Supermarkets ,Manager,690155.92,269,2565.64,502.61,4990.49
Groceries,Tata,In-Store Regular,Supermarkets ,Sales Associate,892542.17,330,2704.67,511.24,4974.69
Groceries,Tata,In-Store Regular,Supermarkets ,Salesperson,727564.91,268,2714.79,538.88,4982.83
Groceries,Tata,In-Store Regular,Supermarkets ,Senior Salesperson,723900.95,255,2838.83,504.09,4975.78
Groceries,Tata,Loyal Customer,Large Malls / Complexes,Manager,702515.27,260,2701.98,547.35,4993.32
Groceries,Tata,Loyal Customer,Large Malls / Complexes,Sales Associate,791463.53,287,2757.71,515.86,4973.34
Groceries,Tata,Loyal Customer,Large Malls / Complexes,Salesperson,749208.17,267,2806.02,506.44,4976.53
Groceries,Tata,Loyal Customer,Large Malls / Complexes,Senior Salesperson,672953.52,237,2839.47,500.32,4996.49
Groceries,Tata,Loyal Customer,Small Stores / Shops,Manager,771317.54,277,2784.54,507.25,4992.20
Groceries,Tata,Loyal Customer,Small Stores / Shops,Sales Associate,772508.47,279,2768.85,533.44,4976.96
Groceries,Tata,Loyal Customer,Small Stores / Shops,Salesperson,805247.02,290,2776.71,502.27,4996.71
Groceries,Tata,Loyal Customer,Small Stores / Shops,Senior Salesperson,767723.95,267,2875.37,514.63,4970.28
Groceries,Tata,Loyal Customer,Supermarkets ,Manager,807820.20,292,2766.51,532.56,4991.22
Groceries,Tata,Loyal Customer,Supermarkets ,Sales Associate,836927.41,289,2895.94,504.05,4982.07
Groceries,Tata,Loyal Customer,Supermarkets ,Salesperson,754485.87,284,2656.64,508.44,4990.84
Groceries,Tata,Loyal Customer,Supermarkets ,Senior Salesperson,799795.99,283,2826.13,534.37,4988.26
Groceries,Tata,Occasional Shopper,Large Malls / Complexes,Manager,736543.01,263,2800.54,507.03,4970.03
Groceries,Tata,Occasional Shopper,Large Malls / Complexes,Sales Associate,739550.35,272,2718.94,513.66,4986.61
Groceries,Tata,Occasional Shopper,Large Malls / Complexes,Salesperson,788312.70,283,2785.56,534.58,4999.06
Groceries,Tata,Occasional Shopper,Large Malls / Complexes,Senior Salesperson,743084.26,266,2793.55,504.91,4987.54
Groceries,Tata,Occasional Shopper,Small Stores / Shops,Manager,765719.12,294,2604.49,520.41,4988.90
Groceries,Tata,Occasional Shopper,Small Stores / Shops,Sales Associate,846940.34,306,2767.78,513.87,4981.03
Groceries,Tata,Occasional Shopper,Small Stores / Shops,Salesperson,773015.86,286,2702.85,500.91,4997.51
Groceries,Tata,Occasional Shopper,Small Stores / Shops,Senior Salesperson,599863.13,223,2689.97,533.71,4947.56
Groceries,Tata,Occasional Shopper,Supermarkets ,Manager,729124.41,268,2720.61,522.43,4985.27
Groceries,Tata,Occasional Shopper,Supermarkets ,Sales Associate,896334.56,322,2783.65,537.16,4989.23
Groceries,Tata,Occasional Shopper,Supermarkets ,Salesperson,894262.17,333,2685.47,547.62,4967.62
Groceries,Tata,Occasional Shopper,Supermarkets ,Senior Salesperson,760449.53,276,2755.25,534.96,4983.03
Groceries,Tata,Online Shopper,Large Malls / Complexes,Manager,752283.55,267,2817.54,501.54,4982.36
Groceries,Tata,Online Shopper,Large Malls / Complexes,Sales Associate,683671.70,253,2702.26,507.64,4984.06
Groceries,Tata,Online Shopper,Large Malls / Complexes,Salesperson,776140.88,261,2973.72,586.53,4993.08
Groceries,Tata,Online Shopper,Large Malls / Complexes,Senior Salesperson,714754.92,256,2792.01,501.39,4999.83
Groceries,Tata,Online Shopper,Small Stores / Shops,Manager,812593.97,290,2802.05,504.53,4982.96
Groceries,Tata,Online Shopper,Small Stores / Shops,Sales Associate,861029.24,301,2860.56,501.36,4983.25
Groceries,Tata,Online Shopper,Small Stores / Shops,Salesperson,761147.40,295,2580.16,532.09,4977.31
Groceries,Tata,Online Shopper,Small Stores / Shops,Senior Salesperson,664155.89,235,2826.20,589.30,4995.88
Groceries,Tata,Online Shopper,Supermarkets ,Manager,830123.23,297,2795.03,515.99,4991.77
Groceries,Tata,Online Shopper,Supermarkets ,Sales Associate,925053.89,328,2820.29,513.67,4960.79
Groceries,Tata,Online Shopper,Supermarkets ,Salesperson,729372.47,269,2711.42,505.64,4968.40
Groceries,Tata,Online Shopper,Supermarkets ,Senior Salesperson,727781.74,265,2746.35,515.94,4992.47
Groceries,Tata,Premium Shopper,Large Malls / Complexes,Manager,720837.58,260,2772.45,520.23,4956.03
Groceries,Tata,Premium Shopper,Large Malls / Complexes,Sales Associate,765120.49,276,2772.18,503.77,4998.03
Groceries,Tata,Premium Shopper,Large Malls / Complexes,Salesperson,792143.85,292,2712.82,535.84,4967.41
Groceries,Tata,Premium Shopper,Large Malls / Complexes,Senior Salesperson,691598.15,242,2857.84,511.74,4998.79
Groceries,Tata,Premium Shopper,Small Stores / Shops,Manager,758048.32,278,2726.79,551.68,4990.02
Groceries,Tata,Premium Shopper,Small Stores / Shops,Sales Associate,816943.36,300,2723.14,514.95,4999.35
Groceries,Tata,Premium Shopper,Small Stores / Shops,Salesperson,785515.66,289,2718.05,505.15,4985.73
Groceries,Tata,Premium Shopper,Small Stores / Shops,Senior Salesperson,687778.66,262,2625.11,507.01,4954.32
Groceries,Tata,Premium Shopper,Supermarkets ,Manager,799977.81,288,2777.70,500.97,4988.06
Groceries,Tata,Premium Shopper,Supermarkets ,Sales Associate,785335.52,290,2708.05,535.73,4994.23
Groceries,Tata,Premium Shopper,Supermarkets ,Salesperson,838739.89,301,2786.51,564.27,4995.65
Groceries,Tata,Premium Shopper,Supermarkets ,Senior Salesperson,628094.46,238,2639.05,510.52,4985.60
Home Appliances,Bosch,Budget Shopper,Large Malls / Complexes,Manager,744260.50,278,2677.20,505.78,4989.53
Home Appliances,Bosch,Budget Shopper,Large Malls / Complexes,Sales Associate,775037.50,272,2849.40,565.18,4987.76
Home Appliances,Bosch,Budget Shopper,Large Malls / Complexes,Salesperson,796803.82,280,2845.73,547.73,4998.98
Home Appliances,Bosch,Budget Shopper,Large Malls / Complexes,Senior Salesperson,656958.03,238,2760.33,500.71,4908.37
Home Appliances,Bosch,Budget Shopper,Small Stores / Shops,Manager,822238.75,302,2722.64,503.76,4977.07
Home Appliances,Bosch,Budget Shopper,Small Stores / Shops,Sales Associate,824972.42,298,2768.36,512.83,4976.81
Home Appliances,Bosch,Budget Shopper,Small Stores / Shops,Salesperson,801125.59,294,2724.92,507.78,4998.12
Home Appliances,Bosch,Budget Shopper,Small Stores / Shops,Senior Salesperson,707162.71,258,2740.94,500.98,4998.56
Home Appliances,Bosch,Budget Shopper,Supermarkets ,Manager,863243.74,315,2740.46,502.91,4999.80
Home Appliances,Bosch,Budget Shopper,Supermarkets ,Sales Associate,864674.72,319,2710.58,500.10,4994.19
Home Appliances,Bosch,Budget Shopper,Supermarkets ,Salesperson,811238.95,289,2807.06,506.50,4974.23
Home Appliances,Bosch,Budget Shopper,Supermarkets ,Senior Salesperson,710330.97,249,2852.73,525.01,4991.10
Home Appliances,Bosch,Churn Risk,Large Malls / Complexes,Manager,780668.37,275,2838.79,517.11,4992.97
Home Appliances,Bosch,Churn Risk,Large Malls / Complexes,Sales Associate,693327.76,264,2626.24,505.59,4985.02
Home Appliances,Bosch,Churn Risk,Large Malls / Complexes,Salesperson,783584.00,296,2647.24,541.40,4990.07
Home Appliances,Bosch,Churn Risk,Large Malls / Complexes,Senior Salesperson,620531.48,229,2709.74,509.17,4984.14
Home Appliances,Bosch,Churn Risk,Small Stores / Shops,Manager,739909.24,263,2813.34,522.32,4930.86
Home Appliances,Bosch,Churn Risk,Small Stores / Shops,Sales Associate,870953.64,316,2756.18,504.11,4995.95
Home Appliances,Bosch,Churn Risk,Small Stores / Shops,Salesperson,799137.03,280,2854.06,502.07,4982.75
Home Appliances,Bosch,Churn Risk,Small Stores / Shops,Senior Salesperson,661823.63,243,2723.55,502.75,4989.15
Home Appliances,Bosch,Churn Risk,Supermarkets ,Manager,852540.23,304,2804.41,522.25,4961.45
Home Appliances,Bosch,Churn Risk,Supermarkets ,Sales Associate,762098.96,274,2781.38,522.06,4975.88
Home Appliances,Bosch,Churn Risk,Supermarkets ,Salesperson,926500.48,325,2850.77,513.89,4968.99
Home Appliances,Bosch,Churn Risk,Supermarkets ,Senior Salesperson,699571.23,258,2711.52,521.53,4969.25
Home Appliances,Bosch,Deal Seeker,Large Malls / Complexes,Manager,739835.30,271,2730.02,500.88,4998.91
Home Appliances,Bosch,Deal Seeker,Large Malls / Complexes,Sales Associate,801188.79,307,2609.74,514.98,4996.94
Home Appliances,Bosch,Deal Seeker,Large Malls / Complexes,Salesperson,667781.13,257,2598.37,500.80,4995.05
Home Appliances,Bosch,Deal Seeker,Large Malls / Complexes,Senior Salesperson,643126.62,238,2702.21,509.29,4999.30
Home Appliances,Bosch,Deal Seeker,Small Stores / Shops,Manager,619137.06,235,2634.63,527.56,4996.02
Home Appliances,Bosch,Deal Seeker,Small Stores / Shops,Sales Associate,787094.47,282,2791.12,515.46,4997.54
Home Appliances,Bosch,Deal Seeker,Small Stores / Shops,Salesperson,875754.21,321,2728.21,521.06,4975.87
Home Appliances,Bosch,Deal Seeker,Small Stores / Shops,Senior Salesperson,680883.04,260,2618.78,502.22,4993.56
Home Appliances,Bosch,Deal Seeker,Supermarkets ,Manager,882678.35,321,2749.78,543.60,4989.14
Home Appliances,Bosch,Deal Seeker,Supermarkets ,Sales Associate,805492.82,300,2684.98,501.45,4978.86
Home Appliances,Bosch,Deal Seeker,Supermarkets ,Salesperson,862699.76,307,2810.10,502.39,4998.61
Home Appliances,Bosch,Deal Seeker,Supermarkets ,Senior Salesperson,685459.56,260,2636.38,502.77,4989.24
Home Appliances,Bosch,First-time Buyer,Large Malls / Complexes,Manager,698631.00,256,2729.03,509.99,4988.13
Home Appliances,Bosch,First-time Buyer,Large Malls / Complexes,Sales Associate,819210.79,296,2767.60,526.33,4941.38
Home Appliances,Bosch,First-time Buyer,Large Malls / Complexes,Salesperson,740983.73,265,2796.17,502.14,4998.36
Home Appliances,Bosch,First-time Buyer,Large Malls / Complexes,Senior Salesperson,618374.04,230,2688.58,536.54,4995.52
Home Appliances,Bosch,First-time Buyer,Small Stores / Shops,Manager,772797.71,283,2730.73,543.35,4978.98
Home Appliances,Bosch,First-time Buyer,Small Stores / Shops,Sales Associate,704445.50,261,2699.02,510.30,4986.75
Home Appliances,Bosch,First-time Buyer,Small Stores / Shops,Salesperson,757478.70,291,2603.02,503.20,4972.46
Home Appliances,Bosch,First-time Buyer,Small Stores / Shops,Senior Salesperson,669144.59,246,2720.10,520.64,4984.77
Home Appliances,Bosch,First-time Buyer,Supermarkets ,Manager,804098.44,297,2707.40,524.04,4937.64
Home Appliances,Bosch,First-time Buyer,Supermarkets ,Sales Associate,868504.68,321,2705.62,518.20,4985.87
Home Appliances,Bosch,First-time Buyer,Supermarkets ,Salesperson,875899.78,308,2843.83,523.58,4994.66
Home Appliances,Bosch,First-time Buyer,Supermarkets ,Senior Salesperson,708965.40,260,2726.79,507.03,4994.42
Home Appliances,Bosch,High Value,Large Malls / Complexes,Manager,773268.27,272,2842.90,501.99,4978.78
Home Appliances,Bosch,High Value,Large Malls / Complexes,Sales Associate,791980.96,291,2721.58,512.34,4989.69
Home Appliances,Bosch,High Value,Large Malls / Complexes,Salesperson,721076.50,261,2762.75,510.39,4979.06
Home Appliances,Bosch,High Value,Large Malls / Complexes,Senior Salesperson,605280.20,233,2597.77,509.24,4943.53
Home Appliances,Bosch,High Value,Small Stores / Shops,Manager,823472.00,287,2869.24,504.30,4997.76
Home Appliances,Bosch,High Value,Small Stores / Shops,Sales Associate,736494.91,274,2687.94,539.69,4948.03
Home Appliances,Bosch,High Value,Small Stores / Shops,Salesperson,778166.59,291,2674.11,506.12,4948.05
Home Appliances,Bosch,High Value,Small Stores / Shops,Senior Salesperson,623703.29,238,2620.60,505.19,4991.33
Home Appliances,Bosch,High Value,Supermarkets ,Manager,704506.71,259,2720.10,514.22,4972.08
Home Appliances,Bosch,High Value,Supermarkets ,Sales Associate,772008.33,290,2662.10,507.44,4997.47
Home Appliances,Bosch,High Value,Supermarkets ,Salesperson,807900.59,306,2640.20,500.13,4977.38
Home Appliances,Bosch,High Value,Supermarkets ,Senior Salesperson,697457.40,259,2692.89,504.23,4994.48
Home Appliances,Bosch,In-Store Regular,Large Malls / Complexes,Manager,717534.04,272,2637.99,509.54,4988.41
Home Appliances,Bosch,In-Store Regular,Large Malls / Complexes,Sales Associate,672316.10,243,2766.73,503.66,4998.96
Home Appliances,Bosch,In-Store Regular,Large Malls / Complexes,Salesperson,690994.66,251,2752.97,503.97,4961.44
Home Appliances,Bosch,In-Store Regular,Large Malls / Complexes,Senior Salesperson,684443.62,238,2875.81,507.12,4995.95
Home Appliances,Bosch,In-Store Regular,Small Stores / Shops,Manager,761373.14,286,2662.14,510.67,4985.21
Home Appliances,Bosch,In-Store Regular,Small Stores / Shops,Sales Associate,748295.94,273,2741.01,534.60,4986.66
Home Appliances,Bosch,In-Store Regular,Small Stores / Shops,Salesperson,781866.94,288,2714.82,506.06,4990.91
Home Appliances,Bosch,In-Store Regular,Small Stores / Shops,Senior Salesperson,756621.03,266,2844.44,517.19,4994.91
Home Appliances,Bosch,In-Store Regular,Supermarkets ,Manager,781781.63,292,2677.33,516.55,4964.82
Home Appliances,Bosch,In-Store Regular,Supermarkets ,Sales Associate,894207.28,334,2677.27,509.13,4992.03
Home Appliances,Bosch,In-Store Regular,Supermarkets ,Salesperson,784919.77,289,2715.99,504.57,4958.76
Home Appliances,Bosch,In-Store Regular,Supermarkets ,Senior Salesperson,730462.55,262,2788.03,501.78,4985.72
Home Appliances,Bosch,Loyal Customer,Large Malls / Complexes,Manager,630791.43,252,2503.14,529.82,4975.30
Home Appliances,Bosch,Loyal Customer,Large Malls / Complexes,Sales Associate,641838.03,249,2577.66,504.89,4998.58
Home Appliances,Bosch,Loyal Customer,Large Malls / Complexes,Salesperson,695604.26,259,2685.73,510.35,4973.61
Home Appliances,Bosch,Loyal Customer,Large Malls / Complexes,Senior Salesperson,594121.37,220,2700.55,520.54,4996.68
Home Appliances,Bosch,Loyal Customer,Small Stores / Shops,Manager,732278.65,280,2615.28,504.44,4981.27
Home Appliances,Bosch,Loyal Customer,Small Stores / Shops,Sales Associate,738044.20,272,2713.40,517.81,4980.12
Home Appliances,Bosch,Loyal Customer,Small Stores / Shops,Salesperson,835159.24,301,2774.62,513.49,4995.11
Home Appliances,Bosch,Loyal Customer,Small Stores / Shops,Senior Salesperson,669572.68,238,2813.33,514.58,4985.48
Home Appliances,Bosch,Loyal Customer,Supermarkets ,Manager,809270.09,296,2734.02,508.53,4999.32
Home Appliances,Bosch,Loyal Customer,Supermarkets ,Sales Associate,793949.74,287,2766.38,514.55,4998.09
Home Appliances,Bosch,Loyal Customer,Supermarkets ,Salesperson,843266.60,306,2755.77,502.78,4944.64
Home Appliances,Bosch,Loyal Customer,Supermarkets ,Senior Salesperson,699074.43,253,2763.14,536.37,4982.25
Home Appliances,Bosch,Occasional Shopper,Large Malls / Complexes,Manager,773452.75,285,2713.87,505.55,4984.75
Home Appliances,Bosch,Occasional Shopper,Large Malls / Complexes,Sales Associate,746767.96,267,2796.88,511.48,4998.02
Home Appliances,Bosch,Occasional Shopper,Large Malls / Complexes,Salesperson,772061.49,280,2757.36,516.63,4984.35
Home Appliances,Bosch,Occasional Shopper,Large Malls / Complexes,Senior Salesperson,690696.35,253,2730.03,549.02,4978.16
Home Appliances,Bosch,Occasional Shopper,Small Stores / Shops,Manager,756668.14,268,2823.39,508.82,4986.82
Home Appliances,Bosch,Occasional Shopper,Small Stores / Shops,Sales Associate,866446.08,308,2813.14,508.90,4978.05
Home Appliances,Bosch,Occasional Shopper,Small Stores / Shops,Salesperson,763747.11,286,2670.44,502.76,4985.30
Home Appliances,Bosch,Occasional Shopper,Small Stores / Shops,Senior Salesperson,710301.05,265,2680.38,503.29,4964.53
Home Appliances,Bosch,Occasional Shopper,Supermarkets ,Manager,713603.14,279,2557.72,543.03,4995.57
Home Appliances,Bosch,Occasional Shopper,Supermarkets ,Sales Associate,880530.20,321,2743.08,508.21,4992.17
Home Appliances,Bosch,Occasional Shopper,Supermarkets ,Salesperson,667232.28,249,2679.65,534.33,4994.65
Home Appliances,Bosch,Occasional Shopper,Supermarkets ,Senior Salesperson,713917.83,255,2799.68,500.65,4986.36
Home Appliances,Bosch,Online Shopper,Large Malls / Complexes,Manager,756725.13,284,2664.53,529.18,4996.64
Home Appliances,Bosch,Online Shopper,Large Malls / Complexes,Sales Associate,742987.64,277,2682.27,504.73,4977.45
Home Appliances,Bosch,Online Shopper,Large Malls / Complexes,Salesperson,727418.13,265,2744.97,513.98,4985.15
Home Appliances,Bosch,Online Shopper,Large Malls / Complexes,Senior Salesperson,752716.34,267,2819.16,503.05,4993.68
Home Appliances,Bosch,Online Shopper,Small Stores / Shops,Manager,774871.99,291,2662.79,523.85,4973.49
Home Appliances,Bosch,Online Shopper,Small Stores / Shops,Sales Associate,776467.09,298,2605.59,504.93,4959.27
Home Appliances,Bosch,Online Shopper,Small Stores / Shops,Salesperson,816704.14,295,2768.49,537.73,4991.17
Home Appliances,Bosch,Online Shopper,Small Stores / Shops,Senior Salesperson,710343.44,266,2670.46,581.24,4968.77
Home Appliances,Bosch,Online Shopper,Supermarkets ,Manager,896924.73,322,2785.48,519.67,4986.31
Home Appliances,Bosch,Online Shopper,Supermarkets ,Sales Associate,939713.32,344,2731.72,501.02,4945.09
Home Appliances,Bosch,Online Shopper,Supermarkets ,Salesperson,843620.32,312,2703.91,507.80,4991.75
Home Appliances,Bosch,Online Shopper,Supermarkets ,Senior Salesperson,701391.86,261,2687.33,506.58,4964.41
Home Appliances,Bosch,Premium Shopper,Large Malls / Complexes,Manager,631965.17,234,2700.71,502.49,4991.13
Home Appliances,Bosch,Premium Shopper,Large Malls / Complexes,Sales Associate,767306.97,278,2760.10,501.60,4999.74
Home Appliances,Bosch,Premium Shopper,Large Malls / Complexes,Salesperson,752933.58,277,2718.17,502.95,4991.40
Home Appliances,Bosch,Premium Shopper,Large Malls / Complexes,Senior Salesperson,632658.76,232,2726.98,529.17,4976.42
Home Appliances,Bosch,Premium Shopper,Small Stores / Shops,Manager,734423.83,269,2730.20,516.11,4998.02
Home Appliances,Bosch,Premium Shopper,Small Stores / Shops,Sales Associate,786017.45,282,2787.30,506.17,4975.23
Home Appliances,Bosch,Premium Shopper,Small Stores / Shops,Salesperson,744564.82,266,2799.12,523.67,4967.99
Home Appliances,Bosch,Premium Shopper,Small Stores / Shops,Senior Salesperson,675331.16,257,2627.75,531.94,4959.94
Home Appliances,Bosch,Premium Shopper,Supermarkets ,Manager,792060.12,277,2859.42,515.66,4994.98
Home Appliances,Bosch,Premium Shopper,Supermarkets ,Sales Associate,832289.71,316,2633.83,515.54,4993.50
Home Appliances,Bosch,Premium Shopper,Supermarkets ,Salesperson,839333.49,302,2779.25,503.29,4975.44
Home Appliances,Bosch,Premium Shopper,Supermarkets ,Senior Salesperson,748833.34,278,2693.65,507.39,4994.08
Home Appliances,Haier,Budget Shopper,Large Malls / Complexes,Manager,734527.87,269,2730.59,510.26,4979.51
Home Appliances,Haier,Budget Shopper,Large Malls / Complexes,Sales Associate,763327.89,280,2726.17,504.93,4989.51
Home Appliances,Haier,Budget Shopper,Large Malls / Complexes,Salesperson,720227.31,262,2748.96,504.57,4997.58
Home Appliances,Haier,Budget Shopper,Large Malls / Complexes,Senior Salesperson,606635.93,220,2757.44,522.46,4974.01
Home Appliances,Haier,Budget Shopper,Small Stores / Shops,Manager,806659.44,296,2725.20,500.92,4979.01
Home Appliances,Haier,Budget Shopper,Small Stores / Shops,Sales Associate,840774.98,296,2840.46,505.90,4992.52
Home Appliances,Haier,Budget Shopper,Small Stores / Shops,Salesperson,868296.36,324,2679.93,517.79,4993.37
Home Appliances,Haier,Budget Shopper,Small Stores / Shops,Senior Salesperson,656276.13,238,2757.46,541.53,4927.89
Home Appliances,Haier,Budget Shopper,Supermarkets ,Manager,748109.35,264,2833.75,553.48,4967.47
Home Appliances,Haier,Budget Shopper,Supermarkets ,Sales Associate,822227.84,298,2759.15,510.19,4997.98
Home Appliances,Haier,Budget Shopper,Supermarkets ,Salesperson,813381.22,297,2738.66,509.77,4998.49
Home Appliances,Haier,Budget Shopper,Supermarkets ,Senior Salesperson,689119.05,245,2812.73,512.52,4953.70
Home Appliances,Haier,Churn Risk,Large Malls / Complexes,Manager,767007.22,277,2768.98,501.18,4981.41
Home Appliances,Haier,Churn Risk,Large Malls / Complexes,Sales Associate,707188.06,245,2886.48,500.36,4971.13
Home Appliances,Haier,Churn Risk,Large Malls / Complexes,Salesperson,753544.53,282,2672.14,503.83,4989.39
Home Appliances,Haier,Churn Risk,Large Malls / Complexes,Senior Salesperson,625516.80,223,2805.01,521.22,4991.85
Home Appliances,Haier,Churn Risk,Small Stores / Shops,Manager,859672.25,317,2711.90,524.80,4998.05
Home Appliances,Haier,Churn Risk,Small Stores / Shops,Sales Associate,842075.42,300,2806.92,500.57,4993.47
Home Appliances,Haier,Churn Risk,Small Stores / Shops,Salesperson,770011.60,280,2750.04,506.35,4984.13
Home Appliances,Haier,Churn Risk,Small Stores / Shops,Senior Salesperson,656889.05,244,2692.17,543.23,4980.67
Home Appliances,Haier,Churn Risk,Supermarkets ,Manager,826624.87,302,2737.17,527.21,4987.09
Home Appliances,Haier,Churn Risk,Supermarkets ,Sales Associate,943081.41,343,2749.51,513.33,4998.82
Home Appliances,Haier,Churn Risk,Supermarkets ,Salesperson,711681.56,264,2695.76,500.39,4976.24
Home Appliances,Haier,Churn Risk,Supermarkets ,Senior Salesperson,688036.52,255,2698.18,540.60,4970.46
Home Appliances,Haier,Deal Seeker,Large Malls / Complexes,Manager,698453.83,260,2686.36,506.61,4996.75
Home Appliances,Haier,Deal Seeker,Large Malls / Complexes,Sales Associate,711087.73,263,2703.76,549.46,4991.37
Home Appliances,Haier,Deal Seeker,Large Malls / Complexes,Salesperson,775145.04,283,2739.03,503.14,4984.94
Home Appliances,Haier,Deal Seeker,Large Malls / Complexes,Senior Salesperson,621685.66,240,2590.36,537.07,4994.72
Home Appliances,Haier,Deal Seeker,Small Stores / Shops,Manager,782082.29,292,2678.36,502.92,4977.29
Home Appliances,Haier,Deal Seeker,Small Stores / Shops,Sales Associate,840865.96,296,2840.76,521.74,4983.83
Home Appliances,Haier,Deal Seeker,Small Stores / Shops,Salesperson,718783.75,275,2613.76,515.54,4985.81
Home Appliances,Haier,Deal Seeker,Small Stores / Shops,Senior Salesperson,657459.59,241,2728.05,500.05,4958.00
Home Appliances,Haier,Deal Seeker,Supermarkets ,Manager,837426.21,297,2819.62,511.78,4983.20
Home Appliances,Haier,Deal Seeker,Supermarkets ,Sales Associate,864328.01,328,2635.15,510.03,4989.32
Home Appliances,Haier,Deal Seeker,Supermarkets ,Salesperson,862177.29,321,2685.91,527.46,4992.11
Home Appliances,Haier,Deal Seeker,Supermarkets ,Senior Salesperson,837621.06,299,2801.41,586.50,4999.84
Home Appliances,Haier,First-time Buyer,Large Malls / Complexes,Manager,691787.86,252,2745.19,510.42,4997.95
Home Appliances,Haier,First-time Buyer,Large Malls / Complexes,Sales Associate,774645.61,282,2746.97,513.00,4996.92
Home Appliances,Haier,First-time Buyer,Large Malls / Complexes,Salesperson,748262.98,272,2750.97,508.15,4994.80
Home Appliances,Haier,First-time Buyer,Large Malls / Complexes,Senior Salesperson,638140.52,226,2823.63,521.13,4997.06
Home Appliances,Haier,First-time Buyer,Small Stores / Shops,Manager,778390.88,274,2840.84,520.83,4995.13
Home Appliances,Haier,First-time Buyer,Small Stores / Shops,Sales Associate,878044.20,307,2860.08,501.74,4996.58
Home Appliances,Haier,First-time Buyer,Small Stores / Shops,Salesperson,767033.42,276,2779.11,514.66,4960.21
Home Appliances,Haier,First-time Buyer,Small Stores / Shops,Senior Salesperson,715858.46,256,2796.32,501.03,4965.62
Home Appliances,Haier,First-time Buyer,Supermarkets ,Manager,731887.97,269,2720.77,500.00,4981.97
Home Appliances,Haier,First-time Buyer,Supermarkets ,Sales Associate,864136.30,321,2692.01,507.69,4996.89
Home Appliances,Haier,First-time Buyer,Supermarkets ,Salesperson,713577.25,256,2787.41,517.17,4970.90
Home Appliances,Haier,First-time Buyer,Supermarkets ,Senior Salesperson,765579.41,287,2667.52,537.24,4983.38
Home Appliances,Haier,High Value,Large Malls / Complexes,Manager,734099.95,268,2739.18,529.52,4964.32
Home Appliances,Haier,High Value,Large Malls / Complexes,Sales Associate,789889.73,280,2821.03,519.11,4983.64
Home Appliances,Haier,High Value,Large Malls / Complexes,Salesperson,779859.26,277,2815.38,515.80,4987.44
Home Appliances,Haier,High Value,Large Malls / Complexes,Senior Salesperson,691075.28,253,2731.52,500.33,4995.52
Home Appliances,Haier,High Value,Small Stores / Shops,Manager,878412.61,326,2694.52,516.62,4981.44
Home Appliances,Haier,High Value,Small Stores / Shops,Sales Associate,811035.55,309,2624.71,504.75,4990.35
Home Appliances,Haier,High Value,Small Stores / Shops,Salesperson,755600.53,293,2578.84,505.71,4997.95
Home Appliances,Haier,High Value,Small Stores / Shops,Senior Salesperson,665531.82,251,2651.52,534.84,4952.67
Home Appliances,Haier,High Value,Supermarkets ,Manager,759854.44,284,2675.54,515.41,4957.86
Home Appliances,Haier,High Value,Supermarkets ,Sales Associate,801898.25,289,2774.73,501.47,4974.12
Home Appliances,Haier,High Value,Supermarkets ,Salesperson,892821.63,321,2781.38,506.07,4993.02
Home Appliances,Haier,High Value,Supermarkets ,Senior Salesperson,636522.80,239,2663.28,503.66,4989.70
Home Appliances,Haier,In-Store Regular,Large Malls / Complexes,Manager,734167.97,266,2760.03,503.85,4981.42
Home Appliances,Haier,In-Store Regular,Large Malls / Complexes,Sales Associate,698848.28,248,2817.94,502.05,4988.25
Home Appliances,Haier,In-Store Regular,Large Malls / Complexes,Salesperson,785649.36,280,2805.89,501.45,4975.32
Home Appliances,Haier,In-Store Regular,Large Malls / Complexes,Senior Salesperson,674455.70,242,2787.01,531.53,4994.72
Home Appliances,Haier,In-Store Regular,Small Stores / Shops,Manager,756666.59,282,2683.21,507.20,4999.06
Home Appliances,Haier,In-Store Regular,Small Stores / Shops,Sales Associate,795732.97,289,2753.40,502.48,4997.98
Home Appliances,Haier,In-Store Regular,Small Stores / Shops,Salesperson,706379.25,273,2587.47,528.78,4992.18
Home Appliances,Haier,In-Store Regular,Small Stores / Shops,Senior Salesperson,677961.03,251,2701.04,521.62,4956.50
Home Appliances,Haier,In-Store Regular,Supermarkets ,Manager,820803.01,286,2869.94,509.50,4987.44
Home Appliances,Haier,In-Store Regular,Supermarkets ,Sales Associate,932111.29,319,2921.98,543.09,4967.47
Home Appliances,Haier,In-Store Regular,Supermarkets ,Salesperson,838237.10,289,2900.47,517.08,4989.10
Home Appliances,Haier,In-Store Regular,Supermarkets ,Senior Salesperson,704812.34,263,2679.89,531.27,4977.78
Home Appliances,Haier,Loyal Customer,Large Malls / Complexes,Manager,765458.56,270,2835.03,520.81,4987.33
Home Appliances,Haier,Loyal Customer,Large Malls / Complexes,Sales Associate,824696.95,290,2843.78,509.98,4987.30
Home Appliances,Haier,Loyal Customer,Large Malls / Complexes,Salesperson,772748.11,277,2789.70,500.27,4988.67
Home Appliances,Haier,Loyal Customer,Large Malls / Complexes,Senior Salesperson,679957.55,252,2698.24,535.25,4998.01
Home Appliances,Haier,Loyal Customer,Small Stores / Shops,Manager,741094.58,281,2637.35,510.76,4989.32
Home Appliances,Haier,Loyal Customer,Small Stores / Shops,Sales Associate,813522.79,286,2844.49,503.37,4993.77
Home Appliances,Haier,Loyal Customer,Small Stores / Shops,Salesperson,808918.83,303,2669.70,509.55,4932.52
Home Appliances,Haier,Loyal Customer,Small Stores / Shops,Senior Salesperson,761439.49,275,2768.87,530.45,4990.66
Home Appliances,Haier,Loyal Customer,Supermarkets ,Manager,822930.25,296,2780.17,534.39,4990.51
Home Appliances,Haier,Loyal Customer,Supermarkets ,Sales Associate,858470.18,315,2725.30,510.98,4998.93
Home Appliances,Haier,Loyal Customer,Supermarkets ,Salesperson,789595.63,288,2741.65,568.52,4999.91
Home Appliances,Haier,Loyal Customer,Supermarkets ,Senior Salesperson,652503.14,232,2812.51,521.41,4968.35
Home Appliances,Haier,Occasional Shopper,Large Malls / Complexes,Manager,651056.59,235,2770.45,567.45,4987.17
Home Appliances,Haier,Occasional Shopper,Large Malls / Complexes,Sales Associate,668186.16,254,2630.65,523.99,4992.76
Home Appliances,Haier,Occasional Shopper,Large Malls / Complexes,Salesperson,728410.22,267,2728.13,521.10,4959.05
Home Appliances,Haier,Occasional Shopper,Large Malls / Complexes,Senior Salesperson,663198.39,241,2751.86,518.36,4951.73
Home Appliances,Haier,Occasional Shopper,Small Stores / Shops,Manager,786597.37,280,2809.28,520.38,4975.94
Home Appliances,Haier,Occasional Shopper,Small Stores / Shops,Sales Associate,866500.48,313,2768.37,533.20,4982.47
Home Appliances,Haier,Occasional Shopper,Small Stores / Shops,Salesperson,835415.14,313,2669.06,500.66,4992.55
Home Appliances,Haier,Occasional Shopper,Small Stores / Shops,Senior Salesperson,798111.21,293,2723.93,505.24,4974.92
Home Appliances,Haier,Occasional Shopper,Supermarkets ,Manager,879194.23,312,2817.93,507.20,4994.82
Home Appliances,Haier,Occasional Shopper,Supermarkets ,Sales Associate,808800.83,303,2669.31,531.76,4949.25
Home Appliances,Haier,Occasional Shopper,Supermarkets ,Salesperson,854770.72,317,2696.44,500.69,4993.38
Home Appliances,Haier,Occasional Shopper,Supermarkets ,Senior Salesperson,730885.19,257,2843.91,544.26,4981.00
Home Appliances,Haier,Online Shopper,Large Malls / Complexes,Manager,762577.05,280,2723.49,546.45,4996.85
Home Appliances,Haier,Online Shopper,Large Malls / Complexes,Sales Associate,849126.34,309,2747.98,539.88,4992.43
Home Appliances,Haier,Online Shopper,Large Malls / Complexes,Salesperson,718724.10,257,2796.59,519.49,4961.32
Home Appliances,Haier,Online Shopper,Large Malls / Complexes,Senior Salesperson,644965.38,236,2732.90,501.55,4995.14
Home Appliances,Haier,Online Shopper,Small Stores / Shops,Manager,796731.44,287,2776.07,509.06,4978.70
Home Appliances,Haier,Online Shopper,Small Stores / Shops,Sales Associate,805659.91,294,2740.34,509.40,4974.16
Home Appliances,Haier,Online Shopper,Small Stores / Shops,Salesperson,853497.42,323,2642.41,508.10,4982.97
Home Appliances,Haier,Online Shopper,Small Stores / Shops,Senior Salesperson,691204.19,258,2679.09,506.15,4990.20
Home Appliances,Haier,Online Shopper,Supermarkets ,Manager,787468.57,283,2782.57,523.62,4986.96
Home Appliances,Haier,Online Shopper,Supermarkets ,Sales Associate,733552.36,282,2601.25,503.46,4986.22
Home Appliances,Haier,Online Shopper,Supermarkets ,Salesperson,882469.27,313,2819.39,569.14,4970.34
Home Appliances,Haier,Online Shopper,Supermarkets ,Senior Salesperson,770753.52,284,2713.92,517.12,4978.08
Home Appliances,Haier,Premium Shopper,Large Malls / Complexes,Manager,679397.16,250,2717.59,502.30,4998.92
Home Appliances,Haier,Premium Shopper,Large Malls / Complexes,Sales Associate,745182.92,278,2680.51,518.30,4997.27
Home Appliances,Haier,Premium Shopper,Large Malls / Complexes,Salesperson,747834.79,272,2749.39,510.98,4991.95
Home Appliances,Haier,Premium Shopper,Large Malls / Complexes,Senior Salesperson,678149.61,237,2861.39,529.28,4958.34
Home Appliances,Haier,Premium Shopper,Small Stores / Shops,Manager,736778.11,276,2669.49,505.85,4987.41
Home Appliances,Haier,Premium Shopper,Small Stores / Shops,Sales Associate,824709.94,285,2893.72,525.02,4992.88
Home Appliances,Haier,Premium Shopper,Small Stores / Shops,Salesperson,784253.84,283,2771.21,528.64,4995.04
Home Appliances,Haier,Premium Shopper,Small Stores / Shops,Senior Salesperson,694345.30,242,2869.20,532.46,4985.21
Home Appliances,Haier,Premium Shopper,Supermarkets ,Manager,746948.15,277,2696.56,501.91,4997.36
Home Appliances,Haier,Premium Shopper,Supermarkets ,Sales Associate,845345.27,316,2675.14,522.19,4990.47
Home Appliances,Haier,Premium Shopper,Supermarkets ,Salesperson,830986.32,297,2797.93,503.22,4998.06
Home Appliances,Haier,Premium Shopper,Supermarkets ,Senior Salesperson,728255.10,275,2648.20,501.43,4996.14
Home Appliances,LG,Budget Shopper,Large Malls / Complexes,Manager,627673.47,234,2682.37,520.96,4951.10
Home Appliances,LG,Budget Shopper,Large Malls / Complexes,Sales Associate,678990.21,265,2562.23,511.16,4960.81
Home Appliances,LG,Budget Shopper,Large Malls / Complexes,Salesperson,799597.06,285,2805.60,504.58,4983.99
Home Appliances,LG,Budget Shopper,Large Malls / Complexes,Senior Salesperson,656088.36,237,2768.31,521.75,4989.85
Home Appliances,LG,Budget Shopper,Small Stores / Shops,Manager,791069.10,280,2825.25,519.41,4969.03
Home Appliances,LG,Budget Shopper,Small Stores / Shops,Sales Associate,808993.84,282,2868.77,507.00,4949.49
Home Appliances,LG,Budget Shopper,Small Stores / Shops,Salesperson,742193.61,266,2790.20,557.94,4982.24
Home Appliances,LG,Budget Shopper,Small Stores / Shops,Senior Salesperson,646888.80,242,2673.09,525.48,4998.29
Home Appliances,LG,Budget Shopper,Supermarkets ,Manager,829053.07,295,2810.35,502.00,4970.00
Home Appliances,LG,Budget Shopper,Supermarkets ,Sales Associate,866014.87,303,2858.13,500.72,4991.58
Home Appliances,LG,Budget Shopper,Supermarkets ,Salesperson,840736.70,303,2774.71,510.56,4999.25
Home Appliances,LG,Budget Shopper,Supermarkets ,Senior Salesperson,741268.72,284,2610.10,510.91,4997.89
Home Appliances,LG,Churn Risk,Large Malls / Complexes,Manager,684548.00,260,2632.88,511.95,4985.02
Home Appliances,LG,Churn Risk,Large Malls / Complexes,Sales Associate,818966.95,297,2757.46,509.65,4991.35
Home Appliances,LG,Churn Risk,Large Malls / Complexes,Salesperson,820643.69,290,2829.81,517.97,4989.20
Home Appliances,LG,Churn Risk,Large Malls / Complexes,Senior Salesperson,674636.25,240,2810.98,509.35,4971.10
Home Appliances,LG,Churn Risk,Small Stores / Shops,Manager,782099.35,287,2725.08,511.25,4999.15
Home Appliances,LG,Churn Risk,Small Stores / Shops,Sales Associate,803075.20,300,2676.92,510.16,4992.34
Home Appliances,LG,Churn Risk,Small Stores / Shops,Salesperson,812565.93,288,2821.41,502.35,4997.94
Home Appliances,LG,Churn Risk,Small Stores / Shops,Senior Salesperson,655969.76,233,2815.32,502.45,4942.87
Home Appliances,LG,Churn Risk,Supermarkets ,Manager,745393.82,256,2911.69,529.86,4982.26
Home Appliances,LG,Churn Risk,Supermarkets ,Sales Associate,882033.18,319,2764.99,509.77,4949.15
Home Appliances,LG,Churn Risk,Supermarkets ,Salesperson,789802.98,274,2882.49,520.68,4973.57
Home Appliances,LG,Churn Risk,Supermarkets ,Senior Salesperson,696469.29,254,2742.01,524.01,4991.63
Home Appliances,LG,Deal Seeker,Large Malls / Complexes,Manager,819788.03,287,2856.40,573.99,4997.76
Home Appliances,LG,Deal Seeker,Large Malls / Complexes,Sales Associate,788023.67,279,2824.46,502.66,4996.52
Home Appliances,LG,Deal Seeker,Large Malls / Complexes,Salesperson,730064.39,267,2734.32,500.92,4962.70
Home Appliances,LG,Deal Seeker,Large Malls / Complexes,Senior Salesperson,669063.69,234,2859.25,512.86,4998.16
Home Appliances,LG,Deal Seeker,Small Stores / Shops,Manager,757598.06,286,2648.94,531.10,4993.03
Home Appliances,LG,Deal Seeker,Small Stores / Shops,Sales Associate,828380.53,302,2742.98,502.50,4977.16
Home Appliances,LG,Deal Seeker,Small Stores / Shops,Salesperson,844767.95,301,2806.54,522.24,4998.54
Home Appliances,LG,Deal Seeker,Small Stores / Shops,Senior Salesperson,657882.04,242,2718.52,561.29,4967.96
Home Appliances,LG,Deal Seeker,Supermarkets ,Manager,837148.54,304,2753.78,503.07,4996.88
Home Appliances,LG,Deal Seeker,Supermarkets ,Sales Associate,967614.07,339,2854.32,534.71,4968.49
Home Appliances,LG,Deal Seeker,Supermarkets ,Salesperson,750982.08,285,2635.02,508.76,4986.40
Home Appliances,LG,Deal Seeker,Supermarkets ,Senior Salesperson,726654.02,259,2805.61,512.65,4993.76
Home Appliances,LG,First-time Buyer,Large Malls / Complexes,Manager,782520.32,277,2824.98,544.55,4996.40
Home Appliances,LG,First-time Buyer,Large Malls / Complexes,Sales Associate,811028.98,290,2796.65,505.17,4989.29
Home Appliances,LG,First-time Buyer,Large Malls / Complexes,Salesperson,863557.52,301,2868.96,530.47,4999.75
Home Appliances,LG,First-time Buyer,Large Malls / Complexes,Senior Salesperson,643959.23,231,2787.70,502.44,4995.14
Home Appliances,LG,First-time Buyer,Small Stores / Shops,Manager,804571.73,287,2803.39,503.25,4974.00
Home Appliances,LG,First-time Buyer,Small Stores / Shops,Sales Associate,878839.08,318,2763.64,500.98,4988.31
Home Appliances,LG,First-time Buyer,Small Stores / Shops,Salesperson,733210.88,279,2628.00,527.82,4964.57
Home Appliances,LG,First-time Buyer,Small Stores / Shops,Senior Salesperson,715685.84,263,2721.24,570.33,4930.70
Home Appliances,LG,First-time Buyer,Supermarkets ,Manager,759415.31,270,2812.65,516.24,4982.69
Home Appliances,LG,First-time Buyer,Supermarkets ,Sales Associate,739917.42,259,2856.82,516.93,4981.14
Home Appliances,LG,First-time Buyer,Supermarkets ,Salesperson,894842.72,320,2796.38,506.25,4985.90
Home Appliances,LG,First-time Buyer,Supermarkets ,Senior Salesperson,682900.26,242,2821.90,508.32,4980.93
Home Appliances,LG,High Value,Large Malls / Complexes,Manager,781898.34,282,2772.69,515.90,4999.91
Home Appliances,LG,High Value,Large Malls / Complexes,Sales Associate,819953.67,296,2770.11,503.14,4999.48
Home Appliances,LG,High Value,Large Malls / Complexes,Salesperson,732482.83,260,2817.24,511.75,4998.72
Home Appliances,LG,High Value,Large Malls / Complexes,Senior Salesperson,731489.55,268,2729.44,507.63,4986.92
Home Appliances,LG,High Value,Small Stores / Shops,Manager,806561.36,301,2679.61,502.82,4983.45
Home Appliances,LG,High Value,Small Stores / Shops,Sales Associate,773975.19,292,2650.60,535.93,4972.04
Home Appliances,LG,High Value,Small Stores / Shops,Salesperson,724175.84,275,2633.37,502.77,4998.30
Home Appliances,LG,High Value,Small Stores / Shops,Senior Salesperson,740052.23,265,2792.65,513.59,4939.34
Home Appliances,LG,High Value,Supermarkets ,Manager,824413.42,296,2785.18,524.94,4971.71
Home Appliances,LG,High Value,Supermarkets ,Sales Associate,859542.04,314,2737.40,524.71,4973.71
Home Appliances,LG,High Value,Supermarkets ,Salesperson,757939.37,277,2736.24,504.80,4989.22
Home Appliances,LG,High Value,Supermarkets ,Senior Salesperson,750535.79,277,2709.52,507.56,4963.20
Home Appliances,LG,In-Store Regular,Large Malls / Complexes,Manager,656848.90,247,2659.31,527.66,4964.22
Home Appliances,LG,In-Store Regular,Large Malls / Complexes,Sales Associate,712651.37,267,2669.11,500.93,4996.86
Home Appliances,LG,In-Store Regular,Large Malls / Complexes,Salesperson,811603.02,302,2687.43,515.30,4998.42
Home Appliances,LG,In-Store Regular,Large Malls / Complexes,Senior Salesperson,620265.07,214,2898.43,543.75,4977.47
Home Appliances,LG,In-Store Regular,Small Stores / Shops,Manager,759396.37,281,2702.48,506.73,4991.27
Home Appliances,LG,In-Store Regular,Small Stores / Shops,Sales Associate,914811.55,332,2755.46,503.24,4998.01
Home Appliances,LG,In-Store Regular,Small Stores / Shops,Salesperson,754862.93,283,2667.36,523.35,4992.26
Home Appliances,LG,In-Store Regular,Small Stores / Shops,Senior Salesperson,613534.75,217,2827.35,552.95,4993.71
Home Appliances,LG,In-Store Regular,Supermarkets ,Manager,784065.03,291,2694.38,503.59,4979.01
Home Appliances,LG,In-Store Regular,Supermarkets ,Sales Associate,754939.88,266,2838.12,530.30,4989.91
Home Appliances,LG,In-Store Regular,Supermarkets ,Salesperson,805501.23,299,2693.98,523.52,4967.96
Home Appliances,LG,In-Store Regular,Supermarkets ,Senior Salesperson,691055.86,254,2720.69,510.45,4997.96
Home Appliances,LG,Loyal Customer,Large Malls / Complexes,Manager,666500.67,251,2655.38,508.14,4994.22
Home Appliances,LG,Loyal Customer,Large Malls / Complexes,Sales Associate,589073.51,229,2572.37,520.63,4956.99
Home Appliances,LG,Loyal Customer,Large Malls / Complexes,Salesperson,812614.15,290,2802.12,520.05,4994.58
Home Appliances,LG,Loyal Customer,Large Malls / Complexes,Senior Salesperson,763118.49,276,2764.92,501.49,4989.47
Home Appliances,LG,Loyal Customer,Small Stores / Shops,Manager,765879.51,288,2659.30,523.69,4982.24
Home Appliances,LG,Loyal Customer,Small Stores / Shops,Sales Associate,829083.32,299,2772.85,512.30,4990.25
Home Appliances,LG,Loyal Customer,Small Stores / Shops,Salesperson,816040.07,303,2693.20,502.80,4982.38
Home Appliances,LG,Loyal Customer,Small Stores / Shops,Senior Salesperson,814464.55,286,2847.78,508.83,4995.91
Home Appliances,LG,Loyal Customer,Supermarkets ,Manager,782125.64,280,2793.31,508.32,4981.59
Home Appliances,LG,Loyal Customer,Supermarkets ,Sales Associate,844961.50,301,2807.18,517.34,4997.12
Home Appliances,LG,Loyal Customer,Supermarkets ,Salesperson,894309.46,330,2710.03,533.46,4999.43
Home Appliances,LG,Loyal Customer,Supermarkets ,Senior Salesperson,736400.91,271,2717.35,501.38,4994.19
Home Appliances,LG,Occasional Shopper,Large Malls / Complexes,Manager,788225.51,282,2795.13,500.28,4980.25
Home Appliances,LG,Occasional Shopper,Large Malls / Complexes,Sales Associate,785137.87,283,2774.34,506.37,4994.99
Home Appliances,LG,Occasional Shopper,Large Malls / Complexes,Salesperson,790690.06,290,2726.52,505.95,4998.03
Home Appliances,LG,Occasional Shopper,Large Malls / Complexes,Senior Salesperson,648999.00,241,2692.94,527.18,4908.30
Home Appliances,LG,Occasional Shopper,Small Stores / Shops,Manager,779977.33,288,2708.25,502.61,4949.40
Home Appliances,LG,Occasional Shopper,Small Stores / Shops,Sales Associate,798940.70,279,2863.59,511.27,4979.57
Home Appliances,LG,Occasional Shopper,Small Stores / Shops,Salesperson,708663.94,273,2595.84,511.63,4995.52
Home Appliances,LG,Occasional Shopper,Small Stores / Shops,Senior Salesperson,598964.78,226,2650.29,606.18,4979.81
Home Appliances,LG,Occasional Shopper,Supermarkets ,Manager,753277.42,278,2709.63,505.89,4997.34
Home Appliances,LG,Occasional Shopper,Supermarkets ,Sales Associate,662051.92,257,2576.08,506.56,4986.16
Home Appliances,LG,Occasional Shopper,Supermarkets ,Salesperson,805409.46,295,2730.20,550.32,4992.33
Home Appliances,LG,Occasional Shopper,Supermarkets ,Senior Salesperson,669781.13,257,2606.15,523.99,4989.69
Home Appliances,LG,Online Shopper,Large Malls / Complexes,Manager,741390.98,281,2638.40,503.34,4996.22
Home Appliances,LG,Online Shopper,Large Malls / Complexes,Sales Associate,818062.42,304,2690.99,502.70,4989.59
Home Appliances,LG,Online Shopper,Large Malls / Complexes,Salesperson,828100.31,303,2733.00,526.99,4998.13
Home Appliances,LG,Online Shopper,Large Malls / Complexes,Senior Salesperson,669072.74,248,2697.87,520.51,4999.46
Home Appliances,LG,Online Shopper,Small Stores / Shops,Manager,718525.96,264,2721.69,521.82,4994.82
Home Appliances,LG,Online Shopper,Small Stores / Shops,Sales Associate,772786.17,281,2750.13,521.46,4997.61
Home Appliances,LG,Online Shopper,Small Stores / Shops,Salesperson,790213.86,297,2660.65,540.30,4990.75
Home Appliances,LG,Online Shopper,Small Stores / Shops,Senior Salesperson,734070.78,273,2688.90,520.44,4990.01
Home Appliances,LG,Online Shopper,Supermarkets ,Manager,833623.64,300,2778.75,521.21,4971.36
Home Appliances,LG,Online Shopper,Supermarkets ,Sales Associate,814956.07,308,2645.96,500.36,4984.42
Home Appliances,LG,Online Shopper,Supermarkets ,Salesperson,827683.03,294,2815.25,509.43,4998.62
Home Appliances,LG,Online Shopper,Supermarkets ,Senior Salesperson,687787.88,249,2762.20,521.32,4997.21
Home Appliances,LG,Premium Shopper,Large Malls / Complexes,Manager,810182.71,283,2862.84,521.04,4995.22
Home Appliances,LG,Premium Shopper,Large Malls / Complexes,Sales Associate,722446.67,257,2811.08,511.35,4971.92
Home Appliances,LG,Premium Shopper,Large Malls / Complexes,Salesperson,848496.58,302,2809.59,519.01,4994.98
Home Appliances,LG,Premium Shopper,Large Malls / Complexes,Senior Salesperson,696371.52,253,2752.46,560.84,4991.00
Home Appliances,LG,Premium Shopper,Small Stores / Shops,Manager,771171.83,277,2784.01,502.79,4982.85
Home Appliances,LG,Premium Shopper,Small Stores / Shops,Sales Associate,809183.19,294,2752.32,506.73,4962.93
Home Appliances,LG,Premium Shopper,Small Stores / Shops,Salesperson,800666.62,289,2770.47,503.22,4990.80
Home Appliances,LG,Premium Shopper,Small Stores / Shops,Senior Salesperson,763376.64,277,2755.87,505.30,4956.60
Home Appliances,LG,Premium Shopper,Supermarkets ,Manager,777783.74,289,2691.29,511.50,4981.76
Home Appliances,LG,Premium Shopper,Supermarkets ,Sales Associate,848801.48,301,2819.94,558.17,4989.51
Home Appliances,LG,Premium Shopper,Supermarkets ,Salesperson,829648.38,301,2756.31,526.82,4994.29
Home Appliances,LG,Premium Shopper,Supermarkets ,Senior Salesperson,657656.77,246,2673.40,516.90,4974.02
Home Appliances,Samsung,Budget Shopper,Large Malls / Complexes,Manager,694523.21,264,2630.77,504.79,4986.29
Home Appliances,Samsung,Budget Shopper,Large Malls / Complexes,Sales Associate,764352.05,273,2799.82,510.68,4997.52
Home Appliances,Samsung,Budget Shopper,Large Malls / Complexes,Salesperson,730182.21,262,2786.95,540.58,4999.90
Home Appliances,Samsung,Budget Shopper,Large Malls / Complexes,Senior Salesperson,621234.43,237,2621.24,511.76,4995.76
Home Appliances,Samsung,Budget Shopper,Small Stores / Shops,Manager,700070.76,268,2612.20,511.08,4993.34
Home Appliances,Samsung,Budget Shopper,Small Stores / Shops,Sales Associate,818145.29,307,2664.97,514.77,4998.71
Home Appliances,Samsung,Budget Shopper,Small Stores / Shops,Salesperson,707054.90,260,2719.44,514.13,4991.29
Home Appliances,Samsung,Budget Shopper,Small Stores / Shops,Senior Salesperson,667454.60,251,2659.18,504.80,4979.00
Home Appliances,Samsung,Budget Shopper,Supermarkets ,Manager,812626.48,303,2681.94,506.53,4998.07
Home Appliances,Samsung,Budget Shopper,Supermarkets ,Sales Associate,777075.21,285,2726.58,500.78,4964.87
Home Appliances,Samsung,Budget Shopper,Supermarkets ,Salesperson,708813.14,263,2695.11,500.99,4999.66
Home Appliances,Samsung,Budget Shopper,Supermarkets ,Senior Salesperson,799790.63,287,2786.73,534.79,4974.69
Home Appliances,Samsung,Churn Risk,Large Malls / Complexes,Manager,828648.35,287,2887.28,512.32,4995.77
Home Appliances,Samsung,Churn Risk,Large Malls / Complexes,Sales Associate,776084.21,283,2742.35,516.51,4986.49
Home Appliances,Samsung,Churn Risk,Large Malls / Complexes,Salesperson,697811.97,256,2725.83,503.96,4986.07
Home Appliances,Samsung,Churn Risk,Large Malls / Complexes,Senior Salesperson,593266.39,218,2721.41,545.24,4999.41
Home Appliances,Samsung,Churn Risk,Small Stores / Shops,Manager,747422.45,264,2831.15,571.15,4995.60
Home Appliances,Samsung,Churn Risk,Small Stores / Shops,Sales Associate,846604.69,309,2739.82,500.21,4986.83
Home Appliances,Samsung,Churn Risk,Small Stores / Shops,Salesperson,801597.13,284,2822.53,501.61,4978.08
Home Appliances,Samsung,Churn Risk,Small Stores / Shops,Senior Salesperson,718832.17,275,2613.94,502.25,4966.57
Home Appliances,Samsung,Churn Risk,Supermarkets ,Manager,777313.68,288,2699.01,502.11,4972.42
Home Appliances,Samsung,Churn Risk,Supermarkets ,Sales Associate,896523.52,322,2784.23,523.67,4958.34
Home Appliances,Samsung,Churn Risk,Supermarkets ,Salesperson,836673.88,287,2915.24,541.51,4985.49
Home Appliances,Samsung,Churn Risk,Supermarkets ,Senior Salesperson,766557.25,285,2689.67,503.22,4943.74
Home Appliances,Samsung,Deal Seeker,Large Malls / Complexes,Manager,788624.26,286,2757.43,500.13,4974.90
Home Appliances,Samsung,Deal Seeker,Large Malls / Complexes,Sales Associate,764772.93,284,2692.86,501.53,4952.64
Home Appliances,Samsung,Deal Seeker,Large Malls / Complexes,Salesperson,750677.46,273,2749.73,505.48,4996.68
Home Appliances,Samsung,Deal Seeker,Large Malls / Complexes,Senior Salesperson,692963.90,256,2706.89,538.29,4986.00
Home Appliances,Samsung,Deal Seeker,Small Stores / Shops,Manager,819669.01,291,2816.73,525.90,4987.17
Home Appliances,Samsung,Deal Seeker,Small Stores / Shops,Sales Associate,770362.50,272,2832.22,521.43,4961.81
Home Appliances,Samsung,Deal Seeker,Small Stores / Shops,Salesperson,860691.29,319,2698.09,509.87,4973.26
Home Appliances,Samsung,Deal Seeker,Small Stores / Shops,Senior Salesperson,710601.17,255,2786.67,512.23,4976.39
Home Appliances,Samsung,Deal Seeker,Supermarkets ,Manager,756528.32,275,2751.01,527.46,4986.26
Home Appliances,Samsung,Deal Seeker,Supermarkets ,Sales Associate,859026.77,313,2744.49,501.29,4997.89
Home Appliances,Samsung,Deal Seeker,Supermarkets ,Salesperson,796715.02,294,2709.92,536.64,4998.46
Home Appliances,Samsung,Deal Seeker,Supermarkets ,Senior Salesperson,672277.04,237,2836.61,500.36,4998.67
Home Appliances,Samsung,First-time Buyer,Large Malls / Complexes,Manager,719243.53,262,2745.20,514.66,4979.55
Home Appliances,Samsung,First-time Buyer,Large Malls / Complexes,Sales Associate,734788.84,271,2711.40,508.07,4962.25
Home Appliances,Samsung,First-time Buyer,Large Malls / Complexes,Salesperson,695546.42,258,2695.92,513.81,4990.26
Home Appliances,Samsung,First-time Buyer,Large Malls / Complexes,Senior Salesperson,686216.61,252,2723.08,519.43,4999.73
Home Appliances,Samsung,First-time Buyer,Small Stores / Shops,Manager,826608.64,302,2737.11,500.15,4982.74
Home Appliances,Samsung,First-time Buyer,Small Stores / Shops,Sales Associate,822713.48,282,2917.42,506.58,4999.45
Home Appliances,Samsung,First-time Buyer,Small Stores / Shops,Salesperson,834987.89,305,2737.67,516.99,4994.43
Home Appliances,Samsung,First-time Buyer,Small Stores / Shops,Senior Salesperson,614497.85,241,2549.78,510.87,4942.95
Home Appliances,Samsung,First-time Buyer,Supermarkets ,Manager,770604.69,294,2621.10,504.10,4953.10
Home Appliances,Samsung,First-time Buyer,Supermarkets ,Sales Associate,842252.08,297,2835.87,504.91,4978.20
Home Appliances,Samsung,First-time Buyer,Supermarkets ,Salesperson,808792.28,296,2732.41,521.59,4958.48
Home Appliances,Samsung,First-time Buyer,Supermarkets ,Senior Salesperson,658591.49,249,2644.95,503.95,4974.22
Home Appliances,Samsung,High Value,Large Malls / Complexes,Manager,709572.27,255,2782.64,510.49,4972.39
Home Appliances,Samsung,High Value,Large Malls / Complexes,Sales Associate,745950.36,279,2673.66,519.51,4985.80
Home Appliances,Samsung,High Value,Large Malls / Complexes,Salesperson,763019.90,286,2667.90,512.94,4991.07
Home Appliances,Samsung,High Value,Large Malls / Complexes,Senior Salesperson,659680.87,247,2670.77,511.13,4999.37
Home Appliances,Samsung,High Value,Small Stores / Shops,Manager,864881.34,325,2661.17,502.76,4998.14
Home Appliances,Samsung,High Value,Small Stores / Shops,Sales Associate,821797.89,300,2739.33,503.72,4999.98
Home Appliances,Samsung,High Value,Small Stores / Shops,Salesperson,764138.04,298,2564.22,503.38,4993.32
Home Appliances,Samsung,High Value,Small Stores / Shops,Senior Salesperson,713498.45,255,2798.03,520.70,4994.38
Home Appliances,Samsung,High Value,Supermarkets ,Manager,893300.79,315,2835.88,515.93,4967.30
Home Appliances,Samsung,High Value,Supermarkets ,Sales Associate,772945.82,292,2647.07,515.70,4988.95
Home Appliances,Samsung,High Value,Supermarkets ,Salesperson,733336.07,264,2777.79,510.76,4991.58
Home Appliances,Samsung,High Value,Supermarkets ,Senior Salesperson,654648.17,248,2639.71,504.82,4983.81
Home Appliances,Samsung,In-Store Regular,Large Malls / Complexes,Manager,639643.40,232,2757.08,506.87,4984.33
Home Appliances,Samsung,In-Store Regular,Large Malls / Complexes,Sales Associate,955238.20,333,2868.58,512.41,4991.38
Home Appliances,Samsung,In-Store Regular,Large Malls / Complexes,Salesperson,731908.19,271,2700.77,520.73,4963.71
Home Appliances,Samsung,In-Store Regular,Large Malls / Complexes,Senior Salesperson,657283.35,237,2773.35,505.94,4997.84
Home Appliances,Samsung,In-Store Regular,Small Stores / Shops,Manager,790039.90,296,2669.05,506.78,4990.81
Home Appliances,Samsung,In-Store Regular,Small Stores / Shops,Sales Associate,834803.24,303,2755.13,523.67,4980.77
Home Appliances,Samsung,In-Store Regular,Small Stores / Shops,Salesperson,835377.10,317,2635.26,504.11,4978.71
Home Appliances,Samsung,In-Store Regular,Small Stores / Shops,Senior Salesperson,660896.66,242,2730.98,505.73,4949.54
Home Appliances,Samsung,In-Store Regular,Supermarkets ,Manager,739767.89,270,2739.88,516.82,4951.82
Home Appliances,Samsung,In-Store Regular,Supermarkets ,Sales Associate,778916.14,283,2752.35,503.09,4983.16
Home Appliances,Samsung,In-Store Regular,Supermarkets ,Salesperson,801939.85,281,2853.88,572.96,4990.57
Home Appliances,Samsung,In-Store Regular,Supermarkets ,Senior Salesperson,690202.75,249,2771.90,505.98,4999.21
Home Appliances,Samsung,Loyal Customer,Large Malls / Complexes,Manager,806809.47,287,2811.18,500.90,4998.26
Home Appliances,Samsung,Loyal Customer,Large Malls / Complexes,Sales Associate,783459.64,286,2739.37,533.32,4996.07
Home Appliances,Samsung,Loyal Customer,Large Malls / Complexes,Salesperson,741645.71,272,2726.64,513.98,4990.98
Home Appliances,Samsung,Loyal Customer,Large Malls / Complexes,Senior Salesperson,613547.24,222,2763.73,531.07,4955.28
Home Appliances,Samsung,Loyal Customer,Small Stores / Shops,Manager,759753.00,273,2782.98,500.93,4996.94
Home Appliances,Samsung,Loyal Customer,Small Stores / Shops,Sales Associate,835179.40,304,2747.30,500.38,4991.19
Home Appliances,Samsung,Loyal Customer,Small Stores / Shops,Salesperson,746657.60,277,2695.51,547.19,4998.87
Home Appliances,Samsung,Loyal Customer,Small Stores / Shops,Senior Salesperson,707819.78,251,2820.00,500.17,4999.22
Home Appliances,Samsung,Loyal Customer,Supermarkets ,Manager,858270.61,307,2795.67,543.80,4988.95
Home Appliances,Samsung,Loyal Customer,Supermarkets ,Sales Associate,870044.31,305,2852.60,500.68,4996.11
Home Appliances,Samsung,Loyal Customer,Supermarkets ,Salesperson,805335.75,280,2876.20,503.00,4977.21
Home Appliances,Samsung,Loyal Customer,Supermarkets ,Senior Salesperson,745861.18,262,2846.80,533.99,4997.26
Home Appliances,Samsung,Occasional Shopper,Large Malls / Complexes,Manager,745615.43,274,2721.22,505.77,4968.62
Home Appliances,Samsung,Occasional Shopper,Large Malls / Complexes,Sales Associate,876506.60,322,2722.07,516.28,4995.39
Home Appliances,Samsung,Occasional Shopper,Large Malls / Complexes,Salesperson,860183.93,298,2886.52,565.70,4992.38
Home Appliances,Samsung,Occasional Shopper,Large Malls / Complexes,Senior Salesperson,661376.72,236,2802.44,553.51,4990.36
Home Appliances,Samsung,Occasional Shopper,Small Stores / Shops,Manager,853389.59,301,2835.18,506.66,4997.28
Home Appliances,Samsung,Occasional Shopper,Small Stores / Shops,Sales Associate,768843.48,278,2765.62,509.09,4988.35
Home Appliances,Samsung,Occasional Shopper,Small Stores / Shops,Salesperson,898882.68,313,2871.83,500.09,4982.68
Home Appliances,Samsung,Occasional Shopper,Small Stores / Shops,Senior Salesperson,638181.17,240,2659.09,515.84,4963.41
Home Appliances,Samsung,Occasional Shopper,Supermarkets ,Manager,857573.76,310,2766.37,510.14,4996.60
Home Appliances,Samsung,Occasional Shopper,Supermarkets ,Sales Associate,895605.25,310,2889.05,514.98,4996.45
Home Appliances,Samsung,Occasional Shopper,Supermarkets ,Salesperson,835641.27,318,2627.80,524.69,4989.79
Home Appliances,Samsung,Occasional Shopper,Supermarkets ,Senior Salesperson,703627.38,266,2645.22,522.05,4996.35
Home Appliances,Samsung,Online Shopper,Large Malls / Complexes,Manager,798974.47,284,2813.29,503.07,4977.03
Home Appliances,Samsung,Online Shopper,Large Malls / Complexes,Sales Associate,782404.55,279,2804.32,546.80,4990.93
Home Appliances,Samsung,Online Shopper,Large Malls / Complexes,Salesperson,753131.93,270,2789.38,511.32,4975.33
Home Appliances,Samsung,Online Shopper,Large Malls / Complexes,Senior Salesperson,715038.03,254,2815.11,587.34,4999.94
Home Appliances,Samsung,Online Shopper,Small Stores / Shops,Manager,758108.53,279,2717.23,520.60,4992.13
Home Appliances,Samsung,Online Shopper,Small Stores / Shops,Sales Associate,862327.50,308,2799.76,520.00,4939.56
Home Appliances,Samsung,Online Shopper,Small Stores / Shops,Salesperson,860495.52,314,2740.43,503.09,4999.87
Home Appliances,Samsung,Online Shopper,Small Stores / Shops,Senior Salesperson,666397.07,245,2719.99,505.48,4974.65
Home Appliances,Samsung,Online Shopper,Supermarkets ,Manager,850704.99,291,2923.38,505.92,4988.82
Home Appliances,Samsung,Online Shopper,Supermarkets ,Sales Associate,785386.46,291,2698.92,516.42,4961.54
Home Appliances,Samsung,Online Shopper,Supermarkets ,Salesperson,788715.26,288,2738.59,533.62,4980.26
Home Appliances,Samsung,Online Shopper,Supermarkets ,Senior Salesperson,811291.61,295,2750.14,531.52,4972.26
Home Appliances,Samsung,Premium Shopper,Large Malls / Complexes,Manager,714083.85,259,2757.08,521.28,4994.73
Home Appliances,Samsung,Premium Shopper,Large Malls / Complexes,Sales Associate,778834.25,270,2884.57,508.20,4993.63
Home Appliances,Samsung,Premium Shopper,Large Malls / Complexes,Salesperson,819246.45,302,2712.74,523.64,4988.95
Home Appliances,Samsung,Premium Shopper,Large Malls / Complexes,Senior Salesperson,637898.27,223,2860.53,511.75,4992.51
Home Appliances,Samsung,Premium Shopper,Small Stores / Shops,Manager,740166.22,265,2793.08,527.27,4993.19
Home Appliances,Samsung,Premium Shopper,Small Stores / Shops,Sales Associate,777653.30,282,2757.64,513.99,4994.43
Home Appliances,Samsung,Premium Shopper,Small Stores / Shops,Salesperson,699898.84,261,2681.60,514.45,4994.34
Home Appliances,Samsung,Premium Shopper,Small Stores / Shops,Senior Salesperson,731307.79,262,2791.25,501.06,4996.29
Home Appliances,Samsung,Premium Shopper,Supermarkets ,Manager,798047.46,300,2660.16,514.22,4994.05
Home Appliances,Samsung,Premium Shopper,Supermarkets ,Sales Associate,818690.58,292,2803.73,504.47,4995.18
Home Appliances,Samsung,Premium Shopper,Supermarkets ,Salesperson,781992.66,293,2668.92,531.02,4975.60
Home Appliances,Samsung,Premium Shopper,Supermarkets ,Senior Salesperson,775287.61,269,2882.11,517.61,4997.66
Home Appliances,Whirlpool,Budget Shopper,Large Malls / Complexes,Manager,741068.84,258,2872.36,505.48,4999.74
Home Appliances,Whirlpool,Budget Shopper,Large Malls / Complexes,Sales Associate,739650.11,261,2833.91,515.30,4983.61
Home Appliances,Whirlpool,Budget Shopper,Large Malls / Complexes,Salesperson,758177.35,285,2660.27,500.61,4984.36
Home Appliances,Whirlpool,Budget Shopper,Large Malls / Complexes,Senior Salesperson,647387.28,247,2621.00,524.22,4971.17
Home Appliances,Whirlpool,Budget Shopper,Small Stores / Shops,Manager,738223.77,278,2655.48,541.99,4987.36
Home Appliances,Whirlpool,Budget Shopper,Small Stores / Shops,Sales Associate,831702.91,297,2800.35,510.66,4999.78
Home Appliances,Whirlpool,Budget Shopper,Small Stores / Shops,Salesperson,806621.94,289,2791.08,538.12,4985.89
Home Appliances,Whirlpool,Budget Shopper,Small Stores / Shops,Senior Salesperson,709023.64,256,2769.62,566.37,4991.05
Home Appliances,Whirlpool,Budget Shopper,Supermarkets ,Manager,814183.21,291,2797.88,515.54,4999.93
Home Appliances,Whirlpool,Budget Shopper,Supermarkets ,Sales Associate,814488.13,301,2705.94,501.38,4995.20
Home Appliances,Whirlpool,Budget Shopper,Supermarkets ,Salesperson,812256.37,300,2707.52,544.34,4943.93
Home Appliances,Whirlpool,Budget Shopper,Supermarkets ,Senior Salesperson,768939.06,280,2746.21,574.40,4999.12
Home Appliances,Whirlpool,Churn Risk,Large Malls / Complexes,Manager,730707.86,262,2788.96,517.46,4978.62
Home Appliances,Whirlpool,Churn Risk,Large Malls / Complexes,Sales Associate,730285.02,268,2724.94,529.38,4985.00
Home Appliances,Whirlpool,Churn Risk,Large Malls / Complexes,Salesperson,763836.33,279,2737.76,505.86,4926.38
Home Appliances,Whirlpool,Churn Risk,Large Malls / Complexes,Senior Salesperson,670773.58,248,2704.73,505.17,4973.97
Home Appliances,Whirlpool,Churn Risk,Small Stores / Shops,Manager,804050.50,295,2725.59,503.94,4998.46
Home Appliances,Whirlpool,Churn Risk,Small Stores / Shops,Sales Associate,854647.96,304,2811.34,501.49,4995.40
Home Appliances,Whirlpool,Churn Risk,Small Stores / Shops,Salesperson,804337.40,287,2802.57,555.38,4995.35
Home Appliances,Whirlpool,Churn Risk,Small Stores / Shops,Senior Salesperson,710486.97,244,2911.83,507.69,4990.53
Home Appliances,Whirlpool,Churn Risk,Supermarkets ,Manager,751486.65,280,2683.88,519.06,4962.69
Home Appliances,Whirlpool,Churn Risk,Supermarkets ,Sales Associate,726053.08,270,2689.09,508.23,4996.45
Home Appliances,Whirlpool,Churn Risk,Supermarkets ,Salesperson,784448.37,290,2704.99,525.79,4999.29
Home Appliances,Whirlpool,Churn Risk,Supermarkets ,Senior Salesperson,631356.10,227,2781.30,522.47,4997.60
Home Appliances,Whirlpool,Deal Seeker,Large Malls / Complexes,Manager,805939.73,289,2788.72,501.18,4965.23
Home Appliances,Whirlpool,Deal Seeker,Large Malls / Complexes,Sales Associate,772523.36,287,2691.72,502.08,4980.77
Home Appliances,Whirlpool,Deal Seeker,Large Malls / Complexes,Salesperson,786589.74,282,2789.33,510.32,4995.61
Home Appliances,Whirlpool,Deal Seeker,Large Malls / Complexes,Senior Salesperson,586115.08,226,2593.43,522.46,4998.83
Home Appliances,Whirlpool,Deal Seeker,Small Stores / Shops,Manager,802888.66,289,2778.16,582.65,4996.07
Home Appliances,Whirlpool,Deal Seeker,Small Stores / Shops,Sales Associate,669301.94,254,2635.05,511.24,4993.14
Home Appliances,Whirlpool,Deal Seeker,Small Stores / Shops,Salesperson,857601.80,311,2757.56,515.22,4998.50
Home Appliances,Whirlpool,Deal Seeker,Small Stores / Shops,Senior Salesperson,725913.81,267,2718.78,505.82,4998.33
Home Appliances,Whirlpool,Deal Seeker,Supermarkets ,Manager,797306.29,279,2857.73,519.85,4982.97
Home Appliances,Whirlpool,Deal Seeker,Supermarkets ,Sales Associate,934182.44,334,2796.95,501.35,4999.38
Home Appliances,Whirlpool,Deal Seeker,Supermarkets ,Salesperson,819536.41,299,2740.92,511.34,4986.50
Home Appliances,Whirlpool,Deal Seeker,Supermarkets ,Senior Salesperson,787340.57,278,2832.16,515.27,4997.83
Home Appliances,Whirlpool,First-time Buyer,Large Malls / Complexes,Manager,751560.73,272,2763.09,516.98,4977.28
Home Appliances,Whirlpool,First-time Buyer,Large Malls / Complexes,Sales Associate,813205.01,294,2766.00,544.80,4945.87
Home Appliances,Whirlpool,First-time Buyer,Large Malls / Complexes,Salesperson,734792.06,267,2752.03,538.50,4980.20
Home Appliances,Whirlpool,First-time Buyer,Large Malls / Complexes,Senior Salesperson,603170.52,219,2754.20,533.46,4997.98
Home Appliances,Whirlpool,First-time Buyer,Small Stores / Shops,Manager,806109.35,283,2848.44,557.15,4994.70
Home Appliances,Whirlpool,First-time Buyer,Small Stores / Shops,Sales Associate,822599.95,298,2760.40,502.03,4996.10
Home Appliances,Whirlpool,First-time Buyer,Small Stores / Shops,Salesperson,728648.72,284,2565.66,503.99,4972.70
Home Appliances,Whirlpool,First-time Buyer,Small Stores / Shops,Senior Salesperson,635833.90,241,2638.31,518.01,4983.95
Home Appliances,Whirlpool,First-time Buyer,Supermarkets ,Manager,796123.40,287,2773.95,515.00,4953.26
Home Appliances,Whirlpool,First-time Buyer,Supermarkets ,Sales Associate,778032.09,276,2818.96,502.66,4992.88
Home Appliances,Whirlpool,First-time Buyer,Supermarkets ,Salesperson,834001.42,303,2752.48,513.70,4989.31
Home Appliances,Whirlpool,First-time Buyer,Supermarkets ,Senior Salesperson,651804.30,247,2638.88,527.51,4991.14
Home Appliances,Whirlpool,High Value,Large Malls / Complexes,Manager,770881.00,275,2803.20,541.92,4983.73
Home Appliances,Whirlpool,High Value,Large Malls / Complexes,Sales Associate,698123.89,263,2654.46,536.62,4991.51
Home Appliances,Whirlpool,High Value,Large Malls / Complexes,Salesperson,662521.54,245,2704.17,519.49,4985.58
Home Appliances,Whirlpool,High Value,Large Malls / Complexes,Senior Salesperson,648535.95,241,2691.02,517.05,4984.95
Home Appliances,Whirlpool,High Value,Small Stores / Shops,Manager,806632.23,287,2810.57,509.23,4996.41
Home Appliances,Whirlpool,High Value,Small Stores / Shops,Sales Associate,818153.73,307,2665.00,514.21,4998.01
Home Appliances,Whirlpool,High Value,Small Stores / Shops,Salesperson,811084.54,302,2685.71,500.69,4999.73
Home Appliances,Whirlpool,High Value,Small Stores / Shops,Senior Salesperson,702764.87,257,2734.49,500.21,4990.56
Home Appliances,Whirlpool,High Value,Supermarkets ,Manager,831423.58,293,2837.62,505.46,4998.56
Home Appliances,Whirlpool,High Value,Supermarkets ,Sales Associate,824192.47,294,2803.38,513.05,4997.77
Home Appliances,Whirlpool,High Value,Supermarkets ,Salesperson,839981.84,318,2641.45,501.53,4972.88
Home Appliances,Whirlpool,High Value,Supermarkets ,Senior Salesperson,778594.34,276,2820.99,512.82,4990.86
Home Appliances,Whirlpool,In-Store Regular,Large Malls / Complexes,Manager,751903.63,270,2784.83,570.02,4990.42
Home Appliances,Whirlpool,In-Store Regular,Large Malls / Complexes,Sales Associate,785013.74,293,2679.23,528.21,4995.63
Home Appliances,Whirlpool,In-Store Regular,Large Malls / Complexes,Salesperson,753040.50,261,2885.21,518.48,4975.40
Home Appliances,Whirlpool,In-Store Regular,Large Malls / Complexes,Senior Salesperson,686547.06,271,2533.38,502.82,4979.73
Home Appliances,Whirlpool,In-Store Regular,Small Stores / Shops,Manager,792273.47,291,2722.59,502.61,4985.89
Home Appliances,Whirlpool,In-Store Regular,Small Stores / Shops,Sales Associate,867663.52,314,2763.26,504.55,4976.71
Home Appliances,Whirlpool,In-Store Regular,Small Stores / Shops,Salesperson,786817.66,308,2554.60,515.06,4976.26
Home Appliances,Whirlpool,In-Store Regular,Small Stores / Shops,Senior Salesperson,741985.56,262,2832.01,532.74,4976.73
Home Appliances,Whirlpool,In-Store Regular,Supermarkets ,Manager,767577.96,285,2693.26,517.06,4997.74
Home Appliances,Whirlpool,In-Store Regular,Supermarkets ,Sales Associate,838406.22,306,2739.89,506.56,4986.26
Home Appliances,Whirlpool,In-Store Regular,Supermarkets ,Salesperson,856098.50,314,2726.43,516.93,4986.23
Home Appliances,Whirlpool,In-Store Regular,Supermarkets ,Senior Salesperson,759548.95,282,2693.44,508.60,4979.16
Home Appliances,Whirlpool,Loyal Customer,Large Malls / Complexes,Manager,762893.70,276,2764.11,504.46,4960.84
Home Appliances,Whirlpool,Loyal Customer,Large Malls / Complexes,Sales Associate,760799.80,285,2669.47,526.31,4987.28
Home Appliances,Whirlpool,Loyal Customer,Large Malls / Complexes,Salesperson,680413.26,239,2846.92,510.14,4990.13
Home Appliances,Whirlpool,Loyal Customer,Large Malls / Complexes,Senior Salesperson,691315.25,246,2810.22,558.99,4965.02
Home Appliances,Whirlpool,Loyal Customer,Small Stores / Shops,Manager,821970.60,316,2601.17,502.22,4994.77
Home Appliances,Whirlpool,Loyal Customer,Small Stores / Shops,Sales Associate,804955.44,297,2710.29,507.26,4981.80
Home Appliances,Whirlpool,Loyal Customer,Small Stores / Shops,Salesperson,761167.16,275,2767.88,528.28,4991.05
Home Appliances,Whirlpool,Loyal Customer,Small Stores / Shops,Senior Salesperson,612117.19,233,2627.11,510.60,4997.51
Home Appliances,Whirlpool,Loyal Customer,Supermarkets ,Manager,791514.41,292,2710.67,505.93,4999.75
Home Appliances,Whirlpool,Loyal Customer,Supermarkets ,Sales Associate,831410.91,311,2673.35,502.35,4924.16
Home Appliances,Whirlpool,Loyal Customer,Supermarkets ,Salesperson,923169.13,326,2831.81,513.69,4998.39
Home Appliances,Whirlpool,Loyal Customer,Supermarkets ,Senior Salesperson,772246.35,272,2839.14,530.99,4989.89
Home Appliances,Whirlpool,Occasional Shopper,Large Malls / Complexes,Manager,771148.21,282,2734.57,505.95,4996.93
Home Appliances,Whirlpool,Occasional Shopper,Large Malls / Complexes,Sales Associate,887399.50,312,2844.23,514.22,4998.47
Home Appliances,Whirlpool,Occasional Shopper,Large Malls / Complexes,Salesperson,786868.84,283,2780.46,504.46,4988.43
Home Appliances,Whirlpool,Occasional Shopper,Large Malls / Complexes,Senior Salesperson,639738.59,244,2621.88,507.53,4986.53
Home Appliances,Whirlpool,Occasional Shopper,Small Stores / Shops,Manager,903924.09,312,2897.19,517.92,4997.45
Home Appliances,Whirlpool,Occasional Shopper,Small Stores / Shops,Sales Associate,817969.72,308,2655.75,512.04,4959.02
Home Appliances,Whirlpool,Occasional Shopper,Small Stores / Shops,Salesperson,779946.88,283,2756.00,501.62,4989.37
Home Appliances,Whirlpool,Occasional Shopper,Small Stores / Shops,Senior Salesperson,713808.01,251,2843.86,500.44,4997.90
Home Appliances,Whirlpool,Occasional Shopper,Supermarkets ,Manager,748407.59,281,2663.37,525.51,4915.99
Home Appliances,Whirlpool,Occasional Shopper,Supermarkets ,Sales Associate,759443.02,276,2751.61,520.19,4998.18
Home Appliances,Whirlpool,Occasional Shopper,Supermarkets ,Salesperson,825799.52,304,2716.45,532.75,4999.48
Home Appliances,Whirlpool,Occasional Shopper,Supermarkets ,Senior Salesperson,813513.12,283,2874.60,510.70,4992.61
Home Appliances,Whirlpool,Online Shopper,Large Malls / Complexes,Manager,692170.58,259,2672.47,538.10,4963.72
Home Appliances,Whirlpool,Online Shopper,Large Malls / Complexes,Sales Associate,842100.17,305,2760.98,526.07,4987.43
Home Appliances,Whirlpool,Online Shopper,Large Malls / Complexes,Salesperson,728335.22,273,2667.89,528.14,4963.63
Home Appliances,Whirlpool,Online Shopper,Large Malls / Complexes,Senior Salesperson,760650.52,267,2848.88,549.41,4994.29
Home Appliances,Whirlpool,Online Shopper,Small Stores / Shops,Manager,802436.94,296,2710.94,506.90,4974.20
Home Appliances,Whirlpool,Online Shopper,Small Stores / Shops,Sales Associate,835598.77,293,2851.87,504.40,4995.37
Home Appliances,Whirlpool,Online Shopper,Small Stores / Shops,Salesperson,768648.56,276,2784.96,556.66,4993.50
Home Appliances,Whirlpool,Online Shopper,Small Stores / Shops,Senior Salesperson,699578.86,241,2902.82,507.56,4961.79
Home Appliances,Whirlpool,Online Shopper,Supermarkets ,Manager,831295.57,294,2827.54,511.77,4987.19
Home Appliances,Whirlpool,Online Shopper,Supermarkets ,Sales Associate,892418.34,317,2815.20,518.73,4989.56
Home Appliances,Whirlpool,Online Shopper,Supermarkets ,Salesperson,779831.34,294,2652.49,517.98,4974.50
Home Appliances,Whirlpool,Online Shopper,Supermarkets ,Senior Salesperson,723833.44,253,2861.00,511.13,4967.44
Home Appliances,Whirlpool,Premium Shopper,Large Malls / Complexes,Manager,742520.48,267,2780.98,510.64,4979.35
Home Appliances,Whirlpool,Premium Shopper,Large Malls / Complexes,Sales Associate,776935.95,289,2688.36,504.31,4974.53
Home Appliances,Whirlpool,Premium Shopper,Large Malls / Complexes,Salesperson,739093.58,261,2831.78,524.09,4995.58
Home Appliances,Whirlpool,Premium Shopper,Large Malls / Complexes,Senior Salesperson,683450.90,244,2801.03,594.93,4997.57
Home Appliances,Whirlpool,Premium Shopper,Small Stores / Shops,Manager,685557.30,257,2667.54,519.86,4958.41
Home Appliances,Whirlpool,Premium Shopper,Small Stores / Shops,Sales Associate,763949.79,283,2699.47,528.52,4991.62
Home Appliances,Whirlpool,Premium Shopper,Small Stores / Shops,Salesperson,778566.31,282,2760.87,512.82,4986.45
Home Appliances,Whirlpool,Premium Shopper,Small Stores / Shops,Senior Salesperson,715093.15,254,2815.33,505.09,4988.39
Home Appliances,Whirlpool,Premium Shopper,Supermarkets ,Manager,747358.58,281,2659.64,506.46,4995.53
Home Appliances,Whirlpool,Premium Shopper,Supermarkets ,Sales Associate,784134.30,293,2676.23,507.49,4951.22
Home Appliances,Whirlpool,Premium Shopper,Supermarkets ,Salesperson,748012.09,266,2812.08,504.51,4981.05
Home Appliances,Whirlpool,Premium Shopper,Supermarkets ,Senior Salesperson,761046.76,273,2787.72,501.55,4994.45
Sports & Outdoors,Adidas,Budget Shopper,Large Malls / Complexes,Manager,716391.70,248,2888.68,500.43,4986.22
Sports & Outdoors,Adidas,Budget Shopper,Large Malls / Complexes,Sales Associate,750772.44,268,2801.39,505.34,4994.32
Sports & Outdoors,Adidas,Budget Shopper,Large Malls / Complexes,Salesperson,700464.45,260,2694.09,528.21,4993.51
Sports & Outdoors,Adidas,Budget Shopper,Large Malls / Complexes,Senior Salesperson,658559.12,233,2826.43,546.91,4940.53
Sports & Outdoors,Adidas,Budget Shopper,Small Stores / Shops,Manager,784548.41,286,2743.18,561.75,4991.92
Sports & Outdoors,Adidas,Budget Shopper,Small Stores / Shops,Sales Associate,863397.66,301,2868.43,512.05,4995.24
Sports & Outdoors,Adidas,Budget Shopper,Small Stores / Shops,Salesperson,830436.20,292,2843.96,545.47,4983.81
Sports & Outdoors,Adidas,Budget Shopper,Small Stores / Shops,Senior Salesperson,623048.98,229,2720.74,507.80,4976.80
Sports & Outdoors,Adidas,Budget Shopper,Supermarkets ,Manager,834324.67,301,2771.84,506.23,4990.62
Sports & Outdoors,Adidas,Budget Shopper,Supermarkets ,Sales Associate,865303.64,307,2818.58,574.65,4990.39
Sports & Outdoors,Adidas,Budget Shopper,Supermarkets ,Salesperson,800971.20,298,2687.82,501.61,4995.87
Sports & Outdoors,Adidas,Budget Shopper,Supermarkets ,Senior Salesperson,719148.32,262,2744.84,502.14,4971.08
Sports & Outdoors,Adidas,Churn Risk,Large Malls / Complexes,Manager,724062.82,256,2828.37,511.60,4979.31
Sports & Outdoors,Adidas,Churn Risk,Large Malls / Complexes,Sales Associate,752893.64,267,2819.83,545.41,4997.18
Sports & Outdoors,Adidas,Churn Risk,Large Malls / Complexes,Salesperson,807687.88,275,2937.05,508.67,4990.36
Sports & Outdoors,Adidas,Churn Risk,Large Malls / Complexes,Senior Salesperson,691788.72,249,2778.27,511.14,4994.43
Sports & Outdoors,Adidas,Churn Risk,Small Stores / Shops,Manager,849549.46,312,2722.91,530.29,4998.38
Sports & Outdoors,Adidas,Churn Risk,Small Stores / Shops,Sales Associate,776692.12,294,2641.81,504.72,4987.32
Sports & Outdoors,Adidas,Churn Risk,Small Stores / Shops,Salesperson,748812.71,290,2582.11,532.03,4993.81
Sports & Outdoors,Adidas,Churn Risk,Small Stores / Shops,Senior Salesperson,607820.74,233,2608.67,500.73,4993.32
Sports & Outdoors,Adidas,Churn Risk,Supermarkets ,Manager,722568.93,264,2737.00,506.36,4997.38
Sports & Outdoors,Adidas,Churn Risk,Supermarkets ,Sales Associate,807291.39,290,2783.76,520.41,4998.56
Sports & Outdoors,Adidas,Churn Risk,Supermarkets ,Salesperson,782332.31,283,2764.43,506.71,4995.45
Sports & Outdoors,Adidas,Churn Risk,Supermarkets ,Senior Salesperson,717959.24,269,2668.99,514.15,4976.03
Sports & Outdoors,Adidas,Deal Seeker,Large Malls / Complexes,Manager,808533.64,286,2827.04,503.10,4996.56
Sports & Outdoors,Adidas,Deal Seeker,Large Malls / Complexes,Sales Associate,892823.57,319,2798.82,506.26,4998.10
Sports & Outdoors,Adidas,Deal Seeker,Large Malls / Complexes,Salesperson,737618.54,261,2826.12,504.14,4995.87
Sports & Outdoors,Adidas,Deal Seeker,Large Malls / Complexes,Senior Salesperson,623029.95,233,2673.95,511.11,4963.85
Sports & Outdoors,Adidas,Deal Seeker,Small Stores / Shops,Manager,720850.51,256,2815.82,507.68,4976.21
Sports & Outdoors,Adidas,Deal Seeker,Small Stores / Shops,Sales Associate,902883.34,322,2803.99,533.16,4984.55
Sports & Outdoors,Adidas,Deal Seeker,Small Stores / Shops,Salesperson,744292.64,290,2566.53,518.85,4980.77
Sports & Outdoors,Adidas,Deal Seeker,Small Stores / Shops,Senior Salesperson,757171.23,270,2804.34,503.20,4956.85
Sports & Outdoors,Adidas,Deal Seeker,Supermarkets ,Manager,802400.27,276,2907.25,509.53,4977.99
Sports & Outdoors,Adidas,Deal Seeker,Supermarkets ,Sales Associate,829944.32,282,2943.06,504.25,4978.32
Sports & Outdoors,Adidas,Deal Seeker,Supermarkets ,Salesperson,830053.23,297,2794.79,518.32,4967.23
Sports & Outdoors,Adidas,Deal Seeker,Supermarkets ,Senior Salesperson,729423.37,272,2681.70,506.32,4992.13
Sports & Outdoors,Adidas,First-time Buyer,Large Malls / Complexes,Manager,698598.96,255,2739.60,526.61,4989.55
Sports & Outdoors,Adidas,First-time Buyer,Large Malls / Complexes,Sales Associate,761494.48,279,2729.37,503.01,4975.40
Sports & Outdoors,Adidas,First-time Buyer,Large Malls / Complexes,Salesperson,886314.21,316,2804.79,514.40,4993.88
Sports & Outdoors,Adidas,First-time Buyer,Large Malls / Complexes,Senior Salesperson,594698.90,227,2619.82,506.43,4977.18
Sports & Outdoors,Adidas,First-time Buyer,Small Stores / Shops,Manager,705091.11,262,2691.19,509.00,4988.65
Sports & Outdoors,Adidas,First-time Buyer,Small Stores / Shops,Sales Associate,855992.66,304,2815.77,549.58,4994.96
Sports & Outdoors,Adidas,First-time Buyer,Small Stores / Shops,Salesperson,821003.77,303,2709.58,505.89,4997.05
Sports & Outdoors,Adidas,First-time Buyer,Small Stores / Shops,Senior Salesperson,667775.62,248,2692.64,515.05,4995.17
Sports & Outdoors,Adidas,First-time Buyer,Supermarkets ,Manager,836884.10,297,2817.79,501.90,4993.86
Sports & Outdoors,Adidas,First-time Buyer,Supermarkets ,Sales Associate,811030.18,284,2855.74,529.67,4976.84
Sports & Outdoors,Adidas,First-time Buyer,Supermarkets ,Salesperson,861412.93,304,2833.60,503.40,4988.14
Sports & Outdoors,Adidas,First-time Buyer,Supermarkets ,Senior Salesperson,687099.10,252,2726.58,503.51,4974.10
Sports & Outdoors,Adidas,High Value,Large Malls / Complexes,Manager,697685.52,261,2673.12,505.94,4990.08
Sports & Outdoors,Adidas,High Value,Large Malls / Complexes,Sales Associate,765633.03,286,2677.04,518.23,4976.25
Sports & Outdoors,Adidas,High Value,Large Malls / Complexes,Salesperson,777886.59,283,2748.72,502.34,4987.28
Sports & Outdoors,Adidas,High Value,Large Malls / Complexes,Senior Salesperson,719226.16,260,2766.25,535.63,4979.35
Sports & Outdoors,Adidas,High Value,Small Stores / Shops,Manager,725713.71,270,2687.83,522.55,4979.30
Sports & Outdoors,Adidas,High Value,Small Stores / Shops,Sales Associate,898491.67,322,2790.35,510.40,4999.78
Sports & Outdoors,Adidas,High Value,Small Stores / Shops,Salesperson,822864.24,308,2671.64,503.31,4995.28
Sports & Outdoors,Adidas,High Value,Small Stores / Shops,Senior Salesperson,730230.86,271,2694.58,502.35,4946.86
Sports & Outdoors,Adidas,High Value,Supermarkets ,Manager,720292.67,251,2869.69,535.84,4981.75
Sports & Outdoors,Adidas,High Value,Supermarkets ,Sales Associate,816908.11,298,2741.30,509.58,4977.75
Sports & Outdoors,Adidas,High Value,Supermarkets ,Salesperson,753015.60,272,2768.44,534.63,4977.61
Sports & Outdoors,Adidas,High Value,Supermarkets ,Senior Salesperson,721636.21,268,2692.67,501.48,4996.37
Sports & Outdoors,Adidas,In-Store Regular,Large Malls / Complexes,Manager,750179.44,272,2758.01,507.11,4998.18
Sports & Outdoors,Adidas,In-Store Regular,Large Malls / Complexes,Sales Associate,802616.23,291,2758.13,519.49,4959.37
Sports & Outdoors,Adidas,In-Store Regular,Large Malls / Complexes,Salesperson,793479.88,284,2793.94,521.88,4987.83
Sports & Outdoors,Adidas,In-Store Regular,Large Malls / Complexes,Senior Salesperson,642008.64,235,2731.95,507.77,4998.24
Sports & Outdoors,Adidas,In-Store Regular,Small Stores / Shops,Manager,769776.30,276,2789.04,520.18,4965.49
Sports & Outdoors,Adidas,In-Store Regular,Small Stores / Shops,Sales Associate,734914.84,264,2783.77,516.02,4969.93
Sports & Outdoors,Adidas,In-Store Regular,Small Stores / Shops,Salesperson,749718.71,274,2736.20,506.04,4992.09
Sports & Outdoors,Adidas,In-Store Regular,Small Stores / Shops,Senior Salesperson,708569.24,252,2811.78,532.08,4984.56
Sports & Outdoors,Adidas,In-Store Regular,Supermarkets ,Manager,792889.14,280,2831.75,500.45,4989.45
Sports & Outdoors,Adidas,In-Store Regular,Supermarkets ,Sales Associate,786331.70,285,2759.06,503.76,4999.33
Sports & Outdoors,Adidas,In-Store Regular,Supermarkets ,Salesperson,709862.36,245,2897.40,503.94,4990.23
Sports & Outdoors,Adidas,In-Store Regular,Supermarkets ,Senior Salesperson,787094.82,288,2732.97,501.44,4990.51
Sports & Outdoors,Adidas,Loyal Customer,Large Malls / Complexes,Manager,701461.84,257,2729.42,504.41,4996.96
Sports & Outdoors,Adidas,Loyal Customer,Large Malls / Complexes,Sales Associate,836360.46,302,2769.41,503.34,4991.54
Sports & Outdoors,Adidas,Loyal Customer,Large Malls / Complexes,Salesperson,730612.08,267,2736.37,514.99,4957.13
Sports & Outdoors,Adidas,Loyal Customer,Large Malls / Complexes,Senior Salesperson,774179.63,276,2805.00,568.76,4995.53
Sports & Outdoors,Adidas,Loyal Customer,Small Stores / Shops,Manager,812075.30,284,2859.42,514.83,4966.51
Sports & Outdoors,Adidas,Loyal Customer,Small Stores / Shops,Sales Associate,781056.84,282,2769.71,538.03,4998.00
Sports & Outdoors,Adidas,Loyal Customer,Small Stores / Shops,Salesperson,881306.52,307,2870.71,504.12,4991.84
Sports & Outdoors,Adidas,Loyal Customer,Small Stores / Shops,Senior Salesperson,814369.92,289,2817.89,501.65,4987.94
Sports & Outdoors,Adidas,Loyal Customer,Supermarkets ,Manager,796395.95,278,2864.73,501.61,4998.83
Sports & Outdoors,Adidas,Loyal Customer,Supermarkets ,Sales Associate,816289.69,292,2795.51,531.33,4987.32
Sports & Outdoors,Adidas,Loyal Customer,Supermarkets ,Salesperson,852504.35,318,2680.83,512.50,4966.28
Sports & Outdoors,Adidas,Loyal Customer,Supermarkets ,Senior Salesperson,724552.11,275,2634.73,510.44,4987.45
Sports & Outdoors,Adidas,Occasional Shopper,Large Malls / Complexes,Manager,812466.60,280,2901.67,545.27,4969.52
Sports & Outdoors,Adidas,Occasional Shopper,Large Malls / Complexes,Sales Associate,772420.97,275,2808.80,507.72,4944.81
Sports & Outdoors,Adidas,Occasional Shopper,Large Malls / Complexes,Salesperson,768505.71,280,2744.66,501.08,4994.22
Sports & Outdoors,Adidas,Occasional Shopper,Large Malls / Complexes,Senior Salesperson,771279.01,272,2835.58,522.93,4971.14
Sports & Outdoors,Adidas,Occasional Shopper,Small Stores / Shops,Manager,836030.15,293,2853.35,531.87,4999.05
Sports & Outdoors,Adidas,Occasional Shopper,Small Stores / Shops,Sales Associate,859987.18,302,2847.64,502.59,4996.09
Sports & Outdoors,Adidas,Occasional Shopper,Small Stores / Shops,Salesperson,782859.05,282,2776.10,505.00,4989.94
Sports & Outdoors,Adidas,Occasional Shopper,Small Stores / Shops,Senior Salesperson,746701.97,260,2871.93,506.81,4993.38
Sports & Outdoors,Adidas,Occasional Shopper,Supermarkets ,Manager,801255.97,299,2679.79,500.33,4988.66
Sports & Outdoors,Adidas,Occasional Shopper,Supermarkets ,Sales Associate,752947.74,277,2718.22,524.61,4991.94
Sports & Outdoors,Adidas,Occasional Shopper,Supermarkets ,Salesperson,839170.27,308,2724.58,519.11,4995.70
Sports & Outdoors,Adidas,Occasional Shopper,Supermarkets ,Senior Salesperson,864754.87,298,2901.86,502.86,4981.52
Sports & Outdoors,Adidas,Online Shopper,Large Malls / Complexes,Manager,803472.40,284,2829.13,552.68,4983.39
Sports & Outdoors,Adidas,Online Shopper,Large Malls / Complexes,Sales Associate,768216.49,292,2630.88,531.11,4985.37
Sports & Outdoors,Adidas,Online Shopper,Large Malls / Complexes,Salesperson,725085.95,271,2675.59,524.61,4993.50
Sports & Outdoors,Adidas,Online Shopper,Large Malls / Complexes,Senior Salesperson,649602.99,231,2812.13,500.23,4987.87
Sports & Outdoors,Adidas,Online Shopper,Small Stores / Shops,Manager,775457.76,273,2840.50,528.38,4984.10
Sports & Outdoors,Adidas,Online Shopper,Small Stores / Shops,Sales Associate,757115.40,285,2656.55,509.05,4970.71
Sports & Outdoors,Adidas,Online Shopper,Small Stores / Shops,Salesperson,790876.58,281,2814.51,516.00,4970.45
Sports & Outdoors,Adidas,Online Shopper,Small Stores / Shops,Senior Salesperson,640954.40,239,2681.82,534.24,4983.68
Sports & Outdoors,Adidas,Online Shopper,Supermarkets ,Manager,814801.37,292,2790.42,502.62,4990.14
Sports & Outdoors,Adidas,Online Shopper,Supermarkets ,Sales Associate,834508.80,314,2657.67,504.13,4997.59
Sports & Outdoors,Adidas,Online Shopper,Supermarkets ,Salesperson,712374.67,269,2648.23,500.89,4991.47
Sports & Outdoors,Adidas,Online Shopper,Supermarkets ,Senior Salesperson,761879.89,284,2682.68,509.59,4990.37
Sports & Outdoors,Adidas,Premium Shopper,Large Malls / Complexes,Manager,699814.19,254,2755.17,526.99,4987.84
Sports & Outdoors,Adidas,Premium Shopper,Large Malls / Complexes,Sales Associate,719189.87,270,2663.67,521.17,4960.33
Sports & Outdoors,Adidas,Premium Shopper,Large Malls / Complexes,Salesperson,777161.34,279,2785.52,509.31,4939.82
Sports & Outdoors,Adidas,Premium Shopper,Large Malls / Complexes,Senior Salesperson,677393.35,244,2776.20,548.41,4995.60
Sports & Outdoors,Adidas,Premium Shopper,Small Stores / Shops,Manager,704433.30,265,2658.24,531.91,4993.50
Sports & Outdoors,Adidas,Premium Shopper,Small Stores / Shops,Sales Associate,757016.43,290,2610.40,513.20,4980.91
Sports & Outdoors,Adidas,Premium Shopper,Small Stores / Shops,Salesperson,783238.09,274,2858.53,507.17,4911.87
Sports & Outdoors,Adidas,Premium Shopper,Small Stores / Shops,Senior Salesperson,766964.19,280,2739.16,516.35,4962.98
Sports & Outdoors,Adidas,Premium Shopper,Supermarkets ,Manager,729563.62,264,2763.50,502.53,4998.07
Sports & Outdoors,Adidas,Premium Shopper,Supermarkets ,Sales Associate,858984.47,308,2788.91,530.77,4970.33
Sports & Outdoors,Adidas,Premium Shopper,Supermarkets ,Salesperson,803640.96,292,2752.20,502.87,4993.87
Sports & Outdoors,Adidas,Premium Shopper,Supermarkets ,Senior Salesperson,706417.04,271,2606.70,505.42,4973.62
Sports & Outdoors,Decathlon,Budget Shopper,Large Malls / Complexes,Manager,737484.55,252,2926.53,506.66,4995.72
Sports & Outdoors,Decathlon,Budget Shopper,Large Malls / Complexes,Sales Associate,757879.01,275,2755.92,500.42,4957.95
Sports & Outdoors,Decathlon,Budget Shopper,Large Malls / Complexes,Salesperson,783987.94,289,2712.76,508.66,4969.94
Sports & Outdoors,Decathlon,Budget Shopper,Large Malls / Complexes,Senior Salesperson,626131.39,241,2598.06,505.64,4984.03
Sports & Outdoors,Decathlon,Budget Shopper,Small Stores / Shops,Manager,701707.76,274,2560.98,524.69,4990.77
Sports & Outdoors,Decathlon,Budget Shopper,Small Stores / Shops,Sales Associate,854713.05,313,2730.71,508.67,4972.15
Sports & Outdoors,Decathlon,Budget Shopper,Small Stores / Shops,Salesperson,773058.40,285,2712.49,500.51,4989.89
Sports & Outdoors,Decathlon,Budget Shopper,Small Stores / Shops,Senior Salesperson,653016.58,241,2709.61,507.15,4983.97
Sports & Outdoors,Decathlon,Budget Shopper,Supermarkets ,Manager,859719.84,316,2720.63,532.14,4992.08
Sports & Outdoors,Decathlon,Budget Shopper,Supermarkets ,Sales Associate,820019.82,293,2798.70,500.42,4995.42
Sports & Outdoors,Decathlon,Budget Shopper,Supermarkets ,Salesperson,849120.81,311,2730.29,550.12,4995.51
Sports & Outdoors,Decathlon,Budget Shopper,Supermarkets ,Senior Salesperson,682610.04,256,2666.45,513.60,4991.41
Sports & Outdoors,Decathlon,Churn Risk,Large Malls / Complexes,Manager,724307.91,252,2874.24,524.53,4958.19
Sports & Outdoors,Decathlon,Churn Risk,Large Malls / Complexes,Sales Associate,789057.43,283,2788.19,500.56,4967.33
Sports & Outdoors,Decathlon,Churn Risk,Large Malls / Complexes,Salesperson,734462.13,260,2824.85,528.40,4974.64
Sports & Outdoors,Decathlon,Churn Risk,Large Malls / Complexes,Senior Salesperson,641669.57,232,2765.82,544.67,4995.47
Sports & Outdoors,Decathlon,Churn Risk,Small Stores / Shops,Manager,851607.26,303,2810.59,534.98,4950.73
Sports & Outdoors,Decathlon,Churn Risk,Small Stores / Shops,Sales Associate,813057.83,293,2774.94,509.96,4984.46
Sports & Outdoors,Decathlon,Churn Risk,Small Stores / Shops,Salesperson,799541.05,299,2674.05,505.17,4997.07
Sports & Outdoors,Decathlon,Churn Risk,Small Stores / Shops,Senior Salesperson,674397.09,238,2833.60,503.63,4944.64
Sports & Outdoors,Decathlon,Churn Risk,Supermarkets ,Manager,761654.17,277,2749.65,517.78,4974.34
Sports & Outdoors,Decathlon,Churn Risk,Supermarkets ,Sales Associate,905103.50,327,2767.90,509.28,4980.69
Sports & Outdoors,Decathlon,Churn Risk,Supermarkets ,Salesperson,806129.91,293,2751.30,504.21,4992.77
Sports & Outdoors,Decathlon,Churn Risk,Supermarkets ,Senior Salesperson,727303.69,269,2703.73,505.32,4950.43
Sports & Outdoors,Decathlon,Deal Seeker,Large Malls / Complexes,Manager,747164.91,264,2830.17,501.01,4995.74
Sports & Outdoors,Decathlon,Deal Seeker,Large Malls / Complexes,Sales Associate,684160.68,248,2758.71,506.02,4972.98
Sports & Outdoors,Decathlon,Deal Seeker,Large Malls / Complexes,Salesperson,821367.27,306,2684.21,514.26,4977.46
Sports & Outdoors,Decathlon,Deal Seeker,Large Malls / Complexes,Senior Salesperson,562050.72,222,2531.76,517.64,4954.41
Sports & Outdoors,Decathlon,Deal Seeker,Small Stores / Shops,Manager,736650.35,275,2678.73,505.31,4991.22
Sports & Outdoors,Decathlon,Deal Seeker,Small Stores / Shops,Sales Associate,875860.84,311,2816.27,540.70,4981.58
Sports & Outdoors,Decathlon,Deal Seeker,Small Stores / Shops,Salesperson,784614.10,282,2782.32,502.58,4990.60
Sports & Outdoors,Decathlon,Deal Seeker,Small Stores / Shops,Senior Salesperson,684483.53,258,2653.04,506.71,4977.47
Sports & Outdoors,Decathlon,Deal Seeker,Supermarkets ,Manager,706144.16,263,2684.96,517.42,4977.69
Sports & Outdoors,Decathlon,Deal Seeker,Supermarkets ,Sales Associate,790179.88,288,2743.68,500.46,4996.78
Sports & Outdoors,Decathlon,Deal Seeker,Supermarkets ,Salesperson,833311.59,306,2723.24,506.47,4990.46
Sports & Outdoors,Decathlon,Deal Seeker,Supermarkets ,Senior Salesperson,685646.57,247,2775.90,514.31,4999.49
Sports & Outdoors,Decathlon,First-time Buyer,Large Malls / Complexes,Manager,703024.79,255,2756.96,508.99,4971.21
Sports & Outdoors,Decathlon,First-time Buyer,Large Malls / Complexes,Sales Associate,704271.50,259,2719.19,527.31,4986.97
Sports & Outdoors,Decathlon,First-time Buyer,Large Malls / Complexes,Salesperson,739206.32,267,2768.56,502.57,4997.18
Sports & Outdoors,Decathlon,First-time Buyer,Large Malls / Complexes,Senior Salesperson,599583.92,226,2653.03,501.68,4948.55
Sports & Outdoors,Decathlon,First-time Buyer,Small Stores / Shops,Manager,782652.91,271,2888.02,517.33,4996.23
Sports & Outdoors,Decathlon,First-time Buyer,Small Stores / Shops,Sales Associate,785538.96,285,2756.28,508.58,4967.05
Sports & Outdoors,Decathlon,First-time Buyer,Small Stores / Shops,Salesperson,789505.08,296,2667.25,503.51,4999.25
Sports & Outdoors,Decathlon,First-time Buyer,Small Stores / Shops,Senior Salesperson,701721.42,251,2795.70,502.80,4990.97
Sports & Outdoors,Decathlon,First-time Buyer,Supermarkets ,Manager,795285.21,294,2705.05,505.25,4990.55
Sports & Outdoors,Decathlon,First-time Buyer,Supermarkets ,Sales Associate,871155.06,316,2756.82,500.09,4959.07
Sports & Outdoors,Decathlon,First-time Buyer,Supermarkets ,Salesperson,861912.01,314,2744.94,523.64,4963.66
Sports & Outdoors,Decathlon,First-time Buyer,Supermarkets ,Senior Salesperson,722915.44,260,2780.44,502.21,4981.94
Sports & Outdoors,Decathlon,High Value,Large Malls / Complexes,Manager,666986.27,246,2711.33,514.08,4964.65
Sports & Outdoors,Decathlon,High Value,Large Malls / Complexes,Sales Associate,732273.38,270,2712.12,519.40,4965.80
Sports & Outdoors,Decathlon,High Value,Large Malls / Complexes,Salesperson,835406.47,290,2880.71,535.89,4985.56
Sports & Outdoors,Decathlon,High Value,Large Malls / Complexes,Senior Salesperson,614126.29,226,2717.37,516.27,4985.05
Sports & Outdoors,Decathlon,High Value,Small Stores / Shops,Manager,769070.50,274,2806.83,500.22,4968.78
Sports & Outdoors,Decathlon,High Value,Small Stores / Shops,Sales Associate,912057.76,329,2772.21,534.19,4998.94
Sports & Outdoors,Decathlon,High Value,Small Stores / Shops,Salesperson,854269.22,309,2764.63,519.56,4990.32
Sports & Outdoors,Decathlon,High Value,Small Stores / Shops,Senior Salesperson,685456.22,242,2832.46,546.77,4994.72
Sports & Outdoors,Decathlon,High Value,Supermarkets ,Manager,804319.56,295,2726.51,524.71,4980.83
Sports & Outdoors,Decathlon,High Value,Supermarkets ,Sales Associate,968256.83,347,2790.37,500.15,4998.08
Sports & Outdoors,Decathlon,High Value,Supermarkets ,Salesperson,872595.01,320,2726.86,501.31,4999.05
Sports & Outdoors,Decathlon,High Value,Supermarkets ,Senior Salesperson,764799.74,278,2751.08,524.07,4987.53
Sports & Outdoors,Decathlon,In-Store Regular,Large Malls / Complexes,Manager,737775.40,268,2752.89,508.18,4992.34
Sports & Outdoors,Decathlon,In-Store Regular,Large Malls / Complexes,Sales Associate,753895.32,269,2802.58,526.70,4992.97
Sports & Outdoors,Decathlon,In-Store Regular,Large Malls / Complexes,Salesperson,707924.30,257,2754.57,501.50,4989.80
Sports & Outdoors,Decathlon,In-Store Regular,Large Malls / Complexes,Senior Salesperson,659598.40,232,2843.10,527.14,4997.59
Sports & Outdoors,Decathlon,In-Store Regular,Small Stores / Shops,Manager,825462.29,293,2817.28,529.79,4978.05
Sports & Outdoors,Decathlon,In-Store Regular,Small Stores / Shops,Sales Associate,798338.57,282,2830.99,551.46,4985.23
Sports & Outdoors,Decathlon,In-Store Regular,Small Stores / Shops,Salesperson,862934.82,302,2857.40,504.84,4997.58
Sports & Outdoors,Decathlon,In-Store Regular,Small Stores / Shops,Senior Salesperson,732062.91,256,2859.62,518.96,4959.24
Sports & Outdoors,Decathlon,In-Store Regular,Supermarkets ,Manager,840414.43,304,2764.52,509.28,4979.21
Sports & Outdoors,Decathlon,In-Store Regular,Supermarkets ,Sales Associate,739728.59,279,2651.36,536.36,4999.17
Sports & Outdoors,Decathlon,In-Store Regular,Supermarkets ,Salesperson,773387.42,284,2723.20,513.24,4999.77
Sports & Outdoors,Decathlon,In-Store Regular,Supermarkets ,Senior Salesperson,721033.91,251,2872.65,509.56,4996.22
Sports & Outdoors,Decathlon,Loyal Customer,Large Malls / Complexes,Manager,729750.10,258,2828.49,508.37,4989.93
Sports & Outdoors,Decathlon,Loyal Customer,Large Malls / Complexes,Sales Associate,801274.03,285,2811.49,504.68,4979.33
Sports & Outdoors,Decathlon,Loyal Customer,Large Malls / Complexes,Salesperson,665046.59,258,2577.70,503.70,4990.35
Sports & Outdoors,Decathlon,Loyal Customer,Large Malls / Complexes,Senior Salesperson,673813.42,250,2695.25,501.43,4996.95
Sports & Outdoors,Decathlon,Loyal Customer,Small Stores / Shops,Manager,779599.24,288,2706.94,507.87,4969.81
Sports & Outdoors,Decathlon,Loyal Customer,Small Stores / Shops,Sales Associate,855486.66,311,2750.76,515.62,4957.51
Sports & Outdoors,Decathlon,Loyal Customer,Small Stores / Shops,Salesperson,893538.55,309,2891.71,508.25,4993.65
Sports & Outdoors,Decathlon,Loyal Customer,Small Stores / Shops,Senior Salesperson,657739.07,235,2798.89,530.60,4912.76
Sports & Outdoors,Decathlon,Loyal Customer,Supermarkets ,Manager,691929.82,255,2713.45,523.66,4946.16
Sports & Outdoors,Decathlon,Loyal Customer,Supermarkets ,Sales Associate,863809.29,320,2699.40,516.00,4938.53
Sports & Outdoors,Decathlon,Loyal Customer,Supermarkets ,Salesperson,834940.40,302,2764.70,506.01,4980.79
Sports & Outdoors,Decathlon,Loyal Customer,Supermarkets ,Senior Salesperson,704236.77,250,2816.95,535.21,4988.23
Sports & Outdoors,Decathlon,Occasional Shopper,Large Malls / Complexes,Manager,668840.71,248,2696.94,500.07,4962.79
Sports & Outdoors,Decathlon,Occasional Shopper,Large Malls / Complexes,Sales Associate,773549.91,276,2802.72,511.83,4986.55
Sports & Outdoors,Decathlon,Occasional Shopper,Large Malls / Complexes,Salesperson,762590.85,284,2685.18,523.68,4931.12
Sports & Outdoors,Decathlon,Occasional Shopper,Large Malls / Complexes,Senior Salesperson,642468.24,238,2699.45,515.06,4982.65
Sports & Outdoors,Decathlon,Occasional Shopper,Small Stores / Shops,Manager,751237.18,284,2645.20,501.38,4986.81
Sports & Outdoors,Decathlon,Occasional Shopper,Small Stores / Shops,Sales Associate,865059.83,309,2799.55,500.39,4989.97
Sports & Outdoors,Decathlon,Occasional Shopper,Small Stores / Shops,Salesperson,752323.15,274,2745.70,548.21,4968.98
Sports & Outdoors,Decathlon,Occasional Shopper,Small Stores / Shops,Senior Salesperson,728628.01,260,2802.42,527.06,4997.17
Sports & Outdoors,Decathlon,Occasional Shopper,Supermarkets ,Manager,842464.30,322,2616.35,512.52,4989.89
Sports & Outdoors,Decathlon,Occasional Shopper,Supermarkets ,Sales Associate,843312.21,300,2811.04,501.49,4986.08
Sports & Outdoors,Decathlon,Occasional Shopper,Supermarkets ,Salesperson,837934.53,306,2738.35,508.28,4987.28
Sports & Outdoors,Decathlon,Occasional Shopper,Supermarkets ,Senior Salesperson,822483.27,295,2788.08,515.62,4996.60
Sports & Outdoors,Decathlon,Online Shopper,Large Malls / Complexes,Manager,761058.05,280,2718.06,517.40,4955.64
Sports & Outdoors,Decathlon,Online Shopper,Large Malls / Complexes,Sales Associate,750965.64,274,2740.75,510.72,4998.97
Sports & Outdoors,Decathlon,Online Shopper,Large Malls / Complexes,Salesperson,847364.58,291,2911.91,502.34,4995.91
Sports & Outdoors,Decathlon,Online Shopper,Large Malls / Complexes,Senior Salesperson,732514.11,267,2743.50,521.23,4994.89
Sports & Outdoors,Decathlon,Online Shopper,Small Stores / Shops,Manager,714159.82,255,2800.63,515.94,4996.10
Sports & Outdoors,Decathlon,Online Shopper,Small Stores / Shops,Sales Associate,789652.71,301,2623.43,542.83,4978.89
Sports & Outdoors,Decathlon,Online Shopper,Small Stores / Shops,Salesperson,787037.28,285,2761.53,500.15,4997.16
Sports & Outdoors,Decathlon,Online Shopper,Small Stores / Shops,Senior Salesperson,767209.99,287,2673.21,509.74,4979.57
Sports & Outdoors,Decathlon,Online Shopper,Supermarkets ,Manager,776723.20,273,2845.14,505.40,4999.97
Sports & Outdoors,Decathlon,Online Shopper,Supermarkets ,Sales Associate,829157.12,310,2674.70,529.61,4993.77
Sports & Outdoors,Decathlon,Online Shopper,Supermarkets ,Salesperson,758907.11,275,2759.66,501.48,4994.34
Sports & Outdoors,Decathlon,Online Shopper,Supermarkets ,Senior Salesperson,763099.47,277,2754.87,511.12,4987.19
Sports & Outdoors,Decathlon,Premium Shopper,Large Malls / Complexes,Manager,691494.34,258,2680.21,517.65,4982.99
Sports & Outdoors,Decathlon,Premium Shopper,Large Malls / Complexes,Sales Associate,694058.23,254,2732.51,520.94,4964.73
Sports & Outdoors,Decathlon,Premium Shopper,Large Malls / Complexes,Salesperson,773303.23,277,2791.71,516.63,4976.77
Sports & Outdoors,Decathlon,Premium Shopper,Large Malls / Complexes,Senior Salesperson,561507.95,215,2611.66,532.84,4994.28
Sports & Outdoors,Decathlon,Premium Shopper,Small Stores / Shops,Manager,790453.84,293,2697.79,508.38,4995.64
Sports & Outdoors,Decathlon,Premium Shopper,Small Stores / Shops,Sales Associate,754060.60,285,2645.83,500.23,4985.18
Sports & Outdoors,Decathlon,Premium Shopper,Small Stores / Shops,Salesperson,896960.88,326,2751.41,507.35,4994.09
Sports & Outdoors,Decathlon,Premium Shopper,Small Stores / Shops,Senior Salesperson,710605.27,243,2924.30,521.60,4990.38
Sports & Outdoors,Decathlon,Premium Shopper,Supermarkets ,Manager,833129.13,308,2704.96,513.29,4997.72
Sports & Outdoors,Decathlon,Premium Shopper,Supermarkets ,Sales Associate,810424.17,303,2674.67,501.16,4979.54
Sports & Outdoors,Decathlon,Premium Shopper,Supermarkets ,Salesperson,754121.51,281,2683.71,500.60,4988.03
Sports & Outdoors,Decathlon,Premium Shopper,Supermarkets ,Senior Salesperson,733073.11,275,2665.72,538.21,4988.20
Sports & Outdoors,Nike,Budget Shopper,Large Malls / Complexes,Manager,735724.06,262,2808.11,509.54,4992.94
Sports & Outdoors,Nike,Budget Shopper,Large Malls / Complexes,Sales Associate,756723.76,282,2683.42,520.83,4992.54
Sports & Outdoors,Nike,Budget Shopper,Large Malls / Complexes,Salesperson,713377.83,261,2733.25,503.37,4989.53
Sports & Outdoors,Nike,Budget Shopper,Large Malls / Complexes,Senior Salesperson,652545.37,234,2788.66,514.21,4986.27
Sports & Outdoors,Nike,Budget Shopper,Small Stores / Shops,Manager,814835.13,285,2859.07,515.64,4979.03
Sports & Outdoors,Nike,Budget Shopper,Small Stores / Shops,Sales Associate,773427.09,288,2685.51,503.94,4965.04
Sports & Outdoors,Nike,Budget Shopper,Small Stores / Shops,Salesperson,759660.56,281,2703.42,506.99,4996.03
Sports & Outdoors,Nike,Budget Shopper,Small Stores / Shops,Senior Salesperson,758187.37,263,2882.84,509.10,4992.44
Sports & Outdoors,Nike,Budget Shopper,Supermarkets ,Manager,810278.89,294,2756.05,513.58,4975.11
Sports & Outdoors,Nike,Budget Shopper,Supermarkets ,Sales Associate,810134.35,295,2746.22,509.07,4967.83
Sports & Outdoors,Nike,Budget Shopper,Supermarkets ,Salesperson,888104.61,317,2801.59,515.94,4987.26
Sports & Outdoors,Nike,Budget Shopper,Supermarkets ,Senior Salesperson,783402.85,286,2739.17,500.80,4994.02
Sports & Outdoors,Nike,Churn Risk,Large Malls / Complexes,Manager,713735.07,254,2809.98,520.19,4987.42
Sports & Outdoors,Nike,Churn Risk,Large Malls / Complexes,Sales Associate,746931.74,263,2840.04,535.51,4998.73
Sports & Outdoors,Nike,Churn Risk,Large Malls / Complexes,Salesperson,737479.23,271,2721.33,540.61,4901.24
Sports & Outdoors,Nike,Churn Risk,Large Malls / Complexes,Senior Salesperson,717916.67,266,2698.93,530.12,4990.73
Sports & Outdoors,Nike,Churn Risk,Small Stores / Shops,Manager,863794.52,311,2777.47,509.96,4996.07
Sports & Outdoors,Nike,Churn Risk,Small Stores / Shops,Sales Associate,899311.33,309,2910.39,512.71,4991.78
Sports & Outdoors,Nike,Churn Risk,Small Stores / Shops,Salesperson,768842.53,282,2726.39,503.06,4928.40
Sports & Outdoors,Nike,Churn Risk,Small Stores / Shops,Senior Salesperson,768566.90,269,2857.13,500.07,4971.14
Sports & Outdoors,Nike,Churn Risk,Supermarkets ,Manager,821287.57,302,2719.50,501.18,4996.57
Sports & Outdoors,Nike,Churn Risk,Supermarkets ,Sales Associate,927204.04,344,2695.36,502.55,4998.00
Sports & Outdoors,Nike,Churn Risk,Supermarkets ,Salesperson,811383.53,291,2788.26,517.75,4987.00
Sports & Outdoors,Nike,Churn Risk,Supermarkets ,Senior Salesperson,697757.33,245,2847.99,503.15,4999.05
Sports & Outdoors,Nike,Deal Seeker,Large Malls / Complexes,Manager,749250.69,275,2724.55,513.61,4982.43
Sports & Outdoors,Nike,Deal Seeker,Large Malls / Complexes,Sales Associate,752146.06,268,2806.52,515.68,4997.60
Sports & Outdoors,Nike,Deal Seeker,Large Malls / Complexes,Salesperson,843950.00,287,2940.59,515.16,4999.02
Sports & Outdoors,Nike,Deal Seeker,Large Malls / Complexes,Senior Salesperson,651050.64,240,2712.71,521.48,4968.73
Sports & Outdoors,Nike,Deal Seeker,Small Stores / Shops,Manager,713574.26,262,2723.57,535.98,4995.72
Sports & Outdoors,Nike,Deal Seeker,Small Stores / Shops,Sales Associate,834633.38,299,2791.42,521.61,4985.25
Sports & Outdoors,Nike,Deal Seeker,Small Stores / Shops,Salesperson,755750.82,271,2788.75,501.05,4990.54
Sports & Outdoors,Nike,Deal Seeker,Small Stores / Shops,Senior Salesperson,712891.68,257,2773.90,515.22,4999.44
Sports & Outdoors,Nike,Deal Seeker,Supermarkets ,Manager,894163.34,328,2726.11,512.09,4993.16
Sports & Outdoors,Nike,Deal Seeker,Supermarkets ,Sales Associate,997813.83,342,2917.58,502.29,4993.27
Sports & Outdoors,Nike,Deal Seeker,Supermarkets ,Salesperson,807219.69,298,2708.79,517.14,4990.87
Sports & Outdoors,Nike,Deal Seeker,Supermarkets ,Senior Salesperson,766168.76,275,2786.07,502.99,4988.95
Sports & Outdoors,Nike,First-time Buyer,Large Malls / Complexes,Manager,757918.61,284,2668.73,504.23,4963.60
Sports & Outdoors,Nike,First-time Buyer,Large Malls / Complexes,Sales Associate,745995.67,276,2702.88,531.06,4995.28
Sports & Outdoors,Nike,First-time Buyer,Large Malls / Complexes,Salesperson,787786.37,280,2813.52,536.67,4997.70
Sports & Outdoors,Nike,First-time Buyer,Large Malls / Complexes,Senior Salesperson,693589.63,245,2830.98,561.15,4971.00
Sports & Outdoors,Nike,First-time Buyer,Small Stores / Shops,Manager,752594.73,277,2716.95,504.53,4987.64
Sports & Outdoors,Nike,First-time Buyer,Small Stores / Shops,Sales Associate,888176.11,313,2837.62,507.57,4996.20
Sports & Outdoors,Nike,First-time Buyer,Small Stores / Shops,Salesperson,810019.32,300,2700.06,500.01,4943.53
Sports & Outdoors,Nike,First-time Buyer,Small Stores / Shops,Senior Salesperson,772436.74,279,2768.59,555.50,4992.33
Sports & Outdoors,Nike,First-time Buyer,Supermarkets ,Manager,812447.68,305,2663.76,511.02,4931.63
Sports & Outdoors,Nike,First-time Buyer,Supermarkets ,Sales Associate,835309.95,310,2694.55,563.36,4999.02
Sports & Outdoors,Nike,First-time Buyer,Supermarkets ,Salesperson,809521.33,300,2698.40,505.40,4998.69
Sports & Outdoors,Nike,First-time Buyer,Supermarkets ,Senior Salesperson,749646.98,266,2818.22,516.57,4992.74
Sports & Outdoors,Nike,High Value,Large Malls / Complexes,Manager,737463.45,273,2701.33,508.78,4995.45
Sports & Outdoors,Nike,High Value,Large Malls / Complexes,Sales Associate,761454.58,275,2768.93,505.34,4979.55
Sports & Outdoors,Nike,High Value,Large Malls / Complexes,Salesperson,809410.34,281,2880.46,509.93,4998.95
Sports & Outdoors,Nike,High Value,Large Malls / Complexes,Senior Salesperson,625648.77,225,2780.66,511.53,4997.66
Sports & Outdoors,Nike,High Value,Small Stores / Shops,Manager,770711.56,293,2630.41,500.14,4950.71
Sports & Outdoors,Nike,High Value,Small Stores / Shops,Sales Associate,811983.44,290,2799.94,510.74,4996.00
Sports & Outdoors,Nike,High Value,Small Stores / Shops,Salesperson,879601.24,303,2902.97,517.25,4973.24
Sports & Outdoors,Nike,High Value,Small Stores / Shops,Senior Salesperson,761629.06,272,2800.11,512.07,4985.47
Sports & Outdoors,Nike,High Value,Supermarkets ,Manager,810302.78,306,2648.05,534.52,4957.60
Sports & Outdoors,Nike,High Value,Supermarkets ,Sales Associate,650458.07,253,2570.98,510.74,4997.19
Sports & Outdoors,Nike,High Value,Supermarkets ,Salesperson,874034.50,304,2875.11,505.18,4994.68
Sports & Outdoors,Nike,High Value,Supermarkets ,Senior Salesperson,744811.18,272,2738.28,556.58,4978.99
Sports & Outdoors,Nike,In-Store Regular,Large Malls / Complexes,Manager,789712.73,285,2770.92,536.70,4987.70
Sports & Outdoors,Nike,In-Store Regular,Large Malls / Complexes,Sales Associate,791625.15,291,2720.36,553.56,4992.75
Sports & Outdoors,Nike,In-Store Regular,Large Malls / Complexes,Salesperson,690586.58,255,2708.18,517.57,4938.05
Sports & Outdoors,Nike,In-Store Regular,Large Malls / Complexes,Senior Salesperson,637262.52,241,2644.24,501.97,4966.23
Sports & Outdoors,Nike,In-Store Regular,Small Stores / Shops,Manager,819339.85,292,2805.96,502.42,4989.50
Sports & Outdoors,Nike,In-Store Regular,Small Stores / Shops,Sales Associate,754769.60,271,2785.13,523.22,4998.83
Sports & Outdoors,Nike,In-Store Regular,Small Stores / Shops,Salesperson,932182.05,329,2833.38,521.71,4975.06
Sports & Outdoors,Nike,In-Store Regular,Small Stores / Shops,Senior Salesperson,662554.97,244,2715.39,514.94,4968.65
Sports & Outdoors,Nike,In-Store Regular,Supermarkets ,Manager,848256.05,309,2745.17,525.17,4982.64
Sports & Outdoors,Nike,In-Store Regular,Supermarkets ,Sales Associate,842000.13,326,2582.82,527.17,4988.68
Sports & Outdoors,Nike,In-Store Regular,Supermarkets ,Salesperson,817850.52,305,2681.48,540.95,4997.94
Sports & Outdoors,Nike,In-Store Regular,Supermarkets ,Senior Salesperson,718897.11,254,2830.30,504.68,4986.53
Sports & Outdoors,Nike,Loyal Customer,Large Malls / Complexes,Manager,782381.55,281,2784.28,519.56,4984.23
Sports & Outdoors,Nike,Loyal Customer,Large Malls / Complexes,Sales Associate,849044.05,313,2712.60,514.47,4994.05
Sports & Outdoors,Nike,Loyal Customer,Large Malls / Complexes,Salesperson,679184.70,250,2716.74,511.87,4961.64
Sports & Outdoors,Nike,Loyal Customer,Large Malls / Complexes,Senior Salesperson,606740.39,229,2649.52,501.80,4989.56
Sports & Outdoors,Nike,Loyal Customer,Small Stores / Shops,Manager,830103.01,304,2730.60,501.30,4999.83
Sports & Outdoors,Nike,Loyal Customer,Small Stores / Shops,Sales Associate,766572.20,278,2757.45,511.11,4998.97
Sports & Outdoors,Nike,Loyal Customer,Small Stores / Shops,Salesperson,775478.28,294,2637.68,503.87,4993.65
Sports & Outdoors,Nike,Loyal Customer,Small Stores / Shops,Senior Salesperson,675178.52,247,2733.52,501.07,4972.93
Sports & Outdoors,Nike,Loyal Customer,Supermarkets ,Manager,691458.05,257,2690.50,512.61,4944.64
Sports & Outdoors,Nike,Loyal Customer,Supermarkets ,Sales Associate,849732.33,324,2622.63,501.50,4966.23
Sports & Outdoors,Nike,Loyal Customer,Supermarkets ,Salesperson,810504.17,298,2719.81,507.63,4992.09
Sports & Outdoors,Nike,Loyal Customer,Supermarkets ,Senior Salesperson,742469.23,276,2690.11,514.30,4985.13
Sports & Outdoors,Nike,Occasional Shopper,Large Malls / Complexes,Manager,753974.92,281,2683.18,515.30,4993.39
Sports & Outdoors,Nike,Occasional Shopper,Large Malls / Complexes,Sales Associate,804338.63,304,2645.85,503.69,4976.74
Sports & Outdoors,Nike,Occasional Shopper,Large Malls / Complexes,Salesperson,754156.28,271,2782.86,512.51,4995.14
Sports & Outdoors,Nike,Occasional Shopper,Large Malls / Complexes,Senior Salesperson,584828.85,218,2682.70,516.47,4988.56
Sports & Outdoors,Nike,Occasional Shopper,Small Stores / Shops,Manager,777130.71,275,2825.93,506.38,4975.52
Sports & Outdoors,Nike,Occasional Shopper,Small Stores / Shops,Sales Associate,859583.01,304,2827.58,519.19,4998.50
Sports & Outdoors,Nike,Occasional Shopper,Small Stores / Shops,Salesperson,838935.60,303,2768.76,522.13,4987.76
Sports & Outdoors,Nike,Occasional Shopper,Small Stores / Shops,Senior Salesperson,713735.85,264,2703.54,509.96,4979.85
Sports & Outdoors,Nike,Occasional Shopper,Supermarkets ,Manager,770857.23,295,2613.08,503.65,4979.80
Sports & Outdoors,Nike,Occasional Shopper,Supermarkets ,Sales Associate,818025.67,313,2613.50,511.61,4987.98
Sports & Outdoors,Nike,Occasional Shopper,Supermarkets ,Salesperson,911070.86,327,2786.15,505.19,4996.93
Sports & Outdoors,Nike,Occasional Shopper,Supermarkets ,Senior Salesperson,728142.29,253,2878.03,574.66,4998.21
Sports & Outdoors,Nike,Online Shopper,Large Malls / Complexes,Manager,729109.84,264,2761.78,524.20,4963.62
Sports & Outdoors,Nike,Online Shopper,Large Malls / Complexes,Sales Associate,725494.92,255,2845.08,527.14,4978.53
Sports & Outdoors,Nike,Online Shopper,Large Malls / Complexes,Salesperson,708082.17,264,2682.13,522.20,4958.77
Sports & Outdoors,Nike,Online Shopper,Large Malls / Complexes,Senior Salesperson,660697.82,246,2685.76,509.61,4989.88
Sports & Outdoors,Nike,Online Shopper,Small Stores / Shops,Manager,807207.39,287,2812.57,510.74,4994.35
Sports & Outdoors,Nike,Online Shopper,Small Stores / Shops,Sales Associate,710723.25,265,2681.97,515.36,4958.26
Sports & Outdoors,Nike,Online Shopper,Small Stores / Shops,Salesperson,794380.79,292,2720.48,533.75,4996.11
Sports & Outdoors,Nike,Online Shopper,Small Stores / Shops,Senior Salesperson,722501.85,253,2855.74,508.30,4998.38
Sports & Outdoors,Nike,Online Shopper,Supermarkets ,Manager,804719.90,284,2833.52,509.98,4996.32
Sports & Outdoors,Nike,Online Shopper,Supermarkets ,Sales Associate,872128.23,320,2725.40,505.27,4978.91
Sports & Outdoors,Nike,Online Shopper,Supermarkets ,Salesperson,885655.66,328,2700.17,520.40,4952.30
Sports & Outdoors,Nike,Online Shopper,Supermarkets ,Senior Salesperson,782551.10,281,2784.88,503.08,4978.48
Sports & Outdoors,Nike,Premium Shopper,Large Malls / Complexes,Manager,740941.90,268,2764.71,513.90,4993.59
Sports & Outdoors,Nike,Premium Shopper,Large Malls / Complexes,Sales Associate,721000.44,261,2762.45,513.82,4999.19
Sports & Outdoors,Nike,Premium Shopper,Large Malls / Complexes,Salesperson,700528.65,251,2790.95,566.76,4992.16
Sports & Outdoors,Nike,Premium Shopper,Large Malls / Complexes,Senior Salesperson,671125.79,229,2930.68,525.94,4980.07
Sports & Outdoors,Nike,Premium Shopper,Small Stores / Shops,Manager,809555.83,290,2791.57,514.59,4999.67
Sports & Outdoors,Nike,Premium Shopper,Small Stores / Shops,Sales Associate,776966.92,283,2745.47,574.86,4960.67
Sports & Outdoors,Nike,Premium Shopper,Small Stores / Shops,Salesperson,804022.79,287,2801.47,500.79,4988.75
Sports & Outdoors,Nike,Premium Shopper,Small Stores / Shops,Senior Salesperson,754346.42,265,2846.59,502.59,4990.88
Sports & Outdoors,Nike,Premium Shopper,Supermarkets ,Manager,744267.25,255,2918.70,571.86,4992.57
Sports & Outdoors,Nike,Premium Shopper,Supermarkets ,Sales Associate,877018.42,324,2706.85,509.26,4998.76
Sports & Outdoors,Nike,Premium Shopper,Supermarkets ,Salesperson,900727.62,315,2859.45,518.54,4995.92
Sports & Outdoors,Nike,Premium Shopper,Supermarkets ,Senior Salesperson,684989.81,246,2784.51,500.31,4996.44
Sports & Outdoors,Puma,Budget Shopper,Large Malls / Complexes,Manager,679870.32,250,2719.48,515.41,4966.06
Sports & Outdoors,Puma,Budget Shopper,Large Malls / Complexes,Sales Associate,795833.88,285,2792.40,506.68,4985.94
Sports & Outdoors,Puma,Budget Shopper,Large Malls / Complexes,Salesperson,745682.51,287,2598.20,524.79,4966.55
Sports & Outdoors,Puma,Budget Shopper,Large Malls / Complexes,Senior Salesperson,788944.91,278,2837.93,510.88,4975.09
Sports & Outdoors,Puma,Budget Shopper,Small Stores / Shops,Manager,824322.62,298,2766.18,511.55,4983.99
Sports & Outdoors,Puma,Budget Shopper,Small Stores / Shops,Sales Associate,760155.43,271,2805.00,519.69,4991.44
Sports & Outdoors,Puma,Budget Shopper,Small Stores / Shops,Salesperson,817962.90,295,2772.76,511.85,4983.34
Sports & Outdoors,Puma,Budget Shopper,Small Stores / Shops,Senior Salesperson,648532.37,234,2771.51,536.33,4967.44
Sports & Outdoors,Puma,Budget Shopper,Supermarkets ,Manager,806012.02,291,2769.80,501.48,4969.83
Sports & Outdoors,Puma,Budget Shopper,Supermarkets ,Sales Associate,860434.83,296,2906.87,514.47,4978.71
Sports & Outdoors,Puma,Budget Shopper,Supermarkets ,Salesperson,739658.65,287,2577.21,509.04,4981.42
Sports & Outdoors,Puma,Budget Shopper,Supermarkets ,Senior Salesperson,749497.00,270,2775.91,512.16,4997.46
Sports & Outdoors,Puma,Churn Risk,Large Malls / Complexes,Manager,797705.27,283,2818.75,561.43,4998.60
Sports & Outdoors,Puma,Churn Risk,Large Malls / Complexes,Sales Associate,719708.91,250,2878.84,526.79,4997.51
Sports & Outdoors,Puma,Churn Risk,Large Malls / Complexes,Salesperson,744713.06,270,2758.20,548.27,4993.44
Sports & Outdoors,Puma,Churn Risk,Large Malls / Complexes,Senior Salesperson,692438.75,245,2826.28,501.93,4988.61
Sports & Outdoors,Puma,Churn Risk,Small Stores / Shops,Manager,863783.32,303,2850.77,502.49,4964.22
Sports & Outdoors,Puma,Churn Risk,Small Stores / Shops,Sales Associate,713252.81,277,2574.92,530.52,4993.72
Sports & Outdoors,Puma,Churn Risk,Small Stores / Shops,Salesperson,756215.21,280,2700.77,502.77,4996.88
Sports & Outdoors,Puma,Churn Risk,Small Stores / Shops,Senior Salesperson,758544.12,279,2718.80,502.11,4990.76
Sports & Outdoors,Puma,Churn Risk,Supermarkets ,Manager,820535.24,307,2672.75,512.89,4980.18
Sports & Outdoors,Puma,Churn Risk,Supermarkets ,Sales Associate,823343.86,306,2690.67,506.78,4984.02
Sports & Outdoors,Puma,Churn Risk,Supermarkets ,Salesperson,864181.06,306,2824.12,513.56,4993.59
Sports & Outdoors,Puma,Churn Risk,Supermarkets ,Senior Salesperson,774349.35,278,2785.43,553.22,4986.29
Sports & Outdoors,Puma,Deal Seeker,Large Malls / Complexes,Manager,818516.83,288,2842.07,501.96,4998.69
Sports & Outdoors,Puma,Deal Seeker,Large Malls / Complexes,Sales Associate,810926.03,292,2777.14,521.71,4983.86
Sports & Outdoors,Puma,Deal Seeker,Large Malls / Complexes,Salesperson,738064.24,269,2743.73,508.67,4998.09
Sports & Outdoors,Puma,Deal Seeker,Large Malls / Complexes,Senior Salesperson,681164.65,245,2780.26,523.97,4975.91
Sports & Outdoors,Puma,Deal Seeker,Small Stores / Shops,Manager,742916.72,266,2792.92,537.20,4997.71
Sports & Outdoors,Puma,Deal Seeker,Small Stores / Shops,Sales Associate,811408.95,297,2732.02,502.43,4979.26
Sports & Outdoors,Puma,Deal Seeker,Small Stores / Shops,Salesperson,919601.24,341,2696.78,538.84,4985.65
Sports & Outdoors,Puma,Deal Seeker,Small Stores / Shops,Senior Salesperson,781935.74,277,2822.87,521.89,4982.68
Sports & Outdoors,Puma,Deal Seeker,Supermarkets ,Manager,809076.70,290,2789.92,506.16,4972.38
Sports & Outdoors,Puma,Deal Seeker,Supermarkets ,Sales Associate,834719.14,303,2754.85,521.53,4997.56
Sports & Outdoors,Puma,Deal Seeker,Supermarkets ,Salesperson,786480.92,281,2798.86,500.66,4996.42
Sports & Outdoors,Puma,Deal Seeker,Supermarkets ,Senior Salesperson,750182.52,270,2778.45,503.44,4989.37
Sports & Outdoors,Puma,First-time Buyer,Large Malls / Complexes,Manager,773442.42,263,2940.85,579.15,4987.34
Sports & Outdoors,Puma,First-time Buyer,Large Malls / Complexes,Sales Associate,795629.71,294,2706.22,504.07,4981.24
Sports & Outdoors,Puma,First-time Buyer,Large Malls / Complexes,Salesperson,721092.52,255,2827.81,508.24,4994.88
Sports & Outdoors,Puma,First-time Buyer,Large Malls / Complexes,Senior Salesperson,630402.69,226,2789.39,511.61,4978.72
Sports & Outdoors,Puma,First-time Buyer,Small Stores / Shops,Manager,773499.72,281,2752.67,500.04,4979.88
Sports & Outdoors,Puma,First-time Buyer,Small Stores / Shops,Sales Associate,841565.20,309,2723.51,506.15,4990.69
Sports & Outdoors,Puma,First-time Buyer,Small Stores / Shops,Salesperson,794429.37,288,2758.44,508.31,4994.34
Sports & Outdoors,Puma,First-time Buyer,Small Stores / Shops,Senior Salesperson,753159.41,282,2670.78,516.37,4996.42
Sports & Outdoors,Puma,First-time Buyer,Supermarkets ,Manager,825980.15,312,2647.37,523.76,4991.31
Sports & Outdoors,Puma,First-time Buyer,Supermarkets ,Sales Associate,821871.82,297,2767.25,512.46,4993.79
Sports & Outdoors,Puma,First-time Buyer,Supermarkets ,Salesperson,807814.83,297,2719.92,571.89,4981.53
Sports & Outdoors,Puma,First-time Buyer,Supermarkets ,Senior Salesperson,693653.50,257,2699.04,518.46,4972.97
Sports & Outdoors,Puma,High Value,Large Malls / Complexes,Manager,797937.23,286,2789.99,524.72,4995.61
Sports & Outdoors,Puma,High Value,Large Malls / Complexes,Sales Associate,703595.79,258,2727.12,500.10,4991.64
Sports & Outdoors,Puma,High Value,Large Malls / Complexes,Salesperson,860608.74,304,2830.95,500.37,4998.01
Sports & Outdoors,Puma,High Value,Large Malls / Complexes,Senior Salesperson,670074.75,245,2735.00,510.07,4999.61
Sports & Outdoors,Puma,High Value,Small Stores / Shops,Manager,811305.03,289,2807.28,527.52,4991.35
Sports & Outdoors,Puma,High Value,Small Stores / Shops,Sales Associate,942583.92,333,2830.58,517.84,4981.66
Sports & Outdoors,Puma,High Value,Small Stores / Shops,Salesperson,832956.37,315,2644.31,503.81,4981.86
Sports & Outdoors,Puma,High Value,Small Stores / Shops,Senior Salesperson,776201.80,269,2885.51,500.03,4987.18
Sports & Outdoors,Puma,High Value,Supermarkets ,Manager,815598.29,294,2774.14,502.72,4970.18
Sports & Outdoors,Puma,High Value,Supermarkets ,Sales Associate,895702.98,322,2781.69,518.01,4987.65
Sports & Outdoors,Puma,High Value,Supermarkets ,Salesperson,823510.66,291,2829.93,504.90,4996.51
Sports & Outdoors,Puma,High Value,Supermarkets ,Senior Salesperson,762744.50,284,2685.72,533.45,4995.90
Sports & Outdoors,Puma,In-Store Regular,Large Malls / Complexes,Manager,757769.57,265,2859.51,509.15,4989.36
Sports & Outdoors,Puma,In-Store Regular,Large Malls / Complexes,Sales Associate,745942.37,279,2673.63,540.25,4995.46
Sports & Outdoors,Puma,In-Store Regular,Large Malls / Complexes,Salesperson,735933.54,267,2756.31,516.22,4990.11
Sports & Outdoors,Puma,In-Store Regular,Large Malls / Complexes,Senior Salesperson,666339.99,242,2753.47,516.03,4989.65
Sports & Outdoors,Puma,In-Store Regular,Small Stores / Shops,Manager,780458.40,277,2817.54,537.31,4974.36
Sports & Outdoors,Puma,In-Store Regular,Small Stores / Shops,Sales Associate,926152.88,341,2715.99,506.20,4993.05
Sports & Outdoors,Puma,In-Store Regular,Small Stores / Shops,Salesperson,778217.62,307,2534.91,502.54,4995.13
Sports & Outdoors,Puma,In-Store Regular,Small Stores / Shops,Senior Salesperson,725159.67,279,2599.14,528.73,4993.43
Sports & Outdoors,Puma,In-Store Regular,Supermarkets ,Manager,748870.53,265,2825.93,548.41,4983.07
Sports & Outdoors,Puma,In-Store Regular,Supermarkets ,Sales Associate,831428.28,310,2682.03,519.06,4952.71
Sports & Outdoors,Puma,In-Store Regular,Supermarkets ,Salesperson,750711.36,281,2671.57,516.28,4999.89
Sports & Outdoors,Puma,In-Store Regular,Supermarkets ,Senior Salesperson,723206.10,258,2803.12,524.14,4996.45
Sports & Outdoors,Puma,Loyal Customer,Large Malls / Complexes,Manager,644263.66,237,2718.41,534.67,4970.51
Sports & Outdoors,Puma,Loyal Customer,Large Malls / Complexes,Sales Associate,710483.72,263,2701.46,522.24,4990.43
Sports & Outdoors,Puma,Loyal Customer,Large Malls / Complexes,Salesperson,712130.18,266,2677.18,507.72,4945.99
Sports & Outdoors,Puma,Loyal Customer,Large Malls / Complexes,Senior Salesperson,653978.64,242,2702.39,521.51,4981.80
Sports & Outdoors,Puma,Loyal Customer,Small Stores / Shops,Manager,844581.73,298,2834.17,529.41,4995.36
Sports & Outdoors,Puma,Loyal Customer,Small Stores / Shops,Sales Associate,886332.76,319,2778.47,510.77,4996.57
Sports & Outdoors,Puma,Loyal Customer,Small Stores / Shops,Salesperson,751739.59,266,2826.09,503.10,4997.04
Sports & Outdoors,Puma,Loyal Customer,Small Stores / Shops,Senior Salesperson,746049.83,282,2645.57,503.52,4961.96
Sports & Outdoors,Puma,Loyal Customer,Supermarkets ,Manager,772775.60,279,2769.81,569.04,4975.47
Sports & Outdoors,Puma,Loyal Customer,Supermarkets ,Sales Associate,764532.49,285,2682.57,532.47,4982.62
Sports & Outdoors,Puma,Loyal Customer,Supermarkets ,Salesperson,806351.01,293,2752.05,527.66,4988.87
Sports & Outdoors,Puma,Loyal Customer,Supermarkets ,Senior Salesperson,771734.38,276,2796.14,503.60,4996.09
Sports & Outdoors,Puma,Occasional Shopper,Large Malls / Complexes,Manager,702736.59,263,2672.00,517.34,4973.10
Sports & Outdoors,Puma,Occasional Shopper,Large Malls / Complexes,Sales Associate,785387.60,276,2845.61,504.14,4979.62
Sports & Outdoors,Puma,Occasional Shopper,Large Malls / Complexes,Salesperson,732051.14,267,2741.76,513.40,4995.89
Sports & Outdoors,Puma,Occasional Shopper,Large Malls / Complexes,Senior Salesperson,594282.54,229,2595.12,502.29,4985.11
Sports & Outdoors,Puma,Occasional Shopper,Small Stores / Shops,Manager,672679.58,261,2577.32,526.61,4983.32
Sports & Outdoors,Puma,Occasional Shopper,Small Stores / Shops,Sales Associate,806778.31,288,2801.31,503.87,4991.15
Sports & Outdoors,Puma,Occasional Shopper,Small Stores / Shops,Salesperson,879150.86,319,2755.96,500.41,4998.46
Sports & Outdoors,Puma,Occasional Shopper,Small Stores / Shops,Senior Salesperson,746476.10,276,2704.62,502.39,4996.43
Sports & Outdoors,Puma,Occasional Shopper,Supermarkets ,Manager,823192.90,293,2809.53,503.81,4943.96
Sports & Outdoors,Puma,Occasional Shopper,Supermarkets ,Sales Associate,902937.58,325,2778.27,569.98,4981.70
Sports & Outdoors,Puma,Occasional Shopper,Supermarkets ,Salesperson,797966.03,294,2714.17,543.96,4982.97
Sports & Outdoors,Puma,Occasional Shopper,Supermarkets ,Senior Salesperson,733763.05,269,2727.74,504.62,4993.05
Sports & Outdoors,Puma,Online Shopper,Large Malls / Complexes,Manager,731590.99,274,2670.04,513.92,4957.44
Sports & Outdoors,Puma,Online Shopper,Large Malls / Complexes,Sales Associate,856230.23,304,2816.55,513.77,4999.78
Sports & Outdoors,Puma,Online Shopper,Large Malls / Complexes,Salesperson,720257.58,275,2619.12,502.74,4989.36
Sports & Outdoors,Puma,Online Shopper,Large Malls / Complexes,Senior Salesperson,618026.43,231,2675.44,533.40,4957.03
Sports & Outdoors,Puma,Online Shopper,Small Stores / Shops,Manager,658323.11,240,2743.01,509.78,4980.12
Sports & Outdoors,Puma,Online Shopper,Small Stores / Shops,Sales Associate,777841.82,275,2828.52,503.49,4970.64
Sports & Outdoors,Puma,Online Shopper,Small Stores / Shops,Salesperson,794545.99,292,2721.05,519.05,4987.48
Sports & Outdoors,Puma,Online Shopper,Small Stores / Shops,Senior Salesperson,709007.28,258,2748.09,509.87,4994.48
Sports & Outdoors,Puma,Online Shopper,Supermarkets ,Manager,838872.56,301,2786.95,500.04,4984.92
Sports & Outdoors,Puma,Online Shopper,Supermarkets ,Sales Associate,828555.69,305,2716.58,504.11,4991.31
Sports & Outdoors,Puma,Online Shopper,Supermarkets ,Salesperson,822366.08,293,2806.71,512.78,4992.50
Sports & Outdoors,Puma,Online Shopper,Supermarkets ,Senior Salesperson,802034.86,282,2844.10,520.00,4934.56
Sports & Outdoors,Puma,Premium Shopper,Large Malls / Complexes,Manager,740443.33,271,2732.26,532.79,4985.90
Sports & Outdoors,Puma,Premium Shopper,Large Malls / Complexes,Sales Associate,724631.68,260,2787.04,508.13,4980.56
Sports & Outdoors,Puma,Premium Shopper,Large Malls / Complexes,Salesperson,654720.22,255,2567.53,509.04,4993.01
Sports & Outdoors,Puma,Premium Shopper,Large Malls / Complexes,Senior Salesperson,638662.97,234,2729.33,525.03,4988.12
Sports & Outdoors,Puma,Premium Shopper,Small Stores / Shops,Manager,817012.18,287,2846.73,504.35,4993.54
Sports & Outdoors,Puma,Premium Shopper,Small Stores / Shops,Sales Associate,753658.49,277,2720.79,515.16,4933.66
Sports & Outdoors,Puma,Premium Shopper,Small Stores / Shops,Salesperson,769116.56,290,2652.13,510.32,4994.03
Sports & Outdoors,Puma,Premium Shopper,Small Stores / Shops,Senior Salesperson,765850.60,291,2631.79,501.13,4997.06
Sports & Outdoors,Puma,Premium Shopper,Supermarkets ,Manager,761491.03,274,2779.16,522.46,4995.80
Sports & Outdoors,Puma,Premium Shopper,Supermarkets ,Sales Associate,790392.66,282,2802.81,518.56,4986.87
Sports & Outdoors,Puma,Premium Shopper,Supermarkets ,Salesperson,786280.23,294,2674.42,542.90,4965.18
Sports & Outdoors,Puma,Premium Shopper,Supermarkets ,Senior Salesperson,678266.35,237,2861.88,500.81,4995.70
Sports & Outdoors,Reebok,Budget Shopper,Large Malls / Complexes,Manager,775261.64,275,2819.13,533.77,4975.14
Sports & Outdoors,Reebok,Budget Shopper,Large Malls / Complexes,Sales Associate,762348.36,272,2802.75,506.53,4990.45
Sports & Outdoors,Reebok,Budget Shopper,Large Malls / Complexes,Salesperson,750529.32,270,2779.74,507.06,4991.74
Sports & Outdoors,Reebok,Budget Shopper,Large Malls / Complexes,Senior Salesperson,589092.17,231,2550.18,500.26,4955.41
Sports & Outdoors,Reebok,Budget Shopper,Small Stores / Shops,Manager,744065.09,267,2786.76,500.78,4969.16
Sports & Outdoors,Reebok,Budget Shopper,Small Stores / Shops,Sales Associate,757031.48,276,2742.87,510.28,4966.28
Sports & Outdoors,Reebok,Budget Shopper,Small Stores / Shops,Salesperson,779069.24,290,2686.45,533.95,4998.61
Sports & Outdoors,Reebok,Budget Shopper,Small Stores / Shops,Senior Salesperson,637039.67,239,2665.44,501.12,4996.08
Sports & Outdoors,Reebok,Budget Shopper,Supermarkets ,Manager,771091.45,285,2705.58,500.04,4996.39
Sports & Outdoors,Reebok,Budget Shopper,Supermarkets ,Sales Associate,887234.13,307,2890.01,525.44,4967.25
Sports & Outdoors,Reebok,Budget Shopper,Supermarkets ,Salesperson,795238.41,291,2732.78,506.05,4983.84
Sports & Outdoors,Reebok,Budget Shopper,Supermarkets ,Senior Salesperson,788184.63,289,2727.28,543.53,4994.50
Sports & Outdoors,Reebok,Churn Risk,Large Malls / Complexes,Manager,761754.04,281,2710.87,528.35,4989.13
Sports & Outdoors,Reebok,Churn Risk,Large Malls / Complexes,Sales Associate,851260.86,311,2737.17,506.24,4948.61
Sports & Outdoors,Reebok,Churn Risk,Large Malls / Complexes,Salesperson,857737.66,302,2840.19,541.76,4983.68
Sports & Outdoors,Reebok,Churn Risk,Large Malls / Complexes,Senior Salesperson,714525.56,252,2835.42,506.83,4937.13
Sports & Outdoors,Reebok,Churn Risk,Small Stores / Shops,Manager,789778.35,277,2851.19,525.16,4988.73
Sports & Outdoors,Reebok,Churn Risk,Small Stores / Shops,Sales Associate,813834.56,286,2845.58,550.58,4987.89
Sports & Outdoors,Reebok,Churn Risk,Small Stores / Shops,Salesperson,878179.26,328,2677.38,506.11,4975.72
Sports & Outdoors,Reebok,Churn Risk,Small Stores / Shops,Senior Salesperson,730010.62,274,2664.27,540.53,4998.24
Sports & Outdoors,Reebok,Churn Risk,Supermarkets ,Manager,904477.64,325,2783.01,534.17,4995.06
Sports & Outdoors,Reebok,Churn Risk,Supermarkets ,Sales Associate,887500.66,331,2681.27,517.08,4997.68
Sports & Outdoors,Reebok,Churn Risk,Supermarkets ,Salesperson,766743.29,279,2748.18,510.80,4995.99
Sports & Outdoors,Reebok,Churn Risk,Supermarkets ,Senior Salesperson,721879.09,261,2765.82,506.58,4980.88
Sports & Outdoors,Reebok,Deal Seeker,Large Malls / Complexes,Manager,776779.92,291,2669.35,514.92,4980.69
Sports & Outdoors,Reebok,Deal Seeker,Large Malls / Complexes,Sales Associate,856944.97,319,2686.35,502.11,4989.91
Sports & Outdoors,Reebok,Deal Seeker,Large Malls / Complexes,Salesperson,818192.22,302,2709.25,517.17,4980.70
Sports & Outdoors,Reebok,Deal Seeker,Large Malls / Complexes,Senior Salesperson,683689.90,237,2884.77,505.26,4984.10
Sports & Outdoors,Reebok,Deal Seeker,Small Stores / Shops,Manager,800450.19,274,2921.35,516.83,4999.30
Sports & Outdoors,Reebok,Deal Seeker,Small Stores / Shops,Sales Associate,780004.36,288,2708.35,547.60,4996.48
Sports & Outdoors,Reebok,Deal Seeker,Small Stores / Shops,Salesperson,849334.53,314,2704.89,505.03,4973.85
Sports & Outdoors,Reebok,Deal Seeker,Small Stores / Shops,Senior Salesperson,572591.17,225,2544.85,520.66,4988.82
Sports & Outdoors,Reebok,Deal Seeker,Supermarkets ,Manager,707596.03,267,2650.17,549.61,4994.38
Sports & Outdoors,Reebok,Deal Seeker,Supermarkets ,Sales Associate,867697.41,331,2621.44,504.14,4999.33
Sports & Outdoors,Reebok,Deal Seeker,Supermarkets ,Salesperson,782869.98,282,2776.13,508.46,4997.82
Sports & Outdoors,Reebok,Deal Seeker,Supermarkets ,Senior Salesperson,696925.86,259,2690.83,537.39,4959.06
Sports & Outdoors,Reebok,First-time Buyer,Large Malls / Complexes,Manager,724616.83,264,2744.76,523.63,4972.41
Sports & Outdoors,Reebok,First-time Buyer,Large Malls / Complexes,Sales Associate,792537.06,280,2830.49,515.98,4989.45
Sports & Outdoors,Reebok,First-time Buyer,Large Malls / Complexes,Salesperson,798196.97,281,2840.56,504.45,4996.59
Sports & Outdoors,Reebok,First-time Buyer,Large Malls / Complexes,Senior Salesperson,692931.70,240,2887.22,519.65,4974.30
Sports & Outdoors,Reebok,First-time Buyer,Small Stores / Shops,Manager,737424.08,274,2691.33,542.06,4973.22
Sports & Outdoors,Reebok,First-time Buyer,Small Stores / Shops,Sales Associate,744074.23,264,2818.46,500.37,4988.88
Sports & Outdoors,Reebok,First-time Buyer,Small Stores / Shops,Salesperson,759439.20,287,2646.13,536.25,4996.44
Sports & Outdoors,Reebok,First-time Buyer,Small Stores / Shops,Senior Salesperson,709250.61,259,2738.42,531.66,4988.78
Sports & Outdoors,Reebok,First-time Buyer,Supermarkets ,Manager,835340.14,301,2775.22,507.75,4986.35
Sports & Outdoors,Reebok,First-time Buyer,Supermarkets ,Sales Associate,821804.91,299,2748.51,521.66,4976.19
Sports & Outdoors,Reebok,First-time Buyer,Supermarkets ,Salesperson,857993.96,291,2948.43,502.16,4995.89
Sports & Outdoors,Reebok,First-time Buyer,Supermarkets ,Senior Salesperson,725250.08,283,2562.72,502.81,4969.54
Sports & Outdoors,Reebok,High Value,Large Malls / Complexes,Manager,811851.09,296,2742.74,503.56,4998.53
Sports & Outdoors,Reebok,High Value,Large Malls / Complexes,Sales Associate,842470.51,297,2836.60,515.24,4996.62
Sports & Outdoors,Reebok,High Value,Large Malls / Complexes,Salesperson,672795.18,259,2597.66,523.62,4996.35
Sports & Outdoors,Reebok,High Value,Large Malls / Complexes,Senior Salesperson,693379.15,249,2784.66,510.98,4979.33
Sports & Outdoors,Reebok,High Value,Small Stores / Shops,Manager,748915.38,268,2794.46,563.15,4987.08
Sports & Outdoors,Reebok,High Value,Small Stores / Shops,Sales Associate,786346.89,270,2912.40,514.36,4996.75
Sports & Outdoors,Reebok,High Value,Small Stores / Shops,Salesperson,725325.48,267,2716.57,510.07,4986.51
Sports & Outdoors,Reebok,High Value,Small Stores / Shops,Senior Salesperson,746707.21,273,2735.19,502.36,4996.31
Sports & Outdoors,Reebok,High Value,Supermarkets ,Manager,794215.14,282,2816.37,513.97,4975.83
Sports & Outdoors,Reebok,High Value,Supermarkets ,Sales Associate,831721.76,313,2657.26,514.21,4958.49
Sports & Outdoors,Reebok,High Value,Supermarkets ,Salesperson,814858.07,305,2671.67,505.89,4981.36
Sports & Outdoors,Reebok,High Value,Supermarkets ,Senior Salesperson,770690.94,268,2875.71,539.46,4989.29
Sports & Outdoors,Reebok,In-Store Regular,Large Malls / Complexes,Manager,767169.49,283,2710.85,560.62,4997.25
Sports & Outdoors,Reebok,In-Store Regular,Large Malls / Complexes,Sales Associate,778786.26,282,2761.65,520.35,4986.59
Sports & Outdoors,Reebok,In-Store Regular,Large Malls / Complexes,Salesperson,838234.14,291,2880.53,502.76,4994.22
Sports & Outdoors,Reebok,In-Store Regular,Large Malls / Complexes,Senior Salesperson,727181.94,262,2775.50,513.44,4995.28
Sports & Outdoors,Reebok,In-Store Regular,Small Stores / Shops,Manager,842661.11,295,2856.48,504.56,4982.28
Sports & Outdoors,Reebok,In-Store Regular,Small Stores / Shops,Sales Associate,851936.01,311,2739.34,520.18,4966.16
Sports & Outdoors,Reebok,In-Store Regular,Small Stores / Shops,Salesperson,790062.74,283,2791.74,510.35,4996.77
Sports & Outdoors,Reebok,In-Store Regular,Small Stores / Shops,Senior Salesperson,789182.92,274,2880.23,504.23,4987.95
Sports & Outdoors,Reebok,In-Store Regular,Supermarkets ,Manager,846783.76,296,2860.76,519.70,4998.42
Sports & Outdoors,Reebok,In-Store Regular,Supermarkets ,Sales Associate,829023.33,287,2888.58,511.10,4992.08
Sports & Outdoors,Reebok,In-Store Regular,Supermarkets ,Salesperson,773856.10,278,2783.66,509.93,4983.45
Sports & Outdoors,Reebok,In-Store Regular,Supermarkets ,Senior Salesperson,678118.40,237,2861.26,502.90,4999.53
Sports & Outdoors,Reebok,Loyal Customer,Large Malls / Complexes,Manager,661492.70,248,2667.31,548.36,4999.34
Sports & Outdoors,Reebok,Loyal Customer,Large Malls / Complexes,Sales Associate,775493.30,288,2692.69,504.12,4980.38
Sports & Outdoors,Reebok,Loyal Customer,Large Malls / Complexes,Salesperson,834108.61,301,2771.12,500.76,4996.45
Sports & Outdoors,Reebok,Loyal Customer,Large Malls / Complexes,Senior Salesperson,632231.96,236,2678.95,509.14,4983.66
Sports & Outdoors,Reebok,Loyal Customer,Small Stores / Shops,Manager,784542.56,295,2659.47,500.50,4998.56
Sports & Outdoors,Reebok,Loyal Customer,Small Stores / Shops,Sales Associate,898967.19,312,2881.31,505.17,4992.07
Sports & Outdoors,Reebok,Loyal Customer,Small Stores / Shops,Salesperson,785328.20,278,2824.92,515.75,4997.31
Sports & Outdoors,Reebok,Loyal Customer,Small Stores / Shops,Senior Salesperson,654028.38,244,2680.44,503.07,4984.45
Sports & Outdoors,Reebok,Loyal Customer,Supermarkets ,Manager,714284.58,264,2705.62,516.35,4991.18
Sports & Outdoors,Reebok,Loyal Customer,Supermarkets ,Sales Associate,888839.85,325,2734.89,513.64,4998.20
Sports & Outdoors,Reebok,Loyal Customer,Supermarkets ,Salesperson,846708.50,303,2794.42,508.28,4993.18
Sports & Outdoors,Reebok,Loyal Customer,Supermarkets ,Senior Salesperson,748870.59,271,2763.36,505.95,4988.90
Sports & Outdoors,Reebok,Occasional Shopper,Large Malls / Complexes,Manager,682093.86,247,2761.51,518.70,4998.87
Sports & Outdoors,Reebok,Occasional Shopper,Large Malls / Complexes,Sales Associate,791729.26,285,2778.00,525.10,4993.19
Sports & Outdoors,Reebok,Occasional Shopper,Large Malls / Complexes,Salesperson,724383.87,265,2733.52,512.45,4984.29
Sports & Outdoors,Reebok,Occasional Shopper,Large Malls / Complexes,Senior Salesperson,654450.35,233,2808.80,508.41,4955.28
Sports & Outdoors,Reebok,Occasional Shopper,Small Stores / Shops,Manager,782650.59,300,2608.84,501.32,4975.63
Sports & Outdoors,Reebok,Occasional Shopper,Small Stores / Shops,Sales Associate,794428.72,289,2748.89,517.53,4993.48
Sports & Outdoors,Reebok,Occasional Shopper,Small Stores / Shops,Salesperson,850456.96,306,2779.27,501.42,4999.65
Sports & Outdoors,Reebok,Occasional Shopper,Small Stores / Shops,Senior Salesperson,743098.90,269,2762.45,502.59,4995.69
Sports & Outdoors,Reebok,Occasional Shopper,Supermarkets ,Manager,727984.93,285,2554.33,501.14,4996.28
Sports & Outdoors,Reebok,Occasional Shopper,Supermarkets ,Sales Associate,815879.89,298,2737.85,505.11,4974.37
Sports & Outdoors,Reebok,Occasional Shopper,Supermarkets ,Salesperson,829871.39,306,2712.00,515.01,4997.81
Sports & Outdoors,Reebok,Occasional Shopper,Supermarkets ,Senior Salesperson,717334.91,269,2666.67,536.89,4987.96
Sports & Outdoors,Reebok,Online Shopper,Large Malls / Complexes,Manager,716177.77,263,2723.11,508.07,4977.91
Sports & Outdoors,Reebok,Online Shopper,Large Malls / Complexes,Sales Associate,745205.76,276,2700.02,509.60,4953.69
Sports & Outdoors,Reebok,Online Shopper,Large Malls / Complexes,Salesperson,761943.01,283,2692.38,556.26,4991.63
Sports & Outdoors,Reebok,Online Shopper,Large Malls / Complexes,Senior Salesperson,770185.94,274,2810.90,516.62,4996.40
Sports & Outdoors,Reebok,Online Shopper,Small Stores / Shops,Manager,788883.67,292,2701.66,536.77,4994.74
Sports & Outdoors,Reebok,Online Shopper,Small Stores / Shops,Sales Associate,849756.54,313,2714.88,507.03,4993.60
Sports & Outdoors,Reebok,Online Shopper,Small Stores / Shops,Salesperson,865441.44,303,2856.24,501.32,4994.96
Sports & Outdoors,Reebok,Online Shopper,Small Stores / Shops,Senior Salesperson,699061.21,250,2796.24,518.18,4972.86
Sports & Outdoors,Reebok,Online Shopper,Supermarkets ,Manager,800473.72,282,2838.56,506.74,4998.53
Sports & Outdoors,Reebok,Online Shopper,Supermarkets ,Sales Associate,964118.58,336,2869.40,518.98,4986.84
Sports & Outdoors,Reebok,Online Shopper,Supermarkets ,Salesperson,860435.32,304,2830.38,504.92,4992.25
Sports & Outdoors,Reebok,Online Shopper,Supermarkets ,Senior Salesperson,690815.15,259,2667.24,521.03,4998.98
Sports & Outdoors,Reebok,Premium Shopper,Large Malls / Complexes,Manager,718353.19,269,2670.46,508.91,4974.13
Sports & Outdoors,Reebok,Premium Shopper,Large Malls / Complexes,Sales Associate,778068.07,287,2711.04,529.21,4977.11
Sports & Outdoors,Reebok,Premium Shopper,Large Malls / Complexes,Salesperson,797442.25,286,2788.26,500.30,4991.13
Sports & Outdoors,Reebok,Premium Shopper,Large Malls / Complexes,Senior Salesperson,644129.70,225,2862.80,503.35,4987.71
Sports & Outdoors,Reebok,Premium Shopper,Small Stores / Shops,Manager,793918.92,286,2775.94,505.83,4981.66
Sports & Outdoors,Reebok,Premium Shopper,Small Stores / Shops,Sales Associate,787828.63,285,2764.31,500.78,4985.32
Sports & Outdoors,Reebok,Premium Shopper,Small Stores / Shops,Salesperson,723416.65,265,2729.87,510.79,4997.64
Sports & Outdoors,Reebok,Premium Shopper,Small Stores / Shops,Senior Salesperson,715891.71,258,2774.77,569.59,4998.61
Sports & Outdoors,Reebok,Premium Shopper,Supermarkets ,Manager,765043.29,284,2693.81,513.15,4987.16
Sports & Outdoors,Reebok,Premium Shopper,Supermarkets ,Sales Associate,742956.91,266,2793.07,535.21,4960.18
Sports & Outdoors,Reebok,Premium Shopper,Supermarkets ,Salesperson,826312.90,306,2700.37,502.70,4999.55
Sports & Outdoors,Reebok,Premium Shopper,Supermarkets ,Senior Salesperson,684461.59,242,2828.35,506.96,4946.31
