brand,customer_segment,store_type,salesperson_role,sum_amount,count,avg_amount,min_amount,max_amount
Adidas,Budget Shopper,Large Malls / Complexes,Manager,1432032.78,493,2904.73,500.43,4986.22
Adidas,Budget Shopper,Large Malls / Complexes,Sales Associate,1514222.49,538,2814.54,505.34,4994.32
Adidas,Budget Shopper,Large Malls / Complexes,Salesperson,1497723.95,537,2789.06,511.21,4999.95
Adidas,Budget Shopper,Large Malls / Complexes,Senior Salesperson,1265360.90,453,2793.29,509.13,4975.12
Adidas,Budget Shopper,Small Stores / Shops,Manager,1530864.54,572,2676.34,541.28,4991.92
Adidas,Budget Shopper,Small Stores / Shops,Sales Associate,1622812.86,589,2755.20,512.05,4998.36
Adidas,Budget Shopper,Small Stores / Shops,Salesperson,1592458.43,581,2740.89,511.56,4993.46
Adidas,Budget Shopper,Small Stores / Shops,Senior Salesperson,1291076.72,481,2684.15,507.80,4994.90
Adidas,Budget Shopper,Supermarkets ,Manager,1564449.37,569,2749.47,503.98,4996.74
Adidas,Budget Shopper,Supermarkets ,Sales Associate,1716313.36,615,2790.75,530.59,4990.39
Adidas,Budget Shopper,Supermarkets ,Salesperson,1572876.73,590,2665.89,501.20,4995.87
Adidas,Budget Shopper,Supermarkets ,Senior Salesperson,1438573.63,529,2719.42,502.14,4980.54
Adidas,Churn Risk,Large Malls / Complexes,Manager,1462470.66,524,2790.97,505.67,4988.93
Adidas,Churn Risk,Large Malls / Complexes,Sales Associate,1469950.09,528,2784.00,535.63,4997.18
Adidas,Churn Risk,Large Malls / Complexes,Salesperson,1627106.41,569,2859.59,508.67,4999.18
Adidas,Churn Risk,Large Malls / Complexes,Senior Salesperson,1436455.44,510,2816.58,511.14,4999.86
Adidas,Churn Risk,Small Stores / Shops,Manager,1538664.18,570,2699.41,530.29,4998.38
Adidas,Churn Risk,Small Stores / Shops,Sales Associate,1499046.96,552,2715.66,504.72,4996.24
Adidas,Churn Risk,Small Stores / Shops,Salesperson,1622868.50,603,2691.32,510.65,4993.81
Adidas,Churn Risk,Small Stores / Shops,Senior Salesperson,1208973.74,446,2710.70,500.73,4993.32
Adidas,Churn Risk,Supermarkets ,Manager,1529772.57,576,2655.86,506.36,4997.38
Adidas,Churn Risk,Supermarkets ,Sales Associate,1636659.97,600,2727.77,503.18,4998.56
Adidas,Churn Risk,Supermarkets ,Salesperson,1637847.76,573,2858.37,506.71,4997.20
Adidas,Churn Risk,Supermarkets ,Senior Salesperson,1428955.15,524,2727.01,514.15,4977.09
Adidas,Deal Seeker,Large Malls / Complexes,Manager,1566003.30,554,2826.72,501.32,4996.56
Adidas,Deal Seeker,Large Malls / Complexes,Sales Associate,1669380.27,608,2745.69,505.10,4998.10
Adidas,Deal Seeker,Large Malls / Complexes,Salesperson,1586152.84,558,2842.57,504.14,4995.87
Adidas,Deal Seeker,Large Malls / Complexes,Senior Salesperson,1314624.00,480,2738.80,511.11,4963.85
Adidas,Deal Seeker,Small Stores / Shops,Manager,1534290.15,542,2830.79,503.97,4990.88
Adidas,Deal Seeker,Small Stores / Shops,Sales Associate,1665395.99,598,2784.94,515.55,4984.55
Adidas,Deal Seeker,Small Stores / Shops,Salesperson,1562506.29,598,2612.89,509.94,4992.84
Adidas,Deal Seeker,Small Stores / Shops,Senior Salesperson,1460883.98,524,2787.95,503.20,4956.85
Adidas,Deal Seeker,Supermarkets ,Manager,1609229.30,570,2823.21,509.53,4994.26
Adidas,Deal Seeker,Supermarkets ,Sales Associate,1679366.00,580,2895.46,500.52,4996.30
Adidas,Deal Seeker,Supermarkets ,Salesperson,1638759.61,585,2801.30,501.46,4985.30
Adidas,Deal Seeker,Supermarkets ,Senior Salesperson,1418819.34,528,2687.16,500.46,4996.95
Adidas,First-time Buyer,Large Malls / Complexes,Manager,1481243.01,535,2768.68,526.61,4989.71
Adidas,First-time Buyer,Large Malls / Complexes,Sales Associate,1470497.49,545,2698.16,503.01,4997.63
Adidas,First-time Buyer,Large Malls / Complexes,Salesperson,1700538.08,618,2751.68,510.62,4993.88
Adidas,First-time Buyer,Large Malls / Complexes,Senior Salesperson,1244913.34,458,2718.15,506.43,4977.18
Adidas,First-time Buyer,Small Stores / Shops,Manager,1533048.02,556,2757.28,501.06,4988.65
Adidas,First-time Buyer,Small Stores / Shops,Sales Associate,1592178.15,585,2721.67,511.44,4994.96
Adidas,First-time Buyer,Small Stores / Shops,Salesperson,1511394.98,552,2738.03,505.89,4997.05
Adidas,First-time Buyer,Small Stores / Shops,Senior Salesperson,1363218.51,501,2721.00,515.05,4995.17
Adidas,First-time Buyer,Supermarkets ,Manager,1675899.03,603,2779.27,501.90,4993.86
Adidas,First-time Buyer,Supermarkets ,Sales Associate,1604578.34,580,2766.51,504.43,4996.65
Adidas,First-time Buyer,Supermarkets ,Salesperson,1647902.08,592,2783.62,503.40,4988.14
Adidas,First-time Buyer,Supermarkets ,Senior Salesperson,1345387.90,498,2701.58,503.51,4999.86
Adidas,High Value,Large Malls / Complexes,Manager,1482055.01,549,2699.55,504.75,4990.08
Adidas,High Value,Large Malls / Complexes,Sales Associate,1539470.15,571,2696.09,518.23,4993.12
Adidas,High Value,Large Malls / Complexes,Salesperson,1535752.03,562,2732.65,502.34,4995.33
Adidas,High Value,Large Malls / Complexes,Senior Salesperson,1373235.24,493,2785.47,511.79,4987.27
Adidas,High Value,Small Stores / Shops,Manager,1408517.66,528,2667.65,500.17,4996.59
Adidas,High Value,Small Stores / Shops,Sales Associate,1645867.51,604,2724.95,501.04,4999.78
Adidas,High Value,Small Stores / Shops,Salesperson,1592267.87,582,2735.86,502.17,4998.34
Adidas,High Value,Small Stores / Shops,Senior Salesperson,1395315.83,512,2725.23,502.35,4979.37
Adidas,High Value,Supermarkets ,Manager,1536832.06,561,2739.45,500.53,4999.38
Adidas,High Value,Supermarkets ,Sales Associate,1660230.08,608,2730.64,500.95,4977.75
Adidas,High Value,Supermarkets ,Salesperson,1580304.19,573,2757.95,507.49,4998.80
Adidas,High Value,Supermarkets ,Senior Salesperson,1442160.42,535,2695.63,501.48,4996.37
Adidas,In-Store Regular,Large Malls / Complexes,Manager,1369498.56,499,2744.49,502.05,4998.18
Adidas,In-Store Regular,Large Malls / Complexes,Sales Associate,1569246.74,566,2772.52,507.51,4999.76
Adidas,In-Store Regular,Large Malls / Complexes,Salesperson,1491251.70,544,2741.27,521.88,4997.48
Adidas,In-Store Regular,Large Malls / Complexes,Senior Salesperson,1168857.67,437,2674.73,501.08,4998.24
Adidas,In-Store Regular,Small Stores / Shops,Manager,1502970.99,539,2788.44,500.64,4978.27
Adidas,In-Store Regular,Small Stores / Shops,Sales Associate,1528162.45,548,2788.62,504.16,4988.61
Adidas,In-Store Regular,Small Stores / Shops,Salesperson,1518983.61,559,2717.32,506.04,4992.09
Adidas,In-Store Regular,Small Stores / Shops,Senior Salesperson,1449764.93,527,2750.98,519.60,4984.56
Adidas,In-Store Regular,Supermarkets ,Manager,1618599.04,580,2790.69,500.45,4996.97
Adidas,In-Store Regular,Supermarkets ,Sales Associate,1650899.55,593,2783.98,503.76,4999.33
Adidas,In-Store Regular,Supermarkets ,Salesperson,1388287.62,513,2706.21,503.94,4995.70
Adidas,In-Store Regular,Supermarkets ,Senior Salesperson,1547318.11,561,2758.14,501.44,4993.56
Adidas,Loyal Customer,Large Malls / Complexes,Manager,1392583.87,514,2709.31,504.41,4996.96
Adidas,Loyal Customer,Large Malls / Complexes,Sales Associate,1531046.05,546,2804.11,503.34,4998.71
Adidas,Loyal Customer,Large Malls / Complexes,Salesperson,1421537.25,525,2707.69,508.62,4957.13
Adidas,Loyal Customer,Large Malls / Complexes,Senior Salesperson,1461520.10,527,2773.28,536.61,4995.53
Adidas,Loyal Customer,Small Stores / Shops,Manager,1526888.35,539,2832.82,514.83,4995.47
Adidas,Loyal Customer,Small Stores / Shops,Sales Associate,1543322.88,568,2717.12,500.58,4998.00
Adidas,Loyal Customer,Small Stores / Shops,Salesperson,1792433.08,638,2809.46,503.40,4991.84
Adidas,Loyal Customer,Small Stores / Shops,Senior Salesperson,1538421.20,547,2812.47,501.65,4987.94
Adidas,Loyal Customer,Supermarkets ,Manager,1544520.68,566,2728.84,501.61,4998.83
Adidas,Loyal Customer,Supermarkets ,Sales Associate,1751463.78,623,2811.34,507.47,4992.84
Adidas,Loyal Customer,Supermarkets ,Salesperson,1735294.47,646,2686.21,512.50,4987.68
Adidas,Loyal Customer,Supermarkets ,Senior Salesperson,1365122.79,503,2713.96,510.44,4992.80
Adidas,Occasional Shopper,Large Malls / Complexes,Manager,1529619.47,544,2811.80,512.09,4980.69
Adidas,Occasional Shopper,Large Malls / Complexes,Sales Associate,1580262.16,566,2791.98,503.83,4991.46
Adidas,Occasional Shopper,Large Malls / Complexes,Salesperson,1478842.15,535,2764.19,501.08,4994.22
Adidas,Occasional Shopper,Large Malls / Complexes,Senior Salesperson,1412938.01,504,2803.45,502.00,4994.47
Adidas,Occasional Shopper,Small Stores / Shops,Manager,1651529.99,580,2847.47,530.26,4999.05
Adidas,Occasional Shopper,Small Stores / Shops,Sales Associate,1676306.41,608,2757.08,502.59,4998.86
Adidas,Occasional Shopper,Small Stores / Shops,Salesperson,1590064.43,567,2804.35,505.00,4994.34
Adidas,Occasional Shopper,Small Stores / Shops,Senior Salesperson,1414716.94,492,2875.44,503.46,4994.73
Adidas,Occasional Shopper,Supermarkets ,Manager,1570517.81,583,2693.86,500.33,4988.66
Adidas,Occasional Shopper,Supermarkets ,Sales Associate,1506176.48,563,2675.27,506.71,4991.94
Adidas,Occasional Shopper,Supermarkets ,Salesperson,1677868.90,615,2728.24,501.52,4995.70
Adidas,Occasional Shopper,Supermarkets ,Senior Salesperson,1596234.50,565,2825.19,502.86,4981.52
Adidas,Online Shopper,Large Malls / Complexes,Manager,1506719.43,531,2837.51,529.01,4985.02
Adidas,Online Shopper,Large Malls / Complexes,Sales Associate,1478681.97,552,2678.77,506.00,4985.37
Adidas,Online Shopper,Large Malls / Complexes,Salesperson,1410066.56,525,2685.84,524.61,4993.50
Adidas,Online Shopper,Large Malls / Complexes,Senior Salesperson,1293840.23,478,2706.78,500.11,4987.87
Adidas,Online Shopper,Small Stores / Shops,Manager,1577072.37,570,2766.79,528.38,4984.10
Adidas,Online Shopper,Small Stores / Shops,Sales Associate,1592108.25,575,2768.88,509.05,4999.41
Adidas,Online Shopper,Small Stores / Shops,Salesperson,1581532.59,560,2824.17,516.00,4991.97
Adidas,Online Shopper,Small Stores / Shops,Senior Salesperson,1293863.23,483,2678.81,531.51,4990.27
Adidas,Online Shopper,Supermarkets ,Manager,1589412.63,575,2764.20,502.26,4990.14
Adidas,Online Shopper,Supermarkets ,Sales Associate,1683513.53,617,2728.55,503.72,4997.59
Adidas,Online Shopper,Supermarkets ,Salesperson,1460097.37,558,2616.66,500.89,4991.47
Adidas,Online Shopper,Supermarkets ,Senior Salesperson,1495584.31,551,2714.31,509.59,4990.37
Adidas,Premium Shopper,Large Malls / Complexes,Manager,1427633.80,517,2761.38,526.99,4987.84
Adidas,Premium Shopper,Large Malls / Complexes,Sales Associate,1495182.66,547,2733.42,500.83,4999.76
Adidas,Premium Shopper,Large Malls / Complexes,Salesperson,1607985.10,590,2725.40,509.31,4985.65
Adidas,Premium Shopper,Large Malls / Complexes,Senior Salesperson,1286096.27,465,2765.80,502.29,4995.60
Adidas,Premium Shopper,Small Stores / Shops,Manager,1406934.43,516,2726.62,518.72,4993.50
Adidas,Premium Shopper,Small Stores / Shops,Sales Associate,1544249.91,560,2757.59,506.24,4987.71
Adidas,Premium Shopper,Small Stores / Shops,Salesperson,1596272.23,565,2825.26,507.17,4980.59
Adidas,Premium Shopper,Small Stores / Shops,Senior Salesperson,1349005.23,507,2660.76,508.98,4974.51
Adidas,Premium Shopper,Supermarkets ,Manager,1521119.34,552,2755.65,502.53,4998.07
Adidas,Premium Shopper,Supermarkets ,Sales Associate,1629818.96,607,2685.04,509.03,4970.33
Adidas,Premium Shopper,Supermarkets ,Salesperson,1628613.26,588,2769.75,502.87,4993.87
Adidas,Premium Shopper,Supermarkets ,Senior Salesperson,1334727.78,504,2648.27,505.42,4973.62
Amul,Budget Shopper,Large Malls / Complexes,Manager,666022.70,253,2632.50,531.31,4998.19
Amul,Budget Shopper,Large Malls / Complexes,Sales Associate,815854.01,289,2823.02,505.34,4995.73
Amul,Budget Shopper,Large Malls / Complexes,Salesperson,775396.51,282,2749.63,509.79,4988.32
Amul,Budget Shopper,Large Malls / Complexes,Senior Salesperson,632170.37,230,2748.57,531.00,4912.53
Amul,Budget Shopper,Small Stores / Shops,Manager,805373.63,285,2825.87,504.89,4967.85
Amul,Budget Shopper,Small Stores / Shops,Sales Associate,747595.20,261,2864.35,516.27,4935.90
Amul,Budget Shopper,Small Stores / Shops,Salesperson,845850.23,302,2800.83,504.65,4994.33
Amul,Budget Shopper,Small Stores / Shops,Senior Salesperson,698055.13,252,2770.06,561.15,4991.62
Amul,Budget Shopper,Supermarkets ,Manager,804073.25,296,2716.46,511.33,4987.34
Amul,Budget Shopper,Supermarkets ,Sales Associate,852324.81,307,2776.30,529.28,4993.94
Amul,Budget Shopper,Supermarkets ,Salesperson,883122.40,312,2830.52,526.69,4961.05
Amul,Budget Shopper,Supermarkets ,Senior Salesperson,752729.93,281,2678.75,533.92,4954.90
Amul,Churn Risk,Large Malls / Complexes,Manager,780473.53,278,2807.46,510.22,4989.76
Amul,Churn Risk,Large Malls / Complexes,Sales Associate,739688.65,269,2749.77,511.89,4987.09
Amul,Churn Risk,Large Malls / Complexes,Salesperson,692500.71,265,2613.21,516.92,4986.97
Amul,Churn Risk,Large Malls / Complexes,Senior Salesperson,626949.46,239,2623.22,510.88,4993.47
Amul,Churn Risk,Small Stores / Shops,Manager,783936.96,298,2630.66,502.30,4993.73
Amul,Churn Risk,Small Stores / Shops,Sales Associate,796253.53,288,2764.77,508.02,4995.02
Amul,Churn Risk,Small Stores / Shops,Salesperson,687175.65,258,2663.47,527.75,4986.22
Amul,Churn Risk,Small Stores / Shops,Senior Salesperson,774699.05,281,2756.94,519.35,4972.51
Amul,Churn Risk,Supermarkets ,Manager,834171.79,293,2847.00,506.56,4994.07
Amul,Churn Risk,Supermarkets ,Sales Associate,944360.73,333,2835.92,515.06,4996.54
Amul,Churn Risk,Supermarkets ,Salesperson,750246.70,273,2748.16,509.59,4991.33
Amul,Churn Risk,Supermarkets ,Senior Salesperson,709287.90,269,2636.76,507.40,4977.87
Amul,Deal Seeker,Large Malls / Complexes,Manager,706702.82,258,2739.16,530.70,4991.73
Amul,Deal Seeker,Large Malls / Complexes,Sales Associate,777645.39,269,2890.88,503.17,4990.30
Amul,Deal Seeker,Large Malls / Complexes,Salesperson,666859.57,245,2721.88,513.57,4998.30
Amul,Deal Seeker,Large Malls / Complexes,Senior Salesperson,639296.07,221,2892.74,514.73,4994.21
Amul,Deal Seeker,Small Stores / Shops,Manager,776883.82,283,2745.17,514.24,4978.48
Amul,Deal Seeker,Small Stores / Shops,Sales Associate,921165.40,324,2843.10,521.65,4978.67
Amul,Deal Seeker,Small Stores / Shops,Salesperson,877949.94,310,2832.10,515.54,4993.91
Amul,Deal Seeker,Small Stores / Shops,Senior Salesperson,671860.28,248,2709.11,523.08,4996.45
Amul,Deal Seeker,Supermarkets ,Manager,776221.50,295,2631.26,515.60,4976.91
Amul,Deal Seeker,Supermarkets ,Sales Associate,807317.78,298,2709.12,501.88,4988.80
Amul,Deal Seeker,Supermarkets ,Salesperson,832113.37,318,2616.71,505.32,4876.16
Amul,Deal Seeker,Supermarkets ,Senior Salesperson,658088.14,233,2824.41,506.22,4995.48
Amul,First-time Buyer,Large Malls / Complexes,Manager,782614.12,272,2877.26,523.59,4990.34
Amul,First-time Buyer,Large Malls / Complexes,Sales Associate,816986.13,303,2696.32,505.99,4989.51
Amul,First-time Buyer,Large Malls / Complexes,Salesperson,714042.07,261,2735.79,500.26,4987.90
Amul,First-time Buyer,Large Malls / Complexes,Senior Salesperson,626753.31,221,2835.99,559.27,4997.33
Amul,First-time Buyer,Small Stores / Shops,Manager,729415.65,281,2595.79,503.45,4998.98
Amul,First-time Buyer,Small Stores / Shops,Sales Associate,726187.68,281,2584.30,526.84,4976.96
Amul,First-time Buyer,Small Stores / Shops,Salesperson,884444.94,318,2781.27,541.49,4995.35
Amul,First-time Buyer,Small Stores / Shops,Senior Salesperson,692615.79,251,2759.43,502.25,4904.08
Amul,First-time Buyer,Supermarkets ,Manager,789988.33,293,2696.21,554.52,4995.56
Amul,First-time Buyer,Supermarkets ,Sales Associate,797208.86,296,2693.27,504.35,4980.43
Amul,First-time Buyer,Supermarkets ,Salesperson,851148.48,320,2659.84,512.89,4982.31
Amul,First-time Buyer,Supermarkets ,Senior Salesperson,692819.04,253,2738.42,513.32,4967.82
Amul,High Value,Large Malls / Complexes,Manager,691765.41,254,2723.49,500.47,4959.55
Amul,High Value,Large Malls / Complexes,Sales Associate,697086.58,265,2630.52,546.55,4997.68
Amul,High Value,Large Malls / Complexes,Salesperson,722230.23,262,2756.60,500.95,4998.10
Amul,High Value,Large Malls / Complexes,Senior Salesperson,644083.72,253,2545.79,501.33,4977.46
Amul,High Value,Small Stores / Shops,Manager,771540.58,295,2615.39,516.37,4989.05
Amul,High Value,Small Stores / Shops,Sales Associate,811057.26,290,2796.75,517.40,4991.87
Amul,High Value,Small Stores / Shops,Salesperson,841127.93,305,2757.80,562.94,4978.61
Amul,High Value,Small Stores / Shops,Senior Salesperson,773974.80,277,2794.13,514.94,4994.94
Amul,High Value,Supermarkets ,Manager,855687.17,298,2871.43,523.20,4969.63
Amul,High Value,Supermarkets ,Sales Associate,809639.86,305,2654.56,515.42,4990.44
Amul,High Value,Supermarkets ,Salesperson,900326.28,317,2840.15,504.05,4997.96
Amul,High Value,Supermarkets ,Senior Salesperson,755839.46,277,2728.66,509.39,4982.69
Amul,In-Store Regular,Large Malls / Complexes,Manager,709655.56,248,2861.51,527.77,4993.79
Amul,In-Store Regular,Large Malls / Complexes,Sales Associate,843159.01,315,2676.70,508.09,4990.59
Amul,In-Store Regular,Large Malls / Complexes,Salesperson,688466.37,251,2742.89,552.86,4996.36
Amul,In-Store Regular,Large Malls / Complexes,Senior Salesperson,707356.53,253,2795.88,512.60,4984.38
Amul,In-Store Regular,Small Stores / Shops,Manager,787188.20,283,2781.58,509.79,4930.66
Amul,In-Store Regular,Small Stores / Shops,Sales Associate,797774.58,294,2713.52,523.73,4982.93
Amul,In-Store Regular,Small Stores / Shops,Salesperson,793864.44,280,2835.23,527.33,4985.16
Amul,In-Store Regular,Small Stores / Shops,Senior Salesperson,706010.38,268,2634.37,513.51,4967.29
Amul,In-Store Regular,Supermarkets ,Manager,787322.02,297,2650.92,524.94,4983.94
Amul,In-Store Regular,Supermarkets ,Sales Associate,799708.81,297,2692.62,504.51,4994.74
Amul,In-Store Regular,Supermarkets ,Salesperson,856125.47,307,2788.68,506.38,4987.29
Amul,In-Store Regular,Supermarkets ,Senior Salesperson,742019.53,263,2821.37,505.81,4996.48
Amul,Loyal Customer,Large Malls / Complexes,Manager,673069.35,257,2618.95,506.59,4993.24
Amul,Loyal Customer,Large Malls / Complexes,Sales Associate,746636.99,271,2755.12,501.41,4972.19
Amul,Loyal Customer,Large Malls / Complexes,Salesperson,752406.61,279,2696.80,523.61,4980.53
Amul,Loyal Customer,Large Malls / Complexes,Senior Salesperson,649529.35,240,2706.37,517.72,4988.04
Amul,Loyal Customer,Small Stores / Shops,Manager,792990.41,289,2743.91,501.52,4994.91
Amul,Loyal Customer,Small Stores / Shops,Sales Associate,806256.47,289,2789.81,512.19,4983.63
Amul,Loyal Customer,Small Stores / Shops,Salesperson,780166.24,301,2591.91,524.88,4986.30
Amul,Loyal Customer,Small Stores / Shops,Senior Salesperson,697710.86,247,2824.74,504.17,4970.23
Amul,Loyal Customer,Supermarkets ,Manager,815068.28,299,2725.98,539.70,4990.08
Amul,Loyal Customer,Supermarkets ,Sales Associate,830716.56,308,2697.13,504.57,4998.75
Amul,Loyal Customer,Supermarkets ,Salesperson,743536.66,282,2636.65,527.22,4984.86
Amul,Loyal Customer,Supermarkets ,Senior Salesperson,771350.42,278,2774.64,500.84,4965.52
Amul,Occasional Shopper,Large Malls / Complexes,Manager,722957.41,271,2667.74,512.75,4992.97
Amul,Occasional Shopper,Large Malls / Complexes,Sales Associate,759808.08,282,2694.35,518.50,4971.85
Amul,Occasional Shopper,Large Malls / Complexes,Salesperson,662997.85,239,2774.05,512.57,4990.89
Amul,Occasional Shopper,Large Malls / Complexes,Senior Salesperson,697674.71,250,2790.70,510.36,4999.80
Amul,Occasional Shopper,Small Stores / Shops,Manager,676339.02,259,2611.35,504.64,4998.84
Amul,Occasional Shopper,Small Stores / Shops,Sales Associate,827575.01,311,2661.01,526.82,4940.07
Amul,Occasional Shopper,Small Stores / Shops,Salesperson,788281.45,287,2746.63,514.02,4996.14
Amul,Occasional Shopper,Small Stores / Shops,Senior Salesperson,720977.78,252,2861.02,511.06,4986.67
Amul,Occasional Shopper,Supermarkets ,Manager,881635.81,314,2807.76,505.72,4990.50
Amul,Occasional Shopper,Supermarkets ,Sales Associate,878109.27,316,2778.83,503.17,4990.00
Amul,Occasional Shopper,Supermarkets ,Salesperson,843911.18,309,2731.10,504.23,4996.97
Amul,Occasional Shopper,Supermarkets ,Senior Salesperson,682948.41,242,2822.10,521.68,4982.60
Amul,Online Shopper,Large Malls / Complexes,Manager,778214.21,289,2692.78,505.59,4991.21
Amul,Online Shopper,Large Malls / Complexes,Sales Associate,711249.23,249,2856.42,515.39,4936.48
Amul,Online Shopper,Large Malls / Complexes,Salesperson,902623.63,311,2902.33,506.46,4984.77
Amul,Online Shopper,Large Malls / Complexes,Senior Salesperson,609714.39,221,2758.89,506.04,4988.78
Amul,Online Shopper,Small Stores / Shops,Manager,767489.75,278,2760.75,501.42,4985.40
Amul,Online Shopper,Small Stores / Shops,Sales Associate,802006.05,288,2784.74,503.67,4994.22
Amul,Online Shopper,Small Stores / Shops,Salesperson,771923.85,298,2590.35,500.62,4993.62
Amul,Online Shopper,Small Stores / Shops,Senior Salesperson,769103.70,279,2756.64,523.21,4984.55
Amul,Online Shopper,Supermarkets ,Manager,784458.86,290,2705.03,515.77,4977.29
Amul,Online Shopper,Supermarkets ,Sales Associate,851855.91,307,2774.77,500.74,4996.71
Amul,Online Shopper,Supermarkets ,Salesperson,923449.05,327,2824.00,531.01,4993.64
Amul,Online Shopper,Supermarkets ,Senior Salesperson,730819.59,268,2726.94,524.42,4990.08
Amul,Premium Shopper,Large Malls / Complexes,Manager,630249.80,231,2728.35,513.13,4958.77
Amul,Premium Shopper,Large Malls / Complexes,Sales Associate,794669.97,288,2759.27,504.65,4979.50
Amul,Premium Shopper,Large Malls / Complexes,Salesperson,687707.37,261,2634.89,502.75,4986.78
Amul,Premium Shopper,Large Malls / Complexes,Senior Salesperson,575577.54,214,2689.61,504.10,4984.09
Amul,Premium Shopper,Small Stores / Shops,Manager,732683.11,254,2884.58,515.13,4972.70
Amul,Premium Shopper,Small Stores / Shops,Sales Associate,837356.98,293,2857.87,507.29,4960.70
Amul,Premium Shopper,Small Stores / Shops,Salesperson,765943.96,279,2745.32,501.25,4982.89
Amul,Premium Shopper,Small Stores / Shops,Senior Salesperson,692597.67,248,2792.73,523.81,4996.88
Amul,Premium Shopper,Supermarkets ,Manager,760535.44,271,2806.40,514.01,4976.08
Amul,Premium Shopper,Supermarkets ,Sales Associate,722626.70,278,2599.38,507.19,4997.29
Amul,Premium Shopper,Supermarkets ,Salesperson,796999.84,294,2710.88,520.44,4995.23
Amul,Premium Shopper,Supermarkets ,Senior Salesperson,776624.96,280,2773.66,506.29,4994.70
Apple,Budget Shopper,Large Malls / Complexes,Manager,711064.99,265,2683.26,508.39,4942.39
Apple,Budget Shopper,Large Malls / Complexes,Sales Associate,799333.91,292,2737.44,511.56,4989.61
Apple,Budget Shopper,Large Malls / Complexes,Salesperson,817074.28,284,2877.02,540.20,4979.75
Apple,Budget Shopper,Large Malls / Complexes,Senior Salesperson,638100.19,241,2647.72,504.78,4991.42
Apple,Budget Shopper,Small Stores / Shops,Manager,800912.57,293,2733.49,501.68,4986.36
Apple,Budget Shopper,Small Stores / Shops,Sales Associate,885406.57,305,2902.97,504.53,4995.51
Apple,Budget Shopper,Small Stores / Shops,Salesperson,773097.82,293,2638.56,518.31,4961.59
Apple,Budget Shopper,Small Stores / Shops,Senior Salesperson,651021.05,237,2746.92,525.85,4959.32
Apple,Budget Shopper,Supermarkets ,Manager,812336.62,285,2850.30,553.73,4977.00
Apple,Budget Shopper,Supermarkets ,Sales Associate,782454.04,288,2716.85,514.94,4991.30
Apple,Budget Shopper,Supermarkets ,Salesperson,846189.16,311,2720.87,525.44,4976.47
Apple,Budget Shopper,Supermarkets ,Senior Salesperson,703824.67,250,2815.30,539.70,4987.47
Apple,Churn Risk,Large Malls / Complexes,Manager,723583.81,262,2761.77,514.59,4971.35
Apple,Churn Risk,Large Malls / Complexes,Sales Associate,728395.72,257,2834.22,500.60,4942.89
Apple,Churn Risk,Large Malls / Complexes,Salesperson,727876.68,264,2757.11,548.03,4965.76
Apple,Churn Risk,Large Malls / Complexes,Senior Salesperson,565269.57,217,2604.93,531.26,4968.69
Apple,Churn Risk,Small Stores / Shops,Manager,732611.06,268,2733.62,619.98,4985.90
Apple,Churn Risk,Small Stores / Shops,Sales Associate,755094.53,277,2725.97,525.65,4989.77
Apple,Churn Risk,Small Stores / Shops,Salesperson,796248.21,293,2717.57,536.16,4980.20
Apple,Churn Risk,Small Stores / Shops,Senior Salesperson,657972.49,247,2663.86,515.83,4986.02
Apple,Churn Risk,Supermarkets ,Manager,859391.98,308,2790.23,516.58,4994.08
Apple,Churn Risk,Supermarkets ,Sales Associate,891450.31,327,2726.15,508.74,4991.11
Apple,Churn Risk,Supermarkets ,Salesperson,912614.53,340,2684.16,511.88,4972.57
Apple,Churn Risk,Supermarkets ,Senior Salesperson,721283.97,269,2681.35,502.32,4994.23
Apple,Deal Seeker,Large Malls / Complexes,Manager,753608.63,263,2865.43,536.75,4990.29
Apple,Deal Seeker,Large Malls / Complexes,Sales Associate,748671.45,279,2683.41,502.34,4999.77
Apple,Deal Seeker,Large Malls / Complexes,Salesperson,742454.99,269,2760.06,515.92,4968.06
Apple,Deal Seeker,Large Malls / Complexes,Senior Salesperson,672776.69,248,2712.81,513.31,4994.22
Apple,Deal Seeker,Small Stores / Shops,Manager,840092.81,304,2763.46,511.39,4997.32
Apple,Deal Seeker,Small Stores / Shops,Sales Associate,796894.10,298,2674.14,525.85,4998.11
Apple,Deal Seeker,Small Stores / Shops,Salesperson,841760.75,296,2843.79,531.64,4997.50
Apple,Deal Seeker,Small Stores / Shops,Senior Salesperson,682670.00,250,2730.68,536.90,4987.71
Apple,Deal Seeker,Supermarkets ,Manager,817769.53,276,2962.93,521.49,4970.79
Apple,Deal Seeker,Supermarkets ,Sales Associate,805995.08,306,2633.97,511.73,4974.40
Apple,Deal Seeker,Supermarkets ,Salesperson,847375.88,315,2690.08,509.00,4981.04
Apple,Deal Seeker,Supermarkets ,Senior Salesperson,629350.10,241,2611.41,559.29,4983.25
Apple,First-time Buyer,Large Malls / Complexes,Manager,790386.93,277,2853.38,506.67,4999.20
Apple,First-time Buyer,Large Malls / Complexes,Sales Associate,699274.14,267,2619.00,511.37,4945.05
Apple,First-time Buyer,Large Malls / Complexes,Salesperson,806516.13,290,2781.09,505.51,4993.94
Apple,First-time Buyer,Large Malls / Complexes,Senior Salesperson,592791.80,222,2670.23,509.94,4956.92
Apple,First-time Buyer,Small Stores / Shops,Manager,723992.71,256,2828.10,528.60,4996.99
Apple,First-time Buyer,Small Stores / Shops,Sales Associate,828753.34,299,2771.75,512.23,4997.68
Apple,First-time Buyer,Small Stores / Shops,Salesperson,801827.21,293,2736.61,505.11,4983.14
Apple,First-time Buyer,Small Stores / Shops,Senior Salesperson,621994.38,224,2776.76,517.66,4991.72
Apple,First-time Buyer,Supermarkets ,Manager,872258.45,311,2804.69,509.28,4983.02
Apple,First-time Buyer,Supermarkets ,Sales Associate,853026.41,312,2734.06,533.45,4973.05
Apple,First-time Buyer,Supermarkets ,Salesperson,797369.25,286,2788.00,506.54,4999.96
Apple,First-time Buyer,Supermarkets ,Senior Salesperson,676824.24,240,2820.10,516.17,4991.91
Apple,High Value,Large Malls / Complexes,Manager,600628.29,224,2681.38,500.64,4974.13
Apple,High Value,Large Malls / Complexes,Sales Associate,724434.01,268,2703.11,501.26,4989.79
Apple,High Value,Large Malls / Complexes,Salesperson,750912.56,265,2833.63,539.52,4993.95
Apple,High Value,Large Malls / Complexes,Senior Salesperson,628338.24,231,2720.08,565.69,4978.80
Apple,High Value,Small Stores / Shops,Manager,801165.60,289,2772.20,523.27,4983.70
Apple,High Value,Small Stores / Shops,Sales Associate,871695.39,311,2802.88,515.62,4976.71
Apple,High Value,Small Stores / Shops,Salesperson,751057.69,278,2701.65,522.67,4996.44
Apple,High Value,Small Stores / Shops,Senior Salesperson,762137.72,278,2741.50,505.44,4998.48
Apple,High Value,Supermarkets ,Manager,751322.63,283,2654.85,552.46,4989.38
Apple,High Value,Supermarkets ,Sales Associate,746937.42,278,2686.83,522.02,4980.00
Apple,High Value,Supermarkets ,Salesperson,850373.84,316,2691.06,505.64,4999.52
Apple,High Value,Supermarkets ,Senior Salesperson,760092.69,284,2676.38,503.12,4985.27
Apple,In-Store Regular,Large Malls / Complexes,Manager,683017.03,249,2743.04,501.20,4996.42
Apple,In-Store Regular,Large Malls / Complexes,Sales Associate,726502.44,256,2837.90,524.39,4959.72
Apple,In-Store Regular,Large Malls / Complexes,Salesperson,720717.88,263,2740.37,500.25,4998.63
Apple,In-Store Regular,Large Malls / Complexes,Senior Salesperson,639770.00,235,2722.43,550.76,4999.96
Apple,In-Store Regular,Small Stores / Shops,Manager,790822.35,285,2774.82,509.54,4993.60
Apple,In-Store Regular,Small Stores / Shops,Sales Associate,805256.49,296,2720.46,501.01,4995.70
Apple,In-Store Regular,Small Stores / Shops,Salesperson,837398.11,300,2791.33,500.80,4966.20
Apple,In-Store Regular,Small Stores / Shops,Senior Salesperson,740951.99,277,2674.92,526.19,4934.87
Apple,In-Store Regular,Supermarkets ,Manager,753470.31,271,2780.33,511.49,4991.97
Apple,In-Store Regular,Supermarkets ,Sales Associate,824275.16,303,2720.38,503.16,4997.96
Apple,In-Store Regular,Supermarkets ,Salesperson,818190.87,297,2754.85,525.53,4990.56
Apple,In-Store Regular,Supermarkets ,Senior Salesperson,757820.32,278,2725.97,531.79,4997.92
Apple,Loyal Customer,Large Malls / Complexes,Manager,720372.47,256,2813.95,596.65,4986.37
Apple,Loyal Customer,Large Malls / Complexes,Sales Associate,713543.13,259,2754.99,509.18,4975.80
Apple,Loyal Customer,Large Malls / Complexes,Salesperson,728657.72,272,2678.89,505.53,4999.83
Apple,Loyal Customer,Large Malls / Complexes,Senior Salesperson,696811.51,247,2821.10,553.72,4988.77
Apple,Loyal Customer,Small Stores / Shops,Manager,759474.88,285,2664.82,509.43,4999.80
Apple,Loyal Customer,Small Stores / Shops,Sales Associate,817184.22,291,2808.19,544.21,4990.67
Apple,Loyal Customer,Small Stores / Shops,Salesperson,837444.43,308,2718.98,504.97,4987.93
Apple,Loyal Customer,Small Stores / Shops,Senior Salesperson,582087.73,216,2694.85,508.20,4973.77
Apple,Loyal Customer,Supermarkets ,Manager,765199.29,274,2792.70,552.95,4983.41
Apple,Loyal Customer,Supermarkets ,Sales Associate,786586.00,284,2769.67,508.55,4991.67
Apple,Loyal Customer,Supermarkets ,Salesperson,893863.31,300,2979.54,513.99,4996.09
Apple,Loyal Customer,Supermarkets ,Senior Salesperson,684217.48,243,2815.71,509.48,4995.40
Apple,Occasional Shopper,Large Malls / Complexes,Manager,717220.05,257,2790.74,519.09,4977.29
Apple,Occasional Shopper,Large Malls / Complexes,Sales Associate,769992.32,287,2682.90,527.88,4965.90
Apple,Occasional Shopper,Large Malls / Complexes,Salesperson,859937.28,303,2838.08,509.83,4985.10
Apple,Occasional Shopper,Large Malls / Complexes,Senior Salesperson,665368.98,242,2749.46,505.17,4997.26
Apple,Occasional Shopper,Small Stores / Shops,Manager,751214.23,281,2673.36,512.06,4987.89
Apple,Occasional Shopper,Small Stores / Shops,Sales Associate,863962.58,296,2918.79,500.55,4997.93
Apple,Occasional Shopper,Small Stores / Shops,Salesperson,842183.99,296,2845.22,513.61,4989.07
Apple,Occasional Shopper,Small Stores / Shops,Senior Salesperson,794243.95,276,2877.70,500.26,4994.26
Apple,Occasional Shopper,Supermarkets ,Manager,829644.99,315,2633.79,531.38,4989.20
Apple,Occasional Shopper,Supermarkets ,Sales Associate,858936.13,315,2726.78,512.07,4988.14
Apple,Occasional Shopper,Supermarkets ,Salesperson,782464.20,288,2716.89,510.55,4996.32
Apple,Occasional Shopper,Supermarkets ,Senior Salesperson,614262.59,224,2742.24,510.94,4910.26
Apple,Online Shopper,Large Malls / Complexes,Manager,749200.58,269,2785.13,512.23,4998.93
Apple,Online Shopper,Large Malls / Complexes,Sales Associate,704071.41,254,2771.93,500.77,4988.38
Apple,Online Shopper,Large Malls / Complexes,Salesperson,813086.29,295,2756.22,553.73,4990.26
Apple,Online Shopper,Large Malls / Complexes,Senior Salesperson,622957.43,230,2708.51,521.24,4970.33
Apple,Online Shopper,Small Stores / Shops,Manager,779422.14,277,2813.80,522.75,4994.26
Apple,Online Shopper,Small Stores / Shops,Sales Associate,776771.56,284,2735.11,596.25,4971.73
Apple,Online Shopper,Small Stores / Shops,Salesperson,811261.77,313,2591.89,512.61,4964.53
Apple,Online Shopper,Small Stores / Shops,Senior Salesperson,709389.69,253,2803.91,525.96,4995.06
Apple,Online Shopper,Supermarkets ,Manager,786263.64,292,2692.68,541.45,4989.36
Apple,Online Shopper,Supermarkets ,Sales Associate,825030.34,304,2713.92,500.70,4996.98
Apple,Online Shopper,Supermarkets ,Salesperson,804941.23,294,2737.90,501.00,4998.84
Apple,Online Shopper,Supermarkets ,Senior Salesperson,715507.16,261,2741.41,511.01,4997.20
Apple,Premium Shopper,Large Malls / Complexes,Manager,678251.84,243,2791.16,504.05,4995.98
Apple,Premium Shopper,Large Malls / Complexes,Sales Associate,722960.37,270,2677.63,507.85,4995.38
Apple,Premium Shopper,Large Malls / Complexes,Salesperson,801054.21,295,2715.44,509.24,4986.11
Apple,Premium Shopper,Large Malls / Complexes,Senior Salesperson,620548.01,225,2757.99,538.73,4996.76
Apple,Premium Shopper,Small Stores / Shops,Manager,843025.37,296,2848.06,521.02,4970.73
Apple,Premium Shopper,Small Stores / Shops,Sales Associate,787324.17,290,2714.91,524.53,4973.07
Apple,Premium Shopper,Small Stores / Shops,Salesperson,807596.67,294,2746.93,503.41,4991.96
Apple,Premium Shopper,Small Stores / Shops,Senior Salesperson,704049.12,255,2760.98,510.56,4993.39
Apple,Premium Shopper,Supermarkets ,Manager,716712.16,280,2559.69,509.10,4985.69
Apple,Premium Shopper,Supermarkets ,Sales Associate,802318.59,293,2738.29,502.69,4985.88
Apple,Premium Shopper,Supermarkets ,Salesperson,844358.06,304,2777.49,516.51,4972.02
Apple,Premium Shopper,Supermarkets ,Senior Salesperson,712878.30,262,2720.91,530.06,4983.88
Bosch,Budget Shopper,Large Malls / Complexes,Manager,744260.50,278,2677.20,505.78,4989.53
Bosch,Budget Shopper,Large Malls / Complexes,Sales Associate,775037.50,272,2849.40,565.18,4987.76
Bosch,Budget Shopper,Large Malls / Complexes,Salesperson,796803.82,280,2845.73,547.73,4998.98
Bosch,Budget Shopper,Large Malls / Complexes,Senior Salesperson,656958.03,238,2760.33,500.71,4908.37
Bosch,Budget Shopper,Small Stores / Shops,Manager,822238.75,302,2722.64,503.76,4977.07
Bosch,Budget Shopper,Small Stores / Shops,Sales Associate,824972.42,298,2768.36,512.83,4976.81
Bosch,Budget Shopper,Small Stores / Shops,Salesperson,801125.59,294,2724.92,507.78,4998.12
Bosch,Budget Shopper,Small Stores / Shops,Senior Salesperson,707162.71,258,2740.94,500.98,4998.56
Bosch,Budget Shopper,Supermarkets ,Manager,863243.74,315,2740.46,502.91,4999.80
Bosch,Budget Shopper,Supermarkets ,Sales Associate,864674.72,319,2710.58,500.10,4994.19
Bosch,Budget Shopper,Supermarkets ,Salesperson,811238.95,289,2807.06,506.50,4974.23
Bosch,Budget Shopper,Supermarkets ,Senior Salesperson,710330.97,249,2852.73,525.01,4991.10
Bosch,Churn Risk,Large Malls / Complexes,Manager,780668.37,275,2838.79,517.11,4992.97
Bosch,Churn Risk,Large Malls / Complexes,Sales Associate,693327.76,264,2626.24,505.59,4985.02
Bosch,Churn Risk,Large Malls / Complexes,Salesperson,783584.00,296,2647.24,541.40,4990.07
Bosch,Churn Risk,Large Malls / Complexes,Senior Salesperson,620531.48,229,2709.74,509.17,4984.14
Bosch,Churn Risk,Small Stores / Shops,Manager,739909.24,263,2813.34,522.32,4930.86
Bosch,Churn Risk,Small Stores / Shops,Sales Associate,870953.64,316,2756.18,504.11,4995.95
Bosch,Churn Risk,Small Stores / Shops,Salesperson,799137.03,280,2854.06,502.07,4982.75
Bosch,Churn Risk,Small Stores / Shops,Senior Salesperson,661823.63,243,2723.55,502.75,4989.15
Bosch,Churn Risk,Supermarkets ,Manager,852540.23,304,2804.41,522.25,4961.45
Bosch,Churn Risk,Supermarkets ,Sales Associate,762098.96,274,2781.38,522.06,4975.88
Bosch,Churn Risk,Supermarkets ,Salesperson,926500.48,325,2850.77,513.89,4968.99
Bosch,Churn Risk,Supermarkets ,Senior Salesperson,699571.23,258,2711.52,521.53,4969.25
Bosch,Deal Seeker,Large Malls / Complexes,Manager,739835.30,271,2730.02,500.88,4998.91
Bosch,Deal Seeker,Large Malls / Complexes,Sales Associate,801188.79,307,2609.74,514.98,4996.94
Bosch,Deal Seeker,Large Malls / Complexes,Salesperson,667781.13,257,2598.37,500.80,4995.05
Bosch,Deal Seeker,Large Malls / Complexes,Senior Salesperson,643126.62,238,2702.21,509.29,4999.30
Bosch,Deal Seeker,Small Stores / Shops,Manager,619137.06,235,2634.63,527.56,4996.02
Bosch,Deal Seeker,Small Stores / Shops,Sales Associate,787094.47,282,2791.12,515.46,4997.54
Bosch,Deal Seeker,Small Stores / Shops,Salesperson,875754.21,321,2728.21,521.06,4975.87
Bosch,Deal Seeker,Small Stores / Shops,Senior Salesperson,680883.04,260,2618.78,502.22,4993.56
Bosch,Deal Seeker,Supermarkets ,Manager,882678.35,321,2749.78,543.60,4989.14
Bosch,Deal Seeker,Supermarkets ,Sales Associate,805492.82,300,2684.98,501.45,4978.86
Bosch,Deal Seeker,Supermarkets ,Salesperson,862699.76,307,2810.10,502.39,4998.61
Bosch,Deal Seeker,Supermarkets ,Senior Salesperson,685459.56,260,2636.38,502.77,4989.24
Bosch,First-time Buyer,Large Malls / Complexes,Manager,698631.00,256,2729.03,509.99,4988.13
Bosch,First-time Buyer,Large Malls / Complexes,Sales Associate,819210.79,296,2767.60,526.33,4941.38
Bosch,First-time Buyer,Large Malls / Complexes,Salesperson,740983.73,265,2796.17,502.14,4998.36
Bosch,First-time Buyer,Large Malls / Complexes,Senior Salesperson,618374.04,230,2688.58,536.54,4995.52
Bosch,First-time Buyer,Small Stores / Shops,Manager,772797.71,283,2730.73,543.35,4978.98
Bosch,First-time Buyer,Small Stores / Shops,Sales Associate,704445.50,261,2699.02,510.30,4986.75
Bosch,First-time Buyer,Small Stores / Shops,Salesperson,757478.70,291,2603.02,503.20,4972.46
Bosch,First-time Buyer,Small Stores / Shops,Senior Salesperson,669144.59,246,2720.10,520.64,4984.77
Bosch,First-time Buyer,Supermarkets ,Manager,804098.44,297,2707.40,524.04,4937.64
Bosch,First-time Buyer,Supermarkets ,Sales Associate,868504.68,321,2705.62,518.20,4985.87
Bosch,First-time Buyer,Supermarkets ,Salesperson,875899.78,308,2843.83,523.58,4994.66
Bosch,First-time Buyer,Supermarkets ,Senior Salesperson,708965.40,260,2726.79,507.03,4994.42
Bosch,High Value,Large Malls / Complexes,Manager,773268.27,272,2842.90,501.99,4978.78
Bosch,High Value,Large Malls / Complexes,Sales Associate,791980.96,291,2721.58,512.34,4989.69
Bosch,High Value,Large Malls / Complexes,Salesperson,721076.50,261,2762.75,510.39,4979.06
Bosch,High Value,Large Malls / Complexes,Senior Salesperson,605280.20,233,2597.77,509.24,4943.53
Bosch,High Value,Small Stores / Shops,Manager,823472.00,287,2869.24,504.30,4997.76
Bosch,High Value,Small Stores / Shops,Sales Associate,736494.91,274,2687.94,539.69,4948.03
Bosch,High Value,Small Stores / Shops,Salesperson,778166.59,291,2674.11,506.12,4948.05
Bosch,High Value,Small Stores / Shops,Senior Salesperson,623703.29,238,2620.60,505.19,4991.33
Bosch,High Value,Supermarkets ,Manager,704506.71,259,2720.10,514.22,4972.08
Bosch,High Value,Supermarkets ,Sales Associate,772008.33,290,2662.10,507.44,4997.47
Bosch,High Value,Supermarkets ,Salesperson,807900.59,306,2640.20,500.13,4977.38
Bosch,High Value,Supermarkets ,Senior Salesperson,697457.40,259,2692.89,504.23,4994.48
Bosch,In-Store Regular,Large Malls / Complexes,Manager,717534.04,272,2637.99,509.54,4988.41
Bosch,In-Store Regular,Large Malls / Complexes,Sales Associate,672316.10,243,2766.73,503.66,4998.96
Bosch,In-Store Regular,Large Malls / Complexes,Salesperson,690994.66,251,2752.97,503.97,4961.44
Bosch,In-Store Regular,Large Malls / Complexes,Senior Salesperson,684443.62,238,2875.81,507.12,4995.95
Bosch,In-Store Regular,Small Stores / Shops,Manager,761373.14,286,2662.14,510.67,4985.21
Bosch,In-Store Regular,Small Stores / Shops,Sales Associate,748295.94,273,2741.01,534.60,4986.66
Bosch,In-Store Regular,Small Stores / Shops,Salesperson,781866.94,288,2714.82,506.06,4990.91
Bosch,In-Store Regular,Small Stores / Shops,Senior Salesperson,756621.03,266,2844.44,517.19,4994.91
Bosch,In-Store Regular,Supermarkets ,Manager,781781.63,292,2677.33,516.55,4964.82
Bosch,In-Store Regular,Supermarkets ,Sales Associate,894207.28,334,2677.27,509.13,4992.03
Bosch,In-Store Regular,Supermarkets ,Salesperson,784919.77,289,2715.99,504.57,4958.76
Bosch,In-Store Regular,Supermarkets ,Senior Salesperson,730462.55,262,2788.03,501.78,4985.72
Bosch,Loyal Customer,Large Malls / Complexes,Manager,630791.43,252,2503.14,529.82,4975.30
Bosch,Loyal Customer,Large Malls / Complexes,Sales Associate,641838.03,249,2577.66,504.89,4998.58
Bosch,Loyal Customer,Large Malls / Complexes,Salesperson,695604.26,259,2685.73,510.35,4973.61
Bosch,Loyal Customer,Large Malls / Complexes,Senior Salesperson,594121.37,220,2700.55,520.54,4996.68
Bosch,Loyal Customer,Small Stores / Shops,Manager,732278.65,280,2615.28,504.44,4981.27
Bosch,Loyal Customer,Small Stores / Shops,Sales Associate,738044.20,272,2713.40,517.81,4980.12
Bosch,Loyal Customer,Small Stores / Shops,Salesperson,835159.24,301,2774.62,513.49,4995.11
Bosch,Loyal Customer,Small Stores / Shops,Senior Salesperson,669572.68,238,2813.33,514.58,4985.48
Bosch,Loyal Customer,Supermarkets ,Manager,809270.09,296,2734.02,508.53,4999.32
Bosch,Loyal Customer,Supermarkets ,Sales Associate,793949.74,287,2766.38,514.55,4998.09
Bosch,Loyal Customer,Supermarkets ,Salesperson,843266.60,306,2755.77,502.78,4944.64
Bosch,Loyal Customer,Supermarkets ,Senior Salesperson,699074.43,253,2763.14,536.37,4982.25
Bosch,Occasional Shopper,Large Malls / Complexes,Manager,773452.75,285,2713.87,505.55,4984.75
Bosch,Occasional Shopper,Large Malls / Complexes,Sales Associate,746767.96,267,2796.88,511.48,4998.02
Bosch,Occasional Shopper,Large Malls / Complexes,Salesperson,772061.49,280,2757.36,516.63,4984.35
Bosch,Occasional Shopper,Large Malls / Complexes,Senior Salesperson,690696.35,253,2730.03,549.02,4978.16
Bosch,Occasional Shopper,Small Stores / Shops,Manager,756668.14,268,2823.39,508.82,4986.82
Bosch,Occasional Shopper,Small Stores / Shops,Sales Associate,866446.08,308,2813.14,508.90,4978.05
Bosch,Occasional Shopper,Small Stores / Shops,Salesperson,763747.11,286,2670.44,502.76,4985.30
Bosch,Occasional Shopper,Small Stores / Shops,Senior Salesperson,710301.05,265,2680.38,503.29,4964.53
Bosch,Occasional Shopper,Supermarkets ,Manager,713603.14,279,2557.72,543.03,4995.57
Bosch,Occasional Shopper,Supermarkets ,Sales Associate,880530.20,321,2743.08,508.21,4992.17
Bosch,Occasional Shopper,Supermarkets ,Salesperson,667232.28,249,2679.65,534.33,4994.65
Bosch,Occasional Shopper,Supermarkets ,Senior Salesperson,713917.83,255,2799.68,500.65,4986.36
Bosch,Online Shopper,Large Malls / Complexes,Manager,756725.13,284,2664.53,529.18,4996.64
Bosch,Online Shopper,Large Malls / Complexes,Sales Associate,742987.64,277,2682.27,504.73,4977.45
Bosch,Online Shopper,Large Malls / Complexes,Salesperson,727418.13,265,2744.97,513.98,4985.15
Bosch,Online Shopper,Large Malls / Complexes,Senior Salesperson,752716.34,267,2819.16,503.05,4993.68
Bosch,Online Shopper,Small Stores / Shops,Manager,774871.99,291,2662.79,523.85,4973.49
Bosch,Online Shopper,Small Stores / Shops,Sales Associate,776467.09,298,2605.59,504.93,4959.27
Bosch,Online Shopper,Small Stores / Shops,Salesperson,816704.14,295,2768.49,537.73,4991.17
Bosch,Online Shopper,Small Stores / Shops,Senior Salesperson,710343.44,266,2670.46,581.24,4968.77
Bosch,Online Shopper,Supermarkets ,Manager,896924.73,322,2785.48,519.67,4986.31
Bosch,Online Shopper,Supermarkets ,Sales Associate,939713.32,344,2731.72,501.02,4945.09
Bosch,Online Shopper,Supermarkets ,Salesperson,843620.32,312,2703.91,507.80,4991.75
Bosch,Online Shopper,Supermarkets ,Senior Salesperson,701391.86,261,2687.33,506.58,4964.41
Bosch,Premium Shopper,Large Malls / Complexes,Manager,631965.17,234,2700.71,502.49,4991.13
Bosch,Premium Shopper,Large Malls / Complexes,Sales Associate,767306.97,278,2760.10,501.60,4999.74
Bosch,Premium Shopper,Large Malls / Complexes,Salesperson,752933.58,277,2718.17,502.95,4991.40
Bosch,Premium Shopper,Large Malls / Complexes,Senior Salesperson,632658.76,232,2726.98,529.17,4976.42
Bosch,Premium Shopper,Small Stores / Shops,Manager,734423.83,269,2730.20,516.11,4998.02
Bosch,Premium Shopper,Small Stores / Shops,Sales Associate,786017.45,282,2787.30,506.17,4975.23
Bosch,Premium Shopper,Small Stores / Shops,Salesperson,744564.82,266,2799.12,523.67,4967.99
Bosch,Premium Shopper,Small Stores / Shops,Senior Salesperson,675331.16,257,2627.75,531.94,4959.94
Bosch,Premium Shopper,Supermarkets ,Manager,792060.12,277,2859.42,515.66,4994.98
Bosch,Premium Shopper,Supermarkets ,Sales Associate,832289.71,316,2633.83,515.54,4993.50
Bosch,Premium Shopper,Supermarkets ,Salesperson,839333.49,302,2779.25,503.29,4975.44
Bosch,Premium Shopper,Supermarkets ,Senior Salesperson,748833.34,278,2693.65,507.39,4994.08
Britannia,Budget Shopper,Large Malls / Complexes,Manager,588174.37,220,2673.52,517.12,4979.96
Britannia,Budget Shopper,Large Malls / Complexes,Sales Associate,735905.54,283,2600.37,502.18,4999.95
Britannia,Budget Shopper,Large Malls / Complexes,Salesperson,796285.32,288,2764.88,506.50,4999.56
Britannia,Budget Shopper,Large Malls / Complexes,Senior Salesperson,718995.73,256,2808.58,504.16,4974.65
Britannia,Budget Shopper,Small Stores / Shops,Manager,689924.09,260,2653.55,520.12,4947.15
Britannia,Budget Shopper,Small Stores / Shops,Sales Associate,848561.22,314,2702.42,506.49,4979.63
Britannia,Budget Shopper,Small Stores / Shops,Salesperson,805737.42,292,2759.37,516.56,4976.60
Britannia,Budget Shopper,Small Stores / Shops,Senior Salesperson,613788.18,242,2536.31,503.39,4995.11
Britannia,Budget Shopper,Supermarkets ,Manager,766158.33,268,2858.80,516.01,4976.41
Britannia,Budget Shopper,Supermarkets ,Sales Associate,852722.32,317,2689.98,522.13,4999.16
Britannia,Budget Shopper,Supermarkets ,Salesperson,766158.82,281,2726.54,508.29,4996.82
Britannia,Budget Shopper,Supermarkets ,Senior Salesperson,735429.73,258,2850.50,509.08,4958.71
Britannia,Churn Risk,Large Malls / Complexes,Manager,727141.24,279,2606.24,502.96,4975.49
Britannia,Churn Risk,Large Malls / Complexes,Sales Associate,689001.74,277,2487.37,502.48,4960.60
Britannia,Churn Risk,Large Malls / Complexes,Salesperson,749457.82,264,2838.86,523.66,4996.21
Britannia,Churn Risk,Large Malls / Complexes,Senior Salesperson,643248.95,242,2658.05,515.18,4962.07
Britannia,Churn Risk,Small Stores / Shops,Manager,868801.00,300,2896.00,501.54,4979.66
Britannia,Churn Risk,Small Stores / Shops,Sales Associate,768083.74,277,2772.87,502.72,4984.48
Britannia,Churn Risk,Small Stores / Shops,Salesperson,779450.95,293,2660.24,509.31,4996.15
Britannia,Churn Risk,Small Stores / Shops,Senior Salesperson,717853.04,260,2760.97,500.75,4994.43
Britannia,Churn Risk,Supermarkets ,Manager,782697.32,284,2755.98,521.71,4986.11
Britannia,Churn Risk,Supermarkets ,Sales Associate,703160.47,253,2779.29,520.94,4979.64
Britannia,Churn Risk,Supermarkets ,Salesperson,881669.60,318,2772.55,503.77,4991.20
Britannia,Churn Risk,Supermarkets ,Senior Salesperson,688331.20,250,2753.32,542.12,4988.44
Britannia,Deal Seeker,Large Malls / Complexes,Manager,707410.40,265,2669.47,506.32,4994.32
Britannia,Deal Seeker,Large Malls / Complexes,Sales Associate,735218.71,268,2743.35,504.74,4946.59
Britannia,Deal Seeker,Large Malls / Complexes,Salesperson,753583.85,279,2701.02,513.90,4977.08
Britannia,Deal Seeker,Large Malls / Complexes,Senior Salesperson,670335.13,237,2828.42,533.54,4987.18
Britannia,Deal Seeker,Small Stores / Shops,Manager,678014.75,242,2801.71,522.53,4974.54
Britannia,Deal Seeker,Small Stores / Shops,Sales Associate,866483.26,315,2750.74,501.28,4978.21
Britannia,Deal Seeker,Small Stores / Shops,Salesperson,743253.06,264,2815.35,533.76,4964.93
Britannia,Deal Seeker,Small Stores / Shops,Senior Salesperson,705353.31,256,2755.29,513.46,4976.55
Britannia,Deal Seeker,Supermarkets ,Manager,797437.82,303,2631.81,507.70,4983.72
Britannia,Deal Seeker,Supermarkets ,Sales Associate,816385.79,297,2748.77,509.89,4960.39
Britannia,Deal Seeker,Supermarkets ,Salesperson,727709.43,280,2598.96,510.84,4991.55
Britannia,Deal Seeker,Supermarkets ,Senior Salesperson,649177.43,243,2671.51,525.11,4986.34
Britannia,First-time Buyer,Large Malls / Complexes,Manager,723049.24,260,2780.96,577.80,4997.76
Britannia,First-time Buyer,Large Malls / Complexes,Sales Associate,791585.15,277,2857.71,523.24,4993.03
Britannia,First-time Buyer,Large Malls / Complexes,Salesperson,767150.14,271,2830.81,513.12,4995.72
Britannia,First-time Buyer,Large Malls / Complexes,Senior Salesperson,630414.91,235,2682.62,510.46,4995.69
Britannia,First-time Buyer,Small Stores / Shops,Manager,710019.38,256,2773.51,500.94,4999.83
Britannia,First-time Buyer,Small Stores / Shops,Sales Associate,712434.40,268,2658.34,503.27,4973.65
Britannia,First-time Buyer,Small Stores / Shops,Salesperson,800235.77,291,2749.95,509.73,4995.88
Britannia,First-time Buyer,Small Stores / Shops,Senior Salesperson,778887.90,272,2863.56,503.19,4998.54
Britannia,First-time Buyer,Supermarkets ,Manager,776921.89,282,2755.04,529.74,4970.76
Britannia,First-time Buyer,Supermarkets ,Sales Associate,915546.04,331,2766.00,510.77,4984.89
Britannia,First-time Buyer,Supermarkets ,Salesperson,676348.38,252,2683.92,517.30,4991.34
Britannia,First-time Buyer,Supermarkets ,Senior Salesperson,712904.27,253,2817.80,660.93,4997.17
Britannia,High Value,Large Malls / Complexes,Manager,675108.70,251,2689.68,504.57,4998.87
Britannia,High Value,Large Malls / Complexes,Sales Associate,758036.63,283,2678.57,509.55,4980.15
Britannia,High Value,Large Malls / Complexes,Salesperson,719731.19,266,2705.76,533.17,4992.77
Britannia,High Value,Large Malls / Complexes,Senior Salesperson,672674.28,240,2802.81,554.19,4977.49
Britannia,High Value,Small Stores / Shops,Manager,826637.11,285,2900.48,504.86,4989.61
Britannia,High Value,Small Stores / Shops,Sales Associate,938611.88,335,2801.83,504.09,4993.10
Britannia,High Value,Small Stores / Shops,Salesperson,761254.11,271,2809.06,513.20,4984.48
Britannia,High Value,Small Stores / Shops,Senior Salesperson,714350.34,262,2726.53,515.78,4998.29
Britannia,High Value,Supermarkets ,Manager,869383.00,323,2691.59,512.49,4988.57
Britannia,High Value,Supermarkets ,Sales Associate,869264.53,325,2674.66,504.60,4994.27
Britannia,High Value,Supermarkets ,Salesperson,887940.47,333,2666.49,542.89,4972.86
Britannia,High Value,Supermarkets ,Senior Salesperson,812765.99,278,2923.62,507.42,4987.66
Britannia,In-Store Regular,Large Malls / Complexes,Manager,677988.76,249,2722.85,527.12,4982.09
Britannia,In-Store Regular,Large Malls / Complexes,Sales Associate,703517.70,258,2726.81,504.42,4976.10
Britannia,In-Store Regular,Large Malls / Complexes,Salesperson,769259.53,282,2727.87,508.98,4999.35
Britannia,In-Store Regular,Large Malls / Complexes,Senior Salesperson,696092.85,247,2818.19,573.85,4998.24
Britannia,In-Store Regular,Small Stores / Shops,Manager,820234.72,291,2818.68,519.41,4992.31
Britannia,In-Store Regular,Small Stores / Shops,Sales Associate,798960.50,309,2585.63,518.74,4961.20
Britannia,In-Store Regular,Small Stores / Shops,Salesperson,785743.11,281,2796.24,514.06,4994.43
Britannia,In-Store Regular,Small Stores / Shops,Senior Salesperson,661100.63,246,2687.40,520.52,4991.50
Britannia,In-Store Regular,Supermarkets ,Manager,857889.93,313,2740.86,514.09,4994.55
Britannia,In-Store Regular,Supermarkets ,Sales Associate,822419.76,298,2759.80,513.08,4962.58
Britannia,In-Store Regular,Supermarkets ,Salesperson,831978.30,308,2701.23,526.91,4995.93
Britannia,In-Store Regular,Supermarkets ,Senior Salesperson,744374.14,275,2706.82,504.64,4985.88
Britannia,Loyal Customer,Large Malls / Complexes,Manager,666275.49,241,2764.63,542.52,4999.40
Britannia,Loyal Customer,Large Malls / Complexes,Sales Associate,724366.84,270,2682.84,503.85,4971.16
Britannia,Loyal Customer,Large Malls / Complexes,Salesperson,793865.91,280,2835.24,518.94,4990.82
Britannia,Loyal Customer,Large Malls / Complexes,Senior Salesperson,589754.65,213,2768.80,524.51,4951.39
Britannia,Loyal Customer,Small Stores / Shops,Manager,747916.91,272,2749.69,522.30,4967.68
Britannia,Loyal Customer,Small Stores / Shops,Sales Associate,770161.31,271,2841.92,504.86,4994.82
Britannia,Loyal Customer,Small Stores / Shops,Salesperson,799782.23,296,2701.97,503.24,4993.43
Britannia,Loyal Customer,Small Stores / Shops,Senior Salesperson,610782.90,225,2714.59,509.36,4994.46
Britannia,Loyal Customer,Supermarkets ,Manager,827172.75,291,2842.52,514.82,4994.46
Britannia,Loyal Customer,Supermarkets ,Sales Associate,865462.23,313,2765.06,507.93,4995.73
Britannia,Loyal Customer,Supermarkets ,Salesperson,906476.66,307,2952.69,511.79,4993.48
Britannia,Loyal Customer,Supermarkets ,Senior Salesperson,757969.98,270,2807.30,505.29,4987.11
Britannia,Occasional Shopper,Large Malls / Complexes,Manager,704201.90,259,2718.93,517.53,4999.21
Britannia,Occasional Shopper,Large Malls / Complexes,Sales Associate,714871.34,268,2667.43,509.45,4995.96
Britannia,Occasional Shopper,Large Malls / Complexes,Salesperson,663420.47,242,2741.41,551.96,4975.60
Britannia,Occasional Shopper,Large Malls / Complexes,Senior Salesperson,555488.08,210,2645.18,546.16,4981.81
Britannia,Occasional Shopper,Small Stores / Shops,Manager,792902.67,290,2734.15,522.03,4996.56
Britannia,Occasional Shopper,Small Stores / Shops,Sales Associate,869096.79,292,2976.36,503.43,4985.50
Britannia,Occasional Shopper,Small Stores / Shops,Salesperson,775556.02,283,2740.48,500.43,4994.04
Britannia,Occasional Shopper,Small Stores / Shops,Senior Salesperson,713072.03,258,2763.85,504.60,4996.41
Britannia,Occasional Shopper,Supermarkets ,Manager,751801.80,282,2665.96,500.56,4975.26
Britannia,Occasional Shopper,Supermarkets ,Sales Associate,938079.99,343,2734.93,519.87,4960.94
Britannia,Occasional Shopper,Supermarkets ,Salesperson,752420.24,271,2776.46,533.36,4976.10
Britannia,Occasional Shopper,Supermarkets ,Senior Salesperson,738614.68,279,2647.36,527.56,4981.10
Britannia,Online Shopper,Large Malls / Complexes,Manager,795429.35,287,2771.53,505.12,4973.45
Britannia,Online Shopper,Large Malls / Complexes,Sales Associate,656522.08,245,2679.68,511.38,4996.20
Britannia,Online Shopper,Large Malls / Complexes,Salesperson,646745.15,229,2824.21,516.53,4996.06
Britannia,Online Shopper,Large Malls / Complexes,Senior Salesperson,634546.91,229,2770.95,525.08,4986.10
Britannia,Online Shopper,Small Stores / Shops,Manager,931315.07,327,2848.06,580.21,4986.06
Britannia,Online Shopper,Small Stores / Shops,Sales Associate,804599.37,298,2700.00,502.57,4997.84
Britannia,Online Shopper,Small Stores / Shops,Salesperson,792826.45,294,2696.69,500.65,4990.08
Britannia,Online Shopper,Small Stores / Shops,Senior Salesperson,653259.94,235,2779.83,535.70,4977.21
Britannia,Online Shopper,Supermarkets ,Manager,641314.07,250,2565.26,503.33,4970.47
Britannia,Online Shopper,Supermarkets ,Sales Associate,817799.16,300,2726.00,529.52,4967.72
Britannia,Online Shopper,Supermarkets ,Salesperson,911414.42,338,2696.49,510.75,4993.28
Britannia,Online Shopper,Supermarkets ,Senior Salesperson,751845.63,269,2794.97,512.39,4971.10
Britannia,Premium Shopper,Large Malls / Complexes,Manager,659237.44,232,2841.54,518.06,4998.94
Britannia,Premium Shopper,Large Malls / Complexes,Sales Associate,847249.32,306,2768.79,530.79,4989.58
Britannia,Premium Shopper,Large Malls / Complexes,Salesperson,782901.54,281,2786.13,550.06,4997.76
Britannia,Premium Shopper,Large Malls / Complexes,Senior Salesperson,613328.31,230,2666.64,500.98,4974.11
Britannia,Premium Shopper,Small Stores / Shops,Manager,745414.21,279,2671.74,500.31,4996.87
Britannia,Premium Shopper,Small Stores / Shops,Sales Associate,809641.61,304,2663.29,502.12,4996.19
Britannia,Premium Shopper,Small Stores / Shops,Salesperson,792776.71,297,2669.28,505.45,4993.04
Britannia,Premium Shopper,Small Stores / Shops,Senior Salesperson,633387.42,235,2695.27,508.47,4966.13
Britannia,Premium Shopper,Supermarkets ,Manager,765902.95,276,2775.01,539.59,4992.34
Britannia,Premium Shopper,Supermarkets ,Sales Associate,754154.60,278,2712.79,518.95,4977.49
Britannia,Premium Shopper,Supermarkets ,Salesperson,759035.35,294,2581.75,522.66,4986.12
Britannia,Premium Shopper,Supermarkets ,Senior Salesperson,717317.09,265,2706.86,524.29,4985.97
Decathlon,Budget Shopper,Large Malls / Complexes,Manager,737484.55,252,2926.53,506.66,4995.72
Decathlon,Budget Shopper,Large Malls / Complexes,Sales Associate,757879.01,275,2755.92,500.42,4957.95
Decathlon,Budget Shopper,Large Malls / Complexes,Salesperson,783987.94,289,2712.76,508.66,4969.94
Decathlon,Budget Shopper,Large Malls / Complexes,Senior Salesperson,626131.39,241,2598.06,505.64,4984.03
Decathlon,Budget Shopper,Small Stores / Shops,Manager,701707.76,274,2560.98,524.69,4990.77
Decathlon,Budget Shopper,Small Stores / Shops,Sales Associate,854713.05,313,2730.71,508.67,4972.15
Decathlon,Budget Shopper,Small Stores / Shops,Salesperson,773058.40,285,2712.49,500.51,4989.89
Decathlon,Budget Shopper,Small Stores / Shops,Senior Salesperson,653016.58,241,2709.61,507.15,4983.97
Decathlon,Budget Shopper,Supermarkets ,Manager,859719.84,316,2720.63,532.14,4992.08
Decathlon,Budget Shopper,Supermarkets ,Sales Associate,820019.82,293,2798.70,500.42,4995.42
Decathlon,Budget Shopper,Supermarkets ,Salesperson,849120.81,311,2730.29,550.12,4995.51
Decathlon,Budget Shopper,Supermarkets ,Senior Salesperson,682610.04,256,2666.45,513.60,4991.41
Decathlon,Churn Risk,Large Malls / Complexes,Manager,724307.91,252,2874.24,524.53,4958.19
Decathlon,Churn Risk,Large Malls / Complexes,Sales Associate,789057.43,283,2788.19,500.56,4967.33
Decathlon,Churn Risk,Large Malls / Complexes,Salesperson,734462.13,260,2824.85,528.40,4974.64
Decathlon,Churn Risk,Large Malls / Complexes,Senior Salesperson,641669.57,232,2765.82,544.67,4995.47
Decathlon,Churn Risk,Small Stores / Shops,Manager,851607.26,303,2810.59,534.98,4950.73
Decathlon,Churn Risk,Small Stores / Shops,Sales Associate,813057.83,293,2774.94,509.96,4984.46
Decathlon,Churn Risk,Small Stores / Shops,Salesperson,799541.05,299,2674.05,505.17,4997.07
Decathlon,Churn Risk,Small Stores / Shops,Senior Salesperson,674397.09,238,2833.60,503.63,4944.64
Decathlon,Churn Risk,Supermarkets ,Manager,761654.17,277,2749.65,517.78,4974.34
Decathlon,Churn Risk,Supermarkets ,Sales Associate,905103.50,327,2767.90,509.28,4980.69
Decathlon,Churn Risk,Supermarkets ,Salesperson,806129.91,293,2751.30,504.21,4992.77
Decathlon,Churn Risk,Supermarkets ,Senior Salesperson,727303.69,269,2703.73,505.32,4950.43
Decathlon,Deal Seeker,Large Malls / Complexes,Manager,747164.91,264,2830.17,501.01,4995.74
Decathlon,Deal Seeker,Large Malls / Complexes,Sales Associate,684160.68,248,2758.71,506.02,4972.98
Decathlon,Deal Seeker,Large Malls / Complexes,Salesperson,821367.27,306,2684.21,514.26,4977.46
Decathlon,Deal Seeker,Large Malls / Complexes,Senior Salesperson,562050.72,222,2531.76,517.64,4954.41
Decathlon,Deal Seeker,Small Stores / Shops,Manager,736650.35,275,2678.73,505.31,4991.22
Decathlon,Deal Seeker,Small Stores / Shops,Sales Associate,875860.84,311,2816.27,540.70,4981.58
Decathlon,Deal Seeker,Small Stores / Shops,Salesperson,784614.10,282,2782.32,502.58,4990.60
Decathlon,Deal Seeker,Small Stores / Shops,Senior Salesperson,684483.53,258,2653.04,506.71,4977.47
Decathlon,Deal Seeker,Supermarkets ,Manager,706144.16,263,2684.96,517.42,4977.69
Decathlon,Deal Seeker,Supermarkets ,Sales Associate,790179.88,288,2743.68,500.46,4996.78
Decathlon,Deal Seeker,Supermarkets ,Salesperson,833311.59,306,2723.24,506.47,4990.46
Decathlon,Deal Seeker,Supermarkets ,Senior Salesperson,685646.57,247,2775.90,514.31,4999.49
Decathlon,First-time Buyer,Large Malls / Complexes,Manager,703024.79,255,2756.96,508.99,4971.21
Decathlon,First-time Buyer,Large Malls / Complexes,Sales Associate,704271.50,259,2719.19,527.31,4986.97
Decathlon,First-time Buyer,Large Malls / Complexes,Salesperson,739206.32,267,2768.56,502.57,4997.18
Decathlon,First-time Buyer,Large Malls / Complexes,Senior Salesperson,599583.92,226,2653.03,501.68,4948.55
Decathlon,First-time Buyer,Small Stores / Shops,Manager,782652.91,271,2888.02,517.33,4996.23
Decathlon,First-time Buyer,Small Stores / Shops,Sales Associate,785538.96,285,2756.28,508.58,4967.05
Decathlon,First-time Buyer,Small Stores / Shops,Salesperson,789505.08,296,2667.25,503.51,4999.25
Decathlon,First-time Buyer,Small Stores / Shops,Senior Salesperson,701721.42,251,2795.70,502.80,4990.97
Decathlon,First-time Buyer,Supermarkets ,Manager,795285.21,294,2705.05,505.25,4990.55
Decathlon,First-time Buyer,Supermarkets ,Sales Associate,871155.06,316,2756.82,500.09,4959.07
Decathlon,First-time Buyer,Supermarkets ,Salesperson,861912.01,314,2744.94,523.64,4963.66
Decathlon,First-time Buyer,Supermarkets ,Senior Salesperson,722915.44,260,2780.44,502.21,4981.94
Decathlon,High Value,Large Malls / Complexes,Manager,666986.27,246,2711.33,514.08,4964.65
Decathlon,High Value,Large Malls / Complexes,Sales Associate,732273.38,270,2712.12,519.40,4965.80
Decathlon,High Value,Large Malls / Complexes,Salesperson,835406.47,290,2880.71,535.89,4985.56
Decathlon,High Value,Large Malls / Complexes,Senior Salesperson,614126.29,226,2717.37,516.27,4985.05
Decathlon,High Value,Small Stores / Shops,Manager,769070.50,274,2806.83,500.22,4968.78
Decathlon,High Value,Small Stores / Shops,Sales Associate,912057.76,329,2772.21,534.19,4998.94
Decathlon,High Value,Small Stores / Shops,Salesperson,854269.22,309,2764.63,519.56,4990.32
Decathlon,High Value,Small Stores / Shops,Senior Salesperson,685456.22,242,2832.46,546.77,4994.72
Decathlon,High Value,Supermarkets ,Manager,804319.56,295,2726.51,524.71,4980.83
Decathlon,High Value,Supermarkets ,Sales Associate,968256.83,347,2790.37,500.15,4998.08
Decathlon,High Value,Supermarkets ,Salesperson,872595.01,320,2726.86,501.31,4999.05
Decathlon,High Value,Supermarkets ,Senior Salesperson,764799.74,278,2751.08,524.07,4987.53
Decathlon,In-Store Regular,Large Malls / Complexes,Manager,737775.40,268,2752.89,508.18,4992.34
Decathlon,In-Store Regular,Large Malls / Complexes,Sales Associate,753895.32,269,2802.58,526.70,4992.97
Decathlon,In-Store Regular,Large Malls / Complexes,Salesperson,707924.30,257,2754.57,501.50,4989.80
Decathlon,In-Store Regular,Large Malls / Complexes,Senior Salesperson,659598.40,232,2843.10,527.14,4997.59
Decathlon,In-Store Regular,Small Stores / Shops,Manager,825462.29,293,2817.28,529.79,4978.05
Decathlon,In-Store Regular,Small Stores / Shops,Sales Associate,798338.57,282,2830.99,551.46,4985.23
Decathlon,In-Store Regular,Small Stores / Shops,Salesperson,862934.82,302,2857.40,504.84,4997.58
Decathlon,In-Store Regular,Small Stores / Shops,Senior Salesperson,732062.91,256,2859.62,518.96,4959.24
Decathlon,In-Store Regular,Supermarkets ,Manager,840414.43,304,2764.52,509.28,4979.21
Decathlon,In-Store Regular,Supermarkets ,Sales Associate,739728.59,279,2651.36,536.36,4999.17
Decathlon,In-Store Regular,Supermarkets ,Salesperson,773387.42,284,2723.20,513.24,4999.77
Decathlon,In-Store Regular,Supermarkets ,Senior Salesperson,721033.91,251,2872.65,509.56,4996.22
Decathlon,Loyal Customer,Large Malls / Complexes,Manager,729750.10,258,2828.49,508.37,4989.93
Decathlon,Loyal Customer,Large Malls / Complexes,Sales Associate,801274.03,285,2811.49,504.68,4979.33
Decathlon,Loyal Customer,Large Malls / Complexes,Salesperson,665046.59,258,2577.70,503.70,4990.35
Decathlon,Loyal Customer,Large Malls / Complexes,Senior Salesperson,673813.42,250,2695.25,501.43,4996.95
Decathlon,Loyal Customer,Small Stores / Shops,Manager,779599.24,288,2706.94,507.87,4969.81
Decathlon,Loyal Customer,Small Stores / Shops,Sales Associate,855486.66,311,2750.76,515.62,4957.51
Decathlon,Loyal Customer,Small Stores / Shops,Salesperson,893538.55,309,2891.71,508.25,4993.65
Decathlon,Loyal Customer,Small Stores / Shops,Senior Salesperson,657739.07,235,2798.89,530.60,4912.76
Decathlon,Loyal Customer,Supermarkets ,Manager,691929.82,255,2713.45,523.66,4946.16
Decathlon,Loyal Customer,Supermarkets ,Sales Associate,863809.29,320,2699.40,516.00,4938.53
Decathlon,Loyal Customer,Supermarkets ,Salesperson,834940.40,302,2764.70,506.01,4980.79
Decathlon,Loyal Customer,Supermarkets ,Senior Salesperson,704236.77,250,2816.95,535.21,4988.23
Decathlon,Occasional Shopper,Large Malls / Complexes,Manager,668840.71,248,2696.94,500.07,4962.79
Decathlon,Occasional Shopper,Large Malls / Complexes,Sales Associate,773549.91,276,2802.72,511.83,4986.55
Decathlon,Occasional Shopper,Large Malls / Complexes,Salesperson,762590.85,284,2685.18,523.68,4931.12
Decathlon,Occasional Shopper,Large Malls / Complexes,Senior Salesperson,642468.24,238,2699.45,515.06,4982.65
Decathlon,Occasional Shopper,Small Stores / Shops,Manager,751237.18,284,2645.20,501.38,4986.81
Decathlon,Occasional Shopper,Small Stores / Shops,Sales Associate,865059.83,309,2799.55,500.39,4989.97
Decathlon,Occasional Shopper,Small Stores / Shops,Salesperson,752323.15,274,2745.70,548.21,4968.98
Decathlon,Occasional Shopper,Small Stores / Shops,Senior Salesperson,728628.01,260,2802.42,527.06,4997.17
Decathlon,Occasional Shopper,Supermarkets ,Manager,842464.30,322,2616.35,512.52,4989.89
Decathlon,Occasional Shopper,Supermarkets ,Sales Associate,843312.21,300,2811.04,501.49,4986.08
Decathlon,Occasional Shopper,Supermarkets ,Salesperson,837934.53,306,2738.35,508.28,4987.28
Decathlon,Occasional Shopper,Supermarkets ,Senior Salesperson,822483.27,295,2788.08,515.62,4996.60
Decathlon,Online Shopper,Large Malls / Complexes,Manager,761058.05,280,2718.06,517.40,4955.64
Decathlon,Online Shopper,Large Malls / Complexes,Sales Associate,750965.64,274,2740.75,510.72,4998.97
Decathlon,Online Shopper,Large Malls / Complexes,Salesperson,847364.58,291,2911.91,502.34,4995.91
Decathlon,Online Shopper,Large Malls / Complexes,Senior Salesperson,732514.11,267,2743.50,521.23,4994.89
Decathlon,Online Shopper,Small Stores / Shops,Manager,714159.82,255,2800.63,515.94,4996.10
Decathlon,Online Shopper,Small Stores / Shops,Sales Associate,789652.71,301,2623.43,542.83,4978.89
Decathlon,Online Shopper,Small Stores / Shops,Salesperson,787037.28,285,2761.53,500.15,4997.16
Decathlon,Online Shopper,Small Stores / Shops,Senior Salesperson,767209.99,287,2673.21,509.74,4979.57
Decathlon,Online Shopper,Supermarkets ,Manager,776723.20,273,2845.14,505.40,4999.97
Decathlon,Online Shopper,Supermarkets ,Sales Associate,829157.12,310,2674.70,529.61,4993.77
Decathlon,Online Shopper,Supermarkets ,Salesperson,758907.11,275,2759.66,501.48,4994.34
Decathlon,Online Shopper,Supermarkets ,Senior Salesperson,763099.47,277,2754.87,511.12,4987.19
Decathlon,Premium Shopper,Large Malls / Complexes,Manager,691494.34,258,2680.21,517.65,4982.99
Decathlon,Premium Shopper,Large Malls / Complexes,Sales Associate,694058.23,254,2732.51,520.94,4964.73
Decathlon,Premium Shopper,Large Malls / Complexes,Salesperson,773303.23,277,2791.71,516.63,4976.77
Decathlon,Premium Shopper,Large Malls / Complexes,Senior Salesperson,561507.95,215,2611.66,532.84,4994.28
Decathlon,Premium Shopper,Small Stores / Shops,Manager,790453.84,293,2697.79,508.38,4995.64
Decathlon,Premium Shopper,Small Stores / Shops,Sales Associate,754060.60,285,2645.83,500.23,4985.18
Decathlon,Premium Shopper,Small Stores / Shops,Salesperson,896960.88,326,2751.41,507.35,4994.09
Decathlon,Premium Shopper,Small Stores / Shops,Senior Salesperson,710605.27,243,2924.30,521.60,4990.38
Decathlon,Premium Shopper,Supermarkets ,Manager,833129.13,308,2704.96,513.29,4997.72
Decathlon,Premium Shopper,Supermarkets ,Sales Associate,810424.17,303,2674.67,501.16,4979.54
Decathlon,Premium Shopper,Supermarkets ,Salesperson,754121.51,281,2683.71,500.60,4988.03
Decathlon,Premium Shopper,Supermarkets ,Senior Salesperson,733073.11,275,2665.72,538.21,4988.20
Godrej Interio,Budget Shopper,Large Malls / Complexes,Manager,743211.88,268,2773.18,516.51,4997.69
Godrej Interio,Budget Shopper,Large Malls / Complexes,Sales Associate,706652.60,273,2588.47,528.63,4994.26
Godrej Interio,Budget Shopper,Large Malls / Complexes,Salesperson,797853.39,290,2751.22,535.41,4976.44
Godrej Interio,Budget Shopper,Large Malls / Complexes,Senior Salesperson,632631.44,233,2715.16,508.66,4999.77
Godrej Interio,Budget Shopper,Small Stores / Shops,Manager,814011.46,293,2778.20,503.86,4987.15
Godrej Interio,Budget Shopper,Small Stores / Shops,Sales Associate,775400.02,282,2749.65,513.03,4985.58
Godrej Interio,Budget Shopper,Small Stores / Shops,Salesperson,851740.50,319,2670.03,503.77,4984.81
Godrej Interio,Budget Shopper,Small Stores / Shops,Senior Salesperson,630487.88,246,2562.96,502.47,4986.48
Godrej Interio,Budget Shopper,Supermarkets ,Manager,782808.53,283,2766.11,501.67,4979.63
Godrej Interio,Budget Shopper,Supermarkets ,Sales Associate,870451.16,304,2863.33,517.71,4981.33
Godrej Interio,Budget Shopper,Supermarkets ,Salesperson,779552.28,287,2716.21,505.98,4982.73
Godrej Interio,Budget Shopper,Supermarkets ,Senior Salesperson,726056.23,259,2803.31,503.27,4999.39
Godrej Interio,Churn Risk,Large Malls / Complexes,Manager,690817.27,264,2616.73,516.15,4997.24
Godrej Interio,Churn Risk,Large Malls / Complexes,Sales Associate,818431.35,311,2631.61,532.26,4981.94
Godrej Interio,Churn Risk,Large Malls / Complexes,Salesperson,618885.76,237,2611.33,525.87,4985.53
Godrej Interio,Churn Risk,Large Malls / Complexes,Senior Salesperson,661988.58,236,2805.04,520.43,4990.62
Godrej Interio,Churn Risk,Small Stores / Shops,Manager,835107.52,306,2729.11,503.75,4997.34
Godrej Interio,Churn Risk,Small Stores / Shops,Sales Associate,836190.12,305,2741.61,513.01,4999.20
Godrej Interio,Churn Risk,Small Stores / Shops,Salesperson,735292.01,267,2753.90,504.82,4977.90
Godrej Interio,Churn Risk,Small Stores / Shops,Senior Salesperson,677873.40,258,2627.42,528.93,4924.24
Godrej Interio,Churn Risk,Supermarkets ,Manager,734404.03,281,2613.54,503.48,4995.76
Godrej Interio,Churn Risk,Supermarkets ,Sales Associate,734452.34,266,2761.10,520.33,4996.09
Godrej Interio,Churn Risk,Supermarkets ,Salesperson,880315.38,318,2768.29,505.74,4986.49
Godrej Interio,Churn Risk,Supermarkets ,Senior Salesperson,792829.68,281,2821.46,516.68,4994.87
Godrej Interio,Deal Seeker,Large Malls / Complexes,Manager,758770.93,278,2729.39,505.24,4989.67
Godrej Interio,Deal Seeker,Large Malls / Complexes,Sales Associate,741266.04,272,2725.24,505.50,4989.55
Godrej Interio,Deal Seeker,Large Malls / Complexes,Salesperson,779848.79,283,2755.65,506.58,4994.26
Godrej Interio,Deal Seeker,Large Malls / Complexes,Senior Salesperson,686805.15,248,2769.38,505.77,4998.98
Godrej Interio,Deal Seeker,Small Stores / Shops,Manager,794622.66,289,2749.56,501.02,4993.17
Godrej Interio,Deal Seeker,Small Stores / Shops,Sales Associate,712323.64,278,2562.32,503.95,4972.61
Godrej Interio,Deal Seeker,Small Stores / Shops,Salesperson,810529.09,289,2804.60,502.61,4998.30
Godrej Interio,Deal Seeker,Small Stores / Shops,Senior Salesperson,724882.21,275,2635.94,511.71,4999.40
Godrej Interio,Deal Seeker,Supermarkets ,Manager,767505.49,286,2683.59,514.75,4984.70
Godrej Interio,Deal Seeker,Supermarkets ,Sales Associate,859764.77,307,2800.54,503.19,4995.00
Godrej Interio,Deal Seeker,Supermarkets ,Salesperson,848846.74,316,2686.22,503.47,4991.81
Godrej Interio,Deal Seeker,Supermarkets ,Senior Salesperson,687193.74,251,2737.82,506.81,4972.06
Godrej Interio,First-time Buyer,Large Malls / Complexes,Manager,620134.09,222,2793.40,540.33,4999.65
Godrej Interio,First-time Buyer,Large Malls / Complexes,Sales Associate,753702.65,286,2635.32,505.04,4997.71
Godrej Interio,First-time Buyer,Large Malls / Complexes,Salesperson,722688.19,266,2716.87,500.38,4994.61
Godrej Interio,First-time Buyer,Large Malls / Complexes,Senior Salesperson,736287.24,253,2910.23,512.39,4992.57
Godrej Interio,First-time Buyer,Small Stores / Shops,Manager,823554.06,302,2727.00,513.73,4991.93
Godrej Interio,First-time Buyer,Small Stores / Shops,Sales Associate,803216.81,284,2828.23,504.88,4962.54
Godrej Interio,First-time Buyer,Small Stores / Shops,Salesperson,821528.83,299,2747.59,517.29,4969.74
Godrej Interio,First-time Buyer,Small Stores / Shops,Senior Salesperson,702462.65,260,2701.78,510.69,4975.07
Godrej Interio,First-time Buyer,Supermarkets ,Manager,828814.11,303,2735.36,516.60,4992.46
Godrej Interio,First-time Buyer,Supermarkets ,Sales Associate,922675.19,318,2901.49,540.30,4990.95
Godrej Interio,First-time Buyer,Supermarkets ,Salesperson,768402.34,298,2578.53,528.94,4999.17
Godrej Interio,First-time Buyer,Supermarkets ,Senior Salesperson,622238.89,246,2529.43,503.30,4981.26
Godrej Interio,High Value,Large Malls / Complexes,Manager,693253.33,251,2761.97,519.11,4975.04
Godrej Interio,High Value,Large Malls / Complexes,Sales Associate,747853.74,271,2759.61,509.62,4998.10
Godrej Interio,High Value,Large Malls / Complexes,Salesperson,758496.58,278,2728.40,505.18,4993.32
Godrej Interio,High Value,Large Malls / Complexes,Senior Salesperson,716065.29,260,2754.10,511.05,4996.39
Godrej Interio,High Value,Small Stores / Shops,Manager,823344.21,298,2762.90,531.93,4968.03
Godrej Interio,High Value,Small Stores / Shops,Sales Associate,757618.59,277,2735.09,547.09,4979.86
Godrej Interio,High Value,Small Stores / Shops,Salesperson,832131.47,301,2764.56,540.55,4994.56
Godrej Interio,High Value,Small Stores / Shops,Senior Salesperson,681392.44,254,2682.65,539.24,4985.71
Godrej Interio,High Value,Supermarkets ,Manager,803765.96,302,2661.48,504.51,4985.74
Godrej Interio,High Value,Supermarkets ,Sales Associate,749672.58,285,2630.43,516.21,4998.80
Godrej Interio,High Value,Supermarkets ,Salesperson,820096.70,297,2761.27,524.25,4996.56
Godrej Interio,High Value,Supermarkets ,Senior Salesperson,777957.63,263,2958.01,522.57,4968.48
Godrej Interio,In-Store Regular,Large Malls / Complexes,Manager,744933.97,264,2821.72,500.68,4970.77
Godrej Interio,In-Store Regular,Large Malls / Complexes,Sales Associate,794386.83,282,2816.97,540.54,4994.01
Godrej Interio,In-Store Regular,Large Malls / Complexes,Salesperson,678407.57,241,2814.97,535.71,4960.27
Godrej Interio,In-Store Regular,Large Malls / Complexes,Senior Salesperson,633247.83,230,2753.25,504.49,4974.87
Godrej Interio,In-Store Regular,Small Stores / Shops,Manager,772764.44,288,2683.21,507.30,4958.43
Godrej Interio,In-Store Regular,Small Stores / Shops,Sales Associate,729156.49,268,2720.73,500.57,4954.23
Godrej Interio,In-Store Regular,Small Stores / Shops,Salesperson,816177.04,295,2766.70,501.91,4989.70
Godrej Interio,In-Store Regular,Small Stores / Shops,Senior Salesperson,703114.11,265,2653.26,525.61,4963.87
Godrej Interio,In-Store Regular,Supermarkets ,Manager,799765.54,292,2738.92,505.38,4969.58
Godrej Interio,In-Store Regular,Supermarkets ,Sales Associate,818594.57,313,2615.32,506.12,4983.01
Godrej Interio,In-Store Regular,Supermarkets ,Salesperson,830194.60,309,2686.71,547.98,4988.02
Godrej Interio,In-Store Regular,Supermarkets ,Senior Salesperson,747369.36,277,2698.08,513.27,4995.77
Godrej Interio,Loyal Customer,Large Malls / Complexes,Manager,697938.10,250,2791.75,502.50,4993.55
Godrej Interio,Loyal Customer,Large Malls / Complexes,Sales Associate,764396.43,281,2720.27,504.76,4988.21
Godrej Interio,Loyal Customer,Large Malls / Complexes,Salesperson,740628.47,263,2816.08,519.75,4994.08
Godrej Interio,Loyal Customer,Large Malls / Complexes,Senior Salesperson,660840.21,235,2812.09,508.43,4976.02
Godrej Interio,Loyal Customer,Small Stores / Shops,Manager,785522.54,294,2671.85,534.97,4987.08
Godrej Interio,Loyal Customer,Small Stores / Shops,Sales Associate,841660.16,312,2697.63,506.65,4997.34
Godrej Interio,Loyal Customer,Small Stores / Shops,Salesperson,773793.74,269,2876.56,523.83,4994.15
Godrej Interio,Loyal Customer,Small Stores / Shops,Senior Salesperson,797233.62,290,2749.08,503.81,4956.80
Godrej Interio,Loyal Customer,Supermarkets ,Manager,742498.70,272,2729.77,508.28,4996.61
Godrej Interio,Loyal Customer,Supermarkets ,Sales Associate,827875.38,306,2705.48,508.47,4920.83
Godrej Interio,Loyal Customer,Supermarkets ,Salesperson,905382.88,320,2829.32,525.79,4980.98
Godrej Interio,Loyal Customer,Supermarkets ,Senior Salesperson,696856.30,246,2832.75,520.76,4984.38
Godrej Interio,Occasional Shopper,Large Malls / Complexes,Manager,667976.19,247,2704.36,507.16,4994.03
Godrej Interio,Occasional Shopper,Large Malls / Complexes,Sales Associate,744822.61,265,2810.65,517.40,4981.66
Godrej Interio,Occasional Shopper,Large Malls / Complexes,Salesperson,797475.01,296,2694.17,501.14,4982.90
Godrej Interio,Occasional Shopper,Large Malls / Complexes,Senior Salesperson,632378.97,239,2645.94,504.42,4989.23
Godrej Interio,Occasional Shopper,Small Stores / Shops,Manager,706837.54,270,2617.92,512.99,4996.74
Godrej Interio,Occasional Shopper,Small Stores / Shops,Sales Associate,773919.14,274,2824.52,521.42,4999.44
Godrej Interio,Occasional Shopper,Small Stores / Shops,Salesperson,743591.37,270,2754.04,504.08,4979.69
Godrej Interio,Occasional Shopper,Small Stores / Shops,Senior Salesperson,713626.82,261,2734.20,509.67,4955.90
Godrej Interio,Occasional Shopper,Supermarkets ,Manager,784019.90,282,2780.21,513.26,4997.96
Godrej Interio,Occasional Shopper,Supermarkets ,Sales Associate,827169.49,320,2584.90,503.68,4963.33
Godrej Interio,Occasional Shopper,Supermarkets ,Salesperson,779817.27,283,2755.54,510.39,4990.48
Godrej Interio,Occasional Shopper,Supermarkets ,Senior Salesperson,771211.22,275,2804.40,539.89,4989.40
Godrej Interio,Online Shopper,Large Malls / Complexes,Manager,724465.04,260,2786.40,501.32,4992.74
Godrej Interio,Online Shopper,Large Malls / Complexes,Sales Associate,748009.54,253,2956.56,500.23,4971.73
Godrej Interio,Online Shopper,Large Malls / Complexes,Salesperson,898939.62,308,2918.64,549.09,4996.98
Godrej Interio,Online Shopper,Large Malls / Complexes,Senior Salesperson,633424.44,233,2718.56,518.08,4992.67
Godrej Interio,Online Shopper,Small Stores / Shops,Manager,807962.15,284,2844.94,502.89,4992.17
Godrej Interio,Online Shopper,Small Stores / Shops,Sales Associate,796380.83,297,2681.42,525.00,4968.55
Godrej Interio,Online Shopper,Small Stores / Shops,Salesperson,799027.09,305,2619.76,503.85,4997.06
Godrej Interio,Online Shopper,Small Stores / Shops,Senior Salesperson,697217.54,265,2631.01,507.76,4998.57
Godrej Interio,Online Shopper,Supermarkets ,Manager,822447.42,308,2670.28,513.63,4992.46
Godrej Interio,Online Shopper,Supermarkets ,Sales Associate,930206.65,330,2818.81,502.89,4994.27
Godrej Interio,Online Shopper,Supermarkets ,Salesperson,878817.94,329,2671.18,524.64,4995.74
Godrej Interio,Online Shopper,Supermarkets ,Senior Salesperson,784454.84,276,2842.23,502.59,4982.44
Godrej Interio,Premium Shopper,Large Malls / Complexes,Manager,741702.68,269,2757.26,517.81,4998.58
Godrej Interio,Premium Shopper,Large Malls / Complexes,Sales Associate,716719.26,260,2756.61,510.07,4991.57
Godrej Interio,Premium Shopper,Large Malls / Complexes,Salesperson,762295.10,268,2844.38,502.26,4999.01
Godrej Interio,Premium Shopper,Large Malls / Complexes,Senior Salesperson,634702.58,224,2833.49,503.27,4994.23
Godrej Interio,Premium Shopper,Small Stores / Shops,Manager,719447.85,268,2684.51,528.58,4986.72
Godrej Interio,Premium Shopper,Small Stores / Shops,Sales Associate,820577.87,281,2920.21,501.02,4992.08
Godrej Interio,Premium Shopper,Small Stores / Shops,Salesperson,758953.53,279,2720.26,502.26,4969.47
Godrej Interio,Premium Shopper,Small Stores / Shops,Senior Salesperson,734965.96,260,2826.79,501.18,4983.35
Godrej Interio,Premium Shopper,Supermarkets ,Manager,750300.61,272,2758.46,543.16,4985.02
Godrej Interio,Premium Shopper,Supermarkets ,Sales Associate,790459.13,292,2707.05,516.13,4982.09
Godrej Interio,Premium Shopper,Supermarkets ,Salesperson,767627.98,283,2712.47,503.67,4984.11
Godrej Interio,Premium Shopper,Supermarkets ,Senior Salesperson,724098.81,269,2691.82,519.59,4990.23
Haier,Budget Shopper,Large Malls / Complexes,Manager,734527.87,269,2730.59,510.26,4979.51
Haier,Budget Shopper,Large Malls / Complexes,Sales Associate,763327.89,280,2726.17,504.93,4989.51
Haier,Budget Shopper,Large Malls / Complexes,Salesperson,720227.31,262,2748.96,504.57,4997.58
Haier,Budget Shopper,Large Malls / Complexes,Senior Salesperson,606635.93,220,2757.44,522.46,4974.01
Haier,Budget Shopper,Small Stores / Shops,Manager,806659.44,296,2725.20,500.92,4979.01
Haier,Budget Shopper,Small Stores / Shops,Sales Associate,840774.98,296,2840.46,505.90,4992.52
Haier,Budget Shopper,Small Stores / Shops,Salesperson,868296.36,324,2679.93,517.79,4993.37
Haier,Budget Shopper,Small Stores / Shops,Senior Salesperson,656276.13,238,2757.46,541.53,4927.89
Haier,Budget Shopper,Supermarkets ,Manager,748109.35,264,2833.75,553.48,4967.47
Haier,Budget Shopper,Supermarkets ,Sales Associate,822227.84,298,2759.15,510.19,4997.98
Haier,Budget Shopper,Supermarkets ,Salesperson,813381.22,297,2738.66,509.77,4998.49
Haier,Budget Shopper,Supermarkets ,Senior Salesperson,689119.05,245,2812.73,512.52,4953.70
Haier,Churn Risk,Large Malls / Complexes,Manager,767007.22,277,2768.98,501.18,4981.41
Haier,Churn Risk,Large Malls / Complexes,Sales Associate,707188.06,245,2886.48,500.36,4971.13
Haier,Churn Risk,Large Malls / Complexes,Salesperson,753544.53,282,2672.14,503.83,4989.39
Haier,Churn Risk,Large Malls / Complexes,Senior Salesperson,625516.80,223,2805.01,521.22,4991.85
Haier,Churn Risk,Small Stores / Shops,Manager,859672.25,317,2711.90,524.80,4998.05
Haier,Churn Risk,Small Stores / Shops,Sales Associate,842075.42,300,2806.92,500.57,4993.47
Haier,Churn Risk,Small Stores / Shops,Salesperson,770011.60,280,2750.04,506.35,4984.13
Haier,Churn Risk,Small Stores / Shops,Senior Salesperson,656889.05,244,2692.17,543.23,4980.67
Haier,Churn Risk,Supermarkets ,Manager,826624.87,302,2737.17,527.21,4987.09
Haier,Churn Risk,Supermarkets ,Sales Associate,943081.41,343,2749.51,513.33,4998.82
Haier,Churn Risk,Supermarkets ,Salesperson,711681.56,264,2695.76,500.39,4976.24
Haier,Churn Risk,Supermarkets ,Senior Salesperson,688036.52,255,2698.18,540.60,4970.46
Haier,Deal Seeker,Large Malls / Complexes,Manager,698453.83,260,2686.36,506.61,4996.75
Haier,Deal Seeker,Large Malls / Complexes,Sales Associate,711087.73,263,2703.76,549.46,4991.37
Haier,Deal Seeker,Large Malls / Complexes,Salesperson,775145.04,283,2739.03,503.14,4984.94
Haier,Deal Seeker,Large Malls / Complexes,Senior Salesperson,621685.66,240,2590.36,537.07,4994.72
Haier,Deal Seeker,Small Stores / Shops,Manager,782082.29,292,2678.36,502.92,4977.29
Haier,Deal Seeker,Small Stores / Shops,Sales Associate,840865.96,296,2840.76,521.74,4983.83
Haier,Deal Seeker,Small Stores / Shops,Salesperson,718783.75,275,2613.76,515.54,4985.81
Haier,Deal Seeker,Small Stores / Shops,Senior Salesperson,657459.59,241,2728.05,500.05,4958.00
Haier,Deal Seeker,Supermarkets ,Manager,837426.21,297,2819.62,511.78,4983.20
Haier,Deal Seeker,Supermarkets ,Sales Associate,864328.01,328,2635.15,510.03,4989.32
Haier,Deal Seeker,Supermarkets ,Salesperson,862177.29,321,2685.91,527.46,4992.11
Haier,Deal Seeker,Supermarkets ,Senior Salesperson,837621.06,299,2801.41,586.50,4999.84
Haier,First-time Buyer,Large Malls / Complexes,Manager,691787.86,252,2745.19,510.42,4997.95
Haier,First-time Buyer,Large Malls / Complexes,Sales Associate,774645.61,282,2746.97,513.00,4996.92
Haier,First-time Buyer,Large Malls / Complexes,Salesperson,748262.98,272,2750.97,508.15,4994.80
Haier,First-time Buyer,Large Malls / Complexes,Senior Salesperson,638140.52,226,2823.63,521.13,4997.06
Haier,First-time Buyer,Small Stores / Shops,Manager,778390.88,274,2840.84,520.83,4995.13
Haier,First-time Buyer,Small Stores / Shops,Sales Associate,878044.20,307,2860.08,501.74,4996.58
Haier,First-time Buyer,Small Stores / Shops,Salesperson,767033.42,276,2779.11,514.66,4960.21
Haier,First-time Buyer,Small Stores / Shops,Senior Salesperson,715858.46,256,2796.32,501.03,4965.62
Haier,First-time Buyer,Supermarkets ,Manager,731887.97,269,2720.77,500.00,4981.97
Haier,First-time Buyer,Supermarkets ,Sales Associate,864136.30,321,2692.01,507.69,4996.89
Haier,First-time Buyer,Supermarkets ,Salesperson,713577.25,256,2787.41,517.17,4970.90
Haier,First-time Buyer,Supermarkets ,Senior Salesperson,765579.41,287,2667.52,537.24,4983.38
Haier,High Value,Large Malls / Complexes,Manager,734099.95,268,2739.18,529.52,4964.32
Haier,High Value,Large Malls / Complexes,Sales Associate,789889.73,280,2821.03,519.11,4983.64
Haier,High Value,Large Malls / Complexes,Salesperson,779859.26,277,2815.38,515.80,4987.44
Haier,High Value,Large Malls / Complexes,Senior Salesperson,691075.28,253,2731.52,500.33,4995.52
Haier,High Value,Small Stores / Shops,Manager,878412.61,326,2694.52,516.62,4981.44
Haier,High Value,Small Stores / Shops,Sales Associate,811035.55,309,2624.71,504.75,4990.35
Haier,High Value,Small Stores / Shops,Salesperson,755600.53,293,2578.84,505.71,4997.95
Haier,High Value,Small Stores / Shops,Senior Salesperson,665531.82,251,2651.52,534.84,4952.67
Haier,High Value,Supermarkets ,Manager,759854.44,284,2675.54,515.41,4957.86
Haier,High Value,Supermarkets ,Sales Associate,801898.25,289,2774.73,501.47,4974.12
Haier,High Value,Supermarkets ,Salesperson,892821.63,321,2781.38,506.07,4993.02
Haier,High Value,Supermarkets ,Senior Salesperson,636522.80,239,2663.28,503.66,4989.70
Haier,In-Store Regular,Large Malls / Complexes,Manager,734167.97,266,2760.03,503.85,4981.42
Haier,In-Store Regular,Large Malls / Complexes,Sales Associate,698848.28,248,2817.94,502.05,4988.25
Haier,In-Store Regular,Large Malls / Complexes,Salesperson,785649.36,280,2805.89,501.45,4975.32
Haier,In-Store Regular,Large Malls / Complexes,Senior Salesperson,674455.70,242,2787.01,531.53,4994.72
Haier,In-Store Regular,Small Stores / Shops,Manager,756666.59,282,2683.21,507.20,4999.06
Haier,In-Store Regular,Small Stores / Shops,Sales Associate,795732.97,289,2753.40,502.48,4997.98
Haier,In-Store Regular,Small Stores / Shops,Salesperson,706379.25,273,2587.47,528.78,4992.18
Haier,In-Store Regular,Small Stores / Shops,Senior Salesperson,677961.03,251,2701.04,521.62,4956.50
Haier,In-Store Regular,Supermarkets ,Manager,820803.01,286,2869.94,509.50,4987.44
Haier,In-Store Regular,Supermarkets ,Sales Associate,932111.29,319,2921.98,543.09,4967.47
Haier,In-Store Regular,Supermarkets ,Salesperson,838237.10,289,2900.47,517.08,4989.10
Haier,In-Store Regular,Supermarkets ,Senior Salesperson,704812.34,263,2679.89,531.27,4977.78
Haier,Loyal Customer,Large Malls / Complexes,Manager,765458.56,270,2835.03,520.81,4987.33
Haier,Loyal Customer,Large Malls / Complexes,Sales Associate,824696.95,290,2843.78,509.98,4987.30
Haier,Loyal Customer,Large Malls / Complexes,Salesperson,772748.11,277,2789.70,500.27,4988.67
Haier,Loyal Customer,Large Malls / Complexes,Senior Salesperson,679957.55,252,2698.24,535.25,4998.01
Haier,Loyal Customer,Small Stores / Shops,Manager,741094.58,281,2637.35,510.76,4989.32
Haier,Loyal Customer,Small Stores / Shops,Sales Associate,813522.79,286,2844.49,503.37,4993.77
Haier,Loyal Customer,Small Stores / Shops,Salesperson,808918.83,303,2669.70,509.55,4932.52
Haier,Loyal Customer,Small Stores / Shops,Senior Salesperson,761439.49,275,2768.87,530.45,4990.66
Haier,Loyal Customer,Supermarkets ,Manager,822930.25,296,2780.17,534.39,4990.51
Haier,Loyal Customer,Supermarkets ,Sales Associate,858470.18,315,2725.30,510.98,4998.93
Haier,Loyal Customer,Supermarkets ,Salesperson,789595.63,288,2741.65,568.52,4999.91
Haier,Loyal Customer,Supermarkets ,Senior Salesperson,652503.14,232,2812.51,521.41,4968.35
Haier,Occasional Shopper,Large Malls / Complexes,Manager,651056.59,235,2770.45,567.45,4987.17
Haier,Occasional Shopper,Large Malls / Complexes,Sales Associate,668186.16,254,2630.65,523.99,4992.76
Haier,Occasional Shopper,Large Malls / Complexes,Salesperson,728410.22,267,2728.13,521.10,4959.05
Haier,Occasional Shopper,Large Malls / Complexes,Senior Salesperson,663198.39,241,2751.86,518.36,4951.73
Haier,Occasional Shopper,Small Stores / Shops,Manager,786597.37,280,2809.28,520.38,4975.94
Haier,Occasional Shopper,Small Stores / Shops,Sales Associate,866500.48,313,2768.37,533.20,4982.47
Haier,Occasional Shopper,Small Stores / Shops,Salesperson,835415.14,313,2669.06,500.66,4992.55
Haier,Occasional Shopper,Small Stores / Shops,Senior Salesperson,798111.21,293,2723.93,505.24,4974.92
Haier,Occasional Shopper,Supermarkets ,Manager,879194.23,312,2817.93,507.20,4994.82
Haier,Occasional Shopper,Supermarkets ,Sales Associate,808800.83,303,2669.31,531.76,4949.25
Haier,Occasional Shopper,Supermarkets ,Salesperson,854770.72,317,2696.44,500.69,4993.38
Haier,Occasional Shopper,Supermarkets ,Senior Salesperson,730885.19,257,2843.91,544.26,4981.00
Haier,Online Shopper,Large Malls / Complexes,Manager,762577.05,280,2723.49,546.45,4996.85
Haier,Online Shopper,Large Malls / Complexes,Sales Associate,849126.34,309,2747.98,539.88,4992.43
Haier,Online Shopper,Large Malls / Complexes,Salesperson,718724.10,257,2796.59,519.49,4961.32
Haier,Online Shopper,Large Malls / Complexes,Senior Salesperson,644965.38,236,2732.90,501.55,4995.14
Haier,Online Shopper,Small Stores / Shops,Manager,796731.44,287,2776.07,509.06,4978.70
Haier,Online Shopper,Small Stores / Shops,Sales Associate,805659.91,294,2740.34,509.40,4974.16
Haier,Online Shopper,Small Stores / Shops,Salesperson,853497.42,323,2642.41,508.10,4982.97
Haier,Online Shopper,Small Stores / Shops,Senior Salesperson,691204.19,258,2679.09,506.15,4990.20
Haier,Online Shopper,Supermarkets ,Manager,787468.57,283,2782.57,523.62,4986.96
Haier,Online Shopper,Supermarkets ,Sales Associate,733552.36,282,2601.25,503.46,4986.22
Haier,Online Shopper,Supermarkets ,Salesperson,882469.27,313,2819.39,569.14,4970.34
Haier,Online Shopper,Supermarkets ,Senior Salesperson,770753.52,284,2713.92,517.12,4978.08
Haier,Premium Shopper,Large Malls / Complexes,Manager,679397.16,250,2717.59,502.30,4998.92
Haier,Premium Shopper,Large Malls / Complexes,Sales Associate,745182.92,278,2680.51,518.30,4997.27
Haier,Premium Shopper,Large Malls / Complexes,Salesperson,747834.79,272,2749.39,510.98,4991.95
Haier,Premium Shopper,Large Malls / Complexes,Senior Salesperson,678149.61,237,2861.39,529.28,4958.34
Haier,Premium Shopper,Small Stores / Shops,Manager,736778.11,276,2669.49,505.85,4987.41
Haier,Premium Shopper,Small Stores / Shops,Sales Associate,824709.94,285,2893.72,525.02,4992.88
Haier,Premium Shopper,Small Stores / Shops,Salesperson,784253.84,283,2771.21,528.64,4995.04
Haier,Premium Shopper,Small Stores / Shops,Senior Salesperson,694345.30,242,2869.20,532.46,4985.21
Haier,Premium Shopper,Supermarkets ,Manager,746948.15,277,2696.56,501.91,4997.36
Haier,Premium Shopper,Supermarkets ,Sales Associate,845345.27,316,2675.14,522.19,4990.47
Haier,Premium Shopper,Supermarkets ,Salesperson,830986.32,297,2797.93,503.22,4998.06
Haier,Premium Shopper,Supermarkets ,Senior Salesperson,728255.10,275,2648.20,501.43,4996.14
Home Centre,Budget Shopper,Large Malls / Complexes,Manager,654865.08,246,2662.05,517.67,4994.45
Home Centre,Budget Shopper,Large Malls / Complexes,Sales Associate,821200.04,286,2871.33,511.83,4993.59
Home Centre,Budget Shopper,Large Malls / Complexes,Salesperson,813751.71,290,2806.04,501.41,4995.52
Home Centre,Budget Shopper,Large Malls / Complexes,Senior Salesperson,605769.78,232,2611.08,504.13,4973.71
Home Centre,Budget Shopper,Small Stores / Shops,Manager,790044.90,276,2862.48,500.93,4979.69
Home Centre,Budget Shopper,Small Stores / Shops,Sales Associate,843682.07,302,2793.65,516.26,4982.20
Home Centre,Budget Shopper,Small Stores / Shops,Salesperson,783063.20,293,2672.57,511.57,4992.32
Home Centre,Budget Shopper,Small Stores / Shops,Senior Salesperson,725991.51,268,2708.92,502.75,4966.19
Home Centre,Budget Shopper,Supermarkets ,Manager,800098.09,296,2703.03,510.59,4999.90
Home Centre,Budget Shopper,Supermarkets ,Sales Associate,849561.51,321,2646.61,504.75,4941.00
Home Centre,Budget Shopper,Supermarkets ,Salesperson,722624.68,267,2706.46,518.96,4987.89
Home Centre,Budget Shopper,Supermarkets ,Senior Salesperson,683961.04,259,2640.78,515.31,4966.37
Home Centre,Churn Risk,Large Malls / Complexes,Manager,778001.03,292,2664.39,507.15,4979.25
Home Centre,Churn Risk,Large Malls / Complexes,Sales Associate,772991.34,277,2790.58,552.67,4955.76
Home Centre,Churn Risk,Large Malls / Complexes,Salesperson,811286.52,288,2816.97,503.27,4999.33
Home Centre,Churn Risk,Large Malls / Complexes,Senior Salesperson,694796.11,251,2768.11,502.72,4987.50
Home Centre,Churn Risk,Small Stores / Shops,Manager,683921.18,247,2768.91,527.79,4979.03
Home Centre,Churn Risk,Small Stores / Shops,Sales Associate,850576.68,291,2922.94,501.40,4998.65
Home Centre,Churn Risk,Small Stores / Shops,Salesperson,839990.41,313,2683.68,504.23,4999.64
Home Centre,Churn Risk,Small Stores / Shops,Senior Salesperson,602085.70,217,2774.59,518.02,4975.65
Home Centre,Churn Risk,Supermarkets ,Manager,803476.22,292,2751.63,524.01,4966.89
Home Centre,Churn Risk,Supermarkets ,Sales Associate,798427.49,304,2626.41,502.08,4996.16
Home Centre,Churn Risk,Supermarkets ,Salesperson,899325.71,309,2910.44,513.84,4980.00
Home Centre,Churn Risk,Supermarkets ,Senior Salesperson,716524.09,268,2673.60,519.83,4985.80
Home Centre,Deal Seeker,Large Malls / Complexes,Manager,677051.82,256,2644.73,506.96,4943.21
Home Centre,Deal Seeker,Large Malls / Complexes,Sales Associate,760244.39,283,2686.38,503.37,4996.96
Home Centre,Deal Seeker,Large Malls / Complexes,Salesperson,718611.31,250,2874.45,523.45,4973.34
Home Centre,Deal Seeker,Large Malls / Complexes,Senior Salesperson,615636.85,229,2688.37,504.95,4982.88
Home Centre,Deal Seeker,Small Stores / Shops,Manager,729768.07,268,2723.02,514.90,4981.32
Home Centre,Deal Seeker,Small Stores / Shops,Sales Associate,925898.82,333,2780.48,538.02,4998.90
Home Centre,Deal Seeker,Small Stores / Shops,Salesperson,840450.53,301,2792.19,521.44,4995.45
Home Centre,Deal Seeker,Small Stores / Shops,Senior Salesperson,736252.22,264,2788.83,510.18,4999.30
Home Centre,Deal Seeker,Supermarkets ,Manager,724964.13,259,2799.09,504.79,4995.19
Home Centre,Deal Seeker,Supermarkets ,Sales Associate,936072.92,332,2819.50,502.25,4998.55
Home Centre,Deal Seeker,Supermarkets ,Salesperson,778922.60,304,2562.25,535.27,4980.77
Home Centre,Deal Seeker,Supermarkets ,Senior Salesperson,793657.30,290,2736.75,513.22,4995.92
Home Centre,First-time Buyer,Large Malls / Complexes,Manager,717335.07,267,2686.65,508.31,4991.57
Home Centre,First-time Buyer,Large Malls / Complexes,Sales Associate,811321.30,295,2750.24,534.25,4995.46
Home Centre,First-time Buyer,Large Malls / Complexes,Salesperson,724949.69,253,2865.41,541.13,4998.93
Home Centre,First-time Buyer,Large Malls / Complexes,Senior Salesperson,658488.66,227,2900.83,500.56,4967.55
Home Centre,First-time Buyer,Small Stores / Shops,Manager,745511.74,277,2691.38,502.90,4999.10
Home Centre,First-time Buyer,Small Stores / Shops,Sales Associate,824278.82,312,2641.92,502.68,4978.95
Home Centre,First-time Buyer,Small Stores / Shops,Salesperson,864749.76,285,3034.21,503.77,4994.36
Home Centre,First-time Buyer,Small Stores / Shops,Senior Salesperson,649737.83,233,2788.57,505.62,4996.51
Home Centre,First-time Buyer,Supermarkets ,Manager,771462.48,278,2775.04,502.09,4986.36
Home Centre,First-time Buyer,Supermarkets ,Sales Associate,818162.81,293,2792.36,520.04,4992.41
Home Centre,First-time Buyer,Supermarkets ,Salesperson,820518.10,313,2621.46,523.58,4991.66
Home Centre,First-time Buyer,Supermarkets ,Senior Salesperson,665164.97,255,2608.49,500.58,4977.71
Home Centre,High Value,Large Malls / Complexes,Manager,757946.25,269,2817.64,512.14,4971.61
Home Centre,High Value,Large Malls / Complexes,Sales Associate,791041.36,293,2699.80,516.22,4998.34
Home Centre,High Value,Large Malls / Complexes,Salesperson,735215.94,262,2806.17,524.13,4990.99
Home Centre,High Value,Large Malls / Complexes,Senior Salesperson,699642.64,260,2690.93,533.22,4983.36
Home Centre,High Value,Small Stores / Shops,Manager,820361.59,292,2809.46,525.74,4999.89
Home Centre,High Value,Small Stores / Shops,Sales Associate,862079.61,301,2864.05,508.98,4949.98
Home Centre,High Value,Small Stores / Shops,Salesperson,775778.95,281,2760.78,506.50,4996.48
Home Centre,High Value,Small Stores / Shops,Senior Salesperson,789201.20,285,2769.13,507.32,4992.73
Home Centre,High Value,Supermarkets ,Manager,762171.43,288,2646.43,504.04,4990.65
Home Centre,High Value,Supermarkets ,Sales Associate,806630.43,293,2753.00,509.93,4999.68
Home Centre,High Value,Supermarkets ,Salesperson,794177.56,284,2796.40,510.92,4996.74
Home Centre,High Value,Supermarkets ,Senior Salesperson,664010.69,248,2677.46,504.85,4923.95
Home Centre,In-Store Regular,Large Malls / Complexes,Manager,726405.18,268,2710.47,537.72,4998.42
Home Centre,In-Store Regular,Large Malls / Complexes,Sales Associate,731189.60,265,2759.21,531.97,4968.31
Home Centre,In-Store Regular,Large Malls / Complexes,Salesperson,826680.86,296,2792.84,501.98,4992.90
Home Centre,In-Store Regular,Large Malls / Complexes,Senior Salesperson,647189.71,223,2902.20,513.40,4986.03
Home Centre,In-Store Regular,Small Stores / Shops,Manager,763589.75,269,2838.62,506.27,4993.08
Home Centre,In-Store Regular,Small Stores / Shops,Sales Associate,909755.58,330,2756.84,524.05,4996.28
Home Centre,In-Store Regular,Small Stores / Shops,Salesperson,799246.30,282,2834.21,574.03,4996.39
Home Centre,In-Store Regular,Small Stores / Shops,Senior Salesperson,702033.39,250,2808.13,507.99,4964.77
Home Centre,In-Store Regular,Supermarkets ,Manager,731449.94,264,2770.64,563.60,4961.16
Home Centre,In-Store Regular,Supermarkets ,Sales Associate,788661.10,300,2628.87,514.16,4978.52
Home Centre,In-Store Regular,Supermarkets ,Salesperson,768591.92,280,2744.97,506.30,4996.63
Home Centre,In-Store Regular,Supermarkets ,Senior Salesperson,643794.78,238,2705.02,503.22,4998.45
Home Centre,Loyal Customer,Large Malls / Complexes,Manager,767496.17,280,2741.06,501.07,4986.42
Home Centre,Loyal Customer,Large Malls / Complexes,Sales Associate,766093.21,283,2707.04,528.43,4950.28
Home Centre,Loyal Customer,Large Malls / Complexes,Salesperson,823212.94,291,2828.91,532.51,4986.20
Home Centre,Loyal Customer,Large Malls / Complexes,Senior Salesperson,675373.98,234,2886.21,520.36,4959.85
Home Centre,Loyal Customer,Small Stores / Shops,Manager,858353.42,303,2832.85,517.92,4975.04
Home Centre,Loyal Customer,Small Stores / Shops,Sales Associate,954266.00,336,2840.08,508.05,4985.39
Home Centre,Loyal Customer,Small Stores / Shops,Salesperson,693084.12,256,2707.36,514.26,4997.86
Home Centre,Loyal Customer,Small Stores / Shops,Senior Salesperson,722270.21,259,2788.69,510.68,4994.64
Home Centre,Loyal Customer,Supermarkets ,Manager,806467.51,297,2715.38,539.67,4968.24
Home Centre,Loyal Customer,Supermarkets ,Sales Associate,930362.68,328,2836.47,510.64,4997.65
Home Centre,Loyal Customer,Supermarkets ,Salesperson,844398.93,308,2741.55,515.92,4997.23
Home Centre,Loyal Customer,Supermarkets ,Senior Salesperson,667540.62,242,2758.43,520.47,4992.90
Home Centre,Occasional Shopper,Large Malls / Complexes,Manager,749171.51,275,2724.26,507.02,4999.60
Home Centre,Occasional Shopper,Large Malls / Complexes,Sales Associate,821212.67,295,2783.77,545.97,4986.14
Home Centre,Occasional Shopper,Large Malls / Complexes,Salesperson,746699.49,273,2735.16,500.92,4995.30
Home Centre,Occasional Shopper,Large Malls / Complexes,Senior Salesperson,748931.59,275,2723.39,506.64,4996.19
Home Centre,Occasional Shopper,Small Stores / Shops,Manager,754739.62,274,2754.52,511.78,4982.74
Home Centre,Occasional Shopper,Small Stores / Shops,Sales Associate,787313.90,284,2772.23,519.82,4995.33
Home Centre,Occasional Shopper,Small Stores / Shops,Salesperson,713566.92,257,2776.52,514.50,4978.29
Home Centre,Occasional Shopper,Small Stores / Shops,Senior Salesperson,782357.51,287,2725.98,503.09,4992.03
Home Centre,Occasional Shopper,Supermarkets ,Manager,832028.99,295,2820.44,566.03,4994.28
Home Centre,Occasional Shopper,Supermarkets ,Sales Associate,949103.03,342,2775.16,520.59,4990.91
Home Centre,Occasional Shopper,Supermarkets ,Salesperson,740886.77,267,2774.86,512.10,4945.26
Home Centre,Occasional Shopper,Supermarkets ,Senior Salesperson,741461.19,277,2676.76,501.75,4944.59
Home Centre,Online Shopper,Large Malls / Complexes,Manager,723411.52,259,2793.09,514.78,4992.01
Home Centre,Online Shopper,Large Malls / Complexes,Sales Associate,716153.90,252,2841.88,511.73,4969.16
Home Centre,Online Shopper,Large Malls / Complexes,Salesperson,742724.65,277,2681.32,500.35,4998.52
Home Centre,Online Shopper,Large Malls / Complexes,Senior Salesperson,659437.75,235,2806.12,570.83,4994.35
Home Centre,Online Shopper,Small Stores / Shops,Manager,922519.25,320,2882.87,511.57,4984.29
Home Centre,Online Shopper,Small Stores / Shops,Sales Associate,848148.71,302,2808.44,520.43,4981.35
Home Centre,Online Shopper,Small Stores / Shops,Salesperson,853744.50,313,2727.62,533.38,4995.61
Home Centre,Online Shopper,Small Stores / Shops,Senior Salesperson,674290.04,231,2919.00,538.92,4966.71
Home Centre,Online Shopper,Supermarkets ,Manager,842241.89,304,2770.53,508.03,4953.51
Home Centre,Online Shopper,Supermarkets ,Sales Associate,847557.13,309,2742.90,541.83,4997.78
Home Centre,Online Shopper,Supermarkets ,Salesperson,904201.95,325,2782.16,522.52,4994.22
Home Centre,Online Shopper,Supermarkets ,Senior Salesperson,688813.24,245,2811.48,519.55,4988.34
Home Centre,Premium Shopper,Large Malls / Complexes,Manager,707687.39,261,2711.45,501.66,4957.17
Home Centre,Premium Shopper,Large Malls / Complexes,Sales Associate,774115.44,283,2735.39,508.48,4968.93
Home Centre,Premium Shopper,Large Malls / Complexes,Salesperson,735374.29,257,2861.38,524.32,4997.47
Home Centre,Premium Shopper,Large Malls / Complexes,Senior Salesperson,681937.34,255,2674.26,510.13,4997.41
Home Centre,Premium Shopper,Small Stores / Shops,Manager,845823.59,298,2838.33,515.69,4970.38
Home Centre,Premium Shopper,Small Stores / Shops,Sales Associate,742901.86,279,2662.73,528.66,4996.95
Home Centre,Premium Shopper,Small Stores / Shops,Salesperson,822703.31,287,2866.56,523.08,4985.76
Home Centre,Premium Shopper,Small Stores / Shops,Senior Salesperson,674810.43,247,2732.03,532.41,4988.57
Home Centre,Premium Shopper,Supermarkets ,Manager,867424.64,316,2745.01,501.93,4982.38
Home Centre,Premium Shopper,Supermarkets ,Sales Associate,752389.27,274,2745.95,506.02,4991.70
Home Centre,Premium Shopper,Supermarkets ,Salesperson,902606.43,317,2847.34,500.23,4987.24
Home Centre,Premium Shopper,Supermarkets ,Senior Salesperson,731179.95,251,2913.07,511.03,4986.41
IKEA,Budget Shopper,Large Malls / Complexes,Manager,710863.41,270,2632.83,512.67,4991.69
IKEA,Budget Shopper,Large Malls / Complexes,Sales Associate,791752.58,294,2693.04,531.14,4967.69
IKEA,Budget Shopper,Large Malls / Complexes,Salesperson,814951.93,284,2869.55,551.39,4991.30
IKEA,Budget Shopper,Large Malls / Complexes,Senior Salesperson,653873.26,251,2605.07,507.09,4972.80
IKEA,Budget Shopper,Small Stores / Shops,Manager,826915.81,304,2720.12,516.16,4997.53
IKEA,Budget Shopper,Small Stores / Shops,Sales Associate,729927.86,269,2713.49,505.02,4955.22
IKEA,Budget Shopper,Small Stores / Shops,Salesperson,733116.43,266,2756.08,529.47,4982.15
IKEA,Budget Shopper,Small Stores / Shops,Senior Salesperson,672879.56,253,2659.60,563.86,4942.51
IKEA,Budget Shopper,Supermarkets ,Manager,758752.00,267,2841.77,503.05,4978.19
IKEA,Budget Shopper,Supermarkets ,Sales Associate,830701.04,310,2679.68,511.49,4995.21
IKEA,Budget Shopper,Supermarkets ,Salesperson,877820.98,315,2786.73,503.79,4984.50
IKEA,Budget Shopper,Supermarkets ,Senior Salesperson,723830.08,263,2752.21,503.89,4984.77
IKEA,Churn Risk,Large Malls / Complexes,Manager,778462.44,275,2830.77,517.16,4995.19
IKEA,Churn Risk,Large Malls / Complexes,Sales Associate,718225.92,263,2730.90,508.91,4953.93
IKEA,Churn Risk,Large Malls / Complexes,Salesperson,733629.23,265,2768.41,507.36,4984.84
IKEA,Churn Risk,Large Malls / Complexes,Senior Salesperson,586713.99,228,2573.31,501.95,4942.83
IKEA,Churn Risk,Small Stores / Shops,Manager,798697.90,306,2610.12,507.97,4999.21
IKEA,Churn Risk,Small Stores / Shops,Sales Associate,773410.56,290,2666.93,519.41,4964.44
IKEA,Churn Risk,Small Stores / Shops,Salesperson,811430.18,292,2778.87,511.39,4997.57
IKEA,Churn Risk,Small Stores / Shops,Senior Salesperson,670061.43,255,2627.69,517.28,4944.26
IKEA,Churn Risk,Supermarkets ,Manager,823511.39,307,2682.45,524.73,4988.80
IKEA,Churn Risk,Supermarkets ,Sales Associate,826132.54,295,2800.45,529.43,4991.43
IKEA,Churn Risk,Supermarkets ,Salesperson,927101.76,318,2915.41,500.71,4964.46
IKEA,Churn Risk,Supermarkets ,Senior Salesperson,714540.37,249,2869.64,531.93,4964.95
IKEA,Deal Seeker,Large Malls / Complexes,Manager,720221.78,266,2707.60,508.91,4986.41
IKEA,Deal Seeker,Large Malls / Complexes,Sales Associate,776068.66,292,2657.77,510.32,4992.05
IKEA,Deal Seeker,Large Malls / Complexes,Salesperson,654510.92,245,2671.47,518.32,4995.57
IKEA,Deal Seeker,Large Malls / Complexes,Senior Salesperson,632924.12,233,2716.41,537.80,4989.45
IKEA,Deal Seeker,Small Stores / Shops,Manager,734899.54,270,2721.85,505.37,4980.66
IKEA,Deal Seeker,Small Stores / Shops,Sales Associate,862709.00,295,2924.44,518.79,4996.37
IKEA,Deal Seeker,Small Stores / Shops,Salesperson,743590.53,274,2713.83,502.50,4975.02
IKEA,Deal Seeker,Small Stores / Shops,Senior Salesperson,722393.48,264,2736.34,541.44,4995.00
IKEA,Deal Seeker,Supermarkets ,Manager,780151.15,286,2727.80,515.79,4985.98
IKEA,Deal Seeker,Supermarkets ,Sales Associate,847550.32,297,2853.70,526.66,4995.34
IKEA,Deal Seeker,Supermarkets ,Salesperson,777074.93,298,2607.63,514.18,4999.12
IKEA,Deal Seeker,Supermarkets ,Senior Salesperson,738998.81,273,2706.96,524.63,4980.36
IKEA,First-time Buyer,Large Malls / Complexes,Manager,736959.48,264,2791.51,520.61,4982.23
IKEA,First-time Buyer,Large Malls / Complexes,Sales Associate,899363.21,327,2750.35,512.00,4995.04
IKEA,First-time Buyer,Large Malls / Complexes,Salesperson,859907.57,318,2704.11,507.32,4978.72
IKEA,First-time Buyer,Large Malls / Complexes,Senior Salesperson,597522.78,220,2716.01,510.54,4960.66
IKEA,First-time Buyer,Small Stores / Shops,Manager,852271.11,302,2822.09,523.40,4958.21
IKEA,First-time Buyer,Small Stores / Shops,Sales Associate,816030.32,299,2729.20,516.91,4996.14
IKEA,First-time Buyer,Small Stores / Shops,Salesperson,911700.04,316,2885.13,507.46,4998.02
IKEA,First-time Buyer,Small Stores / Shops,Senior Salesperson,666874.37,237,2813.82,508.99,4997.56
IKEA,First-time Buyer,Supermarkets ,Manager,818438.25,302,2710.06,538.42,4992.85
IKEA,First-time Buyer,Supermarkets ,Sales Associate,898366.35,316,2842.93,503.76,4998.36
IKEA,First-time Buyer,Supermarkets ,Salesperson,955388.42,338,2826.59,507.08,4998.03
IKEA,First-time Buyer,Supermarkets ,Senior Salesperson,634896.74,239,2656.47,513.33,4982.59
IKEA,High Value,Large Malls / Complexes,Manager,676443.54,242,2795.22,522.37,4960.34
IKEA,High Value,Large Malls / Complexes,Sales Associate,737431.50,278,2652.63,510.39,4993.52
IKEA,High Value,Large Malls / Complexes,Salesperson,624871.97,238,2625.51,544.82,4995.87
IKEA,High Value,Large Malls / Complexes,Senior Salesperson,665422.59,245,2716.01,511.76,4995.42
IKEA,High Value,Small Stores / Shops,Manager,804674.22,293,2746.33,510.71,4988.47
IKEA,High Value,Small Stores / Shops,Sales Associate,828275.22,304,2724.59,512.23,4992.30
IKEA,High Value,Small Stores / Shops,Salesperson,914855.72,327,2797.72,519.26,4992.67
IKEA,High Value,Small Stores / Shops,Senior Salesperson,748079.44,278,2690.93,502.33,4989.76
IKEA,High Value,Supermarkets ,Manager,826829.70,299,2765.32,525.51,4965.08
IKEA,High Value,Supermarkets ,Sales Associate,737516.26,272,2711.46,517.17,4990.19
IKEA,High Value,Supermarkets ,Salesperson,819736.30,289,2836.46,501.52,4986.70
IKEA,High Value,Supermarkets ,Senior Salesperson,711328.19,273,2605.60,501.39,4933.10
IKEA,In-Store Regular,Large Malls / Complexes,Manager,619274.84,220,2814.89,556.28,4981.62
IKEA,In-Store Regular,Large Malls / Complexes,Sales Associate,904347.93,318,2843.86,516.58,4976.40
IKEA,In-Store Regular,Large Malls / Complexes,Salesperson,798195.73,293,2724.22,557.60,4957.76
IKEA,In-Store Regular,Large Malls / Complexes,Senior Salesperson,612786.68,213,2876.93,505.82,4979.83
IKEA,In-Store Regular,Small Stores / Shops,Manager,713671.88,253,2820.84,510.34,4995.61
IKEA,In-Store Regular,Small Stores / Shops,Sales Associate,871295.90,297,2933.66,500.31,4998.78
IKEA,In-Store Regular,Small Stores / Shops,Salesperson,727723.99,266,2735.80,505.68,4923.19
IKEA,In-Store Regular,Small Stores / Shops,Senior Salesperson,621083.36,232,2677.08,500.06,4973.70
IKEA,In-Store Regular,Supermarkets ,Manager,757115.42,277,2733.27,537.64,4978.77
IKEA,In-Store Regular,Supermarkets ,Sales Associate,912831.87,328,2783.02,513.51,4996.77
IKEA,In-Store Regular,Supermarkets ,Salesperson,858435.26,312,2751.40,510.86,4967.65
IKEA,In-Store Regular,Supermarkets ,Senior Salesperson,672078.63,241,2788.71,515.52,4972.29
IKEA,Loyal Customer,Large Malls / Complexes,Manager,632657.65,232,2726.97,502.21,4996.31
IKEA,Loyal Customer,Large Malls / Complexes,Sales Associate,725089.71,267,2715.69,529.45,4999.69
IKEA,Loyal Customer,Large Malls / Complexes,Salesperson,779788.44,281,2775.05,505.20,4987.26
IKEA,Loyal Customer,Large Malls / Complexes,Senior Salesperson,680413.48,244,2788.58,503.96,4973.42
IKEA,Loyal Customer,Small Stores / Shops,Manager,794501.49,296,2684.13,521.28,4985.95
IKEA,Loyal Customer,Small Stores / Shops,Sales Associate,825076.38,282,2925.80,509.45,4961.02
IKEA,Loyal Customer,Small Stores / Shops,Salesperson,804458.85,293,2745.59,501.83,4959.12
IKEA,Loyal Customer,Small Stores / Shops,Senior Salesperson,708018.62,264,2681.89,507.14,4998.66
IKEA,Loyal Customer,Supermarkets ,Manager,936028.57,336,2785.80,532.47,4980.96
IKEA,Loyal Customer,Supermarkets ,Sales Associate,973530.34,350,2781.52,503.86,4990.04
IKEA,Loyal Customer,Supermarkets ,Salesperson,839418.12,323,2598.82,509.66,4998.56
IKEA,Loyal Customer,Supermarkets ,Senior Salesperson,738815.47,273,2706.28,521.97,4962.23
IKEA,Occasional Shopper,Large Malls / Complexes,Manager,733599.60,256,2865.62,506.14,4985.05
IKEA,Occasional Shopper,Large Malls / Complexes,Sales Associate,854381.03,309,2764.99,522.20,4987.14
IKEA,Occasional Shopper,Large Malls / Complexes,Salesperson,741600.99,280,2648.57,513.38,4993.62
IKEA,Occasional Shopper,Large Malls / Complexes,Senior Salesperson,652021.36,234,2786.42,502.30,4982.22
IKEA,Occasional Shopper,Small Stores / Shops,Manager,778418.02,276,2820.36,504.36,4996.79
IKEA,Occasional Shopper,Small Stores / Shops,Sales Associate,789989.47,289,2733.53,514.59,4996.22
IKEA,Occasional Shopper,Small Stores / Shops,Salesperson,711018.12,258,2755.88,508.35,4969.12
IKEA,Occasional Shopper,Small Stores / Shops,Senior Salesperson,689970.38,254,2716.42,506.65,4986.53
IKEA,Occasional Shopper,Supermarkets ,Manager,729736.12,280,2606.20,501.84,4981.91
IKEA,Occasional Shopper,Supermarkets ,Sales Associate,888843.00,314,2830.71,501.89,4957.38
IKEA,Occasional Shopper,Supermarkets ,Salesperson,823717.05,308,2674.41,528.96,4954.92
IKEA,Occasional Shopper,Supermarkets ,Senior Salesperson,769662.23,285,2700.57,501.43,4996.87
IKEA,Online Shopper,Large Malls / Complexes,Manager,759399.37,271,2802.21,506.75,4990.96
IKEA,Online Shopper,Large Malls / Complexes,Sales Associate,819894.96,288,2846.86,540.45,4985.59
IKEA,Online Shopper,Large Malls / Complexes,Salesperson,866114.63,295,2935.98,520.05,4997.00
IKEA,Online Shopper,Large Malls / Complexes,Senior Salesperson,581755.88,211,2757.14,503.67,4988.05
IKEA,Online Shopper,Small Stores / Shops,Manager,849563.39,299,2841.35,516.94,4996.82
IKEA,Online Shopper,Small Stores / Shops,Sales Associate,801050.88,293,2733.96,505.94,4985.95
IKEA,Online Shopper,Small Stores / Shops,Salesperson,799375.63,304,2629.53,516.92,4979.27
IKEA,Online Shopper,Small Stores / Shops,Senior Salesperson,759548.85,283,2683.92,504.38,4996.35
IKEA,Online Shopper,Supermarkets ,Manager,784817.45,287,2734.56,522.27,4974.58
IKEA,Online Shopper,Supermarkets ,Sales Associate,799291.93,295,2709.46,501.50,4984.74
IKEA,Online Shopper,Supermarkets ,Salesperson,756578.26,296,2556.01,501.83,4994.05
IKEA,Online Shopper,Supermarkets ,Senior Salesperson,718647.63,270,2661.66,502.15,4983.94
IKEA,Premium Shopper,Large Malls / Complexes,Manager,644039.21,251,2565.89,527.52,4974.86
IKEA,Premium Shopper,Large Malls / Complexes,Sales Associate,768586.75,274,2805.06,504.41,4964.04
IKEA,Premium Shopper,Large Malls / Complexes,Salesperson,717878.32,263,2729.58,506.29,4996.34
IKEA,Premium Shopper,Large Malls / Complexes,Senior Salesperson,725277.73,258,2811.15,514.75,4996.11
IKEA,Premium Shopper,Small Stores / Shops,Manager,796887.55,293,2719.75,553.44,4964.98
IKEA,Premium Shopper,Small Stores / Shops,Sales Associate,782282.77,272,2876.04,520.81,4998.88
IKEA,Premium Shopper,Small Stores / Shops,Salesperson,819568.60,281,2916.61,570.86,4992.06
IKEA,Premium Shopper,Small Stores / Shops,Senior Salesperson,685313.11,249,2752.26,520.68,4974.21
IKEA,Premium Shopper,Supermarkets ,Manager,810605.59,294,2757.16,508.28,4957.87
IKEA,Premium Shopper,Supermarkets ,Sales Associate,904428.28,327,2765.84,515.55,4998.49
IKEA,Premium Shopper,Supermarkets ,Salesperson,896392.38,322,2783.83,500.31,4998.21
IKEA,Premium Shopper,Supermarkets ,Senior Salesperson,699399.54,253,2764.43,540.55,4993.53
Kellogg's,Budget Shopper,Large Malls / Complexes,Manager,717520.89,266,2697.45,522.36,4985.95
Kellogg's,Budget Shopper,Large Malls / Complexes,Sales Associate,759928.95,274,2773.46,522.30,4994.74
Kellogg's,Budget Shopper,Large Malls / Complexes,Salesperson,754538.42,281,2685.19,500.73,4992.48
Kellogg's,Budget Shopper,Large Malls / Complexes,Senior Salesperson,670490.02,234,2865.34,508.38,4984.62
Kellogg's,Budget Shopper,Small Stores / Shops,Manager,797553.87,292,2731.35,500.68,4983.61
Kellogg's,Budget Shopper,Small Stores / Shops,Sales Associate,794527.24,293,2711.70,503.94,4995.84
Kellogg's,Budget Shopper,Small Stores / Shops,Salesperson,821185.67,299,2746.44,530.93,4977.69
Kellogg's,Budget Shopper,Small Stores / Shops,Senior Salesperson,730452.03,260,2809.43,523.86,4998.35
Kellogg's,Budget Shopper,Supermarkets ,Manager,759309.47,268,2833.24,508.08,4947.52
Kellogg's,Budget Shopper,Supermarkets ,Sales Associate,796442.11,294,2708.99,512.07,4993.66
Kellogg's,Budget Shopper,Supermarkets ,Salesperson,876664.07,300,2922.21,546.88,4983.29
Kellogg's,Budget Shopper,Supermarkets ,Senior Salesperson,651969.79,239,2727.91,528.19,4959.60
Kellogg's,Churn Risk,Large Malls / Complexes,Manager,827276.36,302,2739.33,535.13,4985.85
Kellogg's,Churn Risk,Large Malls / Complexes,Sales Associate,784810.61,299,2624.78,501.42,4998.93
Kellogg's,Churn Risk,Large Malls / Complexes,Salesperson,890575.99,316,2818.28,518.42,4985.55
Kellogg's,Churn Risk,Large Malls / Complexes,Senior Salesperson,667840.33,239,2794.31,523.26,4980.35
Kellogg's,Churn Risk,Small Stores / Shops,Manager,735597.46,260,2829.22,504.29,4998.35
Kellogg's,Churn Risk,Small Stores / Shops,Sales Associate,857724.60,309,2775.81,503.77,4981.18
Kellogg's,Churn Risk,Small Stores / Shops,Salesperson,809097.43,294,2752.03,512.47,4983.76
Kellogg's,Churn Risk,Small Stores / Shops,Senior Salesperson,706888.26,263,2687.79,519.00,4982.62
Kellogg's,Churn Risk,Supermarkets ,Manager,712492.19,262,2719.44,516.45,4994.26
Kellogg's,Churn Risk,Supermarkets ,Sales Associate,732534.46,271,2703.08,507.64,4997.22
Kellogg's,Churn Risk,Supermarkets ,Salesperson,913751.46,331,2760.58,540.18,4999.85
Kellogg's,Churn Risk,Supermarkets ,Senior Salesperson,709573.70,251,2826.99,511.91,4971.38
Kellogg's,Deal Seeker,Large Malls / Complexes,Manager,826766.05,293,2821.73,519.68,4983.96
Kellogg's,Deal Seeker,Large Malls / Complexes,Sales Associate,751418.14,261,2879.00,503.08,4981.11
Kellogg's,Deal Seeker,Large Malls / Complexes,Salesperson,843747.90,290,2909.48,537.32,4991.67
Kellogg's,Deal Seeker,Large Malls / Complexes,Senior Salesperson,643806.75,233,2763.12,501.79,4984.90
Kellogg's,Deal Seeker,Small Stores / Shops,Manager,695293.99,261,2663.96,525.40,4995.66
Kellogg's,Deal Seeker,Small Stores / Shops,Sales Associate,864531.19,317,2727.23,530.94,4995.00
Kellogg's,Deal Seeker,Small Stores / Shops,Salesperson,851392.83,312,2728.82,507.78,4998.59
Kellogg's,Deal Seeker,Small Stores / Shops,Senior Salesperson,687244.83,246,2793.68,519.33,4999.80
Kellogg's,Deal Seeker,Supermarkets ,Manager,833495.62,302,2759.92,506.03,4965.63
Kellogg's,Deal Seeker,Supermarkets ,Sales Associate,813312.12,300,2711.04,504.50,4994.08
Kellogg's,Deal Seeker,Supermarkets ,Salesperson,782828.35,279,2805.84,508.47,4995.22
Kellogg's,Deal Seeker,Supermarkets ,Senior Salesperson,735880.13,273,2695.53,546.16,4978.85
Kellogg's,First-time Buyer,Large Malls / Complexes,Manager,717741.82,274,2619.50,518.31,4998.17
Kellogg's,First-time Buyer,Large Malls / Complexes,Sales Associate,782391.03,284,2754.90,521.20,4999.20
Kellogg's,First-time Buyer,Large Malls / Complexes,Salesperson,722843.12,258,2801.72,507.89,4939.12
Kellogg's,First-time Buyer,Large Malls / Complexes,Senior Salesperson,702777.44,261,2692.63,518.09,4991.43
Kellogg's,First-time Buyer,Small Stores / Shops,Manager,694794.08,251,2768.10,540.23,4982.90
Kellogg's,First-time Buyer,Small Stores / Shops,Sales Associate,829463.45,289,2870.12,526.65,4983.65
Kellogg's,First-time Buyer,Small Stores / Shops,Salesperson,749681.71,271,2766.35,500.64,4979.99
Kellogg's,First-time Buyer,Small Stores / Shops,Senior Salesperson,739449.01,263,2811.59,542.92,4974.03
Kellogg's,First-time Buyer,Supermarkets ,Manager,804377.32,296,2717.49,533.83,4984.48
Kellogg's,First-time Buyer,Supermarkets ,Sales Associate,821526.89,297,2766.08,518.53,4997.39
Kellogg's,First-time Buyer,Supermarkets ,Salesperson,929053.82,327,2841.14,508.35,4979.79
Kellogg's,First-time Buyer,Supermarkets ,Senior Salesperson,732550.43,265,2764.34,505.75,4996.77
Kellogg's,High Value,Large Malls / Complexes,Manager,743392.03,261,2848.25,541.11,4998.78
Kellogg's,High Value,Large Malls / Complexes,Sales Associate,781279.02,280,2790.28,511.29,4997.12
Kellogg's,High Value,Large Malls / Complexes,Salesperson,712469.27,272,2619.37,504.20,4974.16
Kellogg's,High Value,Large Malls / Complexes,Senior Salesperson,580962.12,225,2582.05,500.54,4998.64
Kellogg's,High Value,Small Stores / Shops,Manager,707878.21,265,2671.24,500.95,4983.63
Kellogg's,High Value,Small Stores / Shops,Sales Associate,847488.06,310,2733.83,523.62,4983.54
Kellogg's,High Value,Small Stores / Shops,Salesperson,851848.97,324,2629.16,516.12,4991.82
Kellogg's,High Value,Small Stores / Shops,Senior Salesperson,754088.62,257,2934.20,518.81,4981.65
Kellogg's,High Value,Supermarkets ,Manager,850596.78,298,2854.35,508.52,4980.80
Kellogg's,High Value,Supermarkets ,Sales Associate,861054.53,317,2716.26,503.26,4994.94
Kellogg's,High Value,Supermarkets ,Salesperson,849012.42,308,2756.53,516.73,4901.79
Kellogg's,High Value,Supermarkets ,Senior Salesperson,659792.44,232,2843.93,545.23,4986.40
Kellogg's,In-Store Regular,Large Malls / Complexes,Manager,675287.48,234,2885.84,518.02,4971.15
Kellogg's,In-Store Regular,Large Malls / Complexes,Sales Associate,739626.77,271,2729.25,509.54,4991.58
Kellogg's,In-Store Regular,Large Malls / Complexes,Salesperson,791190.73,281,2815.63,541.19,4997.53
Kellogg's,In-Store Regular,Large Malls / Complexes,Senior Salesperson,710078.83,241,2946.39,569.90,4991.85
Kellogg's,In-Store Regular,Small Stores / Shops,Manager,810287.64,280,2893.88,519.69,4995.38
Kellogg's,In-Store Regular,Small Stores / Shops,Sales Associate,752438.41,265,2839.39,518.43,4994.70
Kellogg's,In-Store Regular,Small Stores / Shops,Salesperson,788758.68,289,2729.27,513.62,4981.40
Kellogg's,In-Store Regular,Small Stores / Shops,Senior Salesperson,653592.06,241,2712.00,511.78,4966.13
Kellogg's,In-Store Regular,Supermarkets ,Manager,812297.31,301,2698.66,516.63,4999.58
Kellogg's,In-Store Regular,Supermarkets ,Sales Associate,822934.34,299,2752.29,504.22,4988.88
Kellogg's,In-Store Regular,Supermarkets ,Salesperson,837440.36,303,2763.83,500.16,4999.70
Kellogg's,In-Store Regular,Supermarkets ,Senior Salesperson,733489.18,271,2706.60,503.39,4978.01
Kellogg's,Loyal Customer,Large Malls / Complexes,Manager,657511.88,250,2630.05,520.10,4995.77
Kellogg's,Loyal Customer,Large Malls / Complexes,Sales Associate,769945.79,273,2820.31,522.37,4951.69
Kellogg's,Loyal Customer,Large Malls / Complexes,Salesperson,783795.30,280,2799.27,528.20,4986.32
Kellogg's,Loyal Customer,Large Malls / Complexes,Senior Salesperson,606938.91,221,2746.33,515.99,4999.96
Kellogg's,Loyal Customer,Small Stores / Shops,Manager,770891.93,284,2714.41,500.37,4988.27
Kellogg's,Loyal Customer,Small Stores / Shops,Sales Associate,778450.53,285,2731.41,504.34,4995.25
Kellogg's,Loyal Customer,Small Stores / Shops,Salesperson,907306.71,332,2732.85,522.29,4999.20
Kellogg's,Loyal Customer,Small Stores / Shops,Senior Salesperson,734018.32,263,2790.94,524.52,4999.89
Kellogg's,Loyal Customer,Supermarkets ,Manager,693651.45,255,2720.20,517.20,4989.67
Kellogg's,Loyal Customer,Supermarkets ,Sales Associate,776241.43,282,2752.63,508.00,4999.73
Kellogg's,Loyal Customer,Supermarkets ,Salesperson,812308.13,287,2830.34,519.67,4999.50
Kellogg's,Loyal Customer,Supermarkets ,Senior Salesperson,692957.09,252,2749.83,505.38,4961.77
Kellogg's,Occasional Shopper,Large Malls / Complexes,Manager,595103.82,224,2656.71,523.57,4977.30
Kellogg's,Occasional Shopper,Large Malls / Complexes,Sales Associate,829569.71,292,2840.99,550.74,4979.15
Kellogg's,Occasional Shopper,Large Malls / Complexes,Salesperson,736384.16,279,2639.37,523.14,4935.78
Kellogg's,Occasional Shopper,Large Malls / Complexes,Senior Salesperson,703140.13,257,2735.95,511.66,4995.35
Kellogg's,Occasional Shopper,Small Stores / Shops,Manager,755718.63,280,2699.00,502.08,4965.75
Kellogg's,Occasional Shopper,Small Stores / Shops,Sales Associate,806572.29,296,2724.91,531.74,4992.71
Kellogg's,Occasional Shopper,Small Stores / Shops,Salesperson,782913.04,299,2618.44,504.51,4992.48
Kellogg's,Occasional Shopper,Small Stores / Shops,Senior Salesperson,659355.74,234,2817.76,502.74,4957.58
Kellogg's,Occasional Shopper,Supermarkets ,Manager,800060.43,284,2817.11,554.25,4991.74
Kellogg's,Occasional Shopper,Supermarkets ,Sales Associate,788378.08,288,2737.42,535.51,4996.77
Kellogg's,Occasional Shopper,Supermarkets ,Salesperson,724319.88,273,2653.19,505.05,4962.69
Kellogg's,Occasional Shopper,Supermarkets ,Senior Salesperson,732601.99,269,2723.43,511.54,4991.67
Kellogg's,Online Shopper,Large Malls / Complexes,Manager,710061.30,259,2741.55,540.08,4986.34
Kellogg's,Online Shopper,Large Malls / Complexes,Sales Associate,818217.63,309,2647.95,521.45,4987.53
Kellogg's,Online Shopper,Large Malls / Complexes,Salesperson,763606.84,279,2736.94,509.93,4961.74
Kellogg's,Online Shopper,Large Malls / Complexes,Senior Salesperson,588205.52,202,2911.91,538.81,4990.17
Kellogg's,Online Shopper,Small Stores / Shops,Manager,806355.60,283,2849.31,514.60,4979.05
Kellogg's,Online Shopper,Small Stores / Shops,Sales Associate,729960.20,267,2733.93,517.84,4998.79
Kellogg's,Online Shopper,Small Stores / Shops,Salesperson,769550.04,275,2798.36,527.47,4975.92
Kellogg's,Online Shopper,Small Stores / Shops,Senior Salesperson,756252.90,278,2720.33,505.76,4999.26
Kellogg's,Online Shopper,Supermarkets ,Manager,622648.14,228,2730.91,500.12,4943.16
Kellogg's,Online Shopper,Supermarkets ,Sales Associate,960749.79,349,2752.86,532.08,4985.99
Kellogg's,Online Shopper,Supermarkets ,Salesperson,845626.82,308,2745.54,530.57,4997.53
Kellogg's,Online Shopper,Supermarkets ,Senior Salesperson,672700.62,250,2690.80,538.49,4999.82
Kellogg's,Premium Shopper,Large Malls / Complexes,Manager,718124.41,271,2649.91,513.24,4997.75
Kellogg's,Premium Shopper,Large Malls / Complexes,Sales Associate,773910.08,288,2687.19,521.58,4999.51
Kellogg's,Premium Shopper,Large Malls / Complexes,Salesperson,760592.10,268,2838.03,508.82,4999.86
Kellogg's,Premium Shopper,Large Malls / Complexes,Senior Salesperson,689491.29,244,2825.78,517.17,4977.90
Kellogg's,Premium Shopper,Small Stores / Shops,Manager,744752.12,279,2669.36,507.06,4967.13
Kellogg's,Premium Shopper,Small Stores / Shops,Sales Associate,794811.50,297,2676.13,544.56,4937.16
Kellogg's,Premium Shopper,Small Stores / Shops,Salesperson,860472.27,310,2775.72,501.56,4990.81
Kellogg's,Premium Shopper,Small Stores / Shops,Senior Salesperson,652330.43,236,2764.11,500.73,4968.08
Kellogg's,Premium Shopper,Supermarkets ,Manager,836460.54,303,2760.60,508.87,4986.64
Kellogg's,Premium Shopper,Supermarkets ,Sales Associate,931705.33,334,2789.54,500.98,4961.13
Kellogg's,Premium Shopper,Supermarkets ,Salesperson,804771.79,295,2728.04,515.13,4989.63
Kellogg's,Premium Shopper,Supermarkets ,Senior Salesperson,679185.88,247,2749.74,509.05,4996.69
LG,Budget Shopper,Large Malls / Complexes,Manager,1241150.28,464,2674.89,520.96,4996.41
LG,Budget Shopper,Large Malls / Complexes,Sales Associate,1540652.55,579,2660.89,504.53,4985.75
LG,Budget Shopper,Large Malls / Complexes,Salesperson,1521359.33,550,2766.11,504.58,4983.99
LG,Budget Shopper,Large Malls / Complexes,Senior Salesperson,1311394.36,476,2755.03,510.44,4989.85
LG,Budget Shopper,Small Stores / Shops,Manager,1501780.38,540,2781.07,519.41,4981.77
LG,Budget Shopper,Small Stores / Shops,Sales Associate,1628041.00,588,2768.78,507.00,4989.82
LG,Budget Shopper,Small Stores / Shops,Salesperson,1638858.99,589,2782.44,533.40,4988.50
LG,Budget Shopper,Small Stores / Shops,Senior Salesperson,1356424.19,492,2756.96,520.15,4998.29
LG,Budget Shopper,Supermarkets ,Manager,1526501.66,562,2716.20,502.00,4970.00
LG,Budget Shopper,Supermarkets ,Sales Associate,1697084.58,608,2791.26,500.72,4991.58
LG,Budget Shopper,Supermarkets ,Salesperson,1632107.54,587,2780.42,502.26,4999.25
LG,Budget Shopper,Supermarkets ,Senior Salesperson,1469760.62,544,2701.77,510.91,4997.89
LG,Churn Risk,Large Malls / Complexes,Manager,1397037.34,526,2655.96,502.94,4985.02
LG,Churn Risk,Large Malls / Complexes,Sales Associate,1637093.62,599,2733.04,509.65,4995.01
LG,Churn Risk,Large Malls / Complexes,Salesperson,1629425.33,575,2833.78,504.33,4989.20
LG,Churn Risk,Large Malls / Complexes,Senior Salesperson,1379252.71,493,2797.67,506.65,4989.63
LG,Churn Risk,Small Stores / Shops,Manager,1614720.99,579,2788.81,501.23,4999.15
LG,Churn Risk,Small Stores / Shops,Sales Associate,1714670.03,614,2792.62,510.16,4996.70
LG,Churn Risk,Small Stores / Shops,Salesperson,1680414.15,603,2786.76,502.35,4997.94
LG,Churn Risk,Small Stores / Shops,Senior Salesperson,1339198.40,492,2721.95,501.34,4992.68
LG,Churn Risk,Supermarkets ,Manager,1551424.79,544,2851.88,500.17,4995.63
LG,Churn Risk,Supermarkets ,Sales Associate,1715447.43,625,2744.72,509.77,4972.26
LG,Churn Risk,Supermarkets ,Salesperson,1568353.48,555,2825.86,511.28,4994.07
LG,Churn Risk,Supermarkets ,Senior Salesperson,1417868.06,515,2753.14,521.39,4993.63
LG,Deal Seeker,Large Malls / Complexes,Manager,1609043.28,567,2837.82,508.42,4997.76
LG,Deal Seeker,Large Malls / Complexes,Sales Associate,1498816.09,534,2806.77,502.66,4996.52
LG,Deal Seeker,Large Malls / Complexes,Salesperson,1496252.07,550,2720.46,500.92,4980.52
LG,Deal Seeker,Large Malls / Complexes,Senior Salesperson,1356919.90,469,2893.22,512.86,4998.16
LG,Deal Seeker,Small Stores / Shops,Manager,1478165.01,545,2712.23,524.79,4994.40
LG,Deal Seeker,Small Stores / Shops,Sales Associate,1664498.26,610,2728.69,502.50,4997.66
LG,Deal Seeker,Small Stores / Shops,Salesperson,1678144.98,590,2844.31,502.12,4998.54
LG,Deal Seeker,Small Stores / Shops,Senior Salesperson,1341705.40,492,2727.04,522.75,4998.59
LG,Deal Seeker,Supermarkets ,Manager,1669198.18,610,2736.39,503.07,4996.88
LG,Deal Seeker,Supermarkets ,Sales Associate,1763639.33,649,2717.47,506.14,4997.20
LG,Deal Seeker,Supermarkets ,Salesperson,1619043.25,593,2730.26,505.23,4991.97
LG,Deal Seeker,Supermarkets ,Senior Salesperson,1506004.35,533,2825.52,512.65,4997.26
LG,First-time Buyer,Large Malls / Complexes,Manager,1572154.72,551,2853.28,507.77,4996.40
LG,First-time Buyer,Large Malls / Complexes,Sales Associate,1644205.90,584,2815.42,505.17,4989.29
LG,First-time Buyer,Large Malls / Complexes,Salesperson,1701876.50,594,2865.11,530.47,4999.75
LG,First-time Buyer,Large Malls / Complexes,Senior Salesperson,1281599.36,462,2774.02,502.44,4999.02
LG,First-time Buyer,Small Stores / Shops,Manager,1562481.50,576,2712.64,501.40,4974.11
LG,First-time Buyer,Small Stores / Shops,Sales Associate,1697871.79,610,2783.40,500.75,4988.31
LG,First-time Buyer,Small Stores / Shops,Salesperson,1522276.59,571,2665.98,525.79,4999.20
LG,First-time Buyer,Small Stores / Shops,Senior Salesperson,1391759.55,513,2712.98,525.46,4978.56
LG,First-time Buyer,Supermarkets ,Manager,1544123.66,562,2747.55,516.24,4984.74
LG,First-time Buyer,Supermarkets ,Sales Associate,1477297.80,530,2787.35,508.23,4999.11
LG,First-time Buyer,Supermarkets ,Salesperson,1745693.88,639,2731.92,506.25,4998.82
LG,First-time Buyer,Supermarkets ,Senior Salesperson,1373329.58,500,2746.66,508.32,4993.22
LG,High Value,Large Malls / Complexes,Manager,1470501.88,527,2790.33,506.22,4999.91
LG,High Value,Large Malls / Complexes,Sales Associate,1588887.10,567,2802.27,500.70,4999.48
LG,High Value,Large Malls / Complexes,Salesperson,1478627.04,532,2779.37,502.05,4998.72
LG,High Value,Large Malls / Complexes,Senior Salesperson,1441546.38,514,2804.56,507.63,4999.45
LG,High Value,Small Stores / Shops,Manager,1625974.86,598,2719.02,501.39,4992.17
LG,High Value,Small Stores / Shops,Sales Associate,1465977.31,549,2670.27,502.18,4987.55
LG,High Value,Small Stores / Shops,Salesperson,1568761.37,575,2728.28,502.77,4998.30
LG,High Value,Small Stores / Shops,Senior Salesperson,1433549.41,506,2833.10,509.81,4959.40
LG,High Value,Supermarkets ,Manager,1620594.51,586,2765.52,524.94,4996.53
LG,High Value,Supermarkets ,Sales Associate,1705846.67,620,2751.37,524.71,4999.77
LG,High Value,Supermarkets ,Salesperson,1599467.48,584,2738.81,504.80,4997.26
LG,High Value,Supermarkets ,Senior Salesperson,1472812.97,533,2763.25,504.82,4992.90
LG,In-Store Regular,Large Malls / Complexes,Manager,1351479.32,491,2752.50,503.81,4965.14
LG,In-Store Regular,Large Malls / Complexes,Sales Associate,1469734.33,535,2747.17,500.93,4996.86
LG,In-Store Regular,Large Malls / Complexes,Salesperson,1574429.50,571,2757.32,504.72,4998.42
LG,In-Store Regular,Large Malls / Complexes,Senior Salesperson,1275314.36,448,2846.68,543.75,4977.47
LG,In-Store Regular,Small Stores / Shops,Manager,1456728.22,533,2733.07,506.73,4998.70
LG,In-Store Regular,Small Stores / Shops,Sales Associate,1762062.47,646,2727.65,503.24,4998.01
LG,In-Store Regular,Small Stores / Shops,Salesperson,1538443.88,566,2718.10,517.68,4992.26
LG,In-Store Regular,Small Stores / Shops,Senior Salesperson,1192519.47,448,2661.87,539.33,4993.71
LG,In-Store Regular,Supermarkets ,Manager,1511207.06,559,2703.41,501.76,4979.01
LG,In-Store Regular,Supermarkets ,Sales Associate,1650464.82,583,2830.99,522.03,4989.91
LG,In-Store Regular,Supermarkets ,Salesperson,1574164.62,588,2677.15,523.52,4993.62
LG,In-Store Regular,Supermarkets ,Senior Salesperson,1422159.96,514,2766.85,510.45,4999.09
LG,Loyal Customer,Large Malls / Complexes,Manager,1398053.19,533,2622.99,503.19,4994.22
LG,Loyal Customer,Large Malls / Complexes,Sales Associate,1329466.75,497,2674.98,508.73,4965.39
LG,Loyal Customer,Large Malls / Complexes,Salesperson,1546886.36,560,2762.30,502.74,4994.58
LG,Loyal Customer,Large Malls / Complexes,Senior Salesperson,1403439.71,518,2709.34,501.49,4989.80
LG,Loyal Customer,Small Stores / Shops,Manager,1571231.80,577,2723.11,523.69,4995.58
LG,Loyal Customer,Small Stores / Shops,Sales Associate,1586931.64,589,2694.28,504.23,4990.25
LG,Loyal Customer,Small Stores / Shops,Salesperson,1603058.55,594,2698.75,502.80,4982.38
LG,Loyal Customer,Small Stores / Shops,Senior Salesperson,1461700.86,511,2860.47,508.83,4995.91
LG,Loyal Customer,Supermarkets ,Manager,1572164.70,577,2724.72,508.32,4991.23
LG,Loyal Customer,Supermarkets ,Sales Associate,1644195.66,590,2786.77,514.69,4997.12
LG,Loyal Customer,Supermarkets ,Salesperson,1813297.52,674,2690.35,524.64,4999.43
LG,Loyal Customer,Supermarkets ,Senior Salesperson,1426013.37,524,2721.40,501.38,4994.19
LG,Occasional Shopper,Large Malls / Complexes,Manager,1524649.87,547,2787.29,500.28,4998.42
LG,Occasional Shopper,Large Malls / Complexes,Sales Associate,1587181.07,573,2769.95,506.37,4994.99
LG,Occasional Shopper,Large Malls / Complexes,Salesperson,1573047.24,560,2809.01,505.95,4998.03
LG,Occasional Shopper,Large Malls / Complexes,Senior Salesperson,1279829.97,470,2723.04,527.18,4937.50
LG,Occasional Shopper,Small Stores / Shops,Manager,1577039.67,575,2742.68,502.61,4985.75
LG,Occasional Shopper,Small Stores / Shops,Sales Associate,1600560.00,579,2764.35,501.74,4994.18
LG,Occasional Shopper,Small Stores / Shops,Salesperson,1467254.80,552,2658.07,511.63,4995.52
LG,Occasional Shopper,Small Stores / Shops,Senior Salesperson,1302530.22,479,2719.27,501.06,4996.56
LG,Occasional Shopper,Supermarkets ,Manager,1511285.60,563,2684.34,505.89,4997.34
LG,Occasional Shopper,Supermarkets ,Sales Associate,1449627.63,545,2659.87,501.39,4988.00
LG,Occasional Shopper,Supermarkets ,Salesperson,1576788.07,578,2728.01,529.86,4993.30
LG,Occasional Shopper,Supermarkets ,Senior Salesperson,1411455.17,532,2653.11,523.99,4997.14
LG,Online Shopper,Large Malls / Complexes,Manager,1423050.82,536,2654.95,503.34,4996.22
LG,Online Shopper,Large Malls / Complexes,Sales Associate,1571935.96,576,2729.06,502.70,4992.76
LG,Online Shopper,Large Malls / Complexes,Salesperson,1547428.57,559,2768.21,502.74,4998.13
LG,Online Shopper,Large Malls / Complexes,Senior Salesperson,1433959.56,512,2800.70,519.03,4999.46
LG,Online Shopper,Small Stores / Shops,Manager,1531075.73,547,2799.04,502.18,4994.82
LG,Online Shopper,Small Stores / Shops,Sales Associate,1535720.13,565,2718.09,521.46,4997.61
LG,Online Shopper,Small Stores / Shops,Salesperson,1589179.26,589,2698.10,502.51,4990.75
LG,Online Shopper,Small Stores / Shops,Senior Salesperson,1465149.02,539,2718.27,508.70,4996.28
LG,Online Shopper,Supermarkets ,Manager,1625201.04,585,2778.12,504.20,4971.36
LG,Online Shopper,Supermarkets ,Sales Associate,1654328.76,607,2725.42,500.36,4987.89
LG,Online Shopper,Supermarkets ,Salesperson,1600378.12,572,2797.86,507.04,4998.62
LG,Online Shopper,Supermarkets ,Senior Salesperson,1364737.80,510,2675.96,503.23,4997.21
LG,Premium Shopper,Large Malls / Complexes,Manager,1533412.91,550,2788.02,521.04,4995.22
LG,Premium Shopper,Large Malls / Complexes,Sales Associate,1538100.82,552,2786.41,505.99,4985.00
LG,Premium Shopper,Large Malls / Complexes,Salesperson,1670744.44,592,2822.20,519.01,4994.98
LG,Premium Shopper,Large Malls / Complexes,Senior Salesperson,1347733.32,489,2756.10,553.32,4995.82
LG,Premium Shopper,Small Stores / Shops,Manager,1511172.89,552,2737.63,502.79,4985.32
LG,Premium Shopper,Small Stores / Shops,Sales Associate,1685726.55,621,2714.54,506.73,4973.27
LG,Premium Shopper,Small Stores / Shops,Salesperson,1638854.06,588,2787.17,503.22,4996.89
LG,Premium Shopper,Small Stores / Shops,Senior Salesperson,1427504.00,503,2837.98,505.30,4993.00
LG,Premium Shopper,Supermarkets ,Manager,1643295.86,595,2761.84,511.50,4981.76
LG,Premium Shopper,Supermarkets ,Sales Associate,1768639.32,626,2825.30,533.46,4997.79
LG,Premium Shopper,Supermarkets ,Salesperson,1625084.41,593,2740.45,526.82,4994.29
LG,Premium Shopper,Supermarkets ,Senior Salesperson,1347260.45,485,2777.86,504.90,4975.87
Levi's,Budget Shopper,Large Malls / Complexes,Manager,634123.69,229,2769.10,528.76,4991.32
Levi's,Budget Shopper,Large Malls / Complexes,Sales Associate,737598.97,273,2701.83,578.27,4984.14
Levi's,Budget Shopper,Large Malls / Complexes,Salesperson,653171.96,249,2623.18,519.61,4992.48
Levi's,Budget Shopper,Large Malls / Complexes,Senior Salesperson,690055.39,250,2760.22,507.99,4970.10
Levi's,Budget Shopper,Small Stores / Shops,Manager,835043.78,300,2783.48,530.47,4987.56
Levi's,Budget Shopper,Small Stores / Shops,Sales Associate,811460.78,298,2723.02,521.65,4996.69
Levi's,Budget Shopper,Small Stores / Shops,Salesperson,764691.28,281,2721.32,516.12,4963.80
Levi's,Budget Shopper,Small Stores / Shops,Senior Salesperson,756747.35,265,2855.65,505.15,4996.92
Levi's,Budget Shopper,Supermarkets ,Manager,801060.76,284,2820.64,504.62,4989.93
Levi's,Budget Shopper,Supermarkets ,Sales Associate,883821.29,344,2569.25,501.09,4972.13
Levi's,Budget Shopper,Supermarkets ,Salesperson,745281.00,271,2750.11,600.78,4974.48
Levi's,Budget Shopper,Supermarkets ,Senior Salesperson,830360.55,288,2883.20,547.52,4983.91
Levi's,Churn Risk,Large Malls / Complexes,Manager,812689.92,290,2802.38,513.43,4994.40
Levi's,Churn Risk,Large Malls / Complexes,Sales Associate,812752.30,295,2755.09,501.38,4973.57
Levi's,Churn Risk,Large Malls / Complexes,Salesperson,787189.12,287,2742.82,516.03,4965.78
Levi's,Churn Risk,Large Malls / Complexes,Senior Salesperson,631372.12,236,2675.31,504.15,4991.50
Levi's,Churn Risk,Small Stores / Shops,Manager,880116.39,320,2750.36,508.22,4989.85
Levi's,Churn Risk,Small Stores / Shops,Sales Associate,827554.03,326,2538.51,506.94,4987.56
Levi's,Churn Risk,Small Stores / Shops,Salesperson,880279.66,313,2812.40,517.69,4974.99
Levi's,Churn Risk,Small Stores / Shops,Senior Salesperson,829053.06,291,2848.98,513.55,4997.36
Levi's,Churn Risk,Supermarkets ,Manager,765848.52,277,2764.80,500.17,4995.43
Levi's,Churn Risk,Supermarkets ,Sales Associate,868014.62,299,2903.06,502.65,4972.66
Levi's,Churn Risk,Supermarkets ,Salesperson,711974.94,257,2770.33,506.96,4996.75
Levi's,Churn Risk,Supermarkets ,Senior Salesperson,760715.43,285,2669.18,543.41,4974.45
Levi's,Deal Seeker,Large Malls / Complexes,Manager,768577.76,275,2794.83,527.50,4969.29
Levi's,Deal Seeker,Large Malls / Complexes,Sales Associate,795913.39,292,2725.73,504.03,4974.76
Levi's,Deal Seeker,Large Malls / Complexes,Salesperson,859921.17,298,2885.64,502.63,4973.88
Levi's,Deal Seeker,Large Malls / Complexes,Senior Salesperson,639442.80,245,2609.97,502.02,4942.36
Levi's,Deal Seeker,Small Stores / Shops,Manager,753103.57,268,2810.09,530.38,4998.11
Levi's,Deal Seeker,Small Stores / Shops,Sales Associate,809292.48,298,2715.75,558.71,4988.14
Levi's,Deal Seeker,Small Stores / Shops,Salesperson,869684.71,312,2787.45,503.19,4998.97
Levi's,Deal Seeker,Small Stores / Shops,Senior Salesperson,700024.07,250,2800.10,535.07,4960.57
Levi's,Deal Seeker,Supermarkets ,Manager,861090.76,316,2724.97,514.47,4993.33
Levi's,Deal Seeker,Supermarkets ,Sales Associate,829444.14,316,2624.82,501.70,4974.06
Levi's,Deal Seeker,Supermarkets ,Salesperson,836048.86,315,2654.12,524.93,4992.16
Levi's,Deal Seeker,Supermarkets ,Senior Salesperson,721299.43,255,2828.63,507.38,4934.59
Levi's,First-time Buyer,Large Malls / Complexes,Manager,828441.87,292,2837.13,500.37,4996.53
Levi's,First-time Buyer,Large Malls / Complexes,Sales Associate,739043.75,274,2697.24,503.41,4985.03
Levi's,First-time Buyer,Large Malls / Complexes,Salesperson,757596.31,265,2858.85,542.62,4991.99
Levi's,First-time Buyer,Large Malls / Complexes,Senior Salesperson,694369.04,243,2857.49,509.56,4993.74
Levi's,First-time Buyer,Small Stores / Shops,Manager,692459.31,257,2694.39,532.34,4995.21
Levi's,First-time Buyer,Small Stores / Shops,Sales Associate,765882.68,275,2785.03,504.95,4985.92
Levi's,First-time Buyer,Small Stores / Shops,Salesperson,788532.68,287,2747.50,503.70,4996.15
Levi's,First-time Buyer,Small Stores / Shops,Senior Salesperson,772615.37,276,2799.33,538.27,4991.26
Levi's,First-time Buyer,Supermarkets ,Manager,787663.21,290,2716.08,500.63,4968.81
Levi's,First-time Buyer,Supermarkets ,Sales Associate,864885.02,306,2826.42,500.27,4987.49
Levi's,First-time Buyer,Supermarkets ,Salesperson,888165.02,328,2707.82,502.13,4990.95
Levi's,First-time Buyer,Supermarkets ,Senior Salesperson,761802.77,261,2918.78,525.25,4988.69
Levi's,High Value,Large Malls / Complexes,Manager,752489.54,277,2716.57,517.32,4990.21
Levi's,High Value,Large Malls / Complexes,Sales Associate,731995.25,264,2772.71,506.74,4991.07
Levi's,High Value,Large Malls / Complexes,Salesperson,760262.08,274,2774.68,513.20,4976.47
Levi's,High Value,Large Malls / Complexes,Senior Salesperson,612562.88,224,2734.66,514.01,4993.83
Levi's,High Value,Small Stores / Shops,Manager,787234.66,285,2762.23,510.90,4981.02
Levi's,High Value,Small Stores / Shops,Sales Associate,850386.10,313,2716.89,516.34,4999.26
Levi's,High Value,Small Stores / Shops,Salesperson,931305.32,325,2865.55,525.81,4975.30
Levi's,High Value,Small Stores / Shops,Senior Salesperson,701659.74,255,2751.61,519.78,4992.67
Levi's,High Value,Supermarkets ,Manager,772771.93,282,2740.33,582.35,4976.30
Levi's,High Value,Supermarkets ,Sales Associate,881272.95,310,2842.82,501.71,4989.35
Levi's,High Value,Supermarkets ,Salesperson,715946.36,265,2701.68,513.09,4958.71
Levi's,High Value,Supermarkets ,Senior Salesperson,607541.42,235,2585.28,533.30,4989.26
Levi's,In-Store Regular,Large Malls / Complexes,Manager,720674.14,266,2709.30,514.92,4996.58
Levi's,In-Store Regular,Large Malls / Complexes,Sales Associate,769500.70,280,2748.22,500.60,4997.07
Levi's,In-Store Regular,Large Malls / Complexes,Salesperson,682010.70,256,2664.10,504.55,4997.25
Levi's,In-Store Regular,Large Malls / Complexes,Senior Salesperson,618046.09,223,2771.51,568.62,4982.67
Levi's,In-Store Regular,Small Stores / Shops,Manager,718899.08,265,2712.83,516.81,4999.21
Levi's,In-Store Regular,Small Stores / Shops,Sales Associate,889994.36,323,2755.40,516.82,4999.49
Levi's,In-Store Regular,Small Stores / Shops,Salesperson,813508.90,296,2748.34,545.96,4984.90
Levi's,In-Store Regular,Small Stores / Shops,Senior Salesperson,809178.46,295,2742.98,502.23,4989.84
Levi's,In-Store Regular,Supermarkets ,Manager,817016.85,291,2807.62,501.02,4998.47
Levi's,In-Store Regular,Supermarkets ,Sales Associate,919670.44,325,2829.76,529.64,4992.45
Levi's,In-Store Regular,Supermarkets ,Salesperson,751664.80,275,2733.33,557.52,4942.95
Levi's,In-Store Regular,Supermarkets ,Senior Salesperson,708221.52,250,2832.89,513.88,4956.33
Levi's,Loyal Customer,Large Malls / Complexes,Manager,813898.19,293,2777.81,502.97,4982.90
Levi's,Loyal Customer,Large Malls / Complexes,Sales Associate,749195.92,268,2795.51,508.09,4963.11
Levi's,Loyal Customer,Large Malls / Complexes,Salesperson,835612.58,291,2871.52,522.15,4999.97
Levi's,Loyal Customer,Large Malls / Complexes,Senior Salesperson,764024.33,268,2850.84,519.80,4989.26
Levi's,Loyal Customer,Small Stores / Shops,Manager,709418.40,262,2707.70,518.61,4962.10
Levi's,Loyal Customer,Small Stores / Shops,Sales Associate,791954.67,290,2730.88,508.91,4997.63
Levi's,Loyal Customer,Small Stores / Shops,Salesperson,763990.49,279,2738.32,512.43,4978.63
Levi's,Loyal Customer,Small Stores / Shops,Senior Salesperson,671556.46,247,2718.85,503.91,4996.66
Levi's,Loyal Customer,Supermarkets ,Manager,730215.71,262,2787.08,549.20,4973.33
Levi's,Loyal Customer,Supermarkets ,Sales Associate,874983.66,318,2751.52,540.79,4999.85
Levi's,Loyal Customer,Supermarkets ,Salesperson,800910.98,302,2652.02,501.94,4976.42
Levi's,Loyal Customer,Supermarkets ,Senior Salesperson,634843.68,235,2701.46,506.33,4988.46
Levi's,Occasional Shopper,Large Malls / Complexes,Manager,684131.94,259,2641.44,521.34,4958.75
Levi's,Occasional Shopper,Large Malls / Complexes,Sales Associate,740266.07,281,2634.40,501.94,4973.12
Levi's,Occasional Shopper,Large Malls / Complexes,Salesperson,756980.25,276,2742.68,520.46,4991.55
Levi's,Occasional Shopper,Large Malls / Complexes,Senior Salesperson,594300.87,220,2701.37,546.12,4983.20
Levi's,Occasional Shopper,Small Stores / Shops,Manager,767199.24,283,2710.95,521.39,4978.14
Levi's,Occasional Shopper,Small Stores / Shops,Sales Associate,888239.15,319,2784.45,501.31,4991.37
Levi's,Occasional Shopper,Small Stores / Shops,Salesperson,838164.14,306,2739.10,509.78,4992.74
Levi's,Occasional Shopper,Small Stores / Shops,Senior Salesperson,655282.97,237,2764.91,523.96,4989.27
Levi's,Occasional Shopper,Supermarkets ,Manager,743264.57,275,2702.78,522.23,4971.97
Levi's,Occasional Shopper,Supermarkets ,Sales Associate,837263.37,316,2649.57,512.13,4979.76
Levi's,Occasional Shopper,Supermarkets ,Salesperson,773127.69,281,2751.34,501.79,4928.12
Levi's,Occasional Shopper,Supermarkets ,Senior Salesperson,780710.97,286,2729.76,509.30,4994.57
Levi's,Online Shopper,Large Malls / Complexes,Manager,704922.05,262,2690.54,507.90,4960.18
Levi's,Online Shopper,Large Malls / Complexes,Sales Associate,832595.16,286,2911.17,508.74,4992.50
Levi's,Online Shopper,Large Malls / Complexes,Salesperson,806212.99,282,2858.91,510.92,4983.18
Levi's,Online Shopper,Large Malls / Complexes,Senior Salesperson,654478.40,230,2845.56,507.81,4999.60
Levi's,Online Shopper,Small Stores / Shops,Manager,724608.80,265,2734.37,501.14,4970.06
Levi's,Online Shopper,Small Stores / Shops,Sales Associate,784957.71,294,2669.92,501.81,4903.87
Levi's,Online Shopper,Small Stores / Shops,Salesperson,894719.05,321,2787.29,518.46,4985.08
Levi's,Online Shopper,Small Stores / Shops,Senior Salesperson,795745.34,289,2753.44,507.39,4976.93
Levi's,Online Shopper,Supermarkets ,Manager,870130.17,317,2744.89,509.47,4996.33
Levi's,Online Shopper,Supermarkets ,Sales Associate,773352.74,286,2704.03,500.12,4953.72
Levi's,Online Shopper,Supermarkets ,Salesperson,820135.96,293,2799.10,535.78,4985.08
Levi's,Online Shopper,Supermarkets ,Senior Salesperson,755487.73,273,2767.35,519.21,4973.33
Levi's,Premium Shopper,Large Malls / Complexes,Manager,704604.74,251,2807.19,508.75,4948.95
Levi's,Premium Shopper,Large Malls / Complexes,Sales Associate,705798.64,271,2604.42,501.18,4972.47
Levi's,Premium Shopper,Large Malls / Complexes,Salesperson,771813.74,286,2698.65,507.09,4969.05
Levi's,Premium Shopper,Large Malls / Complexes,Senior Salesperson,533952.27,210,2542.63,531.40,4979.50
Levi's,Premium Shopper,Small Stores / Shops,Manager,720056.65,260,2769.45,500.17,4960.70
Levi's,Premium Shopper,Small Stores / Shops,Sales Associate,747211.35,278,2687.81,510.84,4981.25
Levi's,Premium Shopper,Small Stores / Shops,Salesperson,775517.20,285,2721.11,532.13,4998.56
Levi's,Premium Shopper,Small Stores / Shops,Senior Salesperson,707046.24,258,2740.49,507.23,4996.42
Levi's,Premium Shopper,Supermarkets ,Manager,812849.45,290,2802.93,504.42,4946.69
Levi's,Premium Shopper,Supermarkets ,Sales Associate,821148.68,296,2774.15,533.54,4987.96
Levi's,Premium Shopper,Supermarkets ,Salesperson,924540.17,320,2889.19,530.89,4988.37
Levi's,Premium Shopper,Supermarkets ,Senior Salesperson,685344.09,253,2708.87,521.68,4985.74
Nestle,Budget Shopper,Large Malls / Complexes,Manager,673790.09,247,2727.90,525.18,4944.14
Nestle,Budget Shopper,Large Malls / Complexes,Sales Associate,710622.20,260,2733.16,540.53,4995.39
Nestle,Budget Shopper,Large Malls / Complexes,Salesperson,709908.69,263,2699.27,511.89,4991.68
Nestle,Budget Shopper,Large Malls / Complexes,Senior Salesperson,647964.76,231,2805.04,513.45,4999.39
Nestle,Budget Shopper,Small Stores / Shops,Manager,738434.19,262,2818.45,503.57,4968.64
Nestle,Budget Shopper,Small Stores / Shops,Sales Associate,748519.32,289,2590.03,516.99,4982.01
Nestle,Budget Shopper,Small Stores / Shops,Salesperson,943882.88,331,2851.61,521.22,4985.68
Nestle,Budget Shopper,Small Stores / Shops,Senior Salesperson,670168.26,248,2702.29,505.54,4973.03
Nestle,Budget Shopper,Supermarkets ,Manager,820765.53,301,2726.80,501.93,4987.95
Nestle,Budget Shopper,Supermarkets ,Sales Associate,740993.24,281,2636.99,505.33,4997.60
Nestle,Budget Shopper,Supermarkets ,Salesperson,797295.47,284,2807.38,513.15,4988.64
Nestle,Budget Shopper,Supermarkets ,Senior Salesperson,718027.95,254,2826.88,507.50,4995.84
Nestle,Churn Risk,Large Malls / Complexes,Manager,672951.75,242,2780.79,502.79,4988.21
Nestle,Churn Risk,Large Malls / Complexes,Sales Associate,734702.67,272,2701.11,518.82,4998.26
Nestle,Churn Risk,Large Malls / Complexes,Salesperson,716418.49,257,2787.62,507.32,4964.44
Nestle,Churn Risk,Large Malls / Complexes,Senior Salesperson,595917.83,230,2590.95,502.89,4996.08
Nestle,Churn Risk,Small Stores / Shops,Manager,715766.86,255,2806.93,556.20,4990.79
Nestle,Churn Risk,Small Stores / Shops,Sales Associate,797814.01,287,2779.84,505.92,4966.04
Nestle,Churn Risk,Small Stores / Shops,Salesperson,760721.88,288,2641.40,519.29,4971.01
Nestle,Churn Risk,Small Stores / Shops,Senior Salesperson,743647.91,279,2665.40,516.07,4969.08
Nestle,Churn Risk,Supermarkets ,Manager,797932.82,274,2912.16,506.63,4979.98
Nestle,Churn Risk,Supermarkets ,Sales Associate,894891.14,326,2745.06,509.57,4984.12
Nestle,Churn Risk,Supermarkets ,Salesperson,833447.26,290,2873.96,502.13,4998.94
Nestle,Churn Risk,Supermarkets ,Senior Salesperson,726778.67,268,2711.86,558.12,4991.78
Nestle,Deal Seeker,Large Malls / Complexes,Manager,703424.02,256,2747.75,502.46,4973.99
Nestle,Deal Seeker,Large Malls / Complexes,Sales Associate,796748.51,289,2756.92,525.02,4992.96
Nestle,Deal Seeker,Large Malls / Complexes,Salesperson,825046.32,292,2825.50,574.60,4990.52
Nestle,Deal Seeker,Large Malls / Complexes,Senior Salesperson,646435.93,236,2739.14,533.33,4976.64
Nestle,Deal Seeker,Small Stores / Shops,Manager,820531.59,280,2930.47,500.60,4999.70
Nestle,Deal Seeker,Small Stores / Shops,Sales Associate,889122.46,317,2804.80,502.91,4989.85
Nestle,Deal Seeker,Small Stores / Shops,Salesperson,763185.60,280,2725.66,527.42,4978.05
Nestle,Deal Seeker,Small Stores / Shops,Senior Salesperson,652468.48,238,2741.46,518.52,4989.64
Nestle,Deal Seeker,Supermarkets ,Manager,782850.99,288,2718.23,526.12,4975.22
Nestle,Deal Seeker,Supermarkets ,Sales Associate,860601.69,309,2785.12,510.11,4998.90
Nestle,Deal Seeker,Supermarkets ,Salesperson,931492.06,348,2676.70,507.76,4997.42
Nestle,Deal Seeker,Supermarkets ,Senior Salesperson,750772.02,270,2780.64,515.37,4999.88
Nestle,First-time Buyer,Large Malls / Complexes,Manager,749184.54,280,2675.66,521.12,4962.80
Nestle,First-time Buyer,Large Malls / Complexes,Sales Associate,790927.28,278,2845.06,513.31,4998.08
Nestle,First-time Buyer,Large Malls / Complexes,Salesperson,636671.32,235,2709.24,513.29,4998.49
Nestle,First-time Buyer,Large Malls / Complexes,Senior Salesperson,704207.40,260,2708.49,599.80,4993.41
Nestle,First-time Buyer,Small Stores / Shops,Manager,765667.63,271,2825.34,526.54,4996.36
Nestle,First-time Buyer,Small Stores / Shops,Sales Associate,873735.86,321,2721.92,502.53,4996.32
Nestle,First-time Buyer,Small Stores / Shops,Salesperson,688346.80,257,2678.39,504.13,4966.95
Nestle,First-time Buyer,Small Stores / Shops,Senior Salesperson,683543.86,248,2756.23,518.94,4967.81
Nestle,First-time Buyer,Supermarkets ,Manager,738207.98,277,2665.01,501.65,4996.80
Nestle,First-time Buyer,Supermarkets ,Sales Associate,883469.07,325,2718.37,506.26,4997.30
Nestle,First-time Buyer,Supermarkets ,Salesperson,764030.41,291,2625.53,508.11,4974.40
Nestle,First-time Buyer,Supermarkets ,Senior Salesperson,616653.12,239,2580.14,511.52,4999.88
Nestle,High Value,Large Malls / Complexes,Manager,700496.24,254,2757.86,502.21,4991.69
Nestle,High Value,Large Malls / Complexes,Sales Associate,707055.77,258,2740.53,501.31,4983.24
Nestle,High Value,Large Malls / Complexes,Salesperson,778376.86,281,2770.02,548.80,4936.91
Nestle,High Value,Large Malls / Complexes,Senior Salesperson,675485.86,244,2768.38,503.45,4992.79
Nestle,High Value,Small Stores / Shops,Manager,819338.44,298,2749.46,501.12,4996.03
Nestle,High Value,Small Stores / Shops,Sales Associate,658208.43,255,2581.21,505.39,4986.81
Nestle,High Value,Small Stores / Shops,Salesperson,793012.93,291,2725.13,525.87,4990.02
Nestle,High Value,Small Stores / Shops,Senior Salesperson,739129.05,266,2778.68,523.90,4991.37
Nestle,High Value,Supermarkets ,Manager,761998.70,296,2574.32,506.83,4974.44
Nestle,High Value,Supermarkets ,Sales Associate,884642.37,312,2835.39,509.57,4980.46
Nestle,High Value,Supermarkets ,Salesperson,767600.23,282,2721.99,502.46,4992.95
Nestle,High Value,Supermarkets ,Senior Salesperson,726756.67,271,2681.76,504.15,4991.33
Nestle,In-Store Regular,Large Malls / Complexes,Manager,760106.92,275,2764.03,504.57,4992.67
Nestle,In-Store Regular,Large Malls / Complexes,Sales Associate,726851.25,266,2732.52,531.06,4999.92
Nestle,In-Store Regular,Large Malls / Complexes,Salesperson,664857.84,238,2793.52,500.36,4981.58
Nestle,In-Store Regular,Large Malls / Complexes,Senior Salesperson,627325.80,230,2727.50,519.55,4995.38
Nestle,In-Store Regular,Small Stores / Shops,Manager,808974.33,277,2920.48,508.03,4991.95
Nestle,In-Store Regular,Small Stores / Shops,Sales Associate,874315.35,298,2933.94,515.56,4993.12
Nestle,In-Store Regular,Small Stores / Shops,Salesperson,888852.75,321,2769.01,514.86,4996.98
Nestle,In-Store Regular,Small Stores / Shops,Senior Salesperson,680360.08,261,2606.74,511.13,4998.37
Nestle,In-Store Regular,Supermarkets ,Manager,821296.56,293,2803.06,546.22,4979.90
Nestle,In-Store Regular,Supermarkets ,Sales Associate,817257.83,295,2770.37,506.67,4982.97
Nestle,In-Store Regular,Supermarkets ,Salesperson,806873.57,297,2716.75,507.10,4973.97
Nestle,In-Store Regular,Supermarkets ,Senior Salesperson,679776.09,253,2686.86,500.03,4997.93
Nestle,Loyal Customer,Large Malls / Complexes,Manager,643034.60,243,2646.23,507.54,4958.70
Nestle,Loyal Customer,Large Malls / Complexes,Sales Associate,796657.39,284,2805.13,545.37,4972.72
Nestle,Loyal Customer,Large Malls / Complexes,Salesperson,771151.94,262,2943.33,552.91,4997.31
Nestle,Loyal Customer,Large Malls / Complexes,Senior Salesperson,650863.29,236,2757.90,519.60,4954.76
Nestle,Loyal Customer,Small Stores / Shops,Manager,798895.73,282,2832.96,529.15,4987.67
Nestle,Loyal Customer,Small Stores / Shops,Sales Associate,834692.88,289,2888.21,543.80,4994.58
Nestle,Loyal Customer,Small Stores / Shops,Salesperson,769145.06,282,2727.46,533.47,4992.02
Nestle,Loyal Customer,Small Stores / Shops,Senior Salesperson,644003.64,238,2705.90,504.24,4988.19
Nestle,Loyal Customer,Supermarkets ,Manager,902316.96,317,2846.43,509.01,4991.83
Nestle,Loyal Customer,Supermarkets ,Sales Associate,858120.41,307,2795.18,530.96,4995.79
Nestle,Loyal Customer,Supermarkets ,Salesperson,885693.13,315,2811.72,515.84,4974.09
Nestle,Loyal Customer,Supermarkets ,Senior Salesperson,791611.08,281,2817.12,511.48,4990.33
Nestle,Occasional Shopper,Large Malls / Complexes,Manager,653853.58,248,2636.51,519.15,4995.36
Nestle,Occasional Shopper,Large Malls / Complexes,Sales Associate,681014.02,248,2746.02,502.78,4984.46
Nestle,Occasional Shopper,Large Malls / Complexes,Salesperson,764538.15,269,2842.15,518.57,4997.95
Nestle,Occasional Shopper,Large Malls / Complexes,Senior Salesperson,639107.83,234,2731.23,503.74,4939.52
Nestle,Occasional Shopper,Small Stores / Shops,Manager,823215.90,291,2828.92,508.73,4990.05
Nestle,Occasional Shopper,Small Stores / Shops,Sales Associate,877775.25,312,2813.38,513.52,4986.24
Nestle,Occasional Shopper,Small Stores / Shops,Salesperson,809812.84,298,2717.49,515.16,4974.60
Nestle,Occasional Shopper,Small Stores / Shops,Senior Salesperson,668193.60,239,2795.79,501.97,4962.71
Nestle,Occasional Shopper,Supermarkets ,Manager,862668.80,312,2764.96,504.45,4963.84
Nestle,Occasional Shopper,Supermarkets ,Sales Associate,854107.36,311,2746.33,505.58,4998.22
Nestle,Occasional Shopper,Supermarkets ,Salesperson,868867.36,317,2740.91,517.94,4985.57
Nestle,Occasional Shopper,Supermarkets ,Senior Salesperson,730251.74,272,2684.75,533.87,4993.82
Nestle,Online Shopper,Large Malls / Complexes,Manager,704995.50,268,2630.58,501.89,4997.02
Nestle,Online Shopper,Large Malls / Complexes,Sales Associate,808526.31,283,2856.98,535.27,4999.06
Nestle,Online Shopper,Large Malls / Complexes,Salesperson,711672.36,263,2705.98,501.06,4982.66
Nestle,Online Shopper,Large Malls / Complexes,Senior Salesperson,600340.25,231,2598.88,532.60,4923.05
Nestle,Online Shopper,Small Stores / Shops,Manager,766560.10,272,2818.24,503.73,4996.14
Nestle,Online Shopper,Small Stores / Shops,Sales Associate,810757.48,299,2711.56,518.68,4950.10
Nestle,Online Shopper,Small Stores / Shops,Salesperson,840982.05,303,2775.52,504.91,4980.26
Nestle,Online Shopper,Small Stores / Shops,Senior Salesperson,699637.16,259,2701.30,522.77,4989.05
Nestle,Online Shopper,Supermarkets ,Manager,785968.59,281,2797.04,510.47,4969.96
Nestle,Online Shopper,Supermarkets ,Sales Associate,837387.56,312,2683.93,514.39,4997.93
Nestle,Online Shopper,Supermarkets ,Salesperson,797720.84,290,2750.76,519.92,4982.02
Nestle,Online Shopper,Supermarkets ,Senior Salesperson,733626.83,268,2737.41,502.24,4994.82
Nestle,Premium Shopper,Large Malls / Complexes,Manager,614990.72,220,2795.41,554.41,4990.45
Nestle,Premium Shopper,Large Malls / Complexes,Sales Associate,789552.75,285,2770.36,519.46,4996.99
Nestle,Premium Shopper,Large Malls / Complexes,Salesperson,760695.14,270,2817.39,508.76,4996.20
Nestle,Premium Shopper,Large Malls / Complexes,Senior Salesperson,709451.78,263,2697.54,509.29,4989.61
Nestle,Premium Shopper,Small Stores / Shops,Manager,736661.09,266,2769.40,517.14,4987.05
Nestle,Premium Shopper,Small Stores / Shops,Sales Associate,796479.25,311,2561.03,501.53,4998.48
Nestle,Premium Shopper,Small Stores / Shops,Salesperson,836446.30,290,2884.30,505.58,4983.88
Nestle,Premium Shopper,Small Stores / Shops,Senior Salesperson,666621.43,232,2873.37,557.51,4967.60
Nestle,Premium Shopper,Supermarkets ,Manager,781646.46,278,2811.68,503.00,4972.66
Nestle,Premium Shopper,Supermarkets ,Sales Associate,842258.71,306,2752.48,520.31,4983.90
Nestle,Premium Shopper,Supermarkets ,Salesperson,812452.16,295,2754.08,502.43,4947.03
Nestle,Premium Shopper,Supermarkets ,Senior Salesperson,753317.59,279,2700.06,509.00,4988.77
Nike,Budget Shopper,Large Malls / Complexes,Manager,1457675.84,526,2771.25,501.91,4999.12
Nike,Budget Shopper,Large Malls / Complexes,Sales Associate,1610749.60,596,2702.60,502.91,4992.54
Nike,Budget Shopper,Large Malls / Complexes,Salesperson,1466590.50,533,2751.58,503.37,4989.53
Nike,Budget Shopper,Large Malls / Complexes,Senior Salesperson,1364102.46,493,2766.94,514.21,4999.01
Nike,Budget Shopper,Small Stores / Shops,Manager,1632106.20,580,2813.98,507.38,4979.03
Nike,Budget Shopper,Small Stores / Shops,Sales Associate,1569824.17,580,2706.59,503.94,4991.80
Nike,Budget Shopper,Small Stores / Shops,Salesperson,1601354.77,587,2728.03,505.48,4996.03
Nike,Budget Shopper,Small Stores / Shops,Senior Salesperson,1511128.56,527,2867.42,509.10,4999.08
Nike,Budget Shopper,Supermarkets ,Manager,1591654.70,572,2782.61,512.09,4975.11
Nike,Budget Shopper,Supermarkets ,Sales Associate,1737679.91,615,2825.50,509.07,4979.71
Nike,Budget Shopper,Supermarkets ,Salesperson,1721992.23,618,2786.40,508.71,4993.22
Nike,Budget Shopper,Supermarkets ,Senior Salesperson,1498320.47,544,2754.27,500.80,4994.02
Nike,Churn Risk,Large Malls / Complexes,Manager,1321795.83,488,2708.60,520.19,4998.22
Nike,Churn Risk,Large Malls / Complexes,Sales Associate,1441075.95,519,2776.64,518.08,4998.73
Nike,Churn Risk,Large Malls / Complexes,Salesperson,1526312.02,573,2663.72,500.82,4999.04
Nike,Churn Risk,Large Malls / Complexes,Senior Salesperson,1314090.34,491,2676.36,501.92,4990.73
Nike,Churn Risk,Small Stores / Shops,Manager,1700840.52,612,2779.15,509.96,4996.07
Nike,Churn Risk,Small Stores / Shops,Sales Associate,1606914.63,579,2775.33,511.64,4991.78
Nike,Churn Risk,Small Stores / Shops,Salesperson,1687658.15,595,2836.40,503.06,4997.78
Nike,Churn Risk,Small Stores / Shops,Senior Salesperson,1474530.56,539,2735.68,500.07,4998.85
Nike,Churn Risk,Supermarkets ,Manager,1705374.49,611,2791.12,501.18,4996.67
Nike,Churn Risk,Supermarkets ,Sales Associate,1809345.39,670,2700.52,502.55,4998.00
Nike,Churn Risk,Supermarkets ,Salesperson,1647759.13,598,2755.45,517.75,4987.00
Nike,Churn Risk,Supermarkets ,Senior Salesperson,1392232.47,492,2829.74,503.15,4999.05
Nike,Deal Seeker,Large Malls / Complexes,Manager,1514100.85,552,2742.94,501.97,4991.55
Nike,Deal Seeker,Large Malls / Complexes,Sales Associate,1534814.32,556,2760.46,515.68,4997.60
Nike,Deal Seeker,Large Malls / Complexes,Salesperson,1563304.65,564,2771.82,509.30,4999.02
Nike,Deal Seeker,Large Malls / Complexes,Senior Salesperson,1254534.90,465,2697.92,509.63,4996.55
Nike,Deal Seeker,Small Stores / Shops,Manager,1434992.98,535,2682.23,500.55,4996.81
Nike,Deal Seeker,Small Stores / Shops,Sales Associate,1783481.14,630,2830.92,500.14,4985.45
Nike,Deal Seeker,Small Stores / Shops,Salesperson,1508426.80,572,2637.11,501.05,4990.54
Nike,Deal Seeker,Small Stores / Shops,Senior Salesperson,1351960.87,483,2799.09,515.22,4999.44
Nike,Deal Seeker,Supermarkets ,Manager,1695593.69,627,2704.30,500.89,4997.10
Nike,Deal Seeker,Supermarkets ,Sales Associate,1783146.33,634,2812.53,502.29,4993.27
Nike,Deal Seeker,Supermarkets ,Salesperson,1572556.27,589,2669.87,503.83,4996.75
Nike,Deal Seeker,Supermarkets ,Senior Salesperson,1527970.52,554,2758.07,501.15,4997.93
Nike,First-time Buyer,Large Malls / Complexes,Manager,1521000.57,562,2706.41,504.23,4966.64
Nike,First-time Buyer,Large Malls / Complexes,Sales Associate,1554786.10,566,2746.97,531.06,4997.09
Nike,First-time Buyer,Large Malls / Complexes,Salesperson,1525534.34,556,2743.77,514.42,4998.79
Nike,First-time Buyer,Large Malls / Complexes,Senior Salesperson,1365551.71,481,2838.98,516.31,4996.12
Nike,First-time Buyer,Small Stores / Shops,Manager,1480167.58,543,2725.91,501.63,4992.45
Nike,First-time Buyer,Small Stores / Shops,Sales Associate,1679048.25,614,2734.61,507.57,4996.51
Nike,First-time Buyer,Small Stores / Shops,Salesperson,1669042.25,604,2763.31,500.01,4990.18
Nike,First-time Buyer,Small Stores / Shops,Senior Salesperson,1512541.11,548,2760.11,504.72,4998.40
Nike,First-time Buyer,Supermarkets ,Manager,1532242.84,572,2678.75,511.02,4957.12
Nike,First-time Buyer,Supermarkets ,Sales Associate,1621922.85,594,2730.51,540.90,4999.02
Nike,First-time Buyer,Supermarkets ,Salesperson,1619862.23,589,2750.19,505.40,4998.86
Nike,First-time Buyer,Supermarkets ,Senior Salesperson,1422334.67,499,2850.37,513.81,4998.25
Nike,High Value,Large Malls / Complexes,Manager,1411170.79,506,2788.88,504.64,4995.45
Nike,High Value,Large Malls / Complexes,Sales Associate,1524090.84,547,2786.27,505.34,4983.14
Nike,High Value,Large Malls / Complexes,Salesperson,1570337.89,559,2809.19,501.48,4998.95
Nike,High Value,Large Malls / Complexes,Senior Salesperson,1230914.36,460,2675.90,511.53,4997.66
Nike,High Value,Small Stores / Shops,Manager,1578039.15,585,2697.50,500.14,4985.24
Nike,High Value,Small Stores / Shops,Sales Associate,1640291.17,581,2823.22,510.74,4999.95
Nike,High Value,Small Stores / Shops,Salesperson,1679336.13,581,2890.42,517.25,4973.24
Nike,High Value,Small Stores / Shops,Senior Salesperson,1491606.11,536,2782.85,502.52,4992.66
Nike,High Value,Supermarkets ,Manager,1636542.86,606,2700.57,501.90,4999.11
Nike,High Value,Supermarkets ,Sales Associate,1477364.86,555,2661.92,500.77,4997.19
Nike,High Value,Supermarkets ,Salesperson,1684359.27,592,2845.20,505.18,4994.68
Nike,High Value,Supermarkets ,Senior Salesperson,1574212.14,558,2821.17,504.25,4997.27
Nike,In-Store Regular,Large Malls / Complexes,Manager,1521188.52,561,2711.57,511.44,4993.71
Nike,In-Store Regular,Large Malls / Complexes,Sales Associate,1482194.94,542,2734.68,515.28,4998.76
Nike,In-Store Regular,Large Malls / Complexes,Salesperson,1447564.40,521,2778.43,517.57,4982.68
Nike,In-Store Regular,Large Malls / Complexes,Senior Salesperson,1289568.17,488,2642.56,501.97,4994.53
Nike,In-Store Regular,Small Stores / Shops,Manager,1690731.52,600,2817.89,502.42,4989.50
Nike,In-Store Regular,Small Stores / Shops,Sales Associate,1559504.82,565,2760.19,509.72,4998.83
Nike,In-Store Regular,Small Stores / Shops,Salesperson,1809566.07,643,2814.26,506.75,4986.87
Nike,In-Store Regular,Small Stores / Shops,Senior Salesperson,1239021.11,458,2705.29,514.94,4998.73
Nike,In-Store Regular,Supermarkets ,Manager,1673548.29,592,2826.94,505.91,4988.99
Nike,In-Store Regular,Supermarkets ,Sales Associate,1707129.78,645,2646.71,502.32,4991.51
Nike,In-Store Regular,Supermarkets ,Salesperson,1692107.34,629,2690.15,515.42,4999.33
Nike,In-Store Regular,Supermarkets ,Senior Salesperson,1389790.06,510,2725.08,503.23,4986.53
Nike,Loyal Customer,Large Malls / Complexes,Manager,1546964.16,550,2812.66,506.69,4997.89
Nike,Loyal Customer,Large Malls / Complexes,Sales Associate,1544600.31,562,2748.40,506.59,4997.47
Nike,Loyal Customer,Large Malls / Complexes,Salesperson,1504016.64,544,2764.74,511.87,4972.62
Nike,Loyal Customer,Large Malls / Complexes,Senior Salesperson,1330198.86,488,2725.82,501.58,4989.56
Nike,Loyal Customer,Small Stores / Shops,Manager,1627150.23,584,2786.22,501.30,4999.83
Nike,Loyal Customer,Small Stores / Shops,Sales Associate,1631021.69,588,2773.85,511.11,4998.97
Nike,Loyal Customer,Small Stores / Shops,Salesperson,1650508.48,602,2741.71,503.87,4998.67
Nike,Loyal Customer,Small Stores / Shops,Senior Salesperson,1382656.87,507,2727.13,501.07,4993.88
Nike,Loyal Customer,Supermarkets ,Manager,1430160.96,521,2745.03,511.51,4996.19
Nike,Loyal Customer,Supermarkets ,Sales Associate,1815024.42,669,2713.04,501.50,4983.28
Nike,Loyal Customer,Supermarkets ,Salesperson,1642880.92,612,2684.45,502.19,4998.23
Nike,Loyal Customer,Supermarkets ,Senior Salesperson,1461847.17,539,2712.15,514.30,4985.13
Nike,Occasional Shopper,Large Malls / Complexes,Manager,1514991.01,575,2634.77,501.20,4993.39
Nike,Occasional Shopper,Large Malls / Complexes,Sales Associate,1656445.69,603,2747.01,503.69,4992.01
Nike,Occasional Shopper,Large Malls / Complexes,Salesperson,1489258.25,545,2732.58,512.51,4999.19
Nike,Occasional Shopper,Large Malls / Complexes,Senior Salesperson,1286380.78,471,2731.17,516.47,4988.56
Nike,Occasional Shopper,Small Stores / Shops,Manager,1523539.34,548,2780.18,506.38,4992.82
Nike,Occasional Shopper,Small Stores / Shops,Sales Associate,1735248.02,608,2854.03,501.25,4998.50
Nike,Occasional Shopper,Small Stores / Shops,Salesperson,1658256.44,606,2736.40,502.13,4995.34
Nike,Occasional Shopper,Small Stores / Shops,Senior Salesperson,1396448.05,512,2727.44,500.65,4990.29
Nike,Occasional Shopper,Supermarkets ,Manager,1593808.83,589,2705.96,503.65,4999.75
Nike,Occasional Shopper,Supermarkets ,Sales Associate,1681908.12,617,2725.95,511.61,4987.98
Nike,Occasional Shopper,Supermarkets ,Salesperson,1688593.09,608,2777.29,505.19,4996.93
Nike,Occasional Shopper,Supermarkets ,Senior Salesperson,1424144.86,512,2781.53,521.75,4998.21
Nike,Online Shopper,Large Malls / Complexes,Manager,1336766.57,480,2784.93,524.20,4974.99
Nike,Online Shopper,Large Malls / Complexes,Sales Associate,1592391.43,561,2838.49,508.00,4990.16
Nike,Online Shopper,Large Malls / Complexes,Salesperson,1454042.86,540,2692.67,513.51,4996.67
Nike,Online Shopper,Large Malls / Complexes,Senior Salesperson,1342590.16,492,2728.84,500.29,4997.02
Nike,Online Shopper,Small Stores / Shops,Manager,1546933.10,549,2817.73,505.29,4994.35
Nike,Online Shopper,Small Stores / Shops,Sales Associate,1522758.39,557,2733.86,502.80,4974.38
Nike,Online Shopper,Small Stores / Shops,Salesperson,1594900.63,575,2773.74,509.19,4996.11
Nike,Online Shopper,Small Stores / Shops,Senior Salesperson,1496250.23,518,2888.51,503.50,4998.41
Nike,Online Shopper,Supermarkets ,Manager,1514130.13,557,2718.37,501.71,4996.32
Nike,Online Shopper,Supermarkets ,Sales Associate,1745134.18,637,2739.61,505.27,4992.25
Nike,Online Shopper,Supermarkets ,Salesperson,1674758.56,599,2795.92,500.43,4995.11
Nike,Online Shopper,Supermarkets ,Senior Salesperson,1474862.74,525,2809.26,503.08,4978.48
Nike,Premium Shopper,Large Malls / Complexes,Manager,1414741.10,528,2679.43,504.47,4993.59
Nike,Premium Shopper,Large Malls / Complexes,Sales Associate,1418366.37,527,2691.40,500.72,4999.19
Nike,Premium Shopper,Large Malls / Complexes,Salesperson,1449961.01,521,2783.03,532.76,4997.81
Nike,Premium Shopper,Large Malls / Complexes,Senior Salesperson,1303412.07,461,2827.36,506.25,4993.60
Nike,Premium Shopper,Small Stores / Shops,Manager,1660887.27,581,2858.67,514.59,4999.67
Nike,Premium Shopper,Small Stores / Shops,Sales Associate,1649290.79,605,2726.10,512.94,4996.89
Nike,Premium Shopper,Small Stores / Shops,Salesperson,1626180.75,593,2742.29,500.79,4988.75
Nike,Premium Shopper,Small Stores / Shops,Senior Salesperson,1431902.25,508,2818.71,502.59,4990.88
Nike,Premium Shopper,Supermarkets ,Manager,1579285.74,545,2897.77,508.64,4993.48
Nike,Premium Shopper,Supermarkets ,Sales Associate,1729109.49,618,2797.91,509.26,4998.76
Nike,Premium Shopper,Supermarkets ,Salesperson,1650090.91,585,2820.67,506.18,4997.44
Nike,Premium Shopper,Supermarkets ,Senior Salesperson,1422162.01,506,2810.60,500.31,4996.44
Panasonic,Budget Shopper,Large Malls / Complexes,Manager,777444.56,269,2890.13,512.16,4998.61
Panasonic,Budget Shopper,Large Malls / Complexes,Sales Associate,740095.64,272,2720.94,522.75,4980.39
Panasonic,Budget Shopper,Large Malls / Complexes,Salesperson,668454.72,242,2762.21,500.80,4999.40
Panasonic,Budget Shopper,Large Malls / Complexes,Senior Salesperson,612875.05,214,2863.90,580.73,4995.54
Panasonic,Budget Shopper,Small Stores / Shops,Manager,816357.97,288,2834.58,503.08,4996.39
Panasonic,Budget Shopper,Small Stores / Shops,Sales Associate,740794.99,260,2849.21,505.86,4993.50
Panasonic,Budget Shopper,Small Stores / Shops,Salesperson,789513.54,278,2839.98,505.45,4995.35
Panasonic,Budget Shopper,Small Stores / Shops,Senior Salesperson,677730.76,247,2743.85,500.59,4976.51
Panasonic,Budget Shopper,Supermarkets ,Manager,740413.01,274,2702.24,537.12,4992.13
Panasonic,Budget Shopper,Supermarkets ,Sales Associate,827087.70,295,2803.69,522.25,4998.92
Panasonic,Budget Shopper,Supermarkets ,Salesperson,872266.24,314,2777.92,501.31,4998.12
Panasonic,Budget Shopper,Supermarkets ,Senior Salesperson,728241.40,267,2727.50,506.77,4976.57
Panasonic,Churn Risk,Large Malls / Complexes,Manager,786383.81,284,2768.96,515.45,4997.13
Panasonic,Churn Risk,Large Malls / Complexes,Sales Associate,820522.84,297,2762.70,501.57,4992.50
Panasonic,Churn Risk,Large Malls / Complexes,Salesperson,684935.57,250,2739.74,504.36,4987.73
Panasonic,Churn Risk,Large Malls / Complexes,Senior Salesperson,603523.79,221,2730.88,581.83,4944.86
Panasonic,Churn Risk,Small Stores / Shops,Manager,785786.18,290,2709.61,501.05,4963.89
Panasonic,Churn Risk,Small Stores / Shops,Sales Associate,795393.94,290,2742.74,509.01,4996.82
Panasonic,Churn Risk,Small Stores / Shops,Salesperson,894991.00,327,2736.98,500.20,4998.99
Panasonic,Churn Risk,Small Stores / Shops,Senior Salesperson,657915.82,243,2707.47,514.95,4977.96
Panasonic,Churn Risk,Supermarkets ,Manager,794523.34,278,2858.00,518.47,4995.61
Panasonic,Churn Risk,Supermarkets ,Sales Associate,795533.35,291,2733.79,569.84,4982.17
Panasonic,Churn Risk,Supermarkets ,Salesperson,848705.39,301,2819.62,506.95,4999.64
Panasonic,Churn Risk,Supermarkets ,Senior Salesperson,774153.08,280,2764.83,502.31,4987.21
Panasonic,Deal Seeker,Large Malls / Complexes,Manager,762715.72,274,2783.63,513.44,4958.76
Panasonic,Deal Seeker,Large Malls / Complexes,Sales Associate,682996.82,253,2699.59,513.19,4977.68
Panasonic,Deal Seeker,Large Malls / Complexes,Salesperson,732409.08,261,2806.17,514.89,4994.86
Panasonic,Deal Seeker,Large Malls / Complexes,Senior Salesperson,656994.08,250,2627.98,515.87,4978.46
Panasonic,Deal Seeker,Small Stores / Shops,Manager,848925.33,308,2756.25,508.52,4997.91
Panasonic,Deal Seeker,Small Stores / Shops,Sales Associate,848497.49,307,2763.84,504.48,4987.95
Panasonic,Deal Seeker,Small Stores / Shops,Salesperson,906587.22,313,2896.44,500.49,4986.80
Panasonic,Deal Seeker,Small Stores / Shops,Senior Salesperson,756948.23,277,2732.67,500.14,4996.66
Panasonic,Deal Seeker,Supermarkets ,Manager,792275.13,289,2741.44,519.20,4999.75
Panasonic,Deal Seeker,Supermarkets ,Sales Associate,876645.49,318,2756.75,529.97,4959.78
Panasonic,Deal Seeker,Supermarkets ,Salesperson,825042.09,293,2815.84,524.13,4998.59
Panasonic,Deal Seeker,Supermarkets ,Senior Salesperson,638298.45,237,2693.24,503.53,4994.98
Panasonic,First-time Buyer,Large Malls / Complexes,Manager,692452.45,254,2726.19,503.56,4999.78
Panasonic,First-time Buyer,Large Malls / Complexes,Sales Associate,787854.24,287,2745.14,512.07,4986.88
Panasonic,First-time Buyer,Large Malls / Complexes,Salesperson,683927.98,248,2757.77,513.68,4991.10
Panasonic,First-time Buyer,Large Malls / Complexes,Senior Salesperson,728072.57,266,2737.11,504.47,4996.10
Panasonic,First-time Buyer,Small Stores / Shops,Manager,688239.06,254,2709.60,532.16,4992.49
Panasonic,First-time Buyer,Small Stores / Shops,Sales Associate,842792.91,323,2609.27,511.07,4989.40
Panasonic,First-time Buyer,Small Stores / Shops,Salesperson,828018.76,312,2653.91,511.66,4971.05
Panasonic,First-time Buyer,Small Stores / Shops,Senior Salesperson,649921.32,234,2777.44,524.97,4976.60
Panasonic,First-time Buyer,Supermarkets ,Manager,797212.26,278,2867.67,552.19,4991.79
Panasonic,First-time Buyer,Supermarkets ,Sales Associate,776903.29,288,2697.58,510.13,4999.90
Panasonic,First-time Buyer,Supermarkets ,Salesperson,860443.23,313,2749.02,507.16,4999.67
Panasonic,First-time Buyer,Supermarkets ,Senior Salesperson,759950.76,271,2804.25,539.32,4980.90
Panasonic,High Value,Large Malls / Complexes,Manager,721278.87,248,2908.38,503.72,4990.51
Panasonic,High Value,Large Malls / Complexes,Sales Associate,810875.60,305,2658.61,507.21,4961.49
Panasonic,High Value,Large Malls / Complexes,Salesperson,785243.10,288,2726.54,507.02,4987.02
Panasonic,High Value,Large Malls / Complexes,Senior Salesperson,649590.08,233,2787.94,521.42,4916.15
Panasonic,High Value,Small Stores / Shops,Manager,764176.44,289,2644.21,511.52,4962.11
Panasonic,High Value,Small Stores / Shops,Sales Associate,872166.77,317,2751.31,502.39,4993.18
Panasonic,High Value,Small Stores / Shops,Salesperson,853834.63,297,2874.86,537.44,4996.64
Panasonic,High Value,Small Stores / Shops,Senior Salesperson,732074.43,258,2837.50,537.38,4982.55
Panasonic,High Value,Supermarkets ,Manager,777772.21,284,2738.63,510.97,4976.54
Panasonic,High Value,Supermarkets ,Sales Associate,866870.61,313,2769.55,504.69,4992.74
Panasonic,High Value,Supermarkets ,Salesperson,739166.44,287,2575.49,505.63,4958.87
Panasonic,High Value,Supermarkets ,Senior Salesperson,687105.35,244,2816.01,518.76,4998.89
Panasonic,In-Store Regular,Large Malls / Complexes,Manager,721040.31,275,2621.96,501.86,4987.50
Panasonic,In-Store Regular,Large Malls / Complexes,Sales Associate,751458.01,278,2703.09,522.50,4995.07
Panasonic,In-Store Regular,Large Malls / Complexes,Salesperson,735956.71,281,2619.06,549.77,4986.08
Panasonic,In-Store Regular,Large Malls / Complexes,Senior Salesperson,768722.64,279,2755.28,502.83,4979.36
Panasonic,In-Store Regular,Small Stores / Shops,Manager,755495.34,273,2767.38,508.37,4994.22
Panasonic,In-Store Regular,Small Stores / Shops,Sales Associate,795455.91,293,2714.87,517.76,4988.55
Panasonic,In-Store Regular,Small Stores / Shops,Salesperson,880197.60,309,2848.54,527.43,4994.43
Panasonic,In-Store Regular,Small Stores / Shops,Senior Salesperson,791535.29,283,2796.94,538.07,4999.96
Panasonic,In-Store Regular,Supermarkets ,Manager,724805.15,267,2714.63,512.03,4984.48
Panasonic,In-Store Regular,Supermarkets ,Sales Associate,957583.42,342,2799.95,514.36,4999.60
Panasonic,In-Store Regular,Supermarkets ,Salesperson,883917.28,325,2719.75,507.31,4968.91
Panasonic,In-Store Regular,Supermarkets ,Senior Salesperson,753004.71,266,2830.84,507.19,4973.53
Panasonic,Loyal Customer,Large Malls / Complexes,Manager,729805.40,258,2828.70,522.99,4977.93
Panasonic,Loyal Customer,Large Malls / Complexes,Sales Associate,803539.21,296,2714.66,531.89,4992.01
Panasonic,Loyal Customer,Large Malls / Complexes,Salesperson,739026.15,268,2757.56,526.46,4990.97
Panasonic,Loyal Customer,Large Malls / Complexes,Senior Salesperson,717270.64,251,2857.65,502.33,4990.05
Panasonic,Loyal Customer,Small Stores / Shops,Manager,747276.79,272,2747.34,501.47,4997.36
Panasonic,Loyal Customer,Small Stores / Shops,Sales Associate,816170.43,303,2693.63,545.29,4973.64
Panasonic,Loyal Customer,Small Stores / Shops,Salesperson,836771.69,310,2699.26,502.12,4975.27
Panasonic,Loyal Customer,Small Stores / Shops,Senior Salesperson,641954.01,233,2755.17,510.59,4994.59
Panasonic,Loyal Customer,Supermarkets ,Manager,823232.02,299,2753.28,500.20,4997.54
Panasonic,Loyal Customer,Supermarkets ,Sales Associate,799423.51,297,2691.66,523.11,4976.09
Panasonic,Loyal Customer,Supermarkets ,Salesperson,833594.95,293,2845.03,504.46,4983.67
Panasonic,Loyal Customer,Supermarkets ,Senior Salesperson,608172.75,227,2679.18,503.05,4986.76
Panasonic,Occasional Shopper,Large Malls / Complexes,Manager,708773.47,263,2694.96,528.33,4987.46
Panasonic,Occasional Shopper,Large Malls / Complexes,Sales Associate,821098.31,291,2821.64,515.34,4998.19
Panasonic,Occasional Shopper,Large Malls / Complexes,Salesperson,792046.38,278,2849.09,507.71,4967.39
Panasonic,Occasional Shopper,Large Malls / Complexes,Senior Salesperson,644840.37,232,2779.48,535.69,4989.89
Panasonic,Occasional Shopper,Small Stores / Shops,Manager,848362.27,306,2772.43,510.21,4991.92
Panasonic,Occasional Shopper,Small Stores / Shops,Sales Associate,812660.84,289,2811.98,520.57,4966.70
Panasonic,Occasional Shopper,Small Stores / Shops,Salesperson,813944.54,295,2759.13,518.68,4945.54
Panasonic,Occasional Shopper,Small Stores / Shops,Senior Salesperson,782354.56,279,2804.14,500.15,4961.33
Panasonic,Occasional Shopper,Supermarkets ,Manager,826870.44,305,2711.05,510.02,4991.97
Panasonic,Occasional Shopper,Supermarkets ,Sales Associate,919455.99,329,2794.70,511.07,4957.97
Panasonic,Occasional Shopper,Supermarkets ,Salesperson,889317.12,305,2915.79,516.63,4995.38
Panasonic,Occasional Shopper,Supermarkets ,Senior Salesperson,634083.89,233,2721.39,503.80,4987.28
Panasonic,Online Shopper,Large Malls / Complexes,Manager,769096.83,273,2817.20,503.43,4989.22
Panasonic,Online Shopper,Large Malls / Complexes,Sales Associate,782504.05,277,2824.92,530.36,4999.83
Panasonic,Online Shopper,Large Malls / Complexes,Salesperson,879398.85,311,2827.65,517.32,4974.07
Panasonic,Online Shopper,Large Malls / Complexes,Senior Salesperson,625981.94,235,2663.75,517.28,4955.10
Panasonic,Online Shopper,Small Stores / Shops,Manager,789340.76,285,2769.62,510.13,4975.56
Panasonic,Online Shopper,Small Stores / Shops,Sales Associate,826277.59,292,2829.72,573.94,4981.35
Panasonic,Online Shopper,Small Stores / Shops,Salesperson,736951.22,266,2770.49,506.53,4968.63
Panasonic,Online Shopper,Small Stores / Shops,Senior Salesperson,687517.17,244,2817.69,519.91,4993.48
Panasonic,Online Shopper,Supermarkets ,Manager,827957.12,306,2705.74,510.62,4981.74
Panasonic,Online Shopper,Supermarkets ,Sales Associate,890361.35,308,2890.78,510.30,4971.31
Panasonic,Online Shopper,Supermarkets ,Salesperson,847507.56,305,2778.71,500.09,4988.33
Panasonic,Online Shopper,Supermarkets ,Senior Salesperson,715981.30,259,2764.41,541.91,4998.72
Panasonic,Premium Shopper,Large Malls / Complexes,Manager,690460.19,251,2750.84,524.62,4996.51
Panasonic,Premium Shopper,Large Malls / Complexes,Sales Associate,702394.11,270,2601.46,501.34,4957.85
Panasonic,Premium Shopper,Large Malls / Complexes,Salesperson,758232.45,271,2797.91,532.38,4985.26
Panasonic,Premium Shopper,Large Malls / Complexes,Senior Salesperson,698266.32,237,2946.27,509.63,4983.06
Panasonic,Premium Shopper,Small Stores / Shops,Manager,703773.92,262,2686.16,506.88,4997.71
Panasonic,Premium Shopper,Small Stores / Shops,Sales Associate,822013.20,298,2758.43,512.78,4980.33
Panasonic,Premium Shopper,Small Stores / Shops,Salesperson,777161.36,281,2765.70,500.34,4986.38
Panasonic,Premium Shopper,Small Stores / Shops,Senior Salesperson,692654.35,251,2759.58,578.62,4991.77
Panasonic,Premium Shopper,Supermarkets ,Manager,713343.98,262,2722.69,516.16,4999.87
Panasonic,Premium Shopper,Supermarkets ,Sales Associate,914489.10,338,2705.59,506.13,4994.76
Panasonic,Premium Shopper,Supermarkets ,Salesperson,848385.39,307,2763.47,513.63,4981.01
Panasonic,Premium Shopper,Supermarkets ,Senior Salesperson,775636.74,270,2872.73,500.51,4995.80
Pepperfry,Budget Shopper,Large Malls / Complexes,Manager,739119.02,282,2620.99,503.79,4995.62
Pepperfry,Budget Shopper,Large Malls / Complexes,Sales Associate,699879.38,253,2766.32,506.32,4984.86
Pepperfry,Budget Shopper,Large Malls / Complexes,Salesperson,731839.20,262,2793.28,520.16,4972.51
Pepperfry,Budget Shopper,Large Malls / Complexes,Senior Salesperson,670876.84,228,2942.44,516.07,4992.29
Pepperfry,Budget Shopper,Small Stores / Shops,Manager,737639.17,263,2804.71,506.06,4980.61
Pepperfry,Budget Shopper,Small Stores / Shops,Sales Associate,738907.74,276,2677.20,530.88,4993.72
Pepperfry,Budget Shopper,Small Stores / Shops,Salesperson,819625.15,292,2806.94,535.13,4998.41
Pepperfry,Budget Shopper,Small Stores / Shops,Senior Salesperson,767701.68,274,2801.83,531.86,4989.06
Pepperfry,Budget Shopper,Supermarkets ,Manager,903902.56,337,2682.20,509.51,4979.12
Pepperfry,Budget Shopper,Supermarkets ,Sales Associate,823289.81,302,2726.13,543.64,4994.17
Pepperfry,Budget Shopper,Supermarkets ,Salesperson,795029.33,288,2760.52,514.73,4995.77
Pepperfry,Budget Shopper,Supermarkets ,Senior Salesperson,697723.45,252,2768.74,555.79,4998.54
Pepperfry,Churn Risk,Large Malls / Complexes,Manager,681709.10,254,2683.89,521.38,4877.29
Pepperfry,Churn Risk,Large Malls / Complexes,Sales Associate,737844.93,271,2722.68,501.02,4978.67
Pepperfry,Churn Risk,Large Malls / Complexes,Salesperson,782662.05,281,2785.27,504.32,4981.51
Pepperfry,Churn Risk,Large Malls / Complexes,Senior Salesperson,716646.45,253,2832.59,519.89,4995.39
Pepperfry,Churn Risk,Small Stores / Shops,Manager,786613.88,283,2779.55,522.35,4978.51
Pepperfry,Churn Risk,Small Stores / Shops,Sales Associate,850165.39,300,2833.88,537.04,4999.03
Pepperfry,Churn Risk,Small Stores / Shops,Salesperson,805979.59,290,2779.24,504.73,4954.58
Pepperfry,Churn Risk,Small Stores / Shops,Senior Salesperson,724593.24,258,2808.50,514.75,4998.89
Pepperfry,Churn Risk,Supermarkets ,Manager,728739.36,265,2749.96,513.45,4995.95
Pepperfry,Churn Risk,Supermarkets ,Sales Associate,826879.00,293,2822.11,504.90,4984.30
Pepperfry,Churn Risk,Supermarkets ,Salesperson,804419.93,304,2646.12,506.98,4983.82
Pepperfry,Churn Risk,Supermarkets ,Senior Salesperson,716250.14,261,2744.25,527.33,4962.68
Pepperfry,Deal Seeker,Large Malls / Complexes,Manager,756684.46,268,2823.45,507.45,4984.79
Pepperfry,Deal Seeker,Large Malls / Complexes,Sales Associate,837370.06,295,2838.54,500.56,4979.52
Pepperfry,Deal Seeker,Large Malls / Complexes,Salesperson,821030.84,292,2811.75,538.54,4990.42
Pepperfry,Deal Seeker,Large Malls / Complexes,Senior Salesperson,611257.22,236,2590.07,503.24,4987.92
Pepperfry,Deal Seeker,Small Stores / Shops,Manager,804679.45,294,2737.00,501.05,4978.88
Pepperfry,Deal Seeker,Small Stores / Shops,Sales Associate,851950.81,317,2687.54,502.71,4997.80
Pepperfry,Deal Seeker,Small Stores / Shops,Salesperson,779219.07,270,2886.00,514.56,4990.90
Pepperfry,Deal Seeker,Small Stores / Shops,Senior Salesperson,773683.87,277,2793.08,531.69,4993.56
Pepperfry,Deal Seeker,Supermarkets ,Manager,841156.64,304,2766.96,521.13,4981.93
Pepperfry,Deal Seeker,Supermarkets ,Sales Associate,738213.90,269,2744.29,512.05,4995.12
Pepperfry,Deal Seeker,Supermarkets ,Salesperson,892593.72,325,2746.44,534.13,4998.62
Pepperfry,Deal Seeker,Supermarkets ,Senior Salesperson,692209.97,250,2768.84,503.92,4996.70
Pepperfry,First-time Buyer,Large Malls / Complexes,Manager,710005.99,253,2806.35,505.61,4979.38
Pepperfry,First-time Buyer,Large Malls / Complexes,Sales Associate,695127.66,252,2758.44,512.96,4981.91
Pepperfry,First-time Buyer,Large Malls / Complexes,Salesperson,711689.95,258,2758.49,505.26,4998.48
Pepperfry,First-time Buyer,Large Malls / Complexes,Senior Salesperson,681975.84,256,2663.97,505.06,4988.54
Pepperfry,First-time Buyer,Small Stores / Shops,Manager,734456.29,264,2782.03,524.98,4954.57
Pepperfry,First-time Buyer,Small Stores / Shops,Sales Associate,748255.18,271,2761.09,510.18,4986.09
Pepperfry,First-time Buyer,Small Stores / Shops,Salesperson,785587.07,286,2746.81,506.94,4995.79
Pepperfry,First-time Buyer,Small Stores / Shops,Senior Salesperson,696289.56,260,2678.04,501.27,4994.26
Pepperfry,First-time Buyer,Supermarkets ,Manager,811091.90,288,2816.29,513.61,4987.38
Pepperfry,First-time Buyer,Supermarkets ,Sales Associate,811455.21,299,2713.90,501.84,4999.26
Pepperfry,First-time Buyer,Supermarkets ,Salesperson,867905.69,313,2772.86,527.36,4996.24
Pepperfry,First-time Buyer,Supermarkets ,Senior Salesperson,698523.54,255,2739.31,506.42,4996.89
Pepperfry,High Value,Large Malls / Complexes,Manager,793513.84,279,2844.14,524.97,4962.24
Pepperfry,High Value,Large Malls / Complexes,Sales Associate,731861.46,272,2690.67,502.67,4941.63
Pepperfry,High Value,Large Malls / Complexes,Salesperson,722123.98,260,2777.40,512.13,4980.16
Pepperfry,High Value,Large Malls / Complexes,Senior Salesperson,612914.76,225,2724.07,532.05,4998.32
Pepperfry,High Value,Small Stores / Shops,Manager,797560.59,274,2910.81,507.71,4983.28
Pepperfry,High Value,Small Stores / Shops,Sales Associate,816388.84,298,2739.56,504.11,4987.91
Pepperfry,High Value,Small Stores / Shops,Salesperson,874958.06,312,2804.35,502.41,4999.47
Pepperfry,High Value,Small Stores / Shops,Senior Salesperson,683392.50,245,2789.36,508.69,4967.99
Pepperfry,High Value,Supermarkets ,Manager,864013.69,316,2734.22,537.72,4985.49
Pepperfry,High Value,Supermarkets ,Sales Associate,915240.60,323,2833.56,517.21,4968.59
Pepperfry,High Value,Supermarkets ,Salesperson,811346.06,300,2704.49,525.18,4987.06
Pepperfry,High Value,Supermarkets ,Senior Salesperson,701950.00,253,2774.51,506.57,4997.60
Pepperfry,In-Store Regular,Large Malls / Complexes,Manager,729955.23,250,2919.82,519.37,4991.13
Pepperfry,In-Store Regular,Large Malls / Complexes,Sales Associate,797645.54,278,2869.23,509.15,4979.32
Pepperfry,In-Store Regular,Large Malls / Complexes,Salesperson,659883.90,239,2761.02,513.51,4981.33
Pepperfry,In-Store Regular,Large Malls / Complexes,Senior Salesperson,737628.40,253,2915.53,571.31,4980.62
Pepperfry,In-Store Regular,Small Stores / Shops,Manager,742137.02,270,2748.66,517.48,4955.56
Pepperfry,In-Store Regular,Small Stores / Shops,Sales Associate,834060.85,293,2846.62,526.75,4993.83
Pepperfry,In-Store Regular,Small Stores / Shops,Salesperson,811278.52,292,2778.35,509.73,4964.48
Pepperfry,In-Store Regular,Small Stores / Shops,Senior Salesperson,789534.51,283,2789.87,516.08,4977.97
Pepperfry,In-Store Regular,Supermarkets ,Manager,674347.08,261,2583.71,553.54,4982.35
Pepperfry,In-Store Regular,Supermarkets ,Sales Associate,801769.81,305,2628.75,508.01,4989.36
Pepperfry,In-Store Regular,Supermarkets ,Salesperson,772306.48,290,2663.13,512.40,4990.25
Pepperfry,In-Store Regular,Supermarkets ,Senior Salesperson,684041.81,254,2693.08,513.37,4998.58
Pepperfry,Loyal Customer,Large Malls / Complexes,Manager,787189.02,298,2641.57,506.63,4975.15
Pepperfry,Loyal Customer,Large Malls / Complexes,Sales Associate,730321.21,258,2830.70,513.55,4999.16
Pepperfry,Loyal Customer,Large Malls / Complexes,Salesperson,766892.70,279,2748.72,501.63,4994.63
Pepperfry,Loyal Customer,Large Malls / Complexes,Senior Salesperson,628775.33,234,2687.07,506.46,4970.61
Pepperfry,Loyal Customer,Small Stores / Shops,Manager,677072.12,253,2676.17,504.85,4975.41
Pepperfry,Loyal Customer,Small Stores / Shops,Sales Associate,725492.23,264,2748.08,522.02,4994.52
Pepperfry,Loyal Customer,Small Stores / Shops,Salesperson,803544.92,288,2790.09,503.53,4969.22
Pepperfry,Loyal Customer,Small Stores / Shops,Senior Salesperson,696349.76,249,2796.59,507.30,4998.96
Pepperfry,Loyal Customer,Supermarkets ,Manager,826442.52,309,2674.57,506.20,4994.60
Pepperfry,Loyal Customer,Supermarkets ,Sales Associate,874936.41,311,2813.30,522.25,4997.79
Pepperfry,Loyal Customer,Supermarkets ,Salesperson,755262.46,276,2736.46,563.50,4997.12
Pepperfry,Loyal Customer,Supermarkets ,Senior Salesperson,705030.11,265,2660.49,511.00,4972.36
Pepperfry,Occasional Shopper,Large Malls / Complexes,Manager,693960.20,262,2648.70,551.34,4996.52
Pepperfry,Occasional Shopper,Large Malls / Complexes,Sales Associate,822752.69,306,2688.73,501.59,4986.43
Pepperfry,Occasional Shopper,Large Malls / Complexes,Salesperson,756849.67,278,2722.48,507.45,4982.59
Pepperfry,Occasional Shopper,Large Malls / Complexes,Senior Salesperson,615157.11,226,2721.93,500.36,4998.24
Pepperfry,Occasional Shopper,Small Stores / Shops,Manager,773573.83,274,2823.26,579.75,4983.15
Pepperfry,Occasional Shopper,Small Stores / Shops,Sales Associate,752697.38,278,2707.54,507.73,4971.07
Pepperfry,Occasional Shopper,Small Stores / Shops,Salesperson,890179.05,314,2834.97,504.44,4994.16
Pepperfry,Occasional Shopper,Small Stores / Shops,Senior Salesperson,627821.76,231,2717.84,538.12,4977.44
Pepperfry,Occasional Shopper,Supermarkets ,Manager,855807.28,302,2833.80,500.89,4994.59
Pepperfry,Occasional Shopper,Supermarkets ,Sales Associate,841720.63,309,2724.01,527.01,4996.83
Pepperfry,Occasional Shopper,Supermarkets ,Salesperson,859543.18,301,2855.63,505.59,4997.66
Pepperfry,Occasional Shopper,Supermarkets ,Senior Salesperson,764337.43,263,2906.23,561.90,4984.65
Pepperfry,Online Shopper,Large Malls / Complexes,Manager,787716.57,291,2706.93,519.79,4969.09
Pepperfry,Online Shopper,Large Malls / Complexes,Sales Associate,764762.53,290,2637.11,508.86,4973.94
Pepperfry,Online Shopper,Large Malls / Complexes,Salesperson,711657.95,264,2695.67,505.20,4983.71
Pepperfry,Online Shopper,Large Malls / Complexes,Senior Salesperson,691069.69,248,2786.57,553.76,4986.16
Pepperfry,Online Shopper,Small Stores / Shops,Manager,794910.55,283,2808.87,521.45,4998.77
Pepperfry,Online Shopper,Small Stores / Shops,Sales Associate,899843.84,331,2718.56,519.57,4995.68
Pepperfry,Online Shopper,Small Stores / Shops,Salesperson,793020.26,298,2661.14,505.16,4981.53
Pepperfry,Online Shopper,Small Stores / Shops,Senior Salesperson,661113.01,242,2731.87,511.16,4998.12
Pepperfry,Online Shopper,Supermarkets ,Manager,987029.10,348,2836.29,510.82,4994.90
Pepperfry,Online Shopper,Supermarkets ,Sales Associate,768349.57,283,2715.02,507.96,4999.14
Pepperfry,Online Shopper,Supermarkets ,Salesperson,870892.44,312,2791.32,515.95,4998.80
Pepperfry,Online Shopper,Supermarkets ,Senior Salesperson,675362.32,251,2690.69,515.21,4987.52
Pepperfry,Premium Shopper,Large Malls / Complexes,Manager,681673.76,239,2852.19,531.31,4973.75
Pepperfry,Premium Shopper,Large Malls / Complexes,Sales Associate,769502.61,280,2748.22,505.17,4989.64
Pepperfry,Premium Shopper,Large Malls / Complexes,Salesperson,772401.26,279,2768.46,540.04,4988.69
Pepperfry,Premium Shopper,Large Malls / Complexes,Senior Salesperson,681163.04,251,2713.80,500.59,4940.34
Pepperfry,Premium Shopper,Small Stores / Shops,Manager,804190.56,284,2831.66,504.00,4997.14
Pepperfry,Premium Shopper,Small Stores / Shops,Sales Associate,754570.33,266,2836.73,589.87,4965.23
Pepperfry,Premium Shopper,Small Stores / Shops,Salesperson,789141.88,297,2657.04,502.89,4966.27
Pepperfry,Premium Shopper,Small Stores / Shops,Senior Salesperson,661622.60,253,2615.11,510.97,4933.33
Pepperfry,Premium Shopper,Supermarkets ,Manager,796412.32,297,2681.52,519.20,4978.43
Pepperfry,Premium Shopper,Supermarkets ,Sales Associate,803325.11,298,2695.72,510.93,4997.79
Pepperfry,Premium Shopper,Supermarkets ,Salesperson,727914.50,270,2695.98,512.10,4976.02
Pepperfry,Premium Shopper,Supermarkets ,Senior Salesperson,776960.87,277,2804.91,505.62,4998.23
Puma,Budget Shopper,Large Malls / Complexes,Manager,1387508.35,508,2731.32,513.95,4993.20
Puma,Budget Shopper,Large Malls / Complexes,Sales Associate,1506836.04,552,2729.78,506.68,4985.94
Puma,Budget Shopper,Large Malls / Complexes,Salesperson,1563202.88,562,2781.50,502.32,4986.57
Puma,Budget Shopper,Large Malls / Complexes,Senior Salesperson,1394500.92,504,2766.87,510.88,4975.09
Puma,Budget Shopper,Small Stores / Shops,Manager,1605117.13,576,2786.66,504.90,4984.66
Puma,Budget Shopper,Small Stores / Shops,Sales Associate,1590109.15,573,2775.06,515.93,4997.38
Puma,Budget Shopper,Small Stores / Shops,Salesperson,1631652.99,588,2774.92,511.85,4996.58
Puma,Budget Shopper,Small Stores / Shops,Senior Salesperson,1388111.98,507,2737.89,536.33,4998.97
Puma,Budget Shopper,Supermarkets ,Manager,1529896.60,551,2776.58,501.48,4985.43
Puma,Budget Shopper,Supermarkets ,Sales Associate,1667658.98,585,2850.70,514.18,4999.85
Puma,Budget Shopper,Supermarkets ,Salesperson,1524378.01,573,2660.35,509.04,4999.17
Puma,Budget Shopper,Supermarkets ,Senior Salesperson,1407791.64,514,2738.89,512.16,4997.46
Puma,Churn Risk,Large Malls / Complexes,Manager,1507746.19,551,2736.38,503.81,4998.60
Puma,Churn Risk,Large Malls / Complexes,Sales Associate,1486147.78,521,2852.49,526.79,4997.51
Puma,Churn Risk,Large Malls / Complexes,Salesperson,1383029.67,510,2711.82,519.01,4993.44
Puma,Churn Risk,Large Malls / Complexes,Senior Salesperson,1289238.18,467,2760.68,501.93,4988.61
Puma,Churn Risk,Small Stores / Shops,Manager,1637575.02,583,2808.88,502.49,4995.97
Puma,Churn Risk,Small Stores / Shops,Sales Associate,1469910.64,565,2601.61,500.57,4993.72
Puma,Churn Risk,Small Stores / Shops,Salesperson,1549797.92,576,2690.62,502.77,4996.88
Puma,Churn Risk,Small Stores / Shops,Senior Salesperson,1523493.91,545,2795.40,502.11,4997.16
Puma,Churn Risk,Supermarkets ,Manager,1527238.88,575,2656.07,505.35,4980.18
Puma,Churn Risk,Supermarkets ,Sales Associate,1603440.78,596,2690.34,503.04,4994.80
Puma,Churn Risk,Supermarkets ,Salesperson,1609308.60,586,2746.26,506.85,4993.59
Puma,Churn Risk,Supermarkets ,Senior Salesperson,1519858.78,540,2814.55,517.45,4989.54
Puma,Deal Seeker,Large Malls / Complexes,Manager,1603649.12,568,2823.33,501.96,4998.69
Puma,Deal Seeker,Large Malls / Complexes,Sales Associate,1562570.63,568,2751.00,521.71,4983.86
Puma,Deal Seeker,Large Malls / Complexes,Salesperson,1498703.38,552,2715.04,506.16,4998.09
Puma,Deal Seeker,Large Malls / Complexes,Senior Salesperson,1437777.02,508,2830.27,523.97,4992.22
Puma,Deal Seeker,Small Stores / Shops,Manager,1556202.73,554,2809.03,535.10,4997.71
Puma,Deal Seeker,Small Stores / Shops,Sales Associate,1622724.68,589,2755.05,502.43,4979.26
Puma,Deal Seeker,Small Stores / Shops,Salesperson,1726329.36,641,2693.18,517.86,4985.65
Puma,Deal Seeker,Small Stores / Shops,Senior Salesperson,1583366.36,571,2772.97,521.89,4996.19
Puma,Deal Seeker,Supermarkets ,Manager,1633757.90,577,2831.47,500.97,4977.73
Puma,Deal Seeker,Supermarkets ,Sales Associate,1614228.19,589,2740.63,521.53,4997.56
Puma,Deal Seeker,Supermarkets ,Salesperson,1697857.00,604,2811.02,500.66,4997.64
Puma,Deal Seeker,Supermarkets ,Senior Salesperson,1363714.54,501,2721.99,500.07,4999.01
Puma,First-time Buyer,Large Malls / Complexes,Manager,1435025.34,517,2775.68,514.57,4987.34
Puma,First-time Buyer,Large Malls / Complexes,Sales Associate,1603024.48,569,2817.27,504.07,4999.23
Puma,First-time Buyer,Large Malls / Complexes,Salesperson,1343425.53,498,2697.64,508.24,4998.11
Puma,First-time Buyer,Large Malls / Complexes,Senior Salesperson,1255913.31,450,2790.92,511.61,4988.86
Puma,First-time Buyer,Small Stores / Shops,Manager,1441590.24,524,2751.13,500.04,4999.40
Puma,First-time Buyer,Small Stores / Shops,Sales Associate,1661593.33,600,2769.32,506.15,4993.42
Puma,First-time Buyer,Small Stores / Shops,Salesperson,1602254.68,581,2757.75,505.09,4994.34
Puma,First-time Buyer,Small Stores / Shops,Senior Salesperson,1558301.96,558,2792.66,511.21,4996.42
Puma,First-time Buyer,Supermarkets ,Manager,1540368.38,577,2669.62,522.28,4991.31
Puma,First-time Buyer,Supermarkets ,Sales Associate,1674700.99,624,2683.82,502.20,4993.79
Puma,First-time Buyer,Supermarkets ,Salesperson,1651279.07,600,2752.13,504.68,4985.10
Puma,First-time Buyer,Supermarkets ,Senior Salesperson,1374523.64,498,2760.09,506.01,4999.98
Puma,High Value,Large Malls / Complexes,Manager,1603334.64,575,2788.41,504.64,4995.61
Puma,High Value,Large Malls / Complexes,Sales Associate,1545046.13,563,2744.31,500.10,4997.99
Puma,High Value,Large Malls / Complexes,Salesperson,1549612.44,556,2787.07,500.37,4998.01
Puma,High Value,Large Malls / Complexes,Senior Salesperson,1269124.28,477,2660.64,504.71,4999.61
Puma,High Value,Small Stores / Shops,Manager,1594793.10,569,2802.80,521.45,4992.59
Puma,High Value,Small Stores / Shops,Sales Associate,1717156.20,614,2796.67,503.43,4981.66
Puma,High Value,Small Stores / Shops,Salesperson,1638180.97,607,2698.82,503.81,4998.14
Puma,High Value,Small Stores / Shops,Senior Salesperson,1455682.33,514,2832.07,500.03,4987.18
Puma,High Value,Supermarkets ,Manager,1595007.66,595,2680.69,500.82,4972.78
Puma,High Value,Supermarkets ,Sales Associate,1646937.67,599,2749.48,509.87,4987.65
Puma,High Value,Supermarkets ,Salesperson,1630560.29,591,2758.99,504.90,4996.51
Puma,High Value,Supermarkets ,Senior Salesperson,1439110.66,525,2741.16,500.45,4995.90
Puma,In-Store Regular,Large Malls / Complexes,Manager,1447686.87,513,2822.00,509.15,4989.36
Puma,In-Store Regular,Large Malls / Complexes,Sales Associate,1511676.68,557,2713.96,501.78,4995.46
Puma,In-Store Regular,Large Malls / Complexes,Salesperson,1473621.45,532,2769.97,502.29,4998.12
Puma,In-Store Regular,Large Malls / Complexes,Senior Salesperson,1284296.51,459,2798.03,505.07,4995.16
Puma,In-Store Regular,Small Stores / Shops,Manager,1477522.75,544,2716.03,511.59,4995.61
Puma,In-Store Regular,Small Stores / Shops,Sales Associate,1747794.94,633,2761.13,506.20,4993.05
Puma,In-Store Regular,Small Stores / Shops,Salesperson,1532852.56,591,2593.66,502.54,4995.13
Puma,In-Store Regular,Small Stores / Shops,Senior Salesperson,1469722.21,547,2686.88,500.74,4993.73
Puma,In-Store Regular,Supermarkets ,Manager,1483222.56,528,2809.13,547.55,4998.51
Puma,In-Store Regular,Supermarkets ,Sales Associate,1679292.96,628,2674.03,517.58,4985.05
Puma,In-Store Regular,Supermarkets ,Salesperson,1570117.31,563,2788.84,501.80,4999.89
Puma,In-Store Regular,Supermarkets ,Senior Salesperson,1538068.67,546,2816.98,524.14,4998.89
Puma,Loyal Customer,Large Malls / Complexes,Manager,1312340.81,480,2734.04,511.56,4983.43
Puma,Loyal Customer,Large Malls / Complexes,Sales Associate,1441427.81,544,2649.68,500.18,4990.43
Puma,Loyal Customer,Large Malls / Complexes,Salesperson,1448734.06,528,2743.81,507.72,4996.71
Puma,Loyal Customer,Large Malls / Complexes,Senior Salesperson,1318369.52,489,2696.05,513.18,4981.80
Puma,Loyal Customer,Small Stores / Shops,Manager,1625269.93,588,2764.06,516.12,4995.93
Puma,Loyal Customer,Small Stores / Shops,Sales Associate,1660659.62,610,2722.39,510.77,4996.57
Puma,Loyal Customer,Small Stores / Shops,Salesperson,1512022.65,552,2739.17,503.10,4997.04
Puma,Loyal Customer,Small Stores / Shops,Senior Salesperson,1498854.69,551,2720.24,503.52,4999.68
Puma,Loyal Customer,Supermarkets ,Manager,1595625.48,574,2779.84,507.32,4997.42
Puma,Loyal Customer,Supermarkets ,Sales Associate,1661002.43,611,2718.50,507.07,4995.44
Puma,Loyal Customer,Supermarkets ,Salesperson,1608213.20,592,2716.58,502.12,4988.87
Puma,Loyal Customer,Supermarkets ,Senior Salesperson,1470320.68,530,2774.19,503.60,4996.09
Puma,Occasional Shopper,Large Malls / Complexes,Manager,1385794.23,511,2711.93,517.34,4973.10
Puma,Occasional Shopper,Large Malls / Complexes,Sales Associate,1556381.25,562,2769.36,504.14,4982.25
Puma,Occasional Shopper,Large Malls / Complexes,Salesperson,1556053.18,560,2778.67,510.86,4995.89
Puma,Occasional Shopper,Large Malls / Complexes,Senior Salesperson,1233387.52,471,2618.66,502.29,4997.93
Puma,Occasional Shopper,Small Stores / Shops,Manager,1554357.64,561,2770.69,511.31,4994.72
Puma,Occasional Shopper,Small Stores / Shops,Sales Associate,1588621.78,571,2782.17,503.74,4994.01
Puma,Occasional Shopper,Small Stores / Shops,Salesperson,1737447.99,625,2779.92,500.41,4998.46
Puma,Occasional Shopper,Small Stores / Shops,Senior Salesperson,1432838.70,517,2771.45,502.39,4996.43
Puma,Occasional Shopper,Supermarkets ,Manager,1636615.70,589,2778.63,503.81,4988.49
Puma,Occasional Shopper,Supermarkets ,Sales Associate,1833626.76,657,2790.91,512.66,4988.35
Puma,Occasional Shopper,Supermarkets ,Salesperson,1763380.43,633,2785.75,510.90,4993.54
Puma,Occasional Shopper,Supermarkets ,Senior Salesperson,1468829.98,534,2750.62,502.57,4993.05
Puma,Online Shopper,Large Malls / Complexes,Manager,1493590.58,564,2648.21,504.78,4968.15
Puma,Online Shopper,Large Malls / Complexes,Sales Associate,1669804.23,590,2830.18,513.63,4999.78
Puma,Online Shopper,Large Malls / Complexes,Salesperson,1421918.41,531,2677.81,500.66,4989.36
Puma,Online Shopper,Large Malls / Complexes,Senior Salesperson,1312308.06,488,2689.16,505.21,4997.22
Puma,Online Shopper,Small Stores / Shops,Manager,1420261.82,517,2747.12,503.51,4980.65
Puma,Online Shopper,Small Stores / Shops,Sales Associate,1569787.84,565,2778.39,503.49,4982.48
Puma,Online Shopper,Small Stores / Shops,Salesperson,1604021.33,581,2760.79,505.17,4993.01
Puma,Online Shopper,Small Stores / Shops,Senior Salesperson,1366670.68,494,2766.54,509.87,4994.48
Puma,Online Shopper,Supermarkets ,Manager,1657444.60,588,2818.78,500.04,4988.81
Puma,Online Shopper,Supermarkets ,Sales Associate,1571832.72,587,2677.74,503.61,4991.70
Puma,Online Shopper,Supermarkets ,Salesperson,1604790.84,586,2738.55,512.78,4995.81
Puma,Online Shopper,Supermarkets ,Senior Salesperson,1573456.11,565,2784.88,510.27,4998.52
Puma,Premium Shopper,Large Malls / Complexes,Manager,1561333.78,571,2734.38,505.64,4985.90
Puma,Premium Shopper,Large Malls / Complexes,Sales Associate,1482782.80,529,2802.99,501.68,4993.14
Puma,Premium Shopper,Large Malls / Complexes,Salesperson,1300473.09,507,2565.04,509.04,4993.01
Puma,Premium Shopper,Large Malls / Complexes,Senior Salesperson,1224899.04,450,2722.00,525.03,4988.12
Puma,Premium Shopper,Small Stores / Shops,Manager,1587486.27,559,2839.87,504.35,4997.57
Puma,Premium Shopper,Small Stores / Shops,Sales Associate,1548541.40,552,2805.33,515.16,4997.07
Puma,Premium Shopper,Small Stores / Shops,Salesperson,1536259.56,554,2773.03,505.48,4994.03
Puma,Premium Shopper,Small Stores / Shops,Senior Salesperson,1529094.72,559,2735.41,500.07,4997.06
Puma,Premium Shopper,Supermarkets ,Manager,1502999.80,548,2742.70,502.77,4996.89
Puma,Premium Shopper,Supermarkets ,Sales Associate,1622929.65,581,2793.34,518.56,4997.08
Puma,Premium Shopper,Supermarkets ,Salesperson,1662499.14,614,2707.65,523.68,4998.60
Puma,Premium Shopper,Supermarkets ,Senior Salesperson,1476805.37,523,2823.72,500.81,4995.70
Reebok,Budget Shopper,Large Malls / Complexes,Manager,775261.64,275,2819.13,533.77,4975.14
Reebok,Budget Shopper,Large Malls / Complexes,Sales Associate,762348.36,272,2802.75,506.53,4990.45
Reebok,Budget Shopper,Large Malls / Complexes,Salesperson,750529.32,270,2779.74,507.06,4991.74
Reebok,Budget Shopper,Large Malls / Complexes,Senior Salesperson,589092.17,231,2550.18,500.26,4955.41
Reebok,Budget Shopper,Small Stores / Shops,Manager,744065.09,267,2786.76,500.78,4969.16
Reebok,Budget Shopper,Small Stores / Shops,Sales Associate,757031.48,276,2742.87,510.28,4966.28
Reebok,Budget Shopper,Small Stores / Shops,Salesperson,779069.24,290,2686.45,533.95,4998.61
Reebok,Budget Shopper,Small Stores / Shops,Senior Salesperson,637039.67,239,2665.44,501.12,4996.08
Reebok,Budget Shopper,Supermarkets ,Manager,771091.45,285,2705.58,500.04,4996.39
Reebok,Budget Shopper,Supermarkets ,Sales Associate,887234.13,307,2890.01,525.44,4967.25
Reebok,Budget Shopper,Supermarkets ,Salesperson,795238.41,291,2732.78,506.05,4983.84
Reebok,Budget Shopper,Supermarkets ,Senior Salesperson,788184.63,289,2727.28,543.53,4994.50
Reebok,Churn Risk,Large Malls / Complexes,Manager,761754.04,281,2710.87,528.35,4989.13
Reebok,Churn Risk,Large Malls / Complexes,Sales Associate,851260.86,311,2737.17,506.24,4948.61
Reebok,Churn Risk,Large Malls / Complexes,Salesperson,857737.66,302,2840.19,541.76,4983.68
Reebok,Churn Risk,Large Malls / Complexes,Senior Salesperson,714525.56,252,2835.42,506.83,4937.13
Reebok,Churn Risk,Small Stores / Shops,Manager,789778.35,277,2851.19,525.16,4988.73
Reebok,Churn Risk,Small Stores / Shops,Sales Associate,813834.56,286,2845.58,550.58,4987.89
Reebok,Churn Risk,Small Stores / Shops,Salesperson,878179.26,328,2677.38,506.11,4975.72
Reebok,Churn Risk,Small Stores / Shops,Senior Salesperson,730010.62,274,2664.27,540.53,4998.24
Reebok,Churn Risk,Supermarkets ,Manager,904477.64,325,2783.01,534.17,4995.06
Reebok,Churn Risk,Supermarkets ,Sales Associate,887500.66,331,2681.27,517.08,4997.68
Reebok,Churn Risk,Supermarkets ,Salesperson,766743.29,279,2748.18,510.80,4995.99
Reebok,Churn Risk,Supermarkets ,Senior Salesperson,721879.09,261,2765.82,506.58,4980.88
Reebok,Deal Seeker,Large Malls / Complexes,Manager,776779.92,291,2669.35,514.92,4980.69
Reebok,Deal Seeker,Large Malls / Complexes,Sales Associate,856944.97,319,2686.35,502.11,4989.91
Reebok,Deal Seeker,Large Malls / Complexes,Salesperson,818192.22,302,2709.25,517.17,4980.70
Reebok,Deal Seeker,Large Malls / Complexes,Senior Salesperson,683689.90,237,2884.77,505.26,4984.10
Reebok,Deal Seeker,Small Stores / Shops,Manager,800450.19,274,2921.35,516.83,4999.30
Reebok,Deal Seeker,Small Stores / Shops,Sales Associate,780004.36,288,2708.35,547.60,4996.48
Reebok,Deal Seeker,Small Stores / Shops,Salesperson,849334.53,314,2704.89,505.03,4973.85
Reebok,Deal Seeker,Small Stores / Shops,Senior Salesperson,572591.17,225,2544.85,520.66,4988.82
Reebok,Deal Seeker,Supermarkets ,Manager,707596.03,267,2650.17,549.61,4994.38
Reebok,Deal Seeker,Supermarkets ,Sales Associate,867697.41,331,2621.44,504.14,4999.33
Reebok,Deal Seeker,Supermarkets ,Salesperson,782869.98,282,2776.13,508.46,4997.82
Reebok,Deal Seeker,Supermarkets ,Senior Salesperson,696925.86,259,2690.83,537.39,4959.06
Reebok,First-time Buyer,Large Malls / Complexes,Manager,724616.83,264,2744.76,523.63,4972.41
Reebok,First-time Buyer,Large Malls / Complexes,Sales Associate,792537.06,280,2830.49,515.98,4989.45
Reebok,First-time Buyer,Large Malls / Complexes,Salesperson,798196.97,281,2840.56,504.45,4996.59
Reebok,First-time Buyer,Large Malls / Complexes,Senior Salesperson,692931.70,240,2887.22,519.65,4974.30
Reebok,First-time Buyer,Small Stores / Shops,Manager,737424.08,274,2691.33,542.06,4973.22
Reebok,First-time Buyer,Small Stores / Shops,Sales Associate,744074.23,264,2818.46,500.37,4988.88
Reebok,First-time Buyer,Small Stores / Shops,Salesperson,759439.20,287,2646.13,536.25,4996.44
Reebok,First-time Buyer,Small Stores / Shops,Senior Salesperson,709250.61,259,2738.42,531.66,4988.78
Reebok,First-time Buyer,Supermarkets ,Manager,835340.14,301,2775.22,507.75,4986.35
Reebok,First-time Buyer,Supermarkets ,Sales Associate,821804.91,299,2748.51,521.66,4976.19
Reebok,First-time Buyer,Supermarkets ,Salesperson,857993.96,291,2948.43,502.16,4995.89
Reebok,First-time Buyer,Supermarkets ,Senior Salesperson,725250.08,283,2562.72,502.81,4969.54
Reebok,High Value,Large Malls / Complexes,Manager,811851.09,296,2742.74,503.56,4998.53
Reebok,High Value,Large Malls / Complexes,Sales Associate,842470.51,297,2836.60,515.24,4996.62
Reebok,High Value,Large Malls / Complexes,Salesperson,672795.18,259,2597.66,523.62,4996.35
Reebok,High Value,Large Malls / Complexes,Senior Salesperson,693379.15,249,2784.66,510.98,4979.33
Reebok,High Value,Small Stores / Shops,Manager,748915.38,268,2794.46,563.15,4987.08
Reebok,High Value,Small Stores / Shops,Sales Associate,786346.89,270,2912.40,514.36,4996.75
Reebok,High Value,Small Stores / Shops,Salesperson,725325.48,267,2716.57,510.07,4986.51
Reebok,High Value,Small Stores / Shops,Senior Salesperson,746707.21,273,2735.19,502.36,4996.31
Reebok,High Value,Supermarkets ,Manager,794215.14,282,2816.37,513.97,4975.83
Reebok,High Value,Supermarkets ,Sales Associate,831721.76,313,2657.26,514.21,4958.49
Reebok,High Value,Supermarkets ,Salesperson,814858.07,305,2671.67,505.89,4981.36
Reebok,High Value,Supermarkets ,Senior Salesperson,770690.94,268,2875.71,539.46,4989.29
Reebok,In-Store Regular,Large Malls / Complexes,Manager,767169.49,283,2710.85,560.62,4997.25
Reebok,In-Store Regular,Large Malls / Complexes,Sales Associate,778786.26,282,2761.65,520.35,4986.59
Reebok,In-Store Regular,Large Malls / Complexes,Salesperson,838234.14,291,2880.53,502.76,4994.22
Reebok,In-Store Regular,Large Malls / Complexes,Senior Salesperson,727181.94,262,2775.50,513.44,4995.28
Reebok,In-Store Regular,Small Stores / Shops,Manager,842661.11,295,2856.48,504.56,4982.28
Reebok,In-Store Regular,Small Stores / Shops,Sales Associate,851936.01,311,2739.34,520.18,4966.16
Reebok,In-Store Regular,Small Stores / Shops,Salesperson,790062.74,283,2791.74,510.35,4996.77
Reebok,In-Store Regular,Small Stores / Shops,Senior Salesperson,789182.92,274,2880.23,504.23,4987.95
Reebok,In-Store Regular,Supermarkets ,Manager,846783.76,296,2860.76,519.70,4998.42
Reebok,In-Store Regular,Supermarkets ,Sales Associate,829023.33,287,2888.58,511.10,4992.08
Reebok,In-Store Regular,Supermarkets ,Salesperson,773856.10,278,2783.66,509.93,4983.45
Reebok,In-Store Regular,Supermarkets ,Senior Salesperson,678118.40,237,2861.26,502.90,4999.53
Reebok,Loyal Customer,Large Malls / Complexes,Manager,661492.70,248,2667.31,548.36,4999.34
Reebok,Loyal Customer,Large Malls / Complexes,Sales Associate,775493.30,288,2692.69,504.12,4980.38
Reebok,Loyal Customer,Large Malls / Complexes,Salesperson,834108.61,301,2771.12,500.76,4996.45
Reebok,Loyal Customer,Large Malls / Complexes,Senior Salesperson,632231.96,236,2678.95,509.14,4983.66
Reebok,Loyal Customer,Small Stores / Shops,Manager,784542.56,295,2659.47,500.50,4998.56
Reebok,Loyal Customer,Small Stores / Shops,Sales Associate,898967.19,312,2881.31,505.17,4992.07
Reebok,Loyal Customer,Small Stores / Shops,Salesperson,785328.20,278,2824.92,515.75,4997.31
Reebok,Loyal Customer,Small Stores / Shops,Senior Salesperson,654028.38,244,2680.44,503.07,4984.45
Reebok,Loyal Customer,Supermarkets ,Manager,714284.58,264,2705.62,516.35,4991.18
Reebok,Loyal Customer,Supermarkets ,Sales Associate,888839.85,325,2734.89,513.64,4998.20
Reebok,Loyal Customer,Supermarkets ,Salesperson,846708.50,303,2794.42,508.28,4993.18
Reebok,Loyal Customer,Supermarkets ,Senior Salesperson,748870.59,271,2763.36,505.95,4988.90
Reebok,Occasional Shopper,Large Malls / Complexes,Manager,682093.86,247,2761.51,518.70,4998.87
Reebok,Occasional Shopper,Large Malls / Complexes,Sales Associate,791729.26,285,2778.00,525.10,4993.19
Reebok,Occasional Shopper,Large Malls / Complexes,Salesperson,724383.87,265,2733.52,512.45,4984.29
Reebok,Occasional Shopper,Large Malls / Complexes,Senior Salesperson,654450.35,233,2808.80,508.41,4955.28
Reebok,Occasional Shopper,Small Stores / Shops,Manager,782650.59,300,2608.84,501.32,4975.63
Reebok,Occasional Shopper,Small Stores / Shops,Sales Associate,794428.72,289,2748.89,517.53,4993.48
Reebok,Occasional Shopper,Small Stores / Shops,Salesperson,850456.96,306,2779.27,501.42,4999.65
Reebok,Occasional Shopper,Small Stores / Shops,Senior Salesperson,743098.90,269,2762.45,502.59,4995.69
Reebok,Occasional Shopper,Supermarkets ,Manager,727984.93,285,2554.33,501.14,4996.28
Reebok,Occasional Shopper,Supermarkets ,Sales Associate,815879.89,298,2737.85,505.11,4974.37
Reebok,Occasional Shopper,Supermarkets ,Salesperson,829871.39,306,2712.00,515.01,4997.81
Reebok,Occasional Shopper,Supermarkets ,Senior Salesperson,717334.91,269,2666.67,536.89,4987.96
Reebok,Online Shopper,Large Malls / Complexes,Manager,716177.77,263,2723.11,508.07,4977.91
Reebok,Online Shopper,Large Malls / Complexes,Sales Associate,745205.76,276,2700.02,509.60,4953.69
Reebok,Online Shopper,Large Malls / Complexes,Salesperson,761943.01,283,2692.38,556.26,4991.63
Reebok,Online Shopper,Large Malls / Complexes,Senior Salesperson,770185.94,274,2810.90,516.62,4996.40
Reebok,Online Shopper,Small Stores / Shops,Manager,788883.67,292,2701.66,536.77,4994.74
Reebok,Online Shopper,Small Stores / Shops,Sales Associate,849756.54,313,2714.88,507.03,4993.60
Reebok,Online Shopper,Small Stores / Shops,Salesperson,865441.44,303,2856.24,501.32,4994.96
Reebok,Online Shopper,Small Stores / Shops,Senior Salesperson,699061.21,250,2796.24,518.18,4972.86
Reebok,Online Shopper,Supermarkets ,Manager,800473.72,282,2838.56,506.74,4998.53
Reebok,Online Shopper,Supermarkets ,Sales Associate,964118.58,336,2869.40,518.98,4986.84
Reebok,Online Shopper,Supermarkets ,Salesperson,860435.32,304,2830.38,504.92,4992.25
Reebok,Online Shopper,Supermarkets ,Senior Salesperson,690815.15,259,2667.24,521.03,4998.98
Reebok,Premium Shopper,Large Malls / Complexes,Manager,718353.19,269,2670.46,508.91,4974.13
Reebok,Premium Shopper,Large Malls / Complexes,Sales Associate,778068.07,287,2711.04,529.21,4977.11
Reebok,Premium Shopper,Large Malls / Complexes,Salesperson,797442.25,286,2788.26,500.30,4991.13
Reebok,Premium Shopper,Large Malls / Complexes,Senior Salesperson,644129.70,225,2862.80,503.35,4987.71
Reebok,Premium Shopper,Small Stores / Shops,Manager,793918.92,286,2775.94,505.83,4981.66
Reebok,Premium Shopper,Small Stores / Shops,Sales Associate,787828.63,285,2764.31,500.78,4985.32
Reebok,Premium Shopper,Small Stores / Shops,Salesperson,723416.65,265,2729.87,510.79,4997.64
Reebok,Premium Shopper,Small Stores / Shops,Senior Salesperson,715891.71,258,2774.77,569.59,4998.61
Reebok,Premium Shopper,Supermarkets ,Manager,765043.29,284,2693.81,513.15,4987.16
Reebok,Premium Shopper,Supermarkets ,Sales Associate,742956.91,266,2793.07,535.21,4960.18
Reebok,Premium Shopper,Supermarkets ,Salesperson,826312.90,306,2700.37,502.70,4999.55
Reebok,Premium Shopper,Supermarkets ,Senior Salesperson,684461.59,242,2828.35,506.96,4946.31
Samsung,Budget Shopper,Large Malls / Complexes,Manager,1476995.84,527,2802.65,504.79,4988.76
Samsung,Budget Shopper,Large Malls / Complexes,Sales Associate,1448212.68,529,2737.64,504.71,4997.52
Samsung,Budget Shopper,Large Malls / Complexes,Salesperson,1413773.43,512,2761.28,540.58,4999.90
Samsung,Budget Shopper,Large Malls / Complexes,Senior Salesperson,1299059.42,482,2695.14,501.48,4998.35
Samsung,Budget Shopper,Small Stores / Shops,Manager,1515835.58,544,2786.46,511.08,4994.52
Samsung,Budget Shopper,Small Stores / Shops,Sales Associate,1578414.21,583,2707.40,502.24,4998.71
Samsung,Budget Shopper,Small Stores / Shops,Salesperson,1511478.66,548,2758.17,504.62,4991.29
Samsung,Budget Shopper,Small Stores / Shops,Senior Salesperson,1336229.64,495,2699.45,504.80,4999.28
Samsung,Budget Shopper,Supermarkets ,Manager,1616747.44,598,2703.59,505.10,4998.07
Samsung,Budget Shopper,Supermarkets ,Sales Associate,1602305.54,591,2711.18,500.78,4979.85
Samsung,Budget Shopper,Supermarkets ,Salesperson,1514085.66,552,2742.91,500.99,4999.66
Samsung,Budget Shopper,Supermarkets ,Senior Salesperson,1529958.12,546,2802.12,534.79,4988.20
Samsung,Churn Risk,Large Malls / Complexes,Manager,1553576.93,559,2779.21,506.44,4995.77
Samsung,Churn Risk,Large Malls / Complexes,Sales Associate,1532566.08,559,2741.62,516.51,4991.94
Samsung,Churn Risk,Large Malls / Complexes,Salesperson,1428044.04,521,2740.97,503.96,4986.07
Samsung,Churn Risk,Large Malls / Complexes,Senior Salesperson,1273884.30,458,2781.41,505.30,4999.41
Samsung,Churn Risk,Small Stores / Shops,Manager,1453827.32,527,2758.69,538.03,4995.60
Samsung,Churn Risk,Small Stores / Shops,Sales Associate,1706953.88,617,2766.54,500.21,4986.83
Samsung,Churn Risk,Small Stores / Shops,Salesperson,1605161.33,590,2720.61,501.61,4978.08
Samsung,Churn Risk,Small Stores / Shops,Senior Salesperson,1456768.98,553,2634.30,501.42,4999.69
Samsung,Churn Risk,Supermarkets ,Manager,1600082.87,582,2749.28,502.11,4987.89
Samsung,Churn Risk,Supermarkets ,Sales Associate,1777164.41,631,2816.43,501.03,4990.87
Samsung,Churn Risk,Supermarkets ,Salesperson,1598724.16,560,2854.86,508.34,4994.08
Samsung,Churn Risk,Supermarkets ,Senior Salesperson,1496889.78,560,2673.02,503.22,4978.57
Samsung,Deal Seeker,Large Malls / Complexes,Manager,1444758.12,527,2741.48,500.13,4974.90
Samsung,Deal Seeker,Large Malls / Complexes,Sales Associate,1486726.69,540,2753.20,501.53,4952.64
Samsung,Deal Seeker,Large Malls / Complexes,Salesperson,1484203.35,542,2738.38,505.48,4996.68
Samsung,Deal Seeker,Large Malls / Complexes,Senior Salesperson,1379075.34,504,2736.26,503.08,4986.00
Samsung,Deal Seeker,Small Stores / Shops,Manager,1600488.44,563,2842.79,509.29,4998.39
Samsung,Deal Seeker,Small Stores / Shops,Sales Associate,1621896.64,577,2810.91,501.85,4992.26
Samsung,Deal Seeker,Small Stores / Shops,Salesperson,1666059.45,619,2691.53,504.18,4982.85
Samsung,Deal Seeker,Small Stores / Shops,Senior Salesperson,1407640.98,504,2792.94,504.35,4995.59
Samsung,Deal Seeker,Supermarkets ,Manager,1533869.22,561,2734.17,527.46,4991.18
Samsung,Deal Seeker,Supermarkets ,Sales Associate,1702427.01,630,2702.27,501.29,4998.01
Samsung,Deal Seeker,Supermarkets ,Salesperson,1681242.67,635,2647.63,519.49,4998.46
Samsung,Deal Seeker,Supermarkets ,Senior Salesperson,1411474.57,499,2828.61,500.36,4998.67
Samsung,First-time Buyer,Large Malls / Complexes,Manager,1427432.69,525,2718.92,514.66,4989.92
Samsung,First-time Buyer,Large Malls / Complexes,Sales Associate,1461006.91,545,2680.75,502.39,4989.77
Samsung,First-time Buyer,Large Malls / Complexes,Salesperson,1451040.40,542,2677.20,501.91,4990.26
Samsung,First-time Buyer,Large Malls / Complexes,Senior Salesperson,1413374.50,511,2765.90,516.29,4999.73
Samsung,First-time Buyer,Small Stores / Shops,Manager,1579924.01,582,2714.65,500.15,4982.74
Samsung,First-time Buyer,Small Stores / Shops,Sales Associate,1628271.88,576,2826.86,506.47,4999.45
Samsung,First-time Buyer,Small Stores / Shops,Salesperson,1683391.76,617,2728.35,507.60,4994.43
Samsung,First-time Buyer,Small Stores / Shops,Senior Salesperson,1376912.94,513,2684.04,510.87,4988.74
Samsung,First-time Buyer,Supermarkets ,Manager,1588596.69,580,2738.96,500.13,4976.49
Samsung,First-time Buyer,Supermarkets ,Sales Associate,1676965.63,599,2799.61,502.59,4978.20
Samsung,First-time Buyer,Supermarkets ,Salesperson,1725443.21,608,2837.90,521.59,4999.71
Samsung,First-time Buyer,Supermarkets ,Senior Salesperson,1344967.91,506,2658.04,503.95,4974.22
Samsung,High Value,Large Malls / Complexes,Manager,1405312.88,506,2777.30,506.31,4982.07
Samsung,High Value,Large Malls / Complexes,Sales Associate,1491668.86,544,2742.04,518.45,4985.80
Samsung,High Value,Large Malls / Complexes,Salesperson,1540234.54,555,2775.20,510.86,4992.51
Samsung,High Value,Large Malls / Complexes,Senior Salesperson,1344191.42,488,2754.49,504.44,4999.37
Samsung,High Value,Small Stores / Shops,Manager,1702572.80,619,2750.52,502.76,4998.14
Samsung,High Value,Small Stores / Shops,Sales Associate,1637918.78,603,2716.28,503.72,4999.98
Samsung,High Value,Small Stores / Shops,Salesperson,1547153.41,576,2686.03,503.38,4993.32
Samsung,High Value,Small Stores / Shops,Senior Salesperson,1426496.91,509,2802.55,520.70,4994.38
Samsung,High Value,Supermarkets ,Manager,1674067.17,608,2753.40,515.93,4992.12
Samsung,High Value,Supermarkets ,Sales Associate,1589124.75,594,2675.29,515.70,4988.95
Samsung,High Value,Supermarkets ,Salesperson,1480243.58,540,2741.19,510.76,4993.37
Samsung,High Value,Supermarkets ,Senior Salesperson,1363122.49,507,2688.60,501.98,4991.12
Samsung,In-Store Regular,Large Malls / Complexes,Manager,1368553.61,492,2781.61,504.32,4985.56
Samsung,In-Store Regular,Large Malls / Complexes,Sales Associate,1725448.03,614,2810.18,512.41,4994.00
Samsung,In-Store Regular,Large Malls / Complexes,Salesperson,1459129.55,546,2672.40,501.27,4995.33
Samsung,In-Store Regular,Large Malls / Complexes,Senior Salesperson,1321588.33,484,2730.55,505.94,4997.84
Samsung,In-Store Regular,Small Stores / Shops,Manager,1612283.91,604,2669.34,506.78,4993.04
Samsung,In-Store Regular,Small Stores / Shops,Sales Associate,1637974.43,605,2707.40,517.59,4980.77
Samsung,In-Store Regular,Small Stores / Shops,Salesperson,1688257.71,617,2736.24,504.11,4983.39
Samsung,In-Store Regular,Small Stores / Shops,Senior Salesperson,1384235.11,499,2774.02,503.76,4999.11
Samsung,In-Store Regular,Supermarkets ,Manager,1486993.98,558,2664.86,512.89,4983.54
Samsung,In-Store Regular,Supermarkets ,Sales Associate,1579754.55,578,2733.14,503.09,4985.76
Samsung,In-Store Regular,Supermarkets ,Salesperson,1676540.97,593,2827.22,522.14,4990.57
Samsung,In-Store Regular,Supermarkets ,Senior Salesperson,1472752.70,535,2752.81,505.98,4999.21
Samsung,Loyal Customer,Large Malls / Complexes,Manager,1553249.38,554,2803.70,500.90,4998.26
Samsung,Loyal Customer,Large Malls / Complexes,Sales Associate,1578371.41,563,2803.50,529.47,4996.07
Samsung,Loyal Customer,Large Malls / Complexes,Salesperson,1517230.80,550,2758.60,513.98,4999.50
Samsung,Loyal Customer,Large Malls / Complexes,Senior Salesperson,1222937.28,452,2705.61,531.07,4992.13
Samsung,Loyal Customer,Small Stores / Shops,Manager,1576501.74,565,2790.27,500.93,4996.94
Samsung,Loyal Customer,Small Stores / Shops,Sales Associate,1667412.53,606,2751.51,500.38,4991.19
Samsung,Loyal Customer,Small Stores / Shops,Salesperson,1502879.95,554,2712.78,522.82,4998.87
Samsung,Loyal Customer,Small Stores / Shops,Senior Salesperson,1409764.66,495,2848.01,500.17,4999.22
Samsung,Loyal Customer,Supermarkets ,Manager,1655864.31,592,2797.07,513.45,4998.97
Samsung,Loyal Customer,Supermarkets ,Sales Associate,1703291.70,617,2760.60,500.68,4996.11
Samsung,Loyal Customer,Supermarkets ,Salesperson,1651543.50,581,2842.59,503.00,4988.94
Samsung,Loyal Customer,Supermarkets ,Senior Salesperson,1481434.33,527,2811.07,507.78,4997.26
Samsung,Occasional Shopper,Large Malls / Complexes,Manager,1517297.58,562,2699.82,505.65,4978.35
Samsung,Occasional Shopper,Large Malls / Complexes,Sales Associate,1665628.33,615,2708.34,501.55,4995.39
Samsung,Occasional Shopper,Large Malls / Complexes,Salesperson,1534442.15,559,2744.98,540.51,4992.38
Samsung,Occasional Shopper,Large Malls / Complexes,Senior Salesperson,1408471.87,482,2922.14,509.41,4997.57
Samsung,Occasional Shopper,Small Stores / Shops,Manager,1704476.88,611,2789.65,506.66,4997.28
Samsung,Occasional Shopper,Small Stores / Shops,Sales Associate,1573303.45,563,2794.50,509.09,4988.35
Samsung,Occasional Shopper,Small Stores / Shops,Salesperson,1667474.55,595,2802.48,500.09,4991.03
Samsung,Occasional Shopper,Small Stores / Shops,Senior Salesperson,1405077.54,519,2707.28,515.84,4977.80
Samsung,Occasional Shopper,Supermarkets ,Manager,1671608.23,614,2722.49,503.77,4996.60
Samsung,Occasional Shopper,Supermarkets ,Sales Associate,1687892.19,602,2803.81,514.98,4999.63
Samsung,Occasional Shopper,Supermarkets ,Salesperson,1733930.64,631,2747.91,515.99,4995.48
Samsung,Occasional Shopper,Supermarkets ,Senior Salesperson,1394512.50,507,2750.52,504.21,4996.35
Samsung,Online Shopper,Large Malls / Complexes,Manager,1534300.23,552,2779.53,503.07,4977.03
Samsung,Online Shopper,Large Malls / Complexes,Sales Associate,1467284.35,541,2712.17,505.51,4996.43
Samsung,Online Shopper,Large Malls / Complexes,Salesperson,1492721.05,533,2800.60,507.60,4998.12
Samsung,Online Shopper,Large Malls / Complexes,Senior Salesperson,1274907.47,467,2729.99,505.85,4999.94
Samsung,Online Shopper,Small Stores / Shops,Manager,1555945.36,567,2744.17,520.60,4998.33
Samsung,Online Shopper,Small Stores / Shops,Sales Associate,1704503.90,619,2753.64,505.74,4977.50
Samsung,Online Shopper,Small Stores / Shops,Salesperson,1637351.34,599,2733.47,503.09,4999.87
Samsung,Online Shopper,Small Stores / Shops,Senior Salesperson,1504767.36,525,2866.22,505.48,4987.94
Samsung,Online Shopper,Supermarkets ,Manager,1736932.82,602,2885.27,505.72,4988.82
Samsung,Online Shopper,Supermarkets ,Sales Associate,1719924.36,613,2805.75,511.65,4983.19
Samsung,Online Shopper,Supermarkets ,Salesperson,1645626.97,586,2808.24,500.93,4989.29
Samsung,Online Shopper,Supermarkets ,Senior Salesperson,1546852.95,559,2767.18,531.52,4997.91
Samsung,Premium Shopper,Large Malls / Complexes,Manager,1500472.22,532,2820.44,514.39,4995.60
Samsung,Premium Shopper,Large Malls / Complexes,Sales Associate,1599991.98,575,2782.59,504.23,4993.63
Samsung,Premium Shopper,Large Malls / Complexes,Salesperson,1539097.65,558,2758.24,508.18,4988.95
Samsung,Premium Shopper,Large Malls / Complexes,Senior Salesperson,1248353.39,452,2761.84,511.75,4992.51
Samsung,Premium Shopper,Small Stores / Shops,Manager,1495366.37,556,2689.51,504.67,4993.19
Samsung,Premium Shopper,Small Stores / Shops,Sales Associate,1590992.69,576,2762.14,513.99,4994.43
Samsung,Premium Shopper,Small Stores / Shops,Salesperson,1610118.45,582,2766.53,514.45,4996.78
Samsung,Premium Shopper,Small Stores / Shops,Senior Salesperson,1464579.40,526,2784.37,501.06,4997.81
Samsung,Premium Shopper,Supermarkets ,Manager,1575398.17,574,2744.60,502.17,4995.69
Samsung,Premium Shopper,Supermarkets ,Sales Associate,1630672.58,589,2768.54,504.06,4995.18
Samsung,Premium Shopper,Supermarkets ,Salesperson,1591983.50,592,2689.16,513.00,4994.66
Samsung,Premium Shopper,Supermarkets ,Senior Salesperson,1559500.89,556,2804.86,517.61,4997.66
Sony,Budget Shopper,Large Malls / Complexes,Manager,718403.11,263,2731.57,500.55,4976.66
Sony,Budget Shopper,Large Malls / Complexes,Sales Associate,815754.02,290,2812.94,502.69,4975.27
Sony,Budget Shopper,Large Malls / Complexes,Salesperson,798933.61,287,2783.74,502.59,4990.97
Sony,Budget Shopper,Large Malls / Complexes,Senior Salesperson,647222.73,229,2826.30,519.96,4966.85
Sony,Budget Shopper,Small Stores / Shops,Manager,741155.40,268,2765.51,511.30,4965.12
Sony,Budget Shopper,Small Stores / Shops,Sales Associate,774951.84,272,2849.09,507.21,4991.76
Sony,Budget Shopper,Small Stores / Shops,Salesperson,806553.09,286,2820.12,505.65,4997.06
Sony,Budget Shopper,Small Stores / Shops,Senior Salesperson,682865.30,250,2731.46,524.94,4990.42
Sony,Budget Shopper,Supermarkets ,Manager,831949.75,300,2773.17,505.51,4978.84
Sony,Budget Shopper,Supermarkets ,Sales Associate,786995.35,292,2695.19,510.10,4996.70
Sony,Budget Shopper,Supermarkets ,Salesperson,771403.35,283,2725.81,518.25,4969.95
Sony,Budget Shopper,Supermarkets ,Senior Salesperson,746369.44,263,2837.91,521.56,4986.99
Sony,Churn Risk,Large Malls / Complexes,Manager,637862.30,239,2668.88,517.49,4997.94
Sony,Churn Risk,Large Malls / Complexes,Sales Associate,815765.60,298,2737.47,504.98,4982.65
Sony,Churn Risk,Large Malls / Complexes,Salesperson,747495.99,275,2718.17,517.72,4993.31
Sony,Churn Risk,Large Malls / Complexes,Senior Salesperson,600459.66,215,2792.84,513.64,4984.81
Sony,Churn Risk,Small Stores / Shops,Manager,726451.96,264,2751.71,510.64,4995.57
Sony,Churn Risk,Small Stores / Shops,Sales Associate,787982.47,296,2662.10,513.54,4978.80
Sony,Churn Risk,Small Stores / Shops,Salesperson,722355.42,265,2725.87,510.79,4988.06
Sony,Churn Risk,Small Stores / Shops,Senior Salesperson,598504.94,220,2720.48,501.99,4997.03
Sony,Churn Risk,Supermarkets ,Manager,722310.29,272,2655.55,500.37,4972.77
Sony,Churn Risk,Supermarkets ,Sales Associate,900748.47,326,2763.03,500.48,4971.39
Sony,Churn Risk,Supermarkets ,Salesperson,916197.48,337,2718.69,515.89,4957.55
Sony,Churn Risk,Supermarkets ,Senior Salesperson,759613.54,269,2823.84,581.05,4973.40
Sony,Deal Seeker,Large Malls / Complexes,Manager,763266.48,278,2745.56,501.76,4980.58
Sony,Deal Seeker,Large Malls / Complexes,Sales Associate,756688.03,268,2823.46,508.61,4976.23
Sony,Deal Seeker,Large Malls / Complexes,Salesperson,721597.86,278,2595.68,517.54,4984.20
Sony,Deal Seeker,Large Malls / Complexes,Senior Salesperson,648786.25,249,2605.57,500.80,4964.37
Sony,Deal Seeker,Small Stores / Shops,Manager,685445.62,251,2730.86,531.22,4967.82
Sony,Deal Seeker,Small Stores / Shops,Sales Associate,822768.71,292,2817.70,511.34,4999.82
Sony,Deal Seeker,Small Stores / Shops,Salesperson,809309.01,311,2602.28,501.33,4994.34
Sony,Deal Seeker,Small Stores / Shops,Senior Salesperson,683337.64,249,2744.33,503.47,4994.52
Sony,Deal Seeker,Supermarkets ,Manager,745762.54,272,2741.77,511.49,4996.94
Sony,Deal Seeker,Supermarkets ,Sales Associate,902256.99,337,2677.32,507.68,4999.95
Sony,Deal Seeker,Supermarkets ,Salesperson,787726.07,286,2754.29,517.90,4988.03
Sony,Deal Seeker,Supermarkets ,Senior Salesperson,691481.34,262,2639.24,512.07,4998.40
Sony,First-time Buyer,Large Malls / Complexes,Manager,721797.89,263,2744.48,550.70,4997.65
Sony,First-time Buyer,Large Malls / Complexes,Sales Associate,853683.26,300,2845.61,510.18,4995.33
Sony,First-time Buyer,Large Malls / Complexes,Salesperson,770482.72,280,2751.72,504.33,4987.13
Sony,First-time Buyer,Large Malls / Complexes,Senior Salesperson,622936.73,225,2768.61,508.27,4977.23
Sony,First-time Buyer,Small Stores / Shops,Manager,822026.26,295,2786.53,517.04,4988.40
Sony,First-time Buyer,Small Stores / Shops,Sales Associate,762675.49,287,2657.41,500.72,4995.49
Sony,First-time Buyer,Small Stores / Shops,Salesperson,590776.59,230,2568.59,510.33,4952.33
Sony,First-time Buyer,Small Stores / Shops,Senior Salesperson,744264.88,258,2884.75,529.28,4963.23
Sony,First-time Buyer,Supermarkets ,Manager,795383.40,277,2871.42,508.08,4999.11
Sony,First-time Buyer,Supermarkets ,Sales Associate,793067.48,284,2792.49,500.19,4981.95
Sony,First-time Buyer,Supermarkets ,Salesperson,827249.87,291,2842.78,507.07,4986.96
Sony,First-time Buyer,Supermarkets ,Senior Salesperson,683334.21,247,2766.54,510.09,4964.02
Sony,High Value,Large Malls / Complexes,Manager,718782.57,268,2682.02,543.42,4995.39
Sony,High Value,Large Malls / Complexes,Sales Associate,786692.73,284,2770.04,612.80,4998.49
Sony,High Value,Large Malls / Complexes,Salesperson,727350.87,277,2625.82,502.93,4998.62
Sony,High Value,Large Malls / Complexes,Senior Salesperson,662917.38,256,2589.52,509.28,4978.61
Sony,High Value,Small Stores / Shops,Manager,786401.99,282,2788.66,525.24,4985.34
Sony,High Value,Small Stores / Shops,Sales Associate,796382.48,300,2654.61,509.07,4965.74
Sony,High Value,Small Stores / Shops,Salesperson,840224.87,298,2819.55,504.17,4995.77
Sony,High Value,Small Stores / Shops,Senior Salesperson,741639.32,288,2575.14,501.00,4987.90
Sony,High Value,Supermarkets ,Manager,772068.11,282,2737.83,506.12,4996.51
Sony,High Value,Supermarkets ,Sales Associate,776630.18,282,2754.01,547.29,4999.96
Sony,High Value,Supermarkets ,Salesperson,760677.75,278,2736.25,521.20,4998.47
Sony,High Value,Supermarkets ,Senior Salesperson,703025.89,260,2703.95,504.44,4981.87
Sony,In-Store Regular,Large Malls / Complexes,Manager,795826.57,295,2697.72,505.60,4998.89
Sony,In-Store Regular,Large Malls / Complexes,Sales Associate,760015.11,279,2724.07,504.09,4970.94
Sony,In-Store Regular,Large Malls / Complexes,Salesperson,773725.77,277,2793.23,502.96,4998.14
Sony,In-Store Regular,Large Malls / Complexes,Senior Salesperson,631101.38,235,2685.54,514.21,4840.12
Sony,In-Store Regular,Small Stores / Shops,Manager,677083.45,247,2741.23,508.37,4998.52
Sony,In-Store Regular,Small Stores / Shops,Sales Associate,816113.73,286,2853.54,508.20,4998.63
Sony,In-Store Regular,Small Stores / Shops,Salesperson,748147.87,275,2720.54,531.82,4987.85
Sony,In-Store Regular,Small Stores / Shops,Senior Salesperson,725778.69,265,2738.79,517.20,4978.20
Sony,In-Store Regular,Supermarkets ,Manager,729791.08,261,2796.13,500.05,4929.83
Sony,In-Store Regular,Supermarkets ,Sales Associate,825633.65,309,2671.95,539.45,4963.15
Sony,In-Store Regular,Supermarkets ,Salesperson,774842.08,277,2797.26,507.54,4998.29
Sony,In-Store Regular,Supermarkets ,Senior Salesperson,751537.27,268,2804.24,500.69,4973.16
Sony,Loyal Customer,Large Malls / Complexes,Manager,762735.34,278,2743.65,520.36,4983.57
Sony,Loyal Customer,Large Malls / Complexes,Sales Associate,771052.47,270,2855.75,530.20,4995.09
Sony,Loyal Customer,Large Malls / Complexes,Salesperson,673691.89,250,2694.77,522.56,4978.45
Sony,Loyal Customer,Large Malls / Complexes,Senior Salesperson,610325.35,231,2642.10,536.01,4997.33
Sony,Loyal Customer,Small Stores / Shops,Manager,867871.65,333,2606.22,500.08,4955.53
Sony,Loyal Customer,Small Stores / Shops,Sales Associate,852251.82,305,2794.27,506.16,4998.12
Sony,Loyal Customer,Small Stores / Shops,Salesperson,745929.70,262,2847.06,541.54,4992.86
Sony,Loyal Customer,Small Stores / Shops,Senior Salesperson,726711.26,266,2732.00,523.65,4992.83
Sony,Loyal Customer,Supermarkets ,Manager,901722.17,325,2774.53,511.62,4999.15
Sony,Loyal Customer,Supermarkets ,Sales Associate,895927.72,323,2773.77,535.77,4984.60
Sony,Loyal Customer,Supermarkets ,Salesperson,802497.47,289,2776.81,519.21,4975.78
Sony,Loyal Customer,Supermarkets ,Senior Salesperson,691089.15,250,2764.36,513.30,4988.29
Sony,Occasional Shopper,Large Malls / Complexes,Manager,706573.51,257,2749.31,529.82,4983.91
Sony,Occasional Shopper,Large Malls / Complexes,Sales Associate,810724.30,302,2684.52,512.68,4994.15
Sony,Occasional Shopper,Large Malls / Complexes,Salesperson,762858.87,288,2648.82,540.90,4950.66
Sony,Occasional Shopper,Large Malls / Complexes,Senior Salesperson,685226.61,234,2928.32,519.40,4995.40
Sony,Occasional Shopper,Small Stores / Shops,Manager,803536.97,291,2761.30,523.42,4997.58
Sony,Occasional Shopper,Small Stores / Shops,Sales Associate,779063.62,292,2668.03,507.61,4994.20
Sony,Occasional Shopper,Small Stores / Shops,Salesperson,804715.84,282,2853.60,516.61,4964.98
Sony,Occasional Shopper,Small Stores / Shops,Senior Salesperson,681224.04,246,2769.20,506.15,4973.41
Sony,Occasional Shopper,Supermarkets ,Manager,774817.70,288,2690.34,548.99,4965.47
Sony,Occasional Shopper,Supermarkets ,Sales Associate,949281.52,322,2948.08,556.85,4998.09
Sony,Occasional Shopper,Supermarkets ,Salesperson,856722.49,312,2745.91,535.24,4994.33
Sony,Occasional Shopper,Supermarkets ,Senior Salesperson,621929.42,233,2669.22,515.45,4995.99
Sony,Online Shopper,Large Malls / Complexes,Manager,768723.84,290,2650.77,520.16,4992.32
Sony,Online Shopper,Large Malls / Complexes,Sales Associate,813386.32,295,2757.24,529.65,4999.95
Sony,Online Shopper,Large Malls / Complexes,Salesperson,744192.39,276,2696.35,521.04,4992.54
Sony,Online Shopper,Large Malls / Complexes,Senior Salesperson,711299.06,255,2789.41,502.74,4993.05
Sony,Online Shopper,Small Stores / Shops,Manager,771305.58,289,2668.88,517.51,4952.87
Sony,Online Shopper,Small Stores / Shops,Sales Associate,712821.79,256,2784.46,501.02,4972.09
Sony,Online Shopper,Small Stores / Shops,Salesperson,854119.37,322,2652.54,518.86,4953.48
Sony,Online Shopper,Small Stores / Shops,Senior Salesperson,716110.76,258,2775.62,546.51,4928.44
Sony,Online Shopper,Supermarkets ,Manager,806110.75,292,2760.65,503.58,4962.86
Sony,Online Shopper,Supermarkets ,Sales Associate,751944.99,267,2816.27,510.23,4995.68
Sony,Online Shopper,Supermarkets ,Salesperson,799453.55,300,2664.85,505.16,4972.00
Sony,Online Shopper,Supermarkets ,Senior Salesperson,682387.41,246,2773.93,502.78,4985.65
Sony,Premium Shopper,Large Malls / Complexes,Manager,758644.85,278,2728.94,517.41,4998.76
Sony,Premium Shopper,Large Malls / Complexes,Sales Associate,739929.06,260,2845.88,512.79,4993.46
Sony,Premium Shopper,Large Malls / Complexes,Salesperson,756942.56,275,2752.52,506.00,4982.40
Sony,Premium Shopper,Large Malls / Complexes,Senior Salesperson,704097.60,257,2739.68,533.94,4990.76
Sony,Premium Shopper,Small Stores / Shops,Manager,786984.84,276,2851.39,500.73,4952.87
Sony,Premium Shopper,Small Stores / Shops,Sales Associate,688881.19,267,2580.08,503.82,4988.42
Sony,Premium Shopper,Small Stores / Shops,Salesperson,785162.12,281,2794.17,505.80,4993.03
Sony,Premium Shopper,Small Stores / Shops,Senior Salesperson,614840.64,238,2583.36,505.55,4972.75
Sony,Premium Shopper,Supermarkets ,Manager,761191.94,264,2883.30,530.83,4995.30
Sony,Premium Shopper,Supermarkets ,Sales Associate,940620.46,339,2774.69,509.28,4999.13
Sony,Premium Shopper,Supermarkets ,Salesperson,872982.75,315,2771.37,516.09,4991.75
Sony,Premium Shopper,Supermarkets ,Senior Salesperson,688527.76,266,2588.45,501.14,4997.92
Tata,Budget Shopper,Large Malls / Complexes,Manager,777521.03,286,2718.61,506.85,4986.26
Tata,Budget Shopper,Large Malls / Complexes,Sales Associate,717634.50,258,2781.53,527.24,4994.92
Tata,Budget Shopper,Large Malls / Complexes,Salesperson,747115.96,265,2819.31,538.21,4999.97
Tata,Budget Shopper,Large Malls / Complexes,Senior Salesperson,694089.08,245,2833.02,511.92,4982.14
Tata,Budget Shopper,Small Stores / Shops,Manager,698084.41,264,2644.26,505.58,4998.44
Tata,Budget Shopper,Small Stores / Shops,Sales Associate,832653.85,306,2721.09,526.69,4990.44
Tata,Budget Shopper,Small Stores / Shops,Salesperson,723612.21,282,2566.00,524.03,4984.41
Tata,Budget Shopper,Small Stores / Shops,Senior Salesperson,727102.19,262,2775.20,522.21,4985.24
Tata,Budget Shopper,Supermarkets ,Manager,830341.86,291,2853.41,512.58,4988.77
Tata,Budget Shopper,Supermarkets ,Sales Associate,831944.69,312,2666.49,514.43,4996.14
Tata,Budget Shopper,Supermarkets ,Salesperson,745003.54,283,2632.52,509.07,4989.07
Tata,Budget Shopper,Supermarkets ,Senior Salesperson,643479.37,235,2738.21,509.60,4987.65
Tata,Churn Risk,Large Malls / Complexes,Manager,725384.24,268,2706.66,509.00,4999.13
Tata,Churn Risk,Large Malls / Complexes,Sales Associate,745784.78,269,2772.43,505.15,4988.24
Tata,Churn Risk,Large Malls / Complexes,Salesperson,702552.46,248,2832.87,526.44,4983.85
Tata,Churn Risk,Large Malls / Complexes,Senior Salesperson,640258.48,244,2624.01,507.62,4926.04
Tata,Churn Risk,Small Stores / Shops,Manager,743570.18,271,2743.80,515.19,4978.53
Tata,Churn Risk,Small Stores / Shops,Sales Associate,842434.09,301,2798.78,515.88,4971.79
Tata,Churn Risk,Small Stores / Shops,Salesperson,778666.05,279,2790.92,500.47,4986.73
Tata,Churn Risk,Small Stores / Shops,Senior Salesperson,745591.22,262,2845.77,503.98,4978.54
Tata,Churn Risk,Supermarkets ,Manager,890165.28,319,2790.49,504.09,4965.01
Tata,Churn Risk,Supermarkets ,Sales Associate,810540.26,300,2701.80,523.91,4993.89
Tata,Churn Risk,Supermarkets ,Salesperson,787867.43,286,2754.78,508.57,4978.77
Tata,Churn Risk,Supermarkets ,Senior Salesperson,689443.78,246,2802.62,520.02,4993.94
Tata,Deal Seeker,Large Malls / Complexes,Manager,618414.60,232,2665.58,548.28,4937.12
Tata,Deal Seeker,Large Malls / Complexes,Sales Associate,795768.10,278,2862.48,514.07,4970.44
Tata,Deal Seeker,Large Malls / Complexes,Salesperson,740808.57,256,2893.78,507.01,4968.24
Tata,Deal Seeker,Large Malls / Complexes,Senior Salesperson,746245.78,270,2763.87,523.95,4994.79
Tata,Deal Seeker,Small Stores / Shops,Manager,807016.70,291,2773.25,527.38,4993.52
Tata,Deal Seeker,Small Stores / Shops,Sales Associate,878772.01,318,2763.43,506.56,4991.91
Tata,Deal Seeker,Small Stores / Shops,Salesperson,892793.63,324,2755.54,506.38,4989.60
Tata,Deal Seeker,Small Stores / Shops,Senior Salesperson,727679.72,270,2695.11,504.62,4983.29
Tata,Deal Seeker,Supermarkets ,Manager,923950.22,324,2851.70,506.12,4985.38
Tata,Deal Seeker,Supermarkets ,Sales Associate,793290.97,289,2744.95,512.57,4983.86
Tata,Deal Seeker,Supermarkets ,Salesperson,925298.65,330,2803.94,505.16,4992.62
Tata,Deal Seeker,Supermarkets ,Senior Salesperson,667107.50,240,2779.61,500.33,4984.14
Tata,First-time Buyer,Large Malls / Complexes,Manager,740810.57,268,2764.22,570.96,4981.90
Tata,First-time Buyer,Large Malls / Complexes,Sales Associate,772245.54,281,2748.20,506.37,4975.35
Tata,First-time Buyer,Large Malls / Complexes,Salesperson,771240.95,271,2845.91,512.51,4986.54
Tata,First-time Buyer,Large Malls / Complexes,Senior Salesperson,694010.36,247,2809.76,501.87,4999.90
Tata,First-time Buyer,Small Stores / Shops,Manager,770639.03,265,2908.07,571.06,4998.73
Tata,First-time Buyer,Small Stores / Shops,Sales Associate,900798.37,326,2763.19,500.01,4962.47
Tata,First-time Buyer,Small Stores / Shops,Salesperson,793397.38,289,2745.32,508.71,4976.65
Tata,First-time Buyer,Small Stores / Shops,Senior Salesperson,706709.19,253,2793.32,502.02,4979.09
Tata,First-time Buyer,Supermarkets ,Manager,864420.14,305,2834.16,519.21,4998.75
Tata,First-time Buyer,Supermarkets ,Sales Associate,813093.60,301,2701.31,513.21,4983.94
Tata,First-time Buyer,Supermarkets ,Salesperson,826770.67,303,2728.62,515.16,4990.58
Tata,First-time Buyer,Supermarkets ,Senior Salesperson,690114.16,255,2706.33,526.40,4975.95
Tata,High Value,Large Malls / Complexes,Manager,734178.69,277,2650.46,509.58,4983.18
Tata,High Value,Large Malls / Complexes,Sales Associate,755540.79,269,2808.70,510.98,4994.67
Tata,High Value,Large Malls / Complexes,Salesperson,761417.24,259,2939.83,520.84,4998.78
Tata,High Value,Large Malls / Complexes,Senior Salesperson,724960.74,259,2799.08,530.70,4977.35
Tata,High Value,Small Stores / Shops,Manager,877724.85,309,2840.53,500.83,4998.45
Tata,High Value,Small Stores / Shops,Sales Associate,852244.52,317,2688.47,503.56,4983.92
Tata,High Value,Small Stores / Shops,Salesperson,741189.91,285,2600.67,508.05,4992.27
Tata,High Value,Small Stores / Shops,Senior Salesperson,705534.65,261,2703.20,512.30,4892.56
Tata,High Value,Supermarkets ,Manager,782684.01,276,2835.81,550.55,4997.86
Tata,High Value,Supermarkets ,Sales Associate,848109.99,309,2744.69,504.96,4951.42
Tata,High Value,Supermarkets ,Salesperson,804185.28,285,2821.70,511.29,4999.34
Tata,High Value,Supermarkets ,Senior Salesperson,670309.00,250,2681.24,512.98,4978.65
Tata,In-Store Regular,Large Malls / Complexes,Manager,755037.36,266,2838.49,530.23,4997.81
Tata,In-Store Regular,Large Malls / Complexes,Sales Associate,766657.27,280,2738.06,508.25,4982.02
Tata,In-Store Regular,Large Malls / Complexes,Salesperson,662327.64,251,2638.76,505.51,4990.54
Tata,In-Store Regular,Large Malls / Complexes,Senior Salesperson,680850.85,255,2670.00,507.81,4953.93
Tata,In-Store Regular,Small Stores / Shops,Manager,767911.78,279,2752.37,558.22,4988.98
Tata,In-Store Regular,Small Stores / Shops,Sales Associate,752285.67,295,2550.12,505.89,4989.26
Tata,In-Store Regular,Small Stores / Shops,Salesperson,844885.61,298,2835.19,511.03,4989.67
Tata,In-Store Regular,Small Stores / Shops,Senior Salesperson,748098.63,273,2740.29,535.72,4966.28
Tata,In-Store Regular,Supermarkets ,Manager,690155.92,269,2565.64,502.61,4990.49
Tata,In-Store Regular,Supermarkets ,Sales Associate,892542.17,330,2704.67,511.24,4974.69
Tata,In-Store Regular,Supermarkets ,Salesperson,727564.91,268,2714.79,538.88,4982.83
Tata,In-Store Regular,Supermarkets ,Senior Salesperson,723900.95,255,2838.83,504.09,4975.78
Tata,Loyal Customer,Large Malls / Complexes,Manager,702515.27,260,2701.98,547.35,4993.32
Tata,Loyal Customer,Large Malls / Complexes,Sales Associate,791463.53,287,2757.71,515.86,4973.34
Tata,Loyal Customer,Large Malls / Complexes,Salesperson,749208.17,267,2806.02,506.44,4976.53
Tata,Loyal Customer,Large Malls / Complexes,Senior Salesperson,672953.52,237,2839.47,500.32,4996.49
Tata,Loyal Customer,Small Stores / Shops,Manager,771317.54,277,2784.54,507.25,4992.20
Tata,Loyal Customer,Small Stores / Shops,Sales Associate,772508.47,279,2768.85,533.44,4976.96
Tata,Loyal Customer,Small Stores / Shops,Salesperson,805247.02,290,2776.71,502.27,4996.71
Tata,Loyal Customer,Small Stores / Shops,Senior Salesperson,767723.95,267,2875.37,514.63,4970.28
Tata,Loyal Customer,Supermarkets ,Manager,807820.20,292,2766.51,532.56,4991.22
Tata,Loyal Customer,Supermarkets ,Sales Associate,836927.41,289,2895.94,504.05,4982.07
Tata,Loyal Customer,Supermarkets ,Salesperson,754485.87,284,2656.64,508.44,4990.84
Tata,Loyal Customer,Supermarkets ,Senior Salesperson,799795.99,283,2826.13,534.37,4988.26
Tata,Occasional Shopper,Large Malls / Complexes,Manager,736543.01,263,2800.54,507.03,4970.03
Tata,Occasional Shopper,Large Malls / Complexes,Sales Associate,739550.35,272,2718.94,513.66,4986.61
Tata,Occasional Shopper,Large Malls / Complexes,Salesperson,788312.70,283,2785.56,534.58,4999.06
Tata,Occasional Shopper,Large Malls / Complexes,Senior Salesperson,743084.26,266,2793.55,504.91,4987.54
Tata,Occasional Shopper,Small Stores / Shops,Manager,765719.12,294,2604.49,520.41,4988.90
Tata,Occasional Shopper,Small Stores / Shops,Sales Associate,846940.34,306,2767.78,513.87,4981.03
Tata,Occasional Shopper,Small Stores / Shops,Salesperson,773015.86,286,2702.85,500.91,4997.51
Tata,Occasional Shopper,Small Stores / Shops,Senior Salesperson,599863.13,223,2689.97,533.71,4947.56
Tata,Occasional Shopper,Supermarkets ,Manager,729124.41,268,2720.61,522.43,4985.27
Tata,Occasional Shopper,Supermarkets ,Sales Associate,896334.56,322,2783.65,537.16,4989.23
Tata,Occasional Shopper,Supermarkets ,Salesperson,894262.17,333,2685.47,547.62,4967.62
Tata,Occasional Shopper,Supermarkets ,Senior Salesperson,760449.53,276,2755.25,534.96,4983.03
Tata,Online Shopper,Large Malls / Complexes,Manager,752283.55,267,2817.54,501.54,4982.36
Tata,Online Shopper,Large Malls / Complexes,Sales Associate,683671.70,253,2702.26,507.64,4984.06
Tata,Online Shopper,Large Malls / Complexes,Salesperson,776140.88,261,2973.72,586.53,4993.08
Tata,Online Shopper,Large Malls / Complexes,Senior Salesperson,714754.92,256,2792.01,501.39,4999.83
Tata,Online Shopper,Small Stores / Shops,Manager,812593.97,290,2802.05,504.53,4982.96
Tata,Online Shopper,Small Stores / Shops,Sales Associate,861029.24,301,2860.56,501.36,4983.25
Tata,Online Shopper,Small Stores / Shops,Salesperson,761147.40,295,2580.16,532.09,4977.31
Tata,Online Shopper,Small Stores / Shops,Senior Salesperson,664155.89,235,2826.20,589.30,4995.88
Tata,Online Shopper,Supermarkets ,Manager,830123.23,297,2795.03,515.99,4991.77
Tata,Online Shopper,Supermarkets ,Sales Associate,925053.89,328,2820.29,513.67,4960.79
Tata,Online Shopper,Supermarkets ,Salesperson,729372.47,269,2711.42,505.64,4968.40
Tata,Online Shopper,Supermarkets ,Senior Salesperson,727781.74,265,2746.35,515.94,4992.47
Tata,Premium Shopper,Large Malls / Complexes,Manager,720837.58,260,2772.45,520.23,4956.03
Tata,Premium Shopper,Large Malls / Complexes,Sales Associate,765120.49,276,2772.18,503.77,4998.03
Tata,Premium Shopper,Large Malls / Complexes,Salesperson,792143.85,292,2712.82,535.84,4967.41
Tata,Premium Shopper,Large Malls / Complexes,Senior Salesperson,691598.15,242,2857.84,511.74,4998.79
Tata,Premium Shopper,Small Stores / Shops,Manager,758048.32,278,2726.79,551.68,4990.02
Tata,Premium Shopper,Small Stores / Shops,Sales Associate,816943.36,300,2723.14,514.95,4999.35
Tata,Premium Shopper,Small Stores / Shops,Salesperson,785515.66,289,2718.05,505.15,4985.73
Tata,Premium Shopper,Small Stores / Shops,Senior Salesperson,687778.66,262,2625.11,507.01,4954.32
Tata,Premium Shopper,Supermarkets ,Manager,799977.81,288,2777.70,500.97,4988.06
Tata,Premium Shopper,Supermarkets ,Sales Associate,785335.52,290,2708.05,535.73,4994.23
Tata,Premium Shopper,Supermarkets ,Salesperson,838739.89,301,2786.51,564.27,4995.65
Tata,Premium Shopper,Supermarkets ,Senior Salesperson,628094.46,238,2639.05,510.52,4985.60
Urban Ladder,Budget Shopper,Large Malls / Complexes,Manager,702710.96,259,2713.17,512.61,4999.11
Urban Ladder,Budget Shopper,Large Malls / Complexes,Sales Associate,786822.97,291,2703.86,502.36,4997.28
Urban Ladder,Budget Shopper,Large Malls / Complexes,Salesperson,914834.18,310,2951.08,550.46,4987.04
Urban Ladder,Budget Shopper,Large Malls / Complexes,Senior Salesperson,643723.08,234,2750.95,509.75,4995.24
Urban Ladder,Budget Shopper,Small Stores / Shops,Manager,773655.31,283,2733.76,586.99,4978.75
Urban Ladder,Budget Shopper,Small Stores / Shops,Sales Associate,797917.90,284,2809.57,506.57,4946.89
Urban Ladder,Budget Shopper,Small Stores / Shops,Salesperson,828956.61,294,2819.58,513.10,4997.33
Urban Ladder,Budget Shopper,Small Stores / Shops,Senior Salesperson,645677.66,243,2657.11,510.14,4990.61
Urban Ladder,Budget Shopper,Supermarkets ,Manager,857814.29,311,2758.25,502.39,4972.51
Urban Ladder,Budget Shopper,Supermarkets ,Sales Associate,923525.80,328,2815.63,507.62,4986.41
Urban Ladder,Budget Shopper,Supermarkets ,Salesperson,838116.60,296,2831.47,513.87,4996.17
Urban Ladder,Budget Shopper,Supermarkets ,Senior Salesperson,715262.30,258,2772.33,504.49,4956.14
Urban Ladder,Churn Risk,Large Malls / Complexes,Manager,764389.38,275,2779.60,504.20,4992.27
Urban Ladder,Churn Risk,Large Malls / Complexes,Sales Associate,766936.63,284,2700.48,507.19,4959.67
Urban Ladder,Churn Risk,Large Malls / Complexes,Salesperson,806902.12,282,2861.36,523.87,4986.09
Urban Ladder,Churn Risk,Large Malls / Complexes,Senior Salesperson,649249.55,245,2650.00,529.10,4989.98
Urban Ladder,Churn Risk,Small Stores / Shops,Manager,658053.75,248,2653.44,500.70,4990.19
Urban Ladder,Churn Risk,Small Stores / Shops,Sales Associate,761866.87,278,2740.53,538.10,4947.85
Urban Ladder,Churn Risk,Small Stores / Shops,Salesperson,800980.16,290,2762.00,501.06,4990.61
Urban Ladder,Churn Risk,Small Stores / Shops,Senior Salesperson,720636.35,252,2859.67,535.07,4982.89
Urban Ladder,Churn Risk,Supermarkets ,Manager,907125.28,329,2757.22,505.76,4987.68
Urban Ladder,Churn Risk,Supermarkets ,Sales Associate,829687.13,321,2584.70,511.64,4999.22
Urban Ladder,Churn Risk,Supermarkets ,Salesperson,738209.77,272,2714.01,519.34,4999.22
Urban Ladder,Churn Risk,Supermarkets ,Senior Salesperson,821398.08,289,2842.21,511.93,4983.88
Urban Ladder,Deal Seeker,Large Malls / Complexes,Manager,711331.30,272,2615.19,502.44,4988.63
Urban Ladder,Deal Seeker,Large Malls / Complexes,Sales Associate,793626.86,282,2814.28,502.02,4997.15
Urban Ladder,Deal Seeker,Large Malls / Complexes,Salesperson,766549.43,278,2757.37,507.73,4994.07
Urban Ladder,Deal Seeker,Large Malls / Complexes,Senior Salesperson,704480.58,253,2784.51,520.73,4983.45
Urban Ladder,Deal Seeker,Small Stores / Shops,Manager,752195.80,270,2785.91,511.19,4995.20
Urban Ladder,Deal Seeker,Small Stores / Shops,Sales Associate,818566.44,283,2892.46,501.28,4984.84
Urban Ladder,Deal Seeker,Small Stores / Shops,Salesperson,874849.87,321,2725.39,506.49,4997.58
Urban Ladder,Deal Seeker,Small Stores / Shops,Senior Salesperson,632232.34,236,2678.95,504.00,4992.28
Urban Ladder,Deal Seeker,Supermarkets ,Manager,711925.77,256,2780.96,503.66,4960.23
Urban Ladder,Deal Seeker,Supermarkets ,Sales Associate,782163.83,281,2783.50,541.64,4996.27
Urban Ladder,Deal Seeker,Supermarkets ,Salesperson,866727.03,314,2760.28,511.65,4989.43
Urban Ladder,Deal Seeker,Supermarkets ,Senior Salesperson,732368.35,270,2712.48,525.90,4951.56
Urban Ladder,First-time Buyer,Large Malls / Complexes,Manager,772596.92,276,2799.26,530.54,4993.18
Urban Ladder,First-time Buyer,Large Malls / Complexes,Sales Associate,767100.40,280,2739.64,504.15,4961.37
Urban Ladder,First-time Buyer,Large Malls / Complexes,Salesperson,797595.99,294,2712.91,522.40,4958.16
Urban Ladder,First-time Buyer,Large Malls / Complexes,Senior Salesperson,596611.20,219,2724.25,502.44,4966.46
Urban Ladder,First-time Buyer,Small Stores / Shops,Manager,733724.57,257,2854.96,512.82,4986.24
Urban Ladder,First-time Buyer,Small Stores / Shops,Sales Associate,893331.88,310,2881.72,515.63,4996.98
Urban Ladder,First-time Buyer,Small Stores / Shops,Salesperson,778393.64,273,2851.26,519.78,4996.86
Urban Ladder,First-time Buyer,Small Stores / Shops,Senior Salesperson,627512.45,228,2752.25,519.13,4985.54
Urban Ladder,First-time Buyer,Supermarkets ,Manager,863008.75,311,2774.95,579.54,4990.45
Urban Ladder,First-time Buyer,Supermarkets ,Sales Associate,784810.74,282,2783.02,505.86,4999.59
Urban Ladder,First-time Buyer,Supermarkets ,Salesperson,870054.80,314,2770.88,506.98,4990.60
Urban Ladder,First-time Buyer,Supermarkets ,Senior Salesperson,665690.94,243,2739.47,529.89,4934.81
Urban Ladder,High Value,Large Malls / Complexes,Manager,736303.56,280,2629.66,537.01,4994.60
Urban Ladder,High Value,Large Malls / Complexes,Sales Associate,771565.85,273,2826.25,507.23,4998.17
Urban Ladder,High Value,Large Malls / Complexes,Salesperson,784100.31,284,2760.92,504.24,4996.37
Urban Ladder,High Value,Large Malls / Complexes,Senior Salesperson,715510.23,259,2762.59,539.99,4999.64
Urban Ladder,High Value,Small Stores / Shops,Manager,790354.25,289,2734.79,520.94,4992.89
Urban Ladder,High Value,Small Stores / Shops,Sales Associate,850777.17,309,2753.32,505.63,4998.26
Urban Ladder,High Value,Small Stores / Shops,Salesperson,839251.38,298,2816.28,534.23,4996.70
Urban Ladder,High Value,Small Stores / Shops,Senior Salesperson,784921.06,283,2773.57,501.29,4991.65
Urban Ladder,High Value,Supermarkets ,Manager,754190.92,296,2547.94,525.81,4955.76
Urban Ladder,High Value,Supermarkets ,Sales Associate,939877.16,334,2814.00,523.76,4999.58
Urban Ladder,High Value,Supermarkets ,Salesperson,829835.70,301,2756.93,504.51,4977.72
Urban Ladder,High Value,Supermarkets ,Senior Salesperson,743841.45,262,2839.09,516.64,4992.67
Urban Ladder,In-Store Regular,Large Malls / Complexes,Manager,796519.71,293,2718.50,523.54,4990.46
Urban Ladder,In-Store Regular,Large Malls / Complexes,Sales Associate,750097.97,266,2819.92,519.55,4901.17
Urban Ladder,In-Store Regular,Large Malls / Complexes,Salesperson,880733.31,311,2831.94,507.61,4966.29
Urban Ladder,In-Store Regular,Large Malls / Complexes,Senior Salesperson,613918.32,222,2765.40,565.37,4980.53
Urban Ladder,In-Store Regular,Small Stores / Shops,Manager,739624.55,253,2923.42,500.07,4994.21
Urban Ladder,In-Store Regular,Small Stores / Shops,Sales Associate,781818.02,295,2650.23,519.18,4953.99
Urban Ladder,In-Store Regular,Small Stores / Shops,Salesperson,703976.62,255,2760.69,514.12,4979.50
Urban Ladder,In-Store Regular,Small Stores / Shops,Senior Salesperson,613692.37,223,2751.98,508.32,4979.28
Urban Ladder,In-Store Regular,Supermarkets ,Manager,820478.13,295,2781.28,530.54,4993.12
Urban Ladder,In-Store Regular,Supermarkets ,Sales Associate,818287.82,299,2736.75,519.15,4998.82
Urban Ladder,In-Store Regular,Supermarkets ,Salesperson,842916.91,307,2745.66,503.70,4997.30
Urban Ladder,In-Store Regular,Supermarkets ,Senior Salesperson,725272.41,267,2716.38,503.33,4995.75
Urban Ladder,Loyal Customer,Large Malls / Complexes,Manager,785509.68,289,2718.03,500.56,4992.39
Urban Ladder,Loyal Customer,Large Malls / Complexes,Sales Associate,756178.52,280,2700.64,509.43,4979.19
Urban Ladder,Loyal Customer,Large Malls / Complexes,Salesperson,796592.76,271,2939.46,508.58,4997.81
Urban Ladder,Loyal Customer,Large Malls / Complexes,Senior Salesperson,630619.28,233,2706.52,506.07,4995.76
Urban Ladder,Loyal Customer,Small Stores / Shops,Manager,830508.85,297,2796.33,522.97,4964.90
Urban Ladder,Loyal Customer,Small Stores / Shops,Sales Associate,835599.28,303,2757.75,501.69,4996.65
Urban Ladder,Loyal Customer,Small Stores / Shops,Salesperson,786106.01,268,2933.23,534.61,4987.29
Urban Ladder,Loyal Customer,Small Stores / Shops,Senior Salesperson,649329.47,226,2873.14,516.63,4980.30
Urban Ladder,Loyal Customer,Supermarkets ,Manager,824017.18,313,2632.64,508.18,4988.37
Urban Ladder,Loyal Customer,Supermarkets ,Sales Associate,776780.91,284,2735.14,522.23,4991.12
Urban Ladder,Loyal Customer,Supermarkets ,Salesperson,843962.42,300,2813.21,529.28,4989.09
Urban Ladder,Loyal Customer,Supermarkets ,Senior Salesperson,703200.79,261,2694.26,539.39,4946.91
Urban Ladder,Occasional Shopper,Large Malls / Complexes,Manager,739210.96,263,2810.69,510.72,4993.29
Urban Ladder,Occasional Shopper,Large Malls / Complexes,Sales Associate,731406.73,276,2650.02,518.17,4974.34
Urban Ladder,Occasional Shopper,Large Malls / Complexes,Salesperson,802151.91,285,2814.57,502.15,4989.51
Urban Ladder,Occasional Shopper,Large Malls / Complexes,Senior Salesperson,655019.24,251,2609.64,500.98,4976.52
Urban Ladder,Occasional Shopper,Small Stores / Shops,Manager,640422.99,232,2760.44,500.57,4999.31
Urban Ladder,Occasional Shopper,Small Stores / Shops,Sales Associate,920738.67,316,2913.73,501.84,4989.65
Urban Ladder,Occasional Shopper,Small Stores / Shops,Salesperson,672459.90,260,2586.38,515.56,4968.29
Urban Ladder,Occasional Shopper,Small Stores / Shops,Senior Salesperson,624146.19,231,2701.93,513.56,4995.72
Urban Ladder,Occasional Shopper,Supermarkets ,Manager,804668.18,287,2803.72,504.91,4981.32
Urban Ladder,Occasional Shopper,Supermarkets ,Sales Associate,753353.51,274,2749.47,509.62,4983.50
Urban Ladder,Occasional Shopper,Supermarkets ,Salesperson,804799.72,276,2915.94,513.13,4993.66
Urban Ladder,Occasional Shopper,Supermarkets ,Senior Salesperson,686202.18,254,2701.58,514.26,4997.23
Urban Ladder,Online Shopper,Large Malls / Complexes,Manager,716257.50,256,2797.88,518.64,4989.67
Urban Ladder,Online Shopper,Large Malls / Complexes,Sales Associate,756408.14,290,2608.30,520.65,4971.96
Urban Ladder,Online Shopper,Large Malls / Complexes,Salesperson,808654.35,279,2898.40,509.93,4999.62
Urban Ladder,Online Shopper,Large Malls / Complexes,Senior Salesperson,674061.12,239,2820.34,536.99,4999.88
Urban Ladder,Online Shopper,Small Stores / Shops,Manager,722890.04,271,2667.49,502.12,4985.95
Urban Ladder,Online Shopper,Small Stores / Shops,Sales Associate,729018.13,281,2594.37,528.33,4991.81
Urban Ladder,Online Shopper,Small Stores / Shops,Salesperson,788410.60,293,2690.82,500.34,4994.85
Urban Ladder,Online Shopper,Small Stores / Shops,Senior Salesperson,682198.70,250,2728.79,513.05,4978.22
Urban Ladder,Online Shopper,Supermarkets ,Manager,797535.64,291,2740.67,511.76,4957.18
Urban Ladder,Online Shopper,Supermarkets ,Sales Associate,807183.93,287,2812.49,514.88,4978.75
Urban Ladder,Online Shopper,Supermarkets ,Salesperson,887000.65,329,2696.05,502.65,4989.35
Urban Ladder,Online Shopper,Supermarkets ,Senior Salesperson,766245.96,278,2756.28,520.50,4992.50
Urban Ladder,Premium Shopper,Large Malls / Complexes,Manager,652581.45,260,2509.93,508.15,4962.87
Urban Ladder,Premium Shopper,Large Malls / Complexes,Sales Associate,715524.68,260,2752.02,511.21,4985.43
Urban Ladder,Premium Shopper,Large Malls / Complexes,Salesperson,776304.85,288,2695.50,563.65,4986.14
Urban Ladder,Premium Shopper,Large Malls / Complexes,Senior Salesperson,746987.80,259,2884.12,500.29,4983.35
Urban Ladder,Premium Shopper,Small Stores / Shops,Manager,711068.67,255,2788.50,512.07,4999.14
Urban Ladder,Premium Shopper,Small Stores / Shops,Sales Associate,899987.18,331,2718.99,502.45,4976.00
Urban Ladder,Premium Shopper,Small Stores / Shops,Salesperson,748800.78,267,2804.50,501.38,4995.63
Urban Ladder,Premium Shopper,Small Stores / Shops,Senior Salesperson,654154.59,238,2748.55,513.90,4979.71
Urban Ladder,Premium Shopper,Supermarkets ,Manager,734335.97,272,2699.76,519.12,4996.26
Urban Ladder,Premium Shopper,Supermarkets ,Sales Associate,884369.23,312,2834.52,502.37,4996.13
Urban Ladder,Premium Shopper,Supermarkets ,Salesperson,772034.47,286,2699.42,516.44,4971.56
Urban Ladder,Premium Shopper,Supermarkets ,Senior Salesperson,743530.13,263,2827.11,509.88,4989.08
Whirlpool,Budget Shopper,Large Malls / Complexes,Manager,741068.84,258,2872.36,505.48,4999.74
Whirlpool,Budget Shopper,Large Malls / Complexes,Sales Associate,739650.11,261,2833.91,515.30,4983.61
Whirlpool,Budget Shopper,Large Malls / Complexes,Salesperson,758177.35,285,2660.27,500.61,4984.36
Whirlpool,Budget Shopper,Large Malls / Complexes,Senior Salesperson,647387.28,247,2621.00,524.22,4971.17
Whirlpool,Budget Shopper,Small Stores / Shops,Manager,738223.77,278,2655.48,541.99,4987.36
Whirlpool,Budget Shopper,Small Stores / Shops,Sales Associate,831702.91,297,2800.35,510.66,4999.78
Whirlpool,Budget Shopper,Small Stores / Shops,Salesperson,806621.94,289,2791.08,538.12,4985.89
Whirlpool,Budget Shopper,Small Stores / Shops,Senior Salesperson,709023.64,256,2769.62,566.37,4991.05
Whirlpool,Budget Shopper,Supermarkets ,Manager,814183.21,291,2797.88,515.54,4999.93
Whirlpool,Budget Shopper,Supermarkets ,Sales Associate,814488.13,301,2705.94,501.38,4995.20
Whirlpool,Budget Shopper,Supermarkets ,Salesperson,812256.37,300,2707.52,544.34,4943.93
Whirlpool,Budget Shopper,Supermarkets ,Senior Salesperson,768939.06,280,2746.21,574.40,4999.12
Whirlpool,Churn Risk,Large Malls / Complexes,Manager,730707.86,262,2788.96,517.46,4978.62
Whirlpool,Churn Risk,Large Malls / Complexes,Sales Associate,730285.02,268,2724.94,529.38,4985.00
Whirlpool,Churn Risk,Large Malls / Complexes,Salesperson,763836.33,279,2737.76,505.86,4926.38
Whirlpool,Churn Risk,Large Malls / Complexes,Senior Salesperson,670773.58,248,2704.73,505.17,4973.97
Whirlpool,Churn Risk,Small Stores / Shops,Manager,804050.50,295,2725.59,503.94,4998.46
Whirlpool,Churn Risk,Small Stores / Shops,Sales Associate,854647.96,304,2811.34,501.49,4995.40
Whirlpool,Churn Risk,Small Stores / Shops,Salesperson,804337.40,287,2802.57,555.38,4995.35
Whirlpool,Churn Risk,Small Stores / Shops,Senior Salesperson,710486.97,244,2911.83,507.69,4990.53
Whirlpool,Churn Risk,Supermarkets ,Manager,751486.65,280,2683.88,519.06,4962.69
Whirlpool,Churn Risk,Supermarkets ,Sales Associate,726053.08,270,2689.09,508.23,4996.45
Whirlpool,Churn Risk,Supermarkets ,Salesperson,784448.37,290,2704.99,525.79,4999.29
Whirlpool,Churn Risk,Supermarkets ,Senior Salesperson,631356.10,227,2781.30,522.47,4997.60
Whirlpool,Deal Seeker,Large Malls / Complexes,Manager,805939.73,289,2788.72,501.18,4965.23
Whirlpool,Deal Seeker,Large Malls / Complexes,Sales Associate,772523.36,287,2691.72,502.08,4980.77
Whirlpool,Deal Seeker,Large Malls / Complexes,Salesperson,786589.74,282,2789.33,510.32,4995.61
Whirlpool,Deal Seeker,Large Malls / Complexes,Senior Salesperson,586115.08,226,2593.43,522.46,4998.83
Whirlpool,Deal Seeker,Small Stores / Shops,Manager,802888.66,289,2778.16,582.65,4996.07
Whirlpool,Deal Seeker,Small Stores / Shops,Sales Associate,669301.94,254,2635.05,511.24,4993.14
Whirlpool,Deal Seeker,Small Stores / Shops,Salesperson,857601.80,311,2757.56,515.22,4998.50
Whirlpool,Deal Seeker,Small Stores / Shops,Senior Salesperson,725913.81,267,2718.78,505.82,4998.33
Whirlpool,Deal Seeker,Supermarkets ,Manager,797306.29,279,2857.73,519.85,4982.97
Whirlpool,Deal Seeker,Supermarkets ,Sales Associate,934182.44,334,2796.95,501.35,4999.38
Whirlpool,Deal Seeker,Supermarkets ,Salesperson,819536.41,299,2740.92,511.34,4986.50
Whirlpool,Deal Seeker,Supermarkets ,Senior Salesperson,787340.57,278,2832.16,515.27,4997.83
Whirlpool,First-time Buyer,Large Malls / Complexes,Manager,751560.73,272,2763.09,516.98,4977.28
Whirlpool,First-time Buyer,Large Malls / Complexes,Sales Associate,813205.01,294,2766.00,544.80,4945.87
Whirlpool,First-time Buyer,Large Malls / Complexes,Salesperson,734792.06,267,2752.03,538.50,4980.20
Whirlpool,First-time Buyer,Large Malls / Complexes,Senior Salesperson,603170.52,219,2754.20,533.46,4997.98
Whirlpool,First-time Buyer,Small Stores / Shops,Manager,806109.35,283,2848.44,557.15,4994.70
Whirlpool,First-time Buyer,Small Stores / Shops,Sales Associate,822599.95,298,2760.40,502.03,4996.10
Whirlpool,First-time Buyer,Small Stores / Shops,Salesperson,728648.72,284,2565.66,503.99,4972.70
Whirlpool,First-time Buyer,Small Stores / Shops,Senior Salesperson,635833.90,241,2638.31,518.01,4983.95
Whirlpool,First-time Buyer,Supermarkets ,Manager,796123.40,287,2773.95,515.00,4953.26
Whirlpool,First-time Buyer,Supermarkets ,Sales Associate,778032.09,276,2818.96,502.66,4992.88
Whirlpool,First-time Buyer,Supermarkets ,Salesperson,834001.42,303,2752.48,513.70,4989.31
Whirlpool,First-time Buyer,Supermarkets ,Senior Salesperson,651804.30,247,2638.88,527.51,4991.14
Whirlpool,High Value,Large Malls / Complexes,Manager,770881.00,275,2803.20,541.92,4983.73
Whirlpool,High Value,Large Malls / Complexes,Sales Associate,698123.89,263,2654.46,536.62,4991.51
Whirlpool,High Value,Large Malls / Complexes,Salesperson,662521.54,245,2704.17,519.49,4985.58
Whirlpool,High Value,Large Malls / Complexes,Senior Salesperson,648535.95,241,2691.02,517.05,4984.95
Whirlpool,High Value,Small Stores / Shops,Manager,806632.23,287,2810.57,509.23,4996.41
Whirlpool,High Value,Small Stores / Shops,Sales Associate,818153.73,307,2665.00,514.21,4998.01
Whirlpool,High Value,Small Stores / Shops,Salesperson,811084.54,302,2685.71,500.69,4999.73
Whirlpool,High Value,Small Stores / Shops,Senior Salesperson,702764.87,257,2734.49,500.21,4990.56
Whirlpool,High Value,Supermarkets ,Manager,831423.58,293,2837.62,505.46,4998.56
Whirlpool,High Value,Supermarkets ,Sales Associate,824192.47,294,2803.38,513.05,4997.77
Whirlpool,High Value,Supermarkets ,Salesperson,839981.84,318,2641.45,501.53,4972.88
Whirlpool,High Value,Supermarkets ,Senior Salesperson,778594.34,276,2820.99,512.82,4990.86
Whirlpool,In-Store Regular,Large Malls / Complexes,Manager,751903.63,270,2784.83,570.02,4990.42
Whirlpool,In-Store Regular,Large Malls / Complexes,Sales Associate,785013.74,293,2679.23,528.21,4995.63
Whirlpool,In-Store Regular,Large Malls / Complexes,Salesperson,753040.50,261,2885.21,518.48,4975.40
Whirlpool,In-Store Regular,Large Malls / Complexes,Senior Salesperson,686547.06,271,2533.38,502.82,4979.73
Whirlpool,In-Store Regular,Small Stores / Shops,Manager,792273.47,291,2722.59,502.61,4985.89
Whirlpool,In-Store Regular,Small Stores / Shops,Sales Associate,867663.52,314,2763.26,504.55,4976.71
Whirlpool,In-Store Regular,Small Stores / Shops,Salesperson,786817.66,308,2554.60,515.06,4976.26
Whirlpool,In-Store Regular,Small Stores / Shops,Senior Salesperson,741985.56,262,2832.01,532.74,4976.73
Whirlpool,In-Store Regular,Supermarkets ,Manager,767577.96,285,2693.26,517.06,4997.74
Whirlpool,In-Store Regular,Supermarkets ,Sales Associate,838406.22,306,2739.89,506.56,4986.26
Whirlpool,In-Store Regular,Supermarkets ,Salesperson,856098.50,314,2726.43,516.93,4986.23
Whirlpool,In-Store Regular,Supermarkets ,Senior Salesperson,759548.95,282,2693.44,508.60,4979.16
Whirlpool,Loyal Customer,Large Malls / Complexes,Manager,762893.70,276,2764.11,504.46,4960.84
Whirlpool,Loyal Customer,Large Malls / Complexes,Sales Associate,760799.80,285,2669.47,526.31,4987.28
Whirlpool,Loyal Customer,Large Malls / Complexes,Salesperson,680413.26,239,2846.92,510.14,4990.13
Whirlpool,Loyal Customer,Large Malls / Complexes,Senior Salesperson,691315.25,246,2810.22,558.99,4965.02
Whirlpool,Loyal Customer,Small Stores / Shops,Manager,821970.60,316,2601.17,502.22,4994.77
Whirlpool,Loyal Customer,Small Stores / Shops,Sales Associate,804955.44,297,2710.29,507.26,4981.80
Whirlpool,Loyal Customer,Small Stores / Shops,Salesperson,761167.16,275,2767.88,528.28,4991.05
Whirlpool,Loyal Customer,Small Stores / Shops,Senior Salesperson,612117.19,233,2627.11,510.60,4997.51
Whirlpool,Loyal Customer,Supermarkets ,Manager,791514.41,292,2710.67,505.93,4999.75
Whirlpool,Loyal Customer,Supermarkets ,Sales Associate,831410.91,311,2673.35,502.35,4924.16
Whirlpool,Loyal Customer,Supermarkets ,Salesperson,923169.13,326,2831.81,513.69,4998.39
Whirlpool,Loyal Customer,Supermarkets ,Senior Salesperson,772246.35,272,2839.14,530.99,4989.89
Whirlpool,Occasional Shopper,Large Malls / Complexes,Manager,771148.21,282,2734.57,505.95,4996.93
Whirlpool,Occasional Shopper,Large Malls / Complexes,Sales Associate,887399.50,312,2844.23,514.22,4998.47
Whirlpool,Occasional Shopper,Large Malls / Complexes,Salesperson,786868.84,283,2780.46,504.46,4988.43
Whirlpool,Occasional Shopper,Large Malls / Complexes,Senior Salesperson,639738.59,244,2621.88,507.53,4986.53
Whirlpool,Occasional Shopper,Small Stores / Shops,Manager,903924.09,312,2897.19,517.92,4997.45
Whirlpool,Occasional Shopper,Small Stores / Shops,Sales Associate,817969.72,308,2655.75,512.04,4959.02
Whirlpool,Occasional Shopper,Small Stores / Shops,Salesperson,779946.88,283,2756.00,501.62,4989.37
Whirlpool,Occasional Shopper,Small Stores / Shops,Senior Salesperson,713808.01,251,2843.86,500.44,4997.90
Whirlpool,Occasional Shopper,Supermarkets ,Manager,748407.59,281,2663.37,525.51,4915.99
Whirlpool,Occasional Shopper,Supermarkets ,Sales Associate,759443.02,276,2751.61,520.19,4998.18
Whirlpool,Occasional Shopper,Supermarkets ,Salesperson,825799.52,304,2716.45,532.75,4999.48
Whirlpool,Occasional Shopper,Supermarkets ,Senior Salesperson,813513.12,283,2874.60,510.70,4992.61
Whirlpool,Online Shopper,Large Malls / Complexes,Manager,692170.58,259,2672.47,538.10,4963.72
Whirlpool,Online Shopper,Large Malls / Complexes,Sales Associate,842100.17,305,2760.98,526.07,4987.43
Whirlpool,Online Shopper,Large Malls / Complexes,Salesperson,728335.22,273,2667.89,528.14,4963.63
Whirlpool,Online Shopper,Large Malls / Complexes,Senior Salesperson,760650.52,267,2848.88,549.41,4994.29
Whirlpool,Online Shopper,Small Stores / Shops,Manager,802436.94,296,2710.94,506.90,4974.20
Whirlpool,Online Shopper,Small Stores / Shops,Sales Associate,835598.77,293,2851.87,504.40,4995.37
Whirlpool,Online Shopper,Small Stores / Shops,Salesperson,768648.56,276,2784.96,556.66,4993.50
Whirlpool,Online Shopper,Small Stores / Shops,Senior Salesperson,699578.86,241,2902.82,507.56,4961.79
Whirlpool,Online Shopper,Supermarkets ,Manager,831295.57,294,2827.54,511.77,4987.19
Whirlpool,Online Shopper,Supermarkets ,Sales Associate,892418.34,317,2815.20,518.73,4989.56
Whirlpool,Online Shopper,Supermarkets ,Salesperson,779831.34,294,2652.49,517.98,4974.50
Whirlpool,Online Shopper,Supermarkets ,Senior Salesperson,723833.44,253,2861.00,511.13,4967.44
Whirlpool,Premium Shopper,Large Malls / Complexes,Manager,742520.48,267,2780.98,510.64,4979.35
Whirlpool,Premium Shopper,Large Malls / Complexes,Sales Associate,776935.95,289,2688.36,504.31,4974.53
Whirlpool,Premium Shopper,Large Malls / Complexes,Salesperson,739093.58,261,2831.78,524.09,4995.58
Whirlpool,Premium Shopper,Large Malls / Complexes,Senior Salesperson,683450.90,244,2801.03,594.93,4997.57
Whirlpool,Premium Shopper,Small Stores / Shops,Manager,685557.30,257,2667.54,519.86,4958.41
Whirlpool,Premium Shopper,Small Stores / Shops,Sales Associate,763949.79,283,2699.47,528.52,4991.62
Whirlpool,Premium Shopper,Small Stores / Shops,Salesperson,778566.31,282,2760.87,512.82,4986.45
Whirlpool,Premium Shopper,Small Stores / Shops,Senior Salesperson,715093.15,254,2815.33,505.09,4988.39
Whirlpool,Premium Shopper,Supermarkets ,Manager,747358.58,281,2659.64,506.46,4995.53
Whirlpool,Premium Shopper,Supermarkets ,Sales Associate,784134.30,293,2676.23,507.49,4951.22
Whirlpool,Premium Shopper,Supermarkets ,Salesperson,748012.09,266,2812.08,504.51,4981.05
Whirlpool,Premium Shopper,Supermarkets ,Senior Salesperson,761046.76,273,2787.72,501.55,4994.45
Zara,Budget Shopper,Large Malls / Complexes,Manager,777810.76,286,2719.62,502.21,4986.36
Zara,Budget Shopper,Large Malls / Complexes,Sales Associate,838331.11,293,2861.20,512.39,4972.82
Zara,Budget Shopper,Large Malls / Complexes,Salesperson,800035.81,284,2817.03,518.98,4973.16
Zara,Budget Shopper,Large Malls / Complexes,Senior Salesperson,670871.87,237,2830.68,553.38,4977.33
Zara,Budget Shopper,Small Stores / Shops,Manager,783692.71,290,2702.39,507.88,4997.51
Zara,Budget Shopper,Small Stores / Shops,Sales Associate,820509.39,304,2699.04,507.40,4995.86
Zara,Budget Shopper,Small Stores / Shops,Salesperson,760437.12,276,2755.21,507.94,4971.66
Zara,Budget Shopper,Small Stores / Shops,Senior Salesperson,675578.06,243,2780.16,509.31,4989.56
Zara,Budget Shopper,Supermarkets ,Manager,745667.87,267,2792.76,512.49,4993.28
Zara,Budget Shopper,Supermarkets ,Sales Associate,759758.98,277,2742.81,502.76,4990.97
Zara,Budget Shopper,Supermarkets ,Salesperson,873629.08,317,2755.93,516.49,4978.73
Zara,Budget Shopper,Supermarkets ,Senior Salesperson,694430.98,258,2691.59,503.90,4978.35
Zara,Churn Risk,Large Malls / Complexes,Manager,686613.55,257,2671.65,505.77,4998.58
Zara,Churn Risk,Large Malls / Complexes,Sales Associate,761539.97,277,2749.24,506.20,4999.91
Zara,Churn Risk,Large Malls / Complexes,Salesperson,755907.25,265,2852.48,519.84,4992.52
Zara,Churn Risk,Large Malls / Complexes,Senior Salesperson,665585.40,251,2651.73,511.51,4990.51
Zara,Churn Risk,Small Stores / Shops,Manager,782190.04,270,2897.00,521.44,4990.80
Zara,Churn Risk,Small Stores / Shops,Sales Associate,916533.78,341,2687.78,518.58,4963.80
Zara,Churn Risk,Small Stores / Shops,Salesperson,767300.69,274,2800.37,504.24,4999.45
Zara,Churn Risk,Small Stores / Shops,Senior Salesperson,674824.00,251,2688.54,525.36,4994.31
Zara,Churn Risk,Supermarkets ,Manager,773389.89,279,2772.01,541.10,4997.44
Zara,Churn Risk,Supermarkets ,Sales Associate,870698.25,312,2790.70,508.52,4990.26
Zara,Churn Risk,Supermarkets ,Salesperson,870769.98,326,2671.07,505.22,4998.98
Zara,Churn Risk,Supermarkets ,Senior Salesperson,664631.96,251,2647.94,502.44,4997.29
Zara,Deal Seeker,Large Malls / Complexes,Manager,744810.18,267,2789.55,528.42,4991.52
Zara,Deal Seeker,Large Malls / Complexes,Sales Associate,728231.58,272,2677.32,531.12,4977.67
Zara,Deal Seeker,Large Malls / Complexes,Salesperson,755208.61,275,2746.21,513.67,4996.18
Zara,Deal Seeker,Large Malls / Complexes,Senior Salesperson,634247.10,240,2642.70,509.20,4970.33
Zara,Deal Seeker,Small Stores / Shops,Manager,748910.69,276,2713.44,505.56,4997.09
Zara,Deal Seeker,Small Stores / Shops,Sales Associate,832228.81,304,2737.59,502.55,4987.56
Zara,Deal Seeker,Small Stores / Shops,Salesperson,746028.66,280,2664.39,508.35,4977.88
Zara,Deal Seeker,Small Stores / Shops,Senior Salesperson,716801.19,261,2746.36,505.75,4999.81
Zara,Deal Seeker,Supermarkets ,Manager,799633.61,289,2766.90,501.71,4989.90
Zara,Deal Seeker,Supermarkets ,Sales Associate,779093.14,284,2743.29,502.48,4984.02
Zara,Deal Seeker,Supermarkets ,Salesperson,826527.80,305,2709.93,511.91,4995.44
Zara,Deal Seeker,Supermarkets ,Senior Salesperson,676263.41,245,2760.26,516.34,4934.98
Zara,First-time Buyer,Large Malls / Complexes,Manager,725526.95,258,2812.12,500.46,4997.75
Zara,First-time Buyer,Large Malls / Complexes,Sales Associate,757513.17,276,2744.61,511.04,4966.12
Zara,First-time Buyer,Large Malls / Complexes,Salesperson,683341.16,251,2722.47,504.67,4978.19
Zara,First-time Buyer,Large Malls / Complexes,Senior Salesperson,714376.89,242,2951.97,542.98,4999.45
Zara,First-time Buyer,Small Stores / Shops,Manager,724968.29,271,2675.16,510.99,4988.40
Zara,First-time Buyer,Small Stores / Shops,Sales Associate,758654.77,274,2768.81,502.03,4984.00
Zara,First-time Buyer,Small Stores / Shops,Salesperson,835432.52,303,2757.20,503.85,4999.82
Zara,First-time Buyer,Small Stores / Shops,Senior Salesperson,774017.07,263,2943.03,501.24,4983.39
Zara,First-time Buyer,Supermarkets ,Manager,720178.87,259,2780.61,509.54,4994.01
Zara,First-time Buyer,Supermarkets ,Sales Associate,860998.97,308,2795.45,512.62,4991.65
Zara,First-time Buyer,Supermarkets ,Salesperson,868467.26,294,2953.97,516.40,4973.56
Zara,First-time Buyer,Supermarkets ,Senior Salesperson,698323.36,252,2771.12,520.37,4974.14
Zara,High Value,Large Malls / Complexes,Manager,671843.97,241,2787.73,521.48,4971.44
Zara,High Value,Large Malls / Complexes,Sales Associate,735800.69,269,2735.32,522.24,4997.54
Zara,High Value,Large Malls / Complexes,Salesperson,740177.66,259,2857.83,501.00,4998.75
Zara,High Value,Large Malls / Complexes,Senior Salesperson,685584.09,240,2856.60,513.81,4999.71
Zara,High Value,Small Stores / Shops,Manager,688089.93,250,2752.36,574.48,4990.41
Zara,High Value,Small Stores / Shops,Sales Associate,807133.98,298,2708.50,527.01,4968.83
Zara,High Value,Small Stores / Shops,Salesperson,747363.96,269,2778.30,513.31,4999.73
Zara,High Value,Small Stores / Shops,Senior Salesperson,694752.58,259,2682.44,537.71,4930.90
Zara,High Value,Supermarkets ,Manager,889146.92,327,2719.10,508.62,4960.31
Zara,High Value,Supermarkets ,Sales Associate,879040.58,325,2704.74,506.06,4991.33
Zara,High Value,Supermarkets ,Salesperson,768956.74,297,2589.08,510.95,4997.38
Zara,High Value,Supermarkets ,Senior Salesperson,690920.97,255,2709.49,507.81,4949.50
Zara,In-Store Regular,Large Malls / Complexes,Manager,753717.23,269,2801.92,527.31,4976.29
Zara,In-Store Regular,Large Malls / Complexes,Sales Associate,777588.74,274,2837.92,508.37,4988.19
Zara,In-Store Regular,Large Malls / Complexes,Salesperson,684730.27,248,2761.01,515.36,4999.80
Zara,In-Store Regular,Large Malls / Complexes,Senior Salesperson,638764.07,233,2741.48,506.92,4986.27
Zara,In-Store Regular,Small Stores / Shops,Manager,786755.56,284,2770.27,507.31,4956.67
Zara,In-Store Regular,Small Stores / Shops,Sales Associate,736175.31,275,2677.00,506.82,4995.99
Zara,In-Store Regular,Small Stores / Shops,Salesperson,751919.24,274,2744.23,504.23,4977.63
Zara,In-Store Regular,Small Stores / Shops,Senior Salesperson,704308.45,245,2874.73,590.85,4992.47
Zara,In-Store Regular,Supermarkets ,Manager,705256.09,267,2641.41,513.52,4989.78
Zara,In-Store Regular,Supermarkets ,Sales Associate,754271.50,273,2762.90,527.18,4990.63
Zara,In-Store Regular,Supermarkets ,Salesperson,718192.66,281,2555.85,503.25,4991.98
Zara,In-Store Regular,Supermarkets ,Senior Salesperson,712451.25,248,2872.79,554.78,4955.50
Zara,Loyal Customer,Large Malls / Complexes,Manager,673119.66,254,2650.08,513.89,4959.96
Zara,Loyal Customer,Large Malls / Complexes,Sales Associate,821082.17,300,2736.94,501.59,4989.71
Zara,Loyal Customer,Large Malls / Complexes,Salesperson,745816.73,277,2692.48,512.88,4968.83
Zara,Loyal Customer,Large Malls / Complexes,Senior Salesperson,707450.33,257,2752.73,523.97,4996.42
Zara,Loyal Customer,Small Stores / Shops,Manager,697593.10,255,2735.66,548.65,4954.69
Zara,Loyal Customer,Small Stores / Shops,Sales Associate,782736.80,274,2856.70,513.21,4982.76
Zara,Loyal Customer,Small Stores / Shops,Salesperson,812460.58,295,2754.10,500.50,4950.45
Zara,Loyal Customer,Small Stores / Shops,Senior Salesperson,670612.27,250,2682.45,505.39,4998.42
Zara,Loyal Customer,Supermarkets ,Manager,931209.71,331,2813.32,503.15,4993.23
Zara,Loyal Customer,Supermarkets ,Sales Associate,819414.29,299,2740.52,511.62,4987.29
Zara,Loyal Customer,Supermarkets ,Salesperson,786695.02,287,2741.10,537.57,4971.67
Zara,Loyal Customer,Supermarkets ,Senior Salesperson,650777.18,231,2817.22,504.72,4932.31
Zara,Occasional Shopper,Large Malls / Complexes,Manager,629304.06,235,2677.89,529.17,4985.44
Zara,Occasional Shopper,Large Malls / Complexes,Sales Associate,773979.12,273,2835.09,555.34,4984.82
Zara,Occasional Shopper,Large Malls / Complexes,Salesperson,798326.07,283,2820.94,502.01,4963.78
Zara,Occasional Shopper,Large Malls / Complexes,Senior Salesperson,639844.33,233,2746.11,502.52,4995.74
Zara,Occasional Shopper,Small Stores / Shops,Manager,785282.57,290,2707.87,549.39,4952.50
Zara,Occasional Shopper,Small Stores / Shops,Sales Associate,868396.48,303,2865.99,521.79,4992.47
Zara,Occasional Shopper,Small Stores / Shops,Salesperson,779162.18,289,2696.06,510.43,4990.92
Zara,Occasional Shopper,Small Stores / Shops,Senior Salesperson,629584.29,230,2737.32,513.71,4999.06
Zara,Occasional Shopper,Supermarkets ,Manager,779952.10,282,2765.79,525.36,4960.07
Zara,Occasional Shopper,Supermarkets ,Sales Associate,875861.99,315,2780.51,502.82,4993.90
Zara,Occasional Shopper,Supermarkets ,Salesperson,790267.11,277,2852.95,521.13,4988.26
Zara,Occasional Shopper,Supermarkets ,Senior Salesperson,769800.49,287,2682.23,501.28,4997.44
Zara,Online Shopper,Large Malls / Complexes,Manager,737845.68,269,2742.92,503.90,4929.82
Zara,Online Shopper,Large Malls / Complexes,Sales Associate,812860.51,289,2812.67,561.00,4995.75
Zara,Online Shopper,Large Malls / Complexes,Salesperson,745107.88,275,2709.48,500.93,4982.94
Zara,Online Shopper,Large Malls / Complexes,Senior Salesperson,680975.01,235,2897.77,510.34,4981.56
Zara,Online Shopper,Small Stores / Shops,Manager,864374.63,308,2806.41,506.49,4978.16
Zara,Online Shopper,Small Stores / Shops,Sales Associate,765972.10,276,2775.26,521.86,4934.33
Zara,Online Shopper,Small Stores / Shops,Salesperson,804595.00,297,2709.07,504.12,4954.47
Zara,Online Shopper,Small Stores / Shops,Senior Salesperson,641278.08,235,2728.84,544.52,4978.98
Zara,Online Shopper,Supermarkets ,Manager,915444.83,333,2749.08,502.39,4980.41
Zara,Online Shopper,Supermarkets ,Sales Associate,898604.08,326,2756.45,503.34,4962.63
Zara,Online Shopper,Supermarkets ,Salesperson,898902.59,315,2853.66,505.18,4994.87
Zara,Online Shopper,Supermarkets ,Senior Salesperson,687881.80,247,2784.95,523.48,4970.99
Zara,Premium Shopper,Large Malls / Complexes,Manager,639257.44,244,2619.91,503.34,4940.03
Zara,Premium Shopper,Large Malls / Complexes,Sales Associate,680038.98,255,2666.82,505.57,4995.02
Zara,Premium Shopper,Large Malls / Complexes,Salesperson,747631.05,287,2604.99,609.78,4999.44
Zara,Premium Shopper,Large Malls / Complexes,Senior Salesperson,632411.70,213,2969.07,504.23,4993.08
Zara,Premium Shopper,Small Stores / Shops,Manager,794784.73,297,2676.04,500.32,4997.25
Zara,Premium Shopper,Small Stores / Shops,Sales Associate,746619.58,265,2817.43,507.82,4992.17
Zara,Premium Shopper,Small Stores / Shops,Salesperson,747774.51,270,2769.54,550.45,4996.20
Zara,Premium Shopper,Small Stores / Shops,Senior Salesperson,665954.61,242,2751.88,510.92,4984.11
Zara,Premium Shopper,Supermarkets ,Manager,817399.19,289,2828.37,558.47,4983.14
Zara,Premium Shopper,Supermarkets ,Sales Associate,828453.86,301,2752.34,508.91,4986.73
Zara,Premium Shopper,Supermarkets ,Salesperson,654189.87,257,2545.49,509.09,4934.91
Zara,Premium Shopper,Supermarkets ,Senior Salesperson,731592.44,266,2750.35,523.00,4989.52
