category,brand,store_type,campaign_name,sum_amount,count,avg_amount,min_amount,max_amount
Clothing,Adidas,Large Malls / Complexes,12 Days of Deals,549516.40,206,2667.56,501.08,4972.86
Clothing,Adidas,Large Malls / Complexes,Autumn Deals Drive,566057.42,202,2802.26,560.46,4982.21
Clothing,Adidas,Large Malls / Complexes,BOGO Blitz,635728.18,225,2825.46,523.98,4998.71
Clothing,Adidas,Large Malls / Complexes,Back to School Boost,605377.82,218,2776.96,518.87,4980.54
Clothing,Adidas,Large Malls / Complexes,Birthday Bash Sale,628805.67,219,2871.26,526.11,4994.20
Clothing,Adidas,Large Malls / Complexes,Black Friday Blowout,616622.77,220,2802.83,502.05,4964.85
Clothing,Adidas,Large Malls / Complexes,Cart Crasher Campaign,567564.10,203,2795.88,540.89,4994.25
Clothing,Adidas,Large Malls / Complexes,Cashback Carnival,561216.24,211,2659.79,502.29,4971.77
Clothing,Adidas,Large Malls / Complexes,Clearance Countdown,589023.50,222,2653.26,503.83,4995.33
Clothing,Adidas,Large Malls / Complexes,Countdown to Savings,485368.55,177,2742.20,588.51,4900.14
Clothing,Adidas,Large Malls / Complexes,Customer Appreciation Week,627827.89,225,2790.35,510.44,4994.47
Clothing,Adidas,Large Malls / Complexes,Cyber Monday Mania,558502.20,199,2806.54,548.84,4986.44
Clothing,Adidas,Large Malls / Complexes,Deal of the Month,619339.69,217,2854.10,504.75,4950.00
Clothing,Adidas,Large Malls / Complexes,Double Points Bonanza,603562.24,214,2820.38,506.41,4995.71
Clothing,Adidas,Large Malls / Complexes,Early Bird Specials,628836.09,226,2782.46,548.17,4993.12
Clothing,Adidas,Large Malls / Complexes,End of Season Sale,621663.66,219,2838.65,511.79,4997.48
Clothing,Adidas,Large Malls / Complexes,Exclusive Insider Offers,652413.54,227,2874.07,590.62,4984.33
Clothing,Adidas,Large Malls / Complexes,Festive Fever Promo,613849.08,212,2895.51,532.59,4980.87
Clothing,Adidas,Large Malls / Complexes,Final Call Frenzy,534648.40,198,2700.24,525.27,4978.28
Clothing,Adidas,Large Malls / Complexes,Flash Frenzy Friday,582107.70,215,2707.48,519.52,4938.82
Clothing,Adidas,Large Malls / Complexes,"Gift More, Spend Less",526069.65,195,2697.79,532.59,4945.55
Clothing,Adidas,Large Malls / Complexes,Golden Hour Bargains,566726.66,203,2791.76,511.16,4999.76
Clothing,Adidas,Large Malls / Complexes,Green Weekend Deals,521936.03,196,2662.94,513.09,4999.76
Clothing,Adidas,Large Malls / Complexes,Happy Hour Discounts,489029.13,176,2778.57,505.67,4994.51
Clothing,Adidas,Large Malls / Complexes,Holiday Shopping Rush,622107.10,215,2893.52,506.77,4973.96
Clothing,Adidas,Large Malls / Complexes,Hot Picks Promo,567921.33,204,2783.93,544.41,4968.49
Clothing,Adidas,Large Malls / Complexes,Instant Gratification Sale,638991.94,225,2839.96,509.42,4997.63
Clothing,Adidas,Large Malls / Complexes,Limited Time Treasures,513890.54,189,2719.00,512.09,4983.53
Clothing,Adidas,Large Malls / Complexes,Loyalty Rewards Blast,547927.33,201,2726.01,505.10,4971.34
Clothing,Adidas,Large Malls / Complexes,Mega Weekend Bonanza,503015.00,186,2704.38,537.88,4966.53
Clothing,Adidas,Large Malls / Complexes,Mid-Year Madness,541796.06,204,2655.86,501.32,4989.23
Clothing,Adidas,Large Malls / Complexes,Midnight Madness,590686.61,215,2747.38,512.27,4952.37
Clothing,Adidas,Large Malls / Complexes,Mystery Discount Days,613690.15,213,2881.17,530.68,4976.22
Clothing,Adidas,Large Malls / Complexes,New Arrival Showcase,559573.73,212,2639.50,513.68,4910.75
Clothing,Adidas,Large Malls / Complexes,New Product Launch Promo,502797.76,187,2688.76,500.83,4999.95
Clothing,Adidas,Large Malls / Complexes,New Year Kickoff,559371.74,221,2531.09,502.81,4991.46
Clothing,Adidas,Large Malls / Complexes,Price Drop Parade,535255.21,206,2598.33,507.14,4989.39
Clothing,Adidas,Large Malls / Complexes,Red Tag Clearance,545630.32,198,2755.71,517.61,4989.71
Clothing,Adidas,Large Malls / Complexes,Seasonal Surprise Box,536808.25,197,2724.91,500.11,4973.71
Clothing,Adidas,Large Malls / Complexes,Shop & Save Spectacular,569714.91,205,2779.10,511.32,4992.75
Clothing,Adidas,Large Malls / Complexes,Smart Shopper Week,574329.22,220,2610.59,544.05,4999.86
Clothing,Adidas,Large Malls / Complexes,Spring Refresh Event,625088.63,215,2907.39,567.95,4985.65
Clothing,Adidas,Large Malls / Complexes,Spring Splash Discounts,537027.61,193,2782.53,535.63,4956.96
Clothing,Adidas,Large Malls / Complexes,Summer Sizzle Promo,679564.73,239,2843.37,506.00,4984.71
Clothing,Adidas,Large Malls / Complexes,Super Savings Week,622159.17,225,2765.15,522.46,4986.46
Clothing,Adidas,Large Malls / Complexes,Ultimate Value Event,593347.20,221,2684.83,513.09,4989.43
Clothing,Adidas,Large Malls / Complexes,VIP Access Sale,541455.33,188,2880.08,647.10,4942.86
Clothing,Adidas,Large Malls / Complexes,Weekend Warrior Specials,656113.09,241,2722.46,542.70,4986.59
Clothing,Adidas,Large Malls / Complexes,Winter Clearance Carnival,546638.44,198,2760.80,526.71,4926.80
Clothing,Adidas,Large Malls / Complexes,Winter Wonders Sale,564231.82,214,2636.60,528.79,4969.49
Clothing,Adidas,Small Stores / Shops,12 Days of Deals,664433.88,237,2803.52,512.27,4987.39
Clothing,Adidas,Small Stores / Shops,Autumn Deals Drive,666799.54,244,2732.78,518.04,4992.48
Clothing,Adidas,Small Stores / Shops,BOGO Blitz,596005.77,222,2684.71,500.64,4991.38
Clothing,Adidas,Small Stores / Shops,Back to School Boost,595770.38,214,2783.97,501.04,4994.39
Clothing,Adidas,Small Stores / Shops,Birthday Bash Sale,636615.57,220,2893.71,500.58,4996.78
Clothing,Adidas,Small Stores / Shops,Black Friday Blowout,618883.23,233,2656.15,562.65,4994.34
Clothing,Adidas,Small Stores / Shops,Cart Crasher Campaign,537582.61,196,2742.77,528.70,4967.90
Clothing,Adidas,Small Stores / Shops,Cashback Carnival,615575.92,229,2688.10,531.51,4961.14
Clothing,Adidas,Small Stores / Shops,Clearance Countdown,516972.15,192,2692.56,511.56,4996.24
Clothing,Adidas,Small Stores / Shops,Countdown to Savings,570510.68,205,2782.98,509.94,4992.78
Clothing,Adidas,Small Stores / Shops,Customer Appreciation Week,623921.86,223,2797.86,503.78,4980.59
Clothing,Adidas,Small Stores / Shops,Cyber Monday Mania,568320.08,209,2719.23,508.76,4993.46
Clothing,Adidas,Small Stores / Shops,Deal of the Month,562377.11,203,2770.33,529.02,4999.41
Clothing,Adidas,Small Stores / Shops,Double Points Bonanza,655902.49,239,2744.36,514.48,4986.54
Clothing,Adidas,Small Stores / Shops,Early Bird Specials,676216.59,241,2805.88,556.33,4995.32
Clothing,Adidas,Small Stores / Shops,End of Season Sale,589298.49,209,2819.61,515.55,4978.41
Clothing,Adidas,Small Stores / Shops,Exclusive Insider Offers,576682.42,207,2785.91,516.58,4951.25
Clothing,Adidas,Small Stores / Shops,Festive Fever Promo,612997.56,210,2919.04,513.73,4909.62
Clothing,Adidas,Small Stores / Shops,Final Call Frenzy,607627.35,226,2688.62,527.10,4992.84
Clothing,Adidas,Small Stores / Shops,Flash Frenzy Friday,510626.84,188,2716.10,584.15,4942.19
Clothing,Adidas,Small Stores / Shops,"Gift More, Spend Less",595524.98,212,2809.08,510.65,4988.68
Clothing,Adidas,Small Stores / Shops,Golden Hour Bargains,580710.50,219,2651.65,506.24,4972.07
Clothing,Adidas,Small Stores / Shops,Green Weekend Deals,553670.64,206,2687.72,522.76,4990.27
Clothing,Adidas,Small Stores / Shops,Happy Hour Discounts,567054.85,211,2687.46,515.80,4969.85
Clothing,Adidas,Small Stores / Shops,Holiday Shopping Rush,617841.88,224,2758.22,542.11,4998.34
Clothing,Adidas,Small Stores / Shops,Hot Picks Promo,643880.66,220,2926.73,520.65,4982.85
Clothing,Adidas,Small Stores / Shops,Instant Gratification Sale,575379.73,204,2820.49,535.85,4994.90
Clothing,Adidas,Small Stores / Shops,Limited Time Treasures,531005.13,205,2590.27,511.13,4916.16
Clothing,Adidas,Small Stores / Shops,Loyalty Rewards Blast,643796.25,227,2836.11,503.40,4989.59
Clothing,Adidas,Small Stores / Shops,Mega Weekend Bonanza,635831.56,222,2864.11,537.81,4996.59
Clothing,Adidas,Small Stores / Shops,Mid-Year Madness,605441.33,224,2702.86,529.64,4927.99
Clothing,Adidas,Small Stores / Shops,Midnight Madness,562240.97,203,2769.66,518.16,4986.14
Clothing,Adidas,Small Stores / Shops,Mystery Discount Days,596054.23,216,2759.51,500.17,4967.22
Clothing,Adidas,Small Stores / Shops,New Arrival Showcase,676021.37,236,2864.50,501.06,4992.69
Clothing,Adidas,Small Stores / Shops,New Product Launch Promo,665785.92,241,2762.60,526.80,4984.79
Clothing,Adidas,Small Stores / Shops,New Year Kickoff,536051.29,203,2640.65,532.30,4930.98
Clothing,Adidas,Small Stores / Shops,Price Drop Parade,586254.81,220,2664.79,503.07,4987.71
Clothing,Adidas,Small Stores / Shops,Red Tag Clearance,664839.75,239,2781.76,518.26,4995.28
Clothing,Adidas,Small Stores / Shops,Seasonal Surprise Box,567966.69,220,2581.67,531.49,4990.98
Clothing,Adidas,Small Stores / Shops,Shop & Save Spectacular,629784.31,241,2613.21,513.48,4951.90
Clothing,Adidas,Small Stores / Shops,Smart Shopper Week,597949.50,222,2693.47,518.72,4991.97
Clothing,Adidas,Small Stores / Shops,Spring Refresh Event,554907.37,206,2693.73,515.97,4995.47
Clothing,Adidas,Small Stores / Shops,Spring Splash Discounts,630369.02,229,2752.70,503.97,4993.32
Clothing,Adidas,Small Stores / Shops,Summer Sizzle Promo,598773.09,226,2649.44,513.93,4975.17
Clothing,Adidas,Small Stores / Shops,Super Savings Week,579198.83,205,2825.36,513.59,4998.86
Clothing,Adidas,Small Stores / Shops,Ultimate Value Event,574084.30,209,2746.81,518.28,4998.36
Clothing,Adidas,Small Stores / Shops,VIP Access Sale,621671.47,218,2851.70,506.38,4978.47
Clothing,Adidas,Small Stores / Shops,Weekend Warrior Specials,551553.17,210,2626.44,502.44,4989.77
Clothing,Adidas,Small Stores / Shops,Winter Clearance Carnival,617613.98,219,2820.16,510.29,4953.01
Clothing,Adidas,Small Stores / Shops,Winter Wonders Sale,591786.45,225,2630.16,554.10,4961.97
Clothing,Adidas,Supermarkets ,12 Days of Deals,633553.39,226,2803.33,505.04,4998.46
Clothing,Adidas,Supermarkets ,Autumn Deals Drive,614712.50,224,2744.25,534.57,4991.85
Clothing,Adidas,Supermarkets ,BOGO Blitz,713645.71,252,2831.93,509.20,4976.65
Clothing,Adidas,Supermarkets ,Back to School Boost,685968.27,251,2732.94,501.52,4999.86
Clothing,Adidas,Supermarkets ,Birthday Bash Sale,559867.59,215,2604.04,515.02,4972.85
Clothing,Adidas,Supermarkets ,Black Friday Blowout,659463.26,244,2702.72,503.18,4977.09
Clothing,Adidas,Supermarkets ,Cart Crasher Campaign,719192.64,262,2745.01,520.56,4950.61
Clothing,Adidas,Supermarkets ,Cashback Carnival,624684.93,228,2739.85,527.96,4982.89
Clothing,Adidas,Supermarkets ,Clearance Countdown,594405.58,225,2641.80,500.53,4993.67
Clothing,Adidas,Supermarkets ,Countdown to Savings,672937.56,254,2649.36,501.16,4996.97
Clothing,Adidas,Supermarkets ,Customer Appreciation Week,590294.39,221,2671.02,527.58,4954.18
Clothing,Adidas,Supermarkets ,Cyber Monday Mania,644879.20,243,2653.82,516.07,4990.65
Clothing,Adidas,Supermarkets ,Deal of the Month,692450.30,257,2694.36,520.13,4989.69
Clothing,Adidas,Supermarkets ,Double Points Bonanza,554006.82,209,2650.75,510.59,4958.93
Clothing,Adidas,Supermarkets ,Early Bird Specials,632342.62,217,2914.02,504.93,4996.74
Clothing,Adidas,Supermarkets ,End of Season Sale,632461.48,230,2749.83,532.31,4987.68
Clothing,Adidas,Supermarkets ,Exclusive Insider Offers,653585.24,241,2711.97,508.78,4969.33
Clothing,Adidas,Supermarkets ,Festive Fever Promo,719927.63,266,2706.49,504.43,4977.68
Clothing,Adidas,Supermarkets ,Final Call Frenzy,612123.30,209,2928.82,509.40,4971.11
Clothing,Adidas,Supermarkets ,Flash Frenzy Friday,532244.94,210,2534.50,501.20,4994.26
Clothing,Adidas,Supermarkets ,"Gift More, Spend Less",549210.77,214,2566.41,510.97,4972.49
Clothing,Adidas,Supermarkets ,Golden Hour Bargains,618132.96,233,2652.93,531.04,4991.51
Clothing,Adidas,Supermarkets ,Green Weekend Deals,621658.84,232,2679.56,501.10,4960.82
Clothing,Adidas,Supermarkets ,Happy Hour Discounts,576294.23,209,2757.39,548.47,4971.52
Clothing,Adidas,Supermarkets ,Holiday Shopping Rush,573857.06,207,2772.26,507.47,4942.38
Clothing,Adidas,Supermarkets ,Hot Picks Promo,637416.12,234,2724.00,540.99,4989.96
Clothing,Adidas,Supermarkets ,Instant Gratification Sale,575869.96,214,2690.98,500.95,4998.40
Clothing,Adidas,Supermarkets ,Limited Time Treasures,638484.93,221,2889.07,501.46,4999.38
Clothing,Adidas,Supermarkets ,Loyalty Rewards Blast,546059.73,205,2663.71,507.26,4976.27
Clothing,Adidas,Supermarkets ,Mega Weekend Bonanza,577954.58,231,2501.97,508.93,4980.14
Clothing,Adidas,Supermarkets ,Mid-Year Madness,614771.68,230,2672.92,511.18,4991.43
Clothing,Adidas,Supermarkets ,Midnight Madness,633696.97,223,2841.69,504.20,4935.43
Clothing,Adidas,Supermarkets ,Mystery Discount Days,583481.26,218,2676.52,508.03,4979.18
Clothing,Adidas,Supermarkets ,New Arrival Showcase,614174.01,222,2766.55,533.03,4996.95
Clothing,Adidas,Supermarkets ,New Product Launch Promo,607699.72,222,2737.39,541.18,4973.89
Clothing,Adidas,Supermarkets ,New Year Kickoff,575867.87,214,2690.97,503.72,4986.87
Clothing,Adidas,Supermarkets ,Price Drop Parade,648646.98,233,2783.89,506.80,4970.18
Clothing,Adidas,Supermarkets ,Red Tag Clearance,657404.53,235,2797.47,519.86,4964.81
Clothing,Adidas,Supermarkets ,Seasonal Surprise Box,691322.63,240,2880.51,500.52,4970.50
Clothing,Adidas,Supermarkets ,Shop & Save Spectacular,613063.49,220,2786.65,516.93,4992.80
Clothing,Adidas,Supermarkets ,Smart Shopper Week,618108.54,222,2784.27,507.97,4983.10
Clothing,Adidas,Supermarkets ,Spring Refresh Event,706826.58,257,2750.30,529.10,4997.20
Clothing,Adidas,Supermarkets ,Spring Splash Discounts,621874.96,244,2548.67,500.46,4996.95
Clothing,Adidas,Supermarkets ,Summer Sizzle Promo,586713.41,217,2703.75,527.09,4998.80
Clothing,Adidas,Supermarkets ,Super Savings Week,566501.31,218,2598.63,501.26,4992.84
Clothing,Adidas,Supermarkets ,Ultimate Value Event,671493.71,234,2869.63,522.61,4995.70
Clothing,Adidas,Supermarkets ,VIP Access Sale,711717.49,265,2685.73,506.71,4996.65
Clothing,Adidas,Supermarkets ,Weekend Warrior Specials,674947.37,250,2699.79,501.72,4993.94
Clothing,Adidas,Supermarkets ,Winter Clearance Carnival,663556.07,236,2811.68,517.38,4971.08
Clothing,Adidas,Supermarkets ,Winter Wonders Sale,544333.10,204,2668.30,520.80,4996.30
Clothing,Levi's,Large Malls / Complexes,12 Days of Deals,622474.65,223,2791.37,500.37,4991.32
Clothing,Levi's,Large Malls / Complexes,Autumn Deals Drive,597504.35,222,2691.46,527.50,4956.37
Clothing,Levi's,Large Malls / Complexes,BOGO Blitz,582406.66,211,2760.22,508.84,4989.26
Clothing,Levi's,Large Malls / Complexes,Back to School Boost,532671.02,205,2598.40,517.32,4991.50
Clothing,Levi's,Large Malls / Complexes,Birthday Bash Sale,646632.89,237,2728.41,507.09,4993.83
Clothing,Levi's,Large Malls / Complexes,Black Friday Blowout,553896.16,199,2783.40,529.54,4997.07
Clothing,Levi's,Large Malls / Complexes,Cart Crasher Campaign,604443.86,213,2837.76,522.15,4964.09
Clothing,Levi's,Large Malls / Complexes,Cashback Carnival,633472.31,222,2853.48,508.75,4994.40
Clothing,Levi's,Large Malls / Complexes,Clearance Countdown,556900.92,205,2716.59,504.91,4983.18
Clothing,Levi's,Large Malls / Complexes,Countdown to Savings,602828.30,226,2667.38,504.03,4976.47
Clothing,Levi's,Large Malls / Complexes,Customer Appreciation Week,555443.59,201,2763.40,510.73,4955.92
Clothing,Levi's,Large Malls / Complexes,Cyber Monday Mania,667064.73,230,2900.28,502.02,4964.53
Clothing,Levi's,Large Malls / Complexes,Deal of the Month,542329.55,201,2698.16,540.60,4958.53
Clothing,Levi's,Large Malls / Complexes,Double Points Bonanza,573942.22,193,2973.79,501.38,4992.87
Clothing,Levi's,Large Malls / Complexes,Early Bird Specials,588572.13,214,2750.34,502.97,4952.26
Clothing,Levi's,Large Malls / Complexes,End of Season Sale,617504.40,229,2696.53,522.44,4976.06
Clothing,Levi's,Large Malls / Complexes,Exclusive Insider Offers,493501.08,191,2583.78,501.18,4988.97
Clothing,Levi's,Large Malls / Complexes,Festive Fever Promo,588229.29,223,2637.80,513.43,4973.57
Clothing,Levi's,Large Malls / Complexes,Final Call Frenzy,542532.58,198,2740.06,536.34,4943.99
Clothing,Levi's,Large Malls / Complexes,Flash Frenzy Friday,604005.71,217,2783.44,561.83,4977.49
Clothing,Levi's,Large Malls / Complexes,"Gift More, Spend Less",530832.47,187,2838.68,506.74,4973.12
Clothing,Levi's,Large Malls / Complexes,Golden Hour Bargains,602752.01,213,2829.82,521.34,4993.74
Clothing,Levi's,Large Malls / Complexes,Green Weekend Deals,529512.19,194,2729.44,527.72,4980.12
Clothing,Levi's,Large Malls / Complexes,Happy Hour Discounts,566808.33,204,2778.47,507.81,4977.27
Clothing,Levi's,Large Malls / Complexes,Holiday Shopping Rush,621154.63,226,2748.47,510.74,4992.50
Clothing,Levi's,Large Malls / Complexes,Hot Picks Promo,668580.60,242,2762.73,520.35,4999.60
Clothing,Levi's,Large Malls / Complexes,Instant Gratification Sale,600857.14,213,2820.93,507.90,4993.22
Clothing,Levi's,Large Malls / Complexes,Limited Time Treasures,578635.86,216,2678.87,504.55,4928.90
Clothing,Levi's,Large Malls / Complexes,Loyalty Rewards Blast,650815.03,232,2805.24,524.75,4982.90
Clothing,Levi's,Large Malls / Complexes,Mega Weekend Bonanza,545275.50,201,2712.81,500.60,4997.25
Clothing,Levi's,Large Malls / Complexes,Mid-Year Madness,606527.17,219,2769.53,510.73,4965.92
Clothing,Levi's,Large Malls / Complexes,Midnight Madness,557384.34,202,2759.33,528.90,4956.09
Clothing,Levi's,Large Malls / Complexes,Mystery Discount Days,485310.80,183,2651.97,512.99,4970.10
Clothing,Levi's,Large Malls / Complexes,New Arrival Showcase,609405.51,221,2757.49,512.99,4991.01
Clothing,Levi's,Large Malls / Complexes,New Product Launch Promo,520833.42,195,2670.94,519.61,4991.07
Clothing,Levi's,Large Malls / Complexes,New Year Kickoff,567743.15,210,2703.54,527.88,4991.55
Clothing,Levi's,Large Malls / Complexes,Price Drop Parade,577760.50,216,2674.82,508.09,4953.83
Clothing,Levi's,Large Malls / Complexes,Red Tag Clearance,655452.03,232,2825.22,514.92,4991.99
Clothing,Levi's,Large Malls / Complexes,Seasonal Surprise Box,637385.31,224,2845.47,505.81,4985.30
Clothing,Levi's,Large Malls / Complexes,Shop & Save Spectacular,553009.32,196,2821.48,534.84,4990.21
Clothing,Levi's,Large Malls / Complexes,Smart Shopper Week,506900.95,182,2785.17,504.15,4965.97
Clothing,Levi's,Large Malls / Complexes,Spring Refresh Event,538512.41,198,2719.76,552.12,4996.53
Clothing,Levi's,Large Malls / Complexes,Spring Splash Discounts,616593.91,222,2777.45,513.20,4975.22
Clothing,Levi's,Large Malls / Complexes,Summer Sizzle Promo,578384.63,207,2794.13,515.95,4937.40
Clothing,Levi's,Large Malls / Complexes,Super Savings Week,612664.87,207,2959.73,502.63,4987.82
Clothing,Levi's,Large Malls / Complexes,Ultimate Value Event,566418.70,206,2749.61,515.27,4940.86
Clothing,Levi's,Large Malls / Complexes,VIP Access Sale,562399.84,210,2678.09,507.99,4999.97
Clothing,Levi's,Large Malls / Complexes,Weekend Warrior Specials,516783.94,194,2663.83,503.41,4906.38
Clothing,Levi's,Large Malls / Complexes,Winter Clearance Carnival,627899.32,238,2638.23,508.47,4988.01
Clothing,Levi's,Large Malls / Complexes,Winter Wonders Sale,643638.80,241,2670.70,508.14,4996.58
Clothing,Levi's,Small Stores / Shops,12 Days of Deals,575327.05,212,2713.81,603.48,4999.26
Clothing,Levi's,Small Stores / Shops,Autumn Deals Drive,606910.69,219,2771.28,521.51,4991.37
Clothing,Levi's,Small Stores / Shops,BOGO Blitz,670372.92,243,2758.74,503.91,4981.27
Clothing,Levi's,Small Stores / Shops,Back to School Boost,546120.16,204,2677.06,530.38,4912.94
Clothing,Levi's,Small Stores / Shops,Birthday Bash Sale,626907.10,224,2798.69,503.70,4997.36
Clothing,Levi's,Small Stores / Shops,Black Friday Blowout,673356.81,231,2914.96,513.13,4996.66
Clothing,Levi's,Small Stores / Shops,Cart Crasher Campaign,624299.03,221,2824.88,508.66,4996.24
Clothing,Levi's,Small Stores / Shops,Cashback Carnival,583736.91,215,2715.06,518.52,4992.74
Clothing,Levi's,Small Stores / Shops,Clearance Countdown,612057.77,228,2684.46,529.76,4995.21
Clothing,Levi's,Small Stores / Shops,Countdown to Savings,623884.88,227,2748.39,504.95,4995.55
Clothing,Levi's,Small Stores / Shops,Customer Appreciation Week,699620.97,237,2951.99,538.43,4984.88
Clothing,Levi's,Small Stores / Shops,Cyber Monday Mania,619014.19,228,2714.97,505.15,4992.60
Clothing,Levi's,Small Stores / Shops,Deal of the Month,613037.94,233,2631.06,503.19,4947.27
Clothing,Levi's,Small Stores / Shops,Double Points Bonanza,629226.22,225,2796.56,538.27,4985.08
Clothing,Levi's,Small Stores / Shops,Early Bird Specials,639536.13,241,2653.68,509.91,4988.14
Clothing,Levi's,Small Stores / Shops,End of Season Sale,586187.62,205,2859.45,506.45,4984.90
Clothing,Levi's,Small Stores / Shops,Exclusive Insider Offers,580643.47,216,2688.16,538.69,4997.63
Clothing,Levi's,Small Stores / Shops,Festive Fever Promo,596515.11,219,2723.81,505.36,4981.97
Clothing,Levi's,Small Stores / Shops,Final Call Frenzy,681453.52,247,2758.92,513.55,4994.06
Clothing,Levi's,Small Stores / Shops,Flash Frenzy Friday,667909.04,247,2704.09,516.34,4989.81
Clothing,Levi's,Small Stores / Shops,"Gift More, Spend Less",679680.42,249,2729.64,527.69,4985.89
Clothing,Levi's,Small Stores / Shops,Golden Hour Bargains,577821.98,207,2791.41,508.91,4998.56
Clothing,Levi's,Small Stores / Shops,Green Weekend Deals,645672.57,244,2646.20,528.50,4996.15
Clothing,Levi's,Small Stores / Shops,Happy Hour Discounts,620846.01,223,2784.06,542.50,4945.83
Clothing,Levi's,Small Stores / Shops,Holiday Shopping Rush,633157.92,231,2740.94,507.23,4987.85
Clothing,Levi's,Small Stores / Shops,Hot Picks Promo,549126.62,206,2665.66,531.76,4911.50
Clothing,Levi's,Small Stores / Shops,Instant Gratification Sale,665897.35,240,2774.57,501.81,4961.77
Clothing,Levi's,Small Stores / Shops,Limited Time Treasures,603331.13,227,2657.85,511.06,4970.06
Clothing,Levi's,Small Stores / Shops,Loyalty Rewards Blast,745419.29,257,2900.46,557.86,4996.42
Clothing,Levi's,Small Stores / Shops,Mega Weekend Bonanza,590148.49,218,2707.10,527.25,4983.37
Clothing,Levi's,Small Stores / Shops,Mid-Year Madness,627349.13,223,2813.22,512.43,4962.31
Clothing,Levi's,Small Stores / Shops,Midnight Madness,591569.97,223,2652.78,508.22,4998.11
Clothing,Levi's,Small Stores / Shops,Mystery Discount Days,636738.72,241,2642.07,509.78,4975.30
Clothing,Levi's,Small Stores / Shops,New Arrival Showcase,631011.87,225,2804.50,526.27,4989.84
Clothing,Levi's,Small Stores / Shops,New Product Launch Promo,602765.86,216,2790.58,521.39,4975.69
Clothing,Levi's,Small Stores / Shops,New Year Kickoff,677452.87,234,2895.10,518.02,4976.14
Clothing,Levi's,Small Stores / Shops,Price Drop Parade,595038.10,227,2621.31,510.90,4999.49
Clothing,Levi's,Small Stores / Shops,Red Tag Clearance,632578.31,228,2774.47,501.14,4996.92
Clothing,Levi's,Small Stores / Shops,Seasonal Surprise Box,622650.16,226,2755.09,507.72,4975.63
Clothing,Levi's,Small Stores / Shops,Shop & Save Spectacular,743718.24,252,2951.26,502.23,4995.64
Clothing,Levi's,Small Stores / Shops,Smart Shopper Week,614099.02,222,2766.21,501.31,4978.12
Clothing,Levi's,Small Stores / Shops,Spring Refresh Event,563369.73,212,2657.40,526.82,4966.14
Clothing,Levi's,Small Stores / Shops,Spring Splash Discounts,646419.32,228,2835.17,561.35,4998.97
Clothing,Levi's,Small Stores / Shops,Summer Sizzle Promo,667605.48,250,2670.42,558.77,4995.49
Clothing,Levi's,Small Stores / Shops,Super Savings Week,623198.95,224,2782.14,506.81,4947.59
Clothing,Levi's,Small Stores / Shops,Ultimate Value Event,679942.71,243,2798.12,500.17,4944.67
Clothing,Levi's,Small Stores / Shops,VIP Access Sale,744608.12,262,2842.02,519.78,4949.01
Clothing,Levi's,Small Stores / Shops,Weekend Warrior Specials,636490.66,246,2587.36,517.69,4934.98
Clothing,Levi's,Small Stores / Shops,Winter Clearance Carnival,550086.60,207,2657.42,516.12,4989.85
Clothing,Levi's,Small Stores / Shops,Winter Wonders Sale,620462.55,234,2651.55,538.73,4999.21
Clothing,Levi's,Supermarkets ,12 Days of Deals,647186.06,235,2753.98,567.71,4994.45
Clothing,Levi's,Supermarkets ,Autumn Deals Drive,680455.23,247,2754.88,509.47,4992.45
Clothing,Levi's,Supermarkets ,BOGO Blitz,684029.27,242,2826.57,526.73,4996.75
Clothing,Levi's,Supermarkets ,Back to School Boost,569532.64,227,2508.95,502.44,4989.26
Clothing,Levi's,Supermarkets ,Birthday Bash Sale,640634.06,235,2726.10,529.73,4972.66
Clothing,Levi's,Supermarkets ,Black Friday Blowout,647110.87,246,2630.53,536.29,4976.83
Clothing,Levi's,Supermarkets ,Cart Crasher Campaign,632526.70,229,2762.13,519.54,4953.00
Clothing,Levi's,Supermarkets ,Cashback Carnival,691536.94,243,2845.83,533.54,4973.33
Clothing,Levi's,Supermarkets ,Clearance Countdown,584413.74,216,2705.62,530.24,4995.43
Clothing,Levi's,Supermarkets ,Countdown to Savings,595793.50,224,2659.79,518.08,4990.95
Clothing,Levi's,Supermarkets ,Customer Appreciation Week,657237.04,237,2773.15,519.21,4983.91
Clothing,Levi's,Supermarkets ,Cyber Monday Mania,692468.29,242,2861.44,504.42,4987.49
Clothing,Levi's,Supermarkets ,Deal of the Month,671526.09,232,2894.51,502.13,4973.22
Clothing,Levi's,Supermarkets ,Double Points Bonanza,592921.37,211,2810.05,500.63,4989.35
Clothing,Levi's,Supermarkets ,Early Bird Specials,596041.32,222,2684.87,501.24,4969.72
Clothing,Levi's,Supermarkets ,End of Season Sale,680820.27,248,2745.24,517.03,4912.84
Clothing,Levi's,Supermarkets ,Exclusive Insider Offers,634821.56,233,2724.56,504.62,4961.69
Clothing,Levi's,Supermarkets ,Festive Fever Promo,657969.44,237,2776.24,524.93,4961.84
Clothing,Levi's,Supermarkets ,Final Call Frenzy,651743.54,238,2738.42,514.60,4964.33
Clothing,Levi's,Supermarkets ,Flash Frenzy Friday,668591.53,236,2833.01,579.34,4977.77
Clothing,Levi's,Supermarkets ,"Gift More, Spend Less",602352.99,230,2618.93,501.94,4961.55
Clothing,Levi's,Supermarkets ,Golden Hour Bargains,655696.77,232,2826.28,517.13,4969.80
Clothing,Levi's,Supermarkets ,Green Weekend Deals,595399.32,222,2681.98,530.54,4982.11
Clothing,Levi's,Supermarkets ,Happy Hour Discounts,586275.15,211,2778.56,518.75,4994.57
Clothing,Levi's,Supermarkets ,Holiday Shopping Rush,625215.68,224,2791.14,506.38,4946.33
Clothing,Levi's,Supermarkets ,Hot Picks Promo,637035.21,233,2734.06,500.12,4985.08
Clothing,Levi's,Supermarkets ,Instant Gratification Sale,591973.82,208,2846.03,525.25,4992.16
Clothing,Levi's,Supermarkets ,Limited Time Treasures,616549.55,231,2669.05,509.30,4987.04
Clothing,Levi's,Supermarkets ,Loyalty Rewards Blast,608330.94,212,2869.49,533.70,4940.80
Clothing,Levi's,Supermarkets ,Mega Weekend Bonanza,640961.28,236,2715.94,520.09,4984.20
Clothing,Levi's,Supermarkets ,Mid-Year Madness,611876.10,233,2626.08,506.96,4989.93
Clothing,Levi's,Supermarkets ,Midnight Madness,659820.29,246,2682.20,511.19,4972.96
Clothing,Levi's,Supermarkets ,Mystery Discount Days,625050.70,225,2778.00,502.13,4999.85
Clothing,Levi's,Supermarkets ,New Arrival Showcase,596724.29,229,2605.78,500.17,4976.30
Clothing,Levi's,Supermarkets ,New Product Launch Promo,671604.54,240,2798.35,500.27,4977.94
Clothing,Levi's,Supermarkets ,New Year Kickoff,608064.13,230,2643.76,519.75,4869.16
Clothing,Levi's,Supermarkets ,Price Drop Parade,596818.73,210,2841.99,506.33,4974.06
Clothing,Levi's,Supermarkets ,Red Tag Clearance,681142.85,241,2826.32,501.79,4985.45
Clothing,Levi's,Supermarkets ,Seasonal Surprise Box,600064.14,222,2702.99,510.78,4979.76
Clothing,Levi's,Supermarkets ,Shop & Save Spectacular,644821.75,234,2755.65,500.33,4988.37
Clothing,Levi's,Supermarkets ,Smart Shopper Week,633978.05,226,2805.21,538.47,4996.33
Clothing,Levi's,Supermarkets ,Spring Refresh Event,707322.90,253,2795.74,501.02,4988.69
Clothing,Levi's,Supermarkets ,Spring Splash Discounts,663738.66,234,2836.49,600.46,4968.99
Clothing,Levi's,Supermarkets ,Summer Sizzle Promo,615830.11,225,2737.02,508.47,4976.42
Clothing,Levi's,Supermarkets ,Super Savings Week,687184.69,238,2887.33,513.72,4973.31
Clothing,Levi's,Supermarkets ,Ultimate Value Event,664592.37,240,2769.13,513.61,4987.96
Clothing,Levi's,Supermarkets ,VIP Access Sale,585162.68,213,2747.24,507.92,4974.45
Clothing,Levi's,Supermarkets ,Weekend Warrior Specials,568246.37,207,2745.15,552.71,4953.54
Clothing,Levi's,Supermarkets ,Winter Clearance Carnival,589880.32,213,2769.39,505.16,4959.11
Clothing,Levi's,Supermarkets ,Winter Wonders Sale,680818.37,250,2723.27,521.06,4998.47
Clothing,Nike,Large Malls / Complexes,12 Days of Deals,526970.82,196,2688.63,506.25,4948.86
Clothing,Nike,Large Malls / Complexes,Autumn Deals Drive,611848.47,226,2707.29,501.91,4994.06
Clothing,Nike,Large Malls / Complexes,BOGO Blitz,662279.70,223,2969.86,531.81,4997.89
Clothing,Nike,Large Malls / Complexes,Back to School Boost,673222.97,237,2840.60,501.92,4988.01
Clothing,Nike,Large Malls / Complexes,Birthday Bash Sale,595070.83,217,2742.26,501.83,4983.74
Clothing,Nike,Large Malls / Complexes,Black Friday Blowout,479665.13,182,2635.52,510.23,4963.71
Clothing,Nike,Large Malls / Complexes,Cart Crasher Campaign,621139.47,244,2545.65,508.37,4992.50
Clothing,Nike,Large Malls / Complexes,Cashback Carnival,578081.43,209,2765.94,500.72,4959.24
Clothing,Nike,Large Malls / Complexes,Clearance Countdown,636078.08,225,2827.01,521.79,4993.71
Clothing,Nike,Large Malls / Complexes,Countdown to Savings,647843.01,235,2756.78,532.98,4904.47
Clothing,Nike,Large Malls / Complexes,Customer Appreciation Week,553367.92,199,2780.74,504.64,4977.34
Clothing,Nike,Large Malls / Complexes,Cyber Monday Mania,623064.64,240,2596.10,514.29,4934.19
Clothing,Nike,Large Malls / Complexes,Deal of the Month,515503.41,197,2616.77,527.00,4979.75
Clothing,Nike,Large Malls / Complexes,Double Points Bonanza,639876.83,230,2782.07,511.97,4987.50
Clothing,Nike,Large Malls / Complexes,Early Bird Specials,594372.87,227,2618.38,501.20,4999.19
Clothing,Nike,Large Malls / Complexes,End of Season Sale,620767.68,228,2722.67,512.03,4953.72
Clothing,Nike,Large Malls / Complexes,Exclusive Insider Offers,583094.85,227,2568.70,500.29,4984.23
Clothing,Nike,Large Malls / Complexes,Festive Fever Promo,570354.14,209,2728.97,531.23,4988.75
Clothing,Nike,Large Malls / Complexes,Final Call Frenzy,610089.12,216,2824.49,501.48,4996.06
Clothing,Nike,Large Malls / Complexes,Flash Frenzy Friday,577284.30,214,2697.59,536.75,4983.04
Clothing,Nike,Large Malls / Complexes,"Gift More, Spend Less",532297.00,196,2715.80,523.12,4985.65
Clothing,Nike,Large Malls / Complexes,Golden Hour Bargains,595882.29,214,2784.50,506.59,4966.64
Clothing,Nike,Large Malls / Complexes,Green Weekend Deals,622142.44,216,2880.29,563.45,4999.01
Clothing,Nike,Large Malls / Complexes,Happy Hour Discounts,610462.15,217,2813.19,532.60,4997.02
Clothing,Nike,Large Malls / Complexes,Holiday Shopping Rush,521761.69,189,2760.64,501.97,4942.69
Clothing,Nike,Large Malls / Complexes,Hot Picks Promo,573027.91,202,2836.77,531.91,4997.81
Clothing,Nike,Large Malls / Complexes,Instant Gratification Sale,538268.59,199,2704.87,518.87,4990.16
Clothing,Nike,Large Malls / Complexes,Limited Time Treasures,608287.60,232,2621.93,513.15,4982.10
Clothing,Nike,Large Malls / Complexes,Loyalty Rewards Blast,641739.19,235,2730.81,500.82,4998.22
Clothing,Nike,Large Malls / Complexes,Mega Weekend Bonanza,541874.05,192,2822.26,504.47,4955.40
Clothing,Nike,Large Malls / Complexes,Mid-Year Madness,607525.48,211,2879.27,532.71,4969.79
Clothing,Nike,Large Malls / Complexes,Midnight Madness,657156.15,239,2749.61,502.64,4982.68
Clothing,Nike,Large Malls / Complexes,Mystery Discount Days,581008.78,206,2820.43,506.69,4992.01
Clothing,Nike,Large Malls / Complexes,New Arrival Showcase,611550.02,224,2730.13,656.46,4934.73
Clothing,Nike,Large Malls / Complexes,New Product Launch Promo,549267.23,195,2816.76,521.36,4997.47
Clothing,Nike,Large Malls / Complexes,New Year Kickoff,544802.66,195,2793.86,574.00,4984.36
Clothing,Nike,Large Malls / Complexes,Price Drop Parade,543305.89,217,2503.71,506.30,4974.79
Clothing,Nike,Large Malls / Complexes,Red Tag Clearance,520004.12,200,2600.02,502.58,4998.76
Clothing,Nike,Large Malls / Complexes,Seasonal Surprise Box,610457.68,226,2701.14,530.54,4996.55
Clothing,Nike,Large Malls / Complexes,Shop & Save Spectacular,538748.37,188,2865.68,501.58,4997.09
Clothing,Nike,Large Malls / Complexes,Smart Shopper Week,510860.48,191,2674.66,511.44,4993.60
Clothing,Nike,Large Malls / Complexes,Spring Refresh Event,571121.28,202,2827.33,524.53,4932.52
Clothing,Nike,Large Malls / Complexes,Spring Splash Discounts,523673.69,195,2685.51,509.30,4982.46
Clothing,Nike,Large Malls / Complexes,Summer Sizzle Promo,438608.68,172,2550.05,513.85,4940.21
Clothing,Nike,Large Malls / Complexes,Super Savings Week,540803.70,188,2876.62,518.08,4993.53
Clothing,Nike,Large Malls / Complexes,Ultimate Value Event,598321.57,222,2695.14,562.49,4999.12
Clothing,Nike,Large Malls / Complexes,VIP Access Sale,514434.58,202,2546.71,514.81,4782.82
Clothing,Nike,Large Malls / Complexes,Weekend Warrior Specials,590755.25,225,2625.58,508.00,4998.79
Clothing,Nike,Large Malls / Complexes,Winter Clearance Carnival,602905.21,215,2804.21,530.15,4999.04
Clothing,Nike,Large Malls / Complexes,Winter Wonders Sale,566231.34,208,2722.27,532.56,4991.55
Clothing,Nike,Small Stores / Shops,12 Days of Deals,640050.23,228,2807.24,510.36,4996.81
Clothing,Nike,Small Stores / Shops,Autumn Deals Drive,705342.25,245,2878.95,518.90,4995.34
Clothing,Nike,Small Stores / Shops,BOGO Blitz,685266.64,232,2953.74,511.49,4998.67
Clothing,Nike,Small Stores / Shops,Back to School Boost,566448.48,202,2804.20,500.65,4975.49
Clothing,Nike,Small Stores / Shops,Birthday Bash Sale,593065.09,210,2824.12,501.20,4997.78
Clothing,Nike,Small Stores / Shops,Black Friday Blowout,638573.31,233,2740.66,512.94,4982.21
Clothing,Nike,Small Stores / Shops,Cart Crasher Campaign,585845.21,210,2789.74,596.85,4964.82
Clothing,Nike,Small Stores / Shops,Cashback Carnival,591264.40,217,2724.72,523.11,4998.40
Clothing,Nike,Small Stores / Shops,Clearance Countdown,597073.58,216,2764.23,536.28,4977.00
Clothing,Nike,Small Stores / Shops,Countdown to Savings,583579.77,215,2714.32,509.72,4994.19
Clothing,Nike,Small Stores / Shops,Customer Appreciation Week,652438.03,240,2718.49,524.31,4996.89
Clothing,Nike,Small Stores / Shops,Cyber Monday Mania,647813.49,239,2710.52,506.75,4955.77
Clothing,Nike,Small Stores / Shops,Deal of the Month,630289.74,229,2752.36,508.62,4991.80
Clothing,Nike,Small Stores / Shops,Double Points Bonanza,680660.18,250,2722.64,522.83,4990.29
Clothing,Nike,Small Stores / Shops,Early Bird Specials,663960.48,234,2837.44,504.72,4957.86
Clothing,Nike,Small Stores / Shops,End of Season Sale,646958.97,254,2547.08,508.79,4969.37
Clothing,Nike,Small Stores / Shops,Exclusive Insider Offers,686956.39,250,2747.83,513.28,4992.82
Clothing,Nike,Small Stores / Shops,Festive Fever Promo,623485.80,220,2834.03,503.50,4995.75
Clothing,Nike,Small Stores / Shops,Final Call Frenzy,619751.33,229,2706.34,545.42,4970.88
Clothing,Nike,Small Stores / Shops,Flash Frenzy Friday,692417.78,239,2897.15,520.08,4996.44
Clothing,Nike,Small Stores / Shops,"Gift More, Spend Less",566293.81,214,2646.23,505.29,4969.81
Clothing,Nike,Small Stores / Shops,Golden Hour Bargains,586206.90,221,2652.52,506.14,4916.48
Clothing,Nike,Small Stores / Shops,Green Weekend Deals,670806.48,244,2749.21,516.26,4987.69
Clothing,Nike,Small Stores / Shops,Happy Hour Discounts,660805.90,235,2811.94,546.13,4992.66
Clothing,Nike,Small Stores / Shops,Holiday Shopping Rush,623725.37,228,2735.64,504.14,4996.20
Clothing,Nike,Small Stores / Shops,Hot Picks Promo,594340.63,213,2790.33,526.96,4978.45
Clothing,Nike,Small Stores / Shops,Instant Gratification Sale,607579.91,211,2879.53,540.63,4998.85
Clothing,Nike,Small Stores / Shops,Limited Time Treasures,661639.25,239,2768.37,531.53,4971.40
Clothing,Nike,Small Stores / Shops,Loyalty Rewards Blast,588409.13,207,2842.56,622.28,4990.18
Clothing,Nike,Small Stores / Shops,Mega Weekend Bonanza,647897.21,232,2792.66,688.80,4942.29
Clothing,Nike,Small Stores / Shops,Mid-Year Madness,637108.73,232,2746.16,502.52,4994.31
Clothing,Nike,Small Stores / Shops,Midnight Madness,610771.21,226,2702.53,501.63,4935.88
Clothing,Nike,Small Stores / Shops,Mystery Discount Days,604363.77,215,2810.99,529.69,4993.88
Clothing,Nike,Small Stores / Shops,New Arrival Showcase,609653.22,216,2822.47,508.18,4978.87
Clothing,Nike,Small Stores / Shops,New Product Launch Promo,631592.44,226,2794.66,507.38,4978.53
Clothing,Nike,Small Stores / Shops,New Year Kickoff,693683.66,247,2808.44,535.23,4987.30
Clothing,Nike,Small Stores / Shops,Price Drop Parade,601376.25,217,2771.32,509.81,4996.09
Clothing,Nike,Small Stores / Shops,Red Tag Clearance,601281.93,214,2809.73,509.39,4974.76
Clothing,Nike,Small Stores / Shops,Seasonal Surprise Box,699617.52,254,2754.40,506.76,4973.98
Clothing,Nike,Small Stores / Shops,Shop & Save Spectacular,684591.12,254,2695.24,500.14,4999.95
Clothing,Nike,Small Stores / Shops,Smart Shopper Week,615868.32,225,2737.19,511.95,4976.73
Clothing,Nike,Small Stores / Shops,Spring Refresh Event,657891.30,239,2752.68,500.55,4995.83
Clothing,Nike,Small Stores / Shops,Spring Splash Discounts,641281.03,232,2764.14,505.94,4987.96
Clothing,Nike,Small Stores / Shops,Summer Sizzle Promo,680202.54,249,2731.74,555.06,4984.79
Clothing,Nike,Small Stores / Shops,Super Savings Week,621453.45,223,2786.79,532.65,4999.08
Clothing,Nike,Small Stores / Shops,Ultimate Value Event,584490.61,208,2810.05,502.13,4998.73
Clothing,Nike,Small Stores / Shops,VIP Access Sale,565780.50,204,2773.43,513.77,4983.73
Clothing,Nike,Small Stores / Shops,Weekend Warrior Specials,599665.91,216,2776.23,566.77,4992.45
Clothing,Nike,Small Stores / Shops,Winter Clearance Carnival,599046.91,207,2893.95,501.25,4998.41
Clothing,Nike,Small Stores / Shops,Winter Wonders Sale,691484.34,247,2799.53,502.80,4988.48
Clothing,Nike,Supermarkets ,12 Days of Deals,657745.80,241,2729.24,511.89,4979.14
Clothing,Nike,Supermarkets ,Autumn Deals Drive,666033.82,236,2822.18,500.77,4999.75
Clothing,Nike,Supermarkets ,BOGO Blitz,627877.65,232,2706.37,527.44,4997.55
Clothing,Nike,Supermarkets ,Back to School Boost,692494.67,239,2897.47,553.94,4963.96
Clothing,Nike,Supermarkets ,Birthday Bash Sale,617045.63,221,2792.06,502.19,4972.14
Clothing,Nike,Supermarkets ,Black Friday Blowout,536237.91,189,2837.24,516.57,4992.36
Clothing,Nike,Supermarkets ,Cart Crasher Campaign,692451.95,251,2758.77,501.15,4953.13
Clothing,Nike,Supermarkets ,Cashback Carnival,634790.00,234,2712.78,510.62,4995.11
Clothing,Nike,Supermarkets ,Clearance Countdown,651794.45,240,2715.81,508.53,4994.91
Clothing,Nike,Supermarkets ,Countdown to Savings,645432.38,230,2806.23,501.71,4998.86
Clothing,Nike,Supermarkets ,Customer Appreciation Week,671574.82,238,2821.74,523.40,4984.95
Clothing,Nike,Supermarkets ,Cyber Monday Mania,588062.82,219,2685.22,502.07,4994.22
Clothing,Nike,Supermarkets ,Deal of the Month,637404.67,232,2747.43,578.30,4992.66
Clothing,Nike,Supermarkets ,Double Points Bonanza,605779.14,219,2766.11,537.04,4962.86
Clothing,Nike,Supermarkets ,Early Bird Specials,627721.86,222,2827.58,523.42,4986.96
Clothing,Nike,Supermarkets ,End of Season Sale,507411.09,192,2642.77,551.38,4995.12
Clothing,Nike,Supermarkets ,Exclusive Insider Offers,585191.99,207,2827.01,507.69,4991.51
Clothing,Nike,Supermarkets ,Festive Fever Promo,678669.26,246,2758.82,501.90,4988.91
Clothing,Nike,Supermarkets ,Final Call Frenzy,682736.17,246,2775.35,505.45,4962.99
Clothing,Nike,Supermarkets ,Flash Frenzy Friday,631424.06,228,2769.40,509.25,4998.23
Clothing,Nike,Supermarkets ,"Gift More, Spend Less",515088.49,191,2696.80,556.71,4986.56
Clothing,Nike,Supermarkets ,Golden Hour Bargains,718841.71,249,2886.91,507.62,4997.10
Clothing,Nike,Supermarkets ,Green Weekend Deals,687208.47,248,2771.00,519.98,4989.62
Clothing,Nike,Supermarkets ,Happy Hour Discounts,699334.13,244,2866.12,546.58,4983.25
Clothing,Nike,Supermarkets ,Holiday Shopping Rush,601531.56,222,2709.60,508.71,4999.33
Clothing,Nike,Supermarkets ,Hot Picks Promo,658348.11,247,2665.38,510.06,4977.65
Clothing,Nike,Supermarkets ,Instant Gratification Sale,532519.00,197,2703.14,503.83,4996.19
Clothing,Nike,Supermarkets ,Limited Time Treasures,708877.97,249,2846.90,525.80,4962.47
Clothing,Nike,Supermarkets ,Loyalty Rewards Blast,610062.50,225,2711.39,521.58,4985.57
Clothing,Nike,Supermarkets ,Mega Weekend Bonanza,723817.86,254,2849.68,550.08,4996.67
Clothing,Nike,Supermarkets ,Mid-Year Madness,639251.35,238,2685.93,500.89,4994.34
Clothing,Nike,Supermarkets ,Midnight Madness,665837.91,227,2933.21,513.39,4973.36
Clothing,Nike,Supermarkets ,Mystery Discount Days,747681.73,265,2821.44,503.54,4973.22
Clothing,Nike,Supermarkets ,New Arrival Showcase,621052.28,219,2835.86,551.36,4994.65
Clothing,Nike,Supermarkets ,New Product Launch Promo,590813.67,201,2939.37,520.13,4988.99
Clothing,Nike,Supermarkets ,New Year Kickoff,587829.03,213,2759.76,516.64,4986.79
Clothing,Nike,Supermarkets ,Price Drop Parade,634166.38,227,2793.68,504.45,4998.25
Clothing,Nike,Supermarkets ,Red Tag Clearance,557975.58,216,2583.22,511.82,4966.80
Clothing,Nike,Supermarkets ,Seasonal Surprise Box,662065.57,230,2878.55,528.03,4971.33
Clothing,Nike,Supermarkets ,Shop & Save Spectacular,679264.14,249,2727.97,504.07,4970.27
Clothing,Nike,Supermarkets ,Smart Shopper Week,629057.86,214,2939.52,521.75,4989.29
Clothing,Nike,Supermarkets ,Spring Refresh Event,608676.18,218,2792.09,500.43,4996.02
Clothing,Nike,Supermarkets ,Spring Splash Discounts,589711.37,214,2755.66,507.73,4997.44
Clothing,Nike,Supermarkets ,Summer Sizzle Promo,604689.28,229,2640.56,502.32,4997.93
Clothing,Nike,Supermarkets ,Super Savings Week,629720.64,228,2761.93,523.61,4989.04
Clothing,Nike,Supermarkets ,Ultimate Value Event,648959.19,232,2797.24,506.18,4998.67
Clothing,Nike,Supermarkets ,VIP Access Sale,723547.12,259,2793.62,543.54,4990.46
Clothing,Nike,Supermarkets ,Weekend Warrior Specials,600555.54,230,2611.11,524.76,4958.68
Clothing,Nike,Supermarkets ,Winter Clearance Carnival,665326.96,243,2737.97,547.43,4997.27
Clothing,Nike,Supermarkets ,Winter Wonders Sale,660480.31,241,2740.58,524.51,4960.21
Clothing,Puma,Large Malls / Complexes,12 Days of Deals,610869.56,222,2751.66,502.32,4972.18
Clothing,Puma,Large Malls / Complexes,Autumn Deals Drive,622414.96,213,2922.14,526.61,4977.29
Clothing,Puma,Large Malls / Complexes,BOGO Blitz,720549.41,250,2882.20,502.29,4985.85
Clothing,Puma,Large Malls / Complexes,Back to School Boost,573422.85,218,2630.38,507.03,4998.12
Clothing,Puma,Large Malls / Complexes,Birthday Bash Sale,537153.93,191,2812.32,592.49,4997.95
Clothing,Puma,Large Malls / Complexes,Black Friday Blowout,617370.64,213,2898.45,505.64,4995.99
Clothing,Puma,Large Malls / Complexes,Cart Crasher Campaign,496337.00,186,2668.48,513.28,4993.73
Clothing,Puma,Large Malls / Complexes,Cashback Carnival,570714.06,212,2692.05,571.99,4964.81
Clothing,Puma,Large Malls / Complexes,Clearance Countdown,594563.24,219,2714.90,513.63,4990.06
Clothing,Puma,Large Malls / Complexes,Countdown to Savings,547637.03,203,2697.72,504.64,4877.26
Clothing,Puma,Large Malls / Complexes,Customer Appreciation Week,600584.56,217,2767.67,530.75,4923.45
Clothing,Puma,Large Malls / Complexes,Cyber Monday Mania,537728.27,196,2743.51,527.15,4977.22
Clothing,Puma,Large Malls / Complexes,Deal of the Month,528461.07,190,2781.37,509.66,4999.45
Clothing,Puma,Large Malls / Complexes,Double Points Bonanza,583600.09,219,2664.84,518.64,4990.96
Clothing,Puma,Large Malls / Complexes,Early Bird Specials,615215.03,239,2574.12,505.07,4953.71
Clothing,Puma,Large Malls / Complexes,End of Season Sale,502031.20,182,2758.41,503.81,4969.41
Clothing,Puma,Large Malls / Complexes,Exclusive Insider Offers,592219.23,206,2874.85,534.34,4979.41
Clothing,Puma,Large Malls / Complexes,Festive Fever Promo,527577.98,199,2651.15,519.19,4977.01
Clothing,Puma,Large Malls / Complexes,Final Call Frenzy,522361.09,194,2692.58,505.58,4961.36
Clothing,Puma,Large Malls / Complexes,Flash Frenzy Friday,501761.68,197,2547.01,518.09,4955.85
Clothing,Puma,Large Malls / Complexes,"Gift More, Spend Less",586656.58,205,2861.74,504.71,4979.95
Clothing,Puma,Large Malls / Complexes,Golden Hour Bargains,582896.22,207,2815.92,501.78,4996.90
Clothing,Puma,Large Malls / Complexes,Green Weekend Deals,591644.81,212,2790.78,516.31,4999.23
Clothing,Puma,Large Malls / Complexes,Happy Hour Discounts,635282.49,235,2703.33,534.50,4936.49
Clothing,Puma,Large Malls / Complexes,Holiday Shopping Rush,588670.54,213,2763.71,511.70,4969.15
Clothing,Puma,Large Malls / Complexes,Hot Picks Promo,583078.57,215,2711.99,533.24,4982.25
Clothing,Puma,Large Malls / Complexes,Instant Gratification Sale,532702.07,198,2690.41,522.66,4956.20
Clothing,Puma,Large Malls / Complexes,Limited Time Treasures,611344.60,228,2681.34,526.93,4961.11
Clothing,Puma,Large Malls / Complexes,Loyalty Rewards Blast,528669.43,190,2782.47,508.40,4972.66
Clothing,Puma,Large Malls / Complexes,Mega Weekend Bonanza,619120.09,222,2788.83,518.98,4961.17
Clothing,Puma,Large Malls / Complexes,Mid-Year Madness,594643.36,221,2690.69,528.33,4998.11
Clothing,Puma,Large Malls / Complexes,Midnight Madness,566288.26,199,2845.67,515.18,4997.93
Clothing,Puma,Large Malls / Complexes,Mystery Discount Days,563092.36,212,2656.10,519.35,4980.68
Clothing,Puma,Large Malls / Complexes,New Arrival Showcase,566264.38,211,2683.72,511.56,4998.00
Clothing,Puma,Large Malls / Complexes,New Product Launch Promo,605125.60,214,2827.69,509.60,4983.43
Clothing,Puma,Large Malls / Complexes,New Year Kickoff,597225.40,206,2899.15,526.94,4915.69
Clothing,Puma,Large Malls / Complexes,Price Drop Parade,538834.00,204,2641.34,521.85,4997.22
Clothing,Puma,Large Malls / Complexes,Red Tag Clearance,592021.04,219,2703.29,535.29,4990.12
Clothing,Puma,Large Malls / Complexes,Seasonal Surprise Box,524775.36,194,2705.03,518.27,4996.71
Clothing,Puma,Large Malls / Complexes,Shop & Save Spectacular,608975.92,221,2755.55,500.18,4998.56
Clothing,Puma,Large Malls / Complexes,Smart Shopper Week,579472.24,212,2733.36,533.56,4964.13
Clothing,Puma,Large Malls / Complexes,Spring Refresh Event,568667.79,205,2773.99,517.03,4982.29
Clothing,Puma,Large Malls / Complexes,Spring Splash Discounts,605523.54,227,2667.50,500.66,4993.20
Clothing,Puma,Large Malls / Complexes,Summer Sizzle Promo,493417.35,181,2726.06,513.95,4929.12
Clothing,Puma,Large Malls / Complexes,Super Savings Week,568776.76,206,2761.05,536.24,4983.64
Clothing,Puma,Large Malls / Complexes,Ultimate Value Event,524104.35,190,2758.44,506.31,4992.22
Clothing,Puma,Large Malls / Complexes,VIP Access Sale,549145.23,214,2566.10,501.68,4996.77
Clothing,Puma,Large Malls / Complexes,Weekend Warrior Specials,592174.37,214,2767.17,508.77,4995.92
Clothing,Puma,Large Malls / Complexes,Winter Clearance Carnival,578684.83,204,2836.69,504.78,4984.77
Clothing,Puma,Large Malls / Complexes,Winter Wonders Sale,490229.60,194,2526.96,601.81,4925.03
Clothing,Puma,Small Stores / Shops,12 Days of Deals,629684.96,219,2875.27,537.72,4999.40
Clothing,Puma,Small Stores / Shops,Autumn Deals Drive,600790.82,218,2755.92,514.37,4930.28
Clothing,Puma,Small Stores / Shops,BOGO Blitz,612187.37,222,2757.60,516.01,4976.15
Clothing,Puma,Small Stores / Shops,Back to School Boost,555683.70,212,2621.15,509.16,4969.60
Clothing,Puma,Small Stores / Shops,Birthday Bash Sale,634729.76,231,2747.75,505.09,4987.56
Clothing,Puma,Small Stores / Shops,Black Friday Blowout,655522.66,241,2720.01,500.74,4996.19
Clothing,Puma,Small Stores / Shops,Cart Crasher Campaign,599205.21,211,2839.84,525.60,4988.17
Clothing,Puma,Small Stores / Shops,Cashback Carnival,584801.04,206,2838.84,509.31,4985.43
Clothing,Puma,Small Stores / Shops,Clearance Countdown,654125.32,240,2725.52,530.27,4985.37
Clothing,Puma,Small Stores / Shops,Countdown to Savings,615342.99,234,2629.67,541.81,4980.65
Clothing,Puma,Small Stores / Shops,Customer Appreciation Week,602134.80,218,2762.09,503.51,4995.61
Clothing,Puma,Small Stores / Shops,Cyber Monday Mania,635582.74,225,2824.81,563.71,4985.00
Clothing,Puma,Small Stores / Shops,Deal of the Month,605430.69,233,2598.41,526.39,4994.30
Clothing,Puma,Small Stores / Shops,Double Points Bonanza,683654.92,243,2813.39,521.21,4996.75
Clothing,Puma,Small Stores / Shops,Early Bird Specials,641662.65,224,2864.57,514.49,4997.16
Clothing,Puma,Small Stores / Shops,End of Season Sale,669000.41,238,2810.93,505.48,4936.36
Clothing,Puma,Small Stores / Shops,Exclusive Insider Offers,593681.24,216,2748.52,500.07,4960.88
Clothing,Puma,Small Stores / Shops,Festive Fever Promo,614374.87,223,2755.04,516.04,4929.52
Clothing,Puma,Small Stores / Shops,Final Call Frenzy,663872.59,238,2789.38,506.19,4933.92
Clothing,Puma,Small Stores / Shops,Flash Frenzy Friday,611063.28,225,2715.84,513.91,4996.58
Clothing,Puma,Small Stores / Shops,"Gift More, Spend Less",682904.98,241,2833.63,514.52,4995.93
Clothing,Puma,Small Stores / Shops,Golden Hour Bargains,629547.62,225,2797.99,500.57,4994.72
Clothing,Puma,Small Stores / Shops,Green Weekend Deals,620335.25,223,2781.77,525.50,4993.73
Clothing,Puma,Small Stores / Shops,Happy Hour Discounts,595690.30,212,2809.86,507.84,4924.99
Clothing,Puma,Small Stores / Shops,Holiday Shopping Rush,657119.64,245,2682.12,505.46,4997.57
Clothing,Puma,Small Stores / Shops,Hot Picks Promo,616387.17,206,2992.17,519.39,4984.66
Clothing,Puma,Small Stores / Shops,Instant Gratification Sale,612909.79,217,2824.47,518.33,4969.22
Clothing,Puma,Small Stores / Shops,Limited Time Treasures,573068.49,208,2755.14,504.90,4997.38
Clothing,Puma,Small Stores / Shops,Loyalty Rewards Blast,574597.69,210,2736.18,511.31,4981.91
Clothing,Puma,Small Stores / Shops,Mega Weekend Bonanza,661047.22,220,3004.76,503.43,4987.12
Clothing,Puma,Small Stores / Shops,Mid-Year Madness,611160.41,225,2716.27,511.74,4997.99
Clothing,Puma,Small Stores / Shops,Midnight Madness,678293.07,246,2757.29,503.57,4995.53
Clothing,Puma,Small Stores / Shops,Mystery Discount Days,552949.23,206,2684.22,504.07,4975.99
Clothing,Puma,Small Stores / Shops,New Arrival Showcase,551014.41,195,2825.71,520.74,4948.03
Clothing,Puma,Small Stores / Shops,New Product Launch Promo,609068.46,219,2781.13,578.62,4988.38
Clothing,Puma,Small Stores / Shops,New Year Kickoff,693891.27,254,2731.86,503.46,4973.48
Clothing,Puma,Small Stores / Shops,Price Drop Parade,650346.16,240,2709.78,506.95,4999.68
Clothing,Puma,Small Stores / Shops,Red Tag Clearance,672107.03,249,2699.23,530.53,4997.50
Clothing,Puma,Small Stores / Shops,Seasonal Surprise Box,603086.04,210,2871.84,505.17,4982.48
Clothing,Puma,Small Stores / Shops,Shop & Save Spectacular,652793.64,223,2927.33,511.21,4982.93
Clothing,Puma,Small Stores / Shops,Smart Shopper Week,620311.77,225,2756.94,516.12,4997.07
Clothing,Puma,Small Stores / Shops,Spring Refresh Event,611591.28,229,2670.70,565.30,4980.06
Clothing,Puma,Small Stores / Shops,Spring Splash Discounts,569983.88,217,2626.65,525.41,4975.22
Clothing,Puma,Small Stores / Shops,Summer Sizzle Promo,557304.58,197,2828.96,507.53,4998.14
Clothing,Puma,Small Stores / Shops,Super Savings Week,623165.42,216,2885.03,518.09,4998.97
Clothing,Puma,Small Stores / Shops,Ultimate Value Event,615768.95,223,2761.30,508.15,4994.01
Clothing,Puma,Small Stores / Shops,VIP Access Sale,700009.10,245,2857.18,538.95,4953.30
Clothing,Puma,Small Stores / Shops,Weekend Warrior Specials,577588.51,215,2686.46,535.23,4995.02
Clothing,Puma,Small Stores / Shops,Winter Clearance Carnival,588530.65,213,2763.05,532.81,4972.59
Clothing,Puma,Small Stores / Shops,Winter Wonders Sale,615464.12,228,2699.40,523.98,4977.17
Clothing,Puma,Supermarkets ,12 Days of Deals,621671.11,229,2714.72,502.77,4959.05
Clothing,Puma,Supermarkets ,Autumn Deals Drive,593614.95,210,2826.74,504.68,4964.22
Clothing,Puma,Supermarkets ,BOGO Blitz,576127.70,224,2572.00,500.97,4991.71
Clothing,Puma,Supermarkets ,Back to School Boost,576052.77,215,2679.32,510.27,4973.13
Clothing,Puma,Supermarkets ,Birthday Bash Sale,698968.73,236,2961.73,554.52,4974.06
Clothing,Puma,Supermarkets ,Black Friday Blowout,558651.09,219,2550.92,541.21,4969.48
Clothing,Puma,Supermarkets ,Cart Crasher Campaign,672703.22,244,2756.98,515.70,4996.89
Clothing,Puma,Supermarkets ,Cashback Carnival,602796.40,211,2856.85,519.82,4997.64
Clothing,Puma,Supermarkets ,Clearance Countdown,667477.30,247,2702.34,520.55,4985.43
Clothing,Puma,Supermarkets ,Countdown to Savings,627967.43,235,2672.20,507.32,4991.40
Clothing,Puma,Supermarkets ,Customer Appreciation Week,602356.67,225,2677.14,508.47,4998.60
Clothing,Puma,Supermarkets ,Cyber Monday Mania,605397.00,206,2938.82,563.18,4990.14
Clothing,Puma,Supermarkets ,Deal of the Month,663438.05,236,2811.18,502.57,4965.52
Clothing,Puma,Supermarkets ,Double Points Bonanza,657693.56,242,2717.74,503.93,4962.40
Clothing,Puma,Supermarkets ,Early Bird Specials,589489.46,205,2875.56,517.50,4979.29
Clothing,Puma,Supermarkets ,End of Season Sale,637712.59,218,2925.29,532.22,4999.17
Clothing,Puma,Supermarkets ,Exclusive Insider Offers,579123.61,208,2784.25,516.25,4998.51
Clothing,Puma,Supermarkets ,Festive Fever Promo,615725.99,234,2631.31,506.40,4998.89
Clothing,Puma,Supermarkets ,Final Call Frenzy,717755.06,252,2848.23,536.12,4993.58
Clothing,Puma,Supermarkets ,Flash Frenzy Friday,569963.98,211,2701.25,517.07,4975.75
Clothing,Puma,Supermarkets ,"Gift More, Spend Less",685618.81,244,2809.91,549.40,4997.42
Clothing,Puma,Supermarkets ,Golden Hour Bargains,681117.74,249,2735.41,520.41,4999.85
Clothing,Puma,Supermarkets ,Green Weekend Deals,625254.79,221,2829.21,572.40,4999.98
Clothing,Puma,Supermarkets ,Happy Hour Discounts,604454.71,233,2594.23,503.04,4990.90
Clothing,Puma,Supermarkets ,Holiday Shopping Rush,661838.48,234,2828.37,517.58,4988.49
Clothing,Puma,Supermarkets ,Hot Picks Promo,585944.58,214,2738.06,530.39,4973.23
Clothing,Puma,Supermarkets ,Instant Gratification Sale,610113.32,232,2629.80,528.99,4932.91
Clothing,Puma,Supermarkets ,Limited Time Treasures,659937.72,235,2808.25,515.15,4989.54
Clothing,Puma,Supermarkets ,Loyalty Rewards Blast,604461.11,218,2772.76,545.68,4995.86
Clothing,Puma,Supermarkets ,Mega Weekend Bonanza,688845.64,244,2823.14,533.63,4995.44
Clothing,Puma,Supermarkets ,Mid-Year Madness,662596.59,239,2772.37,500.82,4990.14
Clothing,Puma,Supermarkets ,Midnight Madness,638208.81,239,2670.33,512.66,4866.26
Clothing,Puma,Supermarkets ,Mystery Discount Days,586420.13,229,2560.79,529.00,4970.75
Clothing,Puma,Supermarkets ,New Arrival Showcase,584684.33,227,2575.70,506.85,4988.35
Clothing,Puma,Supermarkets ,New Product Launch Promo,641545.36,233,2753.41,534.01,4984.83
Clothing,Puma,Supermarkets ,New Year Kickoff,675043.36,239,2824.45,500.45,4994.72
Clothing,Puma,Supermarkets ,Price Drop Parade,623265.41,227,2745.66,513.72,4991.01
Clothing,Puma,Supermarkets ,Red Tag Clearance,519729.13,195,2665.28,502.12,4984.65
Clothing,Puma,Supermarkets ,Seasonal Surprise Box,652091.14,227,2872.65,519.89,4915.74
Clothing,Puma,Supermarkets ,Shop & Save Spectacular,680402.10,231,2945.46,502.20,4962.54
Clothing,Puma,Supermarkets ,Smart Shopper Week,604649.10,224,2699.33,536.44,4995.81
Clothing,Puma,Supermarkets ,Spring Refresh Event,673839.95,249,2706.18,517.63,4987.17
Clothing,Puma,Supermarkets ,Spring Splash Discounts,610205.26,224,2724.13,501.80,4999.01
Clothing,Puma,Supermarkets ,Summer Sizzle Promo,660147.11,228,2895.38,506.24,4990.32
Clothing,Puma,Supermarkets ,Super Savings Week,611127.09,229,2668.68,505.75,4994.09
Clothing,Puma,Supermarkets ,Ultimate Value Event,602010.24,228,2640.40,500.07,4985.05
Clothing,Puma,Supermarkets ,VIP Access Sale,660237.05,246,2683.89,528.56,4992.69
Clothing,Puma,Supermarkets ,Weekend Warrior Specials,755569.95,268,2819.29,538.43,4998.52
Clothing,Puma,Supermarkets ,Winter Clearance Carnival,525863.09,201,2616.23,509.87,4993.54
Clothing,Puma,Supermarkets ,Winter Wonders Sale,621707.09,228,2726.79,505.91,4943.57
Clothing,Zara,Large Malls / Complexes,12 Days of Deals,481395.04,185,2602.14,519.41,4951.22
Clothing,Zara,Large Malls / Complexes,Autumn Deals Drive,547622.65,202,2711.00,520.26,4981.28
Clothing,Zara,Large Malls / Complexes,BOGO Blitz,682795.83,224,3048.20,513.67,4970.66
Clothing,Zara,Large Malls / Complexes,Back to School Boost,572185.45,202,2832.60,531.12,4970.33
Clothing,Zara,Large Malls / Complexes,Birthday Bash Sale,544521.36,199,2736.29,513.81,4985.44
Clothing,Zara,Large Malls / Complexes,Black Friday Blowout,544156.02,196,2776.31,502.21,4960.22
Clothing,Zara,Large Malls / Complexes,Cart Crasher Campaign,548087.03,198,2768.12,519.47,4986.36
Clothing,Zara,Large Malls / Complexes,Cashback Carnival,531298.96,191,2781.67,545.77,4964.30
Clothing,Zara,Large Malls / Complexes,Clearance Countdown,539984.20,199,2713.49,500.46,4999.80
Clothing,Zara,Large Malls / Complexes,Countdown to Savings,580713.45,209,2778.53,526.44,4949.51
Clothing,Zara,Large Malls / Complexes,Customer Appreciation Week,638285.87,230,2775.16,505.57,4964.05
Clothing,Zara,Large Malls / Complexes,Cyber Monday Mania,579596.95,211,2746.90,528.42,4991.94
Clothing,Zara,Large Malls / Complexes,Deal of the Month,569586.41,203,2805.84,520.26,4945.57
Clothing,Zara,Large Malls / Complexes,Double Points Bonanza,603534.50,222,2718.62,537.17,4999.44
Clothing,Zara,Large Malls / Complexes,Early Bird Specials,665036.49,233,2854.23,518.42,4991.60
Clothing,Zara,Large Malls / Complexes,End of Season Sale,527617.28,205,2573.74,518.66,4934.95
Clothing,Zara,Large Malls / Complexes,Exclusive Insider Offers,595306.64,217,2743.35,556.09,4970.64
Clothing,Zara,Large Malls / Complexes,Festive Fever Promo,521397.82,193,2701.54,513.89,4991.64
Clothing,Zara,Large Malls / Complexes,Final Call Frenzy,572471.24,214,2675.10,501.00,4970.24
Clothing,Zara,Large Malls / Complexes,Flash Frenzy Friday,551137.35,198,2783.52,528.55,4993.36
Clothing,Zara,Large Malls / Complexes,"Gift More, Spend Less",636148.16,213,2986.61,514.09,4981.44
Clothing,Zara,Large Malls / Complexes,Golden Hour Bargains,594342.97,209,2843.75,501.59,4978.87
Clothing,Zara,Large Malls / Complexes,Green Weekend Deals,573044.17,213,2690.35,529.73,4952.23
Clothing,Zara,Large Malls / Complexes,Happy Hour Discounts,639815.00,241,2654.83,559.34,4973.50
Clothing,Zara,Large Malls / Complexes,Holiday Shopping Rush,553803.97,207,2675.38,503.29,4996.42
Clothing,Zara,Large Malls / Complexes,Hot Picks Promo,601109.35,207,2903.91,502.01,4988.19
Clothing,Zara,Large Malls / Complexes,Instant Gratification Sale,593757.30,229,2592.83,503.90,4993.08
Clothing,Zara,Large Malls / Complexes,Limited Time Treasures,613492.84,218,2814.19,510.34,4982.15
Clothing,Zara,Large Malls / Complexes,Loyalty Rewards Blast,607578.70,221,2749.22,544.56,4960.16
Clothing,Zara,Large Malls / Complexes,Mega Weekend Bonanza,503908.20,183,2753.60,524.86,4995.03
Clothing,Zara,Large Malls / Complexes,Mid-Year Madness,624183.83,231,2702.09,511.04,4997.54
Clothing,Zara,Large Malls / Complexes,Midnight Madness,571222.90,215,2656.85,638.54,4982.40
Clothing,Zara,Large Malls / Complexes,Mystery Discount Days,556791.23,218,2554.09,500.93,4961.47
Clothing,Zara,Large Malls / Complexes,New Arrival Showcase,550420.65,188,2927.77,516.45,4957.90
Clothing,Zara,Large Malls / Complexes,New Product Launch Promo,587208.82,228,2575.48,503.34,4992.60
Clothing,Zara,Large Malls / Complexes,New Year Kickoff,508197.62,181,2807.72,546.48,4981.56
Clothing,Zara,Large Malls / Complexes,Price Drop Parade,600566.49,211,2846.29,521.48,4995.75
Clothing,Zara,Large Malls / Complexes,Red Tag Clearance,600093.91,209,2871.26,591.16,4999.45
Clothing,Zara,Large Malls / Complexes,Seasonal Surprise Box,573285.44,214,2678.90,510.40,4984.25
Clothing,Zara,Large Malls / Complexes,Shop & Save Spectacular,613657.20,216,2841.01,502.52,4999.91
Clothing,Zara,Large Malls / Complexes,Smart Shopper Week,605877.63,212,2857.91,526.21,4997.75
Clothing,Zara,Large Malls / Complexes,Spring Refresh Event,596344.75,210,2839.74,506.20,4989.71
Clothing,Zara,Large Malls / Complexes,Spring Splash Discounts,504200.49,181,2785.64,505.77,4983.92
Clothing,Zara,Large Malls / Complexes,Summer Sizzle Promo,631814.29,224,2820.60,510.41,4998.58
Clothing,Zara,Large Malls / Complexes,Super Savings Week,528811.04,195,2711.85,517.15,4992.52
Clothing,Zara,Large Malls / Complexes,Ultimate Value Event,588597.81,211,2789.56,504.23,4982.94
Clothing,Zara,Large Malls / Complexes,VIP Access Sale,592315.72,209,2834.05,523.97,4999.71
Clothing,Zara,Large Malls / Complexes,Weekend Warrior Specials,578240.08,212,2727.55,515.36,4951.04
Clothing,Zara,Large Malls / Complexes,Winter Clearance Carnival,597313.33,208,2871.70,538.72,4991.29
Clothing,Zara,Large Malls / Complexes,Winter Wonders Sale,530334.37,198,2678.46,526.45,4968.46
Clothing,Zara,Small Stores / Shops,12 Days of Deals,591582.57,220,2689.01,523.27,4958.04
Clothing,Zara,Small Stores / Shops,Autumn Deals Drive,704980.51,263,2680.53,514.74,4992.31
Clothing,Zara,Small Stores / Shops,BOGO Blitz,617323.11,233,2649.46,530.02,4999.45
Clothing,Zara,Small Stores / Shops,Back to School Boost,519720.23,189,2749.84,506.82,4986.50
Clothing,Zara,Small Stores / Shops,Birthday Bash Sale,582550.82,211,2760.90,550.29,4992.91
Clothing,Zara,Small Stores / Shops,Black Friday Blowout,629857.29,221,2850.03,505.39,4977.88
Clothing,Zara,Small Stores / Shops,Cart Crasher Campaign,600404.50,219,2741.57,515.65,4971.66
Clothing,Zara,Small Stores / Shops,Cashback Carnival,589075.75,214,2752.69,513.23,4968.31
Clothing,Zara,Small Stores / Shops,Clearance Countdown,659974.36,244,2704.81,516.15,4992.47
Clothing,Zara,Small Stores / Shops,Countdown to Savings,556126.54,206,2699.64,504.23,4990.06
Clothing,Zara,Small Stores / Shops,Customer Appreciation Week,590464.73,218,2708.55,513.31,4978.37
Clothing,Zara,Small Stores / Shops,Cyber Monday Mania,556600.36,204,2728.43,521.44,4980.20
Clothing,Zara,Small Stores / Shops,Deal of the Month,596676.02,215,2775.24,506.49,4990.92
Clothing,Zara,Small Stores / Shops,Double Points Bonanza,580872.68,209,2779.30,515.01,4995.86
Clothing,Zara,Small Stores / Shops,Early Bird Specials,648038.15,228,2842.27,510.92,4988.19
Clothing,Zara,Small Stores / Shops,End of Season Sale,557995.77,201,2776.10,504.46,4980.78
Clothing,Zara,Small Stores / Shops,Exclusive Insider Offers,727611.72,266,2735.38,500.32,4989.88
Clothing,Zara,Small Stores / Shops,Festive Fever Promo,605993.43,226,2681.39,564.57,4964.03
Clothing,Zara,Small Stores / Shops,Final Call Frenzy,489054.25,180,2716.97,517.29,4908.64
Clothing,Zara,Small Stores / Shops,Flash Frenzy Friday,631510.13,225,2806.71,506.08,4984.44
Clothing,Zara,Small Stores / Shops,"Gift More, Spend Less",649191.58,227,2859.87,537.81,4928.97
Clothing,Zara,Small Stores / Shops,Golden Hour Bargains,618887.35,224,2762.89,514.14,4994.31
Clothing,Zara,Small Stores / Shops,Green Weekend Deals,634019.58,230,2756.61,502.55,4992.17
Clothing,Zara,Small Stores / Shops,Happy Hour Discounts,647647.40,225,2878.43,529.25,4990.80
Clothing,Zara,Small Stores / Shops,Holiday Shopping Rush,520792.99,197,2643.62,503.85,4970.10
Clothing,Zara,Small Stores / Shops,Hot Picks Promo,565800.23,218,2595.41,504.12,4957.64
Clothing,Zara,Small Stores / Shops,Instant Gratification Sale,554012.64,200,2770.06,508.35,4955.41
Clothing,Zara,Small Stores / Shops,Limited Time Treasures,638382.62,232,2751.65,507.40,4999.81
Clothing,Zara,Small Stores / Shops,Loyalty Rewards Blast,714559.97,244,2928.52,525.22,4992.46
Clothing,Zara,Small Stores / Shops,Mega Weekend Bonanza,573083.40,214,2677.96,512.13,4950.71
Clothing,Zara,Small Stores / Shops,Mid-Year Madness,656969.37,226,2906.94,521.80,4997.09
Clothing,Zara,Small Stores / Shops,Midnight Madness,639170.24,232,2755.04,500.50,4988.44
Clothing,Zara,Small Stores / Shops,Mystery Discount Days,612563.47,222,2759.29,576.99,4995.70
Clothing,Zara,Small Stores / Shops,New Arrival Showcase,661662.32,241,2745.49,506.65,4996.20
Clothing,Zara,Small Stores / Shops,New Product Launch Promo,531888.11,204,2607.29,553.95,4940.87
Clothing,Zara,Small Stores / Shops,New Year Kickoff,550447.91,207,2659.17,522.02,4992.69
Clothing,Zara,Small Stores / Shops,Price Drop Parade,594482.18,224,2653.94,507.96,4984.02
Clothing,Zara,Small Stores / Shops,Red Tag Clearance,654686.87,228,2871.43,540.18,4994.15
Clothing,Zara,Small Stores / Shops,Seasonal Surprise Box,642599.17,234,2746.15,515.96,4965.35
Clothing,Zara,Small Stores / Shops,Shop & Save Spectacular,571606.25,200,2858.03,501.24,4997.93
Clothing,Zara,Small Stores / Shops,Smart Shopper Week,589236.59,220,2678.35,505.75,4999.73
Clothing,Zara,Small Stores / Shops,Spring Refresh Event,571200.56,207,2759.42,513.21,4995.99
Clothing,Zara,Small Stores / Shops,Spring Splash Discounts,587603.94,215,2733.04,509.24,4989.56
Clothing,Zara,Small Stores / Shops,Summer Sizzle Promo,533157.44,193,2762.47,529.93,4959.26
Clothing,Zara,Small Stores / Shops,Super Savings Week,560987.77,211,2658.71,507.31,4998.42
Clothing,Zara,Small Stores / Shops,Ultimate Value Event,571679.17,203,2816.15,544.86,4999.82
Clothing,Zara,Small Stores / Shops,VIP Access Sale,631988.79,225,2808.84,530.27,4930.29
Clothing,Zara,Small Stores / Shops,Weekend Warrior Specials,695875.82,255,2728.92,531.77,4989.06
Clothing,Zara,Small Stores / Shops,Winter Clearance Carnival,608782.76,217,2805.45,502.03,4956.67
Clothing,Zara,Small Stores / Shops,Winter Wonders Sale,672408.90,244,2755.77,527.33,4968.59
Clothing,Zara,Supermarkets ,12 Days of Deals,626277.72,232,2699.47,513.52,4946.81
Clothing,Zara,Supermarkets ,Autumn Deals Drive,611156.83,224,2728.38,501.28,4990.52
Clothing,Zara,Supermarkets ,BOGO Blitz,594864.27,229,2597.66,513.95,4989.78
Clothing,Zara,Supermarkets ,Back to School Boost,634707.53,231,2747.65,574.63,4969.60
Clothing,Zara,Supermarkets ,Birthday Bash Sale,594775.38,214,2779.32,506.06,4991.13
Clothing,Zara,Supermarkets ,Black Friday Blowout,667151.05,236,2826.91,537.43,4989.75
Clothing,Zara,Supermarkets ,Cart Crasher Campaign,628686.93,221,2844.74,512.62,4997.29
Clothing,Zara,Supermarkets ,Cashback Carnival,582129.98,218,2670.32,505.92,4910.83
Clothing,Zara,Supermarkets ,Clearance Countdown,687645.32,248,2772.76,507.81,4972.17
Clothing,Zara,Supermarkets ,Countdown to Savings,670310.22,234,2864.57,503.90,4957.97
Clothing,Zara,Supermarkets ,Customer Appreciation Week,673501.13,236,2853.82,528.95,4964.23
Clothing,Zara,Supermarkets ,Cyber Monday Mania,573788.83,217,2644.19,524.10,4995.44
Clothing,Zara,Supermarkets ,Deal of the Month,666140.28,249,2675.26,505.18,4994.87
Clothing,Zara,Supermarkets ,Double Points Bonanza,686584.08,244,2813.87,504.72,4981.32
Clothing,Zara,Supermarkets ,Early Bird Specials,585526.89,222,2637.51,506.63,4961.59
Clothing,Zara,Supermarkets ,End of Season Sale,594840.24,221,2691.58,509.09,4993.28
Clothing,Zara,Supermarkets ,Exclusive Insider Offers,556499.42,196,2839.28,510.18,4991.57
Clothing,Zara,Supermarkets ,Festive Fever Promo,660331.97,247,2673.41,538.62,4990.63
Clothing,Zara,Supermarkets ,Final Call Frenzy,621980.19,222,2801.71,503.34,4993.90
Clothing,Zara,Supermarkets ,Flash Frenzy Friday,674144.90,249,2707.41,522.10,4986.49
Clothing,Zara,Supermarkets ,"Gift More, Spend Less",616236.97,217,2839.80,503.15,4989.04
Clothing,Zara,Supermarkets ,Golden Hour Bargains,597986.63,220,2718.12,521.72,4991.19
Clothing,Zara,Supermarkets ,Green Weekend Deals,687333.17,249,2760.37,512.49,4990.50
Clothing,Zara,Supermarkets ,Happy Hour Discounts,647892.55,229,2829.23,517.05,4989.47
Clothing,Zara,Supermarkets ,Holiday Shopping Rush,571084.07,203,2813.22,517.06,4978.35
Clothing,Zara,Supermarkets ,Hot Picks Promo,615122.13,219,2808.78,502.48,4989.52
Clothing,Zara,Supermarkets ,Instant Gratification Sale,578607.81,208,2781.77,520.10,4997.44
Clothing,Zara,Supermarkets ,Limited Time Treasures,563199.65,197,2858.88,506.89,4979.27
Clothing,Zara,Supermarkets ,Loyalty Rewards Blast,607272.30,231,2628.88,530.25,4997.44
Clothing,Zara,Supermarkets ,Mega Weekend Bonanza,690260.71,250,2761.04,526.35,4988.26
Clothing,Zara,Supermarkets ,Mid-Year Madness,615233.92,235,2618.02,502.44,4953.63
Clothing,Zara,Supermarkets ,Midnight Madness,631943.70,227,2783.89,555.95,4981.54
Clothing,Zara,Supermarkets ,Mystery Discount Days,581116.51,205,2834.71,542.29,4998.98
Clothing,Zara,Supermarkets ,New Arrival Showcase,686623.35,259,2651.06,510.69,4956.79
Clothing,Zara,Supermarkets ,New Product Launch Promo,602048.77,227,2652.20,501.71,4970.23
Clothing,Zara,Supermarkets ,New Year Kickoff,617750.09,227,2721.37,531.60,4990.26
Clothing,Zara,Supermarkets ,Price Drop Parade,676008.74,246,2748.00,503.25,4955.14
Clothing,Zara,Supermarkets ,Red Tag Clearance,673458.90,239,2817.82,516.38,4981.37
Clothing,Zara,Supermarkets ,Seasonal Surprise Box,676750.99,243,2784.98,502.82,4988.87
Clothing,Zara,Supermarkets ,Shop & Save Spectacular,641497.91,236,2718.21,521.13,4997.38
Clothing,Zara,Supermarkets ,Smart Shopper Week,633007.49,216,2930.59,509.54,4980.22
Clothing,Zara,Supermarkets ,Spring Refresh Event,596578.58,219,2724.10,508.91,4994.74
Clothing,Zara,Supermarkets ,Spring Splash Discounts,638003.42,235,2714.91,524.51,4983.14
Clothing,Zara,Supermarkets ,Summer Sizzle Promo,676035.33,248,2725.95,571.99,4991.33
Clothing,Zara,Supermarkets ,Super Savings Week,537836.24,205,2623.59,505.22,4991.65
Clothing,Zara,Supermarkets ,Ultimate Value Event,664461.14,250,2657.84,516.34,4993.23
Clothing,Zara,Supermarkets ,VIP Access Sale,661329.25,233,2838.32,522.66,4958.73
Clothing,Zara,Supermarkets ,Weekend Warrior Specials,603023.97,223,2704.14,502.76,4991.98
Clothing,Zara,Supermarkets ,Winter Clearance Carnival,628221.57,223,2817.14,510.17,4994.24
Clothing,Zara,Supermarkets ,Winter Wonders Sale,630177.65,230,2739.90,502.39,4971.63
Electronics,Apple,Large Malls / Complexes,12 Days of Deals,532382.77,195,2730.17,597.06,4970.33
Electronics,Apple,Large Malls / Complexes,Autumn Deals Drive,528397.00,188,2810.62,518.47,4985.10
Electronics,Apple,Large Malls / Complexes,BOGO Blitz,438959.73,160,2743.50,507.85,4967.49
Electronics,Apple,Large Malls / Complexes,Back to School Boost,500612.68,192,2607.36,579.91,4988.38
Electronics,Apple,Large Malls / Complexes,Birthday Bash Sale,598557.02,216,2771.10,550.98,4978.05
Electronics,Apple,Large Malls / Complexes,Black Friday Blowout,627736.21,237,2648.68,521.24,4939.20
Electronics,Apple,Large Malls / Complexes,Cart Crasher Campaign,571633.38,202,2829.87,508.39,4963.92
Electronics,Apple,Large Malls / Complexes,Cashback Carnival,566665.36,202,2805.27,522.52,4988.77
Electronics,Apple,Large Malls / Complexes,Clearance Countdown,540430.12,199,2715.73,586.54,4956.48
Electronics,Apple,Large Malls / Complexes,Countdown to Savings,581059.92,220,2641.18,500.60,4989.61
Electronics,Apple,Large Malls / Complexes,Customer Appreciation Week,538472.63,187,2879.53,517.88,4998.63
Electronics,Apple,Large Malls / Complexes,Cyber Monday Mania,552320.27,201,2747.86,518.12,4990.26
Electronics,Apple,Large Malls / Complexes,Deal of the Month,639460.43,225,2842.05,604.27,4975.80
Electronics,Apple,Large Malls / Complexes,Double Points Bonanza,541444.41,200,2707.22,562.96,4999.96
Electronics,Apple,Large Malls / Complexes,Early Bird Specials,484123.93,182,2660.02,575.05,4960.42
Electronics,Apple,Large Malls / Complexes,End of Season Sale,548440.37,195,2812.51,504.05,4965.76
Electronics,Apple,Large Malls / Complexes,Exclusive Insider Offers,608974.61,232,2624.89,526.79,4974.61
Electronics,Apple,Large Malls / Complexes,Festive Fever Promo,560250.84,203,2759.86,500.64,4901.48
Electronics,Apple,Large Malls / Complexes,Final Call Frenzy,575941.07,215,2678.80,500.25,4987.50
Electronics,Apple,Large Malls / Complexes,Flash Frenzy Friday,523303.26,204,2565.21,505.17,4990.29
Electronics,Apple,Large Malls / Complexes,"Gift More, Spend Less",554362.09,204,2717.46,519.09,4956.17
Electronics,Apple,Large Malls / Complexes,Golden Hour Bargains,590357.39,210,2811.23,502.34,4995.98
Electronics,Apple,Large Malls / Complexes,Green Weekend Deals,504728.94,172,2934.47,542.53,4999.77
Electronics,Apple,Large Malls / Complexes,Happy Hour Discounts,575782.64,207,2781.56,521.65,4993.94
Electronics,Apple,Large Malls / Complexes,Holiday Shopping Rush,543503.74,197,2758.90,528.27,4987.03
Electronics,Apple,Large Malls / Complexes,Hot Picks Promo,632187.37,220,2873.58,505.53,4974.13
Electronics,Apple,Large Malls / Complexes,Instant Gratification Sale,615935.03,232,2654.89,544.57,4977.17
Electronics,Apple,Large Malls / Complexes,Limited Time Treasures,617681.25,221,2794.94,536.75,4968.06
Electronics,Apple,Large Malls / Complexes,Loyalty Rewards Blast,520264.35,194,2681.78,536.35,4966.00
Electronics,Apple,Large Malls / Complexes,Mega Weekend Bonanza,557081.66,201,2771.55,511.57,4956.74
Electronics,Apple,Large Malls / Complexes,Mid-Year Madness,596559.28,210,2840.76,506.67,4989.21
Electronics,Apple,Large Malls / Complexes,Midnight Madness,582919.58,209,2789.09,538.82,4999.83
Electronics,Apple,Large Malls / Complexes,Mystery Discount Days,591390.43,205,2884.83,500.77,4986.37
Electronics,Apple,Large Malls / Complexes,New Arrival Showcase,617836.30,217,2847.17,519.44,4999.20
Electronics,Apple,Large Malls / Complexes,New Product Launch Promo,610743.20,228,2678.70,541.64,4916.79
Electronics,Apple,Large Malls / Complexes,New Year Kickoff,696940.67,246,2833.09,526.40,4996.42
Electronics,Apple,Large Malls / Complexes,Price Drop Parade,559225.29,205,2727.93,511.56,4960.26
Electronics,Apple,Large Malls / Complexes,Red Tag Clearance,596776.92,217,2750.12,544.24,4985.06
Electronics,Apple,Large Malls / Complexes,Seasonal Surprise Box,626207.71,226,2770.83,509.83,4997.26
Electronics,Apple,Large Malls / Complexes,Shop & Save Spectacular,601357.91,218,2758.52,513.31,4982.70
Electronics,Apple,Large Malls / Complexes,Smart Shopper Week,584030.96,214,2729.12,545.66,4997.75
Electronics,Apple,Large Malls / Complexes,Spring Refresh Event,638271.22,225,2836.76,509.24,4998.88
Electronics,Apple,Large Malls / Complexes,Spring Splash Discounts,507877.38,180,2821.54,524.04,4935.09
Electronics,Apple,Large Malls / Complexes,Summer Sizzle Promo,525182.84,185,2838.83,501.20,4969.25
Electronics,Apple,Large Malls / Complexes,Super Savings Week,564306.27,210,2687.17,545.86,4996.76
Electronics,Apple,Large Malls / Complexes,Ultimate Value Event,633463.52,226,2802.94,541.37,4998.93
Electronics,Apple,Large Malls / Complexes,VIP Access Sale,597869.94,223,2681.03,522.89,4993.82
Electronics,Apple,Large Malls / Complexes,Weekend Warrior Specials,530553.39,204,2600.75,509.94,4940.93
Electronics,Apple,Large Malls / Complexes,Winter Clearance Carnival,623947.05,236,2643.84,511.37,4961.60
Electronics,Apple,Large Malls / Complexes,Winter Wonders Sale,519023.63,195,2661.66,602.04,4979.50
Electronics,Apple,Small Stores / Shops,12 Days of Deals,566340.93,213,2658.88,510.31,4956.65
Electronics,Apple,Small Stores / Shops,Autumn Deals Drive,614612.89,219,2806.45,519.51,4966.20
Electronics,Apple,Small Stores / Shops,BOGO Blitz,583994.93,220,2654.52,517.95,4998.43
Electronics,Apple,Small Stores / Shops,Back to School Boost,583585.63,216,2701.79,501.01,4991.54
Electronics,Apple,Small Stores / Shops,Birthday Bash Sale,634756.35,235,2701.09,504.53,4983.95
Electronics,Apple,Small Stores / Shops,Black Friday Blowout,633710.37,228,2779.43,522.18,4989.77
Electronics,Apple,Small Stores / Shops,Cart Crasher Campaign,656803.14,240,2736.68,526.19,4966.70
Electronics,Apple,Small Stores / Shops,Cashback Carnival,614806.43,218,2820.21,500.55,4941.15
Electronics,Apple,Small Stores / Shops,Clearance Countdown,587934.07,205,2867.97,518.31,4982.48
Electronics,Apple,Small Stores / Shops,Countdown to Savings,628902.99,231,2722.52,505.11,4966.84
Electronics,Apple,Small Stores / Shops,Customer Appreciation Week,639417.68,233,2744.28,510.56,4997.50
Electronics,Apple,Small Stores / Shops,Cyber Monday Mania,597984.80,223,2681.55,535.88,4970.73
Electronics,Apple,Small Stores / Shops,Deal of the Month,587456.39,213,2758.01,507.33,4997.93
Electronics,Apple,Small Stores / Shops,Double Points Bonanza,590209.42,219,2695.02,500.80,4962.94
Electronics,Apple,Small Stores / Shops,Early Bird Specials,612557.81,228,2686.66,511.39,4982.24
Electronics,Apple,Small Stores / Shops,End of Season Sale,697432.42,244,2858.33,549.98,4995.06
Electronics,Apple,Small Stores / Shops,Exclusive Insider Offers,624529.51,223,2800.58,536.56,4986.42
Electronics,Apple,Small Stores / Shops,Festive Fever Promo,599058.88,212,2825.75,524.53,4994.26
Electronics,Apple,Small Stores / Shops,Final Call Frenzy,571458.00,214,2670.36,509.54,4969.68
Electronics,Apple,Small Stores / Shops,Flash Frenzy Friday,552471.01,190,2907.74,604.14,4990.08
Electronics,Apple,Small Stores / Shops,"Gift More, Spend Less",561497.01,213,2636.14,508.46,4993.33
Electronics,Apple,Small Stores / Shops,Golden Hour Bargains,550854.04,203,2713.57,543.96,4993.39
Electronics,Apple,Small Stores / Shops,Green Weekend Deals,653134.12,235,2779.29,508.03,4983.70
Electronics,Apple,Small Stores / Shops,Happy Hour Discounts,615772.75,228,2700.76,539.60,4984.26
Electronics,Apple,Small Stores / Shops,Holiday Shopping Rush,602484.59,208,2896.56,500.26,4988.74
Electronics,Apple,Small Stores / Shops,Hot Picks Promo,577602.28,209,2763.65,553.05,4986.36
Electronics,Apple,Small Stores / Shops,Instant Gratification Sale,590960.17,228,2591.93,510.27,4993.60
Electronics,Apple,Small Stores / Shops,Limited Time Treasures,681519.95,251,2715.22,520.41,4973.60
Electronics,Apple,Small Stores / Shops,Loyalty Rewards Blast,701232.71,256,2739.19,508.20,4996.70
Electronics,Apple,Small Stores / Shops,Mega Weekend Bonanza,625323.26,230,2718.80,504.97,4958.79
Electronics,Apple,Small Stores / Shops,Mid-Year Madness,635550.04,224,2837.28,505.44,4946.83
Electronics,Apple,Small Stores / Shops,Midnight Madness,651182.24,230,2831.23,532.81,4998.11
Electronics,Apple,Small Stores / Shops,Mystery Discount Days,705960.55,248,2846.62,525.96,4996.44
Electronics,Apple,Small Stores / Shops,New Arrival Showcase,592348.52,212,2794.10,522.67,4997.32
Electronics,Apple,Small Stores / Shops,New Product Launch Promo,669138.62,247,2709.06,540.97,4981.24
Electronics,Apple,Small Stores / Shops,New Year Kickoff,619081.20,225,2751.47,512.61,4976.30
Electronics,Apple,Small Stores / Shops,Price Drop Parade,610568.62,217,2813.68,534.32,4996.99
Electronics,Apple,Small Stores / Shops,Red Tag Clearance,608332.91,227,2679.88,501.68,4991.96
Electronics,Apple,Small Stores / Shops,Seasonal Surprise Box,626282.00,232,2699.49,518.17,4991.81
Electronics,Apple,Small Stores / Shops,Shop & Save Spectacular,625911.25,227,2757.32,544.21,4994.26
Electronics,Apple,Small Stores / Shops,Smart Shopper Week,730051.59,260,2807.89,504.91,4982.77
Electronics,Apple,Small Stores / Shops,Spring Refresh Event,607637.03,220,2761.99,509.43,4983.87
Electronics,Apple,Small Stores / Shops,Spring Splash Discounts,653683.07,228,2867.03,515.83,4998.48
Electronics,Apple,Small Stores / Shops,Summer Sizzle Promo,601999.08,225,2675.55,510.80,4995.70
Electronics,Apple,Small Stores / Shops,Super Savings Week,642743.28,230,2794.54,544.30,4995.51
Electronics,Apple,Small Stores / Shops,Ultimate Value Event,583047.31,214,2724.52,519.49,4999.80
Electronics,Apple,Small Stores / Shops,VIP Access Sale,597319.14,217,2752.62,503.41,4944.64
Electronics,Apple,Small Stores / Shops,Weekend Warrior Specials,625293.42,222,2816.64,541.17,4986.26
Electronics,Apple,Small Stores / Shops,Winter Clearance Carnival,655916.59,242,2710.40,513.61,4980.20
Electronics,Apple,Small Stores / Shops,Winter Wonders Sale,637020.45,226,2818.67,538.75,4991.72
Electronics,Apple,Supermarkets ,12 Days of Deals,636874.49,239,2664.75,562.23,4987.59
Electronics,Apple,Supermarkets ,Autumn Deals Drive,619658.63,227,2729.77,535.79,4933.07
Electronics,Apple,Supermarkets ,BOGO Blitz,582959.53,227,2568.10,528.14,4942.61
Electronics,Apple,Supermarkets ,Back to School Boost,695255.00,249,2792.19,530.14,4962.61
Electronics,Apple,Supermarkets ,Birthday Bash Sale,610987.02,214,2855.08,567.78,4995.40
Electronics,Apple,Supermarkets ,Black Friday Blowout,633596.58,234,2707.68,511.49,4994.08
Electronics,Apple,Supermarkets ,Cart Crasher Campaign,643638.32,237,2715.77,511.88,4998.84
Electronics,Apple,Supermarkets ,Cashback Carnival,619057.35,224,2763.65,511.73,4992.85
Electronics,Apple,Supermarkets ,Clearance Countdown,691472.31,245,2822.34,510.87,4960.06
Electronics,Apple,Supermarkets ,Countdown to Savings,605278.41,232,2608.96,522.02,4989.36
Electronics,Apple,Supermarkets ,Customer Appreciation Week,693871.49,256,2710.44,507.42,4983.41
Electronics,Apple,Supermarkets ,Cyber Monday Mania,653054.02,239,2732.44,526.23,4989.43
Electronics,Apple,Supermarkets ,Deal of the Month,629949.41,223,2824.89,520.13,4999.96
Electronics,Apple,Supermarkets ,Double Points Bonanza,511066.07,184,2777.53,509.10,4980.94
Electronics,Apple,Supermarkets ,Early Bird Specials,612808.28,234,2618.84,503.12,4973.65
Electronics,Apple,Supermarkets ,End of Season Sale,592881.25,226,2623.37,509.28,4997.96
Electronics,Apple,Supermarkets ,Exclusive Insider Offers,667653.30,239,2793.53,528.96,4997.92
Electronics,Apple,Supermarkets ,Festive Fever Promo,634592.49,238,2666.35,501.00,4977.00
Electronics,Apple,Supermarkets ,Final Call Frenzy,682262.37,243,2807.66,509.18,4992.74
Electronics,Apple,Supermarkets ,Flash Frenzy Friday,581678.41,221,2632.03,518.70,4965.81
Electronics,Apple,Supermarkets ,"Gift More, Spend Less",577391.90,215,2685.54,513.99,4967.17
Electronics,Apple,Supermarkets ,Golden Hour Bargains,613863.75,227,2704.25,526.52,4996.32
Electronics,Apple,Supermarkets ,Green Weekend Deals,624768.83,233,2681.41,517.70,4991.30
Electronics,Apple,Supermarkets ,Happy Hour Discounts,667230.51,230,2901.00,532.22,4990.56
Electronics,Apple,Supermarkets ,Holiday Shopping Rush,644190.48,241,2672.99,502.32,4991.74
Electronics,Apple,Supermarkets ,Hot Picks Promo,633051.08,232,2728.67,519.48,4995.24
Electronics,Apple,Supermarkets ,Instant Gratification Sale,659241.48,236,2793.40,501.85,4996.98
Electronics,Apple,Supermarkets ,Limited Time Treasures,541704.90,205,2642.46,502.69,4977.48
Electronics,Apple,Supermarkets ,Loyalty Rewards Blast,654322.09,229,2857.30,513.80,4991.91
Electronics,Apple,Supermarkets ,Mega Weekend Bonanza,646824.54,230,2812.28,527.11,4977.51
Electronics,Apple,Supermarkets ,Mid-Year Madness,502481.14,192,2617.09,509.00,4993.10
Electronics,Apple,Supermarkets ,Midnight Madness,612476.64,231,2651.41,514.32,4996.09
Electronics,Apple,Supermarkets ,Mystery Discount Days,558371.42,196,2848.83,527.53,4996.73
Electronics,Apple,Supermarkets ,New Arrival Showcase,682699.40,253,2698.42,508.74,4981.04
Electronics,Apple,Supermarkets ,New Product Launch Promo,670386.88,255,2628.97,511.01,4989.38
Electronics,Apple,Supermarkets ,New Year Kickoff,626049.02,229,2733.84,503.50,4984.25
Electronics,Apple,Supermarkets ,Price Drop Parade,664124.19,235,2826.06,534.99,4987.47
Electronics,Apple,Supermarkets ,Red Tag Clearance,620381.38,219,2832.79,514.32,4943.14
Electronics,Apple,Supermarkets ,Seasonal Surprise Box,677594.78,245,2765.69,500.70,4989.80
Electronics,Apple,Supermarkets ,Shop & Save Spectacular,625504.11,231,2707.81,503.16,4991.97
Electronics,Apple,Supermarkets ,Smart Shopper Week,641947.87,232,2767.02,535.73,4999.52
Electronics,Apple,Supermarkets ,Spring Refresh Event,714210.37,242,2951.28,528.99,4997.20
Electronics,Apple,Supermarkets ,Spring Splash Discounts,679643.87,246,2762.78,508.55,4957.91
Electronics,Apple,Supermarkets ,Summer Sizzle Promo,554314.33,204,2717.23,510.94,4988.14
Electronics,Apple,Supermarkets ,Super Savings Week,607738.57,220,2762.45,527.66,4972.57
Electronics,Apple,Supermarkets ,Ultimate Value Event,591919.86,204,2901.57,519.87,4990.13
Electronics,Apple,Supermarkets ,VIP Access Sale,717140.84,255,2812.32,554.81,4994.23
Electronics,Apple,Supermarkets ,Weekend Warrior Specials,657981.45,248,2653.15,506.54,4904.05
Electronics,Apple,Supermarkets ,Winter Clearance Carnival,606076.41,230,2635.11,522.78,4995.16
Electronics,Apple,Supermarkets ,Winter Wonders Sale,642954.11,232,2771.35,533.84,4989.20
Electronics,LG,Large Malls / Complexes,12 Days of Deals,522727.65,196,2666.98,520.34,4899.80
Electronics,LG,Large Malls / Complexes,Autumn Deals Drive,564188.91,208,2712.45,508.14,4995.01
Electronics,LG,Large Malls / Complexes,BOGO Blitz,523163.53,184,2843.28,504.25,4872.30
Electronics,LG,Large Malls / Complexes,Back to School Boost,539240.87,198,2723.44,508.78,4959.11
Electronics,LG,Large Malls / Complexes,Birthday Bash Sale,567161.08,212,2675.29,515.47,4969.64
Electronics,LG,Large Malls / Complexes,Black Friday Blowout,590473.60,207,2852.53,500.70,4994.38
Electronics,LG,Large Malls / Complexes,Cart Crasher Campaign,636349.73,228,2791.01,558.49,4970.31
Electronics,LG,Large Malls / Complexes,Cashback Carnival,532329.20,187,2846.68,554.32,4964.29
Electronics,LG,Large Malls / Complexes,Clearance Countdown,595164.03,213,2794.20,502.94,4998.50
Electronics,LG,Large Malls / Complexes,Countdown to Savings,571444.43,203,2815.00,514.27,4967.25
Electronics,LG,Large Malls / Complexes,Customer Appreciation Week,586604.20,217,2703.25,506.65,4964.13
Electronics,LG,Large Malls / Complexes,Cyber Monday Mania,509716.57,186,2740.41,507.37,4970.50
Electronics,LG,Large Malls / Complexes,Deal of the Month,579455.90,214,2707.74,504.72,4995.33
Electronics,LG,Large Malls / Complexes,Double Points Bonanza,524153.95,189,2773.30,538.49,4983.61
Electronics,LG,Large Malls / Complexes,Early Bird Specials,579010.30,213,2718.36,502.05,4893.45
Electronics,LG,Large Malls / Complexes,End of Season Sale,536270.33,201,2668.01,510.44,4984.96
Electronics,LG,Large Malls / Complexes,Exclusive Insider Offers,594372.86,211,2816.93,503.81,4989.63
Electronics,LG,Large Malls / Complexes,Festive Fever Promo,548743.56,195,2814.07,509.31,4996.41
Electronics,LG,Large Malls / Complexes,Final Call Frenzy,592129.92,212,2793.07,544.38,4995.31
Electronics,LG,Large Malls / Complexes,Flash Frenzy Friday,587754.70,213,2759.41,520.58,4994.20
Electronics,LG,Large Malls / Complexes,"Gift More, Spend Less",638295.31,232,2751.27,502.74,4983.84
Electronics,LG,Large Malls / Complexes,Golden Hour Bargains,601736.32,213,2825.05,506.54,4983.42
Electronics,LG,Large Malls / Complexes,Green Weekend Deals,534552.19,197,2713.46,538.34,4943.90
Electronics,LG,Large Malls / Complexes,Happy Hour Discounts,610130.54,217,2811.66,533.79,4990.83
Electronics,LG,Large Malls / Complexes,Holiday Shopping Rush,576564.29,207,2785.33,541.25,4995.77
Electronics,LG,Large Malls / Complexes,Hot Picks Promo,534864.02,196,2728.90,544.26,4974.36
Electronics,LG,Large Malls / Complexes,Instant Gratification Sale,596673.75,217,2749.65,528.17,4978.86
Electronics,LG,Large Malls / Complexes,Limited Time Treasures,641965.61,235,2731.77,516.88,4961.51
Electronics,LG,Large Malls / Complexes,Loyalty Rewards Blast,542088.86,194,2794.27,542.19,4992.76
Electronics,LG,Large Malls / Complexes,Mega Weekend Bonanza,651584.49,239,2726.29,534.54,4994.32
Electronics,LG,Large Malls / Complexes,Mid-Year Madness,629802.28,224,2811.62,504.33,4997.31
Electronics,LG,Large Malls / Complexes,Midnight Madness,545060.20,196,2780.92,505.99,4998.42
Electronics,LG,Large Malls / Complexes,Mystery Discount Days,659257.73,238,2769.99,504.53,4990.97
Electronics,LG,Large Malls / Complexes,New Arrival Showcase,657215.49,222,2960.43,507.24,4985.75
Electronics,LG,Large Malls / Complexes,New Product Launch Promo,637533.84,225,2833.48,519.03,4991.62
Electronics,LG,Large Malls / Complexes,New Year Kickoff,600977.21,208,2889.31,518.77,4980.52
Electronics,LG,Large Malls / Complexes,Price Drop Parade,553885.80,208,2662.91,537.68,4999.10
Electronics,LG,Large Malls / Complexes,Red Tag Clearance,572880.68,208,2754.23,518.74,4977.15
Electronics,LG,Large Malls / Complexes,Seasonal Surprise Box,611438.35,223,2741.88,504.53,4974.99
Electronics,LG,Large Malls / Complexes,Shop & Save Spectacular,690818.05,246,2808.20,502.74,4992.95
Electronics,LG,Large Malls / Complexes,Smart Shopper Week,631104.05,220,2868.65,509.76,4988.05
Electronics,LG,Large Malls / Complexes,Spring Refresh Event,613614.57,229,2679.54,507.77,4999.45
Electronics,LG,Large Malls / Complexes,Spring Splash Discounts,490540.32,183,2680.55,519.57,4999.02
Electronics,LG,Large Malls / Complexes,Summer Sizzle Promo,603379.39,213,2832.77,519.96,4987.60
Electronics,LG,Large Malls / Complexes,Super Savings Week,621877.04,219,2839.62,508.42,4995.82
Electronics,LG,Large Malls / Complexes,Ultimate Value Event,625406.72,220,2842.76,506.64,4989.62
Electronics,LG,Large Malls / Complexes,VIP Access Sale,649704.80,228,2849.58,525.35,4963.90
Electronics,LG,Large Malls / Complexes,Weekend Warrior Specials,623669.01,219,2847.80,503.52,4977.18
Electronics,LG,Large Malls / Complexes,Winter Clearance Carnival,643214.42,213,3019.79,504.18,4991.69
Electronics,LG,Large Malls / Complexes,Winter Wonders Sale,592557.41,223,2657.21,503.19,4991.74
Electronics,LG,Small Stores / Shops,12 Days of Deals,570405.92,206,2768.96,513.13,4988.99
Electronics,LG,Small Stores / Shops,Autumn Deals Drive,634975.50,223,2847.42,530.75,4984.76
Electronics,LG,Small Stores / Shops,BOGO Blitz,650675.74,230,2829.02,501.56,4997.66
Electronics,LG,Small Stores / Shops,Back to School Boost,701209.64,258,2717.87,502.18,4994.40
Electronics,LG,Small Stores / Shops,Birthday Bash Sale,584236.09,217,2692.33,507.40,4977.64
Electronics,LG,Small Stores / Shops,Black Friday Blowout,590999.27,217,2723.50,502.51,4936.20
Electronics,LG,Small Stores / Shops,Cart Crasher Campaign,647970.81,248,2612.79,521.71,4988.50
Electronics,LG,Small Stores / Shops,Cashback Carnival,653397.09,234,2792.30,509.88,4994.18
Electronics,LG,Small Stores / Shops,Clearance Countdown,634531.27,234,2711.67,504.33,4991.96
Electronics,LG,Small Stores / Shops,Countdown to Savings,632318.65,228,2773.33,500.75,4975.34
Electronics,LG,Small Stores / Shops,Customer Appreciation Week,579557.04,222,2610.62,536.20,4992.17
Electronics,LG,Small Stores / Shops,Cyber Monday Mania,655367.92,232,2824.86,527.34,4990.57
Electronics,LG,Small Stores / Shops,Deal of the Month,573107.25,211,2716.15,509.88,4981.77
Electronics,LG,Small Stores / Shops,Double Points Bonanza,709773.72,255,2783.43,514.43,4972.64
Electronics,LG,Small Stores / Shops,Early Bird Specials,633105.66,225,2813.80,505.82,4971.10
Electronics,LG,Small Stores / Shops,End of Season Sale,632070.38,211,2995.59,543.75,4996.48
Electronics,LG,Small Stores / Shops,Exclusive Insider Offers,647882.75,228,2841.59,534.82,4966.48
Electronics,LG,Small Stores / Shops,Festive Fever Promo,639558.73,223,2867.98,564.27,4996.28
Electronics,LG,Small Stores / Shops,Final Call Frenzy,653043.61,229,2851.72,501.74,4992.68
Electronics,LG,Small Stores / Shops,Flash Frenzy Friday,696010.91,244,2852.50,508.81,4968.00
Electronics,LG,Small Stores / Shops,"Gift More, Spend Less",646840.04,232,2788.10,540.92,4992.20
Electronics,LG,Small Stores / Shops,Golden Hour Bargains,613028.25,226,2712.51,519.56,4983.74
Electronics,LG,Small Stores / Shops,Green Weekend Deals,578932.58,215,2692.71,502.12,4996.70
Electronics,LG,Small Stores / Shops,Happy Hour Discounts,507306.57,186,2727.45,562.55,4982.00
Electronics,LG,Small Stores / Shops,Holiday Shopping Rush,599495.26,211,2841.21,519.29,4984.22
Electronics,LG,Small Stores / Shops,Hot Picks Promo,566544.34,212,2672.38,557.30,4996.56
Electronics,LG,Small Stores / Shops,Instant Gratification Sale,575674.95,214,2690.07,509.81,4985.75
Electronics,LG,Small Stores / Shops,Limited Time Treasures,577036.52,213,2709.09,575.74,4999.20
Electronics,LG,Small Stores / Shops,Loyalty Rewards Blast,591311.48,213,2776.11,521.89,4989.82
Electronics,LG,Small Stores / Shops,Mega Weekend Bonanza,561440.73,207,2712.27,505.91,4972.88
Electronics,LG,Small Stores / Shops,Mid-Year Madness,562348.13,202,2783.90,501.40,4990.49
Electronics,LG,Small Stores / Shops,Midnight Madness,633238.32,216,2931.66,510.89,4998.66
Electronics,LG,Small Stores / Shops,Mystery Discount Days,571843.62,205,2789.48,501.23,4987.57
Electronics,LG,Small Stores / Shops,New Arrival Showcase,667102.69,226,2951.78,572.45,4998.70
Electronics,LG,Small Stores / Shops,New Product Launch Promo,570206.83,210,2715.27,506.93,4995.58
Electronics,LG,Small Stores / Shops,New Year Kickoff,642800.55,234,2747.01,543.89,4998.59
Electronics,LG,Small Stores / Shops,Price Drop Parade,540465.85,212,2549.37,501.39,4992.82
Electronics,LG,Small Stores / Shops,Red Tag Clearance,697420.84,249,2800.89,511.90,4990.57
Electronics,LG,Small Stores / Shops,Seasonal Surprise Box,622626.87,234,2660.80,513.03,4992.28
Electronics,LG,Small Stores / Shops,Shop & Save Spectacular,629954.67,242,2603.12,622.46,4991.48
Electronics,LG,Small Stores / Shops,Smart Shopper Week,546419.76,200,2732.10,536.80,4987.18
Electronics,LG,Small Stores / Shops,Spring Refresh Event,535928.40,200,2679.64,552.28,4975.94
Electronics,LG,Small Stores / Shops,Spring Splash Discounts,646389.02,236,2738.94,517.15,4973.89
Electronics,LG,Small Stores / Shops,Summer Sizzle Promo,571337.62,219,2608.85,532.56,4978.56
Electronics,LG,Small Stores / Shops,Super Savings Week,615543.21,221,2785.26,501.34,4986.13
Electronics,LG,Small Stores / Shops,Ultimate Value Event,634308.74,227,2794.31,503.14,4986.31
Electronics,LG,Small Stores / Shops,VIP Access Sale,652283.05,240,2717.85,506.75,4996.84
Electronics,LG,Small Stores / Shops,Weekend Warrior Specials,660874.74,251,2632.97,508.70,4979.32
Electronics,LG,Small Stores / Shops,Winter Clearance Carnival,575161.59,211,2725.88,501.06,4991.72
Electronics,LG,Small Stores / Shops,Winter Wonders Sale,672483.04,250,2689.93,509.63,4996.89
Electronics,LG,Supermarkets ,12 Days of Deals,576805.77,209,2759.84,537.36,4995.63
Electronics,LG,Supermarkets ,Autumn Deals Drive,625159.44,229,2729.95,529.86,4999.09
Electronics,LG,Supermarkets ,BOGO Blitz,681750.80,257,2652.73,506.14,4997.20
Electronics,LG,Supermarkets ,Back to School Boost,601618.90,223,2697.84,548.95,4917.21
Electronics,LG,Supermarkets ,Birthday Bash Sale,629404.34,234,2689.76,527.82,4971.45
Electronics,LG,Supermarkets ,Black Friday Blowout,587745.55,225,2612.20,527.02,4994.07
Electronics,LG,Supermarkets ,Cart Crasher Campaign,616817.56,224,2753.65,525.76,4942.79
Electronics,LG,Supermarkets ,Cashback Carnival,643549.31,228,2822.58,513.75,4987.73
Electronics,LG,Supermarkets ,Clearance Countdown,564544.26,224,2520.29,503.09,4993.63
Electronics,LG,Supermarkets ,Countdown to Savings,611349.05,218,2804.35,514.69,4994.14
Electronics,LG,Supermarkets ,Customer Appreciation Week,650142.11,235,2766.56,515.01,4987.89
Electronics,LG,Supermarkets ,Cyber Monday Mania,713153.68,253,2818.79,520.47,4993.63
Electronics,LG,Supermarkets ,Deal of the Month,609975.92,220,2772.62,510.29,4980.51
Electronics,LG,Supermarkets ,Double Points Bonanza,599059.56,219,2735.43,548.67,4978.25
Electronics,LG,Supermarkets ,Early Bird Specials,510634.54,188,2716.14,523.64,4992.90
Electronics,LG,Supermarkets ,End of Season Sale,594085.26,222,2676.06,501.39,4997.26
Electronics,LG,Supermarkets ,Exclusive Insider Offers,665982.02,242,2751.99,516.17,4994.95
Electronics,LG,Supermarkets ,Festive Fever Promo,612569.67,237,2584.68,517.66,4993.37
Electronics,LG,Supermarkets ,Final Call Frenzy,628368.53,235,2673.91,511.22,4971.23
Electronics,LG,Supermarkets ,Flash Frenzy Friday,625211.39,228,2742.16,508.02,4982.10
Electronics,LG,Supermarkets ,"Gift More, Spend Less",659366.23,226,2917.55,527.40,4993.14
Electronics,LG,Supermarkets ,Golden Hour Bargains,628283.85,233,2696.50,530.03,4997.22
Electronics,LG,Supermarkets ,Green Weekend Deals,626260.32,226,2771.06,511.69,4945.77
Electronics,LG,Supermarkets ,Happy Hour Discounts,555679.13,194,2864.33,544.20,4997.26
Electronics,LG,Supermarkets ,Holiday Shopping Rush,646465.04,243,2660.35,500.17,4985.33
Electronics,LG,Supermarkets ,Hot Picks Promo,499970.69,183,2732.08,530.65,4989.67
Electronics,LG,Supermarkets ,Instant Gratification Sale,695061.90,256,2715.09,508.23,4967.66
Electronics,LG,Supermarkets ,Limited Time Treasures,575733.47,212,2715.72,507.04,4964.31
Electronics,LG,Supermarkets ,Loyalty Rewards Blast,730397.10,271,2695.19,522.03,4984.67
Electronics,LG,Supermarkets ,Mega Weekend Bonanza,651049.00,227,2868.06,542.31,4997.14
Electronics,LG,Supermarkets ,Mid-Year Madness,641515.32,237,2706.82,511.21,4999.11
Electronics,LG,Supermarkets ,Midnight Madness,569244.21,210,2710.69,536.86,4982.47
Electronics,LG,Supermarkets ,Mystery Discount Days,688470.43,242,2844.92,504.90,4979.00
Electronics,LG,Supermarkets ,New Arrival Showcase,588636.51,208,2829.98,555.69,4991.23
Electronics,LG,Supermarkets ,New Product Launch Promo,681933.98,258,2643.15,501.76,4981.79
Electronics,LG,Supermarkets ,New Year Kickoff,701623.71,247,2840.58,504.17,4981.93
Electronics,LG,Supermarkets ,Price Drop Parade,631251.56,227,2780.84,510.90,4984.15
Electronics,LG,Supermarkets ,Red Tag Clearance,596996.73,213,2802.80,538.02,4975.67
Electronics,LG,Supermarkets ,Seasonal Surprise Box,585567.80,210,2788.42,525.64,4981.38
Electronics,LG,Supermarkets ,Shop & Save Spectacular,597756.49,227,2633.29,504.82,4984.74
Electronics,LG,Supermarkets ,Smart Shopper Week,642228.12,250,2568.91,512.34,4999.77
Electronics,LG,Supermarkets ,Spring Refresh Event,625314.87,228,2742.61,521.69,4997.79
Electronics,LG,Supermarkets ,Spring Splash Discounts,636522.26,234,2720.18,532.11,4908.27
Electronics,LG,Supermarkets ,Summer Sizzle Promo,638961.29,230,2778.09,518.11,4982.30
Electronics,LG,Supermarkets ,Super Savings Week,692283.89,235,2945.89,524.64,4975.87
Electronics,LG,Supermarkets ,Ultimate Value Event,685784.10,248,2765.26,528.30,4974.80
Electronics,LG,Supermarkets ,VIP Access Sale,640252.14,227,2820.49,519.63,4998.82
Electronics,LG,Supermarkets ,Weekend Warrior Specials,714514.89,261,2737.60,516.17,4963.08
Electronics,LG,Supermarkets ,Winter Clearance Carnival,699935.51,244,2868.59,504.20,4991.97
Electronics,LG,Supermarkets ,Winter Wonders Sale,587863.46,225,2612.73,502.26,4968.42
Electronics,Panasonic,Large Malls / Complexes,12 Days of Deals,483490.17,186,2599.41,512.15,4933.76
Electronics,Panasonic,Large Malls / Complexes,Autumn Deals Drive,657376.13,229,2870.64,503.43,4996.51
Electronics,Panasonic,Large Malls / Complexes,BOGO Blitz,680547.68,226,3011.27,515.34,4989.22
Electronics,Panasonic,Large Malls / Complexes,Back to School Boost,587796.67,216,2721.28,550.37,4974.55
Electronics,Panasonic,Large Malls / Complexes,Birthday Bash Sale,584939.74,214,2733.36,519.56,4965.57
Electronics,Panasonic,Large Malls / Complexes,Black Friday Blowout,552356.33,210,2630.27,501.86,4968.17
Electronics,Panasonic,Large Malls / Complexes,Cart Crasher Campaign,552667.05,212,2606.92,502.87,4978.46
Electronics,Panasonic,Large Malls / Complexes,Cashback Carnival,589467.84,215,2741.71,517.32,4967.62
Electronics,Panasonic,Large Malls / Complexes,Clearance Countdown,568556.40,212,2681.87,513.68,4952.71
Electronics,Panasonic,Large Malls / Complexes,Countdown to Savings,562607.81,205,2744.43,557.00,4974.65
Electronics,Panasonic,Large Malls / Complexes,Customer Appreciation Week,553201.97,200,2766.01,540.67,4986.08
Electronics,Panasonic,Large Malls / Complexes,Cyber Monday Mania,563797.21,206,2736.88,503.56,4960.28
Electronics,Panasonic,Large Malls / Complexes,Deal of the Month,637951.87,226,2822.80,502.25,4944.86
Electronics,Panasonic,Large Malls / Complexes,Double Points Bonanza,589571.49,205,2875.96,502.33,4966.34
Electronics,Panasonic,Large Malls / Complexes,Early Bird Specials,585139.54,216,2708.98,512.16,4897.88
Electronics,Panasonic,Large Malls / Complexes,End of Season Sale,588966.96,210,2804.60,502.83,4986.57
Electronics,Panasonic,Large Malls / Complexes,Exclusive Insider Offers,682380.60,230,2966.87,503.43,4991.10
Electronics,Panasonic,Large Malls / Complexes,Festive Fever Promo,555703.05,215,2584.67,510.61,4989.53
Electronics,Panasonic,Large Malls / Complexes,Final Call Frenzy,573403.06,203,2824.65,501.57,4921.09
Electronics,Panasonic,Large Malls / Complexes,Flash Frenzy Friday,566283.29,206,2748.95,541.90,4994.86
Electronics,Panasonic,Large Malls / Complexes,"Gift More, Spend Less",556961.34,209,2664.89,538.45,4976.09
Electronics,Panasonic,Large Malls / Complexes,Golden Hour Bargains,535838.88,210,2551.61,515.45,4969.28
Electronics,Panasonic,Large Malls / Complexes,Green Weekend Deals,614984.25,221,2782.73,513.19,4999.78
Electronics,Panasonic,Large Malls / Complexes,Happy Hour Discounts,647094.02,235,2753.59,532.38,4989.58
Electronics,Panasonic,Large Malls / Complexes,Holiday Shopping Rush,648326.48,220,2946.94,530.93,4999.40
Electronics,Panasonic,Large Malls / Complexes,Hot Picks Promo,493085.29,187,2636.82,502.73,4996.10
Electronics,Panasonic,Large Malls / Complexes,Instant Gratification Sale,580969.08,206,2820.24,522.99,4998.19
Electronics,Panasonic,Large Malls / Complexes,Limited Time Treasures,608165.08,216,2815.58,515.94,4960.52
Electronics,Panasonic,Large Malls / Complexes,Loyalty Rewards Blast,572570.34,215,2663.12,521.31,4972.32
Electronics,Panasonic,Large Malls / Complexes,Mega Weekend Bonanza,611327.59,219,2791.45,507.02,4980.39
Electronics,Panasonic,Large Malls / Complexes,Mid-Year Madness,552402.18,197,2804.07,526.46,4992.50
Electronics,Panasonic,Large Malls / Complexes,Midnight Madness,552986.88,211,2620.79,574.60,4983.03
Electronics,Panasonic,Large Malls / Complexes,Mystery Discount Days,675307.23,242,2790.53,500.80,4995.07
Electronics,Panasonic,Large Malls / Complexes,New Arrival Showcase,548838.49,199,2757.98,524.62,4915.81
Electronics,Panasonic,Large Malls / Complexes,New Product Launch Promo,567434.10,215,2639.23,543.16,4998.61
Electronics,Panasonic,Large Malls / Complexes,New Year Kickoff,644279.54,226,2850.79,513.88,4947.95
Electronics,Panasonic,Large Malls / Complexes,Price Drop Parade,556652.36,203,2742.13,504.47,4970.16
Electronics,Panasonic,Large Malls / Complexes,Red Tag Clearance,604186.82,220,2746.30,553.89,4990.05
Electronics,Panasonic,Large Malls / Complexes,Seasonal Surprise Box,572405.59,201,2847.79,522.75,4989.89
Electronics,Panasonic,Large Malls / Complexes,Shop & Save Spectacular,600292.49,211,2844.99,513.44,4991.54
Electronics,Panasonic,Large Malls / Complexes,Smart Shopper Week,547521.68,200,2737.61,514.89,4968.08
Electronics,Panasonic,Large Malls / Complexes,Spring Refresh Event,616986.36,222,2779.22,514.26,4999.83
Electronics,Panasonic,Large Malls / Complexes,Spring Splash Discounts,595310.64,210,2834.81,552.32,4987.50
Electronics,Panasonic,Large Malls / Complexes,Summer Sizzle Promo,581230.27,214,2716.03,512.69,4970.66
Electronics,Panasonic,Large Malls / Complexes,Super Savings Week,579359.28,212,2732.83,531.29,4995.54
Electronics,Panasonic,Large Malls / Complexes,Ultimate Value Event,542988.07,202,2688.06,507.21,4997.13
Electronics,Panasonic,Large Malls / Complexes,VIP Access Sale,602940.11,217,2778.53,507.71,4995.20
Electronics,Panasonic,Large Malls / Complexes,Weekend Warrior Specials,577507.95,199,2902.05,540.23,4979.37
Electronics,Panasonic,Large Malls / Complexes,Winter Clearance Carnival,613933.35,216,2842.28,560.33,4990.97
Electronics,Panasonic,Large Malls / Complexes,Winter Wonders Sale,510468.31,194,2631.28,501.34,4988.20
Electronics,Panasonic,Small Stores / Shops,12 Days of Deals,640394.92,230,2784.33,534.25,4996.82
Electronics,Panasonic,Small Stores / Shops,Autumn Deals Drive,587262.88,213,2757.10,500.20,4929.43
Electronics,Panasonic,Small Stores / Shops,BOGO Blitz,562056.78,213,2638.76,505.45,4970.60
Electronics,Panasonic,Small Stores / Shops,Back to School Boost,657234.36,246,2671.68,500.14,4971.07
Electronics,Panasonic,Small Stores / Shops,Birthday Bash Sale,675762.44,240,2815.68,506.88,4991.92
Electronics,Panasonic,Small Stores / Shops,Black Friday Blowout,533177.24,197,2706.48,513.16,4956.74
Electronics,Panasonic,Small Stores / Shops,Cart Crasher Campaign,590516.60,201,2937.89,503.57,4996.42
Electronics,Panasonic,Small Stores / Shops,Cashback Carnival,478097.39,187,2556.67,508.52,4903.29
Electronics,Panasonic,Small Stores / Shops,Clearance Countdown,651997.09,243,2683.12,527.67,4984.04
Electronics,Panasonic,Small Stores / Shops,Countdown to Savings,585776.98,215,2724.54,518.68,4993.48
Electronics,Panasonic,Small Stores / Shops,Customer Appreciation Week,622526.34,228,2730.38,515.73,4974.86
Electronics,Panasonic,Small Stores / Shops,Cyber Monday Mania,601369.16,216,2784.12,524.97,4986.38
Electronics,Panasonic,Small Stores / Shops,Deal of the Month,659113.09,236,2792.85,514.44,4929.87
Electronics,Panasonic,Small Stores / Shops,Double Points Bonanza,693497.69,253,2741.10,500.59,4989.40
Electronics,Panasonic,Small Stores / Shops,Early Bird Specials,681235.57,249,2735.89,512.78,4995.63
Electronics,Panasonic,Small Stores / Shops,End of Season Sale,634124.09,234,2709.93,555.82,4976.60
Electronics,Panasonic,Small Stores / Shops,Exclusive Insider Offers,604198.89,225,2685.33,516.57,4999.96
Electronics,Panasonic,Small Stores / Shops,Festive Fever Promo,579822.50,213,2722.17,500.15,4979.53
Electronics,Panasonic,Small Stores / Shops,Final Call Frenzy,666156.91,242,2752.71,501.47,4960.76
Electronics,Panasonic,Small Stores / Shops,Flash Frenzy Friday,576452.86,207,2784.80,534.32,4996.92
Electronics,Panasonic,Small Stores / Shops,"Gift More, Spend Less",720558.48,248,2905.48,517.36,4981.35
Electronics,Panasonic,Small Stores / Shops,Golden Hour Bargains,577788.17,208,2777.83,510.59,4995.35
Electronics,Panasonic,Small Stores / Shops,Green Weekend Deals,666205.07,234,2847.03,503.08,4989.11
Electronics,Panasonic,Small Stores / Shops,Happy Hour Discounts,709111.48,248,2859.32,528.07,4952.67
Electronics,Panasonic,Small Stores / Shops,Holiday Shopping Rush,676343.22,245,2760.58,509.01,4983.07
Electronics,Panasonic,Small Stores / Shops,Hot Picks Promo,633172.58,223,2839.34,533.15,4963.89
Electronics,Panasonic,Small Stores / Shops,Instant Gratification Sale,664556.87,247,2690.51,540.49,4984.14
Electronics,Panasonic,Small Stores / Shops,Limited Time Treasures,722468.59,247,2924.97,501.60,4971.07
Electronics,Panasonic,Small Stores / Shops,Loyalty Rewards Blast,586276.67,207,2832.25,507.52,4977.77
Electronics,Panasonic,Small Stores / Shops,Mega Weekend Bonanza,619793.16,229,2706.52,532.53,4996.39
Electronics,Panasonic,Small Stores / Shops,Mid-Year Madness,615857.45,225,2737.14,500.34,4994.22
Electronics,Panasonic,Small Stores / Shops,Midnight Madness,671313.21,250,2685.25,537.57,4943.94
Electronics,Panasonic,Small Stores / Shops,Mystery Discount Days,627534.36,213,2946.17,528.84,4958.83
Electronics,Panasonic,Small Stores / Shops,New Arrival Showcase,584669.61,220,2657.59,502.12,4986.80
Electronics,Panasonic,Small Stores / Shops,New Product Launch Promo,660802.67,237,2788.20,501.09,4927.55
Electronics,Panasonic,Small Stores / Shops,New Year Kickoff,602040.37,215,2800.19,575.78,4974.87
Electronics,Panasonic,Small Stores / Shops,Price Drop Parade,574816.15,214,2686.06,514.95,4994.59
Electronics,Panasonic,Small Stores / Shops,Red Tag Clearance,565705.87,210,2693.84,501.05,4993.50
Electronics,Panasonic,Small Stores / Shops,Seasonal Surprise Box,671755.10,236,2846.42,524.83,4997.91
Electronics,Panasonic,Small Stores / Shops,Shop & Save Spectacular,704951.68,259,2721.82,500.49,4996.66
Electronics,Panasonic,Small Stores / Shops,Smart Shopper Week,595506.10,228,2611.87,514.39,4942.16
Electronics,Panasonic,Small Stores / Shops,Spring Refresh Event,640927.47,222,2887.06,539.50,4997.36
Electronics,Panasonic,Small Stores / Shops,Spring Splash Discounts,636558.57,228,2791.92,542.67,4987.95
Electronics,Panasonic,Small Stores / Shops,Summer Sizzle Promo,630015.02,231,2727.34,544.05,4966.70
Electronics,Panasonic,Small Stores / Shops,Super Savings Week,625053.54,223,2802.93,506.53,4998.99
Electronics,Panasonic,Small Stores / Shops,Ultimate Value Event,637058.23,230,2769.82,560.19,4963.00
Electronics,Panasonic,Small Stores / Shops,VIP Access Sale,581022.75,223,2605.48,516.37,4945.78
Electronics,Panasonic,Small Stores / Shops,Weekend Warrior Specials,605607.28,222,2727.96,533.47,4957.31
Electronics,Panasonic,Small Stores / Shops,Winter Clearance Carnival,624948.80,213,2934.03,518.89,4988.55
Electronics,Panasonic,Small Stores / Shops,Winter Wonders Sale,595343.33,213,2795.04,510.13,4997.71
Electronics,Panasonic,Supermarkets ,12 Days of Deals,551544.15,200,2757.72,515.25,4999.60
Electronics,Panasonic,Supermarkets ,Autumn Deals Drive,617562.35,218,2832.85,537.72,4964.38
Electronics,Panasonic,Supermarkets ,BOGO Blitz,617941.34,218,2834.59,507.31,4983.60
Electronics,Panasonic,Supermarkets ,Back to School Boost,600445.44,216,2779.84,512.60,4950.78
Electronics,Panasonic,Supermarkets ,Birthday Bash Sale,574962.44,206,2791.08,500.20,4999.90
Electronics,Panasonic,Supermarkets ,Black Friday Blowout,657941.00,229,2873.10,533.25,4999.87
Electronics,Panasonic,Supermarkets ,Cart Crasher Campaign,678428.07,242,2803.42,539.92,4981.68
Electronics,Panasonic,Supermarkets ,Cashback Carnival,672326.82,234,2873.19,500.51,4988.51
Electronics,Panasonic,Supermarkets ,Clearance Countdown,714505.37,259,2758.71,537.49,4998.92
Electronics,Panasonic,Supermarkets ,Countdown to Savings,694324.34,253,2744.36,518.47,4976.09
Electronics,Panasonic,Supermarkets ,Customer Appreciation Week,636119.84,231,2753.77,535.55,4978.98
Electronics,Panasonic,Supermarkets ,Cyber Monday Mania,581374.15,217,2679.14,542.58,4967.12
Electronics,Panasonic,Supermarkets ,Deal of the Month,606808.33,231,2626.88,504.69,4997.39
Electronics,Panasonic,Supermarkets ,Double Points Bonanza,584915.63,216,2707.94,516.84,4998.12
Electronics,Panasonic,Supermarkets ,Early Bird Specials,637402.72,232,2747.43,510.97,4974.64
Electronics,Panasonic,Supermarkets ,End of Season Sale,585044.22,215,2721.14,505.63,4960.70
Electronics,Panasonic,Supermarkets ,Exclusive Insider Offers,694376.56,260,2670.68,514.36,4999.75
Electronics,Panasonic,Supermarkets ,Festive Fever Promo,691374.01,254,2721.94,507.19,4995.38
Electronics,Panasonic,Supermarkets ,Final Call Frenzy,627596.73,233,2693.55,511.07,4998.53
Electronics,Panasonic,Supermarkets ,Flash Frenzy Friday,645481.08,234,2758.47,502.31,4989.37
Electronics,Panasonic,Supermarkets ,"Gift More, Spend Less",626364.60,234,2676.77,541.91,4991.79
Electronics,Panasonic,Supermarkets ,Golden Hour Bargains,635642.49,227,2800.19,504.46,4987.21
Electronics,Panasonic,Supermarkets ,Green Weekend Deals,670932.73,221,3035.89,508.81,4993.15
Electronics,Panasonic,Supermarkets ,Happy Hour Discounts,624517.09,223,2800.53,510.62,4992.74
Electronics,Panasonic,Supermarkets ,Holiday Shopping Rush,625158.33,222,2816.03,517.71,4999.67
Electronics,Panasonic,Supermarkets ,Hot Picks Promo,675988.56,242,2793.34,525.96,4936.42
Electronics,Panasonic,Supermarkets ,Instant Gratification Sale,631217.80,229,2756.41,511.90,4984.48
Electronics,Panasonic,Supermarkets ,Limited Time Treasures,715856.93,255,2807.28,506.13,4993.69
Electronics,Panasonic,Supermarkets ,Loyalty Rewards Blast,665382.99,234,2843.52,539.35,4979.64
Electronics,Panasonic,Supermarkets ,Mega Weekend Bonanza,601906.43,219,2748.43,512.03,4998.53
Electronics,Panasonic,Supermarkets ,Mid-Year Madness,645523.76,228,2831.24,503.80,4939.48
Electronics,Panasonic,Supermarkets ,Midnight Madness,649872.15,240,2707.80,537.12,4994.98
Electronics,Panasonic,Supermarkets ,Mystery Discount Days,690524.82,254,2718.60,503.05,4983.01
Electronics,Panasonic,Supermarkets ,New Arrival Showcase,586304.64,217,2701.86,556.35,4969.72
Electronics,Panasonic,Supermarkets ,New Product Launch Promo,721127.10,245,2943.38,531.94,4994.34
Electronics,Panasonic,Supermarkets ,New Year Kickoff,724659.32,259,2797.91,501.31,4983.89
Electronics,Panasonic,Supermarkets ,Price Drop Parade,662677.94,227,2919.29,524.13,4981.91
Electronics,Panasonic,Supermarkets ,Red Tag Clearance,661298.43,245,2699.18,506.60,4989.80
Electronics,Panasonic,Supermarkets ,Seasonal Surprise Box,576968.36,218,2646.64,528.11,4946.26
Electronics,Panasonic,Supermarkets ,Shop & Save Spectacular,613717.41,224,2739.81,500.09,4997.54
Electronics,Panasonic,Supermarkets ,Smart Shopper Week,635670.67,218,2915.92,608.27,4972.76
Electronics,Panasonic,Supermarkets ,Spring Refresh Event,649418.47,237,2740.16,506.77,4983.67
Electronics,Panasonic,Supermarkets ,Spring Splash Discounts,648841.32,236,2749.33,538.70,4994.76
Electronics,Panasonic,Supermarkets ,Summer Sizzle Promo,524468.10,191,2745.91,519.30,4969.07
Electronics,Panasonic,Supermarkets ,Super Savings Week,629524.59,237,2656.22,510.02,4998.89
Electronics,Panasonic,Supermarkets ,Ultimate Value Event,709157.80,248,2859.51,518.67,4981.74
Electronics,Panasonic,Supermarkets ,VIP Access Sale,623713.64,232,2688.42,583.10,4967.20
Electronics,Panasonic,Supermarkets ,Weekend Warrior Specials,640767.57,221,2899.40,503.53,4985.78
Electronics,Panasonic,Supermarkets ,Winter Clearance Carnival,637771.05,249,2561.33,520.91,4995.61
Electronics,Panasonic,Supermarkets ,Winter Wonders Sale,590282.91,228,2588.96,509.08,4981.01
Electronics,Samsung,Large Malls / Complexes,12 Days of Deals,570728.54,203,2811.47,513.28,4992.13
Electronics,Samsung,Large Malls / Complexes,Autumn Deals Drive,612392.90,208,2944.20,502.40,4990.11
Electronics,Samsung,Large Malls / Complexes,BOGO Blitz,627227.47,228,2751.00,533.84,4991.94
Electronics,Samsung,Large Malls / Complexes,Back to School Boost,509187.12,200,2545.94,506.31,4946.08
Electronics,Samsung,Large Malls / Complexes,Birthday Bash Sale,548130.15,192,2854.84,564.96,4959.53
Electronics,Samsung,Large Malls / Complexes,Black Friday Blowout,495212.79,174,2846.05,592.45,4938.25
Electronics,Samsung,Large Malls / Complexes,Cart Crasher Campaign,552281.06,203,2720.60,513.54,4986.65
Electronics,Samsung,Large Malls / Complexes,Cashback Carnival,627632.43,231,2717.02,510.86,4995.33
Electronics,Samsung,Large Malls / Complexes,Clearance Countdown,561041.83,213,2634.00,502.39,4965.24
Electronics,Samsung,Large Malls / Complexes,Countdown to Savings,581178.24,214,2715.79,501.91,4985.72
Electronics,Samsung,Large Malls / Complexes,Customer Appreciation Week,603149.81,218,2766.74,504.71,4967.80
Electronics,Samsung,Large Malls / Complexes,Cyber Monday Mania,594443.56,227,2618.69,547.01,4999.50
Electronics,Samsung,Large Malls / Complexes,Deal of the Month,515513.97,197,2616.82,509.37,4988.21
Electronics,Samsung,Large Malls / Complexes,Double Points Bonanza,582637.89,209,2787.74,503.00,4997.02
Electronics,Samsung,Large Malls / Complexes,Early Bird Specials,662998.17,238,2785.71,523.14,4993.50
Electronics,Samsung,Large Malls / Complexes,End of Season Sale,497414.64,193,2577.28,514.69,4982.07
Electronics,Samsung,Large Malls / Complexes,Exclusive Insider Offers,568031.07,207,2744.11,523.42,4988.76
Electronics,Samsung,Large Malls / Complexes,Festive Fever Promo,558622.53,201,2779.22,542.94,4980.68
Electronics,Samsung,Large Malls / Complexes,Final Call Frenzy,575832.07,208,2768.42,535.32,4984.59
Electronics,Samsung,Large Malls / Complexes,Flash Frenzy Friday,614285.17,223,2754.64,522.07,4997.57
Electronics,Samsung,Large Malls / Complexes,"Gift More, Spend Less",493580.94,193,2557.41,507.44,4998.35
Electronics,Samsung,Large Malls / Complexes,Golden Hour Bargains,555568.19,199,2791.80,550.53,4973.89
Electronics,Samsung,Large Malls / Complexes,Green Weekend Deals,564533.80,203,2780.95,505.65,4995.60
Electronics,Samsung,Large Malls / Complexes,Happy Hour Discounts,629924.82,229,2750.76,516.29,4983.76
Electronics,Samsung,Large Malls / Complexes,Holiday Shopping Rush,530961.44,187,2839.37,501.27,4982.19
Electronics,Samsung,Large Malls / Complexes,Hot Picks Promo,540854.57,205,2638.31,514.67,4987.66
Electronics,Samsung,Large Malls / Complexes,Instant Gratification Sale,540072.88,202,2673.63,508.31,4974.59
Electronics,Samsung,Large Malls / Complexes,Limited Time Treasures,619547.15,207,2992.98,539.61,4985.37
Electronics,Samsung,Large Malls / Complexes,Loyalty Rewards Blast,557754.29,201,2774.90,507.60,4985.06
Electronics,Samsung,Large Malls / Complexes,Mega Weekend Bonanza,655902.63,240,2732.93,504.44,4971.21
Electronics,Samsung,Large Malls / Complexes,Mid-Year Madness,590503.31,218,2708.73,517.51,4977.02
Electronics,Samsung,Large Malls / Complexes,Midnight Madness,569262.05,203,2804.25,610.71,4980.81
Electronics,Samsung,Large Malls / Complexes,Mystery Discount Days,593880.38,205,2896.98,526.64,4953.10
Electronics,Samsung,Large Malls / Complexes,New Arrival Showcase,740370.56,250,2961.48,579.45,4978.80
Electronics,Samsung,Large Malls / Complexes,New Product Launch Promo,612698.90,230,2663.91,515.92,4985.56
Electronics,Samsung,Large Malls / Complexes,New Year Kickoff,562611.58,213,2641.37,501.48,4984.12
Electronics,Samsung,Large Malls / Complexes,Price Drop Parade,497379.69,181,2747.95,503.08,4972.09
Electronics,Samsung,Large Malls / Complexes,Red Tag Clearance,561297.01,218,2574.76,519.03,4974.52
Electronics,Samsung,Large Malls / Complexes,Seasonal Surprise Box,577779.70,214,2699.91,530.93,4988.43
Electronics,Samsung,Large Malls / Complexes,Shop & Save Spectacular,599996.87,223,2690.57,534.85,4977.22
Electronics,Samsung,Large Malls / Complexes,Smart Shopper Week,582609.20,209,2787.60,519.35,4958.94
Electronics,Samsung,Large Malls / Complexes,Spring Refresh Event,481238.87,177,2718.86,505.30,4982.48
Electronics,Samsung,Large Malls / Complexes,Spring Splash Discounts,584201.55,206,2835.93,504.23,4981.20
Electronics,Samsung,Large Malls / Complexes,Summer Sizzle Promo,637140.08,224,2844.38,504.32,4980.61
Electronics,Samsung,Large Malls / Complexes,Super Savings Week,595011.97,213,2793.48,538.28,4992.06
Electronics,Samsung,Large Malls / Complexes,Ultimate Value Event,583421.80,203,2874.00,517.40,4994.00
Electronics,Samsung,Large Malls / Complexes,VIP Access Sale,545347.64,195,2796.65,523.40,4992.51
Electronics,Samsung,Large Malls / Complexes,Weekend Warrior Specials,637991.23,228,2798.21,563.98,4998.12
Electronics,Samsung,Large Malls / Complexes,Winter Clearance Carnival,538074.22,202,2663.73,501.55,4959.13
Electronics,Samsung,Large Malls / Complexes,Winter Wonders Sale,557166.50,194,2871.99,531.91,4996.43
Electronics,Samsung,Small Stores / Shops,12 Days of Deals,624201.30,231,2702.17,526.45,4982.29
Electronics,Samsung,Small Stores / Shops,Autumn Deals Drive,680251.00,241,2822.62,502.24,4978.05
Electronics,Samsung,Small Stores / Shops,BOGO Blitz,571072.82,222,2572.40,501.85,4960.74
Electronics,Samsung,Small Stores / Shops,Back to School Boost,618145.21,227,2723.11,520.12,4994.30
Electronics,Samsung,Small Stores / Shops,Birthday Bash Sale,659744.67,231,2856.04,509.75,4993.29
Electronics,Samsung,Small Stores / Shops,Black Friday Blowout,705071.29,262,2691.11,504.18,4978.65
Electronics,Samsung,Small Stores / Shops,Cart Crasher Campaign,595054.62,209,2847.15,504.62,4982.40
Electronics,Samsung,Small Stores / Shops,Cashback Carnival,622357.41,240,2593.16,509.79,4998.33
Electronics,Samsung,Small Stores / Shops,Clearance Countdown,663545.15,236,2811.63,504.35,4957.94
Electronics,Samsung,Small Stores / Shops,Countdown to Savings,693679.84,245,2831.35,513.42,4979.64
Electronics,Samsung,Small Stores / Shops,Customer Appreciation Week,646719.58,226,2861.59,510.74,4937.41
Electronics,Samsung,Small Stores / Shops,Cyber Monday Mania,697179.53,232,3005.08,524.70,4999.28
Electronics,Samsung,Small Stores / Shops,Deal of the Month,606908.24,213,2849.33,524.75,4972.81
Electronics,Samsung,Small Stores / Shops,Double Points Bonanza,625265.91,225,2778.96,531.92,4997.47
Electronics,Samsung,Small Stores / Shops,Early Bird Specials,621576.97,225,2762.56,507.35,4999.11
Electronics,Samsung,Small Stores / Shops,End of Season Sale,665101.84,245,2714.70,548.22,4982.96
Electronics,Samsung,Small Stores / Shops,Exclusive Insider Offers,652542.42,240,2718.93,507.60,4979.89
Electronics,Samsung,Small Stores / Shops,Festive Fever Promo,566316.19,202,2803.55,520.71,4991.72
Electronics,Samsung,Small Stores / Shops,Final Call Frenzy,655776.39,245,2676.64,526.51,4996.78
Electronics,Samsung,Small Stores / Shops,Flash Frenzy Friday,583609.86,230,2537.43,511.56,4995.59
Electronics,Samsung,Small Stores / Shops,"Gift More, Spend Less",652198.23,234,2787.17,549.26,4997.81
Electronics,Samsung,Small Stores / Shops,Golden Hour Bargains,584757.09,216,2707.21,506.47,4925.61
Electronics,Samsung,Small Stores / Shops,Green Weekend Deals,628141.09,240,2617.25,509.29,4998.39
Electronics,Samsung,Small Stores / Shops,Happy Hour Discounts,641317.69,224,2863.03,536.64,4987.73
Electronics,Samsung,Small Stores / Shops,Holiday Shopping Rush,584632.16,215,2719.22,521.30,4986.64
Electronics,Samsung,Small Stores / Shops,Hot Picks Promo,666724.98,233,2861.48,510.19,4972.88
Electronics,Samsung,Small Stores / Shops,Instant Gratification Sale,619146.70,224,2764.05,524.20,4975.90
Electronics,Samsung,Small Stores / Shops,Limited Time Treasures,674139.25,240,2808.91,543.65,4992.37
Electronics,Samsung,Small Stores / Shops,Loyalty Rewards Blast,694971.23,248,2802.30,515.91,4927.41
Electronics,Samsung,Small Stores / Shops,Mega Weekend Bonanza,684289.07,244,2804.46,538.03,4999.69
Electronics,Samsung,Small Stores / Shops,Mid-Year Madness,697543.21,252,2768.03,595.35,4967.38
Electronics,Samsung,Small Stores / Shops,Midnight Madness,566352.53,205,2762.70,526.07,4986.24
Electronics,Samsung,Small Stores / Shops,Mystery Discount Days,634247.64,219,2896.11,523.40,4964.32
Electronics,Samsung,Small Stores / Shops,New Arrival Showcase,571432.30,213,2682.78,587.82,4996.76
Electronics,Samsung,Small Stores / Shops,New Product Launch Promo,600264.78,225,2667.84,512.28,4970.46
Electronics,Samsung,Small Stores / Shops,New Year Kickoff,598865.50,214,2798.44,559.13,4960.71
Electronics,Samsung,Small Stores / Shops,Price Drop Parade,554487.86,199,2786.37,522.60,4992.49
Electronics,Samsung,Small Stores / Shops,Red Tag Clearance,614967.52,219,2808.07,503.76,4992.26
Electronics,Samsung,Small Stores / Shops,Seasonal Surprise Box,634094.23,224,2830.78,501.42,4997.09
Electronics,Samsung,Small Stores / Shops,Shop & Save Spectacular,594232.00,216,2751.07,522.82,4993.50
Electronics,Samsung,Small Stores / Shops,Smart Shopper Week,614218.23,217,2830.50,513.30,4970.82
Electronics,Samsung,Small Stores / Shops,Spring Refresh Event,625333.00,226,2766.96,513.14,4974.15
Electronics,Samsung,Small Stores / Shops,Spring Splash Discounts,689428.02,235,2933.74,502.11,4969.33
Electronics,Samsung,Small Stores / Shops,Summer Sizzle Promo,605947.35,218,2779.57,506.50,4986.41
Electronics,Samsung,Small Stores / Shops,Super Savings Week,607043.98,229,2650.85,504.67,4948.15
Electronics,Samsung,Small Stores / Shops,Ultimate Value Event,655058.81,238,2752.35,531.06,4996.03
Electronics,Samsung,Small Stores / Shops,VIP Access Sale,632704.50,244,2593.05,584.04,4940.32
Electronics,Samsung,Small Stores / Shops,Weekend Warrior Specials,637676.31,230,2772.51,547.78,4991.20
Electronics,Samsung,Small Stores / Shops,Winter Clearance Carnival,665070.10,237,2806.20,504.61,4987.94
Electronics,Samsung,Small Stores / Shops,Winter Wonders Sale,595451.42,219,2718.96,517.03,4992.52
Electronics,Samsung,Supermarkets ,12 Days of Deals,660569.64,233,2835.06,520.04,4973.34
Electronics,Samsung,Supermarkets ,Autumn Deals Drive,646037.96,227,2845.98,515.90,4995.69
Electronics,Samsung,Supermarkets ,BOGO Blitz,663885.85,231,2873.96,523.17,4975.84
Electronics,Samsung,Supermarkets ,Back to School Boost,589903.63,225,2621.79,518.61,4969.44
Electronics,Samsung,Supermarkets ,Birthday Bash Sale,644740.92,238,2709.00,508.34,4936.85
Electronics,Samsung,Supermarkets ,Black Friday Blowout,587609.36,217,2707.88,514.53,4990.87
Electronics,Samsung,Supermarkets ,Cart Crasher Campaign,635315.05,227,2798.74,522.85,4959.64
Electronics,Samsung,Supermarkets ,Cashback Carnival,615847.96,237,2598.51,500.13,4984.45
Electronics,Samsung,Supermarkets ,Clearance Countdown,634857.10,220,2885.71,503.78,4998.01
Electronics,Samsung,Supermarkets ,Countdown to Savings,718760.99,255,2818.67,521.52,4976.24
Electronics,Samsung,Supermarkets ,Customer Appreciation Week,620959.08,238,2609.07,531.88,4984.07
Electronics,Samsung,Supermarkets ,Cyber Monday Mania,664711.36,224,2967.46,504.82,4956.50
Electronics,Samsung,Supermarkets ,Deal of the Month,686887.05,248,2769.71,507.78,4998.97
Electronics,Samsung,Supermarkets ,Double Points Bonanza,637269.78,227,2807.36,521.51,4975.32
Electronics,Samsung,Supermarkets ,Early Bird Specials,661579.33,238,2779.75,511.37,4989.29
Electronics,Samsung,Supermarkets ,End of Season Sale,588228.23,219,2685.97,507.40,4978.91
Electronics,Samsung,Supermarkets ,Exclusive Insider Offers,601288.91,215,2796.69,515.55,4991.18
Electronics,Samsung,Supermarkets ,Festive Fever Promo,656026.97,236,2779.78,505.72,4994.70
Electronics,Samsung,Supermarkets ,Final Call Frenzy,643551.01,232,2773.93,504.31,4994.08
Electronics,Samsung,Supermarkets ,Flash Frenzy Friday,549396.87,199,2760.79,510.10,4987.89
Electronics,Samsung,Supermarkets ,"Gift More, Spend Less",689375.93,247,2791.00,503.92,4938.04
Electronics,Samsung,Supermarkets ,Golden Hour Bargains,659157.95,231,2853.50,575.71,4991.12
Electronics,Samsung,Supermarkets ,Green Weekend Deals,583913.98,217,2690.85,534.57,4883.01
Electronics,Samsung,Supermarkets ,Happy Hour Discounts,612331.03,228,2685.66,503.77,4984.64
Electronics,Samsung,Supermarkets ,Holiday Shopping Rush,669364.42,252,2656.21,515.99,4988.20
Electronics,Samsung,Supermarkets ,Hot Picks Promo,612199.90,239,2561.51,513.45,4969.81
Electronics,Samsung,Supermarkets ,Instant Gratification Sale,609308.29,219,2782.23,515.65,4956.65
Electronics,Samsung,Supermarkets ,Limited Time Treasures,671896.07,241,2787.95,522.88,4970.37
Electronics,Samsung,Supermarkets ,Loyalty Rewards Blast,728141.70,264,2758.11,519.49,4983.73
Electronics,Samsung,Supermarkets ,Mega Weekend Bonanza,654998.12,242,2706.60,502.17,4992.12
Electronics,Samsung,Supermarkets ,Mid-Year Madness,652531.28,220,2966.05,533.65,4936.88
Electronics,Samsung,Supermarkets ,Midnight Madness,749976.37,268,2798.42,500.93,4994.53
Electronics,Samsung,Supermarkets ,Mystery Discount Days,662199.56,250,2648.80,511.29,4971.00
Electronics,Samsung,Supermarkets ,New Arrival Showcase,656132.99,236,2780.22,503.69,4995.02
Electronics,Samsung,Supermarkets ,New Product Launch Promo,624745.72,227,2752.18,509.22,4994.66
Electronics,Samsung,Supermarkets ,New Year Kickoff,672151.99,234,2872.44,501.98,4999.63
Electronics,Samsung,Supermarkets ,Price Drop Parade,605004.75,234,2585.49,505.19,4997.91
Electronics,Samsung,Supermarkets ,Red Tag Clearance,654591.48,230,2846.05,501.03,4993.37
Electronics,Samsung,Supermarkets ,Seasonal Surprise Box,479856.45,180,2665.87,511.24,4995.48
Electronics,Samsung,Supermarkets ,Shop & Save Spectacular,656556.97,225,2918.03,537.41,4985.96
Electronics,Samsung,Supermarkets ,Smart Shopper Week,653521.22,240,2723.01,548.34,4994.28
Electronics,Samsung,Supermarkets ,Spring Refresh Event,600007.53,229,2620.12,550.67,4971.10
Electronics,Samsung,Supermarkets ,Spring Splash Discounts,658845.04,236,2791.72,504.51,4983.63
Electronics,Samsung,Supermarkets ,Summer Sizzle Promo,643484.28,221,2911.69,533.83,4960.98
Electronics,Samsung,Supermarkets ,Super Savings Week,668441.28,237,2820.43,531.74,4990.19
Electronics,Samsung,Supermarkets ,Ultimate Value Event,670957.89,245,2738.60,519.08,4944.93
Electronics,Samsung,Supermarkets ,VIP Access Sale,560822.89,220,2549.19,502.59,4988.94
Electronics,Samsung,Supermarkets ,Weekend Warrior Specials,657359.96,234,2809.23,546.90,4999.71
Electronics,Samsung,Supermarkets ,Winter Clearance Carnival,638681.44,236,2706.28,521.61,4995.10
Electronics,Samsung,Supermarkets ,Winter Wonders Sale,759236.09,271,2801.61,501.94,4974.80
Electronics,Sony,Large Malls / Complexes,12 Days of Deals,514824.75,194,2653.74,512.48,4990.97
Electronics,Sony,Large Malls / Complexes,Autumn Deals Drive,589888.85,207,2849.70,506.00,4995.33
Electronics,Sony,Large Malls / Complexes,BOGO Blitz,552629.27,205,2695.75,520.16,4997.65
Electronics,Sony,Large Malls / Complexes,Back to School Boost,572141.78,215,2661.12,513.64,4982.40
Electronics,Sony,Large Malls / Complexes,Birthday Bash Sale,578378.13,207,2794.10,502.96,4994.15
Electronics,Sony,Large Malls / Complexes,Black Friday Blowout,690679.42,248,2785.00,527.54,4997.94
Electronics,Sony,Large Malls / Complexes,Cart Crasher Campaign,669364.96,227,2948.74,512.48,4995.09
Electronics,Sony,Large Malls / Complexes,Cashback Carnival,643616.00,232,2774.21,541.55,4977.79
Electronics,Sony,Large Malls / Complexes,Clearance Countdown,575948.37,213,2703.98,508.90,4987.51
Electronics,Sony,Large Malls / Complexes,Countdown to Savings,591678.18,208,2844.61,593.51,4965.43
Electronics,Sony,Large Malls / Complexes,Customer Appreciation Week,543198.06,199,2729.64,533.94,4990.76
Electronics,Sony,Large Malls / Complexes,Cyber Monday Mania,620918.42,231,2687.96,512.79,4972.99
Electronics,Sony,Large Malls / Complexes,Deal of the Month,529952.79,197,2690.12,501.76,4973.74
Electronics,Sony,Large Malls / Complexes,Double Points Bonanza,545959.52,199,2743.52,502.69,4989.75
Electronics,Sony,Large Malls / Complexes,Early Bird Specials,606930.52,220,2758.78,504.33,4976.66
Electronics,Sony,Large Malls / Complexes,End of Season Sale,604164.13,222,2721.46,514.21,4998.76
Electronics,Sony,Large Malls / Complexes,Exclusive Insider Offers,563249.78,210,2682.14,512.91,4993.72
Electronics,Sony,Large Malls / Complexes,Festive Fever Promo,606622.24,224,2708.14,506.93,4998.89
Electronics,Sony,Large Malls / Complexes,Final Call Frenzy,639258.98,233,2743.60,502.93,4992.32
Electronics,Sony,Large Malls / Complexes,Flash Frenzy Friday,624535.54,233,2680.41,504.09,4999.95
Electronics,Sony,Large Malls / Complexes,"Gift More, Spend Less",570304.15,209,2728.73,517.58,4976.23
Electronics,Sony,Large Malls / Complexes,Golden Hour Bargains,635785.74,229,2776.36,540.66,4968.20
Electronics,Sony,Large Malls / Complexes,Green Weekend Deals,533992.40,200,2669.96,509.28,4975.50
Electronics,Sony,Large Malls / Complexes,Happy Hour Discounts,603149.11,225,2680.66,515.98,4992.74
Electronics,Sony,Large Malls / Complexes,Holiday Shopping Rush,571881.15,214,2672.34,510.18,4980.69
Electronics,Sony,Large Malls / Complexes,Hot Picks Promo,556403.86,206,2700.99,590.01,4978.45
Electronics,Sony,Large Malls / Complexes,Instant Gratification Sale,561258.41,207,2711.39,502.13,4998.62
Electronics,Sony,Large Malls / Complexes,Limited Time Treasures,631598.89,233,2710.72,522.56,4987.13
Electronics,Sony,Large Malls / Complexes,Loyalty Rewards Blast,616119.81,226,2726.19,517.52,4953.27
Electronics,Sony,Large Malls / Complexes,Mega Weekend Bonanza,569835.21,210,2713.50,523.20,4993.46
Electronics,Sony,Large Malls / Complexes,Mid-Year Madness,581478.66,215,2704.55,502.59,4930.45
Electronics,Sony,Large Malls / Complexes,Midnight Madness,534010.91,204,2617.70,505.60,4965.25
Electronics,Sony,Large Malls / Complexes,Mystery Discount Days,580244.75,213,2724.15,529.74,4959.25
Electronics,Sony,Large Malls / Complexes,New Arrival Showcase,594608.24,210,2831.47,504.98,4961.02
Electronics,Sony,Large Malls / Complexes,New Product Launch Promo,584658.96,215,2719.34,515.51,4998.30
Electronics,Sony,Large Malls / Complexes,New Year Kickoff,652612.36,236,2765.31,546.02,4982.65
Electronics,Sony,Large Malls / Complexes,Price Drop Parade,637684.59,229,2784.65,500.55,4998.14
Electronics,Sony,Large Malls / Complexes,Red Tag Clearance,570872.44,211,2705.56,508.61,4970.88
Electronics,Sony,Large Malls / Complexes,Seasonal Surprise Box,510947.20,188,2717.80,537.90,4984.81
Electronics,Sony,Large Malls / Complexes,Shop & Save Spectacular,594847.80,211,2819.18,537.32,4984.81
Electronics,Sony,Large Malls / Complexes,Smart Shopper Week,508250.00,201,2528.61,524.99,4921.61
Electronics,Sony,Large Malls / Complexes,Spring Refresh Event,652946.05,226,2889.14,500.80,4997.33
Electronics,Sony,Large Malls / Complexes,Spring Splash Discounts,536547.61,193,2780.04,531.58,4986.75
Electronics,Sony,Large Malls / Complexes,Summer Sizzle Promo,537546.37,200,2687.73,519.40,4995.40
Electronics,Sony,Large Malls / Complexes,Super Savings Week,517381.81,196,2639.70,517.54,4990.49
Electronics,Sony,Large Malls / Complexes,Ultimate Value Event,585531.87,213,2748.98,550.96,4995.39
Electronics,Sony,Large Malls / Complexes,VIP Access Sale,603056.07,218,2766.31,524.73,4969.11
Electronics,Sony,Large Malls / Complexes,Weekend Warrior Specials,563829.10,204,2763.87,508.27,4966.24
Electronics,Sony,Large Malls / Complexes,Winter Clearance Carnival,625110.98,217,2880.70,515.95,4993.31
Electronics,Sony,Large Malls / Complexes,Winter Wonders Sale,591518.45,221,2676.55,511.22,4993.05
Electronics,Sony,Small Stores / Shops,12 Days of Deals,551405.65,204,2702.97,502.99,4999.82
Electronics,Sony,Small Stores / Shops,Autumn Deals Drive,551080.19,202,2728.12,542.37,4979.01
Electronics,Sony,Small Stores / Shops,BOGO Blitz,597277.78,224,2666.42,506.08,4946.74
Electronics,Sony,Small Stores / Shops,Back to School Boost,615537.91,231,2664.67,523.93,4991.63
Electronics,Sony,Small Stores / Shops,Birthday Bash Sale,623774.03,229,2723.90,501.00,4992.83
Electronics,Sony,Small Stores / Shops,Black Friday Blowout,593262.55,209,2838.58,523.42,4982.29
Electronics,Sony,Small Stores / Shops,Cart Crasher Campaign,645756.17,232,2783.43,505.65,4976.73
Electronics,Sony,Small Stores / Shops,Cashback Carnival,598831.79,215,2785.26,512.39,4993.59
Electronics,Sony,Small Stores / Shops,Clearance Countdown,637927.99,243,2625.22,500.08,4985.34
Electronics,Sony,Small Stores / Shops,Countdown to Savings,519509.41,193,2691.76,504.17,4972.20
Electronics,Sony,Small Stores / Shops,Customer Appreciation Week,608778.19,221,2754.65,507.61,4991.30
Electronics,Sony,Small Stores / Shops,Cyber Monday Mania,626344.23,227,2759.23,511.34,4978.20
Electronics,Sony,Small Stores / Shops,Deal of the Month,615767.44,234,2631.48,515.37,4987.90
Electronics,Sony,Small Stores / Shops,Double Points Bonanza,617649.73,226,2732.96,515.08,4994.70
Electronics,Sony,Small Stores / Shops,Early Bird Specials,610183.57,226,2699.93,506.68,4968.62
Electronics,Sony,Small Stores / Shops,End of Season Sale,596706.73,220,2712.30,511.30,4967.82
Electronics,Sony,Small Stores / Shops,Exclusive Insider Offers,626215.97,224,2795.61,558.83,4988.42
Electronics,Sony,Small Stores / Shops,Festive Fever Promo,676478.56,244,2772.45,503.82,4958.41
Electronics,Sony,Small Stores / Shops,Final Call Frenzy,630170.13,225,2800.76,501.33,4970.01
Electronics,Sony,Small Stores / Shops,Flash Frenzy Friday,585362.68,210,2787.44,533.60,4964.98
Electronics,Sony,Small Stores / Shops,"Gift More, Spend Less",554837.32,207,2680.37,506.16,4984.69
Electronics,Sony,Small Stores / Shops,Golden Hour Bargains,596029.08,218,2734.08,528.25,4950.86
Electronics,Sony,Small Stores / Shops,Green Weekend Deals,627028.18,237,2645.69,510.33,4961.24
Electronics,Sony,Small Stores / Shops,Happy Hour Discounts,588125.54,215,2735.47,504.99,4952.87
Electronics,Sony,Small Stores / Shops,Holiday Shopping Rush,568087.15,208,2731.19,513.38,4987.20
Electronics,Sony,Small Stores / Shops,Hot Picks Promo,629465.81,229,2748.76,510.79,4995.49
Electronics,Sony,Small Stores / Shops,Instant Gratification Sale,564792.46,210,2689.49,516.85,4959.15
Electronics,Sony,Small Stores / Shops,Limited Time Treasures,564818.01,197,2867.10,578.27,4992.86
Electronics,Sony,Small Stores / Shops,Loyalty Rewards Blast,585214.10,224,2612.56,500.73,4966.52
Electronics,Sony,Small Stores / Shops,Mega Weekend Bonanza,591061.79,211,2801.24,503.47,4952.33
Electronics,Sony,Small Stores / Shops,Mid-Year Madness,564065.69,217,2599.38,500.72,4995.57
Electronics,Sony,Small Stores / Shops,Midnight Madness,596004.07,211,2824.66,591.38,4998.52
Electronics,Sony,Small Stores / Shops,Mystery Discount Days,591880.29,216,2740.19,509.49,4994.20
Electronics,Sony,Small Stores / Shops,New Arrival Showcase,600256.36,213,2818.10,627.87,4991.76
Electronics,Sony,Small Stores / Shops,New Product Launch Promo,600987.56,220,2731.76,524.49,4978.88
Electronics,Sony,Small Stores / Shops,New Year Kickoff,654476.65,235,2785.01,512.45,4994.52
Electronics,Sony,Small Stores / Shops,Price Drop Parade,694366.90,245,2834.15,507.21,4998.12
Electronics,Sony,Small Stores / Shops,Red Tag Clearance,621680.72,221,2813.03,516.61,4972.09
Electronics,Sony,Small Stores / Shops,Seasonal Surprise Box,609003.15,213,2859.17,531.63,4993.58
Electronics,Sony,Small Stores / Shops,Shop & Save Spectacular,583307.36,219,2663.50,520.03,4966.61
Electronics,Sony,Small Stores / Shops,Smart Shopper Week,539128.51,201,2682.23,505.80,4998.63
Electronics,Sony,Small Stores / Shops,Spring Refresh Event,507268.50,186,2727.25,550.50,4993.03
Electronics,Sony,Small Stores / Shops,Spring Splash Discounts,596904.85,226,2641.17,516.08,4977.22
Electronics,Sony,Small Stores / Shops,Summer Sizzle Promo,636978.54,234,2722.13,511.89,4995.77
Electronics,Sony,Small Stores / Shops,Super Savings Week,564515.85,204,2767.23,513.54,4955.53
Electronics,Sony,Small Stores / Shops,Ultimate Value Event,608423.35,222,2740.65,529.28,4997.03
Electronics,Sony,Small Stores / Shops,VIP Access Sale,652505.23,234,2788.48,524.94,4943.62
Electronics,Sony,Small Stores / Shops,Weekend Warrior Specials,561458.76,209,2686.41,501.99,4968.73
Electronics,Sony,Small Stores / Shops,Winter Clearance Carnival,698342.67,244,2862.06,508.37,4980.07
Electronics,Sony,Small Stores / Shops,Winter Wonders Sale,605693.06,234,2588.43,517.04,4977.49
Electronics,Sony,Supermarkets ,12 Days of Deals,684662.86,251,2727.74,507.68,4947.41
Electronics,Sony,Supermarkets ,Autumn Deals Drive,621752.78,222,2800.69,501.19,4985.87
Electronics,Sony,Supermarkets ,BOGO Blitz,685874.65,246,2788.11,523.81,4998.29
Electronics,Sony,Supermarkets ,Back to School Boost,653933.69,237,2759.21,503.72,4997.92
Electronics,Sony,Supermarkets ,Birthday Bash Sale,610933.24,217,2815.36,500.37,4944.75
Electronics,Sony,Supermarkets ,Black Friday Blowout,654296.25,240,2726.23,505.50,4988.29
Electronics,Sony,Supermarkets ,Cart Crasher Campaign,759787.04,263,2888.92,502.78,4969.16
Electronics,Sony,Supermarkets ,Cashback Carnival,656985.46,240,2737.44,573.78,4985.76
Electronics,Sony,Supermarkets ,Clearance Countdown,699200.80,257,2720.63,525.83,4949.11
Electronics,Sony,Supermarkets ,Countdown to Savings,593545.56,218,2722.69,515.96,4995.30
Electronics,Sony,Supermarkets ,Customer Appreciation Week,721487.48,256,2818.31,505.23,4996.51
Electronics,Sony,Supermarkets ,Cyber Monday Mania,644200.62,241,2673.03,504.44,4973.90
Electronics,Sony,Supermarkets ,Deal of the Month,613050.58,223,2749.11,505.51,4992.62
Electronics,Sony,Supermarkets ,Double Points Bonanza,672914.73,237,2839.30,500.48,4986.99
Electronics,Sony,Supermarkets ,Early Bird Specials,655404.41,240,2730.85,512.07,4987.13
Electronics,Sony,Supermarkets ,End of Season Sale,579862.61,202,2870.61,546.80,4998.09
Electronics,Sony,Supermarkets ,Exclusive Insider Offers,626069.11,235,2664.12,511.49,4966.63
Electronics,Sony,Supermarkets ,Festive Fever Promo,621383.04,225,2761.70,507.55,4968.92
Electronics,Sony,Supermarkets ,Final Call Frenzy,508503.71,186,2733.89,525.89,4999.96
Electronics,Sony,Supermarkets ,Flash Frenzy Friday,646665.08,223,2899.84,507.07,4989.13
Electronics,Sony,Supermarkets ,"Gift More, Spend Less",555192.56,209,2656.42,532.54,4979.59
Electronics,Sony,Supermarkets ,Golden Hour Bargains,537125.51,205,2620.12,508.06,4957.26
Electronics,Sony,Supermarkets ,Green Weekend Deals,655442.82,232,2825.18,514.36,4996.94
Electronics,Sony,Supermarkets ,Happy Hour Discounts,610244.87,223,2736.52,512.26,4998.47
Electronics,Sony,Supermarkets ,Holiday Shopping Rush,599973.35,219,2739.60,500.69,4951.50
Electronics,Sony,Supermarkets ,Hot Picks Promo,671196.59,235,2856.16,506.70,4991.75
Electronics,Sony,Supermarkets ,Instant Gratification Sale,636396.69,240,2651.65,508.08,4957.39
Electronics,Sony,Supermarkets ,Limited Time Treasures,631426.00,218,2896.45,511.62,4999.11
Electronics,Sony,Supermarkets ,Loyalty Rewards Blast,572370.36,224,2555.22,503.58,4956.43
Electronics,Sony,Supermarkets ,Mega Weekend Bonanza,655791.75,239,2743.90,512.88,4999.15
Electronics,Sony,Supermarkets ,Mid-Year Madness,603206.31,222,2717.15,510.22,4998.40
Electronics,Sony,Supermarkets ,Midnight Madness,637319.66,230,2770.96,537.68,4994.33
Electronics,Sony,Supermarkets ,Mystery Discount Days,628849.75,225,2794.89,506.12,4988.03
Electronics,Sony,Supermarkets ,New Arrival Showcase,583649.24,210,2779.28,628.34,4999.95
Electronics,Sony,Supermarkets ,New Product Launch Promo,641459.55,224,2863.66,500.19,4995.68
Electronics,Sony,Supermarkets ,New Year Kickoff,659787.43,233,2831.71,514.40,4995.99
Electronics,Sony,Supermarkets ,Price Drop Parade,580279.15,221,2625.70,515.45,4996.70
Electronics,Sony,Supermarkets ,Red Tag Clearance,613837.09,221,2777.54,517.90,4990.99
Electronics,Sony,Supermarkets ,Seasonal Surprise Box,645200.84,236,2733.90,513.30,4984.48
Electronics,Sony,Supermarkets ,Shop & Save Spectacular,635595.51,235,2704.66,532.92,4951.29
Electronics,Sony,Supermarkets ,Smart Shopper Week,596020.23,217,2746.64,521.56,4968.44
Electronics,Sony,Supermarkets ,Spring Refresh Event,618483.40,235,2631.84,500.05,4992.21
Electronics,Sony,Supermarkets ,Spring Splash Discounts,610638.68,208,2935.76,508.68,4999.08
Electronics,Sony,Supermarkets ,Summer Sizzle Promo,657843.26,236,2787.47,539.89,4980.85
Electronics,Sony,Supermarkets ,Super Savings Week,675599.82,232,2912.07,518.20,4962.33
Electronics,Sony,Supermarkets ,Ultimate Value Event,656287.68,244,2689.70,511.37,4999.13
Electronics,Sony,Supermarkets ,VIP Access Sale,631860.71,232,2723.54,510.24,4927.39
Electronics,Sony,Supermarkets ,Weekend Warrior Specials,609068.63,224,2719.06,510.23,4962.71
Electronics,Sony,Supermarkets ,Winter Clearance Carnival,657948.32,241,2730.08,523.40,4973.51
Electronics,Sony,Supermarkets ,Winter Wonders Sale,574653.37,217,2648.17,518.25,4981.87
Furniture,Godrej Interio,Large Malls / Complexes,12 Days of Deals,571942.02,199,2874.08,516.27,4980.97
Furniture,Godrej Interio,Large Malls / Complexes,Autumn Deals Drive,541077.02,204,2652.34,544.91,4999.01
Furniture,Godrej Interio,Large Malls / Complexes,BOGO Blitz,612751.95,222,2760.14,535.48,4993.32
Furniture,Godrej Interio,Large Malls / Complexes,Back to School Boost,578567.69,214,2703.59,520.93,4948.70
Furniture,Godrej Interio,Large Malls / Complexes,Birthday Bash Sale,494084.21,182,2714.75,510.42,4952.61
Furniture,Godrej Interio,Large Malls / Complexes,Black Friday Blowout,606423.28,224,2707.25,500.23,4985.53
Furniture,Godrej Interio,Large Malls / Complexes,Cart Crasher Campaign,555611.25,212,2620.81,546.30,4965.48
Furniture,Godrej Interio,Large Malls / Complexes,Cashback Carnival,633058.57,225,2813.59,511.05,4974.87
Furniture,Godrej Interio,Large Malls / Complexes,Clearance Countdown,558788.41,200,2793.94,500.68,4992.67
Furniture,Godrej Interio,Large Malls / Complexes,Countdown to Savings,525311.72,188,2794.21,505.04,4994.61
Furniture,Godrej Interio,Large Malls / Complexes,Customer Appreciation Week,554637.29,216,2567.77,524.19,4968.08
Furniture,Godrej Interio,Large Malls / Complexes,Cyber Monday Mania,561695.81,203,2766.97,518.33,4994.23
Furniture,Godrej Interio,Large Malls / Complexes,Deal of the Month,519712.32,192,2706.84,518.45,4924.24
Furniture,Godrej Interio,Large Malls / Complexes,Double Points Bonanza,592761.98,211,2809.30,543.87,4973.00
Furniture,Godrej Interio,Large Malls / Complexes,Early Bird Specials,644010.63,235,2740.47,555.29,4989.67
Furniture,Godrej Interio,Large Malls / Complexes,End of Season Sale,547958.57,202,2712.67,504.42,4921.46
Furniture,Godrej Interio,Large Malls / Complexes,Exclusive Insider Offers,546695.24,201,2719.88,528.63,4919.04
Furniture,Godrej Interio,Large Malls / Complexes,Festive Fever Promo,600411.16,214,2805.66,501.32,4992.74
Furniture,Godrej Interio,Large Malls / Complexes,Final Call Frenzy,560306.46,210,2668.13,517.40,4991.12
Furniture,Godrej Interio,Large Malls / Complexes,Flash Frenzy Friday,635116.25,218,2913.38,504.49,4990.62
Furniture,Godrej Interio,Large Malls / Complexes,"Gift More, Spend Less",560364.94,203,2760.42,510.42,4996.39
Furniture,Godrej Interio,Large Malls / Complexes,Golden Hour Bargains,554042.78,204,2715.90,527.27,4994.26
Furniture,Godrej Interio,Large Malls / Complexes,Green Weekend Deals,523605.09,194,2699.00,533.64,4982.78
Furniture,Godrej Interio,Large Malls / Complexes,Happy Hour Discounts,589980.15,220,2681.73,501.14,4989.55
Furniture,Godrej Interio,Large Malls / Complexes,Holiday Shopping Rush,519292.87,194,2676.77,559.98,4996.98
Furniture,Godrej Interio,Large Malls / Complexes,Hot Picks Promo,642472.80,226,2842.80,509.80,4992.57
Furniture,Godrej Interio,Large Malls / Complexes,Instant Gratification Sale,545310.12,188,2900.59,569.38,4985.85
Furniture,Godrej Interio,Large Malls / Complexes,Limited Time Treasures,628599.61,224,2806.25,509.62,4997.24
Furniture,Godrej Interio,Large Malls / Complexes,Loyalty Rewards Blast,615292.60,233,2640.74,500.38,4977.60
Furniture,Godrej Interio,Large Malls / Complexes,Mega Weekend Bonanza,536441.96,200,2682.21,505.50,4859.83
Furniture,Godrej Interio,Large Malls / Complexes,Mid-Year Madness,549057.04,199,2759.08,516.15,4999.77
Furniture,Godrej Interio,Large Malls / Complexes,Midnight Madness,612863.71,220,2785.74,504.76,4994.08
Furniture,Godrej Interio,Large Malls / Complexes,Mystery Discount Days,667566.15,237,2816.73,502.26,4989.50
Furniture,Godrej Interio,Large Malls / Complexes,New Arrival Showcase,590470.46,214,2759.21,525.09,4997.71
Furniture,Godrej Interio,Large Malls / Complexes,New Product Launch Promo,591358.39,212,2789.43,512.57,4967.41
Furniture,Godrej Interio,Large Malls / Complexes,New Year Kickoff,657552.11,226,2909.52,518.08,4998.10
Furniture,Godrej Interio,Large Malls / Complexes,Price Drop Parade,515791.10,176,2930.63,506.58,4992.35
Furniture,Godrej Interio,Large Malls / Complexes,Red Tag Clearance,532489.52,195,2730.72,542.94,4988.53
Furniture,Godrej Interio,Large Malls / Complexes,Seasonal Surprise Box,574473.83,209,2748.68,512.39,4998.58
Furniture,Godrej Interio,Large Malls / Complexes,Shop & Save Spectacular,609231.38,214,2846.88,517.77,4993.55
Furniture,Godrej Interio,Large Malls / Complexes,Smart Shopper Week,560823.00,212,2645.39,503.02,4994.01
Furniture,Godrej Interio,Large Malls / Complexes,Spring Refresh Event,559676.14,205,2730.13,505.77,4997.69
Furniture,Godrej Interio,Large Malls / Complexes,Spring Splash Discounts,593115.69,217,2733.25,529.78,4993.95
Furniture,Godrej Interio,Large Malls / Complexes,Summer Sizzle Promo,533156.49,199,2679.18,507.16,4985.90
Furniture,Godrej Interio,Large Malls / Complexes,Super Savings Week,663016.10,234,2833.40,523.93,4983.42
Furniture,Godrej Interio,Large Malls / Complexes,Ultimate Value Event,528433.24,191,2766.67,518.75,4979.67
Furniture,Godrej Interio,Large Malls / Complexes,VIP Access Sale,532663.62,202,2636.95,536.18,4982.90
Furniture,Godrej Interio,Large Malls / Complexes,Weekend Warrior Specials,587963.77,215,2734.72,517.83,4999.65
Furniture,Godrej Interio,Large Malls / Complexes,Winter Clearance Carnival,599902.11,207,2898.08,510.07,4996.65
Furniture,Godrej Interio,Large Malls / Complexes,Winter Wonders Sale,587406.14,206,2851.49,502.50,4963.80
Furniture,Godrej Interio,Small Stores / Shops,12 Days of Deals,566210.15,208,2722.16,513.03,4998.57
Furniture,Godrej Interio,Small Stores / Shops,Autumn Deals Drive,564335.14,215,2624.81,503.92,4952.83
Furniture,Godrej Interio,Small Stores / Shops,BOGO Blitz,700269.50,248,2823.67,507.76,4993.17
Furniture,Godrej Interio,Small Stores / Shops,Back to School Boost,562196.46,212,2651.87,503.95,4985.54
Furniture,Godrej Interio,Small Stores / Shops,Birthday Bash Sale,572065.62,215,2660.77,521.61,4965.57
Furniture,Godrej Interio,Small Stores / Shops,Black Friday Blowout,616859.72,230,2682.00,503.75,4958.43
Furniture,Godrej Interio,Small Stores / Shops,Cart Crasher Campaign,667007.48,240,2779.20,508.04,4992.17
Furniture,Godrej Interio,Small Stores / Shops,Cashback Carnival,630875.33,224,2816.41,507.43,4994.56
Furniture,Godrej Interio,Small Stores / Shops,Clearance Countdown,596926.97,219,2725.69,553.26,4932.80
Furniture,Godrej Interio,Small Stores / Shops,Countdown to Savings,661498.61,235,2814.89,533.05,4997.06
Furniture,Godrej Interio,Small Stores / Shops,Customer Appreciation Week,624439.17,239,2612.72,504.82,4994.15
Furniture,Godrej Interio,Small Stores / Shops,Cyber Monday Mania,586702.52,211,2780.58,533.07,4967.88
Furniture,Godrej Interio,Small Stores / Shops,Deal of the Month,627149.85,234,2680.13,529.83,4966.59
Furniture,Godrej Interio,Small Stores / Shops,Double Points Bonanza,671587.33,233,2882.35,521.42,4969.78
Furniture,Godrej Interio,Small Stores / Shops,Early Bird Specials,619196.66,235,2634.88,509.67,4968.03
Furniture,Godrej Interio,Small Stores / Shops,End of Season Sale,638575.24,235,2717.34,513.73,4984.43
Furniture,Godrej Interio,Small Stores / Shops,Exclusive Insider Offers,607903.61,221,2750.70,501.18,4981.63
Furniture,Godrej Interio,Small Stores / Shops,Festive Fever Promo,613064.41,228,2688.88,506.65,4951.26
Furniture,Godrej Interio,Small Stores / Shops,Final Call Frenzy,590811.91,214,2760.80,522.24,4987.08
Furniture,Godrej Interio,Small Stores / Shops,Flash Frenzy Friday,624577.98,239,2613.30,522.17,4977.89
Furniture,Godrej Interio,Small Stores / Shops,"Gift More, Spend Less",542933.91,216,2513.58,538.45,4997.34
Furniture,Godrej Interio,Small Stores / Shops,Golden Hour Bargains,622004.39,214,2906.56,503.86,4991.93
Furniture,Godrej Interio,Small Stores / Shops,Green Weekend Deals,617458.22,236,2616.35,533.15,4906.21
Furniture,Godrej Interio,Small Stores / Shops,Happy Hour Discounts,583800.68,211,2766.83,501.91,4984.81
Furniture,Godrej Interio,Small Stores / Shops,Holiday Shopping Rush,617003.80,224,2754.48,517.29,4958.74
Furniture,Godrej Interio,Small Stores / Shops,Hot Picks Promo,748812.22,261,2869.01,503.85,4962.54
Furniture,Godrej Interio,Small Stores / Shops,Instant Gratification Sale,640447.47,248,2582.45,506.86,4962.46
Furniture,Godrej Interio,Small Stores / Shops,Limited Time Treasures,627475.90,243,2582.21,534.44,4972.61
Furniture,Godrej Interio,Small Stores / Shops,Loyalty Rewards Blast,603326.45,217,2780.31,500.57,4979.86
Furniture,Godrej Interio,Small Stores / Shops,Mega Weekend Bonanza,623548.34,228,2734.86,511.89,4961.29
Furniture,Godrej Interio,Small Stores / Shops,Mid-Year Madness,599410.96,221,2712.27,544.63,4969.47
Furniture,Godrej Interio,Small Stores / Shops,Midnight Madness,593046.51,215,2758.36,544.80,4990.79
Furniture,Godrej Interio,Small Stores / Shops,Mystery Discount Days,584602.59,215,2719.08,580.27,4987.15
Furniture,Godrej Interio,Small Stores / Shops,New Arrival Showcase,683093.26,235,2906.78,511.07,4999.20
Furniture,Godrej Interio,Small Stores / Shops,New Product Launch Promo,637379.72,233,2735.54,501.02,4999.40
Furniture,Godrej Interio,Small Stores / Shops,New Year Kickoff,658579.74,239,2755.56,501.02,4951.71
Furniture,Godrej Interio,Small Stores / Shops,Price Drop Parade,634499.03,225,2820.00,562.29,4997.34
Furniture,Godrej Interio,Small Stores / Shops,Red Tag Clearance,649000.93,235,2761.71,503.77,4989.66
Furniture,Godrej Interio,Small Stores / Shops,Seasonal Surprise Box,568841.80,213,2670.62,503.81,4996.49
Furniture,Godrej Interio,Small Stores / Shops,Shop & Save Spectacular,601467.32,218,2759.02,507.30,4998.08
Furniture,Godrej Interio,Small Stores / Shops,Smart Shopper Week,546982.95,203,2694.50,504.88,4991.20
Furniture,Godrej Interio,Small Stores / Shops,Spring Refresh Event,596568.32,212,2814.00,527.10,4943.47
Furniture,Godrej Interio,Small Stores / Shops,Spring Splash Discounts,685856.69,243,2822.46,511.71,4999.44
Furniture,Godrej Interio,Small Stores / Shops,Summer Sizzle Promo,591330.20,214,2763.23,519.86,4978.50
Furniture,Godrej Interio,Small Stores / Shops,Super Savings Week,580580.07,231,2513.33,508.26,4963.87
Furniture,Godrej Interio,Small Stores / Shops,Ultimate Value Event,571361.52,211,2707.87,502.47,4996.74
Furniture,Godrej Interio,Small Stores / Shops,VIP Access Sale,574201.56,208,2760.58,516.56,4975.59
Furniture,Godrej Interio,Small Stores / Shops,Weekend Warrior Specials,568240.40,217,2618.62,516.67,4985.54
Furniture,Godrej Interio,Small Stores / Shops,Winter Clearance Carnival,568753.46,215,2645.36,502.61,4932.27
Furniture,Godrej Interio,Small Stores / Shops,Winter Wonders Sale,672777.33,241,2791.61,506.14,4977.90
Furniture,Godrej Interio,Supermarkets ,12 Days of Deals,623686.03,234,2665.32,529.69,4993.26
Furniture,Godrej Interio,Supermarkets ,Autumn Deals Drive,618890.91,229,2702.58,534.33,4996.09
Furniture,Godrej Interio,Supermarkets ,BOGO Blitz,624197.30,231,2702.15,503.27,4986.49
Furniture,Godrej Interio,Supermarkets ,Back to School Boost,695669.00,254,2738.85,513.26,4976.19
Furniture,Godrej Interio,Supermarkets ,Birthday Bash Sale,695808.58,246,2828.49,504.51,4991.81
Furniture,Godrej Interio,Supermarkets ,Black Friday Blowout,650034.19,237,2742.76,524.82,4995.43
Furniture,Godrej Interio,Supermarkets ,Cart Crasher Campaign,634452.24,227,2794.94,512.98,4982.44
Furniture,Godrej Interio,Supermarkets ,Cashback Carnival,701259.06,244,2874.01,503.47,4990.33
Furniture,Godrej Interio,Supermarkets ,Clearance Countdown,695559.53,246,2827.48,503.67,4983.74
Furniture,Godrej Interio,Supermarkets ,Countdown to Savings,666246.64,236,2823.08,516.03,4921.53
Furniture,Godrej Interio,Supermarkets ,Customer Appreciation Week,588104.29,218,2697.73,505.74,4994.87
Furniture,Godrej Interio,Supermarkets ,Cyber Monday Mania,526007.96,192,2739.62,530.68,4989.74
Furniture,Godrej Interio,Supermarkets ,Deal of the Month,670954.13,237,2831.03,544.33,4999.17
Furniture,Godrej Interio,Supermarkets ,Double Points Bonanza,599643.10,222,2701.10,541.02,4952.70
Furniture,Godrej Interio,Supermarkets ,Early Bird Specials,557632.44,205,2720.16,543.16,4996.61
Furniture,Godrej Interio,Supermarkets ,End of Season Sale,651971.84,233,2798.16,520.33,4986.81
Furniture,Godrej Interio,Supermarkets ,Exclusive Insider Offers,585277.14,214,2734.94,519.59,4996.56
Furniture,Godrej Interio,Supermarkets ,Festive Fever Promo,703730.55,255,2759.73,508.28,4982.97
Furniture,Godrej Interio,Supermarkets ,Final Call Frenzy,589516.58,201,2932.92,507.44,4958.70
Furniture,Godrej Interio,Supermarkets ,Flash Frenzy Friday,640762.01,229,2798.09,526.58,4995.77
Furniture,Godrej Interio,Supermarkets ,"Gift More, Spend Less",549471.96,206,2667.34,539.75,4982.73
Furniture,Godrej Interio,Supermarkets ,Golden Hour Bargains,603272.37,224,2693.18,524.23,4956.41
Furniture,Godrej Interio,Supermarkets ,Green Weekend Deals,527242.70,210,2510.68,580.52,4951.67
Furniture,Godrej Interio,Supermarkets ,Happy Hour Discounts,589812.07,220,2680.96,508.72,4971.80
Furniture,Godrej Interio,Supermarkets ,Holiday Shopping Rush,636329.10,231,2754.67,508.47,4995.74
Furniture,Godrej Interio,Supermarkets ,Hot Picks Promo,579166.57,210,2757.94,531.25,4992.50
Furniture,Godrej Interio,Supermarkets ,Instant Gratification Sale,632553.71,226,2798.91,527.85,4992.46
Furniture,Godrej Interio,Supermarkets ,Limited Time Treasures,708535.18,274,2585.89,509.42,4992.00
Furniture,Godrej Interio,Supermarkets ,Loyalty Rewards Blast,621845.56,243,2559.04,502.59,4918.39
Furniture,Godrej Interio,Supermarkets ,Mega Weekend Bonanza,705820.66,262,2693.97,503.48,4979.63
Furniture,Godrej Interio,Supermarkets ,Mid-Year Madness,612237.13,226,2709.01,569.09,4981.05
Furniture,Godrej Interio,Supermarkets ,Midnight Madness,698654.04,247,2828.56,537.75,4978.39
Furniture,Godrej Interio,Supermarkets ,Mystery Discount Days,663651.29,247,2686.85,533.84,4995.76
Furniture,Godrej Interio,Supermarkets ,New Arrival Showcase,685504.00,254,2698.83,510.39,4997.96
Furniture,Godrej Interio,Supermarkets ,New Product Launch Promo,671772.92,263,2554.27,514.75,4981.29
Furniture,Godrej Interio,Supermarkets ,New Year Kickoff,713997.88,257,2778.20,505.38,4993.25
Furniture,Godrej Interio,Supermarkets ,Price Drop Parade,610497.51,216,2826.38,516.13,4990.23
Furniture,Godrej Interio,Supermarkets ,Red Tag Clearance,668572.15,227,2945.25,524.64,4992.46
Furniture,Godrej Interio,Supermarkets ,Seasonal Surprise Box,670327.21,247,2713.88,513.77,4955.06
Furniture,Godrej Interio,Supermarkets ,Shop & Save Spectacular,649256.62,235,2762.79,552.07,4985.02
Furniture,Godrej Interio,Supermarkets ,Smart Shopper Week,564701.88,210,2689.06,502.89,4982.44
Furniture,Godrej Interio,Supermarkets ,Spring Refresh Event,608649.56,241,2525.52,533.14,4983.01
Furniture,Godrej Interio,Supermarkets ,Spring Splash Discounts,632177.66,223,2834.88,525.79,4991.03
Furniture,Godrej Interio,Supermarkets ,Summer Sizzle Promo,605278.07,225,2690.12,517.05,4927.44
Furniture,Godrej Interio,Supermarkets ,Super Savings Week,661399.35,231,2863.20,513.58,4995.00
Furniture,Godrej Interio,Supermarkets ,Ultimate Value Event,639771.12,238,2688.11,503.68,4998.80
Furniture,Godrej Interio,Supermarkets ,VIP Access Sale,595421.57,212,2808.59,511.16,4990.62
Furniture,Godrej Interio,Supermarkets ,Weekend Warrior Specials,657892.30,233,2823.57,501.67,4999.39
Furniture,Godrej Interio,Supermarkets ,Winter Clearance Carnival,610990.20,233,2622.28,505.98,4940.84
Furniture,Godrej Interio,Supermarkets ,Winter Wonders Sale,642766.50,244,2634.29,522.10,4989.40
Furniture,Home Centre,Large Malls / Complexes,12 Days of Deals,609829.46,211,2890.19,541.53,4968.93
Furniture,Home Centre,Large Malls / Complexes,Autumn Deals Drive,565488.78,207,2731.83,565.57,4973.92
Furniture,Home Centre,Large Malls / Complexes,BOGO Blitz,606436.30,216,2807.58,537.72,4931.89
Furniture,Home Centre,Large Malls / Complexes,Back to School Boost,601072.17,223,2695.39,501.66,4979.25
Furniture,Home Centre,Large Malls / Complexes,Birthday Bash Sale,644432.75,232,2777.73,564.88,4997.22
Furniture,Home Centre,Large Malls / Complexes,Black Friday Blowout,588118.96,228,2579.47,516.16,4998.42
Furniture,Home Centre,Large Malls / Complexes,Cart Crasher Campaign,583594.23,206,2832.98,510.50,4998.52
Furniture,Home Centre,Large Malls / Complexes,Cashback Carnival,651692.53,229,2845.82,500.92,4968.31
Furniture,Home Centre,Large Malls / Complexes,Clearance Countdown,695833.52,237,2936.01,510.13,4985.80
Furniture,Home Centre,Large Malls / Complexes,Countdown to Savings,605390.85,217,2789.82,540.83,4993.77
Furniture,Home Centre,Large Malls / Complexes,Customer Appreciation Week,534713.35,203,2634.06,510.22,4986.20
Furniture,Home Centre,Large Malls / Complexes,Cyber Monday Mania,605825.36,217,2791.82,500.56,4944.51
Furniture,Home Centre,Large Malls / Complexes,Deal of the Month,646016.82,239,2703.00,511.83,4996.19
Furniture,Home Centre,Large Malls / Complexes,Double Points Bonanza,582716.26,203,2870.52,509.59,4999.60
Furniture,Home Centre,Large Malls / Complexes,Early Bird Specials,591771.22,212,2791.37,516.12,4996.66
Furniture,Home Centre,Large Malls / Complexes,End of Season Sale,529113.49,187,2829.48,614.14,4987.50
Furniture,Home Centre,Large Malls / Complexes,Exclusive Insider Offers,520142.30,180,2889.68,528.63,4957.31
Furniture,Home Centre,Large Malls / Complexes,Festive Fever Promo,544798.64,201,2710.44,541.46,4995.46
Furniture,Home Centre,Large Malls / Complexes,Final Call Frenzy,573145.29,203,2823.38,501.98,4987.91
Furniture,Home Centre,Large Malls / Complexes,Flash Frenzy Friday,583252.46,206,2831.32,557.29,4937.55
Furniture,Home Centre,Large Malls / Complexes,"Gift More, Spend Less",550999.78,201,2741.29,531.96,4987.64
Furniture,Home Centre,Large Malls / Complexes,Golden Hour Bargains,509940.29,200,2549.70,502.72,4949.27
Furniture,Home Centre,Large Malls / Complexes,Green Weekend Deals,537317.70,205,2621.06,581.44,4999.33
Furniture,Home Centre,Large Malls / Complexes,Happy Hour Discounts,504691.10,188,2684.53,508.48,4986.24
Furniture,Home Centre,Large Malls / Complexes,Holiday Shopping Rush,635663.40,224,2837.78,529.55,4970.72
Furniture,Home Centre,Large Malls / Complexes,Hot Picks Promo,611364.32,232,2635.19,506.64,4994.45
Furniture,Home Centre,Large Malls / Complexes,Instant Gratification Sale,696687.06,247,2820.60,530.68,4997.47
Furniture,Home Centre,Large Malls / Complexes,Limited Time Treasures,592114.62,212,2792.99,522.07,4940.90
Furniture,Home Centre,Large Malls / Complexes,Loyalty Rewards Blast,614374.38,212,2897.99,513.35,4996.69
Furniture,Home Centre,Large Malls / Complexes,Mega Weekend Bonanza,543174.13,196,2771.30,512.04,4904.89
Furniture,Home Centre,Large Malls / Complexes,Mid-Year Madness,550398.82,212,2596.22,503.37,4930.40
Furniture,Home Centre,Large Malls / Complexes,Midnight Madness,580604.67,219,2651.16,541.46,4998.34
Furniture,Home Centre,Large Malls / Complexes,Mystery Discount Days,557908.49,205,2721.50,508.31,4994.16
Furniture,Home Centre,Large Malls / Complexes,New Arrival Showcase,561289.39,202,2778.66,517.95,4986.42
Furniture,Home Centre,Large Malls / Complexes,New Product Launch Promo,577001.70,209,2760.77,544.90,4995.52
Furniture,Home Centre,Large Malls / Complexes,New Year Kickoff,660961.91,242,2731.25,504.13,4990.71
Furniture,Home Centre,Large Malls / Complexes,Price Drop Parade,629210.45,217,2899.59,515.18,4992.90
Furniture,Home Centre,Large Malls / Complexes,Red Tag Clearance,558318.79,200,2791.59,511.73,4995.30
Furniture,Home Centre,Large Malls / Complexes,Seasonal Surprise Box,616855.84,230,2681.98,503.27,4994.35
Furniture,Home Centre,Large Malls / Complexes,Shop & Save Spectacular,586538.05,211,2779.80,506.96,4972.10
Furniture,Home Centre,Large Malls / Complexes,Smart Shopper Week,610814.26,213,2867.67,546.19,4921.82
Furniture,Home Centre,Large Malls / Complexes,Spring Refresh Event,627105.74,225,2787.14,501.41,4993.59
Furniture,Home Centre,Large Malls / Complexes,Spring Splash Discounts,615050.46,234,2628.42,500.35,4983.25
Furniture,Home Centre,Large Malls / Complexes,Summer Sizzle Promo,658086.40,235,2800.37,514.78,4953.21
Furniture,Home Centre,Large Malls / Complexes,Super Savings Week,506608.52,186,2723.70,527.45,4934.31
Furniture,Home Centre,Large Malls / Complexes,Ultimate Value Event,554279.59,205,2703.80,502.11,4983.36
Furniture,Home Centre,Large Malls / Complexes,VIP Access Sale,563414.70,203,2775.44,527.36,4973.34
Furniture,Home Centre,Large Malls / Complexes,Weekend Warrior Specials,607580.13,218,2787.06,501.07,4998.93
Furniture,Home Centre,Large Malls / Complexes,Winter Clearance Carnival,553066.37,190,2910.88,528.56,4960.39
Furniture,Home Centre,Large Malls / Complexes,Winter Wonders Sale,555840.28,213,2609.58,510.01,4994.81
Furniture,Home Centre,Small Stores / Shops,12 Days of Deals,700218.42,256,2735.23,511.57,4953.67
Furniture,Home Centre,Small Stores / Shops,Autumn Deals Drive,627321.56,224,2800.54,514.26,4985.47
Furniture,Home Centre,Small Stores / Shops,BOGO Blitz,633600.02,219,2893.15,564.55,4988.57
Furniture,Home Centre,Small Stores / Shops,Back to School Boost,588646.85,201,2928.59,532.00,4982.20
Furniture,Home Centre,Small Stores / Shops,Birthday Bash Sale,561394.27,209,2686.10,511.57,4982.13
Furniture,Home Centre,Small Stores / Shops,Black Friday Blowout,628515.81,214,2936.99,519.32,4962.78
Furniture,Home Centre,Small Stores / Shops,Cart Crasher Campaign,630353.09,237,2659.72,525.72,4993.08
Furniture,Home Centre,Small Stores / Shops,Cashback Carnival,688927.74,242,2846.81,508.42,4994.06
Furniture,Home Centre,Small Stores / Shops,Clearance Countdown,590568.98,212,2785.70,500.93,4969.26
Furniture,Home Centre,Small Stores / Shops,Countdown to Savings,590870.46,215,2748.23,508.05,4978.29
Furniture,Home Centre,Small Stores / Shops,Customer Appreciation Week,629705.42,227,2774.03,512.71,4996.95
Furniture,Home Centre,Small Stores / Shops,Cyber Monday Mania,560244.39,210,2667.83,502.75,4972.73
Furniture,Home Centre,Small Stores / Shops,Deal of the Month,651969.48,233,2798.15,515.23,4975.33
Furniture,Home Centre,Small Stores / Shops,Double Points Bonanza,610506.38,227,2689.46,510.18,4994.36
Furniture,Home Centre,Small Stores / Shops,Early Bird Specials,641502.14,229,2801.32,506.72,4969.50
Furniture,Home Centre,Small Stores / Shops,End of Season Sale,623269.10,222,2807.52,527.26,4976.95
Furniture,Home Centre,Small Stores / Shops,Exclusive Insider Offers,614414.36,228,2694.80,524.05,4992.03
Furniture,Home Centre,Small Stores / Shops,Festive Fever Promo,655000.37,231,2835.50,551.07,4985.76
Furniture,Home Centre,Small Stores / Shops,Final Call Frenzy,686003.66,244,2811.49,515.69,4996.48
Furniture,Home Centre,Small Stores / Shops,Flash Frenzy Friday,616625.90,219,2815.64,519.92,4999.30
Furniture,Home Centre,Small Stores / Shops,"Gift More, Spend Less",640436.21,229,2796.66,523.75,4975.65
Furniture,Home Centre,Small Stores / Shops,Golden Hour Bargains,600936.60,220,2731.53,514.50,4967.96
Furniture,Home Centre,Small Stores / Shops,Green Weekend Deals,623525.68,206,3026.82,519.82,4986.29
Furniture,Home Centre,Small Stores / Shops,Happy Hour Discounts,659634.77,238,2771.57,554.72,4996.28
Furniture,Home Centre,Small Stores / Shops,Holiday Shopping Rush,635533.15,237,2681.57,514.22,4974.65
Furniture,Home Centre,Small Stores / Shops,Hot Picks Promo,606976.56,220,2758.98,508.23,4995.54
Furniture,Home Centre,Small Stores / Shops,Instant Gratification Sale,669726.13,225,2976.56,502.68,4998.90
Furniture,Home Centre,Small Stores / Shops,Limited Time Treasures,624658.04,224,2788.65,516.63,4989.62
Furniture,Home Centre,Small Stores / Shops,Loyalty Rewards Blast,575934.07,210,2742.54,505.62,4975.39
Furniture,Home Centre,Small Stores / Shops,Mega Weekend Bonanza,646779.85,219,2953.33,517.92,4992.81
Furniture,Home Centre,Small Stores / Shops,Mid-Year Madness,641829.30,230,2790.56,507.51,4999.10
Furniture,Home Centre,Small Stores / Shops,Midnight Madness,653726.82,237,2758.34,504.23,4994.64
Furniture,Home Centre,Small Stores / Shops,Mystery Discount Days,602344.71,216,2788.63,520.73,4970.69
Furniture,Home Centre,Small Stores / Shops,New Arrival Showcase,613761.85,230,2668.53,503.77,4991.45
Furniture,Home Centre,Small Stores / Shops,New Product Launch Promo,571992.43,199,2874.33,507.73,4993.37
Furniture,Home Centre,Small Stores / Shops,New Year Kickoff,699217.91,252,2774.67,507.32,4978.80
Furniture,Home Centre,Small Stores / Shops,Price Drop Parade,649782.84,231,2812.91,514.90,4988.04
Furniture,Home Centre,Small Stores / Shops,Red Tag Clearance,627474.67,223,2813.79,502.90,4997.86
Furniture,Home Centre,Small Stores / Shops,Seasonal Surprise Box,617240.21,231,2672.04,507.99,4996.39
Furniture,Home Centre,Small Stores / Shops,Shop & Save Spectacular,648277.03,234,2770.41,515.28,4998.65
Furniture,Home Centre,Small Stores / Shops,Smart Shopper Week,685174.23,233,2940.66,503.09,4999.64
Furniture,Home Centre,Small Stores / Shops,Spring Refresh Event,665047.36,229,2904.14,517.25,4985.39
Furniture,Home Centre,Small Stores / Shops,Spring Splash Discounts,611606.95,230,2659.16,550.32,4984.68
Furniture,Home Centre,Small Stores / Shops,Summer Sizzle Promo,660368.02,237,2786.36,506.50,4996.51
Furniture,Home Centre,Small Stores / Shops,Super Savings Week,607523.81,230,2641.41,507.93,4999.89
Furniture,Home Centre,Small Stores / Shops,Ultimate Value Event,620262.22,222,2793.97,509.12,4981.93
Furniture,Home Centre,Small Stores / Shops,VIP Access Sale,669765.57,236,2837.99,506.27,4975.04
Furniture,Home Centre,Small Stores / Shops,Weekend Warrior Specials,613496.27,223,2751.10,554.82,4984.29
Furniture,Home Centre,Small Stores / Shops,Winter Clearance Carnival,650256.72,234,2778.87,501.40,4961.65
Furniture,Home Centre,Small Stores / Shops,Winter Wonders Sale,585994.82,219,2675.78,526.87,4965.99
Furniture,Home Centre,Supermarkets ,12 Days of Deals,657688.48,238,2763.40,526.24,4983.81
Furniture,Home Centre,Supermarkets ,Autumn Deals Drive,681914.00,248,2749.65,518.79,4996.10
Furniture,Home Centre,Supermarkets ,BOGO Blitz,617746.35,227,2721.35,526.54,4958.49
Furniture,Home Centre,Supermarkets ,Back to School Boost,621328.41,231,2689.73,520.67,4923.25
Furniture,Home Centre,Supermarkets ,Birthday Bash Sale,601842.41,209,2879.63,584.35,4999.90
Furniture,Home Centre,Supermarkets ,Black Friday Blowout,633120.25,226,2801.42,504.85,4958.84
Furniture,Home Centre,Supermarkets ,Cart Crasher Campaign,625937.08,226,2769.63,514.16,4976.90
Furniture,Home Centre,Supermarkets ,Cashback Carnival,611205.02,226,2704.45,513.30,4986.79
Furniture,Home Centre,Supermarkets ,Clearance Countdown,585237.11,218,2684.57,542.87,4947.82
Furniture,Home Centre,Supermarkets ,Countdown to Savings,663236.21,241,2752.02,502.09,4996.16
Furniture,Home Centre,Supermarkets ,Customer Appreciation Week,592301.51,227,2609.26,504.04,4997.65
Furniture,Home Centre,Supermarkets ,Cyber Monday Mania,581021.55,223,2605.48,510.59,4952.38
Furniture,Home Centre,Supermarkets ,Deal of the Month,543665.50,215,2528.68,503.22,4982.45
Furniture,Home Centre,Supermarkets ,Double Points Bonanza,671890.32,240,2799.54,522.80,4998.55
Furniture,Home Centre,Supermarkets ,Early Bird Specials,640620.03,245,2614.78,520.59,4975.33
Furniture,Home Centre,Supermarkets ,End of Season Sale,627690.14,228,2753.03,501.93,4982.60
Furniture,Home Centre,Supermarkets ,Exclusive Insider Offers,561226.75,212,2647.30,510.64,4938.19
Furniture,Home Centre,Supermarkets ,Festive Fever Promo,657191.10,237,2772.96,533.40,4992.90
Furniture,Home Centre,Supermarkets ,Final Call Frenzy,623424.34,221,2820.92,524.69,4994.28
Furniture,Home Centre,Supermarkets ,Flash Frenzy Friday,670559.31,248,2703.87,515.80,4986.36
Furniture,Home Centre,Supermarkets ,"Gift More, Spend Less",599100.37,227,2639.21,501.75,4982.38
Furniture,Home Centre,Supermarkets ,Golden Hour Bargains,585336.23,214,2735.22,521.89,4977.23
Furniture,Home Centre,Supermarkets ,Green Weekend Deals,666868.69,245,2721.91,515.31,4997.02
Furniture,Home Centre,Supermarkets ,Happy Hour Discounts,689795.05,248,2781.43,538.73,4950.91
Furniture,Home Centre,Supermarkets ,Holiday Shopping Rush,570186.65,215,2652.03,533.71,4993.06
Furniture,Home Centre,Supermarkets ,Hot Picks Promo,614093.96,230,2669.97,536.76,4987.89
Furniture,Home Centre,Supermarkets ,Instant Gratification Sale,727451.68,256,2841.61,506.30,4980.77
Furniture,Home Centre,Supermarkets ,Limited Time Treasures,622374.23,223,2790.92,520.47,4968.45
Furniture,Home Centre,Supermarkets ,Loyalty Rewards Blast,666683.14,235,2836.95,500.58,4954.68
Furniture,Home Centre,Supermarkets ,Mega Weekend Bonanza,650644.67,242,2688.61,502.08,4987.63
Furniture,Home Centre,Supermarkets ,Mid-Year Madness,677333.93,244,2775.96,512.10,4966.40
Furniture,Home Centre,Supermarkets ,Midnight Madness,579004.22,200,2895.02,523.76,4991.70
Furniture,Home Centre,Supermarkets ,Mystery Discount Days,557714.31,210,2655.78,510.92,4994.22
Furniture,Home Centre,Supermarkets ,New Arrival Showcase,652260.50,225,2898.94,519.21,4973.78
Furniture,Home Centre,Supermarkets ,New Product Launch Promo,616803.50,231,2670.15,506.40,4996.63
Furniture,Home Centre,Supermarkets ,New Year Kickoff,636798.38,229,2780.78,522.64,4943.24
Furniture,Home Centre,Supermarkets ,Price Drop Parade,657117.60,243,2704.19,521.21,4967.55
Furniture,Home Centre,Supermarkets ,Red Tag Clearance,606784.47,230,2638.19,538.94,4905.77
Furniture,Home Centre,Supermarkets ,Seasonal Surprise Box,615700.66,220,2798.64,504.75,4963.67
Furniture,Home Centre,Supermarkets ,Shop & Save Spectacular,582560.68,213,2735.03,535.59,4997.78
Furniture,Home Centre,Supermarkets ,Smart Shopper Week,684207.20,247,2770.07,555.57,4990.04
Furniture,Home Centre,Supermarkets ,Spring Refresh Event,639794.88,227,2818.48,559.60,4998.45
Furniture,Home Centre,Supermarkets ,Spring Splash Discounts,620632.80,225,2758.37,522.23,4992.41
Furniture,Home Centre,Supermarkets ,Summer Sizzle Promo,657365.91,236,2785.45,543.80,4946.29
Furniture,Home Centre,Supermarkets ,Super Savings Week,629703.69,232,2714.24,504.79,4976.42
Furniture,Home Centre,Supermarkets ,Ultimate Value Event,625226.03,221,2829.08,527.90,4996.74
Furniture,Home Centre,Supermarkets ,VIP Access Sale,684942.82,253,2707.28,500.23,4985.67
Furniture,Home Centre,Supermarkets ,Weekend Warrior Specials,602993.39,223,2704.01,515.07,4993.77
Furniture,Home Centre,Supermarkets ,Winter Clearance Carnival,660832.94,238,2776.61,511.03,4955.42
Furniture,Home Centre,Supermarkets ,Winter Wonders Sale,741917.76,264,2810.29,553.45,4990.65
Furniture,IKEA,Large Malls / Complexes,12 Days of Deals,577556.25,218,2649.34,520.16,4991.30
Furniture,IKEA,Large Malls / Complexes,Autumn Deals Drive,606915.28,216,2809.79,520.05,4953.93
Furniture,IKEA,Large Malls / Complexes,BOGO Blitz,603402.98,228,2646.50,504.41,4987.72
Furniture,IKEA,Large Malls / Complexes,Back to School Boost,645147.84,234,2757.04,553.65,4979.12
Furniture,IKEA,Large Malls / Complexes,Birthday Bash Sale,547665.88,190,2882.45,676.06,4975.48
Furniture,IKEA,Large Malls / Complexes,Black Friday Blowout,631818.02,223,2833.26,508.77,4999.69
Furniture,IKEA,Large Malls / Complexes,Cart Crasher Campaign,510000.16,181,2817.68,537.80,4985.39
Furniture,IKEA,Large Malls / Complexes,Cashback Carnival,570829.61,202,2825.89,505.82,4938.55
Furniture,IKEA,Large Malls / Complexes,Clearance Countdown,603809.51,223,2707.67,511.76,4995.19
Furniture,IKEA,Large Malls / Complexes,Countdown to Savings,596990.53,220,2713.59,546.15,4991.93
Furniture,IKEA,Large Malls / Complexes,Customer Appreciation Week,493703.80,203,2432.04,506.29,4932.57
Furniture,IKEA,Large Malls / Complexes,Cyber Monday Mania,555836.75,200,2779.18,573.00,4991.04
Furniture,IKEA,Large Malls / Complexes,Deal of the Month,559395.03,213,2626.27,507.09,4972.32
Furniture,IKEA,Large Malls / Complexes,Double Points Bonanza,559523.96,206,2716.14,505.59,4981.65
Furniture,IKEA,Large Malls / Complexes,Early Bird Specials,604788.89,222,2724.27,539.80,4996.11
Furniture,IKEA,Large Malls / Complexes,End of Season Sale,519055.83,196,2648.24,510.32,4942.84
Furniture,IKEA,Large Malls / Complexes,Exclusive Insider Offers,580405.34,209,2777.06,556.28,4995.57
Furniture,IKEA,Large Malls / Complexes,Festive Fever Promo,510432.95,188,2715.07,520.70,4997.00
Furniture,IKEA,Large Malls / Complexes,Final Call Frenzy,568276.72,210,2706.08,523.64,4951.40
Furniture,IKEA,Large Malls / Complexes,Flash Frenzy Friday,543353.41,191,2844.78,513.38,4954.70
Furniture,IKEA,Large Malls / Complexes,"Gift More, Spend Less",533368.63,197,2707.45,547.44,4978.60
Furniture,IKEA,Large Malls / Complexes,Golden Hour Bargains,639899.60,220,2908.63,512.00,4995.04
Furniture,IKEA,Large Malls / Complexes,Green Weekend Deals,614129.98,223,2753.95,503.96,4990.96
Furniture,IKEA,Large Malls / Complexes,Happy Hour Discounts,550061.74,200,2750.31,539.67,4965.09
Furniture,IKEA,Large Malls / Complexes,Holiday Shopping Rush,589727.74,214,2755.74,512.87,4992.02
Furniture,IKEA,Large Malls / Complexes,Hot Picks Promo,590597.43,214,2759.80,508.91,4910.85
Furniture,IKEA,Large Malls / Complexes,Instant Gratification Sale,626877.02,225,2786.12,525.78,4978.72
Furniture,IKEA,Large Malls / Complexes,Limited Time Treasures,576054.45,208,2769.49,519.78,4992.20
Furniture,IKEA,Large Malls / Complexes,Loyalty Rewards Blast,565604.17,204,2772.57,531.10,4949.01
Furniture,IKEA,Large Malls / Complexes,Mega Weekend Bonanza,631893.51,225,2808.42,505.20,4993.16
Furniture,IKEA,Large Malls / Complexes,Mid-Year Madness,514193.89,187,2749.70,518.26,4961.13
Furniture,IKEA,Large Malls / Complexes,Midnight Madness,624763.69,225,2776.73,518.32,4993.52
Furniture,IKEA,Large Malls / Complexes,Mystery Discount Days,608567.37,214,2843.77,514.23,4973.46
Furniture,IKEA,Large Malls / Complexes,New Arrival Showcase,562893.65,213,2642.69,531.16,4995.42
Furniture,IKEA,Large Malls / Complexes,New Product Launch Promo,551295.17,207,2663.26,506.75,4996.31
Furniture,IKEA,Large Malls / Complexes,New Year Kickoff,609231.13,218,2794.64,562.41,4982.96
Furniture,IKEA,Large Malls / Complexes,Price Drop Parade,576435.49,204,2825.66,507.32,4951.95
Furniture,IKEA,Large Malls / Complexes,Red Tag Clearance,625745.96,212,2951.63,546.68,4996.34
Furniture,IKEA,Large Malls / Complexes,Seasonal Surprise Box,564309.31,214,2636.96,501.95,4974.45
Furniture,IKEA,Large Malls / Complexes,Shop & Save Spectacular,609567.15,208,2930.61,561.71,4974.86
Furniture,IKEA,Large Malls / Complexes,Smart Shopper Week,577969.18,219,2639.13,508.91,4947.03
Furniture,IKEA,Large Malls / Complexes,Spring Refresh Event,660796.22,242,2730.56,510.54,4995.87
Furniture,IKEA,Large Malls / Complexes,Spring Splash Discounts,593948.08,222,2675.44,502.30,4985.59
Furniture,IKEA,Large Malls / Complexes,Summer Sizzle Promo,621621.85,219,2838.46,533.72,4995.89
Furniture,IKEA,Large Malls / Complexes,Super Savings Week,563979.72,205,2751.12,503.67,4991.69
Furniture,IKEA,Large Malls / Complexes,Ultimate Value Event,524752.36,193,2718.92,502.21,4967.15
Furniture,IKEA,Large Malls / Complexes,VIP Access Sale,558241.07,208,2683.85,530.86,4987.26
Furniture,IKEA,Large Malls / Complexes,Weekend Warrior Specials,533679.26,201,2655.12,508.80,4979.98
Furniture,IKEA,Large Malls / Complexes,Winter Clearance Carnival,671050.79,241,2784.44,517.16,4990.80
Furniture,IKEA,Large Malls / Complexes,Winter Wonders Sale,527060.82,201,2622.19,516.58,4988.05
Furniture,IKEA,Small Stores / Shops,12 Days of Deals,573142.53,219,2617.09,522.57,4968.90
Furniture,IKEA,Small Stores / Shops,Autumn Deals Drive,680120.85,246,2764.72,538.71,4972.91
Furniture,IKEA,Small Stores / Shops,BOGO Blitz,626148.58,225,2782.88,505.02,4970.76
Furniture,IKEA,Small Stores / Shops,Back to School Boost,569691.41,212,2687.22,505.83,4933.96
Furniture,IKEA,Small Stores / Shops,Birthday Bash Sale,624498.42,233,2680.25,507.97,4961.88
Furniture,IKEA,Small Stores / Shops,Black Friday Blowout,723383.37,239,3026.71,512.16,4996.79
Furniture,IKEA,Small Stores / Shops,Cart Crasher Campaign,632428.78,220,2874.68,562.48,4975.40
Furniture,IKEA,Small Stores / Shops,Cashback Carnival,592722.44,224,2646.08,503.76,4954.76
Furniture,IKEA,Small Stores / Shops,Clearance Countdown,606911.42,220,2758.69,505.37,4996.82
Furniture,IKEA,Small Stores / Shops,Countdown to Savings,624801.69,221,2827.16,539.27,4997.53
Furniture,IKEA,Small Stores / Shops,Customer Appreciation Week,636945.44,229,2781.42,508.99,4972.06
Furniture,IKEA,Small Stores / Shops,Cyber Monday Mania,695561.71,236,2947.30,504.38,4986.05
Furniture,IKEA,Small Stores / Shops,Deal of the Month,614525.60,231,2660.28,506.65,4964.44
Furniture,IKEA,Small Stores / Shops,Double Points Bonanza,616111.19,221,2787.83,535.70,4996.14
Furniture,IKEA,Small Stores / Shops,Early Bird Specials,613197.42,228,2689.46,510.94,4990.56
Furniture,IKEA,Small Stores / Shops,End of Season Sale,524307.70,194,2702.62,510.38,4998.04
Furniture,IKEA,Small Stores / Shops,Exclusive Insider Offers,596515.64,222,2687.01,516.73,4959.90
Furniture,IKEA,Small Stores / Shops,Festive Fever Promo,601639.49,222,2710.09,552.45,4996.22
Furniture,IKEA,Small Stores / Shops,Final Call Frenzy,671379.11,248,2707.17,523.54,4998.78
Furniture,IKEA,Small Stores / Shops,Flash Frenzy Friday,626449.94,226,2771.90,505.21,4995.61
Furniture,IKEA,Small Stores / Shops,"Gift More, Spend Less",615281.92,216,2848.53,560.57,4998.02
Furniture,IKEA,Small Stores / Shops,Golden Hour Bargains,604928.31,213,2840.04,541.28,4988.47
Furniture,IKEA,Small Stores / Shops,Green Weekend Deals,609916.65,228,2675.07,507.46,4993.14
Furniture,IKEA,Small Stores / Shops,Happy Hour Discounts,619705.46,231,2682.71,500.31,4998.88
Furniture,IKEA,Small Stores / Shops,Holiday Shopping Rush,699219.93,250,2796.88,504.36,4997.57
Furniture,IKEA,Small Stores / Shops,Hot Picks Promo,595290.75,211,2821.28,514.12,4997.56
Furniture,IKEA,Small Stores / Shops,Instant Gratification Sale,639526.55,222,2880.75,503.56,4964.79
Furniture,IKEA,Small Stores / Shops,Limited Time Treasures,611843.97,230,2660.19,521.66,4995.00
Furniture,IKEA,Small Stores / Shops,Loyalty Rewards Blast,635297.45,229,2774.22,510.64,4976.01
Furniture,IKEA,Small Stores / Shops,Mega Weekend Bonanza,577222.52,213,2709.96,513.38,4987.41
Furniture,IKEA,Small Stores / Shops,Mid-Year Madness,630060.52,215,2930.51,598.73,4973.50
Furniture,IKEA,Small Stores / Shops,Midnight Madness,629823.19,234,2691.55,501.83,4981.58
Furniture,IKEA,Small Stores / Shops,Mystery Discount Days,623129.89,230,2709.26,502.33,4988.12
Furniture,IKEA,Small Stores / Shops,New Arrival Showcase,588488.37,214,2749.95,582.85,4980.12
Furniture,IKEA,Small Stores / Shops,New Product Launch Promo,668442.92,233,2868.85,510.34,4996.35
Furniture,IKEA,Small Stores / Shops,New Year Kickoff,602492.31,220,2738.60,589.36,4996.37
Furniture,IKEA,Small Stores / Shops,Price Drop Parade,664850.51,241,2758.72,500.06,4992.16
Furniture,IKEA,Small Stores / Shops,Red Tag Clearance,622593.44,229,2718.75,563.23,4993.99
Furniture,IKEA,Small Stores / Shops,Seasonal Surprise Box,582337.87,226,2576.72,513.76,4915.68
Furniture,IKEA,Small Stores / Shops,Shop & Save Spectacular,667020.18,233,2862.75,571.98,4986.53
Furniture,IKEA,Small Stores / Shops,Smart Shopper Week,590620.66,226,2613.37,508.73,4992.59
Furniture,IKEA,Small Stores / Shops,Spring Refresh Event,705184.12,241,2926.08,530.34,4955.22
Furniture,IKEA,Small Stores / Shops,Spring Splash Discounts,603397.55,219,2755.24,504.61,4981.71
Furniture,IKEA,Small Stores / Shops,Summer Sizzle Promo,582265.19,222,2622.82,511.39,4998.66
Furniture,IKEA,Small Stores / Shops,Super Savings Week,601501.48,221,2721.73,512.77,4980.21
Furniture,IKEA,Small Stores / Shops,Ultimate Value Event,514900.28,192,2681.77,530.37,4983.29
Furniture,IKEA,Small Stores / Shops,VIP Access Sale,560619.40,205,2734.73,613.29,4992.06
Furniture,IKEA,Small Stores / Shops,Weekend Warrior Specials,570798.55,210,2718.09,530.97,4999.21
Furniture,IKEA,Small Stores / Shops,Winter Clearance Carnival,605382.56,221,2739.29,505.94,4980.63
Furniture,IKEA,Small Stores / Shops,Winter Wonders Sale,678984.73,237,2864.91,502.50,4955.83
Furniture,IKEA,Supermarkets ,12 Days of Deals,621485.13,233,2667.32,502.40,4986.30
Furniture,IKEA,Supermarkets ,Autumn Deals Drive,640646.67,239,2680.53,507.41,4993.26
Furniture,IKEA,Supermarkets ,BOGO Blitz,604212.51,226,2673.51,517.14,4984.74
Furniture,IKEA,Supermarkets ,Back to School Boost,729178.99,266,2741.27,518.12,4984.77
Furniture,IKEA,Supermarkets ,Birthday Bash Sale,632293.40,239,2645.58,501.52,4998.56
Furniture,IKEA,Supermarkets ,Black Friday Blowout,590512.36,213,2772.36,509.40,4988.24
Furniture,IKEA,Supermarkets ,Cart Crasher Campaign,711762.54,268,2655.83,501.43,4998.49
Furniture,IKEA,Supermarkets ,Cashback Carnival,681976.68,251,2717.04,511.49,4999.12
Furniture,IKEA,Supermarkets ,Clearance Countdown,667844.24,240,2782.68,524.15,4988.20
Furniture,IKEA,Supermarkets ,Countdown to Savings,613260.94,219,2800.28,561.63,4982.59
Furniture,IKEA,Supermarkets ,Customer Appreciation Week,668763.43,249,2685.80,531.93,4951.62
Furniture,IKEA,Supermarkets ,Cyber Monday Mania,630846.40,230,2742.81,515.55,4968.21
Furniture,IKEA,Supermarkets ,Deal of the Month,614925.85,226,2720.91,514.18,4978.58
Furniture,IKEA,Supermarkets ,Double Points Bonanza,679205.07,242,2806.63,524.63,4991.43
Furniture,IKEA,Supermarkets ,Early Bird Specials,587049.94,216,2717.82,510.66,4995.21
Furniture,IKEA,Supermarkets ,End of Season Sale,662047.69,241,2747.09,500.31,4967.34
Furniture,IKEA,Supermarkets ,Exclusive Insider Offers,643125.82,229,2808.41,501.83,4998.36
Furniture,IKEA,Supermarkets ,Festive Fever Promo,612255.58,237,2583.36,524.62,4998.21
Furniture,IKEA,Supermarkets ,Final Call Frenzy,683986.48,250,2735.95,509.98,4979.44
Furniture,IKEA,Supermarkets ,Flash Frenzy Friday,620289.10,224,2769.15,513.94,4990.19
Furniture,IKEA,Supermarkets ,"Gift More, Spend Less",594901.25,226,2632.31,500.71,4990.04
Furniture,IKEA,Supermarkets ,Golden Hour Bargains,705865.35,259,2725.35,575.34,4989.88
Furniture,IKEA,Supermarkets ,Green Weekend Deals,726132.09,254,2858.79,516.99,4979.50
Furniture,IKEA,Supermarkets ,Happy Hour Discounts,616788.91,223,2765.87,501.84,4986.70
Furniture,IKEA,Supermarkets ,Holiday Shopping Rush,637440.53,227,2808.11,503.97,4996.87
Furniture,IKEA,Supermarkets ,Hot Picks Promo,584975.67,206,2839.69,507.08,4988.80
Furniture,IKEA,Supermarkets ,Instant Gratification Sale,540341.10,196,2756.84,525.51,4965.71
Furniture,IKEA,Supermarkets ,Limited Time Treasures,677269.90,254,2666.42,502.15,4967.65
Furniture,IKEA,Supermarkets ,Loyalty Rewards Blast,651880.39,246,2649.92,503.05,4924.50
Furniture,IKEA,Supermarkets ,Mega Weekend Bonanza,593001.00,212,2797.17,560.76,4984.22
Furniture,IKEA,Supermarkets ,Mid-Year Madness,654875.11,231,2834.96,513.37,4957.38
Furniture,IKEA,Supermarkets ,Midnight Madness,657571.70,232,2834.36,503.86,4965.35
Furniture,IKEA,Supermarkets ,Mystery Discount Days,677240.65,243,2787.00,503.79,4953.92
Furniture,IKEA,Supermarkets ,New Arrival Showcase,585358.95,232,2523.10,508.31,4995.34
Furniture,IKEA,Supermarkets ,New Product Launch Promo,661205.42,243,2721.01,501.50,4957.27
Furniture,IKEA,Supermarkets ,New Year Kickoff,657710.95,230,2859.61,568.73,4989.76
Furniture,IKEA,Supermarkets ,Price Drop Parade,598437.49,222,2695.66,512.25,4977.59
Furniture,IKEA,Supermarkets ,Red Tag Clearance,669144.54,242,2765.06,518.85,4946.19
Furniture,IKEA,Supermarkets ,Seasonal Surprise Box,685889.98,250,2743.56,502.27,4972.74
Furniture,IKEA,Supermarkets ,Shop & Save Spectacular,724899.27,264,2745.83,516.22,4993.27
Furniture,IKEA,Supermarkets ,Smart Shopper Week,686642.33,240,2861.01,518.77,4998.03
Furniture,IKEA,Supermarkets ,Spring Refresh Event,649172.47,227,2859.79,524.73,4965.08
Furniture,IKEA,Supermarkets ,Spring Splash Discounts,626093.07,225,2782.64,580.04,4992.95
Furniture,IKEA,Supermarkets ,Summer Sizzle Promo,569246.59,213,2672.52,572.87,4988.62
Furniture,IKEA,Supermarkets ,Super Savings Week,625243.38,232,2695.01,520.77,4971.35
Furniture,IKEA,Supermarkets ,Ultimate Value Event,754214.96,271,2783.08,549.01,4974.91
Furniture,IKEA,Supermarkets ,VIP Access Sale,580698.28,212,2739.14,506.30,4978.19
Furniture,IKEA,Supermarkets ,Weekend Warrior Specials,681388.43,240,2839.12,501.39,4996.77
Furniture,IKEA,Supermarkets ,Winter Clearance Carnival,639542.81,241,2653.70,515.16,4951.83
Furniture,IKEA,Supermarkets ,Winter Wonders Sale,690197.33,246,2805.68,532.36,4962.23
Furniture,Pepperfry,Large Malls / Complexes,12 Days of Deals,569490.99,203,2805.37,532.05,4972.28
Furniture,Pepperfry,Large Malls / Complexes,Autumn Deals Drive,641543.93,240,2673.10,500.56,4991.13
Furniture,Pepperfry,Large Malls / Complexes,BOGO Blitz,508949.18,192,2650.78,533.59,4983.71
Furniture,Pepperfry,Large Malls / Complexes,Back to School Boost,654129.71,243,2691.89,546.68,4982.80
Furniture,Pepperfry,Large Malls / Complexes,Birthday Bash Sale,586058.38,203,2886.99,513.51,4992.29
Furniture,Pepperfry,Large Malls / Complexes,Black Friday Blowout,630580.09,230,2741.65,507.45,4970.96
Furniture,Pepperfry,Large Malls / Complexes,Cart Crasher Campaign,600360.47,223,2692.20,527.24,4998.24
Furniture,Pepperfry,Large Malls / Complexes,Cashback Carnival,579836.87,213,2722.24,514.11,4976.36
Furniture,Pepperfry,Large Malls / Complexes,Clearance Countdown,523821.54,200,2619.11,542.46,4940.34
Furniture,Pepperfry,Large Malls / Complexes,Countdown to Savings,594468.38,207,2871.83,517.78,4999.16
Furniture,Pepperfry,Large Malls / Complexes,Customer Appreciation Week,553574.25,200,2767.87,502.67,4987.92
Furniture,Pepperfry,Large Malls / Complexes,Cyber Monday Mania,600400.13,218,2754.13,508.01,4973.75
Furniture,Pepperfry,Large Malls / Complexes,Deal of the Month,533412.70,190,2807.44,501.02,4944.12
Furniture,Pepperfry,Large Malls / Complexes,Double Points Bonanza,599985.25,209,2870.74,505.06,4954.89
Furniture,Pepperfry,Large Malls / Complexes,Early Bird Specials,560925.19,206,2722.94,536.38,4981.51
Furniture,Pepperfry,Large Malls / Complexes,End of Season Sale,499540.15,172,2904.30,531.31,4987.32
Furniture,Pepperfry,Large Malls / Complexes,Exclusive Insider Offers,579514.66,210,2759.59,516.07,4939.74
Furniture,Pepperfry,Large Malls / Complexes,Festive Fever Promo,616896.08,224,2754.00,579.81,4963.78
Furniture,Pepperfry,Large Malls / Complexes,Final Call Frenzy,519459.94,186,2792.80,519.31,4918.69
Furniture,Pepperfry,Large Malls / Complexes,Flash Frenzy Friday,645805.28,235,2748.11,503.24,4978.96
Furniture,Pepperfry,Large Malls / Complexes,"Gift More, Spend Less",552534.96,205,2695.29,502.35,4998.32
Furniture,Pepperfry,Large Malls / Complexes,Golden Hour Bargains,606831.78,220,2758.33,519.79,4944.83
Furniture,Pepperfry,Large Malls / Complexes,Green Weekend Deals,582411.32,210,2773.39,520.16,4988.23
Furniture,Pepperfry,Large Malls / Complexes,Happy Hour Discounts,632681.35,217,2915.58,538.72,4998.48
Furniture,Pepperfry,Large Malls / Complexes,Holiday Shopping Rush,578908.87,212,2730.70,512.13,4980.16
Furniture,Pepperfry,Large Malls / Complexes,Hot Picks Promo,620138.03,226,2743.97,506.63,4960.63
Furniture,Pepperfry,Large Malls / Complexes,Instant Gratification Sale,563729.32,204,2763.38,503.79,4978.07
Furniture,Pepperfry,Large Malls / Complexes,Limited Time Treasures,708979.02,248,2858.79,532.76,4994.63
Furniture,Pepperfry,Large Malls / Complexes,Loyalty Rewards Blast,561918.46,213,2638.11,506.46,4979.38
Furniture,Pepperfry,Large Malls / Complexes,Mega Weekend Bonanza,662701.61,238,2784.46,521.38,4988.69
Furniture,Pepperfry,Large Malls / Complexes,Mid-Year Madness,501446.35,179,2801.38,548.61,4975.15
Furniture,Pepperfry,Large Malls / Complexes,Midnight Madness,483018.36,189,2555.65,501.59,4968.62
Furniture,Pepperfry,Large Malls / Complexes,Mystery Discount Days,615287.58,220,2796.76,519.89,4981.33
Furniture,Pepperfry,Large Malls / Complexes,New Arrival Showcase,580755.72,213,2726.55,518.75,4982.59
Furniture,Pepperfry,Large Malls / Complexes,New Product Launch Promo,536447.28,195,2751.01,500.59,4990.42
Furniture,Pepperfry,Large Malls / Complexes,New Year Kickoff,514387.40,188,2736.10,508.86,4977.52
Furniture,Pepperfry,Large Malls / Complexes,Price Drop Parade,561594.08,204,2752.91,525.37,4979.50
Furniture,Pepperfry,Large Malls / Complexes,Red Tag Clearance,506446.53,188,2693.86,532.98,4979.61
Furniture,Pepperfry,Large Malls / Complexes,Seasonal Surprise Box,642003.67,229,2803.51,501.63,4989.64
Furniture,Pepperfry,Large Malls / Complexes,Shop & Save Spectacular,592162.55,214,2767.11,551.34,4979.05
Furniture,Pepperfry,Large Malls / Complexes,Smart Shopper Week,624891.45,225,2777.30,513.39,4936.39
Furniture,Pepperfry,Large Malls / Complexes,Spring Refresh Event,628068.98,222,2829.14,500.36,4984.79
Furniture,Pepperfry,Large Malls / Complexes,Spring Splash Discounts,573176.50,221,2593.56,504.32,4986.16
Furniture,Pepperfry,Large Malls / Complexes,Summer Sizzle Promo,557836.47,202,2761.57,505.17,4960.63
Furniture,Pepperfry,Large Malls / Complexes,Super Savings Week,599642.31,217,2763.33,505.61,4921.02
Furniture,Pepperfry,Large Malls / Complexes,Ultimate Value Event,548936.14,195,2815.06,507.45,4985.73
Furniture,Pepperfry,Large Malls / Complexes,VIP Access Sale,579287.61,214,2706.95,550.05,4923.91
Furniture,Pepperfry,Large Malls / Complexes,Weekend Warrior Specials,646567.15,223,2899.40,571.31,4988.54
Furniture,Pepperfry,Large Malls / Complexes,Winter Clearance Carnival,524238.49,202,2595.24,516.46,4998.34
Furniture,Pepperfry,Large Malls / Complexes,Winter Wonders Sale,547308.93,196,2792.39,513.10,4995.39
Furniture,Pepperfry,Small Stores / Shops,12 Days of Deals,614963.68,218,2820.93,518.52,4989.95
Furniture,Pepperfry,Small Stores / Shops,Autumn Deals Drive,609055.27,225,2706.91,502.71,4998.96
Furniture,Pepperfry,Small Stores / Shops,BOGO Blitz,607548.33,215,2825.81,511.25,4994.26
Furniture,Pepperfry,Small Stores / Shops,Back to School Boost,561498.75,203,2766.00,541.98,4982.61
Furniture,Pepperfry,Small Stores / Shops,Birthday Bash Sale,632326.03,227,2785.58,505.99,4961.84
Furniture,Pepperfry,Small Stores / Shops,Black Friday Blowout,657910.02,237,2775.99,509.50,4999.47
Furniture,Pepperfry,Small Stores / Shops,Cart Crasher Campaign,529470.27,190,2786.69,501.27,4993.56
Furniture,Pepperfry,Small Stores / Shops,Cashback Carnival,566210.92,197,2874.17,584.15,4993.83
Furniture,Pepperfry,Small Stores / Shops,Clearance Countdown,559948.28,213,2628.87,510.97,4974.94
Furniture,Pepperfry,Small Stores / Shops,Countdown to Savings,622775.92,234,2661.44,531.05,4971.53
Furniture,Pepperfry,Small Stores / Shops,Customer Appreciation Week,622066.98,225,2764.74,539.60,4994.34
Furniture,Pepperfry,Small Stores / Shops,Cyber Monday Mania,662333.75,238,2782.91,506.92,4968.60
Furniture,Pepperfry,Small Stores / Shops,Deal of the Month,595414.51,220,2706.43,525.45,4962.10
Furniture,Pepperfry,Small Stores / Shops,Double Points Bonanza,629975.29,222,2837.73,525.26,4975.26
Furniture,Pepperfry,Small Stores / Shops,Early Bird Specials,595554.60,197,3023.12,531.79,4997.80
Furniture,Pepperfry,Small Stores / Shops,End of Season Sale,590128.13,215,2744.78,521.45,4997.14
Furniture,Pepperfry,Small Stores / Shops,Exclusive Insider Offers,660505.20,237,2786.94,514.75,4978.51
Furniture,Pepperfry,Small Stores / Shops,Festive Fever Promo,671212.88,231,2905.68,510.18,4956.89
Furniture,Pepperfry,Small Stores / Shops,Final Call Frenzy,658722.96,236,2791.20,502.89,4993.72
Furniture,Pepperfry,Small Stores / Shops,Flash Frenzy Friday,718884.83,266,2702.57,516.90,4998.41
Furniture,Pepperfry,Small Stores / Shops,"Gift More, Spend Less",621169.67,231,2689.05,508.69,4980.37
Furniture,Pepperfry,Small Stores / Shops,Golden Hour Bargains,587739.60,217,2708.48,511.16,4923.92
Furniture,Pepperfry,Small Stores / Shops,Green Weekend Deals,617808.74,221,2795.51,503.53,4989.00
Furniture,Pepperfry,Small Stores / Shops,Happy Hour Discounts,633799.55,230,2755.65,528.65,4965.26
Furniture,Pepperfry,Small Stores / Shops,Holiday Shopping Rush,542943.92,198,2742.14,513.66,4989.06
Furniture,Pepperfry,Small Stores / Shops,Hot Picks Promo,603118.08,216,2792.21,504.44,4994.52
Furniture,Pepperfry,Small Stores / Shops,Instant Gratification Sale,567682.74,207,2742.43,534.83,4999.03
Furniture,Pepperfry,Small Stores / Shops,Limited Time Treasures,708811.88,255,2779.65,514.82,4965.73
Furniture,Pepperfry,Small Stores / Shops,Loyalty Rewards Blast,508352.31,187,2718.46,501.05,4956.91
Furniture,Pepperfry,Small Stores / Shops,Mega Weekend Bonanza,638235.52,228,2799.28,504.00,4979.42
Furniture,Pepperfry,Small Stores / Shops,Mid-Year Madness,628586.75,229,2744.92,518.75,4981.53
Furniture,Pepperfry,Small Stores / Shops,Midnight Madness,671906.46,243,2765.05,505.16,4998.12
Furniture,Pepperfry,Small Stores / Shops,Mystery Discount Days,585395.47,217,2697.67,586.28,4983.15
Furniture,Pepperfry,Small Stores / Shops,New Arrival Showcase,670329.42,252,2660.04,532.89,4998.89
Furniture,Pepperfry,Small Stores / Shops,New Product Launch Promo,610284.08,222,2749.03,534.14,4971.27
Furniture,Pepperfry,Small Stores / Shops,New Year Kickoff,639067.36,228,2802.93,508.25,4995.79
Furniture,Pepperfry,Small Stores / Shops,Price Drop Parade,640966.18,228,2811.26,555.53,4987.91
Furniture,Pepperfry,Small Stores / Shops,Red Tag Clearance,544774.84,204,2670.46,510.85,4986.09
Furniture,Pepperfry,Small Stores / Shops,Seasonal Surprise Box,661827.09,233,2840.46,523.27,4986.02
Furniture,Pepperfry,Small Stores / Shops,Shop & Save Spectacular,588174.87,206,2855.22,516.37,4976.95
Furniture,Pepperfry,Small Stores / Shops,Smart Shopper Week,527861.73,186,2837.97,504.73,4942.17
Furniture,Pepperfry,Small Stores / Shops,Spring Refresh Event,561490.55,211,2661.09,507.71,4972.45
Furniture,Pepperfry,Small Stores / Shops,Spring Splash Discounts,612034.75,223,2744.55,506.06,4998.77
Furniture,Pepperfry,Small Stores / Shops,Summer Sizzle Promo,661540.97,241,2744.98,504.85,4998.67
Furniture,Pepperfry,Small Stores / Shops,Super Savings Week,637963.55,222,2873.71,509.73,4980.68
Furniture,Pepperfry,Small Stores / Shops,Ultimate Value Event,666073.66,235,2834.36,528.68,4987.34
Furniture,Pepperfry,Small Stores / Shops,VIP Access Sale,616647.68,231,2669.47,502.41,4977.48
Furniture,Pepperfry,Small Stores / Shops,Weekend Warrior Specials,623125.04,232,2685.88,504.11,4994.16
Furniture,Pepperfry,Small Stores / Shops,Winter Clearance Carnival,626826.20,228,2749.24,531.86,4971.04
Furniture,Pepperfry,Small Stores / Shops,Winter Wonders Sale,688756.85,240,2869.82,507.73,4967.99
Furniture,Pepperfry,Supermarkets ,12 Days of Deals,608382.29,222,2740.46,522.59,4998.58
Furniture,Pepperfry,Supermarkets ,Autumn Deals Drive,640894.58,242,2648.32,522.34,4970.79
Furniture,Pepperfry,Supermarkets ,BOGO Blitz,536556.96,201,2669.44,515.21,4975.66
Furniture,Pepperfry,Supermarkets ,Back to School Boost,712690.18,264,2699.58,522.56,4988.70
Furniture,Pepperfry,Supermarkets ,Birthday Bash Sale,559097.80,199,2809.54,522.72,4978.06
Furniture,Pepperfry,Supermarkets ,Black Friday Blowout,698824.97,244,2864.04,512.10,4990.25
Furniture,Pepperfry,Supermarkets ,Cart Crasher Campaign,604050.42,215,2809.54,524.48,4937.45
Furniture,Pepperfry,Supermarkets ,Cashback Carnival,610538.30,231,2643.02,510.52,4982.35
Furniture,Pepperfry,Supermarkets ,Clearance Countdown,673633.72,241,2795.16,513.61,4995.77
Furniture,Pepperfry,Supermarkets ,Countdown to Savings,692779.75,245,2827.67,510.93,4996.95
Furniture,Pepperfry,Supermarkets ,Customer Appreciation Week,646420.04,240,2693.42,516.70,4996.70
Furniture,Pepperfry,Supermarkets ,Cyber Monday Mania,558670.89,206,2711.99,513.45,4993.83
Furniture,Pepperfry,Supermarkets ,Deal of the Month,611638.55,226,2706.37,530.94,4997.12
Furniture,Pepperfry,Supermarkets ,Double Points Bonanza,749277.02,266,2816.83,526.68,4999.14
Furniture,Pepperfry,Supermarkets ,Early Bird Specials,611027.71,229,2668.24,500.89,4997.79
Furniture,Pepperfry,Supermarkets ,End of Season Sale,668186.99,251,2662.10,529.29,4998.80
Furniture,Pepperfry,Supermarkets ,Exclusive Insider Offers,642934.63,232,2771.27,539.93,4995.54
Furniture,Pepperfry,Supermarkets ,Festive Fever Promo,638049.55,237,2692.19,514.16,4998.62
Furniture,Pepperfry,Supermarkets ,Final Call Frenzy,573393.57,212,2704.69,520.68,4998.23
Furniture,Pepperfry,Supermarkets ,Flash Frenzy Friday,611431.69,214,2857.16,548.03,4985.49
Furniture,Pepperfry,Supermarkets ,"Gift More, Spend Less",596369.25,226,2638.80,507.96,4997.79
Furniture,Pepperfry,Supermarkets ,Golden Hour Bargains,591474.32,222,2664.30,506.98,4994.22
Furniture,Pepperfry,Supermarkets ,Green Weekend Deals,664907.93,236,2817.41,514.11,4996.89
Furniture,Pepperfry,Supermarkets ,Happy Hour Discounts,606781.26,223,2720.99,511.00,4983.82
Furniture,Pepperfry,Supermarkets ,Holiday Shopping Rush,597318.50,213,2804.31,528.21,4979.12
Furniture,Pepperfry,Supermarkets ,Hot Picks Promo,655175.96,236,2776.17,526.96,4992.88
Furniture,Pepperfry,Supermarkets ,Instant Gratification Sale,684168.06,247,2769.91,532.54,4958.13
Furniture,Pepperfry,Supermarkets ,Limited Time Treasures,598680.33,222,2696.76,505.62,4984.06
Furniture,Pepperfry,Supermarkets ,Loyalty Rewards Blast,619878.52,229,2706.89,506.20,4999.26
Furniture,Pepperfry,Supermarkets ,Mega Weekend Bonanza,644921.05,232,2779.83,532.98,4982.65
Furniture,Pepperfry,Supermarkets ,Mid-Year Madness,698947.88,252,2773.60,515.95,4987.96
Furniture,Pepperfry,Supermarkets ,Midnight Madness,650789.55,240,2711.62,510.82,4995.95
Furniture,Pepperfry,Supermarkets ,Mystery Discount Days,666357.80,241,2764.97,514.73,4986.60
Furniture,Pepperfry,Supermarkets ,New Arrival Showcase,653335.98,245,2666.68,522.25,4954.11
Furniture,Pepperfry,Supermarkets ,New Product Launch Promo,614946.98,218,2820.86,506.27,4992.74
Furniture,Pepperfry,Supermarkets ,New Year Kickoff,627488.90,234,2681.58,509.51,4997.66
Furniture,Pepperfry,Supermarkets ,Price Drop Parade,677503.55,242,2799.60,515.78,4979.58
Furniture,Pepperfry,Supermarkets ,Red Tag Clearance,575399.87,221,2603.62,503.92,4993.73
Furniture,Pepperfry,Supermarkets ,Seasonal Surprise Box,686569.88,244,2813.81,517.21,4998.54
Furniture,Pepperfry,Supermarkets ,Shop & Save Spectacular,513794.76,199,2581.88,545.80,4975.45
Furniture,Pepperfry,Supermarkets ,Smart Shopper Week,647394.63,232,2790.49,523.07,4992.28
Furniture,Pepperfry,Supermarkets ,Spring Refresh Event,729051.78,261,2793.30,505.59,4994.60
Furniture,Pepperfry,Supermarkets ,Spring Splash Discounts,618459.79,212,2917.26,512.40,4998.36
Furniture,Pepperfry,Supermarkets ,Summer Sizzle Promo,728729.40,260,2802.81,537.57,4981.93
Furniture,Pepperfry,Supermarkets ,Super Savings Week,647345.03,227,2851.74,582.74,4989.93
Furniture,Pepperfry,Supermarkets ,Ultimate Value Event,588867.27,223,2640.66,512.05,4993.55
Furniture,Pepperfry,Supermarkets ,VIP Access Sale,701829.37,261,2689.00,506.42,4994.17
Furniture,Pepperfry,Supermarkets ,Weekend Warrior Specials,660343.89,239,2762.95,525.21,4990.85
Furniture,Pepperfry,Supermarkets ,Winter Clearance Carnival,651495.82,236,2760.58,532.06,4981.20
Furniture,Pepperfry,Supermarkets ,Winter Wonders Sale,516919.01,189,2735.02,535.81,4995.12
Furniture,Urban Ladder,Large Malls / Complexes,12 Days of Deals,636895.79,227,2805.71,502.44,4974.34
Furniture,Urban Ladder,Large Malls / Complexes,Autumn Deals Drive,581571.77,199,2922.47,546.90,4982.15
Furniture,Urban Ladder,Large Malls / Complexes,BOGO Blitz,622992.45,223,2793.69,506.07,4990.46
Furniture,Urban Ladder,Large Malls / Complexes,Back to School Boost,575115.24,217,2650.30,514.02,4993.19
Furniture,Urban Ladder,Large Malls / Complexes,Birthday Bash Sale,552720.66,205,2696.20,531.30,4964.82
Furniture,Urban Ladder,Large Malls / Complexes,Black Friday Blowout,569066.89,204,2789.54,507.23,4999.88
Furniture,Urban Ladder,Large Malls / Complexes,Cart Crasher Campaign,532429.66,198,2689.04,564.75,4994.60
Furniture,Urban Ladder,Large Malls / Complexes,Cashback Carnival,553615.11,201,2754.30,538.91,4999.62
Furniture,Urban Ladder,Large Malls / Complexes,Clearance Countdown,589214.27,210,2805.78,528.08,4974.11
Furniture,Urban Ladder,Large Malls / Complexes,Countdown to Savings,513841.78,203,2531.24,575.52,4989.47
Furniture,Urban Ladder,Large Malls / Complexes,Customer Appreciation Week,476486.15,184,2589.60,510.46,4988.63
Furniture,Urban Ladder,Large Malls / Complexes,Cyber Monday Mania,622984.79,222,2806.24,541.91,4990.17
Furniture,Urban Ladder,Large Malls / Complexes,Deal of the Month,634962.08,241,2634.70,525.57,4999.11
Furniture,Urban Ladder,Large Malls / Complexes,Double Points Bonanza,567401.96,214,2651.41,508.58,4986.14
Furniture,Urban Ladder,Large Malls / Complexes,Early Bird Specials,588339.12,215,2736.46,503.43,4938.57
Furniture,Urban Ladder,Large Malls / Complexes,End of Season Sale,632402.79,222,2848.66,509.93,4962.83
Furniture,Urban Ladder,Large Malls / Complexes,Exclusive Insider Offers,600453.10,213,2819.03,532.69,4955.46
Furniture,Urban Ladder,Large Malls / Complexes,Festive Fever Promo,594574.39,229,2596.39,509.05,4987.04
Furniture,Urban Ladder,Large Malls / Complexes,Final Call Frenzy,584486.06,213,2744.07,504.15,4957.17
Furniture,Urban Ladder,Large Malls / Complexes,Flash Frenzy Friday,658470.71,237,2778.36,502.44,4978.87
Furniture,Urban Ladder,Large Malls / Complexes,"Gift More, Spend Less",692492.71,235,2946.78,507.61,4984.42
Furniture,Urban Ladder,Large Malls / Complexes,Golden Hour Bargains,601259.29,212,2836.13,528.40,4997.28
Furniture,Urban Ladder,Large Malls / Complexes,Green Weekend Deals,576491.34,217,2656.64,502.15,4995.24
Furniture,Urban Ladder,Large Malls / Complexes,Happy Hour Discounts,548541.13,198,2770.41,511.43,4997.56
Furniture,Urban Ladder,Large Malls / Complexes,Holiday Shopping Rush,591674.23,209,2830.98,502.02,4989.87
Furniture,Urban Ladder,Large Malls / Complexes,Hot Picks Promo,574276.36,217,2646.43,587.71,4995.82
Furniture,Urban Ladder,Large Malls / Complexes,Instant Gratification Sale,612378.67,223,2746.09,505.46,4995.76
Furniture,Urban Ladder,Large Malls / Complexes,Limited Time Treasures,635555.78,223,2850.03,508.15,4968.61
Furniture,Urban Ladder,Large Malls / Complexes,Loyalty Rewards Blast,597518.96,217,2753.54,545.82,4998.17
Furniture,Urban Ladder,Large Malls / Complexes,Mega Weekend Bonanza,590878.54,222,2661.62,507.73,4972.66
Furniture,Urban Ladder,Large Malls / Complexes,Mid-Year Madness,566387.65,208,2723.02,501.87,4997.34
Furniture,Urban Ladder,Large Malls / Complexes,Midnight Madness,649354.92,234,2775.02,523.87,4975.49
Furniture,Urban Ladder,Large Malls / Complexes,Mystery Discount Days,610565.56,231,2643.14,539.99,4965.98
Furniture,Urban Ladder,Large Malls / Complexes,New Arrival Showcase,641304.71,219,2928.33,515.29,4989.98
Furniture,Urban Ladder,Large Malls / Complexes,New Product Launch Promo,622660.99,233,2672.36,500.98,4940.65
Furniture,Urban Ladder,Large Malls / Complexes,New Year Kickoff,650585.48,234,2780.28,518.27,4989.07
Furniture,Urban Ladder,Large Malls / Complexes,Price Drop Parade,605402.56,219,2764.40,532.30,4970.51
Furniture,Urban Ladder,Large Malls / Complexes,Red Tag Clearance,531824.31,200,2659.12,511.21,4999.64
Furniture,Urban Ladder,Large Malls / Complexes,Seasonal Surprise Box,617329.37,219,2818.86,517.65,4973.70
Furniture,Urban Ladder,Large Malls / Complexes,Shop & Save Spectacular,562515.13,202,2784.73,537.15,4973.80
Furniture,Urban Ladder,Large Malls / Complexes,Smart Shopper Week,603174.69,211,2858.65,500.56,4987.03
Furniture,Urban Ladder,Large Malls / Complexes,Spring Refresh Event,511682.72,191,2678.97,527.72,4978.85
Furniture,Urban Ladder,Large Malls / Complexes,Spring Splash Discounts,652729.08,236,2765.80,528.77,4996.37
Furniture,Urban Ladder,Large Malls / Complexes,Summer Sizzle Promo,609724.15,225,2709.89,517.24,4988.83
Furniture,Urban Ladder,Large Malls / Complexes,Super Savings Week,582889.39,207,2815.89,538.95,4992.27
Furniture,Urban Ladder,Large Malls / Complexes,Ultimate Value Event,604060.66,217,2783.69,530.20,4978.65
Furniture,Urban Ladder,Large Malls / Complexes,VIP Access Sale,602712.13,212,2842.98,512.62,4987.04
Furniture,Urban Ladder,Large Malls / Complexes,Weekend Warrior Specials,611191.44,229,2668.96,526.99,4985.43
Furniture,Urban Ladder,Large Malls / Complexes,Winter Clearance Carnival,602617.89,211,2856.01,509.43,4993.18
Furniture,Urban Ladder,Large Malls / Complexes,Winter Wonders Sale,589875.17,213,2769.37,500.29,4997.81
Furniture,Urban Ladder,Small Stores / Shops,12 Days of Deals,679851.55,236,2880.73,517.13,4932.18
Furniture,Urban Ladder,Small Stores / Shops,Autumn Deals Drive,584201.60,210,2781.91,513.05,4994.21
Furniture,Urban Ladder,Small Stores / Shops,BOGO Blitz,625566.86,235,2661.99,505.47,4972.69
Furniture,Urban Ladder,Small Stores / Shops,Back to School Boost,600364.36,210,2858.88,547.96,4996.70
Furniture,Urban Ladder,Small Stores / Shops,Birthday Bash Sale,623570.47,222,2808.88,501.84,4996.86
Furniture,Urban Ladder,Small Stores / Shops,Black Friday Blowout,570182.85,211,2702.29,511.80,4981.67
Furniture,Urban Ladder,Small Stores / Shops,Cart Crasher Campaign,579159.29,213,2719.06,533.70,4979.28
Furniture,Urban Ladder,Small Stores / Shops,Cashback Carnival,527759.09,210,2513.14,502.45,4999.14
Furniture,Urban Ladder,Small Stores / Shops,Clearance Countdown,639263.44,225,2841.17,525.08,4979.50
Furniture,Urban Ladder,Small Stores / Shops,Countdown to Savings,572711.76,209,2740.25,534.00,4986.67
Furniture,Urban Ladder,Small Stores / Shops,Customer Appreciation Week,591034.71,219,2698.79,501.28,4963.00
Furniture,Urban Ladder,Small Stores / Shops,Cyber Monday Mania,629641.60,231,2725.72,557.71,4990.19
Furniture,Urban Ladder,Small Stores / Shops,Deal of the Month,656126.53,229,2865.18,513.90,4985.15
Furniture,Urban Ladder,Small Stores / Shops,Double Points Bonanza,613504.94,204,3007.38,500.57,4955.59
Furniture,Urban Ladder,Small Stores / Shops,Early Bird Specials,516556.46,197,2622.11,508.32,4975.68
Furniture,Urban Ladder,Small Stores / Shops,End of Season Sale,609229.87,223,2731.97,551.44,4989.65
Furniture,Urban Ladder,Small Stores / Shops,Exclusive Insider Offers,567958.88,221,2569.95,523.65,4964.31
Furniture,Urban Ladder,Small Stores / Shops,Festive Fever Promo,560461.32,207,2707.54,500.07,4991.65
Furniture,Urban Ladder,Small Stores / Shops,Final Call Frenzy,641811.63,235,2731.11,501.06,4997.58
Furniture,Urban Ladder,Small Stores / Shops,Flash Frenzy Friday,589684.72,211,2794.71,528.30,4995.63
Furniture,Urban Ladder,Small Stores / Shops,"Gift More, Spend Less",659269.36,232,2841.68,510.14,4994.85
Furniture,Urban Ladder,Small Stores / Shops,Golden Hour Bargains,611371.38,206,2967.82,517.42,4999.31
Furniture,Urban Ladder,Small Stores / Shops,Green Weekend Deals,609503.81,232,2627.17,516.86,4992.89
Furniture,Urban Ladder,Small Stores / Shops,Happy Hour Discounts,601476.06,209,2877.88,538.10,4996.65
Furniture,Urban Ladder,Small Stores / Shops,Holiday Shopping Rush,561046.66,206,2723.53,523.84,4959.89
Furniture,Urban Ladder,Small Stores / Shops,Hot Picks Promo,580637.10,226,2569.19,502.87,4980.07
Furniture,Urban Ladder,Small Stores / Shops,Instant Gratification Sale,596974.82,212,2815.92,515.64,4995.20
Furniture,Urban Ladder,Small Stores / Shops,Limited Time Treasures,642496.52,226,2842.90,500.34,4997.33
Furniture,Urban Ladder,Small Stores / Shops,Loyalty Rewards Blast,621546.48,227,2738.09,550.08,4976.53
Furniture,Urban Ladder,Small Stores / Shops,Mega Weekend Bonanza,616060.89,224,2750.27,507.54,4969.19
Furniture,Urban Ladder,Small Stores / Shops,Mid-Year Madness,560001.84,220,2545.46,517.19,4987.29
Furniture,Urban Ladder,Small Stores / Shops,Midnight Madness,633384.93,219,2892.17,561.50,4959.06
Furniture,Urban Ladder,Small Stores / Shops,Mystery Discount Days,602254.68,206,2923.57,554.13,4995.72
Furniture,Urban Ladder,Small Stores / Shops,New Arrival Showcase,589396.82,214,2754.19,573.82,4945.16
Furniture,Urban Ladder,Small Stores / Shops,New Product Launch Promo,602831.02,222,2715.46,507.93,4976.55
Furniture,Urban Ladder,Small Stores / Shops,New Year Kickoff,622763.41,229,2719.49,502.12,4998.26
Furniture,Urban Ladder,Small Stores / Shops,Price Drop Parade,598733.61,216,2771.91,504.00,4989.67
Furniture,Urban Ladder,Small Stores / Shops,Red Tag Clearance,581948.68,217,2681.79,501.29,4947.33
Furniture,Urban Ladder,Small Stores / Shops,Seasonal Surprise Box,609272.15,223,2732.16,508.05,4996.98
Furniture,Urban Ladder,Small Stores / Shops,Shop & Save Spectacular,624515.88,231,2703.53,522.08,4990.61
Furniture,Urban Ladder,Small Stores / Shops,Smart Shopper Week,650987.77,225,2893.28,539.38,4952.65
Furniture,Urban Ladder,Small Stores / Shops,Spring Refresh Event,532568.21,192,2773.79,505.62,4971.53
Furniture,Urban Ladder,Small Stores / Shops,Spring Splash Discounts,624389.62,216,2890.69,515.63,4973.77
Furniture,Urban Ladder,Small Stores / Shops,Summer Sizzle Promo,612488.02,228,2686.35,531.43,4990.61
Furniture,Urban Ladder,Small Stores / Shops,Super Savings Week,635898.88,223,2851.56,500.70,4994.43
Furniture,Urban Ladder,Small Stores / Shops,Ultimate Value Event,572811.38,202,2835.70,501.69,4978.22
Furniture,Urban Ladder,Small Stores / Shops,VIP Access Sale,581558.86,202,2879.00,524.32,4979.71
Furniture,Urban Ladder,Small Stores / Shops,Weekend Warrior Specials,622681.90,217,2869.50,501.38,4991.81
Furniture,Urban Ladder,Small Stores / Shops,Winter Clearance Carnival,572904.44,201,2850.27,512.07,4984.84
Furniture,Urban Ladder,Small Stores / Shops,Winter Wonders Sale,588389.96,213,2762.39,514.12,4952.83
Furniture,Urban Ladder,Supermarkets ,12 Days of Deals,552700.37,195,2834.36,546.16,4971.39
Furniture,Urban Ladder,Supermarkets ,Autumn Deals Drive,615161.56,234,2628.90,513.29,4965.21
Furniture,Urban Ladder,Supermarkets ,BOGO Blitz,642786.25,251,2560.90,548.08,4975.94
Furniture,Urban Ladder,Supermarkets ,Back to School Boost,618952.25,231,2679.45,506.98,4988.37
Furniture,Urban Ladder,Supermarkets ,Birthday Bash Sale,619090.74,223,2776.19,505.39,4983.66
Furniture,Urban Ladder,Supermarkets ,Black Friday Blowout,748075.59,262,2855.25,525.81,4974.48
Furniture,Urban Ladder,Supermarkets ,Cart Crasher Campaign,644855.58,251,2569.15,503.66,4982.54
Furniture,Urban Ladder,Supermarkets ,Cashback Carnival,611630.17,220,2780.14,593.00,4999.22
Furniture,Urban Ladder,Supermarkets ,Clearance Countdown,623913.91,224,2785.33,507.62,4992.50
Furniture,Urban Ladder,Supermarkets ,Countdown to Savings,584082.29,222,2631.00,516.93,4979.96
Furniture,Urban Ladder,Supermarkets ,Customer Appreciation Week,670445.12,239,2805.21,514.26,4940.14
Furniture,Urban Ladder,Supermarkets ,Cyber Monday Mania,650898.53,227,2867.39,561.75,4966.63
Furniture,Urban Ladder,Supermarkets ,Deal of the Month,743184.05,265,2804.47,515.03,4934.08
Furniture,Urban Ladder,Supermarkets ,Double Points Bonanza,642701.61,235,2734.90,531.32,4993.12
Furniture,Urban Ladder,Supermarkets ,Early Bird Specials,605091.35,213,2840.80,704.45,4985.13
Furniture,Urban Ladder,Supermarkets ,End of Season Sale,661061.70,235,2813.03,512.45,4986.18
Furniture,Urban Ladder,Supermarkets ,Exclusive Insider Offers,652535.05,237,2753.31,511.93,4989.04
Furniture,Urban Ladder,Supermarkets ,Festive Fever Promo,562068.68,215,2614.27,502.37,4972.51
Furniture,Urban Ladder,Supermarkets ,Final Call Frenzy,625394.98,227,2755.04,502.39,4990.60
Furniture,Urban Ladder,Supermarkets ,Flash Frenzy Friday,619141.34,240,2579.76,508.18,4934.61
Furniture,Urban Ladder,Supermarkets ,"Gift More, Spend Less",674021.93,242,2785.21,511.64,4983.56
Furniture,Urban Ladder,Supermarkets ,Golden Hour Bargains,561948.39,208,2701.67,506.16,4996.13
Furniture,Urban Ladder,Supermarkets ,Green Weekend Deals,661240.09,233,2837.94,505.86,4996.26
Furniture,Urban Ladder,Supermarkets ,Happy Hour Discounts,641991.59,242,2652.86,513.87,4987.78
Furniture,Urban Ladder,Supermarkets ,Holiday Shopping Rush,644269.91,219,2941.87,564.75,4989.08
Furniture,Urban Ladder,Supermarkets ,Hot Picks Promo,733410.19,258,2842.68,516.46,4997.23
Furniture,Urban Ladder,Supermarkets ,Instant Gratification Sale,625650.74,225,2780.67,503.70,4979.76
Furniture,Urban Ladder,Supermarkets ,Limited Time Treasures,605072.75,211,2867.64,503.33,4999.59
Furniture,Urban Ladder,Supermarkets ,Loyalty Rewards Blast,548133.08,213,2573.39,519.34,4973.03
Furniture,Urban Ladder,Supermarkets ,Mega Weekend Bonanza,550685.93,207,2660.32,504.49,4956.14
Furniture,Urban Ladder,Supermarkets ,Mid-Year Madness,625355.74,231,2707.17,509.88,4989.43
Furniture,Urban Ladder,Supermarkets ,Midnight Madness,721506.37,258,2796.54,504.51,4992.67
Furniture,Urban Ladder,Supermarkets ,Mystery Discount Days,697731.54,236,2956.49,508.84,4976.74
Furniture,Urban Ladder,Supermarkets ,New Arrival Showcase,579337.91,214,2707.19,519.12,4993.66
Furniture,Urban Ladder,Supermarkets ,New Product Launch Promo,644439.36,235,2742.30,530.54,4999.22
Furniture,Urban Ladder,Supermarkets ,New Year Kickoff,564098.24,212,2660.84,510.88,4990.45
Furniture,Urban Ladder,Supermarkets ,Price Drop Parade,602267.54,219,2750.08,525.60,4954.46
Furniture,Urban Ladder,Supermarkets ,Red Tag Clearance,658866.87,238,2768.35,516.73,4989.74
Furniture,Urban Ladder,Supermarkets ,Seasonal Surprise Box,686331.00,244,2812.83,549.98,4981.28
Furniture,Urban Ladder,Supermarkets ,Shop & Save Spectacular,682372.28,254,2686.51,504.91,4960.60
Furniture,Urban Ladder,Supermarkets ,Smart Shopper Week,627375.02,221,2838.80,562.87,4996.17
Furniture,Urban Ladder,Supermarkets ,Spring Refresh Event,662841.65,249,2662.01,511.76,4999.58
Furniture,Urban Ladder,Supermarkets ,Spring Splash Discounts,666653.43,246,2709.97,502.65,4974.77
Furniture,Urban Ladder,Supermarkets ,Summer Sizzle Promo,663824.92,240,2765.94,539.76,4975.46
Furniture,Urban Ladder,Supermarkets ,Super Savings Week,723482.17,243,2977.29,539.00,4997.19
Furniture,Urban Ladder,Supermarkets ,Ultimate Value Event,593232.92,202,2936.80,509.62,4989.35
Furniture,Urban Ladder,Supermarkets ,VIP Access Sale,618416.57,231,2677.13,568.82,4995.75
Furniture,Urban Ladder,Supermarkets ,Weekend Warrior Specials,654153.55,224,2920.33,556.82,4997.30
Furniture,Urban Ladder,Supermarkets ,Winter Clearance Carnival,663317.43,251,2642.70,516.64,4998.82
Furniture,Urban Ladder,Supermarkets ,Winter Wonders Sale,696010.60,251,2772.95,547.25,4963.25
Groceries,Amul,Large Malls / Complexes,12 Days of Deals,657295.49,236,2785.15,549.22,4998.30
Groceries,Amul,Large Malls / Complexes,Autumn Deals Drive,531036.44,195,2723.26,502.75,4999.80
Groceries,Amul,Large Malls / Complexes,BOGO Blitz,535116.60,190,2816.40,540.75,4961.20
Groceries,Amul,Large Malls / Complexes,Back to School Boost,593702.17,208,2854.34,510.22,4998.07
Groceries,Amul,Large Malls / Complexes,Birthday Bash Sale,565973.44,211,2682.34,508.14,4991.73
Groceries,Amul,Large Malls / Complexes,Black Friday Blowout,468017.45,185,2529.82,528.01,4987.21
Groceries,Amul,Large Malls / Complexes,Cart Crasher Campaign,560096.37,205,2732.18,504.65,4955.63
Groceries,Amul,Large Malls / Complexes,Cashback Carnival,588926.20,217,2713.95,548.41,4981.24
Groceries,Amul,Large Malls / Complexes,Clearance Countdown,647030.99,219,2954.48,512.75,4988.53
Groceries,Amul,Large Malls / Complexes,Countdown to Savings,637707.95,217,2938.75,514.73,4978.89
Groceries,Amul,Large Malls / Complexes,Customer Appreciation Week,603378.08,217,2780.54,529.76,4985.65
Groceries,Amul,Large Malls / Complexes,Cyber Monday Mania,617743.59,235,2628.70,505.34,4988.32
Groceries,Amul,Large Malls / Complexes,Deal of the Month,538849.91,203,2654.43,507.49,4994.21
Groceries,Amul,Large Malls / Complexes,Double Points Bonanza,623571.79,230,2711.18,514.40,4996.36
Groceries,Amul,Large Malls / Complexes,Early Bird Specials,523357.48,195,2683.88,506.59,4998.19
Groceries,Amul,Large Malls / Complexes,End of Season Sale,546802.05,194,2818.57,559.12,4992.97
Groceries,Amul,Large Malls / Complexes,Exclusive Insider Offers,550251.70,206,2671.12,524.48,4976.87
Groceries,Amul,Large Malls / Complexes,Festive Fever Promo,608557.55,224,2716.77,550.28,4969.11
Groceries,Amul,Large Malls / Complexes,Final Call Frenzy,495035.66,194,2551.73,509.79,4981.71
Groceries,Amul,Large Malls / Complexes,Flash Frenzy Friday,633736.96,217,2920.45,519.03,4990.59
Groceries,Amul,Large Malls / Complexes,"Gift More, Spend Less",584023.51,214,2729.08,521.08,4946.94
Groceries,Amul,Large Malls / Complexes,Golden Hour Bargains,588937.43,233,2527.63,504.10,4984.09
Groceries,Amul,Large Malls / Complexes,Green Weekend Deals,548760.39,206,2663.89,500.26,4990.34
Groceries,Amul,Large Malls / Complexes,Happy Hour Discounts,584619.92,216,2706.57,555.07,4857.71
Groceries,Amul,Large Malls / Complexes,Holiday Shopping Rush,559862.47,210,2666.01,534.66,4971.82
Groceries,Amul,Large Malls / Complexes,Hot Picks Promo,515301.67,194,2656.19,547.81,4970.14
Groceries,Amul,Large Malls / Complexes,Instant Gratification Sale,551468.93,206,2677.03,501.41,4990.30
Groceries,Amul,Large Malls / Complexes,Limited Time Treasures,561511.24,185,3035.20,543.56,4986.97
Groceries,Amul,Large Malls / Complexes,Loyalty Rewards Blast,598344.44,214,2796.00,539.74,4995.73
Groceries,Amul,Large Malls / Complexes,Mega Weekend Bonanza,526981.92,191,2759.07,501.33,4955.85
Groceries,Amul,Large Malls / Complexes,Mid-Year Madness,599808.46,210,2856.23,506.46,4964.05
Groceries,Amul,Large Malls / Complexes,Midnight Madness,567989.10,215,2641.81,500.95,4998.10
Groceries,Amul,Large Malls / Complexes,Mystery Discount Days,517241.27,178,2905.85,523.06,4954.08
Groceries,Amul,Large Malls / Complexes,New Arrival Showcase,605579.35,221,2740.18,510.88,4991.21
Groceries,Amul,Large Malls / Complexes,New Product Launch Promo,577029.93,211,2734.74,512.57,4913.17
Groceries,Amul,Large Malls / Complexes,New Year Kickoff,520620.07,202,2577.33,520.12,4971.84
Groceries,Amul,Large Malls / Complexes,Price Drop Parade,565035.45,210,2690.64,508.09,4979.50
Groceries,Amul,Large Malls / Complexes,Red Tag Clearance,573121.94,210,2729.15,508.01,4993.78
Groceries,Amul,Large Malls / Complexes,Seasonal Surprise Box,531628.10,194,2740.35,527.19,4935.80
Groceries,Amul,Large Malls / Complexes,Shop & Save Spectacular,550845.45,212,2598.33,515.39,4921.03
Groceries,Amul,Large Malls / Complexes,Smart Shopper Week,629298.54,224,2809.37,539.28,4993.24
Groceries,Amul,Large Malls / Complexes,Spring Refresh Event,564581.37,198,2851.42,517.80,4971.85
Groceries,Amul,Large Malls / Complexes,Spring Splash Discounts,604388.76,210,2878.04,543.07,4973.26
Groceries,Amul,Large Malls / Complexes,Summer Sizzle Promo,551521.99,209,2638.86,506.96,4988.04
Groceries,Amul,Large Malls / Complexes,Super Savings Week,564068.85,198,2848.83,505.59,4993.57
Groceries,Amul,Large Malls / Complexes,Ultimate Value Event,550209.31,185,2974.10,500.47,4928.90
Groceries,Amul,Large Malls / Complexes,VIP Access Sale,551104.39,214,2575.25,503.17,4944.64
Groceries,Amul,Large Malls / Complexes,Weekend Warrior Specials,577679.65,220,2625.82,532.14,4994.19
Groceries,Amul,Large Malls / Complexes,Winter Clearance Carnival,618936.58,221,2800.62,520.29,4989.51
Groceries,Amul,Large Malls / Complexes,Winter Wonders Sale,552156.97,200,2760.78,520.92,4975.59
Groceries,Amul,Small Stores / Shops,12 Days of Deals,673514.84,243,2771.67,509.79,4983.63
Groceries,Amul,Small Stores / Shops,Autumn Deals Drive,674481.67,247,2730.70,518.91,4974.01
Groceries,Amul,Small Stores / Shops,BOGO Blitz,614807.52,223,2756.98,508.02,4986.67
Groceries,Amul,Small Stores / Shops,Back to School Boost,551396.90,215,2564.64,515.54,4995.35
Groceries,Amul,Small Stores / Shops,Birthday Bash Sale,628757.74,219,2871.04,504.89,4924.22
Groceries,Amul,Small Stores / Shops,Black Friday Blowout,604812.82,223,2712.17,533.67,4950.07
Groceries,Amul,Small Stores / Shops,Cart Crasher Campaign,593577.61,210,2826.56,557.83,4980.36
Groceries,Amul,Small Stores / Shops,Cashback Carnival,594272.11,217,2738.58,504.64,4959.18
Groceries,Amul,Small Stores / Shops,Clearance Countdown,643153.44,231,2784.21,521.65,4979.67
Groceries,Amul,Small Stores / Shops,Countdown to Savings,648528.15,231,2807.48,523.08,4996.12
Groceries,Amul,Small Stores / Shops,Customer Appreciation Week,588411.50,211,2788.68,501.25,4970.23
Groceries,Amul,Small Stores / Shops,Cyber Monday Mania,605400.03,222,2727.03,539.54,4996.14
Groceries,Amul,Small Stores / Shops,Deal of the Month,531069.55,198,2682.17,504.17,4972.05
Groceries,Amul,Small Stores / Shops,Double Points Bonanza,591158.94,215,2749.58,528.86,4978.48
Groceries,Amul,Small Stores / Shops,Early Bird Specials,569113.45,215,2647.04,526.82,4975.80
Groceries,Amul,Small Stores / Shops,End of Season Sale,600316.77,214,2805.22,527.75,4962.52
Groceries,Amul,Small Stores / Shops,Exclusive Insider Offers,573448.44,216,2654.85,519.26,4995.02
Groceries,Amul,Small Stores / Shops,Festive Fever Promo,486702.01,182,2674.19,502.25,4975.21
Groceries,Amul,Small Stores / Shops,Final Call Frenzy,613842.83,229,2680.54,530.48,4994.94
Groceries,Amul,Small Stores / Shops,Flash Frenzy Friday,639958.62,232,2758.44,516.77,4976.96
Groceries,Amul,Small Stores / Shops,"Gift More, Spend Less",659455.91,239,2759.23,509.81,4982.93
Groceries,Amul,Small Stores / Shops,Golden Hour Bargains,565066.71,205,2756.42,530.53,4987.95
Groceries,Amul,Small Stores / Shops,Green Weekend Deals,665566.24,239,2784.80,507.29,4985.16
Groceries,Amul,Small Stores / Shops,Happy Hour Discounts,690624.80,257,2687.26,532.80,4984.58
Groceries,Amul,Small Stores / Shops,Holiday Shopping Rush,645869.46,236,2736.74,504.65,4996.88
Groceries,Amul,Small Stores / Shops,Hot Picks Promo,572504.01,214,2675.25,538.05,4991.62
Groceries,Amul,Small Stores / Shops,Instant Gratification Sale,616266.33,228,2702.92,556.54,4994.91
Groceries,Amul,Small Stores / Shops,Limited Time Treasures,585099.63,214,2734.11,587.15,4950.48
Groceries,Amul,Small Stores / Shops,Loyalty Rewards Blast,684685.84,254,2695.61,559.26,4990.95
Groceries,Amul,Small Stores / Shops,Mega Weekend Bonanza,634816.33,221,2872.47,523.21,4972.51
Groceries,Amul,Small Stores / Shops,Mid-Year Madness,601074.61,226,2659.62,503.67,4966.74
Groceries,Amul,Small Stores / Shops,Midnight Madness,621318.24,230,2701.38,526.06,4978.67
Groceries,Amul,Small Stores / Shops,Mystery Discount Days,686710.24,248,2768.99,501.42,4991.87
Groceries,Amul,Small Stores / Shops,New Arrival Showcase,641217.33,223,2875.41,517.40,4968.72
Groceries,Amul,Small Stores / Shops,New Product Launch Promo,616516.37,220,2802.35,515.13,4998.84
Groceries,Amul,Small Stores / Shops,New Year Kickoff,591382.35,217,2725.26,550.62,4996.25
Groceries,Amul,Small Stores / Shops,Price Drop Parade,594321.18,214,2777.20,501.52,4984.55
Groceries,Amul,Small Stores / Shops,Red Tag Clearance,644731.27,227,2840.23,549.23,4910.97
Groceries,Amul,Small Stores / Shops,Seasonal Surprise Box,590362.12,224,2635.55,525.07,4989.05
Groceries,Amul,Small Stores / Shops,Shop & Save Spectacular,651277.55,229,2844.01,516.27,4988.86
Groceries,Amul,Small Stores / Shops,Smart Shopper Week,659890.72,246,2682.48,514.94,4993.62
Groceries,Amul,Small Stores / Shops,Spring Refresh Event,705108.17,236,2987.75,512.88,4972.47
Groceries,Amul,Small Stores / Shops,Spring Splash Discounts,596514.60,221,2699.16,531.96,4957.64
Groceries,Amul,Small Stores / Shops,Summer Sizzle Promo,590188.42,222,2658.51,503.45,4962.57
Groceries,Amul,Small Stores / Shops,Super Savings Week,569518.61,206,2764.65,514.94,4998.98
Groceries,Amul,Small Stores / Shops,Ultimate Value Event,713840.24,247,2890.04,511.06,4990.23
Groceries,Amul,Small Stores / Shops,VIP Access Sale,622646.51,230,2707.16,520.38,4982.39
Groceries,Amul,Small Stores / Shops,Weekend Warrior Specials,598968.75,231,2592.94,500.62,4994.22
Groceries,Amul,Small Stores / Shops,Winter Clearance Carnival,605070.05,224,2701.21,504.18,4964.39
Groceries,Amul,Small Stores / Shops,Winter Wonders Sale,684065.83,244,2803.55,513.51,4995.64
Groceries,Amul,Supermarkets ,12 Days of Deals,623967.78,222,2810.67,507.40,4998.04
Groceries,Amul,Supermarkets ,Autumn Deals Drive,659630.29,230,2867.96,515.60,4997.96
Groceries,Amul,Supermarkets ,BOGO Blitz,665252.72,231,2879.88,573.39,4976.91
Groceries,Amul,Supermarkets ,Back to School Boost,565016.83,214,2640.27,531.01,4885.90
Groceries,Amul,Supermarkets ,Birthday Bash Sale,589059.97,219,2689.77,528.97,4978.76
Groceries,Amul,Supermarkets ,Black Friday Blowout,630684.08,237,2661.11,505.81,4976.63
Groceries,Amul,Supermarkets ,Cart Crasher Campaign,633211.74,226,2801.82,503.17,4979.93
Groceries,Amul,Supermarkets ,Cashback Carnival,668253.61,245,2727.57,507.41,4990.08
Groceries,Amul,Supermarkets ,Clearance Countdown,709273.43,258,2749.12,527.22,4996.54
Groceries,Amul,Supermarkets ,Countdown to Savings,658510.99,240,2743.80,595.41,4952.48
Groceries,Amul,Supermarkets ,Customer Appreciation Week,641720.80,233,2754.17,514.47,4954.81
Groceries,Amul,Supermarkets ,Cyber Monday Mania,614446.48,228,2694.94,504.57,4996.97
Groceries,Amul,Supermarkets ,Deal of the Month,616478.65,221,2789.50,507.71,4953.50
Groceries,Amul,Supermarkets ,Double Points Bonanza,648663.12,238,2725.48,501.88,4980.56
Groceries,Amul,Supermarkets ,Early Bird Specials,564782.66,211,2676.70,506.38,4876.46
Groceries,Amul,Supermarkets ,End of Season Sale,616314.69,233,2645.13,504.05,4996.71
Groceries,Amul,Supermarkets ,Exclusive Insider Offers,666724.46,240,2778.02,540.66,4983.53
Groceries,Amul,Supermarkets ,Festive Fever Promo,606148.33,224,2706.02,520.44,4980.61
Groceries,Amul,Supermarkets ,Final Call Frenzy,648292.06,241,2690.01,554.01,4982.31
Groceries,Amul,Supermarkets ,Flash Frenzy Friday,657155.56,233,2820.41,501.88,4990.00
Groceries,Amul,Supermarkets ,"Gift More, Spend Less",684975.16,259,2644.69,504.23,4994.74
Groceries,Amul,Supermarkets ,Golden Hour Bargains,576607.81,213,2707.08,506.22,4982.52
Groceries,Amul,Supermarkets ,Green Weekend Deals,647232.74,227,2851.25,500.74,4994.70
Groceries,Amul,Supermarkets ,Happy Hour Discounts,652442.50,236,2764.59,507.68,4995.48
Groceries,Amul,Supermarkets ,Holiday Shopping Rush,697158.59,245,2845.55,509.06,4993.00
Groceries,Amul,Supermarkets ,Hot Picks Promo,648746.52,240,2703.11,522.20,4969.56
Groceries,Amul,Supermarkets ,Instant Gratification Sale,638063.20,245,2604.34,510.79,4957.47
Groceries,Amul,Supermarkets ,Limited Time Treasures,636428.64,234,2719.78,500.84,4978.95
Groceries,Amul,Supermarkets ,Loyalty Rewards Blast,646457.75,240,2693.57,504.51,4988.80
Groceries,Amul,Supermarkets ,Mega Weekend Bonanza,721325.25,258,2795.83,522.84,4975.12
Groceries,Amul,Supermarkets ,Mid-Year Madness,633965.81,228,2780.55,513.32,4970.79
Groceries,Amul,Supermarkets ,Midnight Madness,583471.23,225,2593.21,539.56,4977.93
Groceries,Amul,Supermarkets ,Mystery Discount Days,662727.79,240,2761.37,602.32,4986.29
Groceries,Amul,Supermarkets ,New Arrival Showcase,657617.89,242,2717.43,505.84,4997.29
Groceries,Amul,Supermarkets ,New Product Launch Promo,626581.30,236,2655.01,539.64,4967.82
Groceries,Amul,Supermarkets ,New Year Kickoff,633724.74,229,2767.36,515.94,4995.56
Groceries,Amul,Supermarkets ,Price Drop Parade,656774.55,229,2868.01,515.06,4981.26
Groceries,Amul,Supermarkets ,Red Tag Clearance,620840.51,237,2619.58,506.29,4932.61
Groceries,Amul,Supermarkets ,Seasonal Surprise Box,594212.47,220,2700.97,529.72,4980.43
Groceries,Amul,Supermarkets ,Shop & Save Spectacular,662707.32,240,2761.28,524.89,4991.95
Groceries,Amul,Supermarkets ,Smart Shopper Week,661270.15,233,2838.07,535.26,4990.50
Groceries,Amul,Supermarkets ,Spring Refresh Event,612397.40,223,2746.18,566.46,4974.41
Groceries,Amul,Supermarkets ,Spring Splash Discounts,702030.15,262,2679.50,509.39,4986.07
Groceries,Amul,Supermarkets ,Summer Sizzle Promo,649987.91,235,2765.91,557.31,4976.48
Groceries,Amul,Supermarkets ,Super Savings Week,736018.07,257,2863.88,521.03,4998.75
Groceries,Amul,Supermarkets ,Ultimate Value Event,622134.91,228,2728.66,553.62,4993.94
Groceries,Amul,Supermarkets ,VIP Access Sale,678572.04,246,2758.42,506.56,4956.97
Groceries,Amul,Supermarkets ,Weekend Warrior Specials,604431.65,213,2837.71,555.11,4915.13
Groceries,Amul,Supermarkets ,Winter Clearance Carnival,597170.11,216,2764.68,527.28,4993.64
Groceries,Amul,Supermarkets ,Winter Wonders Sale,606876.14,234,2593.49,505.32,4971.26
Groceries,Britannia,Large Malls / Complexes,12 Days of Deals,567716.94,199,2852.85,539.55,4998.87
Groceries,Britannia,Large Malls / Complexes,Autumn Deals Drive,545256.55,209,2608.88,532.38,4989.58
Groceries,Britannia,Large Malls / Complexes,BOGO Blitz,621392.04,211,2944.99,527.21,4992.77
Groceries,Britannia,Large Malls / Complexes,Back to School Boost,533046.83,193,2761.90,516.02,4977.49
Groceries,Britannia,Large Malls / Complexes,Birthday Bash Sale,602075.19,219,2749.20,532.60,4943.92
Groceries,Britannia,Large Malls / Complexes,Black Friday Blowout,518816.78,202,2568.40,535.53,4997.76
Groceries,Britannia,Large Malls / Complexes,Cart Crasher Campaign,568939.66,205,2775.32,514.48,4951.51
Groceries,Britannia,Large Malls / Complexes,Cashback Carnival,542572.81,209,2596.04,510.20,4976.60
Groceries,Britannia,Large Malls / Complexes,Clearance Countdown,590606.17,214,2759.84,533.17,4995.69
Groceries,Britannia,Large Malls / Complexes,Countdown to Savings,531102.93,203,2616.27,506.50,4993.99
Groceries,Britannia,Large Malls / Complexes,Customer Appreciation Week,505355.49,187,2702.44,502.48,4997.51
Groceries,Britannia,Large Malls / Complexes,Cyber Monday Mania,565483.51,208,2718.67,506.32,4986.17
Groceries,Britannia,Large Malls / Complexes,Deal of the Month,592584.17,219,2705.86,553.78,4990.87
Groceries,Britannia,Large Malls / Complexes,Double Points Bonanza,551520.97,206,2677.29,509.38,4996.21
Groceries,Britannia,Large Malls / Complexes,Early Bird Specials,634513.88,222,2858.17,532.94,4998.24
Groceries,Britannia,Large Malls / Complexes,End of Season Sale,627201.03,218,2877.07,521.97,4992.46
Groceries,Britannia,Large Malls / Complexes,Exclusive Insider Offers,571520.20,210,2721.52,514.44,4977.08
Groceries,Britannia,Large Malls / Complexes,Festive Fever Promo,579186.78,220,2632.67,520.41,4995.96
Groceries,Britannia,Large Malls / Complexes,Final Call Frenzy,576386.92,210,2744.70,509.45,4977.61
Groceries,Britannia,Large Malls / Complexes,Flash Frenzy Friday,495066.07,194,2551.89,517.12,4956.99
Groceries,Britannia,Large Malls / Complexes,"Gift More, Spend Less",533093.61,197,2706.06,511.37,4902.56
Groceries,Britannia,Large Malls / Complexes,Golden Hour Bargains,564295.94,203,2779.78,513.90,4999.35
Groceries,Britannia,Large Malls / Complexes,Green Weekend Deals,598610.12,216,2771.34,503.85,4932.78
Groceries,Britannia,Large Malls / Complexes,Happy Hour Discounts,563745.08,202,2790.82,521.08,4998.94
Groceries,Britannia,Large Malls / Complexes,Holiday Shopping Rush,565387.36,202,2798.95,531.37,4992.12
Groceries,Britannia,Large Malls / Complexes,Hot Picks Promo,562139.39,212,2651.60,500.98,4966.42
Groceries,Britannia,Large Malls / Complexes,Instant Gratification Sale,576082.31,199,2894.89,518.94,4987.18
Groceries,Britannia,Large Malls / Complexes,Limited Time Treasures,577546.43,208,2776.67,548.58,4968.45
Groceries,Britannia,Large Malls / Complexes,Loyalty Rewards Blast,475589.91,190,2503.10,550.06,4957.14
Groceries,Britannia,Large Malls / Complexes,Mega Weekend Bonanza,466192.97,183,2547.50,517.93,4906.54
Groceries,Britannia,Large Malls / Complexes,Mid-Year Madness,546452.84,199,2745.99,517.53,4982.61
Groceries,Britannia,Large Malls / Complexes,Midnight Madness,623192.95,220,2832.70,508.98,4999.95
Groceries,Britannia,Large Malls / Complexes,Mystery Discount Days,537310.67,202,2659.95,502.96,4957.26
Groceries,Britannia,Large Malls / Complexes,New Arrival Showcase,578868.04,211,2743.45,509.61,4996.06
Groceries,Britannia,Large Malls / Complexes,New Product Launch Promo,552720.14,212,2607.17,502.18,4974.65
Groceries,Britannia,Large Malls / Complexes,New Year Kickoff,535221.33,201,2662.79,533.54,4971.14
Groceries,Britannia,Large Malls / Complexes,Price Drop Parade,513581.63,183,2806.46,516.53,4989.23
Groceries,Britannia,Large Malls / Complexes,Red Tag Clearance,528923.19,195,2712.43,504.16,4960.13
Groceries,Britannia,Large Malls / Complexes,Seasonal Surprise Box,631222.66,226,2793.02,504.42,4990.82
Groceries,Britannia,Large Malls / Complexes,Shop & Save Spectacular,610030.95,215,2837.35,523.23,4973.31
Groceries,Britannia,Large Malls / Complexes,Smart Shopper Week,570310.12,210,2715.76,530.47,4999.40
Groceries,Britannia,Large Malls / Complexes,Spring Refresh Event,564935.07,197,2867.69,524.90,4995.72
Groceries,Britannia,Large Malls / Complexes,Spring Splash Discounts,523108.30,202,2589.65,523.24,4971.19
Groceries,Britannia,Large Malls / Complexes,Summer Sizzle Promo,529462.64,190,2786.65,536.71,4991.99
Groceries,Britannia,Large Malls / Complexes,Super Savings Week,586697.57,208,2820.66,516.65,4942.27
Groceries,Britannia,Large Malls / Complexes,Ultimate Value Event,536596.14,199,2696.46,511.38,4980.15
Groceries,Britannia,Large Malls / Complexes,VIP Access Sale,646153.87,237,2726.39,504.74,4991.26
Groceries,Britannia,Large Malls / Complexes,Weekend Warrior Specials,585024.16,222,2635.24,522.41,4984.08
Groceries,Britannia,Large Malls / Complexes,Winter Clearance Carnival,594531.64,209,2844.65,515.18,4992.46
Groceries,Britannia,Large Malls / Complexes,Winter Wonders Sale,550200.70,191,2880.63,505.12,4999.56
Groceries,Britannia,Small Stores / Shops,12 Days of Deals,614071.11,230,2669.87,502.31,4969.49
Groceries,Britannia,Small Stores / Shops,Autumn Deals Drive,684139.24,245,2792.41,521.41,4996.15
Groceries,Britannia,Small Stores / Shops,BOGO Blitz,659914.38,237,2784.45,561.11,4995.11
Groceries,Britannia,Small Stores / Shops,Back to School Boost,682831.85,249,2742.30,500.43,4996.41
Groceries,Britannia,Small Stores / Shops,Birthday Bash Sale,557497.16,201,2773.62,505.10,4954.60
Groceries,Britannia,Small Stores / Shops,Black Friday Blowout,582999.21,200,2915.00,511.36,4976.55
Groceries,Britannia,Small Stores / Shops,Cart Crasher Campaign,622147.34,226,2752.86,566.55,4993.97
Groceries,Britannia,Small Stores / Shops,Cashback Carnival,685137.43,248,2762.65,541.62,4995.88
Groceries,Britannia,Small Stores / Shops,Clearance Countdown,640255.84,219,2923.54,509.31,4982.62
Groceries,Britannia,Small Stores / Shops,Countdown to Savings,608262.31,229,2656.17,500.65,4960.70
Groceries,Britannia,Small Stores / Shops,Customer Appreciation Week,628692.75,222,2831.95,506.49,4997.84
Groceries,Britannia,Small Stores / Shops,Cyber Monday Mania,566994.63,215,2637.18,504.09,4999.83
Groceries,Britannia,Small Stores / Shops,Deal of the Month,576130.22,233,2472.66,503.27,4960.93
Groceries,Britannia,Small Stores / Shops,Double Points Bonanza,622605.08,227,2742.75,517.45,4973.65
Groceries,Britannia,Small Stores / Shops,Early Bird Specials,562789.37,220,2558.13,508.69,4968.51
Groceries,Britannia,Small Stores / Shops,End of Season Sale,569927.39,216,2638.55,503.49,4979.66
Groceries,Britannia,Small Stores / Shops,Exclusive Insider Offers,648427.20,238,2724.48,504.77,4998.29
Groceries,Britannia,Small Stores / Shops,Festive Fever Promo,577923.54,214,2700.58,523.07,4977.21
Groceries,Britannia,Small Stores / Shops,Final Call Frenzy,583524.55,213,2739.55,543.60,4973.99
Groceries,Britannia,Small Stores / Shops,Flash Frenzy Friday,564424.12,209,2700.59,511.49,4971.18
Groceries,Britannia,Small Stores / Shops,"Gift More, Spend Less",582192.25,220,2646.33,529.28,4983.21
Groceries,Britannia,Small Stores / Shops,Golden Hour Bargains,671345.58,234,2869.00,504.86,4984.95
Groceries,Britannia,Small Stores / Shops,Green Weekend Deals,595505.69,213,2795.80,542.22,4977.17
Groceries,Britannia,Small Stores / Shops,Happy Hour Discounts,583724.32,201,2904.10,500.75,4931.34
Groceries,Britannia,Small Stores / Shops,Holiday Shopping Rush,650568.72,239,2722.04,536.22,4996.87
Groceries,Britannia,Small Stores / Shops,Hot Picks Promo,603936.95,218,2770.35,503.19,4992.31
Groceries,Britannia,Small Stores / Shops,Instant Gratification Sale,656002.58,227,2889.88,503.24,4961.20
Groceries,Britannia,Small Stores / Shops,Limited Time Treasures,602701.58,222,2714.87,544.43,4984.48
Groceries,Britannia,Small Stores / Shops,Loyalty Rewards Blast,621624.59,216,2877.89,555.92,4989.61
Groceries,Britannia,Small Stores / Shops,Mega Weekend Bonanza,558690.65,208,2686.01,610.23,4994.82
Groceries,Britannia,Small Stores / Shops,Mid-Year Madness,597779.92,219,2729.59,512.41,4978.60
Groceries,Britannia,Small Stores / Shops,Midnight Madness,593622.51,229,2592.24,502.72,4961.98
Groceries,Britannia,Small Stores / Shops,Mystery Discount Days,607543.60,224,2712.25,500.94,4994.43
Groceries,Britannia,Small Stores / Shops,New Arrival Showcase,637337.52,224,2845.26,502.57,4982.00
Groceries,Britannia,Small Stores / Shops,New Product Launch Promo,639985.13,229,2794.69,504.86,4996.19
Groceries,Britannia,Small Stores / Shops,New Year Kickoff,628021.25,232,2706.99,508.27,4996.56
Groceries,Britannia,Small Stores / Shops,Price Drop Parade,639593.20,225,2842.64,558.70,4996.09
Groceries,Britannia,Small Stores / Shops,Red Tag Clearance,570655.52,219,2605.73,524.27,4974.40
Groceries,Britannia,Small Stores / Shops,Seasonal Surprise Box,642883.52,224,2870.02,501.54,4985.20
Groceries,Britannia,Small Stores / Shops,Shop & Save Spectacular,590873.77,215,2748.25,546.95,4971.64
Groceries,Britannia,Small Stores / Shops,Smart Shopper Week,584073.41,210,2781.30,512.47,4976.60
Groceries,Britannia,Small Stores / Shops,Spring Refresh Event,677907.20,231,2934.66,521.49,4989.50
Groceries,Britannia,Small Stores / Shops,Spring Splash Discounts,602731.42,208,2897.75,506.84,4978.38
Groceries,Britannia,Small Stores / Shops,Summer Sizzle Promo,674129.15,238,2832.48,516.31,4998.54
Groceries,Britannia,Small Stores / Shops,Super Savings Week,592785.45,214,2770.03,507.93,4990.76
Groceries,Britannia,Small Stores / Shops,Ultimate Value Event,633403.18,228,2778.08,509.73,4953.84
Groceries,Britannia,Small Stores / Shops,VIP Access Sale,630172.29,238,2647.78,500.31,4993.43
Groceries,Britannia,Small Stores / Shops,Weekend Warrior Specials,581488.24,214,2717.23,527.94,4993.10
Groceries,Britannia,Small Stores / Shops,Winter Clearance Carnival,555041.36,203,2734.19,503.43,4983.75
Groceries,Britannia,Small Stores / Shops,Winter Wonders Sale,591250.24,225,2627.78,555.81,4874.58
Groceries,Britannia,Supermarkets ,12 Days of Deals,708261.39,261,2713.65,511.79,4953.32
Groceries,Britannia,Supermarkets ,Autumn Deals Drive,697011.01,234,2978.68,563.99,4992.02
Groceries,Britannia,Supermarkets ,BOGO Blitz,543739.17,205,2652.39,551.93,4979.64
Groceries,Britannia,Supermarkets ,Back to School Boost,654702.58,232,2821.99,505.29,4965.68
Groceries,Britannia,Supermarkets ,Birthday Bash Sale,653908.46,226,2893.40,576.80,4997.17
Groceries,Britannia,Supermarkets ,Black Friday Blowout,612482.78,216,2835.57,529.25,4976.41
Groceries,Britannia,Supermarkets ,Cart Crasher Campaign,595257.90,221,2693.47,529.04,4988.44
Groceries,Britannia,Supermarkets ,Cashback Carnival,590409.75,216,2733.38,516.36,4994.46
Groceries,Britannia,Supermarkets ,Clearance Countdown,689803.97,241,2862.26,526.91,4988.73
Groceries,Britannia,Supermarkets ,Countdown to Savings,632527.97,225,2811.24,519.37,4993.28
Groceries,Britannia,Supermarkets ,Customer Appreciation Week,610252.50,221,2761.32,503.77,4963.57
Groceries,Britannia,Supermarkets ,Cyber Monday Mania,647685.57,236,2744.43,510.17,4990.68
Groceries,Britannia,Supermarkets ,Deal of the Month,634357.73,228,2782.27,548.70,4966.90
Groceries,Britannia,Supermarkets ,Double Points Bonanza,611883.31,231,2648.85,513.08,4976.69
Groceries,Britannia,Supermarkets ,Early Bird Specials,630244.12,234,2693.35,510.77,4969.89
Groceries,Britannia,Supermarkets ,End of Season Sale,634163.08,233,2721.73,541.11,4986.12
Groceries,Britannia,Supermarkets ,Exclusive Insider Offers,602315.43,221,2725.41,520.69,4985.52
Groceries,Britannia,Supermarkets ,Festive Fever Promo,566810.85,224,2530.41,507.70,4946.66
Groceries,Britannia,Supermarkets ,Final Call Frenzy,561389.92,216,2599.03,514.82,4987.51
Groceries,Britannia,Supermarkets ,Flash Frenzy Friday,717520.70,245,2928.66,525.11,4946.77
Groceries,Britannia,Supermarkets ,"Gift More, Spend Less",663841.07,241,2754.53,513.73,4988.51
Groceries,Britannia,Supermarkets ,Golden Hour Bargains,644746.14,239,2697.68,504.64,4976.17
Groceries,Britannia,Supermarkets ,Green Weekend Deals,605985.10,225,2693.27,509.92,4986.11
Groceries,Britannia,Supermarkets ,Happy Hour Discounts,588811.26,205,2872.25,571.02,4920.12
Groceries,Britannia,Supermarkets ,Holiday Shopping Rush,592448.01,231,2564.71,536.14,4993.67
Groceries,Britannia,Supermarkets ,Hot Picks Promo,653650.53,249,2625.10,524.13,4965.75
Groceries,Britannia,Supermarkets ,Instant Gratification Sale,703297.61,252,2790.86,503.33,4988.57
Groceries,Britannia,Supermarkets ,Limited Time Treasures,664230.28,248,2678.35,508.03,4985.97
Groceries,Britannia,Supermarkets ,Loyalty Rewards Blast,666485.88,241,2765.50,547.44,4993.48
Groceries,Britannia,Supermarkets ,Mega Weekend Bonanza,607679.41,216,2813.33,507.42,4959.12
Groceries,Britannia,Supermarkets ,Mid-Year Madness,631369.61,231,2733.20,537.52,4962.63
Groceries,Britannia,Supermarkets ,Midnight Madness,608898.72,235,2591.06,508.29,4981.40
Groceries,Britannia,Supermarkets ,Mystery Discount Days,604198.39,233,2593.13,523.74,4999.16
Groceries,Britannia,Supermarkets ,New Arrival Showcase,716020.33,262,2732.90,514.09,4984.12
Groceries,Britannia,Supermarkets ,New Product Launch Promo,602310.40,226,2665.09,507.93,4961.71
Groceries,Britannia,Supermarkets ,New Year Kickoff,552483.63,216,2557.79,522.48,4991.55
Groceries,Britannia,Supermarkets ,Price Drop Parade,623749.08,233,2677.03,509.15,4985.06
Groceries,Britannia,Supermarkets ,Red Tag Clearance,590558.15,211,2798.85,509.89,4995.93
Groceries,Britannia,Supermarkets ,Seasonal Surprise Box,591385.15,205,2884.81,500.56,4991.34
Groceries,Britannia,Supermarkets ,Shop & Save Spectacular,609399.37,216,2821.29,575.20,4972.27
Groceries,Britannia,Supermarkets ,Smart Shopper Week,632824.66,234,2704.38,511.85,4994.55
Groceries,Britannia,Supermarkets ,Spring Refresh Event,690399.96,247,2795.14,522.27,4995.73
Groceries,Britannia,Supermarkets ,Spring Splash Discounts,639022.07,234,2730.86,509.08,4988.22
Groceries,Britannia,Supermarkets ,Summer Sizzle Promo,683380.01,251,2722.63,523.99,4950.32
Groceries,Britannia,Supermarkets ,Super Savings Week,624551.97,231,2703.69,512.49,4987.66
Groceries,Britannia,Supermarkets ,Ultimate Value Event,568972.05,209,2722.35,547.81,4987.11
Groceries,Britannia,Supermarkets ,VIP Access Sale,626698.75,230,2724.78,510.75,4988.45
Groceries,Britannia,Supermarkets ,Weekend Warrior Specials,677489.45,246,2754.02,525.87,4962.73
Groceries,Britannia,Supermarkets ,Winter Clearance Carnival,675103.00,237,2848.54,525.70,4996.82
Groceries,Britannia,Supermarkets ,Winter Wonders Sale,666838.33,249,2678.07,510.84,4991.71
Groceries,Kellogg's,Large Malls / Complexes,12 Days of Deals,519136.86,189,2746.76,523.58,4974.58
Groceries,Kellogg's,Large Malls / Complexes,Autumn Deals Drive,627173.53,224,2799.88,510.46,4998.64
Groceries,Kellogg's,Large Malls / Complexes,BOGO Blitz,639475.60,228,2804.72,519.68,4984.79
Groceries,Kellogg's,Large Malls / Complexes,Back to School Boost,603577.82,207,2915.83,546.84,4943.14
Groceries,Kellogg's,Large Malls / Complexes,Birthday Bash Sale,578818.99,214,2704.76,537.40,4991.43
Groceries,Kellogg's,Large Malls / Complexes,Black Friday Blowout,575954.64,216,2666.46,509.93,4999.51
Groceries,Kellogg's,Large Malls / Complexes,Cart Crasher Campaign,518385.34,201,2579.03,522.21,4976.29
Groceries,Kellogg's,Large Malls / Complexes,Cashback Carnival,572429.25,208,2752.06,535.64,4995.37
Groceries,Kellogg's,Large Malls / Complexes,Clearance Countdown,625289.24,227,2754.58,529.04,4998.17
Groceries,Kellogg's,Large Malls / Complexes,Countdown to Savings,598915.20,223,2685.72,502.00,4982.91
Groceries,Kellogg's,Large Malls / Complexes,Customer Appreciation Week,639713.72,230,2781.36,541.26,4992.51
Groceries,Kellogg's,Large Malls / Complexes,Cyber Monday Mania,617203.38,220,2805.47,508.82,4998.93
Groceries,Kellogg's,Large Malls / Complexes,Deal of the Month,605702.14,214,2830.38,525.48,4985.85
Groceries,Kellogg's,Large Malls / Complexes,Double Points Bonanza,548635.26,210,2612.55,521.45,4980.85
Groceries,Kellogg's,Large Malls / Complexes,Early Bird Specials,699913.88,237,2953.22,520.10,4985.95
Groceries,Kellogg's,Large Malls / Complexes,End of Season Sale,607917.34,221,2750.76,522.30,4995.76
Groceries,Kellogg's,Large Malls / Complexes,Exclusive Insider Offers,531688.60,200,2658.44,513.96,4998.78
Groceries,Kellogg's,Large Malls / Complexes,Festive Fever Promo,652243.65,225,2898.86,521.20,4996.81
Groceries,Kellogg's,Large Malls / Complexes,Final Call Frenzy,628474.01,221,2843.77,503.08,4974.72
Groceries,Kellogg's,Large Malls / Complexes,Flash Frenzy Friday,573206.93,202,2837.66,601.50,4991.58
Groceries,Kellogg's,Large Malls / Complexes,"Gift More, Spend Less",537900.84,195,2758.47,535.13,4991.67
Groceries,Kellogg's,Large Malls / Complexes,Golden Hour Bargains,536279.84,191,2807.75,537.39,4952.09
Groceries,Kellogg's,Large Malls / Complexes,Green Weekend Deals,607253.44,228,2663.39,557.37,4985.55
Groceries,Kellogg's,Large Malls / Complexes,Happy Hour Discounts,587566.69,225,2611.41,521.58,4995.35
Groceries,Kellogg's,Large Malls / Complexes,Holiday Shopping Rush,584696.07,204,2866.16,540.89,4982.14
Groceries,Kellogg's,Large Malls / Complexes,Hot Picks Promo,521635.21,196,2661.40,533.83,4999.96
Groceries,Kellogg's,Large Malls / Complexes,Instant Gratification Sale,580575.14,214,2712.97,543.01,4994.62
Groceries,Kellogg's,Large Malls / Complexes,Limited Time Treasures,578712.60,208,2782.27,513.89,4984.15
Groceries,Kellogg's,Large Malls / Complexes,Loyalty Rewards Blast,663864.89,233,2849.21,509.85,4988.35
Groceries,Kellogg's,Large Malls / Complexes,Mega Weekend Bonanza,546693.76,207,2641.03,508.38,4979.01
Groceries,Kellogg's,Large Malls / Complexes,Mid-Year Madness,550639.69,201,2739.50,604.09,4976.09
Groceries,Kellogg's,Large Malls / Complexes,Midnight Madness,606767.27,217,2796.16,545.79,4964.61
Groceries,Kellogg's,Large Malls / Complexes,Mystery Discount Days,535673.67,210,2550.83,504.02,4948.72
Groceries,Kellogg's,Large Malls / Complexes,New Arrival Showcase,566671.16,199,2847.59,509.54,4999.86
Groceries,Kellogg's,Large Malls / Complexes,New Product Launch Promo,533887.71,196,2723.92,500.73,4999.20
Groceries,Kellogg's,Large Malls / Complexes,New Year Kickoff,579258.15,204,2839.50,564.62,4896.02
Groceries,Kellogg's,Large Malls / Complexes,Price Drop Parade,566282.49,203,2789.57,520.54,4996.32
Groceries,Kellogg's,Large Malls / Complexes,Red Tag Clearance,605599.21,209,2897.60,522.79,4965.64
Groceries,Kellogg's,Large Malls / Complexes,Seasonal Surprise Box,602691.77,206,2925.69,565.71,4946.36
Groceries,Kellogg's,Large Malls / Complexes,Shop & Save Spectacular,575672.64,212,2715.44,523.57,4983.84
Groceries,Kellogg's,Large Malls / Complexes,Smart Shopper Week,554727.71,201,2759.84,500.54,4998.48
Groceries,Kellogg's,Large Malls / Complexes,Spring Refresh Event,613137.61,225,2725.06,501.42,4970.95
Groceries,Kellogg's,Large Malls / Complexes,Spring Splash Discounts,687346.60,251,2738.43,515.99,4984.62
Groceries,Kellogg's,Large Malls / Complexes,Summer Sizzle Promo,579216.11,202,2867.41,558.74,4987.53
Groceries,Kellogg's,Large Malls / Complexes,Super Savings Week,630197.81,243,2593.41,523.26,4955.49
Groceries,Kellogg's,Large Malls / Complexes,Ultimate Value Event,583675.58,213,2740.26,518.09,4997.75
Groceries,Kellogg's,Large Malls / Complexes,VIP Access Sale,487874.77,179,2725.56,504.20,4972.93
Groceries,Kellogg's,Large Malls / Complexes,Weekend Warrior Specials,679662.28,239,2843.78,522.36,4994.74
Groceries,Kellogg's,Large Malls / Complexes,Winter Clearance Carnival,540982.03,204,2651.87,596.28,4990.07
Groceries,Kellogg's,Large Malls / Complexes,Winter Wonders Sale,514360.82,194,2651.34,518.42,4991.51
Groceries,Kellogg's,Small Stores / Shops,12 Days of Deals,658943.38,225,2928.64,507.87,4995.38
Groceries,Kellogg's,Small Stores / Shops,Autumn Deals Drive,575352.77,211,2726.79,522.29,4998.35
Groceries,Kellogg's,Small Stores / Shops,BOGO Blitz,538101.53,195,2759.50,550.61,4998.59
Groceries,Kellogg's,Small Stores / Shops,Back to School Boost,588463.46,218,2699.37,517.84,4954.16
Groceries,Kellogg's,Small Stores / Shops,Birthday Bash Sale,588612.78,221,2663.41,524.00,4982.46
Groceries,Kellogg's,Small Stores / Shops,Black Friday Blowout,555270.89,205,2708.64,502.74,4978.15
Groceries,Kellogg's,Small Stores / Shops,Cart Crasher Campaign,621579.25,232,2679.22,504.51,4992.71
Groceries,Kellogg's,Small Stores / Shops,Cashback Carnival,589723.69,215,2742.90,543.62,4912.50
Groceries,Kellogg's,Small Stores / Shops,Clearance Countdown,612649.65,224,2735.04,538.14,4999.80
Groceries,Kellogg's,Small Stores / Shops,Countdown to Savings,617114.63,229,2694.82,519.69,4959.55
Groceries,Kellogg's,Small Stores / Shops,Customer Appreciation Week,662374.05,237,2794.83,500.64,4953.13
Groceries,Kellogg's,Small Stores / Shops,Cyber Monday Mania,605364.28,224,2702.52,541.11,4988.27
Groceries,Kellogg's,Small Stores / Shops,Deal of the Month,691375.06,243,2845.16,503.06,4995.04
Groceries,Kellogg's,Small Stores / Shops,Double Points Bonanza,584134.22,218,2679.51,500.95,4991.82
Groceries,Kellogg's,Small Stores / Shops,Early Bird Specials,614967.62,221,2782.66,525.40,4995.00
Groceries,Kellogg's,Small Stores / Shops,End of Season Sale,650054.05,234,2778.01,500.37,4990.61
Groceries,Kellogg's,Small Stores / Shops,Exclusive Insider Offers,665103.16,246,2703.67,530.93,4995.66
Groceries,Kellogg's,Small Stores / Shops,Festive Fever Promo,692949.72,245,2828.37,526.12,4981.65
Groceries,Kellogg's,Small Stores / Shops,Final Call Frenzy,625614.00,223,2805.44,513.35,4974.31
Groceries,Kellogg's,Small Stores / Shops,Flash Frenzy Friday,600650.87,237,2534.39,529.89,4981.40
Groceries,Kellogg's,Small Stores / Shops,"Gift More, Spend Less",660659.41,240,2752.75,513.62,4990.81
Groceries,Kellogg's,Small Stores / Shops,Golden Hour Bargains,624528.08,232,2691.93,514.81,4983.47
Groceries,Kellogg's,Small Stores / Shops,Green Weekend Deals,696153.99,261,2667.26,544.59,4994.05
Groceries,Kellogg's,Small Stores / Shops,Happy Hour Discounts,574961.37,225,2555.38,542.92,4981.53
Groceries,Kellogg's,Small Stores / Shops,Holiday Shopping Rush,575715.03,213,2702.89,501.56,4998.79
Groceries,Kellogg's,Small Stores / Shops,Hot Picks Promo,670946.27,234,2867.29,500.73,4963.48
Groceries,Kellogg's,Small Stores / Shops,Instant Gratification Sale,690374.76,249,2772.59,519.33,4998.35
Groceries,Kellogg's,Small Stores / Shops,Limited Time Treasures,541397.98,210,2578.09,522.99,4977.05
Groceries,Kellogg's,Small Stores / Shops,Loyalty Rewards Blast,584189.91,219,2667.53,514.18,4968.42
Groceries,Kellogg's,Small Stores / Shops,Mega Weekend Bonanza,669716.43,234,2862.04,512.47,4989.86
Groceries,Kellogg's,Small Stores / Shops,Mid-Year Madness,670813.44,231,2903.95,507.78,4994.70
Groceries,Kellogg's,Small Stores / Shops,Midnight Madness,631498.54,233,2710.29,516.12,4995.25
Groceries,Kellogg's,Small Stores / Shops,Mystery Discount Days,594271.53,213,2790.01,537.08,4940.34
Groceries,Kellogg's,Small Stores / Shops,New Arrival Showcase,519117.91,186,2790.96,550.82,4995.28
Groceries,Kellogg's,Small Stores / Shops,New Product Launch Promo,592145.84,207,2860.61,519.00,4984.01
Groceries,Kellogg's,Small Stores / Shops,New Year Kickoff,682421.09,245,2785.39,526.65,4981.27
Groceries,Kellogg's,Small Stores / Shops,Price Drop Parade,645139.72,233,2768.84,529.64,4983.61
Groceries,Kellogg's,Small Stores / Shops,Red Tag Clearance,541526.44,203,2667.62,558.18,4972.25
Groceries,Kellogg's,Small Stores / Shops,Seasonal Surprise Box,601362.04,217,2771.25,568.27,4982.02
Groceries,Kellogg's,Small Stores / Shops,Shop & Save Spectacular,605330.59,215,2815.49,511.78,4983.24
Groceries,Kellogg's,Small Stores / Shops,Smart Shopper Week,677086.88,238,2844.90,510.24,4995.84
Groceries,Kellogg's,Small Stores / Shops,Spring Refresh Event,607953.83,213,2854.24,527.87,4975.92
Groceries,Kellogg's,Small Stores / Shops,Spring Splash Discounts,523836.37,194,2700.19,500.68,4974.03
Groceries,Kellogg's,Small Stores / Shops,Summer Sizzle Promo,595686.81,204,2920.03,514.60,4999.26
Groceries,Kellogg's,Small Stores / Shops,Super Savings Week,618486.64,231,2677.43,504.29,4940.46
Groceries,Kellogg's,Small Stores / Shops,Ultimate Value Event,588477.94,208,2829.22,542.79,4993.23
Groceries,Kellogg's,Small Stores / Shops,VIP Access Sale,627468.99,229,2740.04,542.10,4999.89
Groceries,Kellogg's,Small Stores / Shops,Weekend Warrior Specials,587232.81,223,2633.33,503.77,4999.20
Groceries,Kellogg's,Small Stores / Shops,Winter Clearance Carnival,613148.01,230,2665.86,523.06,4979.63
Groceries,Kellogg's,Small Stores / Shops,Winter Wonders Sale,690922.84,236,2927.64,611.55,4973.29
Groceries,Kellogg's,Supermarkets ,12 Days of Deals,546153.78,204,2677.22,530.73,4951.12
Groceries,Kellogg's,Supermarkets ,Autumn Deals Drive,641345.19,233,2752.55,511.04,4984.97
Groceries,Kellogg's,Supermarkets ,BOGO Blitz,674926.84,242,2788.95,500.98,4996.77
Groceries,Kellogg's,Supermarkets ,Back to School Boost,665398.11,249,2672.28,505.75,4952.91
Groceries,Kellogg's,Supermarkets ,Birthday Bash Sale,576109.85,218,2642.71,509.05,4976.95
Groceries,Kellogg's,Supermarkets ,Black Friday Blowout,623477.38,220,2833.99,564.97,4997.53
Groceries,Kellogg's,Supermarkets ,Cart Crasher Campaign,641912.40,222,2891.50,508.00,4999.82
Groceries,Kellogg's,Supermarkets ,Cashback Carnival,608010.54,230,2643.52,505.38,4994.08
Groceries,Kellogg's,Supermarkets ,Clearance Countdown,672865.61,249,2702.27,508.52,4994.26
Groceries,Kellogg's,Supermarkets ,Countdown to Savings,587420.97,226,2599.21,504.50,4997.39
Groceries,Kellogg's,Supermarkets ,Customer Appreciation Week,588089.31,211,2787.15,521.84,4990.33
Groceries,Kellogg's,Supermarkets ,Cyber Monday Mania,632855.87,231,2739.64,512.85,4984.69
Groceries,Kellogg's,Supermarkets ,Deal of the Month,632229.45,232,2725.13,518.07,4986.94
Groceries,Kellogg's,Supermarkets ,Double Points Bonanza,573687.87,218,2631.60,503.26,4969.59
Groceries,Kellogg's,Supermarkets ,Early Bird Specials,615897.76,219,2812.32,512.96,4993.66
Groceries,Kellogg's,Supermarkets ,End of Season Sale,595116.34,221,2692.83,508.08,4997.29
Groceries,Kellogg's,Supermarkets ,Exclusive Insider Offers,609158.64,216,2820.18,521.24,4977.13
Groceries,Kellogg's,Supermarkets ,Festive Fever Promo,681773.78,247,2760.22,512.07,4949.82
Groceries,Kellogg's,Supermarkets ,Final Call Frenzy,660986.87,232,2849.08,508.87,4980.80
Groceries,Kellogg's,Supermarkets ,Flash Frenzy Friday,599413.03,220,2724.60,507.64,4996.77
Groceries,Kellogg's,Supermarkets ,"Gift More, Spend Less",635270.52,230,2762.05,617.18,4991.67
Groceries,Kellogg's,Supermarkets ,Golden Hour Bargains,596564.13,216,2761.87,500.16,4942.75
Groceries,Kellogg's,Supermarkets ,Green Weekend Deals,681607.21,240,2840.03,548.37,4997.22
Groceries,Kellogg's,Supermarkets ,Happy Hour Discounts,622502.23,221,2816.75,508.35,4939.87
Groceries,Kellogg's,Supermarkets ,Holiday Shopping Rush,621751.66,233,2668.46,506.03,4974.34
Groceries,Kellogg's,Supermarkets ,Hot Picks Promo,613718.59,224,2739.82,518.84,4984.22
Groceries,Kellogg's,Supermarkets ,Instant Gratification Sale,551219.26,208,2650.09,517.98,4999.70
Groceries,Kellogg's,Supermarkets ,Limited Time Treasures,651819.27,230,2834.00,536.06,4999.73
Groceries,Kellogg's,Supermarkets ,Loyalty Rewards Blast,635619.61,223,2850.31,557.95,4950.29
Groceries,Kellogg's,Supermarkets ,Mega Weekend Bonanza,613979.24,215,2855.72,507.71,4934.04
Groceries,Kellogg's,Supermarkets ,Mid-Year Madness,706657.62,241,2932.19,563.26,4978.01
Groceries,Kellogg's,Supermarkets ,Midnight Madness,573810.24,216,2656.53,505.05,4982.50
Groceries,Kellogg's,Supermarkets ,Mystery Discount Days,656359.18,236,2781.18,503.39,4982.99
Groceries,Kellogg's,Supermarkets ,New Arrival Showcase,628772.08,230,2733.79,527.29,4993.53
Groceries,Kellogg's,Supermarkets ,New Product Launch Promo,646432.70,242,2671.21,516.73,4986.13
Groceries,Kellogg's,Supermarkets ,New Year Kickoff,623033.00,223,2793.87,500.12,4974.44
Groceries,Kellogg's,Supermarkets ,Price Drop Parade,601108.74,227,2648.06,512.52,4999.58
Groceries,Kellogg's,Supermarkets ,Red Tag Clearance,642910.93,229,2807.47,504.22,4988.88
Groceries,Kellogg's,Supermarkets ,Seasonal Surprise Box,694826.45,245,2836.03,510.72,4991.25
Groceries,Kellogg's,Supermarkets ,Shop & Save Spectacular,594787.99,204,2915.63,508.47,4976.59
Groceries,Kellogg's,Supermarkets ,Smart Shopper Week,652009.91,242,2694.26,520.40,4971.62
Groceries,Kellogg's,Supermarkets ,Spring Refresh Event,636854.07,229,2781.02,520.77,4995.22
Groceries,Kellogg's,Supermarkets ,Spring Splash Discounts,534188.87,199,2684.37,553.58,4992.00
Groceries,Kellogg's,Supermarkets ,Summer Sizzle Promo,584376.86,208,2809.50,530.03,4986.64
Groceries,Kellogg's,Supermarkets ,Super Savings Week,704670.59,247,2852.92,511.54,4971.41
Groceries,Kellogg's,Supermarkets ,Ultimate Value Event,694426.42,254,2733.96,527.00,4985.99
Groceries,Kellogg's,Supermarkets ,VIP Access Sale,718605.74,260,2763.87,512.01,4985.82
Groceries,Kellogg's,Supermarkets ,Weekend Warrior Specials,557870.30,204,2734.66,528.19,4967.39
Groceries,Kellogg's,Supermarkets ,Winter Clearance Carnival,631571.68,223,2832.16,524.50,4996.69
Groceries,Kellogg's,Supermarkets ,Winter Wonders Sale,672592.00,249,2701.17,532.92,4999.85
Groceries,Nestle,Large Malls / Complexes,12 Days of Deals,654203.12,234,2795.74,518.82,4992.79
Groceries,Nestle,Large Malls / Complexes,Autumn Deals Drive,555419.11,217,2559.54,508.79,4997.95
Groceries,Nestle,Large Malls / Complexes,BOGO Blitz,549292.72,206,2666.47,507.32,4996.27
Groceries,Nestle,Large Malls / Complexes,Back to School Boost,607900.67,211,2881.05,519.15,4999.06
Groceries,Nestle,Large Malls / Complexes,Birthday Bash Sale,557315.19,199,2800.58,506.34,4970.11
Groceries,Nestle,Large Malls / Complexes,Black Friday Blowout,542616.32,192,2826.13,531.74,4984.35
Groceries,Nestle,Large Malls / Complexes,Cart Crasher Campaign,483035.83,187,2583.08,506.39,4972.72
Groceries,Nestle,Large Malls / Complexes,Cashback Carnival,608679.15,213,2857.65,512.47,4986.04
Groceries,Nestle,Large Malls / Complexes,Clearance Countdown,545010.05,203,2684.78,559.80,4935.56
Groceries,Nestle,Large Malls / Complexes,Countdown to Savings,555436.81,208,2670.37,525.18,4910.21
Groceries,Nestle,Large Malls / Complexes,Customer Appreciation Week,569608.28,203,2805.95,524.00,4991.68
Groceries,Nestle,Large Malls / Complexes,Cyber Monday Mania,527227.75,197,2676.28,511.89,4998.08
Groceries,Nestle,Large Malls / Complexes,Deal of the Month,568772.14,205,2774.50,508.61,4992.09
Groceries,Nestle,Large Malls / Complexes,Double Points Bonanza,596206.50,205,2908.32,502.21,4955.52
Groceries,Nestle,Large Malls / Complexes,Early Bird Specials,570099.68,203,2808.37,521.12,4973.79
Groceries,Nestle,Large Malls / Complexes,End of Season Sale,532196.34,193,2757.49,500.36,4996.20
Groceries,Nestle,Large Malls / Complexes,Exclusive Insider Offers,522444.24,198,2638.61,501.31,4999.92
Groceries,Nestle,Large Malls / Complexes,Festive Fever Promo,585393.36,204,2869.58,505.30,4990.52
Groceries,Nestle,Large Malls / Complexes,Final Call Frenzy,641230.97,221,2901.50,579.67,4968.70
Groceries,Nestle,Large Malls / Complexes,Flash Frenzy Friday,536128.64,200,2680.64,519.46,4978.20
Groceries,Nestle,Large Malls / Complexes,"Gift More, Spend Less",527401.94,192,2746.89,535.27,4993.41
Groceries,Nestle,Large Malls / Complexes,Golden Hour Bargains,579017.53,216,2680.64,518.40,4997.02
Groceries,Nestle,Large Malls / Complexes,Green Weekend Deals,591579.59,220,2689.00,519.55,4989.20
Groceries,Nestle,Large Malls / Complexes,Happy Hour Discounts,559131.39,204,2740.84,513.29,4993.28
Groceries,Nestle,Large Malls / Complexes,Holiday Shopping Rush,504709.58,182,2773.13,513.31,4999.39
Groceries,Nestle,Large Malls / Complexes,Hot Picks Promo,579976.60,221,2624.33,531.06,4991.69
Groceries,Nestle,Large Malls / Complexes,Instant Gratification Sale,535875.52,191,2805.63,552.91,4988.21
Groceries,Nestle,Large Malls / Complexes,Limited Time Treasures,614477.52,219,2805.83,548.80,4939.57
Groceries,Nestle,Large Malls / Complexes,Loyalty Rewards Blast,573167.91,200,2865.84,501.89,4995.71
Groceries,Nestle,Large Malls / Complexes,Mega Weekend Bonanza,555635.49,201,2764.36,546.48,4996.99
Groceries,Nestle,Large Malls / Complexes,Mid-Year Madness,584430.49,209,2796.32,502.46,4966.35
Groceries,Nestle,Large Malls / Complexes,Midnight Madness,561124.39,210,2672.02,545.56,4997.31
Groceries,Nestle,Large Malls / Complexes,Mystery Discount Days,611381.15,215,2843.63,585.81,4978.06
Groceries,Nestle,Large Malls / Complexes,New Arrival Showcase,524209.19,191,2744.55,546.73,4992.67
Groceries,Nestle,Large Malls / Complexes,New Product Launch Promo,669278.79,222,3014.77,525.02,4991.05
Groceries,Nestle,Large Malls / Complexes,New Year Kickoff,481517.80,181,2660.32,551.07,4952.64
Groceries,Nestle,Large Malls / Complexes,Price Drop Parade,554447.51,209,2652.86,504.57,4952.06
Groceries,Nestle,Large Malls / Complexes,Red Tag Clearance,572464.19,207,2765.53,527.39,4994.41
Groceries,Nestle,Large Malls / Complexes,Seasonal Surprise Box,580633.87,215,2700.62,502.74,4970.39
Groceries,Nestle,Large Malls / Complexes,Shop & Save Spectacular,537495.07,197,2728.40,553.29,4995.39
Groceries,Nestle,Large Malls / Complexes,Smart Shopper Week,573061.41,206,2781.85,508.76,4959.04
Groceries,Nestle,Large Malls / Complexes,Spring Refresh Event,604590.41,218,2773.35,547.01,4998.26
Groceries,Nestle,Large Malls / Complexes,Spring Splash Discounts,523028.33,197,2654.97,558.62,4998.53
Groceries,Nestle,Large Malls / Complexes,Summer Sizzle Promo,466662.72,174,2681.97,501.06,4950.37
Groceries,Nestle,Large Malls / Complexes,Super Savings Week,652699.67,238,2742.44,502.78,4998.49
Groceries,Nestle,Large Malls / Complexes,Ultimate Value Event,626786.78,227,2761.18,502.89,4945.15
Groceries,Nestle,Large Malls / Complexes,VIP Access Sale,528806.32,202,2617.85,508.66,4995.38
Groceries,Nestle,Large Malls / Complexes,Weekend Warrior Specials,527469.45,193,2733.00,525.46,4971.12
Groceries,Nestle,Large Malls / Complexes,Winter Clearance Carnival,573542.29,212,2705.39,517.90,4992.79
Groceries,Nestle,Large Malls / Complexes,Winter Wonders Sale,573104.18,213,2690.63,533.33,4961.39
Groceries,Nestle,Small Stores / Shops,12 Days of Deals,575241.88,208,2765.59,505.54,4974.60
Groceries,Nestle,Small Stores / Shops,Autumn Deals Drive,722547.95,249,2901.80,500.76,4996.98
Groceries,Nestle,Small Stores / Shops,BOGO Blitz,646818.89,221,2926.78,565.01,4996.36
Groceries,Nestle,Small Stores / Shops,Back to School Boost,595187.78,232,2565.46,500.60,4985.68
Groceries,Nestle,Small Stores / Shops,Birthday Bash Sale,630923.40,218,2894.14,504.67,4991.37
Groceries,Nestle,Small Stores / Shops,Black Friday Blowout,674675.03,238,2834.77,505.61,4946.69
Groceries,Nestle,Small Stores / Shops,Cart Crasher Campaign,605330.66,229,2643.37,511.13,4974.14
Groceries,Nestle,Small Stores / Shops,Cashback Carnival,611114.74,218,2803.28,502.91,4967.55
Groceries,Nestle,Small Stores / Shops,Clearance Countdown,581389.69,214,2716.77,520.41,4987.53
Groceries,Nestle,Small Stores / Shops,Countdown to Savings,691758.43,241,2870.37,518.46,4996.32
Groceries,Nestle,Small Stores / Shops,Customer Appreciation Week,680305.10,244,2788.14,511.44,4985.39
Groceries,Nestle,Small Stores / Shops,Cyber Monday Mania,591645.19,210,2817.36,512.16,4977.87
Groceries,Nestle,Small Stores / Shops,Deal of the Month,564348.73,197,2864.71,516.92,4980.84
Groceries,Nestle,Small Stores / Shops,Double Points Bonanza,594385.93,222,2677.41,515.79,4955.16
Groceries,Nestle,Small Stores / Shops,Early Bird Specials,610692.47,228,2678.48,514.86,4999.70
Groceries,Nestle,Small Stores / Shops,End of Season Sale,621499.05,225,2762.22,513.52,4998.37
Groceries,Nestle,Small Stores / Shops,Exclusive Insider Offers,603184.20,208,2899.92,528.22,4994.58
Groceries,Nestle,Small Stores / Shops,Festive Fever Promo,504346.56,197,2560.13,502.53,4966.04
Groceries,Nestle,Small Stores / Shops,Final Call Frenzy,660170.84,234,2821.24,610.70,4971.01
Groceries,Nestle,Small Stores / Shops,Flash Frenzy Friday,610904.25,213,2868.10,536.13,4996.14
Groceries,Nestle,Small Stores / Shops,"Gift More, Spend Less",575223.91,212,2713.32,521.94,4990.02
Groceries,Nestle,Small Stores / Shops,Golden Hour Bargains,657187.23,243,2704.47,554.60,4984.25
Groceries,Nestle,Small Stores / Shops,Green Weekend Deals,647022.40,219,2954.44,548.92,4986.13
Groceries,Nestle,Small Stores / Shops,Happy Hour Discounts,593376.70,224,2649.00,528.28,4926.39
Groceries,Nestle,Small Stores / Shops,Holiday Shopping Rush,551183.33,215,2563.64,524.81,4949.35
Groceries,Nestle,Small Stores / Shops,Hot Picks Promo,636396.23,226,2815.91,519.38,4998.48
Groceries,Nestle,Small Stores / Shops,Instant Gratification Sale,617416.86,223,2768.69,523.90,4977.48
Groceries,Nestle,Small Stores / Shops,Limited Time Treasures,567135.42,214,2650.17,510.30,4987.05
Groceries,Nestle,Small Stores / Shops,Loyalty Rewards Blast,683651.57,240,2848.55,540.04,4995.57
Groceries,Nestle,Small Stores / Shops,Mega Weekend Bonanza,625488.14,228,2743.37,506.20,4983.94
Groceries,Nestle,Small Stores / Shops,Mid-Year Madness,725397.13,258,2811.62,505.58,4990.79
Groceries,Nestle,Small Stores / Shops,Midnight Madness,557805.35,203,2747.81,505.39,4985.49
Groceries,Nestle,Small Stores / Shops,Mystery Discount Days,596945.82,221,2701.11,508.56,4976.50
Groceries,Nestle,Small Stores / Shops,New Arrival Showcase,643959.26,226,2849.38,503.73,4954.18
Groceries,Nestle,Small Stores / Shops,New Product Launch Promo,521076.78,194,2685.96,506.06,4974.30
Groceries,Nestle,Small Stores / Shops,New Year Kickoff,604109.67,215,2809.81,536.62,4991.95
Groceries,Nestle,Small Stores / Shops,Price Drop Parade,606507.39,225,2695.59,515.56,4922.25
Groceries,Nestle,Small Stores / Shops,Red Tag Clearance,679196.48,252,2695.22,501.12,4970.03
Groceries,Nestle,Small Stores / Shops,Seasonal Surprise Box,586633.30,212,2767.14,525.43,4992.02
Groceries,Nestle,Small Stores / Shops,Shop & Save Spectacular,710538.20,249,2853.57,501.53,4983.89
Groceries,Nestle,Small Stores / Shops,Smart Shopper Week,630039.07,241,2614.27,516.99,4987.67
Groceries,Nestle,Small Stores / Shops,Spring Refresh Event,618259.40,221,2797.55,539.18,4995.87
Groceries,Nestle,Small Stores / Shops,Spring Splash Discounts,597340.85,216,2765.47,505.92,4991.56
Groceries,Nestle,Small Stores / Shops,Summer Sizzle Promo,664108.23,242,2744.25,504.13,4952.92
Groceries,Nestle,Small Stores / Shops,Super Savings Week,594722.06,217,2740.65,501.97,4989.64
Groceries,Nestle,Small Stores / Shops,Ultimate Value Event,577995.84,210,2752.36,505.35,4950.10
Groceries,Nestle,Small Stores / Shops,VIP Access Sale,637028.99,226,2818.71,504.83,4996.03
Groceries,Nestle,Small Stores / Shops,Weekend Warrior Specials,611911.00,220,2781.41,513.49,4988.19
Groceries,Nestle,Small Stores / Shops,Winter Clearance Carnival,581590.56,218,2667.85,526.61,4918.86
Groceries,Nestle,Small Stores / Shops,Winter Wonders Sale,621910.77,225,2764.05,518.68,4978.26
Groceries,Nestle,Supermarkets ,12 Days of Deals,675075.29,249,2711.15,502.43,4998.90
Groceries,Nestle,Supermarkets ,Autumn Deals Drive,708223.47,253,2799.30,504.45,4969.96
Groceries,Nestle,Supermarkets ,BOGO Blitz,596437.18,221,2698.81,539.29,4983.97
Groceries,Nestle,Supermarkets ,Back to School Boost,705007.95,256,2753.94,518.77,4980.36
Groceries,Nestle,Supermarkets ,Birthday Bash Sale,597565.44,225,2655.85,509.57,4938.45
Groceries,Nestle,Supermarkets ,Black Friday Blowout,628835.50,220,2858.34,546.04,4998.22
Groceries,Nestle,Supermarkets ,Cart Crasher Campaign,688225.71,253,2720.26,509.00,4985.57
Groceries,Nestle,Supermarkets ,Cashback Carnival,623966.59,227,2748.75,505.58,4995.74
Groceries,Nestle,Supermarkets ,Clearance Countdown,611670.44,221,2767.74,519.68,4997.60
Groceries,Nestle,Supermarkets ,Countdown to Savings,677651.23,244,2777.26,517.81,4984.12
Groceries,Nestle,Supermarkets ,Customer Appreciation Week,643203.37,235,2737.04,502.24,4995.70
Groceries,Nestle,Supermarkets ,Cyber Monday Mania,579641.95,213,2721.32,536.67,4979.98
Groceries,Nestle,Supermarkets ,Deal of the Month,666200.66,241,2764.32,510.11,4992.95
Groceries,Nestle,Supermarkets ,Double Points Bonanza,585198.96,210,2786.66,511.56,4976.30
Groceries,Nestle,Supermarkets ,Early Bird Specials,646749.80,237,2728.90,531.67,4996.80
Groceries,Nestle,Supermarkets ,End of Season Sale,672155.38,251,2677.91,529.81,4997.30
Groceries,Nestle,Supermarkets ,Exclusive Insider Offers,644502.75,235,2742.56,506.83,4980.21
Groceries,Nestle,Supermarkets ,Festive Fever Promo,599811.66,220,2726.42,501.65,4997.65
Groceries,Nestle,Supermarkets ,Final Call Frenzy,684026.72,253,2703.66,520.72,4970.78
Groceries,Nestle,Supermarkets ,Flash Frenzy Friday,639407.07,233,2744.24,537.93,4978.54
Groceries,Nestle,Supermarkets ,"Gift More, Spend Less",637266.05,230,2770.72,514.39,4958.64
Groceries,Nestle,Supermarkets ,Golden Hour Bargains,609450.22,219,2782.88,509.01,4963.88
Groceries,Nestle,Supermarkets ,Green Weekend Deals,577150.58,224,2576.57,503.00,4991.78
Groceries,Nestle,Supermarkets ,Happy Hour Discounts,653904.28,233,2806.46,513.67,4995.84
Groceries,Nestle,Supermarkets ,Holiday Shopping Rush,686981.03,248,2770.08,507.76,4960.89
Groceries,Nestle,Supermarkets ,Hot Picks Promo,641437.76,221,2902.43,565.28,4999.88
Groceries,Nestle,Supermarkets ,Instant Gratification Sale,656515.74,240,2735.48,500.03,4956.66
Groceries,Nestle,Supermarkets ,Limited Time Treasures,611656.12,225,2718.47,692.68,4994.82
Groceries,Nestle,Supermarkets ,Loyalty Rewards Blast,601001.60,216,2782.41,537.34,4979.12
Groceries,Nestle,Supermarkets ,Mega Weekend Bonanza,626089.12,209,2995.64,517.28,4998.94
Groceries,Nestle,Supermarkets ,Mid-Year Madness,545477.81,216,2525.36,513.15,4975.69
Groceries,Nestle,Supermarkets ,Midnight Madness,681379.59,241,2827.30,535.91,4967.20
Groceries,Nestle,Supermarkets ,Mystery Discount Days,666054.85,240,2775.23,511.48,4972.12
Groceries,Nestle,Supermarkets ,New Arrival Showcase,651212.39,241,2702.13,527.41,4990.33
Groceries,Nestle,Supermarkets ,New Product Launch Promo,633903.67,242,2619.44,521.20,4984.26
Groceries,Nestle,Supermarkets ,New Year Kickoff,671332.03,248,2706.98,513.17,4979.80
Groceries,Nestle,Supermarkets ,Price Drop Parade,635740.70,228,2788.34,504.15,4988.77
Groceries,Nestle,Supermarkets ,Red Tag Clearance,671919.40,243,2765.10,514.75,4986.36
Groceries,Nestle,Supermarkets ,Seasonal Surprise Box,514541.35,201,2559.91,501.93,4974.81
Groceries,Nestle,Supermarkets ,Shop & Save Spectacular,643284.31,233,2760.88,509.90,4972.66
Groceries,Nestle,Supermarkets ,Smart Shopper Week,691360.41,243,2845.10,515.37,4984.80
Groceries,Nestle,Supermarkets ,Spring Refresh Event,625298.46,228,2742.54,521.03,4970.20
Groceries,Nestle,Supermarkets ,Spring Splash Discounts,637299.69,225,2832.44,506.63,4991.29
Groceries,Nestle,Supermarkets ,Summer Sizzle Promo,599652.83,225,2665.12,531.33,4923.20
Groceries,Nestle,Supermarkets ,Super Savings Week,643482.13,243,2648.07,524.93,4999.88
Groceries,Nestle,Supermarkets ,Ultimate Value Event,683863.71,242,2825.88,526.12,4997.53
Groceries,Nestle,Supermarkets ,VIP Access Sale,695710.27,250,2782.84,520.31,4997.93
Groceries,Nestle,Supermarkets ,Weekend Warrior Specials,608779.77,225,2705.69,502.46,4966.74
Groceries,Nestle,Supermarkets ,Winter Clearance Carnival,704448.80,256,2751.75,502.13,4997.93
Groceries,Nestle,Supermarkets ,Winter Wonders Sale,642675.23,233,2758.26,505.33,4971.48
Groceries,Tata,Large Malls / Complexes,12 Days of Deals,618822.53,204,3033.44,508.70,4989.06
Groceries,Tata,Large Malls / Complexes,Autumn Deals Drive,623851.41,229,2724.24,534.21,4999.13
Groceries,Tata,Large Malls / Complexes,BOGO Blitz,611170.30,221,2765.48,534.58,4982.36
Groceries,Tata,Large Malls / Complexes,Back to School Boost,599142.13,229,2616.34,509.58,4986.61
Groceries,Tata,Large Malls / Complexes,Birthday Bash Sale,613208.18,225,2725.37,503.77,4981.90
Groceries,Tata,Large Malls / Complexes,Black Friday Blowout,565071.75,205,2756.45,510.98,4961.05
Groceries,Tata,Large Malls / Complexes,Cart Crasher Campaign,610219.55,223,2736.41,528.91,4970.44
Groceries,Tata,Large Malls / Complexes,Cashback Carnival,595454.88,209,2849.07,592.79,4975.62
Groceries,Tata,Large Malls / Complexes,Clearance Countdown,523567.27,196,2671.26,583.20,4998.78
Groceries,Tata,Large Malls / Complexes,Countdown to Savings,523695.43,198,2644.93,525.83,4989.73
Groceries,Tata,Large Malls / Complexes,Customer Appreciation Week,575810.95,206,2795.20,529.66,4955.65
Groceries,Tata,Large Malls / Complexes,Cyber Monday Mania,546431.28,196,2787.91,506.44,4976.05
Groceries,Tata,Large Malls / Complexes,Deal of the Month,588805.08,204,2886.30,545.72,4990.78
Groceries,Tata,Large Malls / Complexes,Double Points Bonanza,600514.96,226,2657.15,512.01,4995.23
Groceries,Tata,Large Malls / Complexes,Early Bird Specials,617686.60,227,2721.09,501.54,4983.85
Groceries,Tata,Large Malls / Complexes,End of Season Sale,591344.86,215,2750.44,523.95,4968.93
Groceries,Tata,Large Malls / Complexes,Exclusive Insider Offers,659931.30,227,2907.19,512.59,4987.57
Groceries,Tata,Large Malls / Complexes,Festive Fever Promo,645005.59,230,2804.37,526.44,4986.26
Groceries,Tata,Large Malls / Complexes,Final Call Frenzy,608044.56,227,2678.61,528.94,4995.49
Groceries,Tata,Large Malls / Complexes,Flash Frenzy Friday,519231.21,193,2690.32,504.91,4980.76
Groceries,Tata,Large Malls / Complexes,"Gift More, Spend Less",615775.62,232,2654.21,532.76,4994.67
Groceries,Tata,Large Malls / Complexes,Golden Hour Bargains,553071.73,205,2697.91,548.28,4999.90
Groceries,Tata,Large Malls / Complexes,Green Weekend Deals,579371.79,203,2854.05,530.27,4956.03
Groceries,Tata,Large Malls / Complexes,Happy Hour Discounts,607433.51,230,2641.02,520.23,4958.84
Groceries,Tata,Large Malls / Complexes,Holiday Shopping Rush,556340.17,195,2853.03,548.50,4999.06
Groceries,Tata,Large Malls / Complexes,Hot Picks Promo,584295.14,200,2921.48,596.70,4993.32
Groceries,Tata,Large Malls / Complexes,Instant Gratification Sale,653244.86,225,2903.31,507.03,4956.21
Groceries,Tata,Large Malls / Complexes,Limited Time Treasures,520000.71,190,2736.85,590.96,4970.12
Groceries,Tata,Large Malls / Complexes,Loyalty Rewards Blast,662749.51,226,2932.52,521.09,4954.65
Groceries,Tata,Large Malls / Complexes,Mega Weekend Bonanza,528921.25,197,2684.88,507.64,4996.49
Groceries,Tata,Large Malls / Complexes,Mid-Year Madness,555478.78,202,2749.89,500.32,4956.50
Groceries,Tata,Large Malls / Complexes,Midnight Madness,546133.40,191,2859.34,508.69,4974.08
Groceries,Tata,Large Malls / Complexes,Mystery Discount Days,467441.63,174,2686.45,506.85,4914.65
Groceries,Tata,Large Malls / Complexes,New Arrival Showcase,569206.16,195,2919.01,505.15,4997.81
Groceries,Tata,Large Malls / Complexes,New Product Launch Promo,627304.27,221,2838.48,514.07,4994.79
Groceries,Tata,Large Malls / Complexes,New Year Kickoff,618030.34,217,2848.07,600.34,4990.17
Groceries,Tata,Large Malls / Complexes,Price Drop Parade,556162.76,193,2881.67,550.56,4999.83
Groceries,Tata,Large Malls / Complexes,Red Tag Clearance,594513.19,208,2858.24,505.74,4973.34
Groceries,Tata,Large Malls / Complexes,Seasonal Surprise Box,534380.89,206,2594.08,505.51,4951.48
Groceries,Tata,Large Malls / Complexes,Shop & Save Spectacular,597657.96,207,2887.24,501.87,4985.79
Groceries,Tata,Large Malls / Complexes,Smart Shopper Week,583315.06,207,2817.95,535.93,4979.62
Groceries,Tata,Large Malls / Complexes,Spring Refresh Event,621177.71,216,2875.82,512.51,4965.91
Groceries,Tata,Large Malls / Complexes,Spring Splash Discounts,586792.30,212,2767.89,574.76,4970.03
Groceries,Tata,Large Malls / Complexes,Summer Sizzle Promo,663496.17,240,2764.57,501.39,4936.74
Groceries,Tata,Large Malls / Complexes,Super Savings Week,546779.27,201,2720.29,506.37,4996.91
Groceries,Tata,Large Malls / Complexes,Ultimate Value Event,588224.88,216,2723.26,507.81,4988.95
Groceries,Tata,Large Malls / Complexes,VIP Access Sale,548937.93,200,2744.69,555.82,4917.57
Groceries,Tata,Large Malls / Complexes,Weekend Warrior Specials,590951.88,213,2774.42,523.22,4986.11
Groceries,Tata,Large Malls / Complexes,Winter Clearance Carnival,590859.63,213,2773.99,507.62,4999.97
Groceries,Tata,Large Malls / Complexes,Winter Wonders Sale,605979.19,219,2767.03,527.24,4986.54
Groceries,Tata,Small Stores / Shops,12 Days of Deals,562123.33,205,2742.07,506.22,4971.18
Groceries,Tata,Small Stores / Shops,Autumn Deals Drive,639693.62,233,2745.47,531.01,4983.23
Groceries,Tata,Small Stores / Shops,BOGO Blitz,653252.46,240,2721.89,507.25,4992.20
Groceries,Tata,Small Stores / Shops,Back to School Boost,654339.29,232,2820.43,528.82,4991.91
Groceries,Tata,Small Stores / Shops,Birthday Bash Sale,620350.49,239,2595.61,524.66,4983.43
Groceries,Tata,Small Stores / Shops,Black Friday Blowout,689428.80,241,2860.70,500.83,4990.79
Groceries,Tata,Small Stores / Shops,Cart Crasher Campaign,617814.23,220,2808.25,505.15,4989.38
Groceries,Tata,Small Stores / Shops,Cashback Carnival,623720.36,229,2723.67,533.43,4993.12
Groceries,Tata,Small Stores / Shops,Clearance Countdown,658156.65,237,2777.03,502.02,4998.45
Groceries,Tata,Small Stores / Shops,Countdown to Savings,583374.96,229,2547.49,500.91,4948.40
Groceries,Tata,Small Stores / Shops,Customer Appreciation Week,623915.16,233,2677.75,512.29,4997.51
Groceries,Tata,Small Stores / Shops,Cyber Monday Mania,629387.07,242,2600.77,511.03,4998.73
Groceries,Tata,Small Stores / Shops,Deal of the Month,603688.75,225,2683.06,500.56,4996.71
Groceries,Tata,Small Stores / Shops,Double Points Bonanza,539561.38,203,2657.94,542.97,4990.67
Groceries,Tata,Small Stores / Shops,Early Bird Specials,613475.83,227,2702.54,538.52,4981.93
Groceries,Tata,Small Stores / Shops,End of Season Sale,676310.41,236,2865.72,503.98,4989.11
Groceries,Tata,Small Stores / Shops,Exclusive Insider Offers,614100.98,214,2869.63,557.86,4999.35
Groceries,Tata,Small Stores / Shops,Festive Fever Promo,612655.97,231,2652.19,524.48,4983.92
Groceries,Tata,Small Stores / Shops,Final Call Frenzy,730526.37,254,2876.09,504.53,4989.60
Groceries,Tata,Small Stores / Shops,Flash Frenzy Friday,576643.08,213,2707.24,513.87,4970.02
Groceries,Tata,Small Stores / Shops,"Gift More, Spend Less",666810.04,223,2990.18,568.78,4998.23
Groceries,Tata,Small Stores / Shops,Golden Hour Bargains,683389.34,249,2744.54,508.71,4982.96
Groceries,Tata,Small Stores / Shops,Green Weekend Deals,576850.07,212,2720.99,525.90,4990.02
Groceries,Tata,Small Stores / Shops,Happy Hour Discounts,572319.75,207,2764.83,505.89,4966.28
Groceries,Tata,Small Stores / Shops,Holiday Shopping Rush,623576.34,232,2687.83,521.62,4979.09
Groceries,Tata,Small Stores / Shops,Hot Picks Promo,651031.85,231,2818.32,501.36,4962.72
Groceries,Tata,Small Stores / Shops,Instant Gratification Sale,598724.03,225,2661.00,524.03,4956.95
Groceries,Tata,Small Stores / Shops,Limited Time Treasures,591757.73,209,2831.38,508.05,4949.59
Groceries,Tata,Small Stores / Shops,Loyalty Rewards Blast,512392.08,193,2654.88,507.01,4993.52
Groceries,Tata,Small Stores / Shops,Mega Weekend Bonanza,595816.98,232,2568.18,532.86,4994.06
Groceries,Tata,Small Stores / Shops,Mid-Year Madness,669971.16,245,2734.58,500.47,4985.87
Groceries,Tata,Small Stores / Shops,Midnight Madness,600483.94,227,2645.30,500.01,4938.58
Groceries,Tata,Small Stores / Shops,Mystery Discount Days,710060.36,249,2851.65,527.14,4990.44
Groceries,Tata,Small Stores / Shops,New Arrival Showcase,657263.95,236,2785.02,502.27,4982.30
Groceries,Tata,Small Stores / Shops,New Product Launch Promo,553821.93,197,2811.28,526.69,4985.24
Groceries,Tata,Small Stores / Shops,New Year Kickoff,620602.08,236,2629.67,529.28,4976.96
Groceries,Tata,Small Stores / Shops,Price Drop Parade,632765.74,220,2876.21,505.58,4986.73
Groceries,Tata,Small Stores / Shops,Red Tag Clearance,648772.98,229,2833.07,525.81,4989.26
Groceries,Tata,Small Stores / Shops,Seasonal Surprise Box,677139.02,237,2857.13,545.73,4992.27
Groceries,Tata,Small Stores / Shops,Shop & Save Spectacular,588755.64,208,2830.56,506.56,4988.98
Groceries,Tata,Small Stores / Shops,Smart Shopper Week,647518.23,244,2653.76,503.56,4981.88
Groceries,Tata,Small Stores / Shops,Spring Refresh Event,622191.33,228,2728.91,513.02,4932.48
Groceries,Tata,Small Stores / Shops,Spring Splash Discounts,619544.99,220,2816.11,545.74,4982.86
Groceries,Tata,Small Stores / Shops,Summer Sizzle Promo,577746.75,208,2777.63,508.92,4950.77
Groceries,Tata,Small Stores / Shops,Super Savings Week,615315.02,223,2759.26,514.95,4963.07
Groceries,Tata,Small Stores / Shops,Ultimate Value Event,611789.88,225,2719.07,506.59,4995.88
Groceries,Tata,Small Stores / Shops,VIP Access Sale,597492.21,231,2586.55,543.98,4967.78
Groceries,Tata,Small Stores / Shops,Weekend Warrior Specials,644039.87,240,2683.50,539.64,4942.53
Groceries,Tata,Small Stores / Shops,Winter Clearance Carnival,652320.75,239,2729.38,574.16,4998.44
Groceries,Tata,Small Stores / Shops,Winter Wonders Sale,566160.55,214,2645.61,515.32,4984.41
Groceries,Tata,Supermarkets ,12 Days of Deals,650990.89,242,2690.05,508.44,4954.42
Groceries,Tata,Supermarkets ,Autumn Deals Drive,585720.79,222,2638.38,512.90,4965.73
Groceries,Tata,Supermarkets ,BOGO Blitz,581409.32,224,2595.58,534.13,4967.76
Groceries,Tata,Supermarkets ,Back to School Boost,627477.65,227,2764.22,502.61,4976.52
Groceries,Tata,Supermarkets ,Birthday Bash Sale,617883.54,233,2651.86,520.10,4910.84
Groceries,Tata,Supermarkets ,Black Friday Blowout,641967.05,234,2743.45,526.67,4975.84
Groceries,Tata,Supermarkets ,Cart Crasher Campaign,609054.20,236,2580.74,526.15,4988.06
Groceries,Tata,Supermarkets ,Cashback Carnival,591862.82,218,2714.97,512.58,4988.77
Groceries,Tata,Supermarkets ,Clearance Countdown,601054.33,206,2917.74,552.62,4984.14
Groceries,Tata,Supermarkets ,Countdown to Savings,707501.47,255,2774.52,561.03,4984.69
Groceries,Tata,Supermarkets ,Customer Appreciation Week,589181.27,215,2740.38,505.16,4962.15
Groceries,Tata,Supermarkets ,Cyber Monday Mania,637114.64,232,2746.18,507.95,4987.77
Groceries,Tata,Supermarkets ,Deal of the Month,633884.13,231,2744.09,516.78,4991.28
Groceries,Tata,Supermarkets ,Double Points Bonanza,684109.67,250,2736.44,504.96,4999.34
Groceries,Tata,Supermarkets ,Early Bird Specials,605787.82,207,2926.51,511.59,4975.78
Groceries,Tata,Supermarkets ,End of Season Sale,721761.84,253,2852.81,527.02,4991.22
Groceries,Tata,Supermarkets ,Exclusive Insider Offers,625692.34,231,2708.62,504.09,4996.14
Groceries,Tata,Supermarkets ,Festive Fever Promo,670401.05,235,2852.77,548.18,4986.36
Groceries,Tata,Supermarkets ,Final Call Frenzy,605797.06,229,2645.40,511.29,4970.35
Groceries,Tata,Supermarkets ,Flash Frenzy Friday,620516.50,213,2913.22,500.97,4995.90
Groceries,Tata,Supermarkets ,"Gift More, Spend Less",640490.44,233,2748.89,509.60,4990.49
Groceries,Tata,Supermarkets ,Golden Hour Bargains,655675.58,238,2754.94,506.12,4968.40
Groceries,Tata,Supermarkets ,Green Weekend Deals,763487.49,271,2817.30,508.74,4951.11
Groceries,Tata,Supermarkets ,Happy Hour Discounts,677995.48,242,2801.63,511.52,4967.69
Groceries,Tata,Supermarkets ,Holiday Shopping Rush,576046.51,208,2769.45,505.64,4997.86
Groceries,Tata,Supermarkets ,Hot Picks Promo,610552.16,226,2701.56,575.68,4967.62
Groceries,Tata,Supermarkets ,Instant Gratification Sale,633827.44,216,2934.39,500.33,4987.65
Groceries,Tata,Supermarkets ,Limited Time Treasures,626692.60,235,2666.78,509.07,4983.86
Groceries,Tata,Supermarkets ,Loyalty Rewards Blast,698240.74,248,2815.49,508.57,4968.31
Groceries,Tata,Supermarkets ,Mega Weekend Bonanza,599063.79,237,2527.70,510.97,4953.84
Groceries,Tata,Supermarkets ,Mid-Year Madness,690938.30,242,2855.12,536.31,4995.65
Groceries,Tata,Supermarkets ,Midnight Madness,622664.22,209,2979.25,511.10,4998.75
Groceries,Tata,Supermarkets ,Mystery Discount Days,586247.06,220,2664.76,516.74,4974.69
Groceries,Tata,Supermarkets ,New Arrival Showcase,550854.71,209,2635.67,511.64,4985.57
Groceries,Tata,Supermarkets ,New Product Launch Promo,620134.54,232,2672.99,542.43,4994.23
Groceries,Tata,Supermarkets ,New Year Kickoff,629422.95,246,2558.63,512.57,4989.23
Groceries,Tata,Supermarkets ,Price Drop Parade,629810.44,219,2875.85,571.70,4991.24
Groceries,Tata,Supermarkets ,Red Tag Clearance,661510.21,238,2779.45,519.21,4956.37
Groceries,Tata,Supermarkets ,Seasonal Surprise Box,579237.13,213,2719.42,519.82,4975.64
Groceries,Tata,Supermarkets ,Shop & Save Spectacular,586486.27,214,2740.59,514.43,4993.94
Groceries,Tata,Supermarkets ,Smart Shopper Week,607675.85,213,2852.94,516.91,4989.07
Groceries,Tata,Supermarkets ,Spring Refresh Event,669011.73,235,2846.86,517.46,4974.58
Groceries,Tata,Supermarkets ,Spring Splash Discounts,650687.53,237,2745.52,515.99,4986.70
Groceries,Tata,Supermarkets ,Summer Sizzle Promo,597753.38,222,2692.58,527.95,4981.75
Groceries,Tata,Supermarkets ,Super Savings Week,613096.07,222,2761.69,516.48,4990.58
Groceries,Tata,Supermarkets ,Ultimate Value Event,613489.41,231,2655.80,571.93,4992.62
Groceries,Tata,Supermarkets ,VIP Access Sale,707878.57,252,2809.04,508.05,4974.89
Groceries,Tata,Supermarkets ,Weekend Warrior Specials,621941.86,221,2814.22,504.05,4956.37
Groceries,Tata,Supermarkets ,Winter Clearance Carnival,634180.10,224,2831.16,511.24,4978.77
Groceries,Tata,Supermarkets ,Winter Wonders Sale,651702.56,238,2738.25,538.88,4950.05
Home Appliances,Bosch,Large Malls / Complexes,12 Days of Deals,509913.26,200,2549.57,509.29,4995.00
Home Appliances,Bosch,Large Malls / Complexes,Autumn Deals Drive,560653.71,219,2560.06,518.61,4989.53
Home Appliances,Bosch,Large Malls / Complexes,BOGO Blitz,615241.26,220,2796.55,503.66,4984.36
Home Appliances,Bosch,Large Malls / Complexes,Back to School Boost,608597.33,222,2741.43,529.02,4992.97
Home Appliances,Bosch,Large Malls / Complexes,Birthday Bash Sale,598555.75,215,2783.98,558.71,4996.94
Home Appliances,Bosch,Large Malls / Complexes,Black Friday Blowout,521404.82,193,2701.58,516.49,4939.15
Home Appliances,Bosch,Large Malls / Complexes,Cart Crasher Campaign,526315.18,187,2814.52,510.35,4994.64
Home Appliances,Bosch,Large Malls / Complexes,Cashback Carnival,626327.13,218,2873.06,513.18,4933.74
Home Appliances,Bosch,Large Malls / Complexes,Clearance Countdown,512466.81,189,2711.46,523.77,4989.38
Home Appliances,Bosch,Large Malls / Complexes,Countdown to Savings,517560.80,194,2667.84,543.01,4999.30
Home Appliances,Bosch,Large Malls / Complexes,Customer Appreciation Week,568766.72,210,2708.41,610.60,4990.07
Home Appliances,Bosch,Large Malls / Complexes,Cyber Monday Mania,552981.55,206,2684.38,511.88,4970.33
Home Appliances,Bosch,Large Malls / Complexes,Deal of the Month,526488.68,195,2699.94,501.60,4985.15
Home Appliances,Bosch,Large Malls / Complexes,Double Points Bonanza,657695.94,238,2763.43,517.58,4996.68
Home Appliances,Bosch,Large Malls / Complexes,Early Bird Specials,601376.37,217,2771.32,502.49,4994.00
Home Appliances,Bosch,Large Malls / Complexes,End of Season Sale,591647.00,219,2701.58,530.84,4947.57
Home Appliances,Bosch,Large Malls / Complexes,Exclusive Insider Offers,570807.55,195,2927.22,503.97,4998.02
Home Appliances,Bosch,Large Malls / Complexes,Festive Fever Promo,555079.94,217,2557.97,507.88,4981.86
Home Appliances,Bosch,Large Malls / Complexes,Final Call Frenzy,566405.98,201,2817.94,525.11,4925.43
Home Appliances,Bosch,Large Malls / Complexes,Flash Frenzy Friday,563435.55,211,2670.31,529.18,4988.13
Home Appliances,Bosch,Large Malls / Complexes,"Gift More, Spend Less",570910.36,218,2618.85,515.29,4927.70
Home Appliances,Bosch,Large Malls / Complexes,Golden Hour Bargains,482622.35,174,2773.69,500.71,4966.01
Home Appliances,Bosch,Large Malls / Complexes,Green Weekend Deals,628320.55,230,2731.83,503.05,4988.41
Home Appliances,Bosch,Large Malls / Complexes,Happy Hour Discounts,600349.99,219,2741.32,504.73,4980.09
Home Appliances,Bosch,Large Malls / Complexes,Holiday Shopping Rush,553480.43,202,2740.00,512.78,4986.26
Home Appliances,Bosch,Large Malls / Complexes,Hot Picks Promo,572359.51,211,2712.60,519.69,4991.02
Home Appliances,Bosch,Large Malls / Complexes,Instant Gratification Sale,576778.22,215,2682.69,509.24,4976.42
Home Appliances,Bosch,Large Malls / Complexes,Limited Time Treasures,558725.14,218,2562.96,505.55,4966.06
Home Appliances,Bosch,Large Malls / Complexes,Loyalty Rewards Blast,503655.01,188,2679.02,504.89,4998.98
Home Appliances,Bosch,Large Malls / Complexes,Mega Weekend Bonanza,592328.70,215,2755.02,567.19,4924.43
Home Appliances,Bosch,Large Malls / Complexes,Mid-Year Madness,553028.42,201,2751.39,523.24,4991.40
Home Appliances,Bosch,Large Malls / Complexes,Midnight Madness,497677.95,195,2552.19,510.44,4979.06
Home Appliances,Bosch,Large Malls / Complexes,Mystery Discount Days,553943.49,201,2755.94,520.91,4982.52
Home Appliances,Bosch,Large Malls / Complexes,New Arrival Showcase,654680.04,242,2705.29,561.40,4995.95
Home Appliances,Bosch,Large Malls / Complexes,New Product Launch Promo,641000.42,226,2836.29,500.80,4978.16
Home Appliances,Bosch,Large Malls / Complexes,New Year Kickoff,527999.86,201,2626.86,509.52,4974.38
Home Appliances,Bosch,Large Malls / Complexes,Price Drop Parade,593393.12,215,2759.97,545.71,4992.73
Home Appliances,Bosch,Large Malls / Complexes,Red Tag Clearance,517149.52,195,2652.05,500.88,4998.91
Home Appliances,Bosch,Large Malls / Complexes,Seasonal Surprise Box,502994.15,194,2592.75,505.59,4998.58
Home Appliances,Bosch,Large Malls / Complexes,Shop & Save Spectacular,608077.49,223,2726.80,523.02,4973.61
Home Appliances,Bosch,Large Malls / Complexes,Smart Shopper Week,535964.82,192,2791.48,510.10,4991.04
Home Appliances,Bosch,Large Malls / Complexes,Spring Refresh Event,573599.64,211,2718.48,501.78,4978.78
Home Appliances,Bosch,Large Malls / Complexes,Spring Splash Discounts,616560.77,223,2764.85,562.62,4995.52
Home Appliances,Bosch,Large Malls / Complexes,Summer Sizzle Promo,624083.26,222,2811.19,523.79,4998.36
Home Appliances,Bosch,Large Malls / Complexes,Super Savings Week,650653.17,236,2757.00,501.99,4971.79
Home Appliances,Bosch,Large Malls / Complexes,Ultimate Value Event,575790.88,217,2653.41,512.34,4967.62
Home Appliances,Bosch,Large Malls / Complexes,VIP Access Sale,569155.15,214,2659.60,549.15,4976.21
Home Appliances,Bosch,Large Malls / Complexes,Weekend Warrior Specials,612145.96,224,2732.79,505.78,4987.65
Home Appliances,Bosch,Large Malls / Complexes,Winter Clearance Carnival,526296.72,190,2769.98,502.95,4991.60
Home Appliances,Bosch,Large Malls / Complexes,Winter Wonders Sale,621796.15,214,2905.59,665.62,4999.74
Home Appliances,Bosch,Small Stores / Shops,12 Days of Deals,616554.85,236,2612.52,504.11,4956.33
Home Appliances,Bosch,Small Stores / Shops,Autumn Deals Drive,547885.57,202,2712.30,537.73,4997.76
Home Appliances,Bosch,Small Stores / Shops,BOGO Blitz,525568.14,197,2667.86,531.42,4979.56
Home Appliances,Bosch,Small Stores / Shops,Back to School Boost,557008.54,211,2639.85,516.87,4962.05
Home Appliances,Bosch,Small Stores / Shops,Birthday Bash Sale,532766.97,207,2573.75,526.70,4976.22
Home Appliances,Bosch,Small Stores / Shops,Black Friday Blowout,578103.64,216,2676.41,512.83,4973.40
Home Appliances,Bosch,Small Stores / Shops,Cart Crasher Campaign,602028.21,223,2699.68,531.87,4993.56
Home Appliances,Bosch,Small Stores / Shops,Cashback Carnival,570426.79,213,2678.06,544.01,4991.33
Home Appliances,Bosch,Small Stores / Shops,Clearance Countdown,680362.83,245,2776.99,513.39,4995.95
Home Appliances,Bosch,Small Stores / Shops,Countdown to Savings,571198.11,205,2786.33,502.22,4966.57
Home Appliances,Bosch,Small Stores / Shops,Customer Appreciation Week,550465.67,202,2725.08,502.07,4936.77
Home Appliances,Bosch,Small Stores / Shops,Cyber Monday Mania,640639.64,233,2749.53,503.20,4976.81
Home Appliances,Bosch,Small Stores / Shops,Deal of the Month,624525.20,230,2715.33,534.60,4934.48
Home Appliances,Bosch,Small Stores / Shops,Double Points Bonanza,594618.29,216,2752.86,503.85,4998.02
Home Appliances,Bosch,Small Stores / Shops,Early Bird Specials,659845.43,237,2784.16,518.12,4994.26
Home Appliances,Bosch,Small Stores / Shops,End of Season Sale,607541.48,229,2653.02,520.64,4986.21
Home Appliances,Bosch,Small Stores / Shops,Exclusive Insider Offers,625032.52,222,2815.46,504.93,4996.02
Home Appliances,Bosch,Small Stores / Shops,Festive Fever Promo,612361.32,225,2721.61,500.98,4991.17
Home Appliances,Bosch,Small Stores / Shops,Final Call Frenzy,627727.73,224,2802.36,529.66,4989.24
Home Appliances,Bosch,Small Stores / Shops,Flash Frenzy Friday,633277.86,232,2729.65,504.30,4968.77
Home Appliances,Bosch,Small Stores / Shops,"Gift More, Spend Less",623683.76,231,2699.93,522.62,4961.67
Home Appliances,Bosch,Small Stores / Shops,Golden Hour Bargains,594650.13,212,2804.95,594.47,4986.82
Home Appliances,Bosch,Small Stores / Shops,Green Weekend Deals,595946.43,225,2648.65,509.17,4996.73
Home Appliances,Bosch,Small Stores / Shops,Happy Hour Discounts,681025.86,242,2814.16,505.19,4969.19
Home Appliances,Bosch,Small Stores / Shops,Holiday Shopping Rush,586221.22,213,2752.21,546.36,4984.77
Home Appliances,Bosch,Small Stores / Shops,Hot Picks Promo,574706.78,219,2624.23,503.76,4988.48
Home Appliances,Bosch,Small Stores / Shops,Instant Gratification Sale,629632.51,232,2713.93,533.45,4906.36
Home Appliances,Bosch,Small Stores / Shops,Limited Time Treasures,627317.20,237,2646.91,503.29,4979.98
Home Appliances,Bosch,Small Stores / Shops,Loyalty Rewards Blast,527537.13,200,2637.69,525.35,4998.12
Home Appliances,Bosch,Small Stores / Shops,Mega Weekend Bonanza,588172.35,223,2637.54,508.82,4995.11
Home Appliances,Bosch,Small Stores / Shops,Mid-Year Madness,649523.03,236,2752.22,536.29,4992.45
Home Appliances,Bosch,Small Stores / Shops,Midnight Madness,551999.61,198,2787.88,502.75,4995.31
Home Appliances,Bosch,Small Stores / Shops,Mystery Discount Days,613806.31,215,2854.91,507.78,4994.86
Home Appliances,Bosch,Small Stores / Shops,New Arrival Showcase,575666.09,218,2640.67,549.51,4971.15
Home Appliances,Bosch,Small Stores / Shops,New Product Launch Promo,617399.70,228,2707.89,506.06,4959.94
Home Appliances,Bosch,Small Stores / Shops,New Year Kickoff,566323.55,210,2696.78,517.81,4985.21
Home Appliances,Bosch,Small Stores / Shops,Price Drop Parade,663928.63,228,2911.97,517.19,4972.07
Home Appliances,Bosch,Small Stores / Shops,Red Tag Clearance,632966.65,237,2670.75,514.93,4980.12
Home Appliances,Bosch,Small Stores / Shops,Seasonal Surprise Box,632472.13,238,2657.45,525.27,4986.66
Home Appliances,Bosch,Small Stores / Shops,Shop & Save Spectacular,569641.38,201,2834.04,516.11,4990.91
Home Appliances,Bosch,Small Stores / Shops,Smart Shopper Week,602393.03,220,2738.15,523.69,4969.81
Home Appliances,Bosch,Small Stores / Shops,Spring Refresh Event,627061.05,236,2657.04,531.94,4978.98
Home Appliances,Bosch,Small Stores / Shops,Spring Splash Discounts,632023.90,228,2772.03,510.27,4961.03
Home Appliances,Bosch,Small Stores / Shops,Summer Sizzle Promo,605820.15,217,2791.80,505.55,4958.74
Home Appliances,Bosch,Small Stores / Shops,Super Savings Week,593168.18,217,2733.49,563.15,4985.30
Home Appliances,Bosch,Small Stores / Shops,Ultimate Value Event,594934.62,222,2679.89,529.40,4998.56
Home Appliances,Bosch,Small Stores / Shops,VIP Access Sale,660066.58,234,2820.80,502.76,4983.36
Home Appliances,Bosch,Small Stores / Shops,Weekend Warrior Specials,583016.91,210,2776.27,525.87,4981.18
Home Appliances,Bosch,Small Stores / Shops,Winter Clearance Carnival,689650.25,236,2922.25,529.90,4982.49
Home Appliances,Bosch,Small Stores / Shops,Winter Wonders Sale,546299.29,210,2601.43,555.56,4997.54
Home Appliances,Bosch,Supermarkets ,12 Days of Deals,566802.01,224,2530.37,509.13,4999.32
Home Appliances,Bosch,Supermarkets ,Autumn Deals Drive,658014.85,242,2719.07,506.50,4992.17
Home Appliances,Bosch,Supermarkets ,BOGO Blitz,589129.46,222,2653.74,504.57,4997.47
Home Appliances,Bosch,Supermarkets ,Back to School Boost,605258.00,218,2776.41,500.13,4975.40
Home Appliances,Bosch,Supermarkets ,Birthday Bash Sale,605064.31,235,2574.74,537.53,4994.42
Home Appliances,Bosch,Supermarkets ,Black Friday Blowout,613613.43,232,2644.89,508.64,4949.22
Home Appliances,Bosch,Supermarkets ,Cart Crasher Campaign,630285.97,224,2813.78,507.03,4984.24
Home Appliances,Bosch,Supermarkets ,Cashback Carnival,590661.93,220,2684.83,519.67,4963.83
Home Appliances,Bosch,Supermarkets ,Clearance Countdown,625480.91,241,2595.36,501.02,4972.08
Home Appliances,Bosch,Supermarkets ,Countdown to Savings,616442.55,220,2802.01,516.55,4927.02
Home Appliances,Bosch,Supermarkets ,Customer Appreciation Week,674457.01,250,2697.83,554.39,4977.70
Home Appliances,Bosch,Supermarkets ,Cyber Monday Mania,643602.43,233,2762.24,502.91,4994.48
Home Appliances,Bosch,Supermarkets ,Deal of the Month,637461.89,229,2783.68,521.81,4986.31
Home Appliances,Bosch,Supermarkets ,Double Points Bonanza,653014.42,245,2665.36,506.58,4993.50
Home Appliances,Bosch,Supermarkets ,Early Bird Specials,656073.17,248,2645.46,511.05,4995.57
Home Appliances,Bosch,Supermarkets ,End of Season Sale,664148.47,242,2744.42,512.22,4999.19
Home Appliances,Bosch,Supermarkets ,Exclusive Insider Offers,596017.21,224,2660.79,530.40,4967.88
Home Appliances,Bosch,Supermarkets ,Festive Fever Promo,678955.77,240,2828.98,530.60,4975.44
Home Appliances,Bosch,Supermarkets ,Final Call Frenzy,765228.55,278,2752.62,516.35,4974.59
Home Appliances,Bosch,Supermarkets ,Flash Frenzy Friday,671437.27,244,2751.79,514.55,4987.57
Home Appliances,Bosch,Supermarkets ,"Gift More, Spend Less",619069.79,225,2751.42,516.65,4945.09
Home Appliances,Bosch,Supermarkets ,Golden Hour Bargains,650726.91,236,2757.32,500.65,4990.85
Home Appliances,Bosch,Supermarkets ,Green Weekend Deals,669606.88,237,2825.35,503.29,4979.72
Home Appliances,Bosch,Supermarkets ,Happy Hour Discounts,604992.54,223,2712.97,510.31,4994.66
Home Appliances,Bosch,Supermarkets ,Holiday Shopping Rush,560609.02,203,2761.62,526.76,4959.80
Home Appliances,Bosch,Supermarkets ,Hot Picks Promo,696862.12,259,2690.59,522.86,4994.98
Home Appliances,Bosch,Supermarkets ,Instant Gratification Sale,643176.52,233,2760.41,508.53,4979.59
Home Appliances,Bosch,Supermarkets ,Limited Time Treasures,694281.40,258,2691.01,515.46,4986.23
Home Appliances,Bosch,Supermarkets ,Loyalty Rewards Blast,641360.58,223,2876.06,502.39,4989.24
Home Appliances,Bosch,Supermarkets ,Mega Weekend Bonanza,578450.88,227,2548.24,558.33,4948.26
Home Appliances,Bosch,Supermarkets ,Mid-Year Madness,668722.76,235,2845.63,504.23,4975.44
Home Appliances,Bosch,Supermarkets ,Midnight Madness,696588.31,244,2854.87,513.93,4994.08
Home Appliances,Bosch,Supermarkets ,Mystery Discount Days,548124.88,207,2647.95,503.19,4975.16
Home Appliances,Bosch,Supermarkets ,New Arrival Showcase,607543.66,223,2724.41,524.04,4998.09
Home Appliances,Bosch,Supermarkets ,New Product Launch Promo,703212.00,255,2757.69,595.03,4968.14
Home Appliances,Bosch,Supermarkets ,New Year Kickoff,552994.45,206,2684.44,500.10,4989.14
Home Appliances,Bosch,Supermarkets ,Price Drop Parade,755391.39,269,2808.15,507.80,4938.36
Home Appliances,Bosch,Supermarkets ,Red Tag Clearance,663119.62,230,2883.13,507.44,4985.87
Home Appliances,Bosch,Supermarkets ,Seasonal Surprise Box,681166.08,240,2838.19,515.74,4998.61
Home Appliances,Bosch,Supermarkets ,Shop & Save Spectacular,604111.27,221,2733.54,541.25,4993.98
Home Appliances,Bosch,Supermarkets ,Smart Shopper Week,636861.17,236,2698.56,539.71,4937.64
Home Appliances,Bosch,Supermarkets ,Spring Refresh Event,599991.81,227,2643.14,516.49,4981.60
Home Appliances,Bosch,Supermarkets ,Spring Splash Discounts,609847.37,219,2784.69,503.39,4999.80
Home Appliances,Bosch,Supermarkets ,Summer Sizzle Promo,673465.39,233,2890.41,518.13,4967.15
Home Appliances,Bosch,Supermarkets ,Super Savings Week,678897.68,251,2704.77,521.53,4938.04
Home Appliances,Bosch,Supermarkets ,Ultimate Value Event,682816.94,243,2809.95,501.78,4973.09
Home Appliances,Bosch,Supermarkets ,VIP Access Sale,647591.44,230,2815.61,500.66,4969.25
Home Appliances,Bosch,Supermarkets ,Weekend Warrior Specials,566285.25,212,2671.16,521.91,4964.82
Home Appliances,Bosch,Supermarkets ,Winter Clearance Carnival,595694.78,209,2850.21,563.43,4991.75
Home Appliances,Bosch,Supermarkets ,Winter Wonders Sale,599541.03,231,2595.42,513.89,4981.12
Home Appliances,Haier,Large Malls / Complexes,12 Days of Deals,635468.60,233,2727.33,544.31,4997.95
Home Appliances,Haier,Large Malls / Complexes,Autumn Deals Drive,579134.18,227,2551.25,501.18,4994.72
Home Appliances,Haier,Large Malls / Complexes,BOGO Blitz,576264.72,209,2757.25,519.12,4991.95
Home Appliances,Haier,Large Malls / Complexes,Back to School Boost,543909.40,187,2908.61,568.42,4991.85
Home Appliances,Haier,Large Malls / Complexes,Birthday Bash Sale,585670.81,220,2662.14,521.13,4992.41
Home Appliances,Haier,Large Malls / Complexes,Black Friday Blowout,588021.14,216,2722.32,536.15,4995.14
Home Appliances,Haier,Large Malls / Complexes,Cart Crasher Campaign,640599.76,230,2785.22,503.85,4998.01
Home Appliances,Haier,Large Malls / Complexes,Cashback Carnival,520558.04,186,2798.70,528.38,4943.14
Home Appliances,Haier,Large Malls / Complexes,Clearance Countdown,569060.38,197,2888.63,548.14,4989.53
Home Appliances,Haier,Large Malls / Complexes,Countdown to Savings,528278.14,202,2615.24,508.15,4957.08
Home Appliances,Haier,Large Malls / Complexes,Customer Appreciation Week,593769.70,231,2570.43,507.64,4988.67
Home Appliances,Haier,Large Malls / Complexes,Cyber Monday Mania,559736.75,198,2826.95,504.93,4983.64
Home Appliances,Haier,Large Malls / Complexes,Deal of the Month,631587.44,220,2870.85,503.83,4997.58
Home Appliances,Haier,Large Malls / Complexes,Double Points Bonanza,528571.21,187,2826.58,522.00,4981.32
Home Appliances,Haier,Large Malls / Complexes,Early Bird Specials,612582.04,221,2771.86,539.88,4985.39
Home Appliances,Haier,Large Malls / Complexes,End of Season Sale,645651.88,233,2771.04,517.57,4960.50
Home Appliances,Haier,Large Malls / Complexes,Exclusive Insider Offers,565365.04,209,2705.10,503.60,4994.72
Home Appliances,Haier,Large Malls / Complexes,Festive Fever Promo,561864.58,204,2754.24,500.36,4996.92
Home Appliances,Haier,Large Malls / Complexes,Final Call Frenzy,640327.96,220,2910.58,548.25,4991.35
Home Appliances,Haier,Large Malls / Complexes,Flash Frenzy Friday,661951.50,230,2878.05,543.84,4996.85
Home Appliances,Haier,Large Malls / Complexes,"Gift More, Spend Less",587945.24,215,2734.63,503.14,4985.21
Home Appliances,Haier,Large Malls / Complexes,Golden Hour Bargains,590406.16,216,2733.36,517.65,4987.44
Home Appliances,Haier,Large Malls / Complexes,Green Weekend Deals,561292.25,212,2647.60,519.11,4961.56
Home Appliances,Haier,Large Malls / Complexes,Happy Hour Discounts,572214.02,221,2589.20,515.80,4992.76
Home Appliances,Haier,Large Malls / Complexes,Holiday Shopping Rush,617207.03,219,2818.30,530.83,4997.27
Home Appliances,Haier,Large Malls / Complexes,Hot Picks Promo,684676.64,240,2852.82,510.42,4976.29
Home Appliances,Haier,Large Malls / Complexes,Instant Gratification Sale,653888.09,239,2735.93,533.81,4989.05
Home Appliances,Haier,Large Malls / Complexes,Limited Time Treasures,515636.69,192,2685.61,510.26,4937.06
Home Appliances,Haier,Large Malls / Complexes,Loyalty Rewards Blast,569385.76,196,2905.03,506.55,4996.51
Home Appliances,Haier,Large Malls / Complexes,Mega Weekend Bonanza,519730.42,181,2871.44,502.05,4992.43
Home Appliances,Haier,Large Malls / Complexes,Mid-Year Madness,497948.05,183,2721.03,500.33,4964.01
Home Appliances,Haier,Large Malls / Complexes,Midnight Madness,517974.60,195,2656.28,549.61,4969.72
Home Appliances,Haier,Large Malls / Complexes,Mystery Discount Days,526739.15,194,2715.15,502.59,4984.97
Home Appliances,Haier,Large Malls / Complexes,New Arrival Showcase,495705.38,185,2679.49,501.45,4996.75
Home Appliances,Haier,Large Malls / Complexes,New Product Launch Promo,613085.57,229,2677.23,506.98,4997.06
Home Appliances,Haier,Large Malls / Complexes,New Year Kickoff,565666.33,197,2871.40,531.77,4983.53
Home Appliances,Haier,Large Malls / Complexes,Price Drop Parade,550335.21,210,2620.64,512.13,4987.17
Home Appliances,Haier,Large Malls / Complexes,Red Tag Clearance,578428.04,208,2780.90,577.01,4978.69
Home Appliances,Haier,Large Malls / Complexes,Seasonal Surprise Box,643512.00,228,2822.42,535.25,4978.47
Home Appliances,Haier,Large Malls / Complexes,Shop & Save Spectacular,566455.44,200,2832.28,509.98,4951.29
Home Appliances,Haier,Large Malls / Complexes,Smart Shopper Week,608699.24,220,2766.81,524.75,4984.94
Home Appliances,Haier,Large Malls / Complexes,Spring Refresh Event,554226.09,204,2716.79,519.51,4981.42
Home Appliances,Haier,Large Malls / Complexes,Spring Splash Discounts,582815.69,214,2723.44,504.57,4998.92
Home Appliances,Haier,Large Malls / Complexes,Summer Sizzle Promo,538722.66,204,2640.80,521.10,4994.55
Home Appliances,Haier,Large Malls / Complexes,Super Savings Week,539304.53,199,2710.07,506.61,4974.82
Home Appliances,Haier,Large Malls / Complexes,Ultimate Value Event,565311.55,202,2798.57,523.68,4997.27
Home Appliances,Haier,Large Malls / Complexes,VIP Access Sale,561441.43,203,2765.72,501.55,4958.50
Home Appliances,Haier,Large Malls / Complexes,Weekend Warrior Specials,552255.56,198,2789.17,553.20,4995.52
Home Appliances,Haier,Large Malls / Complexes,Winter Clearance Carnival,518717.68,182,2850.10,529.13,4987.30
Home Appliances,Haier,Large Malls / Complexes,Winter Wonders Sale,586800.48,209,2807.66,500.27,4969.24
Home Appliances,Haier,Small Stores / Shops,12 Days of Deals,637591.19,220,2898.14,509.06,4997.95
Home Appliances,Haier,Small Stores / Shops,Autumn Deals Drive,570817.06,217,2630.49,511.42,4993.37
Home Appliances,Haier,Small Stores / Shops,BOGO Blitz,652858.39,233,2801.97,502.46,4989.32
Home Appliances,Haier,Small Stores / Shops,Back to School Boost,645733.93,232,2783.34,512.31,4979.01
Home Appliances,Haier,Small Stores / Shops,Birthday Bash Sale,648675.47,229,2832.64,509.48,4985.65
Home Appliances,Haier,Small Stores / Shops,Black Friday Blowout,619275.94,227,2728.09,520.99,4992.55
Home Appliances,Haier,Small Stores / Shops,Cart Crasher Campaign,585599.17,212,2762.26,510.58,4998.05
Home Appliances,Haier,Small Stores / Shops,Cashback Carnival,649775.47,244,2663.01,505.90,4981.65
Home Appliances,Haier,Small Stores / Shops,Clearance Countdown,584296.95,211,2769.18,525.75,4982.97
Home Appliances,Haier,Small Stores / Shops,Countdown to Savings,639665.14,225,2842.96,529.42,4996.58
Home Appliances,Haier,Small Stores / Shops,Customer Appreciation Week,693148.37,243,2852.46,511.28,4984.13
Home Appliances,Haier,Small Stores / Shops,Cyber Monday Mania,589523.08,217,2716.70,504.75,4953.91
Home Appliances,Haier,Small Stores / Shops,Deal of the Month,615794.93,224,2749.08,522.64,4981.03
Home Appliances,Haier,Small Stores / Shops,Double Points Bonanza,615772.06,229,2688.96,524.63,4957.34
Home Appliances,Haier,Small Stores / Shops,Early Bird Specials,741992.48,260,2853.82,503.37,4999.06
Home Appliances,Haier,Small Stores / Shops,End of Season Sale,635691.38,233,2728.29,521.89,4983.83
Home Appliances,Haier,Small Stores / Shops,Exclusive Insider Offers,619889.06,217,2856.63,502.55,4997.98
Home Appliances,Haier,Small Stores / Shops,Festive Fever Promo,662415.71,249,2660.30,526.33,4995.04
Home Appliances,Haier,Small Stores / Shops,Final Call Frenzy,598824.84,230,2603.59,516.79,4980.67
Home Appliances,Haier,Small Stores / Shops,Flash Frenzy Friday,659892.96,244,2704.48,506.15,4990.20
Home Appliances,Haier,Small Stores / Shops,"Gift More, Spend Less",543277.79,199,2730.04,506.35,4959.32
Home Appliances,Haier,Small Stores / Shops,Golden Hour Bargains,598306.41,222,2695.07,500.66,4982.47
Home Appliances,Haier,Small Stores / Shops,Green Weekend Deals,604542.74,225,2686.86,522.58,4995.08
Home Appliances,Haier,Small Stores / Shops,Happy Hour Discounts,629514.22,231,2725.17,505.53,4959.20
Home Appliances,Haier,Small Stores / Shops,Holiday Shopping Rush,585891.35,213,2750.66,501.74,4953.16
Home Appliances,Haier,Small Stores / Shops,Hot Picks Promo,642599.39,244,2633.60,500.05,4991.08
Home Appliances,Haier,Small Stores / Shops,Instant Gratification Sale,621262.58,223,2785.93,524.80,4997.94
Home Appliances,Haier,Small Stores / Shops,Limited Time Treasures,618991.40,243,2547.29,521.74,4950.85
Home Appliances,Haier,Small Stores / Shops,Loyalty Rewards Blast,673381.88,256,2630.40,502.48,4978.70
Home Appliances,Haier,Small Stores / Shops,Mega Weekend Bonanza,603791.54,220,2744.51,543.54,4891.57
Home Appliances,Haier,Small Stores / Shops,Mid-Year Madness,573504.55,220,2606.84,522.13,4993.47
Home Appliances,Haier,Small Stores / Shops,Midnight Madness,621519.62,228,2725.96,551.99,4979.63
Home Appliances,Haier,Small Stores / Shops,Mystery Discount Days,620139.01,217,2857.78,546.18,4993.56
Home Appliances,Haier,Small Stores / Shops,New Arrival Showcase,596010.81,227,2625.60,509.40,4992.52
Home Appliances,Haier,Small Stores / Shops,New Product Launch Promo,611262.50,227,2692.79,505.85,4932.75
Home Appliances,Haier,Small Stores / Shops,New Year Kickoff,620706.78,228,2722.40,502.92,4981.44
Home Appliances,Haier,Small Stores / Shops,Price Drop Parade,656865.72,244,2692.07,513.99,4962.37
Home Appliances,Haier,Small Stores / Shops,Red Tag Clearance,568755.15,202,2815.62,563.68,4945.28
Home Appliances,Haier,Small Stores / Shops,Seasonal Surprise Box,623054.40,227,2744.73,538.98,4989.16
Home Appliances,Haier,Small Stores / Shops,Shop & Save Spectacular,646629.34,238,2716.93,532.46,4915.42
Home Appliances,Haier,Small Stores / Shops,Smart Shopper Week,633519.62,232,2730.69,531.87,4992.18
Home Appliances,Haier,Small Stores / Shops,Spring Refresh Event,593819.83,213,2787.89,546.26,4983.41
Home Appliances,Haier,Small Stores / Shops,Spring Splash Discounts,659133.87,242,2723.69,530.62,4958.99
Home Appliances,Haier,Small Stores / Shops,Summer Sizzle Promo,595642.41,211,2822.95,500.57,4966.73
Home Appliances,Haier,Small Stores / Shops,Super Savings Week,490271.93,185,2650.12,501.03,4921.53
Home Appliances,Haier,Small Stores / Shops,Ultimate Value Event,683788.41,246,2779.63,529.92,4995.13
Home Appliances,Haier,Small Stores / Shops,VIP Access Sale,648260.41,230,2818.52,511.25,4959.01
Home Appliances,Haier,Small Stores / Shops,Weekend Warrior Specials,581992.36,221,2633.45,536.36,4993.77
Home Appliances,Haier,Small Stores / Shops,Winter Clearance Carnival,659283.94,237,2781.79,505.24,4962.29
Home Appliances,Haier,Small Stores / Shops,Winter Wonders Sale,612320.63,231,2650.74,538.75,4985.21
Home Appliances,Haier,Supermarkets ,12 Days of Deals,581011.72,209,2779.96,521.59,4993.02
Home Appliances,Haier,Supermarkets ,Autumn Deals Drive,678209.62,252,2691.31,509.50,4997.36
Home Appliances,Haier,Supermarkets ,BOGO Blitz,662097.41,239,2770.28,517.62,4993.38
Home Appliances,Haier,Supermarkets ,Back to School Boost,613578.35,221,2776.37,515.76,4995.75
Home Appliances,Haier,Supermarkets ,Birthday Bash Sale,666426.49,248,2687.20,503.22,4982.93
Home Appliances,Haier,Supermarkets ,Black Friday Blowout,582501.85,210,2773.82,519.94,4999.91
Home Appliances,Haier,Supermarkets ,Cart Crasher Campaign,630949.34,224,2816.74,526.02,4922.09
Home Appliances,Haier,Supermarkets ,Cashback Carnival,660240.87,240,2751.00,511.57,4985.94
Home Appliances,Haier,Supermarkets ,Clearance Countdown,624584.34,231,2703.83,522.18,4968.65
Home Appliances,Haier,Supermarkets ,Countdown to Savings,658039.56,248,2653.39,500.39,4985.35
Home Appliances,Haier,Supermarkets ,Customer Appreciation Week,596723.60,213,2801.52,571.98,4983.05
Home Appliances,Haier,Supermarkets ,Cyber Monday Mania,578273.37,216,2677.19,516.56,4983.21
Home Appliances,Haier,Supermarkets ,Deal of the Month,583397.37,206,2832.03,501.47,4987.09
Home Appliances,Haier,Supermarkets ,Double Points Bonanza,690697.10,250,2762.79,551.95,4989.32
Home Appliances,Haier,Supermarkets ,Early Bird Specials,700008.05,256,2734.41,506.07,4978.25
Home Appliances,Haier,Supermarkets ,End of Season Sale,687408.85,240,2864.20,512.52,4967.47
Home Appliances,Haier,Supermarkets ,Exclusive Insider Offers,575073.23,209,2751.55,583.69,4998.93
Home Appliances,Haier,Supermarkets ,Festive Fever Promo,675116.80,243,2778.26,527.52,4992.11
Home Appliances,Haier,Supermarkets ,Final Call Frenzy,678064.24,233,2910.15,510.19,4974.85
Home Appliances,Haier,Supermarkets ,Flash Frenzy Friday,665909.13,232,2870.30,550.66,4989.70
Home Appliances,Haier,Supermarkets ,"Gift More, Spend Less",651397.38,233,2795.70,531.27,4998.06
Home Appliances,Haier,Supermarkets ,Golden Hour Bargains,594564.55,221,2690.34,569.18,4992.15
Home Appliances,Haier,Supermarkets ,Green Weekend Deals,695497.90,237,2934.59,516.25,4937.62
Home Appliances,Haier,Supermarkets ,Happy Hour Discounts,647223.65,243,2663.47,501.43,4987.44
Home Appliances,Haier,Supermarkets ,Holiday Shopping Rush,650652.15,243,2677.58,501.91,4991.90
Home Appliances,Haier,Supermarkets ,Hot Picks Promo,632980.46,230,2752.09,543.91,4967.12
Home Appliances,Haier,Supermarkets ,Instant Gratification Sale,570464.59,218,2616.81,517.08,4930.06
Home Appliances,Haier,Supermarkets ,Limited Time Treasures,549287.74,196,2802.49,513.33,4970.34
Home Appliances,Haier,Supermarkets ,Loyalty Rewards Blast,701149.46,264,2655.87,510.03,4968.57
Home Appliances,Haier,Supermarkets ,Mega Weekend Bonanza,603322.55,215,2806.15,537.24,4979.67
Home Appliances,Haier,Supermarkets ,Mid-Year Madness,673657.34,240,2806.91,507.69,4973.44
Home Appliances,Haier,Supermarkets ,Midnight Madness,690099.00,244,2828.27,555.03,4967.30
Home Appliances,Haier,Supermarkets ,Mystery Discount Days,651948.43,233,2798.06,517.17,4954.74
Home Appliances,Haier,Supermarkets ,New Arrival Showcase,702549.37,262,2681.49,520.07,4967.70
Home Appliances,Haier,Supermarkets ,New Product Launch Promo,678550.99,245,2769.60,522.06,4977.38
Home Appliances,Haier,Supermarkets ,New Year Kickoff,599265.86,221,2711.61,532.99,4984.54
Home Appliances,Haier,Supermarkets ,Price Drop Parade,572062.16,215,2660.75,512.15,4950.05
Home Appliances,Haier,Supermarkets ,Red Tag Clearance,565638.83,221,2559.45,534.32,4996.14
Home Appliances,Haier,Supermarkets ,Seasonal Surprise Box,707624.03,243,2912.03,515.41,4998.82
Home Appliances,Haier,Supermarkets ,Shop & Save Spectacular,612383.12,227,2697.72,520.17,4920.81
Home Appliances,Haier,Supermarkets ,Smart Shopper Week,607250.87,222,2735.36,533.81,4961.09
Home Appliances,Haier,Supermarkets ,Spring Refresh Event,622940.97,216,2883.99,527.46,4979.37
Home Appliances,Haier,Supermarkets ,Spring Splash Discounts,707509.76,259,2731.70,568.33,4981.78
Home Appliances,Haier,Supermarkets ,Summer Sizzle Promo,615892.94,220,2799.51,505.80,4986.22
Home Appliances,Haier,Supermarkets ,Super Savings Week,557714.68,208,2681.32,500.00,4925.12
Home Appliances,Haier,Supermarkets ,Ultimate Value Event,547439.64,215,2546.23,560.94,4999.84
Home Appliances,Haier,Supermarkets ,VIP Access Sale,599233.97,231,2594.09,500.69,4994.82
Home Appliances,Haier,Supermarkets ,Weekend Warrior Specials,659535.46,240,2748.06,518.68,4989.10
Home Appliances,Haier,Supermarkets ,Winter Clearance Carnival,720918.39,253,2849.48,541.29,4998.49
Home Appliances,Haier,Supermarkets ,Winter Wonders Sale,651917.38,248,2628.70,507.20,4875.22
Home Appliances,LG,Large Malls / Complexes,12 Days of Deals,626407.20,223,2809.00,579.74,4990.03
Home Appliances,LG,Large Malls / Complexes,Autumn Deals Drive,621880.93,223,2788.70,509.65,4978.61
Home Appliances,LG,Large Malls / Complexes,BOGO Blitz,604939.15,213,2840.09,521.72,4907.59
Home Appliances,LG,Large Malls / Complexes,Back to School Boost,640706.72,230,2785.68,585.29,4997.76
Home Appliances,LG,Large Malls / Complexes,Birthday Bash Sale,615153.54,230,2674.58,517.97,4962.81
Home Appliances,LG,Large Malls / Complexes,Black Friday Blowout,603094.08,213,2831.43,511.75,4986.53
Home Appliances,LG,Large Malls / Complexes,Cart Crasher Campaign,567549.03,211,2689.81,528.91,4986.92
Home Appliances,LG,Large Malls / Complexes,Cashback Carnival,582489.10,206,2827.62,511.18,4947.06
Home Appliances,LG,Large Malls / Complexes,Clearance Countdown,652040.39,239,2728.20,511.35,4989.20
Home Appliances,LG,Large Malls / Complexes,Countdown to Savings,614177.63,225,2729.68,554.62,4998.03
Home Appliances,LG,Large Malls / Complexes,Customer Appreciation Week,585064.99,214,2733.95,502.70,4996.86
Home Appliances,LG,Large Malls / Complexes,Cyber Monday Mania,555862.15,207,2685.32,511.94,4958.99
Home Appliances,LG,Large Malls / Complexes,Deal of the Month,561712.99,204,2753.50,502.44,4996.40
Home Appliances,LG,Large Malls / Complexes,Double Points Bonanza,583526.71,212,2752.48,533.88,4996.08
Home Appliances,LG,Large Malls / Complexes,Early Bird Specials,618679.39,226,2737.52,500.92,4965.53
Home Appliances,LG,Large Malls / Complexes,End of Season Sale,633724.20,222,2854.61,509.35,4991.36
Home Appliances,LG,Large Malls / Complexes,Exclusive Insider Offers,579039.37,219,2644.02,511.95,4972.04
Home Appliances,LG,Large Malls / Complexes,Festive Fever Promo,560911.01,198,2832.88,585.44,4993.32
Home Appliances,LG,Large Malls / Complexes,Final Call Frenzy,616898.46,230,2682.17,521.75,4999.75
Home Appliances,LG,Large Malls / Complexes,Flash Frenzy Friday,611999.94,225,2720.00,508.78,4998.72
Home Appliances,LG,Large Malls / Complexes,"Gift More, Spend Less",577624.36,198,2917.29,516.81,4987.76
Home Appliances,LG,Large Malls / Complexes,Golden Hour Bargains,637258.59,235,2711.74,537.86,4993.31
Home Appliances,LG,Large Malls / Complexes,Green Weekend Deals,612485.90,228,2686.34,502.66,4985.76
Home Appliances,LG,Large Malls / Complexes,Happy Hour Discounts,600212.30,206,2913.65,580.40,4985.88
Home Appliances,LG,Large Malls / Complexes,Holiday Shopping Rush,588365.41,220,2674.39,511.58,4987.27
Home Appliances,LG,Large Malls / Complexes,Hot Picks Promo,651008.63,235,2770.25,501.49,4991.00
Home Appliances,LG,Large Malls / Complexes,Instant Gratification Sale,526050.45,193,2725.65,504.58,4936.17
Home Appliances,LG,Large Malls / Complexes,Limited Time Treasures,589174.51,214,2753.15,507.19,4984.03
Home Appliances,LG,Large Malls / Complexes,Loyalty Rewards Blast,538225.77,207,2600.12,507.95,4980.61
Home Appliances,LG,Large Malls / Complexes,Mega Weekend Bonanza,574357.83,215,2671.43,503.23,4998.42
Home Appliances,LG,Large Malls / Complexes,Mid-Year Madness,574045.49,208,2759.83,510.03,4960.52
Home Appliances,LG,Large Malls / Complexes,Midnight Madness,476035.46,186,2559.33,573.39,4967.49
Home Appliances,LG,Large Malls / Complexes,Mystery Discount Days,562609.26,218,2580.78,506.37,4994.98
Home Appliances,LG,Large Malls / Complexes,New Arrival Showcase,562101.98,200,2810.51,516.09,4985.41
Home Appliances,LG,Large Malls / Complexes,New Product Launch Promo,611188.25,217,2816.54,515.90,4999.48
Home Appliances,LG,Large Malls / Complexes,New Year Kickoff,612027.27,210,2914.42,544.53,4994.13
Home Appliances,LG,Large Malls / Complexes,Price Drop Parade,582041.27,212,2745.48,518.40,4972.63
Home Appliances,LG,Large Malls / Complexes,Red Tag Clearance,620418.95,227,2733.12,603.44,4992.58
Home Appliances,LG,Large Malls / Complexes,Seasonal Surprise Box,547287.61,198,2764.08,516.69,4998.13
Home Appliances,LG,Large Malls / Complexes,Shop & Save Spectacular,649012.91,233,2785.46,525.52,4989.59
Home Appliances,LG,Large Malls / Complexes,Smart Shopper Week,588277.44,195,3016.81,532.15,4999.46
Home Appliances,LG,Large Malls / Complexes,Spring Refresh Event,608002.86,216,2814.83,506.82,4987.43
Home Appliances,LG,Large Malls / Complexes,Spring Splash Discounts,577558.56,204,2831.17,505.95,4996.52
Home Appliances,LG,Large Malls / Complexes,Summer Sizzle Promo,619472.27,219,2828.64,512.86,4984.22
Home Appliances,LG,Large Malls / Complexes,Super Savings Week,605905.34,222,2729.30,500.28,4996.22
Home Appliances,LG,Large Malls / Complexes,Ultimate Value Event,656616.64,237,2770.53,520.63,4999.91
Home Appliances,LG,Large Malls / Complexes,VIP Access Sale,536470.62,203,2642.71,500.93,4994.22
Home Appliances,LG,Large Malls / Complexes,Weekend Warrior Specials,597136.67,214,2790.36,532.62,4995.14
Home Appliances,LG,Large Malls / Complexes,Winter Clearance Carnival,576138.27,222,2595.22,519.01,4971.10
Home Appliances,LG,Large Malls / Complexes,Winter Wonders Sale,621857.91,221,2813.84,514.98,4968.07
Home Appliances,LG,Small Stores / Shops,12 Days of Deals,645165.92,230,2805.07,540.30,4994.82
Home Appliances,LG,Small Stores / Shops,Autumn Deals Drive,553547.99,213,2598.82,535.89,4941.56
Home Appliances,LG,Small Stores / Shops,BOGO Blitz,564470.70,202,2794.41,502.79,4992.34
Home Appliances,LG,Small Stores / Shops,Back to School Boost,543471.40,203,2677.20,528.47,4988.70
Home Appliances,LG,Small Stores / Shops,Birthday Bash Sale,603498.72,208,2901.44,505.08,4990.75
Home Appliances,LG,Small Stores / Shops,Black Friday Blowout,643143.83,238,2702.28,516.25,4925.33
Home Appliances,LG,Small Stores / Shops,Cart Crasher Campaign,595162.92,213,2794.19,512.18,4979.81
Home Appliances,LG,Small Stores / Shops,Cashback Carnival,559862.90,207,2704.65,500.98,4990.80
Home Appliances,LG,Small Stores / Shops,Clearance Countdown,610293.51,223,2736.74,550.55,4972.86
Home Appliances,LG,Small Stores / Shops,Countdown to Savings,589911.13,224,2633.53,544.57,4998.01
Home Appliances,LG,Small Stores / Shops,Customer Appreciation Week,693705.47,254,2731.12,508.83,4971.85
Home Appliances,LG,Small Stores / Shops,Cyber Monday Mania,707241.43,252,2806.51,502.61,4998.54
Home Appliances,LG,Small Stores / Shops,Deal of the Month,562676.56,214,2629.33,522.24,4979.57
Home Appliances,LG,Small Stores / Shops,Double Points Bonanza,605073.81,227,2665.52,531.91,4966.04
Home Appliances,LG,Small Stores / Shops,Early Bird Specials,591239.36,209,2828.90,531.48,4991.59
Home Appliances,LG,Small Stores / Shops,End of Season Sale,657041.86,238,2760.68,596.47,4941.64
Home Appliances,LG,Small Stores / Shops,Exclusive Insider Offers,646748.86,231,2799.78,530.03,4988.90
Home Appliances,LG,Small Stores / Shops,Festive Fever Promo,639542.88,239,2675.91,502.80,4988.71
Home Appliances,LG,Small Stores / Shops,Final Call Frenzy,549766.38,198,2776.60,507.00,4954.81
Home Appliances,LG,Small Stores / Shops,Flash Frenzy Friday,627371.64,231,2715.89,503.50,4983.45
Home Appliances,LG,Small Stores / Shops,"Gift More, Spend Less",645778.58,239,2702.00,516.96,4971.08
Home Appliances,LG,Small Stores / Shops,Golden Hour Bargains,606157.32,221,2742.79,544.19,4997.61
Home Appliances,LG,Small Stores / Shops,Green Weekend Deals,590954.11,218,2710.80,503.35,4977.95
Home Appliances,LG,Small Stores / Shops,Happy Hour Discounts,575866.19,210,2742.22,503.25,4951.04
Home Appliances,LG,Small Stores / Shops,Holiday Shopping Rush,586785.46,214,2741.99,564.19,4969.84
Home Appliances,LG,Small Stores / Shops,Hot Picks Promo,573690.58,208,2758.13,556.98,4990.18
Home Appliances,LG,Small Stores / Shops,Instant Gratification Sale,657569.24,245,2683.96,507.74,4990.00
Home Appliances,LG,Small Stores / Shops,Limited Time Treasures,634065.77,223,2843.34,529.94,4994.16
Home Appliances,LG,Small Stores / Shops,Loyalty Rewards Blast,633649.90,224,2828.79,523.69,4998.29
Home Appliances,LG,Small Stores / Shops,Mega Weekend Bonanza,665548.26,244,2727.66,525.48,4992.00
Home Appliances,LG,Small Stores / Shops,Mid-Year Madness,597787.30,225,2656.83,509.20,4997.94
Home Appliances,LG,Small Stores / Shops,Midnight Madness,638617.94,237,2694.59,506.51,4998.30
Home Appliances,LG,Small Stores / Shops,Mystery Discount Days,718567.37,255,2817.91,504.42,4992.26
Home Appliances,LG,Small Stores / Shops,New Arrival Showcase,641024.72,222,2887.50,512.30,4990.42
Home Appliances,LG,Small Stores / Shops,New Product Launch Promo,583041.02,224,2602.86,502.45,4993.94
Home Appliances,LG,Small Stores / Shops,New Year Kickoff,597644.61,226,2644.45,532.88,4977.78
Home Appliances,LG,Small Stores / Shops,Price Drop Parade,600408.67,218,2754.17,537.50,4963.69
Home Appliances,LG,Small Stores / Shops,Red Tag Clearance,596078.26,217,2746.90,513.32,4968.04
Home Appliances,LG,Small Stores / Shops,Seasonal Surprise Box,652277.86,235,2775.65,503.22,4990.01
Home Appliances,LG,Small Stores / Shops,Shop & Save Spectacular,618465.01,224,2761.00,564.97,4962.63
Home Appliances,LG,Small Stores / Shops,Smart Shopper Week,649929.85,234,2777.48,502.77,4980.18
Home Appliances,LG,Small Stores / Shops,Spring Refresh Event,630443.56,227,2777.28,511.23,4978.31
Home Appliances,LG,Small Stores / Shops,Spring Splash Discounts,636256.49,233,2730.71,510.15,4977.74
Home Appliances,LG,Small Stores / Shops,Summer Sizzle Promo,544144.09,204,2667.37,513.01,4994.68
Home Appliances,LG,Small Stores / Shops,Super Savings Week,612180.06,235,2605.02,502.82,4977.16
Home Appliances,LG,Small Stores / Shops,Ultimate Value Event,598626.03,221,2708.72,530.32,4979.82
Home Appliances,LG,Small Stores / Shops,VIP Access Sale,587333.74,207,2837.36,508.55,4999.15
Home Appliances,LG,Small Stores / Shops,Weekend Warrior Specials,539547.86,200,2697.74,530.49,4982.38
Home Appliances,LG,Small Stores / Shops,Winter Clearance Carnival,616144.19,228,2702.39,535.73,4993.03
Home Appliances,LG,Small Stores / Shops,Winter Wonders Sale,605649.86,224,2703.79,533.02,4995.52
Home Appliances,LG,Supermarkets ,12 Days of Deals,666989.13,237,2814.30,523.09,4991.58
Home Appliances,LG,Supermarkets ,Autumn Deals Drive,696571.73,253,2753.25,568.53,4989.91
Home Appliances,LG,Supermarkets ,BOGO Blitz,614041.15,234,2624.11,564.16,4997.96
Home Appliances,LG,Supermarkets ,Back to School Boost,612112.55,225,2720.50,505.89,4966.71
Home Appliances,LG,Supermarkets ,Birthday Bash Sale,560597.69,208,2695.18,530.92,4913.66
Home Appliances,LG,Supermarkets ,Black Friday Blowout,622970.50,219,2844.61,577.42,4917.64
Home Appliances,LG,Supermarkets ,Cart Crasher Campaign,649237.08,234,2774.52,509.43,4980.94
Home Appliances,LG,Supermarkets ,Cashback Carnival,665037.43,243,2736.78,510.00,4981.14
Home Appliances,LG,Supermarkets ,Clearance Countdown,622128.72,228,2728.63,510.91,4979.48
Home Appliances,LG,Supermarkets ,Countdown to Savings,674386.00,249,2708.38,509.56,4974.02
Home Appliances,LG,Supermarkets ,Customer Appreciation Week,558056.61,201,2776.40,533.46,4999.25
Home Appliances,LG,Supermarkets ,Cyber Monday Mania,555938.41,199,2793.66,518.85,4977.76
Home Appliances,LG,Supermarkets ,Deal of the Month,677094.23,240,2821.23,546.03,4992.33
Home Appliances,LG,Supermarkets ,Double Points Bonanza,606508.06,231,2625.58,521.21,4996.88
Home Appliances,LG,Supermarkets ,Early Bird Specials,607006.09,226,2685.87,553.52,4994.19
Home Appliances,LG,Supermarkets ,End of Season Sale,660312.91,245,2695.15,557.40,4953.07
Home Appliances,LG,Supermarkets ,Exclusive Insider Offers,614996.47,228,2697.35,513.19,4986.40
Home Appliances,LG,Supermarkets ,Festive Fever Promo,593751.84,213,2787.57,594.33,4989.90
Home Appliances,LG,Supermarkets ,Final Call Frenzy,589403.96,214,2754.22,516.93,4958.29
Home Appliances,LG,Supermarkets ,Flash Frenzy Friday,632949.42,229,2763.97,512.08,4997.21
Home Appliances,LG,Supermarkets ,"Gift More, Spend Less",625374.71,235,2661.17,503.59,4986.38
Home Appliances,LG,Supermarkets ,Golden Hour Bargains,603356.40,221,2730.12,517.84,4982.43
Home Appliances,LG,Supermarkets ,Green Weekend Deals,642471.50,241,2665.86,514.12,4986.31
Home Appliances,LG,Supermarkets ,Happy Hour Discounts,581861.33,214,2718.98,522.09,4989.69
Home Appliances,LG,Supermarkets ,Holiday Shopping Rush,725698.05,260,2791.15,501.38,4994.25
Home Appliances,LG,Supermarkets ,Hot Picks Promo,661457.25,230,2875.90,502.00,4997.89
Home Appliances,LG,Supermarkets ,Instant Gratification Sale,616270.11,222,2775.99,531.09,4962.08
Home Appliances,LG,Supermarkets ,Limited Time Treasures,579464.99,216,2682.71,538.72,4938.51
Home Appliances,LG,Supermarkets ,Loyalty Rewards Blast,619997.21,224,2767.84,503.07,4991.63
Home Appliances,LG,Supermarkets ,Mega Weekend Bonanza,621155.73,229,2712.47,525.07,4967.35
Home Appliances,LG,Supermarkets ,Mid-Year Madness,645847.29,223,2896.18,558.17,4984.17
Home Appliances,LG,Supermarkets ,Midnight Madness,613881.08,220,2790.37,500.72,4930.92
Home Appliances,LG,Supermarkets ,Mystery Discount Days,645329.95,231,2793.64,508.32,4998.62
Home Appliances,LG,Supermarkets ,New Arrival Showcase,627078.78,229,2738.34,504.80,4993.31
Home Appliances,LG,Supermarkets ,New Product Launch Promo,578838.03,207,2796.32,506.25,4959.37
Home Appliances,LG,Supermarkets ,New Year Kickoff,624995.63,232,2693.95,505.19,4958.68
Home Appliances,LG,Supermarkets ,Price Drop Parade,571263.68,207,2759.73,523.98,4971.92
Home Appliances,LG,Supermarkets ,Red Tag Clearance,699587.98,240,2914.95,524.81,4959.62
Home Appliances,LG,Supermarkets ,Seasonal Surprise Box,651512.09,240,2714.63,528.01,4989.51
Home Appliances,LG,Supermarkets ,Shop & Save Spectacular,642512.25,223,2881.22,517.55,4961.48
Home Appliances,LG,Supermarkets ,Smart Shopper Week,603698.54,221,2731.67,509.77,4964.62
Home Appliances,LG,Supermarkets ,Spring Refresh Event,669822.58,240,2790.93,526.45,4982.69
Home Appliances,LG,Supermarkets ,Spring Splash Discounts,672618.68,234,2874.44,526.24,4993.76
Home Appliances,LG,Supermarkets ,Summer Sizzle Promo,648871.26,242,2681.29,510.56,4973.57
Home Appliances,LG,Supermarkets ,Super Savings Week,645042.44,223,2892.57,500.36,4973.71
Home Appliances,LG,Supermarkets ,Ultimate Value Event,622973.56,233,2673.71,510.45,4979.01
Home Appliances,LG,Supermarkets ,VIP Access Sale,600011.50,222,2702.75,506.41,4963.20
Home Appliances,LG,Supermarkets ,Weekend Warrior Specials,591134.92,213,2775.28,507.56,4999.43
Home Appliances,LG,Supermarkets ,Winter Clearance Carnival,639828.97,232,2757.88,527.13,4968.49
Home Appliances,LG,Supermarkets ,Winter Wonders Sale,652451.63,237,2752.96,523.99,4989.27
Home Appliances,Samsung,Large Malls / Complexes,12 Days of Deals,585486.92,218,2685.72,516.24,4957.19
Home Appliances,Samsung,Large Malls / Complexes,Autumn Deals Drive,594132.45,211,2815.79,523.11,4990.98
Home Appliances,Samsung,Large Malls / Complexes,BOGO Blitz,604974.85,213,2840.26,559.08,4982.65
Home Appliances,Samsung,Large Malls / Complexes,Back to School Boost,647706.68,236,2744.52,522.15,4992.15
Home Appliances,Samsung,Large Malls / Complexes,Birthday Bash Sale,550811.03,203,2713.35,509.03,4980.60
Home Appliances,Samsung,Large Malls / Complexes,Black Friday Blowout,601116.33,213,2822.14,503.07,4974.73
Home Appliances,Samsung,Large Malls / Complexes,Cart Crasher Campaign,653695.20,230,2842.15,519.43,4961.08
Home Appliances,Samsung,Large Malls / Complexes,Cashback Carnival,583261.96,212,2751.24,515.62,4997.90
Home Appliances,Samsung,Large Malls / Complexes,Clearance Countdown,612841.57,215,2850.43,515.09,4961.69
Home Appliances,Samsung,Large Malls / Complexes,Countdown to Savings,578762.68,202,2865.16,504.79,4994.73
Home Appliances,Samsung,Large Malls / Complexes,Customer Appreciation Week,536011.25,191,2806.34,526.72,4977.06
Home Appliances,Samsung,Large Malls / Complexes,Cyber Monday Mania,576721.38,216,2670.01,511.18,4995.39
Home Appliances,Samsung,Large Malls / Complexes,Deal of the Month,626194.90,216,2899.05,500.90,4999.41
Home Appliances,Samsung,Large Malls / Complexes,Double Points Bonanza,589881.54,217,2718.35,532.58,4979.42
Home Appliances,Samsung,Large Malls / Complexes,Early Bird Specials,543947.49,199,2733.40,505.94,4993.64
Home Appliances,Samsung,Large Malls / Complexes,End of Season Sale,580905.15,208,2792.81,548.54,4973.08
Home Appliances,Samsung,Large Malls / Complexes,Exclusive Insider Offers,600931.88,220,2731.51,530.46,4999.90
Home Appliances,Samsung,Large Malls / Complexes,Festive Fever Promo,532404.79,202,2635.67,508.07,4956.36
Home Appliances,Samsung,Large Malls / Complexes,Final Call Frenzy,621215.86,232,2677.65,520.49,4997.52
Home Appliances,Samsung,Large Malls / Complexes,Flash Frenzy Friday,627008.65,218,2876.19,500.13,4995.77
Home Appliances,Samsung,Large Malls / Complexes,"Gift More, Spend Less",566493.15,211,2684.80,506.87,4993.57
Home Appliances,Samsung,Large Malls / Complexes,Golden Hour Bargains,615342.40,216,2848.81,538.84,4995.77
Home Appliances,Samsung,Large Malls / Complexes,Green Weekend Deals,564661.40,206,2741.07,513.98,4997.84
Home Appliances,Samsung,Large Malls / Complexes,Happy Hour Discounts,666719.79,237,2813.16,510.48,4977.03
Home Appliances,Samsung,Large Malls / Complexes,Holiday Shopping Rush,580038.53,208,2788.65,557.64,4975.47
Home Appliances,Samsung,Large Malls / Complexes,Hot Picks Promo,644842.72,232,2779.49,529.55,4947.67
Home Appliances,Samsung,Large Malls / Complexes,Instant Gratification Sale,585717.36,216,2711.65,501.53,4986.07
Home Appliances,Samsung,Large Malls / Complexes,Limited Time Treasures,677853.84,246,2755.50,512.94,4999.73
Home Appliances,Samsung,Large Malls / Complexes,Loyalty Rewards Blast,661302.12,242,2732.65,503.96,4965.75
Home Appliances,Samsung,Large Malls / Complexes,Mega Weekend Bonanza,614553.53,219,2806.18,520.73,4970.22
Home Appliances,Samsung,Large Malls / Complexes,Mid-Year Madness,608097.68,223,2726.90,506.60,4998.26
Home Appliances,Samsung,Large Malls / Complexes,Midnight Madness,557274.79,218,2556.31,510.68,4927.54
Home Appliances,Samsung,Large Malls / Complexes,Mystery Discount Days,598564.71,212,2823.42,521.45,4999.42
Home Appliances,Samsung,Large Malls / Complexes,New Arrival Showcase,603760.00,217,2782.30,507.37,4992.15
Home Appliances,Samsung,Large Malls / Complexes,New Product Launch Promo,636570.78,229,2779.79,547.45,4971.54
Home Appliances,Samsung,Large Malls / Complexes,New Year Kickoff,620486.21,222,2794.98,507.98,4971.89
Home Appliances,Samsung,Large Malls / Complexes,Price Drop Parade,607142.09,223,2722.61,525.65,4947.46
Home Appliances,Samsung,Large Malls / Complexes,Red Tag Clearance,519928.78,186,2795.32,602.76,4991.28
Home Appliances,Samsung,Large Malls / Complexes,Seasonal Surprise Box,559608.97,206,2716.55,513.81,4972.80
Home Appliances,Samsung,Large Malls / Complexes,Shop & Save Spectacular,535179.24,199,2689.34,511.32,4996.07
Home Appliances,Samsung,Large Malls / Complexes,Smart Shopper Week,556817.41,207,2689.94,513.31,4999.94
Home Appliances,Samsung,Large Malls / Complexes,Spring Refresh Event,544435.82,203,2681.95,527.57,4904.04
Home Appliances,Samsung,Large Malls / Complexes,Spring Splash Discounts,558860.66,211,2648.63,560.66,4991.07
Home Appliances,Samsung,Large Malls / Complexes,Summer Sizzle Promo,567761.43,208,2729.62,502.20,4979.55
Home Appliances,Samsung,Large Malls / Complexes,Super Savings Week,567545.23,206,2755.07,526.24,4991.38
Home Appliances,Samsung,Large Malls / Complexes,Ultimate Value Event,530530.22,193,2748.86,516.38,4988.25
Home Appliances,Samsung,Large Malls / Complexes,VIP Access Sale,579257.59,204,2839.50,508.20,4999.37
Home Appliances,Samsung,Large Malls / Complexes,Weekend Warrior Specials,655603.85,235,2789.80,515.22,4990.26
Home Appliances,Samsung,Large Malls / Complexes,Winter Clearance Carnival,562402.08,207,2716.92,514.53,4980.25
Home Appliances,Samsung,Large Malls / Complexes,Winter Wonders Sale,494624.91,186,2659.27,505.48,4948.17
Home Appliances,Samsung,Small Stores / Shops,12 Days of Deals,664748.76,246,2702.23,526.40,4994.43
Home Appliances,Samsung,Small Stores / Shops,Autumn Deals Drive,593059.23,232,2556.29,511.08,4876.94
Home Appliances,Samsung,Small Stores / Shops,BOGO Blitz,642957.36,233,2759.47,511.61,4982.68
Home Appliances,Samsung,Small Stores / Shops,Back to School Boost,685427.22,247,2775.01,500.09,4995.60
Home Appliances,Samsung,Small Stores / Shops,Birthday Bash Sale,597303.18,226,2642.93,500.93,4993.71
Home Appliances,Samsung,Small Stores / Shops,Black Friday Blowout,571003.42,221,2583.73,506.58,4999.22
Home Appliances,Samsung,Small Stores / Shops,Cart Crasher Campaign,572875.99,221,2592.20,574.72,4999.98
Home Appliances,Samsung,Small Stores / Shops,Cashback Carnival,601037.48,214,2808.59,511.92,4992.77
Home Appliances,Samsung,Small Stores / Shops,Clearance Countdown,631796.44,213,2966.18,516.99,4988.35
Home Appliances,Samsung,Small Stores / Shops,Countdown to Savings,669464.65,241,2777.86,606.28,4991.19
Home Appliances,Samsung,Small Stores / Shops,Customer Appreciation Week,647818.92,235,2756.68,531.71,4937.55
Home Appliances,Samsung,Small Stores / Shops,Cyber Monday Mania,592460.62,216,2742.87,521.06,4982.24
Home Appliances,Samsung,Small Stores / Shops,Deal of the Month,590263.73,216,2732.70,500.38,4874.29
Home Appliances,Samsung,Small Stores / Shops,Double Points Bonanza,598479.51,217,2757.97,506.78,4986.22
Home Appliances,Samsung,Small Stores / Shops,Early Bird Specials,685423.52,245,2797.65,521.02,4956.62
Home Appliances,Samsung,Small Stores / Shops,End of Season Sale,499983.98,186,2688.09,501.06,4969.68
Home Appliances,Samsung,Small Stores / Shops,Exclusive Insider Offers,494098.29,192,2573.43,501.41,4993.19
Home Appliances,Samsung,Small Stores / Shops,Festive Fever Promo,696488.99,261,2668.54,510.87,4996.29
Home Appliances,Samsung,Small Stores / Shops,Final Call Frenzy,580360.85,209,2776.85,523.67,4965.45
Home Appliances,Samsung,Small Stores / Shops,Flash Frenzy Friday,663618.52,237,2800.08,504.11,4979.00
Home Appliances,Samsung,Small Stores / Shops,"Gift More, Spend Less",615257.32,223,2759.00,507.03,4982.35
Home Appliances,Samsung,Small Stores / Shops,Golden Hour Bargains,637192.11,218,2922.90,519.85,4994.43
Home Appliances,Samsung,Small Stores / Shops,Green Weekend Deals,607221.06,225,2698.76,517.16,4973.81
Home Appliances,Samsung,Small Stores / Shops,Happy Hour Discounts,565361.67,219,2581.56,501.29,4998.71
Home Appliances,Samsung,Small Stores / Shops,Holiday Shopping Rush,699614.10,253,2765.27,515.18,4996.83
Home Appliances,Samsung,Small Stores / Shops,Hot Picks Promo,640248.79,228,2808.11,506.73,4992.55
Home Appliances,Samsung,Small Stores / Shops,Instant Gratification Sale,601131.54,229,2625.03,512.23,4985.06
Home Appliances,Samsung,Small Stores / Shops,Limited Time Treasures,567313.74,204,2780.95,505.48,4971.76
Home Appliances,Samsung,Small Stores / Shops,Loyalty Rewards Blast,617296.81,228,2707.44,501.61,4980.77
Home Appliances,Samsung,Small Stores / Shops,Mega Weekend Bonanza,661213.99,240,2755.06,514.77,4987.17
Home Appliances,Samsung,Small Stores / Shops,Mid-Year Madness,678371.41,246,2757.61,503.72,4993.34
Home Appliances,Samsung,Small Stores / Shops,Midnight Madness,638316.16,224,2849.63,502.76,4982.29
Home Appliances,Samsung,Small Stores / Shops,Mystery Discount Days,600150.47,226,2655.53,500.15,4990.54
Home Appliances,Samsung,Small Stores / Shops,New Arrival Showcase,638483.38,242,2638.36,500.17,4997.28
Home Appliances,Samsung,Small Stores / Shops,New Product Launch Promo,589744.62,219,2692.90,515.78,4924.46
Home Appliances,Samsung,Small Stores / Shops,New Year Kickoff,644265.88,235,2741.56,509.56,4999.87
Home Appliances,Samsung,Small Stores / Shops,Price Drop Parade,611856.10,224,2731.50,510.91,4983.62
Home Appliances,Samsung,Small Stores / Shops,Red Tag Clearance,521466.19,191,2730.19,525.61,4991.39
Home Appliances,Samsung,Small Stores / Shops,Seasonal Surprise Box,634186.49,234,2710.20,509.87,4939.23
Home Appliances,Samsung,Small Stores / Shops,Shop & Save Spectacular,535072.55,193,2772.40,500.21,4972.29
Home Appliances,Samsung,Small Stores / Shops,Smart Shopper Week,721987.50,261,2766.24,519.48,4975.74
Home Appliances,Samsung,Small Stores / Shops,Spring Refresh Event,545498.51,211,2585.30,511.37,4982.74
Home Appliances,Samsung,Small Stores / Shops,Spring Splash Discounts,561124.65,207,2710.75,503.09,4998.87
Home Appliances,Samsung,Small Stores / Shops,Summer Sizzle Promo,648005.01,239,2711.32,546.90,4944.17
Home Appliances,Samsung,Small Stores / Shops,Super Savings Week,685333.34,240,2855.56,508.47,4990.42
Home Appliances,Samsung,Small Stores / Shops,Ultimate Value Event,606541.89,216,2808.06,503.38,4999.45
Home Appliances,Samsung,Small Stores / Shops,VIP Access Sale,617496.27,215,2872.08,505.73,4988.37
Home Appliances,Samsung,Small Stores / Shops,Weekend Warrior Specials,576315.10,211,2731.35,504.80,4961.52
Home Appliances,Samsung,Small Stores / Shops,Winter Clearance Carnival,633798.05,228,2779.82,520.70,4980.90
Home Appliances,Samsung,Small Stores / Shops,Winter Wonders Sale,679272.55,237,2866.13,520.00,4992.13
Home Appliances,Samsung,Supermarkets ,12 Days of Deals,648480.89,222,2921.09,525.67,4969.80
Home Appliances,Samsung,Supermarkets ,Autumn Deals Drive,549110.44,213,2577.98,517.11,4988.82
Home Appliances,Samsung,Supermarkets ,BOGO Blitz,602227.99,219,2749.90,508.32,4998.46
Home Appliances,Samsung,Supermarkets ,Back to School Boost,643293.00,235,2737.42,529.81,4983.81
Home Appliances,Samsung,Supermarkets ,Birthday Bash Sale,587700.06,211,2785.31,615.47,4946.00
Home Appliances,Samsung,Supermarkets ,Black Friday Blowout,501729.18,193,2599.63,500.99,4984.40
Home Appliances,Samsung,Supermarkets ,Cart Crasher Campaign,660509.27,242,2729.38,505.92,4966.76
Home Appliances,Samsung,Supermarkets ,Cashback Carnival,694079.31,248,2798.71,503.09,4996.35
Home Appliances,Samsung,Supermarkets ,Clearance Countdown,559118.82,206,2714.17,522.11,4862.80
Home Appliances,Samsung,Supermarkets ,Countdown to Savings,648842.88,231,2808.84,509.30,4994.85
Home Appliances,Samsung,Supermarkets ,Customer Appreciation Week,634451.59,227,2794.94,518.27,4971.26
Home Appliances,Samsung,Supermarkets ,Cyber Monday Mania,677448.05,234,2895.08,514.18,4988.75
Home Appliances,Samsung,Supermarkets ,Deal of the Month,700698.64,255,2747.84,501.29,4974.10
Home Appliances,Samsung,Supermarkets ,Double Points Bonanza,654132.12,227,2881.64,505.53,4998.07
Home Appliances,Samsung,Supermarkets ,Early Bird Specials,595668.54,216,2757.72,523.11,4996.45
Home Appliances,Samsung,Supermarkets ,End of Season Sale,682308.71,241,2831.16,522.55,4976.59
Home Appliances,Samsung,Supermarkets ,Exclusive Insider Offers,595518.78,208,2863.07,609.67,4971.18
Home Appliances,Samsung,Supermarkets ,Festive Fever Promo,586557.83,216,2715.55,504.82,4999.21
Home Appliances,Samsung,Supermarkets ,Final Call Frenzy,651957.56,236,2762.53,503.00,4995.18
Home Appliances,Samsung,Supermarkets ,Flash Frenzy Friday,615400.90,225,2735.12,541.44,4979.08
Home Appliances,Samsung,Supermarkets ,"Gift More, Spend Less",610022.55,224,2723.31,512.84,4988.95
Home Appliances,Samsung,Supermarkets ,Golden Hour Bargains,700839.83,234,2995.04,523.41,4982.37
Home Appliances,Samsung,Supermarkets ,Green Weekend Deals,543870.84,202,2692.43,503.87,4983.44
Home Appliances,Samsung,Supermarkets ,Happy Hour Discounts,713810.27,240,2974.21,500.78,4963.52
Home Appliances,Samsung,Supermarkets ,Holiday Shopping Rush,667087.75,241,2768.00,500.68,4966.28
Home Appliances,Samsung,Supermarkets ,Hot Picks Promo,640897.34,231,2774.45,522.05,4971.86
Home Appliances,Samsung,Supermarkets ,Instant Gratification Sale,611942.53,229,2672.24,534.41,4978.27
Home Appliances,Samsung,Supermarkets ,Limited Time Treasures,605123.52,226,2677.54,500.36,4983.57
Home Appliances,Samsung,Supermarkets ,Loyalty Rewards Blast,650670.33,230,2829.00,503.22,4989.79
Home Appliances,Samsung,Supermarkets ,Mega Weekend Bonanza,577876.24,220,2626.71,520.37,4974.25
Home Appliances,Samsung,Supermarkets ,Mid-Year Madness,631340.19,238,2652.69,527.42,4951.82
Home Appliances,Samsung,Supermarkets ,Midnight Madness,635102.06,232,2737.51,542.32,4997.66
Home Appliances,Samsung,Supermarkets ,Mystery Discount Days,633160.45,235,2694.30,515.93,4977.69
Home Appliances,Samsung,Supermarkets ,New Arrival Showcase,611789.30,220,2780.86,506.53,4988.98
Home Appliances,Samsung,Supermarkets ,New Product Launch Promo,660551.61,242,2729.55,504.10,4974.77
Home Appliances,Samsung,Supermarkets ,New Year Kickoff,607954.19,217,2801.63,514.07,4998.67
Home Appliances,Samsung,Supermarkets ,Price Drop Parade,539225.02,201,2682.71,504.91,4994.05
Home Appliances,Samsung,Supermarkets ,Red Tag Clearance,583717.18,220,2653.26,541.51,4994.95
Home Appliances,Samsung,Supermarkets ,Seasonal Surprise Box,704000.54,253,2782.61,510.14,4976.24
Home Appliances,Samsung,Supermarkets ,Shop & Save Spectacular,609101.09,216,2819.91,518.47,4990.57
Home Appliances,Samsung,Supermarkets ,Smart Shopper Week,686621.54,259,2651.05,533.98,4999.66
Home Appliances,Samsung,Supermarkets ,Spring Refresh Event,610080.34,231,2641.04,515.70,4949.38
Home Appliances,Samsung,Supermarkets ,Spring Splash Discounts,632637.19,235,2692.07,516.49,4994.95
Home Appliances,Samsung,Supermarkets ,Summer Sizzle Promo,606095.55,225,2693.76,525.98,4977.21
Home Appliances,Samsung,Supermarkets ,Super Savings Week,637811.97,233,2737.39,513.41,4982.65
Home Appliances,Samsung,Supermarkets ,Ultimate Value Event,619118.03,227,2727.39,514.22,4994.79
Home Appliances,Samsung,Supermarkets ,VIP Access Sale,705684.75,257,2745.86,502.11,4996.47
Home Appliances,Samsung,Supermarkets ,Weekend Warrior Specials,650172.30,228,2851.63,510.76,4996.60
Home Appliances,Samsung,Supermarkets ,Winter Clearance Carnival,704489.40,254,2773.58,509.72,4996.11
Home Appliances,Samsung,Supermarkets ,Winter Wonders Sale,707266.64,249,2840.43,505.92,4997.89
Home Appliances,Whirlpool,Large Malls / Complexes,12 Days of Deals,613940.68,227,2704.58,518.48,4982.52
Home Appliances,Whirlpool,Large Malls / Complexes,Autumn Deals Drive,635641.64,238,2670.76,515.30,4995.61
Home Appliances,Whirlpool,Large Malls / Complexes,BOGO Blitz,597140.43,214,2790.38,537.93,4958.24
Home Appliances,Whirlpool,Large Malls / Complexes,Back to School Boost,562487.11,200,2812.44,525.30,4957.68
Home Appliances,Whirlpool,Large Malls / Complexes,Birthday Bash Sale,581366.43,211,2755.29,552.05,4977.09
Home Appliances,Whirlpool,Large Malls / Complexes,Black Friday Blowout,582466.94,216,2696.61,505.48,4967.86
Home Appliances,Whirlpool,Large Malls / Complexes,Cart Crasher Campaign,596685.41,213,2801.34,511.82,4965.79
Home Appliances,Whirlpool,Large Malls / Complexes,Cashback Carnival,641730.33,235,2730.77,524.46,4953.69
Home Appliances,Whirlpool,Large Malls / Complexes,Clearance Countdown,517449.28,187,2767.11,532.88,4977.28
Home Appliances,Whirlpool,Large Malls / Complexes,Countdown to Savings,634588.99,232,2735.30,518.12,4987.28
Home Appliances,Whirlpool,Large Malls / Complexes,Customer Appreciation Week,572250.09,206,2777.91,563.67,4997.57
Home Appliances,Whirlpool,Large Malls / Complexes,Cyber Monday Mania,544956.47,209,2607.45,531.19,4948.73
Home Appliances,Whirlpool,Large Malls / Complexes,Deal of the Month,484195.73,187,2589.28,502.82,4984.95
Home Appliances,Whirlpool,Large Malls / Complexes,Double Points Bonanza,620831.64,210,2956.34,510.32,4983.61
Home Appliances,Whirlpool,Large Malls / Complexes,Early Bird Specials,562884.19,211,2667.70,503.83,4994.29
Home Appliances,Whirlpool,Large Malls / Complexes,End of Season Sale,578316.81,206,2807.36,529.38,4926.16
Home Appliances,Whirlpool,Large Malls / Complexes,Exclusive Insider Offers,588375.86,219,2686.65,524.47,4988.00
Home Appliances,Whirlpool,Large Malls / Complexes,Festive Fever Promo,676424.47,238,2842.12,512.10,4997.98
Home Appliances,Whirlpool,Large Malls / Complexes,Final Call Frenzy,628393.09,227,2768.25,536.74,4968.63
Home Appliances,Whirlpool,Large Malls / Complexes,Flash Frenzy Friday,560061.69,204,2745.40,535.99,4985.00
Home Appliances,Whirlpool,Large Malls / Complexes,"Gift More, Spend Less",570700.72,218,2617.89,510.64,4999.74
Home Appliances,Whirlpool,Large Malls / Complexes,Golden Hour Bargains,579310.46,206,2812.19,526.50,4988.43
Home Appliances,Whirlpool,Large Malls / Complexes,Green Weekend Deals,570584.02,211,2704.19,547.27,4998.83
Home Appliances,Whirlpool,Large Malls / Complexes,Happy Hour Discounts,657346.69,235,2797.22,545.79,4966.70
Home Appliances,Whirlpool,Large Malls / Complexes,Holiday Shopping Rush,578399.77,219,2641.09,527.04,4994.33
Home Appliances,Whirlpool,Large Malls / Complexes,Hot Picks Promo,580774.87,212,2739.50,525.75,4978.11
Home Appliances,Whirlpool,Large Malls / Complexes,Instant Gratification Sale,506800.49,179,2831.29,504.46,4979.73
Home Appliances,Whirlpool,Large Malls / Complexes,Limited Time Treasures,592442.97,215,2755.55,507.53,4929.70
Home Appliances,Whirlpool,Large Malls / Complexes,Loyalty Rewards Blast,518544.91,190,2729.18,518.89,4981.19
Home Appliances,Whirlpool,Large Malls / Complexes,Mega Weekend Bonanza,619644.35,231,2682.44,505.95,4964.59
Home Appliances,Whirlpool,Large Malls / Complexes,Mid-Year Madness,560887.75,207,2709.60,526.31,4996.93
Home Appliances,Whirlpool,Large Malls / Complexes,Midnight Madness,612146.56,225,2720.65,514.34,4994.87
Home Appliances,Whirlpool,Large Malls / Complexes,Mystery Discount Days,567871.13,215,2641.26,517.08,4963.72
Home Appliances,Whirlpool,Large Malls / Complexes,New Arrival Showcase,665826.74,244,2728.80,505.86,4995.63
Home Appliances,Whirlpool,Large Malls / Complexes,New Product Launch Promo,458017.84,172,2662.89,504.31,4964.35
Home Appliances,Whirlpool,Large Malls / Complexes,New Year Kickoff,572039.01,200,2860.20,516.98,4935.38
Home Appliances,Whirlpool,Large Malls / Complexes,Price Drop Parade,625343.50,221,2829.61,533.78,4984.36
Home Appliances,Whirlpool,Large Malls / Complexes,Red Tag Clearance,507891.45,189,2687.26,524.22,4990.08
Home Appliances,Whirlpool,Large Malls / Complexes,Seasonal Surprise Box,563712.37,202,2790.66,501.18,4928.89
Home Appliances,Whirlpool,Large Malls / Complexes,Shop & Save Spectacular,571743.77,203,2816.47,517.06,4974.57
Home Appliances,Whirlpool,Large Malls / Complexes,Smart Shopper Week,614002.54,230,2669.58,533.46,4978.95
Home Appliances,Whirlpool,Large Malls / Complexes,Spring Refresh Event,582603.36,218,2672.49,505.17,4987.43
Home Appliances,Whirlpool,Large Malls / Complexes,Spring Splash Discounts,608905.96,216,2819.01,518.89,4971.17
Home Appliances,Whirlpool,Large Malls / Complexes,Summer Sizzle Promo,572923.01,201,2850.36,502.08,4996.11
Home Appliances,Whirlpool,Large Malls / Complexes,Super Savings Week,605805.01,220,2753.66,506.58,4998.47
Home Appliances,Whirlpool,Large Malls / Complexes,Ultimate Value Event,571273.94,212,2694.69,517.44,4995.58
Home Appliances,Whirlpool,Large Malls / Complexes,VIP Access Sale,618632.44,228,2713.30,500.61,4955.41
Home Appliances,Whirlpool,Large Malls / Complexes,Weekend Warrior Specials,647364.53,226,2864.44,509.62,4957.84
Home Appliances,Whirlpool,Large Malls / Complexes,Winter Clearance Carnival,588046.22,214,2747.88,530.47,4980.20
Home Appliances,Whirlpool,Large Malls / Complexes,Winter Wonders Sale,668410.80,246,2717.12,504.46,4990.42
Home Appliances,Whirlpool,Small Stores / Shops,12 Days of Deals,533340.57,205,2601.66,512.21,4999.73
Home Appliances,Whirlpool,Small Stores / Shops,Autumn Deals Drive,603433.49,224,2693.90,506.90,4994.25
Home Appliances,Whirlpool,Small Stores / Shops,BOGO Blitz,630825.86,218,2893.70,562.30,4997.06
Home Appliances,Whirlpool,Small Stores / Shops,Back to School Boost,590516.67,222,2659.99,516.16,4990.27
Home Appliances,Whirlpool,Small Stores / Shops,Birthday Bash Sale,639352.80,237,2697.69,503.99,4985.89
Home Appliances,Whirlpool,Small Stores / Shops,Black Friday Blowout,609482.01,224,2720.90,564.68,4954.51
Home Appliances,Whirlpool,Small Stores / Shops,Cart Crasher Campaign,591098.08,217,2723.95,524.89,4998.46
Home Appliances,Whirlpool,Small Stores / Shops,Cashback Carnival,549068.78,208,2639.75,544.56,4993.50
Home Appliances,Whirlpool,Small Stores / Shops,Clearance Countdown,619531.34,233,2658.93,504.40,4978.40
Home Appliances,Whirlpool,Small Stores / Shops,Countdown to Savings,642403.11,229,2805.25,529.62,4974.20
Home Appliances,Whirlpool,Small Stores / Shops,Customer Appreciation Week,541854.25,206,2630.36,514.21,4959.31
Home Appliances,Whirlpool,Small Stores / Shops,Cyber Monday Mania,743065.89,270,2752.10,519.48,4965.06
Home Appliances,Whirlpool,Small Stores / Shops,Deal of the Month,585505.76,219,2673.54,524.92,4986.45
Home Appliances,Whirlpool,Small Stores / Shops,Double Points Bonanza,668575.70,249,2685.04,512.55,4996.53
Home Appliances,Whirlpool,Small Stores / Shops,Early Bird Specials,660271.53,228,2895.93,580.51,4995.35
Home Appliances,Whirlpool,Small Stores / Shops,End of Season Sale,672554.31,232,2898.94,500.69,4999.78
Home Appliances,Whirlpool,Small Stores / Shops,Exclusive Insider Offers,648796.92,230,2820.86,507.26,4988.24
Home Appliances,Whirlpool,Small Stores / Shops,Festive Fever Promo,567064.88,222,2554.35,532.08,4986.51
Home Appliances,Whirlpool,Small Stores / Shops,Final Call Frenzy,619496.13,229,2705.22,510.60,4968.03
Home Appliances,Whirlpool,Small Stores / Shops,Flash Frenzy Friday,623313.19,222,2807.72,605.31,4985.89
Home Appliances,Whirlpool,Small Stores / Shops,"Gift More, Spend Less",648427.87,239,2713.09,557.15,4963.82
Home Appliances,Whirlpool,Small Stores / Shops,Golden Hour Bargains,566640.74,210,2698.29,505.82,4930.44
Home Appliances,Whirlpool,Small Stores / Shops,Green Weekend Deals,648712.04,229,2832.80,500.21,4997.45
Home Appliances,Whirlpool,Small Stores / Shops,Happy Hour Discounts,529190.40,198,2672.68,510.66,4991.86
Home Appliances,Whirlpool,Small Stores / Shops,Holiday Shopping Rush,645809.00,241,2679.71,505.09,4996.07
Home Appliances,Whirlpool,Small Stores / Shops,Hot Picks Promo,673338.69,236,2853.13,502.22,4988.39
Home Appliances,Whirlpool,Small Stores / Shops,Instant Gratification Sale,661459.09,241,2744.64,521.68,4990.05
Home Appliances,Whirlpool,Small Stores / Shops,Limited Time Treasures,594074.76,221,2688.12,561.02,4997.90
Home Appliances,Whirlpool,Small Stores / Shops,Loyalty Rewards Blast,570872.85,206,2771.23,509.23,4998.50
Home Appliances,Whirlpool,Small Stores / Shops,Mega Weekend Bonanza,672795.68,231,2912.54,511.24,4988.39
Home Appliances,Whirlpool,Small Stores / Shops,Mid-Year Madness,640657.95,228,2809.90,535.87,4997.51
Home Appliances,Whirlpool,Small Stores / Shops,Midnight Madness,601280.68,219,2745.57,534.40,4996.41
Home Appliances,Whirlpool,Small Stores / Shops,Mystery Discount Days,613199.08,221,2774.66,502.03,4985.69
Home Appliances,Whirlpool,Small Stores / Shops,New Arrival Showcase,686822.73,253,2714.71,500.44,4944.74
Home Appliances,Whirlpool,Small Stores / Shops,New Product Launch Promo,615297.09,218,2822.46,556.89,4991.62
Home Appliances,Whirlpool,Small Stores / Shops,New Year Kickoff,555765.42,210,2646.50,525.38,4991.05
Home Appliances,Whirlpool,Small Stores / Shops,Price Drop Parade,628636.62,229,2745.14,516.70,4966.88
Home Appliances,Whirlpool,Small Stores / Shops,Red Tag Clearance,584045.32,216,2703.91,524.41,4992.06
Home Appliances,Whirlpool,Small Stores / Shops,Seasonal Surprise Box,704355.23,251,2806.20,519.31,4990.56
Home Appliances,Whirlpool,Small Stores / Shops,Shop & Save Spectacular,584171.05,222,2631.40,524.98,4966.92
Home Appliances,Whirlpool,Small Stores / Shops,Smart Shopper Week,647537.31,236,2743.80,512.44,4995.40
Home Appliances,Whirlpool,Small Stores / Shops,Spring Refresh Event,592797.43,207,2863.76,520.58,4955.65
Home Appliances,Whirlpool,Small Stores / Shops,Spring Splash Discounts,601445.94,220,2733.85,510.84,4976.26
Home Appliances,Whirlpool,Small Stores / Shops,Summer Sizzle Promo,635799.25,224,2838.39,501.49,4994.72
Home Appliances,Whirlpool,Small Stores / Shops,Super Savings Week,641627.60,225,2851.68,587.62,4942.86
Home Appliances,Whirlpool,Small Stores / Shops,Ultimate Value Event,533422.84,200,2667.11,509.71,4994.11
Home Appliances,Whirlpool,Small Stores / Shops,VIP Access Sale,591598.33,217,2726.26,504.55,4995.37
Home Appliances,Whirlpool,Small Stores / Shops,Weekend Warrior Specials,608716.55,234,2601.35,507.69,4998.33
Home Appliances,Whirlpool,Small Stores / Shops,Winter Clearance Carnival,693412.77,241,2877.23,503.94,4996.10
Home Appliances,Whirlpool,Small Stores / Shops,Winter Wonders Sale,589195.99,215,2740.45,514.42,4998.01
Home Appliances,Whirlpool,Supermarkets ,12 Days of Deals,703457.90,253,2780.47,542.86,4972.88
Home Appliances,Whirlpool,Supermarkets ,Autumn Deals Drive,602547.26,219,2751.36,532.87,4992.57
Home Appliances,Whirlpool,Supermarkets ,BOGO Blitz,644334.69,247,2608.64,509.26,4999.75
Home Appliances,Whirlpool,Supermarkets ,Back to School Boost,658841.31,243,2711.28,525.35,4990.79
Home Appliances,Whirlpool,Supermarkets ,Birthday Bash Sale,648521.65,231,2807.45,502.35,4999.93
Home Appliances,Whirlpool,Supermarkets ,Black Friday Blowout,685468.52,243,2820.86,536.50,4989.56
Home Appliances,Whirlpool,Supermarkets ,Cart Crasher Campaign,598692.59,215,2784.62,504.51,4998.18
Home Appliances,Whirlpool,Supermarkets ,Cashback Carnival,622004.05,224,2776.80,510.98,4999.12
Home Appliances,Whirlpool,Supermarkets ,Clearance Countdown,635488.77,228,2787.23,550.39,4994.45
Home Appliances,Whirlpool,Supermarkets ,Countdown to Savings,677224.53,248,2730.74,540.29,4956.32
Home Appliances,Whirlpool,Supermarkets ,Customer Appreciation Week,628923.48,238,2642.54,508.53,4997.60
Home Appliances,Whirlpool,Supermarkets ,Cyber Monday Mania,709372.43,255,2781.85,526.47,4966.57
Home Appliances,Whirlpool,Supermarkets ,Deal of the Month,588972.64,216,2726.73,505.93,4996.86
Home Appliances,Whirlpool,Supermarkets ,Double Points Bonanza,571889.20,217,2635.43,515.00,4893.14
Home Appliances,Whirlpool,Supermarkets ,Early Bird Specials,612224.83,219,2795.55,509.54,4997.74
Home Appliances,Whirlpool,Supermarkets ,End of Season Sale,534955.01,200,2674.78,509.93,4992.04
Home Appliances,Whirlpool,Supermarkets ,Exclusive Insider Offers,599572.56,209,2868.77,530.99,4999.29
Home Appliances,Whirlpool,Supermarkets ,Festive Fever Promo,598743.30,214,2797.87,539.59,4992.61
Home Appliances,Whirlpool,Supermarkets ,Final Call Frenzy,605849.38,223,2716.81,506.46,4974.86
Home Appliances,Whirlpool,Supermarkets ,Flash Frenzy Friday,695776.17,253,2750.10,510.70,4997.83
Home Appliances,Whirlpool,Supermarkets ,"Gift More, Spend Less",671702.95,245,2741.64,501.53,4977.84
Home Appliances,Whirlpool,Supermarkets ,Golden Hour Bargains,744146.65,264,2818.74,520.19,4992.88
Home Appliances,Whirlpool,Supermarkets ,Green Weekend Deals,708102.88,246,2878.47,525.51,4990.86
Home Appliances,Whirlpool,Supermarkets ,Happy Hour Discounts,637035.16,228,2794.01,517.21,4947.98
Home Appliances,Whirlpool,Supermarkets ,Holiday Shopping Rush,579164.55,219,2644.59,501.35,4986.50
Home Appliances,Whirlpool,Supermarkets ,Hot Picks Promo,636688.94,229,2780.30,519.85,4937.79
Home Appliances,Whirlpool,Supermarkets ,Instant Gratification Sale,611715.81,222,2755.48,501.38,4999.38
Home Appliances,Whirlpool,Supermarkets ,Limited Time Treasures,689103.73,248,2778.64,501.55,4973.26
Home Appliances,Whirlpool,Supermarkets ,Loyalty Rewards Blast,697796.60,253,2758.09,516.97,4958.38
Home Appliances,Whirlpool,Supermarkets ,Mega Weekend Bonanza,576940.33,204,2828.14,522.15,4959.32
Home Appliances,Whirlpool,Supermarkets ,Mid-Year Madness,615902.69,241,2555.61,506.56,4997.77
Home Appliances,Whirlpool,Supermarkets ,Midnight Madness,646864.04,240,2695.27,517.06,4917.52
Home Appliances,Whirlpool,Supermarkets ,Mystery Discount Days,632834.47,234,2704.42,543.78,4996.71
Home Appliances,Whirlpool,Supermarkets ,New Arrival Showcase,644398.05,221,2915.83,508.56,4986.26
Home Appliances,Whirlpool,Supermarkets ,New Product Launch Promo,618399.67,220,2810.91,511.19,4991.97
Home Appliances,Whirlpool,Supermarkets ,New Year Kickoff,700110.22,250,2800.44,519.42,4995.20
Home Appliances,Whirlpool,Supermarkets ,Price Drop Parade,670395.85,247,2714.15,510.58,4988.21
Home Appliances,Whirlpool,Supermarkets ,Red Tag Clearance,610440.66,213,2865.92,520.89,4976.95
Home Appliances,Whirlpool,Supermarkets ,Seasonal Surprise Box,597479.12,223,2679.28,508.60,4986.23
Home Appliances,Whirlpool,Supermarkets ,Shop & Save Spectacular,591824.68,208,2845.31,516.34,4958.72
Home Appliances,Whirlpool,Supermarkets ,Smart Shopper Week,620297.74,243,2552.67,526.61,4913.34
Home Appliances,Whirlpool,Supermarkets ,Spring Refresh Event,602806.89,216,2790.77,508.23,4995.53
Home Appliances,Whirlpool,Supermarkets ,Spring Splash Discounts,652287.10,229,2848.42,615.10,4992.50
Home Appliances,Whirlpool,Supermarkets ,Summer Sizzle Promo,547422.70,209,2619.25,518.54,4922.02
Home Appliances,Whirlpool,Supermarkets ,Super Savings Week,605213.84,218,2776.21,514.36,4955.83
Home Appliances,Whirlpool,Supermarkets ,Ultimate Value Event,612475.11,216,2835.53,513.70,4987.19
Home Appliances,Whirlpool,Supermarkets ,VIP Access Sale,624488.56,229,2727.02,525.62,4999.48
Home Appliances,Whirlpool,Supermarkets ,Weekend Warrior Specials,684658.72,247,2771.90,502.66,4984.76
Home Appliances,Whirlpool,Supermarkets ,Winter Clearance Carnival,611594.20,223,2742.57,554.70,4998.56
Home Appliances,Whirlpool,Supermarkets ,Winter Wonders Sale,665644.04,246,2705.87,505.46,4998.39
Sports & Outdoors,Adidas,Large Malls / Complexes,12 Days of Deals,608897.96,224,2718.29,504.41,4940.89
Sports & Outdoors,Adidas,Large Malls / Complexes,Autumn Deals Drive,662950.34,233,2845.28,511.09,4995.60
Sports & Outdoors,Adidas,Large Malls / Complexes,BOGO Blitz,602037.74,218,2761.64,550.36,4969.52
Sports & Outdoors,Adidas,Large Malls / Complexes,Back to School Boost,566078.73,220,2573.09,507.11,4996.96
Sports & Outdoors,Adidas,Large Malls / Complexes,Birthday Bash Sale,442660.17,168,2634.88,526.70,4974.29
Sports & Outdoors,Adidas,Large Malls / Complexes,Black Friday Blowout,582001.01,203,2867.00,574.45,4967.45
Sports & Outdoors,Adidas,Large Malls / Complexes,Cart Crasher Campaign,563630.78,204,2762.90,566.32,4979.31
Sports & Outdoors,Adidas,Large Malls / Complexes,Cashback Carnival,627839.72,217,2893.27,526.46,4958.04
Sports & Outdoors,Adidas,Large Malls / Complexes,Clearance Countdown,646490.46,226,2860.58,516.16,4993.50
Sports & Outdoors,Adidas,Large Malls / Complexes,Countdown to Savings,577696.21,218,2649.98,527.75,4983.39
Sports & Outdoors,Adidas,Large Malls / Complexes,Customer Appreciation Week,627719.88,230,2729.22,580.19,4957.35
Sports & Outdoors,Adidas,Large Malls / Complexes,Cyber Monday Mania,611445.11,216,2830.76,525.26,4986.22
Sports & Outdoors,Adidas,Large Malls / Complexes,Deal of the Month,505249.47,184,2745.92,511.14,4947.38
Sports & Outdoors,Adidas,Large Malls / Complexes,Double Points Bonanza,564601.38,203,2781.29,518.43,4996.56
Sports & Outdoors,Adidas,Large Malls / Complexes,Early Bird Specials,589093.33,220,2677.70,505.34,4998.17
Sports & Outdoors,Adidas,Large Malls / Complexes,End of Season Sale,567649.46,212,2677.59,507.77,4976.16
Sports & Outdoors,Adidas,Large Malls / Complexes,Exclusive Insider Offers,648407.43,222,2920.75,503.34,4987.28
Sports & Outdoors,Adidas,Large Malls / Complexes,Festive Fever Promo,571054.53,208,2745.45,519.49,4991.54
Sports & Outdoors,Adidas,Large Malls / Complexes,Final Call Frenzy,645131.09,242,2665.83,569.42,4960.33
Sports & Outdoors,Adidas,Large Malls / Complexes,Flash Frenzy Friday,634874.81,228,2784.54,511.53,4995.53
Sports & Outdoors,Adidas,Large Malls / Complexes,"Gift More, Spend Less",611789.57,221,2768.28,504.14,4994.22
Sports & Outdoors,Adidas,Large Malls / Complexes,Golden Hour Bargains,617329.96,223,2768.30,503.10,4998.10
Sports & Outdoors,Adidas,Large Malls / Complexes,Green Weekend Deals,507038.88,187,2711.44,506.43,4956.83
Sports & Outdoors,Adidas,Large Malls / Complexes,Happy Hour Discounts,634539.99,219,2897.44,575.25,4987.84
Sports & Outdoors,Adidas,Large Malls / Complexes,Holiday Shopping Rush,638797.80,234,2729.91,506.26,4981.68
Sports & Outdoors,Adidas,Large Malls / Complexes,Hot Picks Promo,577207.59,209,2761.76,505.94,4957.64
Sports & Outdoors,Adidas,Large Malls / Complexes,Instant Gratification Sale,602003.50,216,2787.05,517.51,4973.67
Sports & Outdoors,Adidas,Large Malls / Complexes,Limited Time Treasures,557982.28,197,2832.40,500.43,4991.05
Sports & Outdoors,Adidas,Large Malls / Complexes,Loyalty Rewards Blast,607446.80,214,2838.54,503.10,4993.88
Sports & Outdoors,Adidas,Large Malls / Complexes,Mega Weekend Bonanza,620010.48,214,2897.25,547.14,4969.18
Sports & Outdoors,Adidas,Large Malls / Complexes,Mid-Year Madness,593053.44,216,2745.62,541.49,4925.56
Sports & Outdoors,Adidas,Large Malls / Complexes,Midnight Madness,576770.84,209,2759.67,500.23,4994.43
Sports & Outdoors,Adidas,Large Malls / Complexes,Mystery Discount Days,574326.21,213,2696.37,528.21,4953.52
Sports & Outdoors,Adidas,Large Malls / Complexes,New Arrival Showcase,635248.68,218,2913.98,513.56,4987.87
Sports & Outdoors,Adidas,Large Malls / Complexes,New Product Launch Promo,606540.73,214,2834.30,510.20,4991.43
Sports & Outdoors,Adidas,Large Malls / Complexes,New Year Kickoff,603289.90,218,2767.38,503.01,4957.93
Sports & Outdoors,Adidas,Large Malls / Complexes,Price Drop Parade,579317.51,214,2707.09,555.57,4984.37
Sports & Outdoors,Adidas,Large Malls / Complexes,Red Tag Clearance,611228.36,224,2728.70,509.09,4933.11
Sports & Outdoors,Adidas,Large Malls / Complexes,Seasonal Surprise Box,638861.95,231,2765.64,501.08,4976.23
Sports & Outdoors,Adidas,Large Malls / Complexes,Shop & Save Spectacular,585045.01,206,2840.02,507.72,4995.87
Sports & Outdoors,Adidas,Large Malls / Complexes,Smart Shopper Week,596506.68,217,2748.88,518.23,4972.34
Sports & Outdoors,Adidas,Large Malls / Complexes,Spring Refresh Event,567364.17,198,2865.48,508.72,4954.06
Sports & Outdoors,Adidas,Large Malls / Complexes,Spring Splash Discounts,557490.71,206,2706.27,525.43,4998.18
Sports & Outdoors,Adidas,Large Malls / Complexes,Summer Sizzle Promo,541551.60,203,2667.74,527.40,4976.25
Sports & Outdoors,Adidas,Large Malls / Complexes,Super Savings Week,603284.19,216,2792.98,502.34,4962.64
Sports & Outdoors,Adidas,Large Malls / Complexes,Ultimate Value Event,574084.11,211,2720.78,529.57,4998.24
Sports & Outdoors,Adidas,Large Malls / Complexes,VIP Access Sale,603560.35,218,2768.63,521.88,4987.83
Sports & Outdoors,Adidas,Large Malls / Complexes,Weekend Warrior Specials,610866.76,212,2881.45,528.63,4992.44
Sports & Outdoors,Adidas,Large Malls / Complexes,Winter Clearance Carnival,679448.04,247,2750.80,602.83,4997.18
Sports & Outdoors,Adidas,Large Malls / Complexes,Winter Wonders Sale,584175.69,217,2692.05,504.80,4983.97
Sports & Outdoors,Adidas,Small Stores / Shops,12 Days of Deals,669711.30,253,2647.08,511.33,4984.11
Sports & Outdoors,Adidas,Small Stores / Shops,Autumn Deals Drive,605730.68,221,2740.86,576.39,4998.38
Sports & Outdoors,Adidas,Small Stores / Shops,BOGO Blitz,604215.24,212,2850.07,509.05,4997.05
Sports & Outdoors,Adidas,Small Stores / Shops,Back to School Boost,672970.31,249,2702.69,527.30,4987.32
Sports & Outdoors,Adidas,Small Stores / Shops,Birthday Bash Sale,686140.20,246,2789.19,509.00,4998.00
Sports & Outdoors,Adidas,Small Stores / Shops,Black Friday Blowout,616124.51,227,2714.20,624.72,4990.39
Sports & Outdoors,Adidas,Small Stores / Shops,Cart Crasher Campaign,679093.38,241,2817.81,512.46,4983.68
Sports & Outdoors,Adidas,Small Stores / Shops,Cashback Carnival,541054.97,207,2613.79,549.29,4994.16
Sports & Outdoors,Adidas,Small Stores / Shops,Clearance Countdown,599272.21,222,2699.42,544.31,4982.96
Sports & Outdoors,Adidas,Small Stores / Shops,Countdown to Savings,690443.05,242,2853.07,515.05,4976.20
Sports & Outdoors,Adidas,Small Stores / Shops,Customer Appreciation Week,604564.81,210,2878.88,528.34,4988.63
Sports & Outdoors,Adidas,Small Stores / Shops,Cyber Monday Mania,589401.30,209,2820.10,512.33,4999.05
Sports & Outdoors,Adidas,Small Stores / Shops,Deal of the Month,538783.58,198,2721.13,524.49,4985.83
Sports & Outdoors,Adidas,Small Stores / Shops,Double Points Bonanza,529756.54,197,2689.12,504.72,4992.41
Sports & Outdoors,Adidas,Small Stores / Shops,Early Bird Specials,579301.34,212,2732.55,505.00,4961.31
Sports & Outdoors,Adidas,Small Stores / Shops,End of Season Sale,614179.45,232,2647.33,521.54,4980.34
Sports & Outdoors,Adidas,Small Stores / Shops,Exclusive Insider Offers,560362.42,206,2720.21,507.80,4982.41
Sports & Outdoors,Adidas,Small Stores / Shops,Festive Fever Promo,600673.50,220,2730.33,565.86,4955.04
Sports & Outdoors,Adidas,Small Stores / Shops,Final Call Frenzy,638825.76,222,2877.59,514.83,4986.38
Sports & Outdoors,Adidas,Small Stores / Shops,Flash Frenzy Friday,590796.96,222,2661.25,538.03,4937.84
Sports & Outdoors,Adidas,Small Stores / Shops,"Gift More, Spend Less",641400.55,231,2776.63,519.95,4986.03
Sports & Outdoors,Adidas,Small Stores / Shops,Golden Hour Bargains,678008.85,243,2790.16,505.89,4987.94
Sports & Outdoors,Adidas,Small Stores / Shops,Green Weekend Deals,618310.45,221,2797.78,565.23,4996.09
Sports & Outdoors,Adidas,Small Stores / Shops,Happy Hour Discounts,628925.35,233,2699.25,525.65,4940.87
Sports & Outdoors,Adidas,Small Stores / Shops,Holiday Shopping Rush,538383.92,209,2576.00,516.60,4952.40
Sports & Outdoors,Adidas,Small Stores / Shops,Hot Picks Promo,645553.84,228,2831.38,523.21,4969.93
Sports & Outdoors,Adidas,Small Stores / Shops,Instant Gratification Sale,691816.28,237,2919.06,536.55,4984.04
Sports & Outdoors,Adidas,Small Stores / Shops,Limited Time Treasures,602026.48,214,2813.21,600.42,4961.50
Sports & Outdoors,Adidas,Small Stores / Shops,Loyalty Rewards Blast,621505.79,223,2787.02,502.35,4989.94
Sports & Outdoors,Adidas,Small Stores / Shops,Mega Weekend Bonanza,626479.89,225,2784.36,515.58,4917.80
Sports & Outdoors,Adidas,Small Stores / Shops,Mid-Year Madness,586784.75,222,2643.17,503.20,4949.66
Sports & Outdoors,Adidas,Small Stores / Shops,Midnight Madness,575525.51,218,2640.03,520.72,4949.02
Sports & Outdoors,Adidas,Small Stores / Shops,Mystery Discount Days,612654.77,228,2687.08,531.52,4983.78
Sports & Outdoors,Adidas,Small Stores / Shops,New Arrival Showcase,621696.11,222,2800.43,522.55,4995.28
Sports & Outdoors,Adidas,Small Stores / Shops,New Product Launch Promo,607159.67,217,2797.97,500.73,4984.56
Sports & Outdoors,Adidas,Small Stores / Shops,New Year Kickoff,617716.59,227,2721.22,503.31,4995.24
Sports & Outdoors,Adidas,Small Stores / Shops,Price Drop Parade,599546.70,212,2828.05,515.61,4979.30
Sports & Outdoors,Adidas,Small Stores / Shops,Red Tag Clearance,616346.44,212,2907.29,506.04,4992.12
Sports & Outdoors,Adidas,Small Stores / Shops,Seasonal Surprise Box,621446.56,227,2737.65,533.53,4992.17
Sports & Outdoors,Adidas,Small Stores / Shops,Shop & Save Spectacular,693756.19,242,2866.76,503.19,4974.46
Sports & Outdoors,Adidas,Small Stores / Shops,Smart Shopper Week,673286.40,242,2782.18,507.17,4988.00
Sports & Outdoors,Adidas,Small Stores / Shops,Spring Refresh Event,598799.34,225,2661.33,506.81,4999.78
Sports & Outdoors,Adidas,Small Stores / Shops,Spring Splash Discounts,640030.00,235,2723.53,531.91,4995.14
Sports & Outdoors,Adidas,Small Stores / Shops,Summer Sizzle Promo,654126.31,233,2807.41,501.65,4983.81
Sports & Outdoors,Adidas,Small Stores / Shops,Super Savings Week,592203.28,218,2716.53,528.38,4975.91
Sports & Outdoors,Adidas,Small Stores / Shops,Ultimate Value Event,630975.84,234,2696.48,502.59,4983.26
Sports & Outdoors,Adidas,Small Stores / Shops,VIP Access Sale,563263.94,200,2816.32,558.18,4991.92
Sports & Outdoors,Adidas,Small Stores / Shops,Weekend Warrior Specials,669199.01,249,2687.55,502.77,4971.28
Sports & Outdoors,Adidas,Small Stores / Shops,Winter Clearance Carnival,643448.79,229,2809.82,532.03,4992.09
Sports & Outdoors,Adidas,Small Stores / Shops,Winter Wonders Sale,568310.70,211,2693.42,513.20,4995.17
Sports & Outdoors,Adidas,Supermarkets ,12 Days of Deals,663010.98,232,2857.81,501.44,4958.02
Sports & Outdoors,Adidas,Supermarkets ,Autumn Deals Drive,665507.28,242,2750.03,500.33,4997.38
Sports & Outdoors,Adidas,Supermarkets ,BOGO Blitz,580955.58,214,2714.75,509.59,4990.14
Sports & Outdoors,Adidas,Supermarkets ,Back to School Boost,620073.32,227,2731.60,540.41,4965.45
Sports & Outdoors,Adidas,Supermarkets ,Birthday Bash Sale,591687.40,223,2653.31,506.71,4978.32
Sports & Outdoors,Adidas,Supermarkets ,Black Friday Blowout,698893.75,241,2899.97,524.52,4991.94
Sports & Outdoors,Adidas,Supermarkets ,Cart Crasher Campaign,584495.12,204,2865.17,522.03,4944.12
Sports & Outdoors,Adidas,Supermarkets ,Cashback Carnival,651601.45,234,2784.62,502.87,4978.45
Sports & Outdoors,Adidas,Supermarkets ,Clearance Countdown,587578.26,219,2683.01,509.58,4998.56
Sports & Outdoors,Adidas,Supermarkets ,Countdown to Savings,616626.40,219,2815.65,510.44,4993.86
Sports & Outdoors,Adidas,Supermarkets ,Customer Appreciation Week,701695.06,250,2806.78,520.41,4988.05
Sports & Outdoors,Adidas,Supermarkets ,Cyber Monday Mania,674975.13,232,2909.38,517.23,4996.37
Sports & Outdoors,Adidas,Supermarkets ,Deal of the Month,508693.56,196,2595.38,518.06,4995.45
Sports & Outdoors,Adidas,Supermarkets ,Double Points Bonanza,577840.58,201,2874.83,502.14,4985.88
Sports & Outdoors,Adidas,Supermarkets ,Early Bird Specials,606335.50,219,2768.66,505.26,4991.02
Sports & Outdoors,Adidas,Supermarkets ,End of Season Sale,552149.06,202,2733.41,552.42,4990.21
Sports & Outdoors,Adidas,Supermarkets ,Exclusive Insider Offers,633348.50,233,2718.23,548.18,4991.28
Sports & Outdoors,Adidas,Supermarkets ,Festive Fever Promo,579818.00,218,2659.72,513.93,4984.89
Sports & Outdoors,Adidas,Supermarkets ,Final Call Frenzy,636317.45,235,2707.73,501.90,4999.33
Sports & Outdoors,Adidas,Supermarkets ,Flash Frenzy Friday,637073.41,236,2699.46,503.51,4997.00
Sports & Outdoors,Adidas,Supermarkets ,"Gift More, Spend Less",706013.96,250,2824.06,543.24,4993.87
Sports & Outdoors,Adidas,Supermarkets ,Golden Hour Bargains,572487.45,221,2590.44,515.84,4979.97
Sports & Outdoors,Adidas,Supermarkets ,Green Weekend Deals,650212.15,223,2915.75,504.25,4977.75
Sports & Outdoors,Adidas,Supermarkets ,Happy Hour Discounts,619333.21,221,2802.41,502.86,4981.47
Sports & Outdoors,Adidas,Supermarkets ,Holiday Shopping Rush,557470.45,219,2545.53,518.32,4971.68
Sports & Outdoors,Adidas,Supermarkets ,Hot Picks Promo,692666.09,258,2684.75,507.34,4990.00
Sports & Outdoors,Adidas,Supermarkets ,Instant Gratification Sale,629593.78,227,2773.54,500.89,4987.32
Sports & Outdoors,Adidas,Supermarkets ,Limited Time Treasures,634093.92,240,2642.06,509.09,4987.45
Sports & Outdoors,Adidas,Supermarkets ,Loyalty Rewards Blast,586185.86,215,2726.45,509.05,4966.28
Sports & Outdoors,Adidas,Supermarkets ,Mega Weekend Bonanza,695800.31,252,2761.11,525.37,4981.52
Sports & Outdoors,Adidas,Supermarkets ,Mid-Year Madness,600977.82,221,2719.36,502.53,4991.08
Sports & Outdoors,Adidas,Supermarkets ,Midnight Madness,726039.06,246,2951.38,500.45,4990.39
Sports & Outdoors,Adidas,Supermarkets ,Mystery Discount Days,576791.62,213,2707.94,506.53,4998.07
Sports & Outdoors,Adidas,Supermarkets ,New Arrival Showcase,615702.53,219,2811.43,526.98,4997.59
Sports & Outdoors,Adidas,Supermarkets ,New Product Launch Promo,628628.64,223,2818.96,501.61,4988.14
Sports & Outdoors,Adidas,Supermarkets ,New Year Kickoff,610419.65,208,2934.71,536.30,4977.99
Sports & Outdoors,Adidas,Supermarkets ,Price Drop Parade,622769.51,220,2830.77,508.85,4992.13
Sports & Outdoors,Adidas,Supermarkets ,Red Tag Clearance,707859.20,238,2974.20,504.13,4963.71
Sports & Outdoors,Adidas,Supermarkets ,Seasonal Surprise Box,582901.82,215,2711.17,515.20,4982.93
Sports & Outdoors,Adidas,Supermarkets ,Shop & Save Spectacular,578122.30,214,2701.51,530.01,4973.44
Sports & Outdoors,Adidas,Supermarkets ,Smart Shopper Week,686512.84,250,2746.05,583.36,4978.10
Sports & Outdoors,Adidas,Supermarkets ,Spring Refresh Event,595788.34,227,2624.62,508.56,4955.21
Sports & Outdoors,Adidas,Supermarkets ,Spring Splash Discounts,598172.68,219,2731.38,514.92,4990.37
Sports & Outdoors,Adidas,Supermarkets ,Summer Sizzle Promo,672985.09,227,2964.69,516.21,4985.23
Sports & Outdoors,Adidas,Supermarkets ,Super Savings Week,666656.85,244,2732.20,506.36,4974.31
Sports & Outdoors,Adidas,Supermarkets ,Ultimate Value Event,636024.72,240,2650.10,501.61,4991.47
Sports & Outdoors,Adidas,Supermarkets ,VIP Access Sale,601838.78,221,2723.25,516.95,4992.01
Sports & Outdoors,Adidas,Supermarkets ,Weekend Warrior Specials,641150.96,237,2705.28,501.48,4998.83
Sports & Outdoors,Adidas,Supermarkets ,Winter Clearance Carnival,701118.96,254,2760.31,509.53,4988.66
Sports & Outdoors,Adidas,Supermarkets ,Winter Wonders Sale,633225.24,225,2814.33,506.23,4975.48
Sports & Outdoors,Decathlon,Large Malls / Complexes,12 Days of Deals,495478.03,199,2489.84,508.37,4961.49
Sports & Outdoors,Decathlon,Large Malls / Complexes,Autumn Deals Drive,558095.16,206,2709.20,503.74,4986.73
Sports & Outdoors,Decathlon,Large Malls / Complexes,BOGO Blitz,545721.55,199,2742.32,534.77,4947.15
Sports & Outdoors,Decathlon,Large Malls / Complexes,Back to School Boost,576560.47,212,2719.62,537.41,4969.41
Sports & Outdoors,Decathlon,Large Malls / Complexes,Birthday Bash Sale,584320.25,201,2907.07,501.68,4986.88
Sports & Outdoors,Decathlon,Large Malls / Complexes,Black Friday Blowout,521463.29,187,2788.57,529.23,4941.27
Sports & Outdoors,Decathlon,Large Malls / Complexes,Cart Crasher Campaign,565643.61,221,2559.47,511.39,4995.47
Sports & Outdoors,Decathlon,Large Malls / Complexes,Cashback Carnival,555287.62,206,2695.57,500.42,4986.97
Sports & Outdoors,Decathlon,Large Malls / Complexes,Clearance Countdown,543708.50,195,2788.25,502.34,4995.72
Sports & Outdoors,Decathlon,Large Malls / Complexes,Countdown to Savings,574781.27,215,2673.40,508.34,4994.28
Sports & Outdoors,Decathlon,Large Malls / Complexes,Customer Appreciation Week,556055.34,208,2673.34,562.24,4926.25
Sports & Outdoors,Decathlon,Large Malls / Complexes,Cyber Monday Mania,568194.96,203,2798.99,501.43,4994.89
Sports & Outdoors,Decathlon,Large Malls / Complexes,Deal of the Month,658914.42,221,2981.51,503.70,4985.37
Sports & Outdoors,Decathlon,Large Malls / Complexes,Double Points Bonanza,548965.73,197,2786.63,508.18,4996.95
Sports & Outdoors,Decathlon,Large Malls / Complexes,Early Bird Specials,573746.58,200,2868.73,527.14,4989.80
Sports & Outdoors,Decathlon,Large Malls / Complexes,End of Season Sale,560628.36,195,2875.02,513.57,4995.91
Sports & Outdoors,Decathlon,Large Malls / Complexes,Exclusive Insider Offers,580433.38,199,2916.75,560.19,4992.70
Sports & Outdoors,Decathlon,Large Malls / Complexes,Festive Fever Promo,574167.51,199,2885.26,508.66,4990.56
Sports & Outdoors,Decathlon,Large Malls / Complexes,Final Call Frenzy,498569.79,183,2724.43,513.15,4955.64
Sports & Outdoors,Decathlon,Large Malls / Complexes,Flash Frenzy Friday,586339.64,224,2617.59,501.01,4985.05
Sports & Outdoors,Decathlon,Large Malls / Complexes,"Gift More, Spend Less",606450.75,229,2648.26,528.00,4995.74
Sports & Outdoors,Decathlon,Large Malls / Complexes,Golden Hour Bargains,675082.10,255,2647.38,506.18,4981.17
Sports & Outdoors,Decathlon,Large Malls / Complexes,Green Weekend Deals,535635.14,194,2761.01,570.64,4978.45
Sports & Outdoors,Decathlon,Large Malls / Complexes,Happy Hour Discounts,637433.28,217,2937.48,517.64,4989.33
Sports & Outdoors,Decathlon,Large Malls / Complexes,Holiday Shopping Rush,580888.82,206,2819.85,514.08,4997.18
Sports & Outdoors,Decathlon,Large Malls / Complexes,Hot Picks Promo,529755.68,202,2622.55,505.64,4958.49
Sports & Outdoors,Decathlon,Large Malls / Complexes,Instant Gratification Sale,604540.31,218,2773.12,523.68,4989.24
Sports & Outdoors,Decathlon,Large Malls / Complexes,Limited Time Treasures,537551.29,202,2661.14,538.45,4957.95
Sports & Outdoors,Decathlon,Large Malls / Complexes,Loyalty Rewards Blast,631387.04,230,2745.16,522.05,4985.62
Sports & Outdoors,Decathlon,Large Malls / Complexes,Mega Weekend Bonanza,640388.33,227,2821.09,513.95,4971.18
Sports & Outdoors,Decathlon,Large Malls / Complexes,Mid-Year Madness,592696.04,220,2694.07,528.05,4997.59
Sports & Outdoors,Decathlon,Large Malls / Complexes,Midnight Madness,530966.28,186,2854.66,520.94,4994.22
Sports & Outdoors,Decathlon,Large Malls / Complexes,Mystery Discount Days,536936.26,198,2711.80,558.45,4956.16
Sports & Outdoors,Decathlon,Large Malls / Complexes,New Arrival Showcase,578820.18,207,2796.23,517.40,4974.64
Sports & Outdoors,Decathlon,Large Malls / Complexes,New Product Launch Promo,552844.10,204,2710.02,509.58,4977.46
Sports & Outdoors,Decathlon,Large Malls / Complexes,New Year Kickoff,537409.34,204,2634.36,504.68,4965.80
Sports & Outdoors,Decathlon,Large Malls / Complexes,Price Drop Parade,529438.09,197,2687.50,500.07,4991.46
Sports & Outdoors,Decathlon,Large Malls / Complexes,Red Tag Clearance,600820.29,216,2781.58,539.89,4949.27
Sports & Outdoors,Decathlon,Large Malls / Complexes,Seasonal Surprise Box,538906.48,203,2654.71,557.13,4992.97
Sports & Outdoors,Decathlon,Large Malls / Complexes,Shop & Save Spectacular,597375.45,212,2817.81,502.57,4986.55
Sports & Outdoors,Decathlon,Large Malls / Complexes,Smart Shopper Week,592921.66,219,2707.40,519.40,4986.59
Sports & Outdoors,Decathlon,Large Malls / Complexes,Spring Refresh Event,574553.20,211,2723.00,500.56,4967.33
Sports & Outdoors,Decathlon,Large Malls / Complexes,Spring Splash Discounts,653672.74,231,2829.75,508.75,4955.54
Sports & Outdoors,Decathlon,Large Malls / Complexes,Summer Sizzle Promo,517696.83,200,2588.48,526.30,4958.64
Sports & Outdoors,Decathlon,Large Malls / Complexes,Super Savings Week,619525.18,216,2868.17,501.50,4998.97
Sports & Outdoors,Decathlon,Large Malls / Complexes,Ultimate Value Event,570068.06,205,2780.82,523.77,4909.66
Sports & Outdoors,Decathlon,Large Malls / Complexes,VIP Access Sale,576264.39,202,2852.79,514.26,4948.55
Sports & Outdoors,Decathlon,Large Malls / Complexes,Weekend Warrior Specials,543898.96,200,2719.49,514.80,4971.83
Sports & Outdoors,Decathlon,Large Malls / Complexes,Winter Clearance Carnival,618787.62,223,2774.83,506.66,4986.85
Sports & Outdoors,Decathlon,Large Malls / Complexes,Winter Wonders Sale,523606.50,198,2644.48,532.84,4956.53
Sports & Outdoors,Decathlon,Small Stores / Shops,12 Days of Deals,620342.53,223,2781.81,515.62,4985.06
Sports & Outdoors,Decathlon,Small Stores / Shops,Autumn Deals Drive,561073.70,205,2736.94,524.69,4983.97
Sports & Outdoors,Decathlon,Small Stores / Shops,BOGO Blitz,649039.55,234,2773.67,514.68,4997.17
Sports & Outdoors,Decathlon,Small Stores / Shops,Back to School Boost,633001.93,221,2864.26,517.77,4984.46
Sports & Outdoors,Decathlon,Small Stores / Shops,Birthday Bash Sale,616919.80,224,2754.11,508.25,4990.77
Sports & Outdoors,Decathlon,Small Stores / Shops,Black Friday Blowout,631090.14,233,2708.54,503.63,4990.38
Sports & Outdoors,Decathlon,Small Stores / Shops,Cart Crasher Campaign,640173.10,240,2667.39,504.84,4997.58
Sports & Outdoors,Decathlon,Small Stores / Shops,Cashback Carnival,546664.39,209,2615.62,500.39,4957.86
Sports & Outdoors,Decathlon,Small Stores / Shops,Clearance Countdown,666595.11,234,2848.70,501.38,4965.75
Sports & Outdoors,Decathlon,Small Stores / Shops,Countdown to Savings,681901.94,245,2783.27,500.23,4971.07
Sports & Outdoors,Decathlon,Small Stores / Shops,Customer Appreciation Week,784858.49,270,2906.88,531.10,4994.09
Sports & Outdoors,Decathlon,Small Stores / Shops,Cyber Monday Mania,616394.90,228,2703.49,505.17,4995.64
Sports & Outdoors,Decathlon,Small Stores / Shops,Deal of the Month,616673.10,231,2669.58,516.25,4919.99
Sports & Outdoors,Decathlon,Small Stores / Shops,Double Points Bonanza,652732.78,232,2813.50,502.80,4988.60
Sports & Outdoors,Decathlon,Small Stores / Shops,Early Bird Specials,671328.76,242,2774.09,525.28,4997.07
Sports & Outdoors,Decathlon,Small Stores / Shops,End of Season Sale,635754.77,243,2616.27,525.70,4978.05
Sports & Outdoors,Decathlon,Small Stores / Shops,Exclusive Insider Offers,634817.71,235,2701.35,525.50,4933.73
Sports & Outdoors,Decathlon,Small Stores / Shops,Festive Fever Promo,623099.67,229,2720.96,514.87,4960.53
Sports & Outdoors,Decathlon,Small Stores / Shops,Final Call Frenzy,687203.84,243,2828.00,510.70,4991.04
Sports & Outdoors,Decathlon,Small Stores / Shops,Flash Frenzy Friday,633406.56,234,2706.87,517.33,4996.10
Sports & Outdoors,Decathlon,Small Stores / Shops,"Gift More, Spend Less",582556.57,228,2555.07,507.15,4990.32
Sports & Outdoors,Decathlon,Small Stores / Shops,Golden Hour Bargains,668175.58,237,2819.31,534.98,4995.64
Sports & Outdoors,Decathlon,Small Stores / Shops,Green Weekend Deals,628480.48,222,2830.99,521.12,4967.35
Sports & Outdoors,Decathlon,Small Stores / Shops,Happy Hour Discounts,626942.41,218,2875.88,505.31,4981.62
Sports & Outdoors,Decathlon,Small Stores / Shops,Holiday Shopping Rush,654640.32,238,2750.59,521.38,4931.45
Sports & Outdoors,Decathlon,Small Stores / Shops,Hot Picks Promo,539348.83,214,2520.32,507.35,4948.28
Sports & Outdoors,Decathlon,Small Stores / Shops,Instant Gratification Sale,592560.12,205,2890.54,540.53,4998.94
Sports & Outdoors,Decathlon,Small Stores / Shops,Limited Time Treasures,648633.06,234,2771.94,565.52,4980.22
Sports & Outdoors,Decathlon,Small Stores / Shops,Loyalty Rewards Blast,569231.95,202,2817.98,500.22,4931.45
Sports & Outdoors,Decathlon,Small Stores / Shops,Mega Weekend Bonanza,593656.94,214,2774.10,500.15,4959.24
Sports & Outdoors,Decathlon,Small Stores / Shops,Mid-Year Madness,673484.11,248,2715.66,509.74,4956.19
Sports & Outdoors,Decathlon,Small Stores / Shops,Midnight Madness,611931.96,228,2683.91,506.71,4972.15
Sports & Outdoors,Decathlon,Small Stores / Shops,Mystery Discount Days,606940.69,219,2771.42,508.52,4958.83
Sports & Outdoors,Decathlon,Small Stores / Shops,New Arrival Showcase,607498.52,220,2761.36,511.49,4977.72
Sports & Outdoors,Decathlon,Small Stores / Shops,New Product Launch Promo,617527.04,224,2756.82,503.51,4989.97
Sports & Outdoors,Decathlon,Small Stores / Shops,New Year Kickoff,584455.56,211,2769.93,560.61,4997.16
Sports & Outdoors,Decathlon,Small Stores / Shops,Price Drop Parade,571247.03,215,2656.96,534.19,4960.66
Sports & Outdoors,Decathlon,Small Stores / Shops,Red Tag Clearance,584719.35,206,2838.44,588.88,4975.45
Sports & Outdoors,Decathlon,Small Stores / Shops,Seasonal Surprise Box,694989.19,241,2883.77,566.38,4991.22
Sports & Outdoors,Decathlon,Small Stores / Shops,Shop & Save Spectacular,585677.85,218,2686.60,507.87,4996.23
Sports & Outdoors,Decathlon,Small Stores / Shops,Smart Shopper Week,656693.13,242,2713.61,505.62,4994.72
Sports & Outdoors,Decathlon,Small Stores / Shops,Spring Refresh Event,653238.66,229,2852.57,521.35,4981.20
Sports & Outdoors,Decathlon,Small Stores / Shops,Spring Splash Discounts,635049.36,216,2940.04,508.67,4986.81
Sports & Outdoors,Decathlon,Small Stores / Shops,Summer Sizzle Promo,669007.81,242,2764.50,531.43,4953.74
Sports & Outdoors,Decathlon,Small Stores / Shops,Super Savings Week,632868.25,218,2903.07,532.17,4999.25
Sports & Outdoors,Decathlon,Small Stores / Shops,Ultimate Value Event,605269.51,226,2678.18,518.39,4970.94
Sports & Outdoors,Decathlon,Small Stores / Shops,VIP Access Sale,489703.33,186,2632.81,500.51,4993.65
Sports & Outdoors,Decathlon,Small Stores / Shops,Weekend Warrior Specials,584597.69,212,2757.54,520.44,4989.44
Sports & Outdoors,Decathlon,Small Stores / Shops,Winter Clearance Carnival,633438.77,232,2730.34,511.88,4991.91
Sports & Outdoors,Decathlon,Small Stores / Shops,Winter Wonders Sale,589893.74,207,2849.73,503.85,4987.82
Sports & Outdoors,Decathlon,Supermarkets ,12 Days of Deals,610419.96,225,2712.98,510.07,4977.69
Sports & Outdoors,Decathlon,Supermarkets ,Autumn Deals Drive,607507.89,222,2736.52,524.93,4990.55
Sports & Outdoors,Decathlon,Supermarkets ,BOGO Blitz,579918.00,214,2709.90,538.21,4933.89
Sports & Outdoors,Decathlon,Supermarkets ,Back to School Boost,699180.25,254,2752.68,515.62,4988.23
Sports & Outdoors,Decathlon,Supermarkets ,Birthday Bash Sale,664632.53,236,2816.24,512.52,4977.57
Sports & Outdoors,Decathlon,Supermarkets ,Black Friday Blowout,639918.32,238,2688.73,500.60,4987.52
Sports & Outdoors,Decathlon,Supermarkets ,Cart Crasher Campaign,661336.96,229,2887.93,572.34,4992.77
Sports & Outdoors,Decathlon,Supermarkets ,Cashback Carnival,645687.93,234,2759.35,505.40,4996.22
Sports & Outdoors,Decathlon,Supermarkets ,Clearance Countdown,595902.62,235,2535.76,501.31,4945.34
Sports & Outdoors,Decathlon,Supermarkets ,Countdown to Savings,591880.16,227,2607.40,500.09,4982.11
Sports & Outdoors,Decathlon,Supermarkets ,Customer Appreciation Week,639390.60,228,2804.34,538.36,4990.46
Sports & Outdoors,Decathlon,Supermarkets ,Cyber Monday Mania,567583.71,213,2664.71,522.90,4995.52
Sports & Outdoors,Decathlon,Supermarkets ,Deal of the Month,569431.59,207,2750.88,558.56,4999.17
Sports & Outdoors,Decathlon,Supermarkets ,Double Points Bonanza,604238.61,231,2615.75,524.66,4975.59
Sports & Outdoors,Decathlon,Supermarkets ,Early Bird Specials,610737.71,235,2598.88,524.55,4962.02
Sports & Outdoors,Decathlon,Supermarkets ,End of Season Sale,596444.93,228,2615.99,509.18,4999.05
Sports & Outdoors,Decathlon,Supermarkets ,Exclusive Insider Offers,666281.17,228,2922.29,524.76,4999.97
Sports & Outdoors,Decathlon,Supermarkets ,Festive Fever Promo,636319.62,234,2719.31,506.01,4997.72
Sports & Outdoors,Decathlon,Supermarkets ,Final Call Frenzy,675377.35,234,2886.23,516.00,4998.08
Sports & Outdoors,Decathlon,Supermarkets ,Flash Frenzy Friday,629284.37,237,2655.21,505.25,4974.34
Sports & Outdoors,Decathlon,Supermarkets ,"Gift More, Spend Less",728738.16,271,2689.07,500.46,4996.60
Sports & Outdoors,Decathlon,Supermarkets ,Golden Hour Bargains,702700.48,249,2822.09,509.56,4960.45
Sports & Outdoors,Decathlon,Supermarkets ,Green Weekend Deals,613350.49,230,2666.74,528.13,4985.58
Sports & Outdoors,Decathlon,Supermarkets ,Happy Hour Discounts,650578.28,237,2745.06,500.42,4933.97
Sports & Outdoors,Decathlon,Supermarkets ,Holiday Shopping Rush,633906.17,236,2686.04,530.45,4994.86
Sports & Outdoors,Decathlon,Supermarkets ,Hot Picks Promo,593667.38,212,2800.32,504.54,4994.34
Sports & Outdoors,Decathlon,Supermarkets ,Instant Gratification Sale,634763.48,231,2747.89,531.75,4968.55
Sports & Outdoors,Decathlon,Supermarkets ,Limited Time Treasures,619486.23,241,2570.48,513.55,4983.80
Sports & Outdoors,Decathlon,Supermarkets ,Loyalty Rewards Blast,606023.53,230,2634.88,538.82,4970.29
Sports & Outdoors,Decathlon,Supermarkets ,Mega Weekend Bonanza,626166.16,231,2710.68,501.48,4995.42
Sports & Outdoors,Decathlon,Supermarkets ,Mid-Year Madness,697690.85,243,2871.16,532.97,4999.49
Sports & Outdoors,Decathlon,Supermarkets ,Midnight Madness,610847.84,223,2739.23,501.16,4986.08
Sports & Outdoors,Decathlon,Supermarkets ,Mystery Discount Days,638695.23,215,2970.68,530.15,4979.54
Sports & Outdoors,Decathlon,Supermarkets ,New Arrival Showcase,735405.42,248,2965.34,506.47,4991.35
Sports & Outdoors,Decathlon,Supermarkets ,New Product Launch Promo,560324.92,210,2668.21,508.28,4957.53
Sports & Outdoors,Decathlon,Supermarkets ,New Year Kickoff,660644.25,238,2775.82,501.31,4988.03
Sports & Outdoors,Decathlon,Supermarkets ,Price Drop Parade,592990.54,222,2671.13,540.15,4980.83
Sports & Outdoors,Decathlon,Supermarkets ,Red Tag Clearance,673293.99,245,2748.14,500.15,4981.94
Sports & Outdoors,Decathlon,Supermarkets ,Seasonal Surprise Box,570589.28,217,2629.44,539.15,4962.32
Sports & Outdoors,Decathlon,Supermarkets ,Shop & Save Spectacular,633076.07,236,2682.53,513.29,4962.94
Sports & Outdoors,Decathlon,Supermarkets ,Smart Shopper Week,651038.74,232,2806.20,511.12,4995.51
Sports & Outdoors,Decathlon,Supermarkets ,Spring Refresh Event,694548.53,240,2893.95,521.35,4992.08
Sports & Outdoors,Decathlon,Supermarkets ,Spring Splash Discounts,638943.48,246,2597.33,513.60,4991.41
Sports & Outdoors,Decathlon,Supermarkets ,Summer Sizzle Promo,699434.07,264,2649.37,502.21,4991.16
Sports & Outdoors,Decathlon,Supermarkets ,Super Savings Week,650140.73,231,2814.46,536.95,4961.10
Sports & Outdoors,Decathlon,Supermarkets ,Ultimate Value Event,702258.65,249,2820.32,510.52,4996.78
Sports & Outdoors,Decathlon,Supermarkets ,VIP Access Sale,637789.75,228,2797.32,553.88,4974.98
Sports & Outdoors,Decathlon,Supermarkets ,Weekend Warrior Specials,594199.73,223,2664.57,551.03,4939.92
Sports & Outdoors,Decathlon,Supermarkets ,Winter Clearance Carnival,726985.36,258,2817.77,533.25,4999.77
Sports & Outdoors,Decathlon,Supermarkets ,Winter Wonders Sale,592740.53,215,2756.93,522.78,4993.77
Sports & Outdoors,Nike,Large Malls / Complexes,12 Days of Deals,704535.40,257,2741.38,519.47,4999.02
Sports & Outdoors,Nike,Large Malls / Complexes,Autumn Deals Drive,555733.92,206,2697.74,531.55,4921.75
Sports & Outdoors,Nike,Large Malls / Complexes,BOGO Blitz,578629.15,209,2768.56,524.20,4984.94
Sports & Outdoors,Nike,Large Malls / Complexes,Back to School Boost,590709.71,218,2709.68,534.05,4976.28
Sports & Outdoors,Nike,Large Malls / Complexes,Birthday Bash Sale,576097.47,208,2769.70,551.57,4975.44
Sports & Outdoors,Nike,Large Malls / Complexes,Black Friday Blowout,611254.23,214,2856.33,503.37,4986.85
Sports & Outdoors,Nike,Large Malls / Complexes,Cart Crasher Campaign,586372.23,211,2779.02,514.47,4995.45
Sports & Outdoors,Nike,Large Malls / Complexes,Cashback Carnival,512599.07,191,2683.76,520.83,4933.73
Sports & Outdoors,Nike,Large Malls / Complexes,Clearance Countdown,545997.38,212,2575.46,533.95,4992.16
Sports & Outdoors,Nike,Large Malls / Complexes,Countdown to Savings,569953.70,197,2893.17,536.67,4925.72
Sports & Outdoors,Nike,Large Malls / Complexes,Customer Appreciation Week,629534.96,232,2713.51,544.04,4957.27
Sports & Outdoors,Nike,Large Malls / Complexes,Cyber Monday Mania,548001.10,195,2810.26,505.34,4992.94
Sports & Outdoors,Nike,Large Malls / Complexes,Deal of the Month,517042.19,190,2721.27,533.01,4986.89
Sports & Outdoors,Nike,Large Malls / Complexes,Double Points Bonanza,588591.35,215,2737.63,568.45,4987.70
Sports & Outdoors,Nike,Large Malls / Complexes,Early Bird Specials,531569.85,183,2904.75,513.61,4995.45
Sports & Outdoors,Nike,Large Malls / Complexes,End of Season Sale,534902.03,197,2715.24,511.75,4991.27
Sports & Outdoors,Nike,Large Malls / Complexes,Exclusive Insider Offers,592350.34,209,2834.21,513.90,4988.56
Sports & Outdoors,Nike,Large Malls / Complexes,Festive Fever Promo,474133.80,176,2693.94,526.13,4964.48
Sports & Outdoors,Nike,Large Malls / Complexes,Final Call Frenzy,592464.93,225,2633.18,509.93,4997.60
Sports & Outdoors,Nike,Large Malls / Complexes,Flash Frenzy Friday,643767.58,227,2835.98,544.60,4995.14
Sports & Outdoors,Nike,Large Malls / Complexes,"Gift More, Spend Less",553457.03,203,2726.39,530.12,4920.63
Sports & Outdoors,Nike,Large Malls / Complexes,Golden Hour Bargains,625924.82,233,2686.37,544.95,4982.43
Sports & Outdoors,Nike,Large Malls / Complexes,Green Weekend Deals,610074.24,217,2811.40,523.04,4994.05
Sports & Outdoors,Nike,Large Malls / Complexes,Happy Hour Discounts,616481.79,221,2789.51,535.51,4998.95
Sports & Outdoors,Nike,Large Malls / Complexes,Holiday Shopping Rush,608854.49,227,2682.18,522.56,4962.15
Sports & Outdoors,Nike,Large Malls / Complexes,Hot Picks Promo,627899.33,230,2730.00,511.52,4989.53
Sports & Outdoors,Nike,Large Malls / Complexes,Instant Gratification Sale,656217.34,232,2828.52,504.23,4995.28
Sports & Outdoors,Nike,Large Malls / Complexes,Limited Time Treasures,617628.28,223,2769.63,519.56,4997.70
Sports & Outdoors,Nike,Large Malls / Complexes,Loyalty Rewards Blast,484773.66,188,2578.58,501.80,4967.93
Sports & Outdoors,Nike,Large Malls / Complexes,Mega Weekend Bonanza,608612.00,217,2804.66,509.61,4971.64
Sports & Outdoors,Nike,Large Malls / Complexes,Mid-Year Madness,504890.68,180,2804.95,517.63,4992.54
Sports & Outdoors,Nike,Large Malls / Complexes,Midnight Madness,653097.63,228,2864.46,512.31,4954.28
Sports & Outdoors,Nike,Large Malls / Complexes,Mystery Discount Days,505686.16,203,2491.06,524.59,4999.19
Sports & Outdoors,Nike,Large Malls / Complexes,New Arrival Showcase,563556.60,213,2645.81,515.17,4992.00
Sports & Outdoors,Nike,Large Malls / Complexes,New Product Launch Promo,568737.63,213,2670.13,508.78,4998.73
Sports & Outdoors,Nike,Large Malls / Complexes,New Year Kickoff,563965.09,189,2983.94,710.64,4966.27
Sports & Outdoors,Nike,Large Malls / Complexes,Price Drop Parade,611743.39,232,2636.82,511.87,4996.87
Sports & Outdoors,Nike,Large Malls / Complexes,Red Tag Clearance,482588.61,192,2513.48,520.69,4993.59
Sports & Outdoors,Nike,Large Malls / Complexes,Seasonal Surprise Box,543235.49,202,2689.28,568.87,4952.20
Sports & Outdoors,Nike,Large Malls / Complexes,Shop & Save Spectacular,649613.00,224,2900.06,554.96,4977.67
Sports & Outdoors,Nike,Large Malls / Complexes,Smart Shopper Week,538427.51,191,2818.99,514.53,4965.14
Sports & Outdoors,Nike,Large Malls / Complexes,Spring Refresh Event,598327.46,206,2904.50,503.69,4993.39
Sports & Outdoors,Nike,Large Malls / Complexes,Spring Splash Discounts,560969.25,208,2696.97,509.54,4898.45
Sports & Outdoors,Nike,Large Malls / Complexes,Summer Sizzle Promo,649646.43,230,2824.55,504.99,4997.66
Sports & Outdoors,Nike,Large Malls / Complexes,Super Savings Week,514059.64,191,2691.41,564.26,4970.25
Sports & Outdoors,Nike,Large Malls / Complexes,Ultimate Value Event,604873.86,223,2712.44,511.53,4987.42
Sports & Outdoors,Nike,Large Malls / Complexes,VIP Access Sale,605668.83,215,2817.06,523.12,4989.88
Sports & Outdoors,Nike,Large Malls / Complexes,Weekend Warrior Specials,591222.08,214,2762.72,513.82,4989.77
Sports & Outdoors,Nike,Large Malls / Complexes,Winter Clearance Carnival,651414.01,226,2882.36,534.87,4978.64
Sports & Outdoors,Nike,Large Malls / Complexes,Winter Wonders Sale,615029.70,216,2847.36,517.57,4985.64
Sports & Outdoors,Nike,Small Stores / Shops,12 Days of Deals,609010.04,223,2730.99,621.03,4999.67
Sports & Outdoors,Nike,Small Stores / Shops,Autumn Deals Drive,672077.41,254,2645.97,504.53,4988.18
Sports & Outdoors,Nike,Small Stores / Shops,BOGO Blitz,676025.40,239,2828.56,603.62,4973.13
Sports & Outdoors,Nike,Small Stores / Shops,Back to School Boost,612001.48,229,2672.50,559.15,4989.50
Sports & Outdoors,Nike,Small Stores / Shops,Birthday Bash Sale,626148.08,224,2795.30,500.14,4992.00
Sports & Outdoors,Nike,Small Stores / Shops,Black Friday Blowout,594687.63,217,2740.50,516.17,4987.76
Sports & Outdoors,Nike,Small Stores / Shops,Cart Crasher Campaign,666882.97,232,2874.50,515.04,4993.50
Sports & Outdoors,Nike,Small Stores / Shops,Cashback Carnival,615874.09,223,2761.77,512.71,4981.41
Sports & Outdoors,Nike,Small Stores / Shops,Clearance Countdown,533538.21,208,2565.09,511.98,4927.79
Sports & Outdoors,Nike,Small Stores / Shops,Countdown to Savings,622635.24,220,2830.16,532.17,4972.93
Sports & Outdoors,Nike,Small Stores / Shops,Customer Appreciation Week,612066.62,219,2794.82,523.80,4979.15
Sports & Outdoors,Nike,Small Stores / Shops,Cyber Monday Mania,604880.71,225,2688.36,502.42,4996.11
Sports & Outdoors,Nike,Small Stores / Shops,Deal of the Month,669733.95,249,2689.69,511.13,4995.46
Sports & Outdoors,Nike,Small Stores / Shops,Double Points Bonanza,622802.97,232,2684.50,507.25,4998.97
Sports & Outdoors,Nike,Small Stores / Shops,Early Bird Specials,642427.92,219,2933.46,563.71,4958.56
Sports & Outdoors,Nike,Small Stores / Shops,End of Season Sale,730582.41,256,2853.84,503.93,4993.65
Sports & Outdoors,Nike,Small Stores / Shops,Exclusive Insider Offers,621253.31,228,2724.80,502.99,4961.26
Sports & Outdoors,Nike,Small Stores / Shops,Festive Fever Promo,712350.49,245,2907.55,508.47,4973.24
Sports & Outdoors,Nike,Small Stores / Shops,Final Call Frenzy,587568.88,211,2784.69,502.59,4958.26
Sports & Outdoors,Nike,Small Stores / Shops,Flash Frenzy Friday,599328.22,209,2867.60,520.92,4972.67
Sports & Outdoors,Nike,Small Stores / Shops,"Gift More, Spend Less",592741.97,218,2719.00,521.61,4992.10
Sports & Outdoors,Nike,Small Stores / Shops,Golden Hour Bargains,609802.02,217,2810.15,500.01,4960.67
Sports & Outdoors,Nike,Small Stores / Shops,Green Weekend Deals,574827.09,217,2648.97,508.30,4996.20
Sports & Outdoors,Nike,Small Stores / Shops,Happy Hour Discounts,510654.45,196,2605.38,519.18,4985.47
Sports & Outdoors,Nike,Small Stores / Shops,Holiday Shopping Rush,611200.32,216,2829.63,510.74,4978.01
Sports & Outdoors,Nike,Small Stores / Shops,Hot Picks Promo,598396.03,218,2744.94,503.06,4997.69
Sports & Outdoors,Nike,Small Stores / Shops,Instant Gratification Sale,667712.73,242,2759.14,500.07,4959.91
Sports & Outdoors,Nike,Small Stores / Shops,Limited Time Treasures,586989.63,209,2808.56,508.79,4988.75
Sports & Outdoors,Nike,Small Stores / Shops,Loyalty Rewards Blast,644228.44,228,2825.56,509.96,4996.03
Sports & Outdoors,Nike,Small Stores / Shops,Mega Weekend Bonanza,667445.16,241,2769.48,503.85,4936.31
Sports & Outdoors,Nike,Small Stores / Shops,Mid-Year Madness,622016.77,225,2764.52,574.62,4941.47
Sports & Outdoors,Nike,Small Stores / Shops,Midnight Madness,577444.51,211,2736.70,619.01,4958.92
Sports & Outdoors,Nike,Small Stores / Shops,Mystery Discount Days,648957.32,231,2809.34,501.05,4995.72
Sports & Outdoors,Nike,Small Stores / Shops,New Arrival Showcase,612828.90,225,2723.68,510.89,4998.83
Sports & Outdoors,Nike,Small Stores / Shops,New Product Launch Promo,710396.09,249,2853.00,528.21,4995.97
Sports & Outdoors,Nike,Small Stores / Shops,New Year Kickoff,648875.83,235,2761.17,527.60,4996.00
Sports & Outdoors,Nike,Small Stores / Shops,Price Drop Parade,582004.19,207,2811.61,521.42,4975.61
Sports & Outdoors,Nike,Small Stores / Shops,Red Tag Clearance,665246.16,230,2892.37,547.53,4975.52
Sports & Outdoors,Nike,Small Stores / Shops,Seasonal Surprise Box,684628.41,253,2706.04,501.30,4992.44
Sports & Outdoors,Nike,Small Stores / Shops,Shop & Save Spectacular,676143.08,237,2852.92,622.85,4995.87
Sports & Outdoors,Nike,Small Stores / Shops,Smart Shopper Week,680547.02,241,2823.85,533.38,4975.06
Sports & Outdoors,Nike,Small Stores / Shops,Spring Refresh Event,608256.93,213,2855.67,526.59,4992.33
Sports & Outdoors,Nike,Small Stores / Shops,Spring Splash Discounts,592773.60,219,2706.73,523.12,4999.83
Sports & Outdoors,Nike,Small Stores / Shops,Summer Sizzle Promo,644342.21,222,2902.44,504.80,4998.50
Sports & Outdoors,Nike,Small Stores / Shops,Super Savings Week,665803.65,236,2821.20,523.55,4994.88
Sports & Outdoors,Nike,Small Stores / Shops,Ultimate Value Event,644385.01,239,2696.17,506.99,4999.44
Sports & Outdoors,Nike,Small Stores / Shops,VIP Access Sale,672606.75,236,2850.03,502.72,4986.31
Sports & Outdoors,Nike,Small Stores / Shops,Weekend Warrior Specials,588550.80,223,2639.24,500.79,4903.77
Sports & Outdoors,Nike,Small Stores / Shops,Winter Clearance Carnival,555166.73,204,2721.41,503.87,4998.38
Sports & Outdoors,Nike,Small Stores / Shops,Winter Wonders Sale,679048.83,231,2939.61,517.25,4981.89
Sports & Outdoors,Nike,Supermarkets ,12 Days of Deals,761563.07,269,2831.09,505.19,4987.26
Sports & Outdoors,Nike,Supermarkets ,Autumn Deals Drive,646175.24,248,2605.55,510.74,4971.65
Sports & Outdoors,Nike,Supermarkets ,BOGO Blitz,602108.60,212,2840.13,503.15,4985.60
Sports & Outdoors,Nike,Supermarkets ,Back to School Boost,644501.01,225,2864.45,513.03,4988.68
Sports & Outdoors,Nike,Supermarkets ,Birthday Bash Sale,611403.89,227,2693.41,501.50,4987.98
Sports & Outdoors,Nike,Supermarkets ,Black Friday Blowout,723842.24,262,2762.76,535.23,4996.57
Sports & Outdoors,Nike,Supermarkets ,Cart Crasher Campaign,704026.88,242,2909.20,585.57,4972.68
Sports & Outdoors,Nike,Supermarkets ,Cashback Carnival,614427.20,231,2659.86,519.41,4940.83
Sports & Outdoors,Nike,Supermarkets ,Clearance Countdown,723606.81,252,2871.46,530.89,4954.16
Sports & Outdoors,Nike,Supermarkets ,Countdown to Savings,638339.39,237,2693.42,505.40,4997.94
Sports & Outdoors,Nike,Supermarkets ,Customer Appreciation Week,639810.71,233,2745.97,529.37,4999.02
Sports & Outdoors,Nike,Supermarkets ,Cyber Monday Mania,677858.19,257,2637.58,517.96,4998.69
Sports & Outdoors,Nike,Supermarkets ,Deal of the Month,585600.57,217,2698.62,541.10,4969.28
Sports & Outdoors,Nike,Supermarkets ,Double Points Bonanza,707089.19,239,2958.53,576.61,4977.98
Sports & Outdoors,Nike,Supermarkets ,Early Bird Specials,715909.46,257,2785.64,507.63,4996.32
Sports & Outdoors,Nike,Supermarkets ,End of Season Sale,665982.40,243,2740.67,563.93,4968.18
Sports & Outdoors,Nike,Supermarkets ,Exclusive Insider Offers,680048.70,241,2821.78,510.89,4965.61
Sports & Outdoors,Nike,Supermarkets ,Festive Fever Promo,618982.00,230,2691.23,527.54,4967.48
Sports & Outdoors,Nike,Supermarkets ,Final Call Frenzy,562656.25,216,2604.89,508.36,4993.27
Sports & Outdoors,Nike,Supermarkets ,Flash Frenzy Friday,700989.11,255,2748.98,502.29,4967.46
Sports & Outdoors,Nike,Supermarkets ,"Gift More, Spend Less",617048.21,223,2767.03,543.63,4991.11
Sports & Outdoors,Nike,Supermarkets ,Golden Hour Bargains,626856.63,225,2786.03,511.02,4975.11
Sports & Outdoors,Nike,Supermarkets ,Green Weekend Deals,718515.25,271,2651.35,503.13,4948.17
Sports & Outdoors,Nike,Supermarkets ,Happy Hour Discounts,642482.12,229,2805.60,556.37,4957.60
Sports & Outdoors,Nike,Supermarkets ,Holiday Shopping Rush,620887.21,234,2653.36,502.99,4998.76
Sports & Outdoors,Nike,Supermarkets ,Hot Picks Promo,711757.74,258,2758.75,530.04,4978.48
Sports & Outdoors,Nike,Supermarkets ,Instant Gratification Sale,634224.82,238,2664.81,515.88,4980.88
Sports & Outdoors,Nike,Supermarkets ,Limited Time Treasures,577328.08,223,2588.92,501.18,4996.93
Sports & Outdoors,Nike,Supermarkets ,Loyalty Rewards Blast,644818.63,226,2853.18,500.80,4977.09
Sports & Outdoors,Nike,Supermarkets ,Mega Weekend Bonanza,631408.67,240,2630.87,520.24,4998.00
Sports & Outdoors,Nike,Supermarkets ,Mid-Year Madness,642974.44,242,2656.92,542.27,4956.16
Sports & Outdoors,Nike,Supermarkets ,Midnight Madness,593213.94,205,2893.73,509.62,4993.16
Sports & Outdoors,Nike,Supermarkets ,Mystery Discount Days,646637.13,236,2739.99,545.63,4998.21
Sports & Outdoors,Nike,Supermarkets ,New Arrival Showcase,579919.13,212,2735.47,503.53,4992.57
Sports & Outdoors,Nike,Supermarkets ,New Product Launch Promo,633755.28,231,2743.53,503.65,4998.60
Sports & Outdoors,Nike,Supermarkets ,New Year Kickoff,601106.48,231,2602.19,507.42,4972.44
Sports & Outdoors,Nike,Supermarkets ,Price Drop Parade,669527.88,242,2766.64,525.17,4990.87
Sports & Outdoors,Nike,Supermarkets ,Red Tag Clearance,657542.89,234,2810.01,516.57,4999.05
Sports & Outdoors,Nike,Supermarkets ,Seasonal Surprise Box,631911.39,238,2655.09,500.31,4981.63
Sports & Outdoors,Nike,Supermarkets ,Shop & Save Spectacular,585336.54,227,2578.58,512.09,4991.85
Sports & Outdoors,Nike,Supermarkets ,Smart Shopper Week,591347.23,219,2700.22,533.73,4996.44
Sports & Outdoors,Nike,Supermarkets ,Spring Refresh Event,697536.44,238,2930.83,505.18,4992.74
Sports & Outdoors,Nike,Supermarkets ,Spring Splash Discounts,586337.87,222,2641.16,502.55,4974.79
Sports & Outdoors,Nike,Supermarkets ,Summer Sizzle Promo,675924.25,240,2816.35,505.27,4965.09
Sports & Outdoors,Nike,Supermarkets ,Super Savings Week,753483.99,259,2909.20,509.07,4963.41
Sports & Outdoors,Nike,Supermarkets ,Ultimate Value Event,659089.10,245,2690.16,509.35,4981.61
Sports & Outdoors,Nike,Supermarkets ,VIP Access Sale,647504.00,234,2767.11,513.58,4991.94
Sports & Outdoors,Nike,Supermarkets ,Weekend Warrior Specials,565094.72,228,2478.49,517.75,4976.50
Sports & Outdoors,Nike,Supermarkets ,Winter Clearance Carnival,658223.79,243,2708.74,503.08,4988.95
Sports & Outdoors,Nike,Supermarkets ,Winter Wonders Sale,676058.13,237,2852.57,545.86,4992.09
Sports & Outdoors,Puma,Large Malls / Complexes,12 Days of Deals,608204.46,217,2802.79,526.79,4934.10
Sports & Outdoors,Puma,Large Malls / Complexes,Autumn Deals Drive,549035.13,212,2589.79,501.93,4975.91
Sports & Outdoors,Puma,Large Malls / Complexes,BOGO Blitz,565653.08,216,2618.76,525.03,4969.70
Sports & Outdoors,Puma,Large Malls / Complexes,Back to School Boost,618613.26,224,2761.67,517.34,4998.09
Sports & Outdoors,Puma,Large Malls / Complexes,Birthday Bash Sale,603688.48,223,2707.12,503.09,4949.29
Sports & Outdoors,Puma,Large Malls / Complexes,Black Friday Blowout,587513.09,224,2622.83,513.40,4987.34
Sports & Outdoors,Puma,Large Malls / Complexes,Cart Crasher Campaign,560242.26,211,2655.18,510.88,4993.76
Sports & Outdoors,Puma,Large Malls / Complexes,Cashback Carnival,491382.28,181,2714.82,502.29,4972.48
Sports & Outdoors,Puma,Large Malls / Complexes,Clearance Countdown,561211.67,213,2634.80,582.50,4980.56
Sports & Outdoors,Puma,Large Malls / Complexes,Countdown to Savings,634201.70,221,2869.69,532.79,4999.61
Sports & Outdoors,Puma,Large Malls / Complexes,Customer Appreciation Week,574891.72,208,2763.90,541.87,4962.54
Sports & Outdoors,Puma,Large Malls / Complexes,Cyber Monday Mania,686362.35,236,2908.32,508.24,4969.51
Sports & Outdoors,Puma,Large Malls / Complexes,Deal of the Month,527532.66,194,2719.24,511.61,4948.50
Sports & Outdoors,Puma,Large Malls / Complexes,Double Points Bonanza,634216.01,231,2745.52,510.07,4998.01
Sports & Outdoors,Puma,Large Malls / Complexes,Early Bird Specials,547690.50,203,2697.98,501.96,4904.93
Sports & Outdoors,Puma,Large Malls / Complexes,End of Season Sale,557699.82,205,2720.49,509.20,4966.06
Sports & Outdoors,Puma,Large Malls / Complexes,Exclusive Insider Offers,613703.03,220,2789.56,513.77,4978.62
Sports & Outdoors,Puma,Large Malls / Complexes,Festive Fever Promo,673466.56,229,2940.90,534.67,4979.82
Sports & Outdoors,Puma,Large Malls / Complexes,Final Call Frenzy,541970.25,201,2696.37,529.96,4962.59
Sports & Outdoors,Puma,Large Malls / Complexes,Flash Frenzy Friday,524813.46,191,2747.71,512.74,4997.51
Sports & Outdoors,Puma,Large Malls / Complexes,"Gift More, Spend Less",616399.20,225,2739.55,522.73,4975.83
Sports & Outdoors,Puma,Large Malls / Complexes,Golden Hour Bargains,624606.38,242,2581.02,506.68,4945.32
Sports & Outdoors,Puma,Large Malls / Complexes,Green Weekend Deals,627954.10,228,2754.18,508.67,4997.63
Sports & Outdoors,Puma,Large Malls / Complexes,Happy Hour Discounts,572778.12,216,2651.75,516.34,4999.78
Sports & Outdoors,Puma,Large Malls / Complexes,Holiday Shopping Rush,544063.67,200,2720.32,525.92,4985.94
Sports & Outdoors,Puma,Large Malls / Complexes,Hot Picks Promo,591871.73,213,2778.74,521.51,4985.79
Sports & Outdoors,Puma,Large Malls / Complexes,Instant Gratification Sale,609879.28,224,2722.68,521.53,4988.31
Sports & Outdoors,Puma,Large Malls / Complexes,Limited Time Treasures,552541.06,204,2708.53,509.04,4987.22
Sports & Outdoors,Puma,Large Malls / Complexes,Loyalty Rewards Blast,549488.74,206,2667.42,525.17,4988.95
Sports & Outdoors,Puma,Large Malls / Complexes,Mega Weekend Bonanza,561871.45,201,2795.38,576.75,4993.01
Sports & Outdoors,Puma,Large Malls / Complexes,Mid-Year Madness,553894.07,202,2742.05,536.19,4998.69
Sports & Outdoors,Puma,Large Malls / Complexes,Midnight Madness,644099.30,226,2850.00,569.42,4968.18
Sports & Outdoors,Puma,Large Malls / Complexes,Mystery Discount Days,632182.54,220,2873.56,502.74,4989.36
Sports & Outdoors,Puma,Large Malls / Complexes,New Arrival Showcase,617232.66,215,2870.85,500.37,4984.98
Sports & Outdoors,Puma,Large Malls / Complexes,New Product Launch Promo,568398.81,211,2693.83,565.47,4988.61
Sports & Outdoors,Puma,Large Malls / Complexes,New Year Kickoff,545783.75,195,2798.89,563.96,4994.88
Sports & Outdoors,Puma,Large Malls / Complexes,Price Drop Parade,534934.38,197,2715.40,504.82,4990.43
Sports & Outdoors,Puma,Large Malls / Complexes,Red Tag Clearance,573559.16,212,2705.47,504.14,4965.49
Sports & Outdoors,Puma,Large Malls / Complexes,Seasonal Surprise Box,562562.32,205,2744.21,536.97,4996.14
Sports & Outdoors,Puma,Large Malls / Complexes,Shop & Save Spectacular,630455.59,223,2827.16,525.84,4998.60
Sports & Outdoors,Puma,Large Malls / Complexes,Smart Shopper Week,537235.15,196,2741.00,534.27,4990.11
Sports & Outdoors,Puma,Large Malls / Complexes,Spring Refresh Event,561135.52,205,2737.25,521.71,4973.10
Sports & Outdoors,Puma,Large Malls / Complexes,Spring Splash Discounts,585521.27,215,2723.35,506.18,4989.65
Sports & Outdoors,Puma,Large Malls / Complexes,Summer Sizzle Promo,517596.05,187,2767.89,500.10,4982.08
Sports & Outdoors,Puma,Large Malls / Complexes,Super Savings Week,606569.62,228,2660.39,531.63,4971.00
Sports & Outdoors,Puma,Large Malls / Complexes,Ultimate Value Event,522747.55,180,2904.15,527.81,4963.97
Sports & Outdoors,Puma,Large Malls / Complexes,VIP Access Sale,572663.92,205,2793.48,507.72,4974.48
Sports & Outdoors,Puma,Large Malls / Complexes,Weekend Warrior Specials,624632.74,215,2905.27,509.15,4981.24
Sports & Outdoors,Puma,Large Malls / Complexes,Winter Clearance Carnival,604893.91,203,2979.77,535.72,4957.58
Sports & Outdoors,Puma,Large Malls / Complexes,Winter Wonders Sale,582572.37,214,2722.30,534.89,4985.90
Sports & Outdoors,Puma,Small Stores / Shops,12 Days of Deals,626713.56,221,2835.81,502.11,4987.18
Sports & Outdoors,Puma,Small Stores / Shops,Autumn Deals Drive,589421.37,219,2691.42,510.00,4997.04
Sports & Outdoors,Puma,Small Stores / Shops,BOGO Blitz,646395.00,238,2715.95,511.07,4997.71
Sports & Outdoors,Puma,Small Stores / Shops,Back to School Boost,650805.30,230,2829.59,503.12,4967.84
Sports & Outdoors,Puma,Small Stores / Shops,Birthday Bash Sale,597080.25,227,2630.31,513.78,4981.93
Sports & Outdoors,Puma,Small Stores / Shops,Black Friday Blowout,691921.88,247,2801.30,513.30,4967.10
Sports & Outdoors,Puma,Small Stores / Shops,Cart Crasher Campaign,607961.83,229,2654.86,522.71,4969.62
Sports & Outdoors,Puma,Small Stores / Shops,Cashback Carnival,636760.80,219,2907.58,526.61,4993.05
Sports & Outdoors,Puma,Small Stores / Shops,Clearance Countdown,641451.17,237,2706.55,501.13,4989.35
Sports & Outdoors,Puma,Small Stores / Shops,Countdown to Savings,749245.50,256,2926.74,502.49,4996.57
Sports & Outdoors,Puma,Small Stores / Shops,Customer Appreciation Week,638634.17,229,2788.80,529.19,4993.43
Sports & Outdoors,Puma,Small Stores / Shops,Cyber Monday Mania,631243.39,235,2686.14,509.87,4983.99
Sports & Outdoors,Puma,Small Stores / Shops,Deal of the Month,658450.79,234,2813.89,503.87,4991.35
Sports & Outdoors,Puma,Small Stores / Shops,Double Points Bonanza,586143.46,211,2777.93,539.50,4993.64
Sports & Outdoors,Puma,Small Stores / Shops,Early Bird Specials,586955.33,222,2643.94,513.18,4943.95
Sports & Outdoors,Puma,Small Stores / Shops,End of Season Sale,640211.68,230,2783.53,502.75,4996.88
Sports & Outdoors,Puma,Small Stores / Shops,Exclusive Insider Offers,622844.56,230,2708.02,563.18,4998.46
Sports & Outdoors,Puma,Small Stores / Shops,Festive Fever Promo,633223.32,227,2789.53,503.49,4989.99
Sports & Outdoors,Puma,Small Stores / Shops,Final Call Frenzy,651678.42,239,2726.69,500.03,4987.28
Sports & Outdoors,Puma,Small Stores / Shops,Flash Frenzy Friday,654816.28,246,2661.85,504.35,4982.13
Sports & Outdoors,Puma,Small Stores / Shops,"Gift More, Spend Less",645822.51,233,2771.77,510.02,4991.44
Sports & Outdoors,Puma,Small Stores / Shops,Golden Hour Bargains,631888.89,236,2677.50,558.61,4989.95
Sports & Outdoors,Puma,Small Stores / Shops,Green Weekend Deals,649997.39,236,2754.23,504.95,4995.36
Sports & Outdoors,Puma,Small Stores / Shops,Happy Hour Discounts,727316.03,255,2852.22,526.25,4993.63
Sports & Outdoors,Puma,Small Stores / Shops,Holiday Shopping Rush,598961.39,219,2734.98,503.52,4937.14
Sports & Outdoors,Puma,Small Stores / Shops,Hot Picks Promo,593725.46,224,2650.56,500.04,4996.43
Sports & Outdoors,Puma,Small Stores / Shops,Instant Gratification Sale,632058.66,235,2689.61,500.41,4967.12
Sports & Outdoors,Puma,Small Stores / Shops,Limited Time Treasures,575236.31,211,2726.24,511.42,4983.32
Sports & Outdoors,Puma,Small Stores / Shops,Loyalty Rewards Blast,594949.26,225,2644.22,514.60,4983.91
Sports & Outdoors,Puma,Small Stores / Shops,Mega Weekend Bonanza,630404.11,224,2814.30,502.77,4964.60
Sports & Outdoors,Puma,Small Stores / Shops,Mid-Year Madness,627362.74,234,2681.04,530.80,4995.13
Sports & Outdoors,Puma,Small Stores / Shops,Midnight Madness,614773.79,223,2756.83,514.18,4993.54
Sports & Outdoors,Puma,Small Stores / Shops,Mystery Discount Days,574801.47,220,2612.73,506.20,4990.91
Sports & Outdoors,Puma,Small Stores / Shops,New Arrival Showcase,657641.26,246,2673.34,506.15,4994.48
Sports & Outdoors,Puma,Small Stores / Shops,New Product Launch Promo,617330.11,217,2844.84,503.81,4994.43
Sports & Outdoors,Puma,Small Stores / Shops,New Year Kickoff,604728.67,222,2724.00,528.73,4970.64
Sports & Outdoors,Puma,Small Stores / Shops,Price Drop Parade,623771.33,237,2631.95,511.47,4985.83
Sports & Outdoors,Puma,Small Stores / Shops,Red Tag Clearance,575674.62,218,2640.71,515.16,4991.35
Sports & Outdoors,Puma,Small Stores / Shops,Seasonal Surprise Box,677515.02,257,2636.25,522.11,4974.36
Sports & Outdoors,Puma,Small Stores / Shops,Shop & Save Spectacular,577363.54,206,2802.74,538.88,4976.80
Sports & Outdoors,Puma,Small Stores / Shops,Smart Shopper Week,686011.78,248,2766.18,509.78,4996.42
Sports & Outdoors,Puma,Small Stores / Shops,Spring Refresh Event,601734.29,227,2650.81,502.39,4914.92
Sports & Outdoors,Puma,Small Stores / Shops,Spring Splash Discounts,615337.07,213,2888.91,517.03,4994.34
Sports & Outdoors,Puma,Small Stores / Shops,Summer Sizzle Promo,651577.64,235,2772.67,502.54,4997.06
Sports & Outdoors,Puma,Small Stores / Shops,Super Savings Week,625440.42,220,2842.91,536.27,4970.76
Sports & Outdoors,Puma,Small Stores / Shops,Ultimate Value Event,622483.25,226,2754.35,503.10,4952.79
Sports & Outdoors,Puma,Small Stores / Shops,VIP Access Sale,666282.92,239,2787.79,525.46,4994.03
Sports & Outdoors,Puma,Small Stores / Shops,Weekend Warrior Specials,636747.99,236,2698.08,520.21,4984.56
Sports & Outdoors,Puma,Small Stores / Shops,Winter Clearance Carnival,628475.23,227,2768.61,512.66,4986.12
Sports & Outdoors,Puma,Small Stores / Shops,Winter Wonders Sale,606094.40,232,2612.48,535.61,4993.15
Sports & Outdoors,Puma,Supermarkets ,12 Days of Deals,646258.79,240,2692.74,512.46,4924.74
Sports & Outdoors,Puma,Supermarkets ,Autumn Deals Drive,592431.86,226,2621.38,518.29,4996.09
Sports & Outdoors,Puma,Supermarkets ,BOGO Blitz,654748.86,236,2774.36,503.44,4986.87
Sports & Outdoors,Puma,Supermarkets ,Back to School Boost,696381.82,251,2774.43,501.48,4981.70
Sports & Outdoors,Puma,Supermarkets ,Birthday Bash Sale,783553.58,271,2891.34,519.85,4984.92
Sports & Outdoors,Puma,Supermarkets ,Black Friday Blowout,594820.50,232,2563.88,511.67,4997.46
Sports & Outdoors,Puma,Supermarkets ,Cart Crasher Campaign,529670.45,205,2583.76,519.31,4986.87
Sports & Outdoors,Puma,Supermarkets ,Cashback Carnival,696743.50,261,2669.52,519.15,4989.37
Sports & Outdoors,Puma,Supermarkets ,Clearance Countdown,575609.85,214,2689.77,519.06,4966.44
Sports & Outdoors,Puma,Supermarkets ,Countdown to Savings,573840.38,221,2596.56,500.66,4995.70
Sports & Outdoors,Puma,Supermarkets ,Customer Appreciation Week,687243.11,244,2816.57,551.68,4967.48
Sports & Outdoors,Puma,Supermarkets ,Cyber Monday Mania,681456.16,256,2661.94,513.22,4992.50
Sports & Outdoors,Puma,Supermarkets ,Deal of the Month,639155.04,238,2685.53,520.18,4999.89
Sports & Outdoors,Puma,Supermarkets ,Double Points Bonanza,615921.77,217,2838.35,504.90,4983.65
Sports & Outdoors,Puma,Supermarkets ,Early Bird Specials,639899.25,228,2806.58,576.80,4972.38
Sports & Outdoors,Puma,Supermarkets ,End of Season Sale,702390.81,238,2951.22,505.12,4970.86
Sports & Outdoors,Puma,Supermarkets ,Exclusive Insider Offers,708852.01,250,2835.41,522.46,4969.22
Sports & Outdoors,Puma,Supermarkets ,Festive Fever Promo,685235.12,252,2719.19,503.81,4996.45
Sports & Outdoors,Puma,Supermarkets ,Final Call Frenzy,539320.07,197,2737.67,521.29,4983.68
Sports & Outdoors,Puma,Supermarkets ,Flash Frenzy Friday,608994.81,221,2755.63,504.62,4983.46
Sports & Outdoors,Puma,Supermarkets ,"Gift More, Spend Less",633883.11,242,2619.35,543.91,4930.24
Sports & Outdoors,Puma,Supermarkets ,Golden Hour Bargains,608756.64,222,2742.15,512.16,4910.76
Sports & Outdoors,Puma,Supermarkets ,Green Weekend Deals,596916.94,223,2676.76,548.28,4986.34
Sports & Outdoors,Puma,Supermarkets ,Happy Hour Discounts,600321.66,219,2741.19,537.80,4961.27
Sports & Outdoors,Puma,Supermarkets ,Holiday Shopping Rush,743073.35,256,2902.63,528.26,4974.10
Sports & Outdoors,Puma,Supermarkets ,Hot Picks Promo,648205.28,232,2793.99,543.88,4973.09
Sports & Outdoors,Puma,Supermarkets ,Instant Gratification Sale,724548.84,260,2786.73,506.16,4978.71
Sports & Outdoors,Puma,Supermarkets ,Limited Time Treasures,648765.16,237,2737.41,518.56,4988.87
Sports & Outdoors,Puma,Supermarkets ,Loyalty Rewards Blast,575558.95,209,2753.87,546.68,4982.62
Sports & Outdoors,Puma,Supermarkets ,Mega Weekend Bonanza,557080.31,196,2842.25,523.76,4982.41
Sports & Outdoors,Puma,Supermarkets ,Mid-Year Madness,641681.96,233,2754.00,502.72,4993.79
Sports & Outdoors,Puma,Supermarkets ,Midnight Madness,559430.86,209,2676.70,510.11,4996.42
Sports & Outdoors,Puma,Supermarkets ,Mystery Discount Days,613552.62,215,2853.73,500.04,4995.75
Sports & Outdoors,Puma,Supermarkets ,New Arrival Showcase,680046.58,243,2798.55,504.11,4986.29
Sports & Outdoors,Puma,Supermarkets ,New Product Launch Promo,613381.81,211,2907.02,582.69,4993.05
Sports & Outdoors,Puma,Supermarkets ,New Year Kickoff,653215.85,227,2877.60,514.47,4986.73
Sports & Outdoors,Puma,Supermarkets ,Price Drop Parade,601233.29,212,2836.01,549.55,4968.88
Sports & Outdoors,Puma,Supermarkets ,Red Tag Clearance,611599.05,230,2659.13,542.66,4951.77
Sports & Outdoors,Puma,Supermarkets ,Seasonal Surprise Box,642727.01,237,2711.93,503.60,4995.90
Sports & Outdoors,Puma,Supermarkets ,Shop & Save Spectacular,637087.31,237,2688.13,505.73,4997.56
Sports & Outdoors,Puma,Supermarkets ,Smart Shopper Week,617849.31,231,2674.67,552.33,4987.83
Sports & Outdoors,Puma,Supermarkets ,Spring Refresh Event,699101.87,253,2763.25,502.50,4991.31
Sports & Outdoors,Puma,Supermarkets ,Spring Splash Discounts,582288.16,198,2940.85,584.13,4987.61
Sports & Outdoors,Puma,Supermarkets ,Summer Sizzle Promo,738811.75,264,2798.53,500.81,4981.42
Sports & Outdoors,Puma,Supermarkets ,Super Savings Week,587649.52,209,2811.72,515.06,4981.53
Sports & Outdoors,Puma,Supermarkets ,Ultimate Value Event,647112.27,237,2730.43,523.37,4996.51
Sports & Outdoors,Puma,Supermarkets ,VIP Access Sale,621271.81,216,2876.26,513.56,4995.80
Sports & Outdoors,Puma,Supermarkets ,Weekend Warrior Specials,645440.94,244,2645.25,506.15,4984.36
Sports & Outdoors,Puma,Supermarkets ,Winter Clearance Carnival,570936.20,205,2785.05,505.00,4990.30
Sports & Outdoors,Puma,Supermarkets ,Winter Wonders Sale,647020.64,230,2813.13,543.84,4959.30
Sports & Outdoors,Reebok,Large Malls / Complexes,12 Days of Deals,588180.96,212,2774.44,521.61,4989.91
Sports & Outdoors,Reebok,Large Malls / Complexes,Autumn Deals Drive,651463.46,237,2748.79,500.76,4996.59
Sports & Outdoors,Reebok,Large Malls / Complexes,BOGO Blitz,551182.36,213,2587.71,509.14,4996.45
Sports & Outdoors,Reebok,Large Malls / Complexes,Back to School Boost,549372.62,206,2666.86,544.67,4989.13
Sports & Outdoors,Reebok,Large Malls / Complexes,Birthday Bash Sale,578089.40,209,2765.98,517.17,4999.34
Sports & Outdoors,Reebok,Large Malls / Complexes,Black Friday Blowout,612874.90,233,2630.36,504.45,4952.20
Sports & Outdoors,Reebok,Large Malls / Complexes,Cart Crasher Campaign,552229.51,210,2629.66,529.05,4978.14
Sports & Outdoors,Reebok,Large Malls / Complexes,Cashback Carnival,621868.29,226,2751.63,504.12,4990.45
Sports & Outdoors,Reebok,Large Malls / Complexes,Clearance Countdown,577995.25,212,2726.39,557.90,4980.70
Sports & Outdoors,Reebok,Large Malls / Complexes,Countdown to Savings,607455.31,221,2748.67,563.97,4987.71
Sports & Outdoors,Reebok,Large Malls / Complexes,Customer Appreciation Week,557218.86,208,2678.94,513.44,4974.30
Sports & Outdoors,Reebok,Large Malls / Complexes,Cyber Monday Mania,601348.32,225,2672.66,508.36,4983.66
Sports & Outdoors,Reebok,Large Malls / Complexes,Deal of the Month,606013.78,219,2767.19,520.45,4993.19
Sports & Outdoors,Reebok,Large Malls / Complexes,Double Points Bonanza,645028.75,229,2816.72,521.66,4983.68
Sports & Outdoors,Reebok,Large Malls / Complexes,Early Bird Specials,603392.27,211,2859.68,508.41,4996.35
Sports & Outdoors,Reebok,Large Malls / Complexes,End of Season Sale,613524.45,224,2738.95,503.57,4973.24
Sports & Outdoors,Reebok,Large Malls / Complexes,Exclusive Insider Offers,574086.29,208,2760.03,530.90,4979.32
Sports & Outdoors,Reebok,Large Malls / Complexes,Festive Fever Promo,564944.32,207,2729.20,506.83,4995.28
Sports & Outdoors,Reebok,Large Malls / Complexes,Final Call Frenzy,582127.99,218,2670.31,500.30,4962.97
Sports & Outdoors,Reebok,Large Malls / Complexes,Flash Frenzy Friday,622858.82,217,2870.32,503.56,4949.14
Sports & Outdoors,Reebok,Large Malls / Complexes,"Gift More, Spend Less",669022.51,232,2883.72,517.32,4954.56
Sports & Outdoors,Reebok,Large Malls / Complexes,Golden Hour Bargains,569934.61,206,2766.67,522.30,4990.16
Sports & Outdoors,Reebok,Large Malls / Complexes,Green Weekend Deals,613777.09,229,2680.25,500.26,4986.57
Sports & Outdoors,Reebok,Large Malls / Complexes,Happy Hour Discounts,638029.07,225,2835.68,512.26,4989.45
Sports & Outdoors,Reebok,Large Malls / Complexes,Holiday Shopping Rush,560549.56,203,2761.33,506.69,4972.41
Sports & Outdoors,Reebok,Large Malls / Complexes,Hot Picks Promo,622970.88,221,2818.87,523.62,4996.34
Sports & Outdoors,Reebok,Large Malls / Complexes,Instant Gratification Sale,620414.01,223,2782.13,504.24,4991.13
Sports & Outdoors,Reebok,Large Malls / Complexes,Limited Time Treasures,620998.82,214,2901.86,502.11,4991.63
Sports & Outdoors,Reebok,Large Malls / Complexes,Loyalty Rewards Blast,518551.66,193,2686.80,530.92,4897.54
Sports & Outdoors,Reebok,Large Malls / Complexes,Mega Weekend Bonanza,615839.00,212,2904.90,508.48,4986.53
Sports & Outdoors,Reebok,Large Malls / Complexes,Mid-Year Madness,613379.73,229,2678.51,508.91,4990.40
Sports & Outdoors,Reebok,Large Malls / Complexes,Midnight Madness,557180.34,209,2665.93,526.93,4939.51
Sports & Outdoors,Reebok,Large Malls / Complexes,Mystery Discount Days,612314.51,219,2795.96,509.60,4984.10
Sports & Outdoors,Reebok,Large Malls / Complexes,New Arrival Showcase,599785.89,214,2802.74,509.29,4967.08
Sports & Outdoors,Reebok,Large Malls / Complexes,New Product Launch Promo,650438.18,230,2827.99,561.42,4998.53
Sports & Outdoors,Reebok,Large Malls / Complexes,New Year Kickoff,634748.45,229,2771.83,503.09,4996.62
Sports & Outdoors,Reebok,Large Malls / Complexes,Price Drop Parade,538321.14,195,2760.62,515.52,4989.65
Sports & Outdoors,Reebok,Large Malls / Complexes,Red Tag Clearance,581370.72,212,2742.31,515.84,4997.25
Sports & Outdoors,Reebok,Large Malls / Complexes,Seasonal Surprise Box,609449.97,219,2782.88,546.03,4980.23
Sports & Outdoors,Reebok,Large Malls / Complexes,Shop & Save Spectacular,657426.95,238,2762.30,502.76,4969.16
Sports & Outdoors,Reebok,Large Malls / Complexes,Smart Shopper Week,506558.71,203,2495.36,509.40,4911.25
Sports & Outdoors,Reebok,Large Malls / Complexes,Spring Refresh Event,620572.06,226,2745.89,507.06,4986.59
Sports & Outdoors,Reebok,Large Malls / Complexes,Spring Splash Discounts,623079.04,233,2674.16,512.45,4991.74
Sports & Outdoors,Reebok,Large Malls / Complexes,Summer Sizzle Promo,536764.02,204,2631.20,503.35,4987.70
Sports & Outdoors,Reebok,Large Malls / Complexes,Super Savings Week,678768.75,242,2804.83,548.69,4960.22
Sports & Outdoors,Reebok,Large Malls / Complexes,Ultimate Value Event,684312.67,242,2827.74,525.84,4994.22
Sports & Outdoors,Reebok,Large Malls / Complexes,VIP Access Sale,586329.90,209,2805.41,525.10,4998.87
Sports & Outdoors,Reebok,Large Malls / Complexes,Weekend Warrior Specials,596720.26,210,2841.53,510.29,4976.59
Sports & Outdoors,Reebok,Large Malls / Complexes,Winter Clearance Carnival,600620.05,212,2833.11,514.92,4973.35
Sports & Outdoors,Reebok,Large Malls / Complexes,Winter Wonders Sale,626272.08,215,2912.89,538.31,4987.57
Sports & Outdoors,Reebok,Small Stores / Shops,12 Days of Deals,627866.21,228,2753.80,515.75,4998.61
Sports & Outdoors,Reebok,Small Stores / Shops,Autumn Deals Drive,618215.28,217,2848.92,560.91,4996.48
Sports & Outdoors,Reebok,Small Stores / Shops,BOGO Blitz,636542.11,230,2767.57,545.57,4983.88
Sports & Outdoors,Reebok,Small Stores / Shops,Back to School Boost,618190.84,222,2784.64,505.03,4950.12
Sports & Outdoors,Reebok,Small Stores / Shops,Birthday Bash Sale,546311.49,206,2652.00,546.71,4973.83
Sports & Outdoors,Reebok,Small Stores / Shops,Black Friday Blowout,553160.74,196,2822.25,527.37,4999.65
Sports & Outdoors,Reebok,Small Stores / Shops,Cart Crasher Campaign,598907.49,218,2747.28,500.78,4996.75
Sports & Outdoors,Reebok,Small Stores / Shops,Cashback Carnival,693306.18,240,2888.78,514.36,4981.66
Sports & Outdoors,Reebok,Small Stores / Shops,Clearance Countdown,497990.81,188,2648.89,500.37,4996.31
Sports & Outdoors,Reebok,Small Stores / Shops,Countdown to Savings,633460.78,240,2639.42,533.31,4996.44
Sports & Outdoors,Reebok,Small Stores / Shops,Customer Appreciation Week,657007.13,228,2881.61,520.00,4998.61
Sports & Outdoors,Reebok,Small Stores / Shops,Cyber Monday Mania,704361.78,240,2934.84,545.79,4992.84
Sports & Outdoors,Reebok,Small Stores / Shops,Deal of the Month,645915.09,242,2669.07,509.93,4968.16
Sports & Outdoors,Reebok,Small Stores / Shops,Double Points Bonanza,603687.10,218,2769.21,624.14,4994.46
Sports & Outdoors,Reebok,Small Stores / Shops,Early Bird Specials,624441.87,225,2775.30,523.47,4979.45
Sports & Outdoors,Reebok,Small Stores / Shops,End of Season Sale,443972.16,170,2611.60,517.48,4986.64
Sports & Outdoors,Reebok,Small Stores / Shops,Exclusive Insider Offers,541376.67,190,2849.35,504.56,4995.69
Sports & Outdoors,Reebok,Small Stores / Shops,Festive Fever Promo,636787.64,231,2756.66,510.79,4998.24
Sports & Outdoors,Reebok,Small Stores / Shops,Final Call Frenzy,613010.43,224,2736.65,531.12,4982.79
Sports & Outdoors,Reebok,Small Stores / Shops,Flash Frenzy Friday,631194.44,226,2792.90,534.12,4988.82
Sports & Outdoors,Reebok,Small Stores / Shops,"Gift More, Spend Less",626626.42,221,2835.41,501.32,4974.13
Sports & Outdoors,Reebok,Small Stores / Shops,Golden Hour Bargains,560093.10,209,2679.87,502.76,4963.20
Sports & Outdoors,Reebok,Small Stores / Shops,Green Weekend Deals,550919.69,192,2869.37,536.25,4987.89
Sports & Outdoors,Reebok,Small Stores / Shops,Happy Hour Discounts,583775.91,220,2653.53,529.96,4975.35
Sports & Outdoors,Reebok,Small Stores / Shops,Holiday Shopping Rush,606925.40,226,2685.51,512.59,4966.98
Sports & Outdoors,Reebok,Small Stores / Shops,Hot Picks Promo,705761.68,250,2823.05,521.15,4982.28
Sports & Outdoors,Reebok,Small Stores / Shops,Instant Gratification Sale,641617.64,241,2662.31,508.86,4986.49
Sports & Outdoors,Reebok,Small Stores / Shops,Limited Time Treasures,663920.00,235,2825.19,542.37,4985.47
Sports & Outdoors,Reebok,Small Stores / Shops,Loyalty Rewards Blast,593665.79,220,2698.48,501.42,4977.15
Sports & Outdoors,Reebok,Small Stores / Shops,Mega Weekend Bonanza,651053.58,236,2758.70,530.16,4982.69
Sports & Outdoors,Reebok,Small Stores / Shops,Mid-Year Madness,657399.08,228,2883.33,537.96,4994.65
Sports & Outdoors,Reebok,Small Stores / Shops,Midnight Madness,554757.28,204,2719.40,550.58,4997.31
Sports & Outdoors,Reebok,Small Stores / Shops,Mystery Discount Days,649984.88,237,2742.55,504.23,4943.04
Sports & Outdoors,Reebok,Small Stores / Shops,New Arrival Showcase,675361.07,245,2756.58,532.36,4996.77
Sports & Outdoors,Reebok,Small Stores / Shops,New Product Launch Promo,639650.04,237,2698.95,517.66,4999.30
Sports & Outdoors,Reebok,Small Stores / Shops,New Year Kickoff,658561.78,242,2721.33,517.38,4996.08
Sports & Outdoors,Reebok,Small Stores / Shops,Price Drop Parade,603726.90,220,2744.21,500.50,4987.08
Sports & Outdoors,Reebok,Small Stores / Shops,Red Tag Clearance,667133.43,239,2791.35,545.94,4990.98
Sports & Outdoors,Reebok,Small Stores / Shops,Seasonal Surprise Box,698675.17,258,2708.04,501.12,4981.47
Sports & Outdoors,Reebok,Small Stores / Shops,Shop & Save Spectacular,641178.43,231,2775.66,548.56,4992.07
Sports & Outdoors,Reebok,Small Stores / Shops,Smart Shopper Week,542634.78,208,2608.82,500.78,4971.82
Sports & Outdoors,Reebok,Small Stores / Shops,Spring Refresh Event,607226.47,233,2606.12,510.87,4973.33
Sports & Outdoors,Reebok,Small Stores / Shops,Spring Splash Discounts,680740.32,243,2801.40,518.18,4991.81
Sports & Outdoors,Reebok,Small Stores / Shops,Summer Sizzle Promo,684815.47,253,2706.78,502.59,4984.77
Sports & Outdoors,Reebok,Small Stores / Shops,Super Savings Week,626047.49,212,2953.05,533.05,4961.86
Sports & Outdoors,Reebok,Small Stores / Shops,Ultimate Value Event,579237.57,218,2657.05,520.66,4993.60
Sports & Outdoors,Reebok,Small Stores / Shops,VIP Access Sale,576776.62,207,2786.36,517.53,4988.88
Sports & Outdoors,Reebok,Small Stores / Shops,Weekend Warrior Specials,622237.28,226,2753.26,501.32,4975.63
Sports & Outdoors,Reebok,Small Stores / Shops,Winter Clearance Carnival,601873.77,219,2748.28,571.62,4981.24
Sports & Outdoors,Reebok,Small Stores / Shops,Winter Wonders Sale,602331.37,219,2750.37,510.35,4943.80
Sports & Outdoors,Reebok,Supermarkets ,12 Days of Deals,692659.39,244,2838.77,518.98,4985.66
Sports & Outdoors,Reebok,Supermarkets ,Autumn Deals Drive,587019.99,209,2808.71,500.04,4994.50
Sports & Outdoors,Reebok,Supermarkets ,BOGO Blitz,507465.94,193,2629.36,508.28,4996.52
Sports & Outdoors,Reebok,Supermarkets ,Back to School Boost,582133.60,218,2670.34,509.93,4999.33
Sports & Outdoors,Reebok,Supermarkets ,Birthday Bash Sale,679981.12,246,2764.15,518.95,4990.08
Sports & Outdoors,Reebok,Supermarkets ,Black Friday Blowout,702176.74,247,2842.82,519.70,4998.42
Sports & Outdoors,Reebok,Supermarkets ,Cart Crasher Campaign,646523.96,236,2739.51,523.73,4995.24
Sports & Outdoors,Reebok,Supermarkets ,Cashback Carnival,624538.05,224,2788.12,509.40,4972.96
Sports & Outdoors,Reebok,Supermarkets ,Clearance Countdown,651134.37,243,2679.57,535.21,4972.69
Sports & Outdoors,Reebok,Supermarkets ,Countdown to Savings,626826.95,221,2836.32,506.58,4995.99
Sports & Outdoors,Reebok,Supermarkets ,Customer Appreciation Week,666286.57,239,2787.81,502.81,4997.68
Sports & Outdoors,Reebok,Supermarkets ,Cyber Monday Mania,677654.83,243,2788.70,504.92,4998.53
Sports & Outdoors,Reebok,Supermarkets ,Deal of the Month,663505.28,236,2811.46,511.82,4981.95
Sports & Outdoors,Reebok,Supermarkets ,Double Points Bonanza,741677.92,275,2697.01,521.66,4976.06
Sports & Outdoors,Reebok,Supermarkets ,Early Bird Specials,602728.01,228,2643.54,518.46,4986.84
Sports & Outdoors,Reebok,Supermarkets ,End of Season Sale,718434.20,256,2806.38,503.46,4996.20
Sports & Outdoors,Reebok,Supermarkets ,Exclusive Insider Offers,647269.48,228,2838.90,506.05,4996.28
Sports & Outdoors,Reebok,Supermarkets ,Festive Fever Promo,641217.17,243,2638.75,525.27,4935.48
Sports & Outdoors,Reebok,Supermarkets ,Final Call Frenzy,588154.12,218,2697.95,506.47,4972.48
Sports & Outdoors,Reebok,Supermarkets ,Flash Frenzy Friday,646576.88,234,2763.15,522.74,4996.39
Sports & Outdoors,Reebok,Supermarkets ,"Gift More, Spend Less",631636.38,230,2746.25,505.11,4876.05
Sports & Outdoors,Reebok,Supermarkets ,Golden Hour Bargains,648414.98,233,2782.90,506.96,4995.89
Sports & Outdoors,Reebok,Supermarkets ,Green Weekend Deals,631362.48,242,2608.94,507.51,4999.53
Sports & Outdoors,Reebok,Supermarkets ,Happy Hour Discounts,686003.15,244,2811.49,506.19,4995.06
Sports & Outdoors,Reebok,Supermarkets ,Holiday Shopping Rush,528124.33,207,2551.33,501.14,4961.29
Sports & Outdoors,Reebok,Supermarkets ,Hot Picks Promo,617331.74,219,2818.87,517.08,4978.08
Sports & Outdoors,Reebok,Supermarkets ,Instant Gratification Sale,558154.18,208,2683.43,511.73,4954.48
Sports & Outdoors,Reebok,Supermarkets ,Limited Time Treasures,637382.67,231,2759.23,516.61,4998.98
Sports & Outdoors,Reebok,Supermarkets ,Loyalty Rewards Blast,676165.89,239,2829.15,531.27,4987.16
Sports & Outdoors,Reebok,Supermarkets ,Mega Weekend Bonanza,631532.35,241,2620.47,509.28,4981.36
Sports & Outdoors,Reebok,Supermarkets ,Mid-Year Madness,653927.02,234,2794.56,517.08,4981.73
Sports & Outdoors,Reebok,Supermarkets ,Midnight Madness,655434.86,247,2653.58,524.44,4992.08
Sports & Outdoors,Reebok,Supermarkets ,Mystery Discount Days,616393.82,222,2776.55,502.16,4999.55
Sports & Outdoors,Reebok,Supermarkets ,New Arrival Showcase,574044.67,210,2733.55,506.32,4983.84
Sports & Outdoors,Reebok,Supermarkets ,New Product Launch Promo,587029.16,221,2656.24,514.75,4996.38
Sports & Outdoors,Reebok,Supermarkets ,New Year Kickoff,573038.33,213,2690.32,505.95,4968.07
Sports & Outdoors,Reebok,Supermarkets ,Price Drop Parade,681419.69,256,2661.80,505.89,4988.10
Sports & Outdoors,Reebok,Supermarkets ,Red Tag Clearance,650475.32,216,3011.46,502.70,4995.31
Sports & Outdoors,Reebok,Supermarkets ,Seasonal Surprise Box,636530.95,229,2779.61,551.74,4993.02
Sports & Outdoors,Reebok,Supermarkets ,Shop & Save Spectacular,597666.11,220,2716.66,515.01,4961.03
Sports & Outdoors,Reebok,Supermarkets ,Smart Shopper Week,675314.88,247,2734.07,520.01,4998.20
Sports & Outdoors,Reebok,Supermarkets ,Spring Refresh Event,673716.07,235,2866.88,563.57,4943.55
Sports & Outdoors,Reebok,Supermarkets ,Spring Splash Discounts,626380.81,229,2735.29,502.90,4988.90
Sports & Outdoors,Reebok,Supermarkets ,Summer Sizzle Promo,672091.32,244,2754.47,504.14,4995.91
Sports & Outdoors,Reebok,Supermarkets ,Super Savings Week,576967.79,211,2734.44,522.37,4973.55
Sports & Outdoors,Reebok,Supermarkets ,Ultimate Value Event,550062.87,204,2696.39,510.65,4985.73
Sports & Outdoors,Reebok,Supermarkets ,VIP Access Sale,698567.31,241,2898.62,506.74,4937.04
Sports & Outdoors,Reebok,Supermarkets ,Weekend Warrior Specials,622263.97,227,2741.25,553.31,4997.81
Sports & Outdoors,Reebok,Supermarkets ,Winter Clearance Carnival,587207.67,209,2809.61,513.07,4967.25
Sports & Outdoors,Reebok,Supermarkets ,Winter Wonders Sale,732881.93,257,2851.68,508.42,4979.73
