category,store_type,salesperson_role,campaign_name,sum_amount,count,avg_amount,min_amount,max_amount
Clothing,Large Malls / Complexes,Manager,12 Days of Deals,746567.59,262,2849.49,500.37,4991.32
Clothing,Large Malls / Complexes,Manager,Autumn Deals Drive,722267.24,272,2655.39,501.91,4994.06
Clothing,Large Malls / Complexes,Manager,BOGO Blitz,796208.40,267,2982.05,508.84,4997.89
Clothing,Large Malls / Complexes,Manager,Back to School Boost,716549.39,254,2821.06,517.32,4980.54
Clothing,Large Malls / Complexes,Manager,Birthday Bash Sale,778365.93,278,2799.88,529.67,4994.20
Clothing,Large Malls / Complexes,Manager,Black Friday Blowout,692986.01,258,2685.99,502.05,4963.71
Clothing,Large Malls / Complexes,Manager,Cart Crasher Campaign,739406.19,278,2659.73,508.37,4986.36
Clothing,Large Malls / Complexes,Manager,Cashback Carnival,718162.84,252,2849.85,508.75,4994.40
Clothing,Large Malls / Complexes,Manager,Clearance Countdown,779788.63,285,2736.10,500.46,4993.71
Clothing,Large Malls / Complexes,Manager,Countdown to Savings,697244.23,257,2713.01,504.64,4953.00
Clothing,Large Malls / Complexes,Manager,Customer Appreciation Week,817823.00,297,2753.61,504.64,4943.12
Clothing,Large Malls / Complexes,Manager,Cyber Monday Mania,728064.51,255,2855.15,525.27,4977.22
Clothing,Large Malls / Complexes,Manager,Deal of the Month,727853.53,261,2788.71,504.75,4949.19
Clothing,Large Malls / Complexes,Manager,Double Points Bonanza,774138.32,269,2877.84,518.32,4962.25
Clothing,Large Malls / Complexes,Manager,Early Bird Specials,733305.50,277,2647.31,501.20,4955.68
Clothing,Large Malls / Complexes,Manager,End of Season Sale,767665.82,278,2761.39,503.81,4983.53
Clothing,Large Malls / Complexes,Manager,Exclusive Insider Offers,733393.08,282,2600.68,518.51,4988.97
Clothing,Large Malls / Complexes,Manager,Festive Fever Promo,733573.30,271,2706.91,513.43,4980.87
Clothing,Large Malls / Complexes,Manager,Final Call Frenzy,720507.28,265,2718.90,525.27,4954.68
Clothing,Large Malls / Complexes,Manager,Flash Frenzy Friday,669534.93,259,2585.08,545.78,4968.76
Clothing,Large Malls / Complexes,Manager,"Gift More, Spend Less",743546.03,271,2743.71,510.81,4985.65
Clothing,Large Malls / Complexes,Manager,Golden Hour Bargains,790038.89,279,2831.68,511.16,4996.90
Clothing,Large Malls / Complexes,Manager,Green Weekend Deals,731296.78,262,2791.21,516.31,4980.69
Clothing,Large Malls / Complexes,Manager,Happy Hour Discounts,693947.63,253,2742.88,505.67,4971.44
Clothing,Large Malls / Complexes,Manager,Holiday Shopping Rush,675142.72,253,2668.55,501.97,4855.73
Clothing,Large Malls / Complexes,Manager,Hot Picks Promo,738709.10,266,2777.10,520.35,4969.03
Clothing,Large Malls / Complexes,Manager,Instant Gratification Sale,658144.59,252,2611.68,503.90,4950.20
Clothing,Large Malls / Complexes,Manager,Limited Time Treasures,740684.64,269,2753.47,512.09,4983.53
Clothing,Large Malls / Complexes,Manager,Loyalty Rewards Blast,724813.92,268,2704.53,524.75,4998.22
Clothing,Large Malls / Complexes,Manager,Mega Weekend Bonanza,722816.02,262,2758.84,504.47,4995.03
Clothing,Large Malls / Complexes,Manager,Mid-Year Madness,730418.16,272,2685.36,501.32,4991.52
Clothing,Large Malls / Complexes,Manager,Midnight Madness,713100.80,268,2660.82,502.64,4976.33
Clothing,Large Malls / Complexes,Manager,Mystery Discount Days,615021.29,227,2709.34,506.69,4947.22
Clothing,Large Malls / Complexes,Manager,New Arrival Showcase,751722.42,279,2694.35,511.56,4998.00
Clothing,Large Malls / Complexes,Manager,New Product Launch Promo,695873.95,253,2750.49,503.34,4992.60
Clothing,Large Malls / Complexes,Manager,New Year Kickoff,618478.83,236,2620.67,502.81,4988.93
Clothing,Large Malls / Complexes,Manager,Price Drop Parade,650477.60,252,2581.26,507.14,4922.71
Clothing,Large Malls / Complexes,Manager,Red Tag Clearance,763077.23,279,2735.04,514.92,4989.71
Clothing,Large Malls / Complexes,Manager,Seasonal Surprise Box,744928.15,269,2769.25,510.40,4985.30
Clothing,Large Malls / Complexes,Manager,Shop & Save Spectacular,749794.44,251,2987.23,511.32,4998.56
Clothing,Large Malls / Complexes,Manager,Smart Shopper Week,639367.42,244,2620.36,511.44,4997.75
Clothing,Large Malls / Complexes,Manager,Spring Refresh Event,733183.27,261,2809.13,517.03,4996.53
Clothing,Large Malls / Complexes,Manager,Spring Splash Discounts,669321.16,244,2743.12,505.77,4993.20
Clothing,Large Malls / Complexes,Manager,Summer Sizzle Promo,706702.49,257,2749.82,513.95,4998.58
Clothing,Large Malls / Complexes,Manager,Super Savings Week,701018.36,257,2727.70,528.70,4993.53
Clothing,Large Malls / Complexes,Manager,Ultimate Value Event,719612.65,261,2757.14,513.09,4999.12
Clothing,Large Malls / Complexes,Manager,VIP Access Sale,655768.34,238,2755.33,505.32,4976.29
Clothing,Large Malls / Complexes,Manager,Weekend Warrior Specials,774979.69,280,2767.78,547.85,4988.31
Clothing,Large Malls / Complexes,Manager,Winter Clearance Carnival,731906.28,257,2847.88,504.78,4981.70
Clothing,Large Malls / Complexes,Manager,Winter Wonders Sale,688213.65,263,2616.78,537.55,4996.58
Clothing,Large Malls / Complexes,Sales Associate,12 Days of Deals,690381.14,259,2665.56,523.45,4951.22
Clothing,Large Malls / Complexes,Sales Associate,Autumn Deals Drive,801630.49,284,2822.64,540.02,4991.50
Clothing,Large Malls / Complexes,Sales Associate,BOGO Blitz,921618.40,316,2916.51,533.73,4998.71
Clothing,Large Malls / Complexes,Sales Associate,Back to School Boost,755245.61,277,2726.52,507.03,4987.30
Clothing,Large Malls / Complexes,Sales Associate,Birthday Bash Sale,746970.23,264,2829.43,538.73,4993.14
Clothing,Large Malls / Complexes,Sales Associate,Black Friday Blowout,801233.88,277,2892.54,507.51,4997.07
Clothing,Large Malls / Complexes,Sales Associate,Cart Crasher Campaign,760614.02,270,2817.09,513.28,4994.25
Clothing,Large Malls / Complexes,Sales Associate,Cashback Carnival,786682.96,289,2722.09,500.72,4971.77
Clothing,Large Malls / Complexes,Sales Associate,Clearance Countdown,805555.45,303,2658.60,503.83,4995.95
Clothing,Large Malls / Complexes,Sales Associate,Countdown to Savings,718496.70,263,2731.93,504.03,4929.06
Clothing,Large Malls / Complexes,Sales Associate,Customer Appreciation Week,700644.06,254,2758.44,505.57,4977.34
Clothing,Large Malls / Complexes,Sales Associate,Cyber Monday Mania,809075.44,290,2789.92,524.25,4975.65
Clothing,Large Malls / Complexes,Sales Associate,Deal of the Month,793492.95,287,2764.78,509.66,4999.45
Clothing,Large Malls / Complexes,Sales Associate,Double Points Bonanza,757110.33,287,2638.02,501.38,4995.71
Clothing,Large Malls / Complexes,Sales Associate,Early Bird Specials,902419.47,332,2718.13,526.24,4993.12
Clothing,Large Malls / Complexes,Sales Associate,End of Season Sale,776493.63,285,2724.54,518.66,4927.23
Clothing,Large Malls / Complexes,Sales Associate,Exclusive Insider Offers,747268.21,276,2707.49,501.18,4975.61
Clothing,Large Malls / Complexes,Sales Associate,Festive Fever Promo,814347.85,286,2847.37,587.34,4988.75
Clothing,Large Malls / Complexes,Sales Associate,Final Call Frenzy,770660.18,280,2752.36,505.58,4996.06
Clothing,Large Malls / Complexes,Sales Associate,Flash Frenzy Friday,781736.57,289,2704.97,518.09,4983.04
Clothing,Large Malls / Complexes,Sales Associate,"Gift More, Spend Less",765243.32,266,2876.85,506.74,4979.95
Clothing,Large Malls / Complexes,Sales Associate,Golden Hour Bargains,776518.56,268,2897.46,501.59,4999.76
Clothing,Large Malls / Complexes,Sales Associate,Green Weekend Deals,782897.16,281,2786.11,513.09,4999.76
Clothing,Large Malls / Complexes,Sales Associate,Happy Hour Discounts,774344.22,287,2698.06,538.74,4977.27
Clothing,Large Malls / Complexes,Sales Associate,Holiday Shopping Rush,807811.07,288,2804.90,510.74,4992.50
Clothing,Large Malls / Complexes,Sales Associate,Hot Picks Promo,751694.29,268,2804.83,521.54,4988.19
Clothing,Large Malls / Complexes,Sales Associate,Instant Gratification Sale,786816.45,286,2751.11,514.98,4997.63
Clothing,Large Malls / Complexes,Sales Associate,Limited Time Treasures,727016.73,272,2672.86,509.27,4948.35
Clothing,Large Malls / Complexes,Sales Associate,Loyalty Rewards Blast,867102.63,311,2788.11,505.10,4972.66
Clothing,Large Malls / Complexes,Sales Associate,Mega Weekend Bonanza,737382.23,257,2869.19,500.60,4955.40
Clothing,Large Malls / Complexes,Sales Associate,Mid-Year Madness,758847.88,270,2810.55,511.04,4997.54
Clothing,Large Malls / Complexes,Sales Associate,Midnight Madness,746712.98,271,2755.40,512.27,4943.81
Clothing,Large Malls / Complexes,Sales Associate,Mystery Discount Days,681915.23,262,2602.73,525.17,4992.01
Clothing,Large Malls / Complexes,Sales Associate,New Arrival Showcase,718719.91,264,2722.42,554.15,4956.65
Clothing,Large Malls / Complexes,Sales Associate,New Product Launch Promo,702676.71,258,2723.55,500.83,4997.47
Clothing,Large Malls / Complexes,Sales Associate,New Year Kickoff,732336.44,279,2624.86,559.40,4991.46
Clothing,Large Malls / Complexes,Sales Associate,Price Drop Parade,702366.10,252,2787.17,508.09,4995.75
Clothing,Large Malls / Complexes,Sales Associate,Red Tag Clearance,828898.03,292,2838.69,502.58,4998.76
Clothing,Large Malls / Complexes,Sales Associate,Seasonal Surprise Box,739685.62,272,2719.43,508.05,4973.71
Clothing,Large Malls / Complexes,Sales Associate,Shop & Save Spectacular,809328.40,285,2839.75,500.18,4999.91
Clothing,Large Malls / Complexes,Sales Associate,Smart Shopper Week,736415.98,281,2620.70,533.56,4930.59
Clothing,Large Malls / Complexes,Sales Associate,Spring Refresh Event,773421.59,265,2918.57,506.20,4989.71
Clothing,Large Malls / Complexes,Sales Associate,Spring Splash Discounts,718685.28,276,2603.93,529.02,4983.92
Clothing,Large Malls / Complexes,Sales Associate,Summer Sizzle Promo,696608.51,254,2742.55,506.00,4982.52
Clothing,Large Malls / Complexes,Sales Associate,Super Savings Week,698806.48,247,2829.18,518.08,4964.89
Clothing,Large Malls / Complexes,Sales Associate,Ultimate Value Event,736204.79,268,2747.03,506.31,4948.39
Clothing,Large Malls / Complexes,Sales Associate,VIP Access Sale,716237.23,259,2765.39,501.68,4996.77
Clothing,Large Malls / Complexes,Sales Associate,Weekend Warrior Specials,777837.98,291,2672.98,503.41,4995.92
Clothing,Large Malls / Complexes,Sales Associate,Winter Clearance Carnival,805225.50,293,2748.21,508.47,4991.29
Clothing,Large Malls / Complexes,Sales Associate,Winter Wonders Sale,719798.67,274,2627.00,508.14,4968.46
Clothing,Large Malls / Complexes,Salesperson,12 Days of Deals,681840.01,262,2602.44,502.32,4954.87
Clothing,Large Malls / Complexes,Salesperson,Autumn Deals Drive,771429.85,274,2815.44,520.26,4986.62
Clothing,Large Malls / Complexes,Salesperson,BOGO Blitz,805370.56,288,2796.43,502.29,4985.85
Clothing,Large Malls / Complexes,Salesperson,Back to School Boost,773057.55,288,2684.23,522.55,4998.12
Clothing,Large Malls / Complexes,Salesperson,Birthday Bash Sale,749603.16,272,2755.89,501.83,4997.95
Clothing,Large Malls / Complexes,Salesperson,Black Friday Blowout,694164.27,249,2787.81,600.29,4926.59
Clothing,Large Malls / Complexes,Salesperson,Cart Crasher Campaign,718934.58,265,2712.96,514.42,4956.82
Clothing,Large Malls / Complexes,Salesperson,Cashback Carnival,755057.95,271,2786.19,516.03,4964.30
Clothing,Large Malls / Complexes,Salesperson,Clearance Countdown,797412.48,289,2759.21,504.91,4999.80
Clothing,Large Malls / Complexes,Salesperson,Countdown to Savings,765726.51,281,2725.01,526.44,4976.47
Clothing,Large Malls / Complexes,Salesperson,Customer Appreciation Week,782692.85,289,2708.28,510.73,4971.29
Clothing,Large Malls / Complexes,Salesperson,Cyber Monday Mania,767047.02,280,2739.45,543.93,4986.44
Clothing,Large Malls / Complexes,Salesperson,Deal of the Month,625553.90,227,2755.74,527.00,4958.53
Clothing,Large Malls / Complexes,Salesperson,Double Points Bonanza,781436.56,284,2751.54,513.51,4999.44
Clothing,Large Malls / Complexes,Salesperson,Early Bird Specials,780228.32,282,2766.77,519.84,4999.19
Clothing,Large Malls / Complexes,Salesperson,End of Season Sale,714152.32,274,2606.40,505.96,4997.48
Clothing,Large Malls / Complexes,Salesperson,Exclusive Insider Offers,759598.43,269,2823.79,518.66,4970.64
Clothing,Large Malls / Complexes,Salesperson,Festive Fever Promo,666525.80,257,2593.49,532.59,4987.90
Clothing,Large Malls / Complexes,Salesperson,Final Call Frenzy,675875.88,246,2747.46,501.00,4972.71
Clothing,Large Malls / Complexes,Salesperson,Flash Frenzy Friday,787515.00,267,2949.49,528.55,4993.36
Clothing,Large Malls / Complexes,Salesperson,"Gift More, Spend Less",718406.60,258,2784.52,518.98,4973.16
Clothing,Large Malls / Complexes,Salesperson,Golden Hour Bargains,715926.35,268,2671.37,504.67,4979.47
Clothing,Large Malls / Complexes,Salesperson,Green Weekend Deals,740331.15,267,2772.78,519.01,4973.04
Clothing,Large Malls / Complexes,Salesperson,Happy Hour Discounts,769841.93,286,2691.76,510.62,4939.94
Clothing,Large Malls / Complexes,Salesperson,Holiday Shopping Rush,761787.57,274,2780.25,514.04,4992.48
Clothing,Large Malls / Complexes,Salesperson,Hot Picks Promo,769859.34,280,2749.50,502.01,4997.81
Clothing,Large Malls / Complexes,Salesperson,Instant Gratification Sale,794407.63,296,2683.81,518.87,4982.70
Clothing,Large Malls / Complexes,Salesperson,Limited Time Treasures,775705.64,280,2770.38,504.55,4982.15
Clothing,Large Malls / Complexes,Salesperson,Loyalty Rewards Blast,772794.25,269,2872.84,500.82,4971.34
Clothing,Large Malls / Complexes,Salesperson,Mega Weekend Bonanza,707417.81,257,2752.60,510.92,4997.25
Clothing,Large Malls / Complexes,Salesperson,Mid-Year Madness,780582.85,282,2768.02,523.94,4998.11
Clothing,Large Malls / Complexes,Salesperson,Midnight Madness,818448.66,296,2765.03,515.18,4982.68
Clothing,Large Malls / Complexes,Salesperson,Mystery Discount Days,792756.77,294,2696.45,500.93,4971.08
Clothing,Large Malls / Complexes,Salesperson,New Arrival Showcase,812043.46,289,2809.84,513.68,4991.01
Clothing,Large Malls / Complexes,Salesperson,New Product Launch Promo,759138.00,281,2701.56,519.61,4999.95
Clothing,Large Malls / Complexes,Salesperson,New Year Kickoff,829373.68,283,2930.65,529.76,4991.55
Clothing,Large Malls / Complexes,Salesperson,Price Drop Parade,725403.16,288,2518.76,506.30,4974.79
Clothing,Large Malls / Complexes,Salesperson,Red Tag Clearance,723973.35,272,2661.67,517.61,4991.99
Clothing,Large Malls / Complexes,Salesperson,Seasonal Surprise Box,735509.25,268,2744.44,505.81,4996.71
Clothing,Large Malls / Complexes,Salesperson,Shop & Save Spectacular,644995.57,244,2643.42,506.29,4998.75
Clothing,Large Malls / Complexes,Salesperson,Smart Shopper Week,808637.85,280,2887.99,564.06,4998.23
Clothing,Large Malls / Complexes,Salesperson,Spring Refresh Event,741838.01,269,2757.76,521.71,4985.65
Clothing,Large Malls / Complexes,Salesperson,Spring Splash Discounts,757998.82,269,2817.84,500.66,4982.46
Clothing,Large Malls / Complexes,Salesperson,Summer Sizzle Promo,759276.40,275,2761.01,508.62,4978.19
Clothing,Large Malls / Complexes,Salesperson,Super Savings Week,803450.28,280,2869.47,502.63,4992.52
Clothing,Large Malls / Complexes,Salesperson,Ultimate Value Event,732103.25,262,2794.29,510.86,4982.94
Clothing,Large Malls / Complexes,Salesperson,VIP Access Sale,657906.44,247,2663.59,514.81,4999.97
Clothing,Large Malls / Complexes,Salesperson,Weekend Warrior Specials,737766.47,276,2673.07,515.36,4998.79
Clothing,Large Malls / Complexes,Salesperson,Winter Clearance Carnival,755739.97,268,2819.93,506.16,4999.04
Clothing,Large Malls / Complexes,Salesperson,Winter Wonders Sale,768450.10,289,2659.00,527.74,4944.51
Clothing,Large Malls / Complexes,Senior Salesperson,12 Days of Deals,672437.73,249,2700.55,501.08,4972.86
Clothing,Large Malls / Complexes,Senior Salesperson,Autumn Deals Drive,650120.27,235,2766.47,514.57,4973.92
Clothing,Large Malls / Complexes,Senior Salesperson,BOGO Blitz,760562.42,262,2902.91,523.98,4989.26
Clothing,Large Malls / Complexes,Senior Salesperson,Back to School Boost,712027.56,261,2728.07,501.92,4991.50
Clothing,Large Malls / Complexes,Senior Salesperson,Birthday Bash Sale,677245.36,249,2719.86,509.63,4993.83
Clothing,Large Malls / Complexes,Senior Salesperson,Black Friday Blowout,623326.56,226,2758.08,510.23,4989.01
Clothing,Large Malls / Complexes,Senior Salesperson,Cart Crasher Campaign,618616.67,231,2677.99,535.31,4993.73
Clothing,Large Malls / Complexes,Senior Salesperson,Cashback Carnival,614879.25,233,2638.97,502.29,4962.54
Clothing,Large Malls / Complexes,Senior Salesperson,Clearance Countdown,533793.38,193,2765.77,586.02,4977.80
Clothing,Large Malls / Complexes,Senior Salesperson,Countdown to Savings,682922.90,249,2742.66,519.80,4945.94
Clothing,Large Malls / Complexes,Senior Salesperson,Customer Appreciation Week,674349.92,232,2906.68,535.52,4994.47
Clothing,Large Malls / Complexes,Senior Salesperson,Cyber Monday Mania,661769.82,251,2636.53,502.02,4991.94
Clothing,Large Malls / Complexes,Senior Salesperson,Deal of the Month,628319.75,233,2696.65,520.26,4979.75
Clothing,Large Malls / Complexes,Senior Salesperson,Double Points Bonanza,691830.67,238,2906.85,511.19,4970.84
Clothing,Large Malls / Complexes,Senior Salesperson,Early Bird Specials,676079.32,248,2726.13,505.07,4983.02
Clothing,Large Malls / Complexes,Senior Salesperson,End of Season Sale,631272.45,226,2793.24,511.79,4930.05
Clothing,Large Malls / Complexes,Senior Salesperson,Exclusive Insider Offers,676275.62,241,2806.12,500.29,4984.33
Clothing,Large Malls / Complexes,Senior Salesperson,Festive Fever Promo,606961.36,222,2734.06,519.19,4991.64
Clothing,Large Malls / Complexes,Senior Salesperson,Final Call Frenzy,615059.09,229,2685.85,516.31,4950.32
Clothing,Large Malls / Complexes,Senior Salesperson,Flash Frenzy Friday,577510.24,226,2555.36,519.52,4977.49
Clothing,Large Malls / Complexes,Senior Salesperson,"Gift More, Spend Less",584807.91,201,2909.49,504.71,4971.64
Clothing,Large Malls / Complexes,Senior Salesperson,Golden Hour Bargains,660116.35,231,2857.65,509.20,4993.74
Clothing,Large Malls / Complexes,Senior Salesperson,Green Weekend Deals,583754.55,221,2641.42,529.73,4999.01
Clothing,Large Malls / Complexes,Senior Salesperson,Happy Hour Discounts,703263.32,247,2847.22,507.81,4997.02
Clothing,Large Malls / Complexes,Senior Salesperson,Holiday Shopping Rush,662756.57,235,2820.24,503.29,4996.42
Clothing,Large Malls / Complexes,Senior Salesperson,Hot Picks Promo,733455.03,256,2865.06,537.00,4999.60
Clothing,Large Malls / Complexes,Senior Salesperson,Instant Gratification Sale,665208.37,230,2892.21,506.92,4993.08
Clothing,Large Malls / Complexes,Senior Salesperson,Limited Time Treasures,682244.43,262,2603.99,509.56,4982.10
Clothing,Large Malls / Complexes,Senior Salesperson,Loyalty Rewards Blast,612018.88,231,2649.43,508.40,4941.01
Clothing,Large Malls / Complexes,Senior Salesperson,Mega Weekend Bonanza,545576.78,208,2622.97,518.98,4966.53
Clothing,Large Malls / Complexes,Senior Salesperson,Mid-Year Madness,704827.01,262,2690.18,502.00,4965.92
Clothing,Large Malls / Complexes,Senior Salesperson,Midnight Madness,664475.82,235,2827.56,522.91,4997.93
Clothing,Large Malls / Complexes,Senior Salesperson,Mystery Discount Days,710200.03,249,2852.21,571.48,4988.51
Clothing,Large Malls / Complexes,Senior Salesperson,New Arrival Showcase,614728.50,224,2744.32,512.99,4899.81
Clothing,Large Malls / Complexes,Senior Salesperson,New Product Launch Promo,607544.17,227,2676.41,548.90,4970.41
Clothing,Large Malls / Complexes,Senior Salesperson,New Year Kickoff,597151.62,215,2777.45,526.94,4982.88
Clothing,Large Malls / Complexes,Senior Salesperson,Price Drop Parade,717475.23,262,2738.46,521.85,4997.22
Clothing,Large Malls / Complexes,Senior Salesperson,Red Tag Clearance,597252.81,215,2777.92,518.03,4999.45
Clothing,Large Malls / Complexes,Senior Salesperson,Seasonal Surprise Box,662589.02,246,2693.45,500.11,4996.55
Clothing,Large Malls / Complexes,Senior Salesperson,Shop & Save Spectacular,679987.31,246,2764.18,501.58,4973.68
Clothing,Large Malls / Complexes,Senior Salesperson,Smart Shopper Week,593019.27,212,2797.26,504.15,4999.86
Clothing,Large Malls / Complexes,Senior Salesperson,Spring Refresh Event,651291.99,235,2771.46,524.53,4935.75
Clothing,Large Malls / Complexes,Senior Salesperson,Spring Splash Discounts,641013.98,229,2799.19,530.07,4975.22
Clothing,Large Malls / Complexes,Senior Salesperson,Summer Sizzle Promo,659202.28,237,2781.44,511.51,4995.74
Clothing,Large Malls / Complexes,Senior Salesperson,Super Savings Week,669940.42,237,2826.75,517.15,4986.46
Clothing,Large Malls / Complexes,Senior Salesperson,Ultimate Value Event,682868.94,259,2636.56,504.23,4992.22
Clothing,Large Malls / Complexes,Senior Salesperson,VIP Access Sale,729838.69,279,2615.91,505.21,4999.71
Clothing,Large Malls / Complexes,Senior Salesperson,Weekend Warrior Specials,643482.59,239,2692.40,508.77,4936.89
Clothing,Large Malls / Complexes,Senior Salesperson,Winter Clearance Carnival,660569.38,245,2696.20,526.71,4994.53
Clothing,Large Malls / Complexes,Senior Salesperson,Winter Wonders Sale,618203.51,229,2699.58,526.45,4969.49
Clothing,Small Stores / Shops,Manager,12 Days of Deals,770167.26,268,2873.76,523.27,4999.40
Clothing,Small Stores / Shops,Manager,Autumn Deals Drive,865594.34,318,2721.99,518.04,4992.48
Clothing,Small Stores / Shops,Manager,BOGO Blitz,866733.44,309,2804.96,500.64,4991.38
Clothing,Small Stores / Shops,Manager,Back to School Boost,670629.04,255,2629.92,509.16,4969.60
Clothing,Small Stores / Shops,Manager,Birthday Bash Sale,756935.23,277,2732.62,510.00,4983.87
Clothing,Small Stores / Shops,Manager,Black Friday Blowout,841834.90,302,2787.53,568.13,4982.21
Clothing,Small Stores / Shops,Manager,Cart Crasher Campaign,757152.51,276,2743.31,530.26,4988.17
Clothing,Small Stores / Shops,Manager,Cashback Carnival,757435.39,278,2724.59,538.21,4982.95
Clothing,Small Stores / Shops,Manager,Clearance Countdown,729745.36,269,2712.81,519.76,4995.21
Clothing,Small Stores / Shops,Manager,Countdown to Savings,724086.92,261,2774.28,524.25,4992.78
Clothing,Small Stores / Shops,Manager,Customer Appreciation Week,753460.42,269,2800.97,503.51,4995.61
Clothing,Small Stores / Shops,Manager,Cyber Monday Mania,749988.78,284,2640.81,521.44,4990.88
Clothing,Small Stores / Shops,Manager,Deal of the Month,721149.64,274,2631.93,506.49,4994.30
Clothing,Small Stores / Shops,Manager,Double Points Bonanza,813587.77,292,2786.26,514.48,4992.59
Clothing,Small Stores / Shops,Manager,Early Bird Specials,735685.21,271,2714.71,509.37,4995.32
Clothing,Small Stores / Shops,Manager,End of Season Sale,781550.13,282,2771.45,517.69,4980.78
Clothing,Small Stores / Shops,Manager,Exclusive Insider Offers,771598.05,285,2707.36,500.32,4992.82
Clothing,Small Stores / Shops,Manager,Festive Fever Promo,713922.24,261,2735.33,509.13,4918.36
Clothing,Small Stores / Shops,Manager,Final Call Frenzy,696983.27,261,2670.43,530.47,4960.70
Clothing,Small Stores / Shops,Manager,Flash Frenzy Friday,760010.13,270,2814.85,518.61,4985.75
Clothing,Small Stores / Shops,Manager,"Gift More, Spend Less",733922.53,260,2822.78,505.29,4995.93
Clothing,Small Stores / Shops,Manager,Golden Hour Bargains,764628.27,280,2730.82,578.37,4994.72
Clothing,Small Stores / Shops,Manager,Green Weekend Deals,828221.28,301,2751.57,505.56,4987.56
Clothing,Small Stores / Shops,Manager,Happy Hour Discounts,852304.37,292,2918.85,515.80,4990.80
Clothing,Small Stores / Shops,Manager,Holiday Shopping Rush,724889.15,264,2745.79,509.96,4997.57
Clothing,Small Stores / Shops,Manager,Hot Picks Promo,716230.99,260,2754.73,519.39,4984.66
Clothing,Small Stores / Shops,Manager,Instant Gratification Sale,676439.26,255,2652.70,556.76,4963.10
Clothing,Small Stores / Shops,Manager,Limited Time Treasures,873205.87,301,2901.02,504.90,4970.06
Clothing,Small Stores / Shops,Manager,Loyalty Rewards Blast,825022.99,285,2894.82,511.31,4966.89
Clothing,Small Stores / Shops,Manager,Mega Weekend Bonanza,707615.00,258,2742.69,527.25,4996.59
Clothing,Small Stores / Shops,Manager,Mid-Year Madness,903129.29,314,2876.21,524.10,4997.09
Clothing,Small Stores / Shops,Manager,Midnight Madness,763409.85,288,2650.73,501.63,4998.11
Clothing,Small Stores / Shops,Manager,Mystery Discount Days,722850.45,271,2667.34,500.17,4993.54
Clothing,Small Stores / Shops,Manager,New Arrival Showcase,727450.93,265,2745.10,501.06,4978.87
Clothing,Small Stores / Shops,Manager,New Product Launch Promo,766536.22,276,2777.31,507.38,4979.03
Clothing,Small Stores / Shops,Manager,New Year Kickoff,765502.26,274,2793.80,511.03,4992.69
Clothing,Small Stores / Shops,Manager,Price Drop Parade,762234.89,278,2741.85,510.90,4996.80
Clothing,Small Stores / Shops,Manager,Red Tag Clearance,802215.56,287,2795.18,501.14,4995.28
Clothing,Small Stores / Shops,Manager,Seasonal Surprise Box,726548.23,267,2721.15,506.76,4990.98
Clothing,Small Stores / Shops,Manager,Shop & Save Spectacular,809535.58,289,2801.16,572.84,4997.51
Clothing,Small Stores / Shops,Manager,Smart Shopper Week,736327.65,267,2757.78,516.12,4976.73
Clothing,Small Stores / Shops,Manager,Spring Refresh Event,725123.06,262,2767.65,500.55,4995.47
Clothing,Small Stores / Shops,Manager,Spring Splash Discounts,742266.42,272,2728.92,503.97,4993.32
Clothing,Small Stores / Shops,Manager,Summer Sizzle Promo,765483.72,273,2803.97,511.59,4995.97
Clothing,Small Stores / Shops,Manager,Super Savings Week,735838.92,266,2766.31,507.31,4959.75
Clothing,Small Stores / Shops,Manager,Ultimate Value Event,735571.55,258,2851.05,500.17,4997.25
Clothing,Small Stores / Shops,Manager,VIP Access Sale,879186.77,304,2892.06,506.38,4952.43
Clothing,Small Stores / Shops,Manager,Weekend Warrior Specials,745635.47,286,2607.12,502.44,4992.45
Clothing,Small Stores / Shops,Manager,Winter Clearance Carnival,815735.46,284,2872.31,522.80,4989.85
Clothing,Small Stores / Shops,Manager,Winter Wonders Sale,828559.91,308,2690.13,523.98,4999.21
Clothing,Small Stores / Shops,Sales Associate,12 Days of Deals,830800.03,304,2732.89,512.27,4999.26
Clothing,Small Stores / Shops,Sales Associate,Autumn Deals Drive,919365.67,331,2777.54,514.37,4992.31
Clothing,Small Stores / Shops,Sales Associate,BOGO Blitz,756005.96,279,2709.70,510.84,4989.16
Clothing,Small Stores / Shops,Sales Associate,Back to School Boost,682424.67,256,2665.72,501.04,4994.39
Clothing,Small Stores / Shops,Sales Associate,Birthday Bash Sale,772119.22,277,2787.43,500.58,4996.78
Clothing,Small Stores / Shops,Sales Associate,Black Friday Blowout,811832.88,300,2706.11,512.94,4977.85
Clothing,Small Stores / Shops,Sales Associate,Cart Crasher Campaign,731807.29,273,2680.61,515.65,4996.24
Clothing,Small Stores / Shops,Sales Associate,Cashback Carnival,787647.41,284,2773.41,509.31,4982.94
Clothing,Small Stores / Shops,Sales Associate,Clearance Countdown,831123.38,303,2742.98,529.76,4996.24
Clothing,Small Stores / Shops,Sales Associate,Countdown to Savings,784463.81,297,2641.29,504.95,4995.55
Clothing,Small Stores / Shops,Sales Associate,Customer Appreciation Week,860293.75,303,2839.25,534.61,4996.89
Clothing,Small Stores / Shops,Sales Associate,Cyber Monday Mania,796165.63,273,2916.36,511.64,4987.56
Clothing,Small Stores / Shops,Sales Associate,Deal of the Month,798657.71,295,2707.31,507.82,4999.41
Clothing,Small Stores / Shops,Sales Associate,Double Points Bonanza,815427.74,297,2745.55,515.01,4995.86
Clothing,Small Stores / Shops,Sales Associate,Early Bird Specials,871331.27,305,2856.82,548.78,4988.14
Clothing,Small Stores / Shops,Sales Associate,End of Season Sale,728064.28,269,2706.56,504.46,4958.77
Clothing,Small Stores / Shops,Sales Associate,Exclusive Insider Offers,910456.31,326,2792.81,532.79,4997.63
Clothing,Small Stores / Shops,Sales Associate,Festive Fever Promo,763534.55,269,2838.42,505.36,4956.94
Clothing,Small Stores / Shops,Sales Associate,Final Call Frenzy,840285.22,299,2810.32,517.29,4989.90
Clothing,Small Stores / Shops,Sales Associate,Flash Frenzy Friday,807470.63,290,2784.38,513.91,4993.42
Clothing,Small Stores / Shops,Sales Associate,"Gift More, Spend Less",859858.14,307,2800.84,514.52,4985.89
Clothing,Small Stores / Shops,Sales Associate,Golden Hour Bargains,720377.51,267,2698.04,500.57,4996.69
Clothing,Small Stores / Shops,Sales Associate,Green Weekend Deals,689409.08,266,2591.76,502.55,4992.17
Clothing,Small Stores / Shops,Sales Associate,Happy Hour Discounts,806832.40,294,2744.33,507.84,4974.67
Clothing,Small Stores / Shops,Sales Associate,Holiday Shopping Rush,848118.54,317,2675.45,505.46,4987.85
Clothing,Small Stores / Shops,Sales Associate,Hot Picks Promo,685970.10,253,2711.34,518.58,4978.45
Clothing,Small Stores / Shops,Sales Associate,Instant Gratification Sale,826257.87,296,2791.41,501.81,4951.79
Clothing,Small Stores / Shops,Sales Associate,Limited Time Treasures,700108.58,280,2500.39,507.40,4997.38
Clothing,Small Stores / Shops,Sales Associate,Loyalty Rewards Blast,809665.64,294,2753.96,528.24,4992.46
Clothing,Small Stores / Shops,Sales Associate,Mega Weekend Bonanza,786934.06,281,2800.48,503.43,4992.14
Clothing,Small Stores / Shops,Sales Associate,Mid-Year Madness,853518.96,304,2807.63,511.74,4994.31
Clothing,Small Stores / Shops,Sales Associate,Midnight Madness,753404.64,271,2780.09,512.97,4933.01
Clothing,Small Stores / Shops,Sales Associate,Mystery Discount Days,795195.31,289,2751.54,504.07,4972.19
Clothing,Small Stores / Shops,Sales Associate,New Arrival Showcase,870459.76,302,2882.32,526.27,4988.89
Clothing,Small Stores / Shops,Sales Associate,New Product Launch Promo,863189.01,313,2757.79,578.62,4984.79
Clothing,Small Stores / Shops,Sales Associate,New Year Kickoff,828201.61,298,2779.20,503.74,4930.98
Clothing,Small Stores / Shops,Sales Associate,Price Drop Parade,809488.05,308,2628.21,521.09,4999.49
Clothing,Small Stores / Shops,Sales Associate,Red Tag Clearance,854559.08,304,2811.05,530.53,4982.81
Clothing,Small Stores / Shops,Sales Associate,Seasonal Surprise Box,803551.11,295,2723.90,526.17,4982.48
Clothing,Small Stores / Shops,Sales Associate,Shop & Save Spectacular,827073.06,306,2702.85,500.14,4999.95
Clothing,Small Stores / Shops,Sales Associate,Smart Shopper Week,808180.19,297,2721.15,501.31,4997.07
Clothing,Small Stores / Shops,Sales Associate,Spring Refresh Event,779330.32,296,2632.87,513.21,4995.99
Clothing,Small Stores / Shops,Sales Associate,Spring Splash Discounts,824553.20,303,2721.30,515.22,4975.22
Clothing,Small Stores / Shops,Sales Associate,Summer Sizzle Promo,850939.34,313,2718.66,552.42,4995.49
Clothing,Small Stores / Shops,Sales Associate,Super Savings Week,780770.18,282,2768.69,518.09,4998.86
Clothing,Small Stores / Shops,Sales Associate,Ultimate Value Event,846247.72,295,2868.64,526.43,4998.36
Clothing,Small Stores / Shops,Sales Associate,VIP Access Sale,812518.75,299,2717.45,534.77,4978.47
Clothing,Small Stores / Shops,Sales Associate,Weekend Warrior Specials,817732.31,301,2716.72,511.44,4995.02
Clothing,Small Stores / Shops,Sales Associate,Winter Clearance Carnival,724621.64,276,2625.44,501.25,4972.59
Clothing,Small Stores / Shops,Sales Associate,Winter Wonders Sale,845859.72,304,2782.43,502.80,4973.38
Clothing,Small Stores / Shops,Salesperson,12 Days of Deals,826156.00,298,2772.34,513.34,4993.99
Clothing,Small Stores / Shops,Salesperson,Autumn Deals Drive,795464.78,289,2752.47,518.98,4995.34
Clothing,Small Stores / Shops,Salesperson,BOGO Blitz,846567.71,304,2784.76,518.34,4999.45
Clothing,Small Stores / Shops,Salesperson,Back to School Boost,745156.05,265,2811.91,528.43,4957.12
Clothing,Small Stores / Shops,Salesperson,Birthday Bash Sale,817317.56,285,2867.78,502.17,4997.78
Clothing,Small Stores / Shops,Salesperson,Black Friday Blowout,824005.74,286,2881.14,541.53,4994.34
Clothing,Small Stores / Shops,Salesperson,Cart Crasher Campaign,720454.85,253,2847.65,525.60,4971.66
Clothing,Small Stores / Shops,Salesperson,Cashback Carnival,805431.05,288,2796.64,513.23,4992.74
Clothing,Small Stores / Shops,Salesperson,Clearance Countdown,813280.44,297,2738.32,511.56,4985.37
Clothing,Small Stores / Shops,Salesperson,Countdown to Savings,765277.32,286,2675.79,504.23,4956.24
Clothing,Small Stores / Shops,Salesperson,Customer Appreciation Week,776677.38,280,2773.85,513.31,4980.59
Clothing,Small Stores / Shops,Salesperson,Cyber Monday Mania,862356.79,320,2694.86,506.75,4993.46
Clothing,Small Stores / Shops,Salesperson,Deal of the Month,793866.27,291,2728.06,503.19,4990.92
Clothing,Small Stores / Shops,Salesperson,Double Points Bonanza,874559.72,321,2724.49,517.10,4996.75
Clothing,Small Stores / Shops,Salesperson,Early Bird Specials,885011.86,307,2882.77,530.10,4988.19
Clothing,Small Stores / Shops,Salesperson,End of Season Sale,831921.96,304,2736.59,505.48,4984.90
Clothing,Small Stores / Shops,Salesperson,Exclusive Insider Offers,733387.28,273,2686.40,516.58,4926.65
Clothing,Small Stores / Shops,Salesperson,Festive Fever Promo,770829.33,278,2772.77,513.73,4995.75
Clothing,Small Stores / Shops,Salesperson,Final Call Frenzy,795277.67,295,2695.86,506.19,4994.06
Clothing,Small Stores / Shops,Salesperson,Flash Frenzy Friday,789357.84,293,2694.05,506.08,4996.58
Clothing,Small Stores / Shops,Salesperson,"Gift More, Spend Less",820682.25,294,2791.44,510.65,4988.67
Clothing,Small Stores / Shops,Salesperson,Golden Hour Bargains,812938.38,298,2727.98,514.14,4998.56
Clothing,Small Stores / Shops,Salesperson,Green Weekend Deals,821716.95,307,2676.60,538.01,4996.15
Clothing,Small Stores / Shops,Salesperson,Happy Hour Discounts,795222.05,281,2829.97,531.80,4964.85
Clothing,Small Stores / Shops,Salesperson,Holiday Shopping Rush,776132.58,285,2723.27,503.85,4998.34
Clothing,Small Stores / Shops,Salesperson,Hot Picks Promo,829318.69,297,2792.32,504.12,4983.33
Clothing,Small Stores / Shops,Salesperson,Instant Gratification Sale,780394.54,281,2777.20,508.35,4969.22
Clothing,Small Stores / Shops,Salesperson,Limited Time Treasures,703710.96,267,2635.62,511.13,4977.63
Clothing,Small Stores / Shops,Salesperson,Loyalty Rewards Blast,820516.98,283,2899.35,503.40,4990.18
Clothing,Small Stores / Shops,Salesperson,Mega Weekend Bonanza,910653.24,319,2854.71,527.22,4983.37
Clothing,Small Stores / Shops,Salesperson,Mid-Year Madness,754754.81,275,2744.56,505.48,4997.99
Clothing,Small Stores / Shops,Salesperson,Midnight Madness,877806.84,318,2760.40,500.50,4986.57
Clothing,Small Stores / Shops,Salesperson,Mystery Discount Days,845371.90,304,2780.83,509.78,4995.70
Clothing,Small Stores / Shops,Salesperson,New Arrival Showcase,784032.22,287,2731.82,508.18,4996.20
Clothing,Small Stores / Shops,Salesperson,New Product Launch Promo,767580.61,290,2646.83,526.80,4978.53
Clothing,Small Stores / Shops,Salesperson,New Year Kickoff,835346.68,314,2660.34,529.24,4976.14
Clothing,Small Stores / Shops,Salesperson,Price Drop Parade,781816.09,291,2686.65,506.95,4996.09
Clothing,Small Stores / Shops,Salesperson,Red Tag Clearance,836898.04,295,2836.94,527.34,4997.50
Clothing,Small Stores / Shops,Salesperson,Seasonal Surprise Box,881438.85,320,2754.50,505.17,4965.35
Clothing,Small Stores / Shops,Salesperson,Shop & Save Spectacular,911432.97,317,2875.18,528.50,4997.93
Clothing,Small Stores / Shops,Salesperson,Smart Shopper Week,866834.04,309,2805.29,526.32,4999.73
Clothing,Small Stores / Shops,Salesperson,Spring Refresh Event,758084.61,275,2756.67,515.97,4974.13
Clothing,Small Stores / Shops,Salesperson,Spring Splash Discounts,841579.90,304,2768.35,525.41,4998.97
Clothing,Small Stores / Shops,Salesperson,Summer Sizzle Promo,804008.14,296,2716.24,507.53,4998.14
Clothing,Small Stores / Shops,Salesperson,Super Savings Week,778862.08,285,2732.85,506.81,4947.59
Clothing,Small Stores / Shops,Salesperson,Ultimate Value Event,765237.85,281,2723.27,502.13,4999.82
Clothing,Small Stores / Shops,Salesperson,VIP Access Sale,821781.57,296,2776.29,530.27,4949.01
Clothing,Small Stores / Shops,Salesperson,Weekend Warrior Specials,851985.56,315,2704.72,517.69,4938.99
Clothing,Small Stores / Shops,Salesperson,Winter Clearance Carnival,688800.05,247,2788.66,523.82,4932.29
Clothing,Small Stores / Shops,Salesperson,Winter Wonders Sale,824185.14,311,2650.11,530.57,4988.48
Clothing,Small Stores / Shops,Senior Salesperson,12 Days of Deals,673955.40,246,2739.66,510.36,4991.26
Clothing,Small Stores / Shops,Senior Salesperson,Autumn Deals Drive,704399.02,251,2806.37,514.74,4994.53
Clothing,Small Stores / Shops,Senior Salesperson,BOGO Blitz,711848.70,260,2737.88,503.91,4999.06
Clothing,Small Stores / Shops,Senior Salesperson,Back to School Boost,685533.19,245,2798.09,500.65,4975.49
Clothing,Small Stores / Shops,Senior Salesperson,Birthday Bash Sale,727496.33,257,2830.73,548.18,4997.36
Clothing,Small Stores / Shops,Senior Salesperson,Black Friday Blowout,738519.78,271,2725.17,500.74,4996.66
Clothing,Small Stores / Shops,Senior Salesperson,Cart Crasher Campaign,737921.91,255,2893.81,508.66,4913.90
Clothing,Small Stores / Shops,Senior Salesperson,Cashback Carnival,613940.17,231,2657.75,531.51,4998.40
Clothing,Small Stores / Shops,Senior Salesperson,Clearance Countdown,666054.00,251,2653.60,516.15,4988.20
Clothing,Small Stores / Shops,Senior Salesperson,Countdown to Savings,675616.81,243,2780.32,519.60,4985.56
Clothing,Small Stores / Shops,Senior Salesperson,Customer Appreciation Week,778148.84,284,2739.96,503.78,4981.97
Clothing,Small Stores / Shops,Senior Salesperson,Cyber Monday Mania,618819.66,228,2714.12,505.15,4992.60
Clothing,Small Stores / Shops,Senior Salesperson,Deal of the Month,694137.88,253,2743.63,508.62,4928.94
Clothing,Small Stores / Shops,Senior Salesperson,Double Points Bonanza,726741.26,256,2838.83,536.85,4990.29
Clothing,Small Stores / Shops,Senior Salesperson,Early Bird Specials,777385.66,285,2727.67,504.72,4997.16
Clothing,Small Stores / Shops,Senior Salesperson,End of Season Sale,707904.89,252,2809.15,509.34,4972.03
Clothing,Small Stores / Shops,Senior Salesperson,Exclusive Insider Offers,750133.60,271,2768.02,500.07,4989.88
Clothing,Small Stores / Shops,Senior Salesperson,Festive Fever Promo,805080.65,290,2776.14,503.50,4981.97
Clothing,Small Stores / Shops,Senior Salesperson,Final Call Frenzy,729212.88,265,2751.75,513.55,4968.41
Clothing,Small Stores / Shops,Senior Salesperson,Flash Frenzy Friday,756688.47,271,2792.21,520.08,4996.44
Clothing,Small Stores / Shops,Senior Salesperson,"Gift More, Spend Less",759132.85,282,2691.96,518.87,4972.69
Clothing,Small Stores / Shops,Senior Salesperson,Golden Hour Bargains,695230.19,251,2769.84,506.14,4994.31
Clothing,Small Stores / Shops,Senior Salesperson,Green Weekend Deals,785157.21,273,2876.03,531.05,4993.73
Clothing,Small Stores / Shops,Senior Salesperson,Happy Hour Discounts,637685.64,239,2668.14,538.42,4992.66
Clothing,Small Stores / Shops,Senior Salesperson,Holiday Shopping Rush,703497.53,259,2716.21,507.23,4963.46
Clothing,Small Stores / Shops,Senior Salesperson,Hot Picks Promo,738015.53,253,2917.06,525.98,4982.85
Clothing,Small Stores / Shops,Senior Salesperson,Instant Gratification Sale,732687.75,240,3052.87,543.01,4998.85
Clothing,Small Stores / Shops,Senior Salesperson,Limited Time Treasures,730401.21,263,2777.19,509.31,4999.81
Clothing,Small Stores / Shops,Senior Salesperson,Loyalty Rewards Blast,811576.72,283,2867.76,545.30,4996.42
Clothing,Small Stores / Shops,Senior Salesperson,Mega Weekend Bonanza,702805.58,248,2833.89,542.23,4975.54
Clothing,Small Stores / Shops,Senior Salesperson,Mid-Year Madness,626625.91,237,2643.99,502.52,4991.48
Clothing,Small Stores / Shops,Senior Salesperson,Midnight Madness,687424.13,253,2717.09,511.51,4988.44
Clothing,Small Stores / Shops,Senior Salesperson,Mystery Discount Days,639251.76,236,2708.69,549.38,4993.88
Clothing,Small Stores / Shops,Senior Salesperson,New Arrival Showcase,747420.28,259,2885.79,506.65,4989.84
Clothing,Small Stores / Shops,Senior Salesperson,New Product Launch Promo,643794.95,227,2836.10,562.12,4988.38
Clothing,Small Stores / Shops,Senior Salesperson,New Year Kickoff,722476.45,259,2789.48,503.46,4981.51
Clothing,Small Stores / Shops,Senior Salesperson,Price Drop Parade,673958.47,251,2685.09,503.07,4999.68
Clothing,Small Stores / Shops,Senior Salesperson,Red Tag Clearance,731821.21,272,2690.52,518.26,4996.92
Clothing,Small Stores / Shops,Senior Salesperson,Seasonal Surprise Box,724381.39,262,2764.81,507.61,4982.46
Clothing,Small Stores / Shops,Senior Salesperson,Shop & Save Spectacular,734451.95,258,2846.71,501.24,4989.80
Clothing,Small Stores / Shops,Senior Salesperson,Smart Shopper Week,626123.32,241,2598.02,505.75,4897.85
Clothing,Small Stores / Shops,Senior Salesperson,Spring Refresh Event,696422.25,260,2678.55,526.82,4979.80
Clothing,Small Stores / Shops,Senior Salesperson,Spring Splash Discounts,667257.67,242,2757.26,505.94,4989.56
Clothing,Small Stores / Shops,Senior Salesperson,Summer Sizzle Promo,616611.93,233,2646.40,528.18,4992.67
Clothing,Small Stores / Shops,Senior Salesperson,Super Savings Week,712533.24,246,2896.48,510.99,4999.08
Clothing,Small Stores / Shops,Senior Salesperson,Ultimate Value Event,678908.62,252,2694.08,508.15,4998.73
Clothing,Small Stores / Shops,Senior Salesperson,VIP Access Sale,750570.89,255,2943.42,519.78,4983.73
Clothing,Small Stores / Shops,Senior Salesperson,Weekend Warrior Specials,645820.73,240,2690.92,503.46,4989.06
Clothing,Small Stores / Shops,Senior Salesperson,Winter Clearance Carnival,734903.75,256,2870.72,522.50,4998.41
Clothing,Small Stores / Shops,Senior Salesperson,Winter Wonders Sale,693001.59,255,2717.65,542.38,4976.93
Clothing,Supermarkets ,Manager,12 Days of Deals,839517.56,319,2631.72,502.77,4998.46
Clothing,Supermarkets ,Manager,Autumn Deals Drive,740679.87,269,2753.46,509.47,4999.75
Clothing,Supermarkets ,Manager,BOGO Blitz,849293.30,308,2757.45,500.97,4989.78
Clothing,Supermarkets ,Manager,Back to School Boost,778189.56,286,2720.94,514.47,4969.60
Clothing,Supermarkets ,Manager,Birthday Bash Sale,761774.15,272,2800.64,517.04,4972.85
Clothing,Supermarkets ,Manager,Black Friday Blowout,791927.46,293,2702.82,531.54,4980.21
Clothing,Supermarkets ,Manager,Cart Crasher Campaign,776130.50,283,2742.51,584.75,4996.89
Clothing,Supermarkets ,Manager,Cashback Carnival,747004.77,263,2840.32,550.07,4973.33
Clothing,Supermarkets ,Manager,Clearance Countdown,868524.77,318,2731.21,500.53,4995.43
Clothing,Supermarkets ,Manager,Countdown to Savings,794875.44,288,2759.98,501.16,4996.97
Clothing,Supermarkets ,Manager,Customer Appreciation Week,751603.26,272,2763.25,508.47,4984.08
Clothing,Supermarkets ,Manager,Cyber Monday Mania,783718.83,283,2769.32,502.07,4994.22
Clothing,Supermarkets ,Manager,Deal of the Month,787081.79,284,2771.41,508.62,4982.42
Clothing,Supermarkets ,Manager,Double Points Bonanza,759191.38,280,2711.40,500.63,4973.85
Clothing,Supermarkets ,Manager,Early Bird Specials,692214.86,242,2860.39,573.13,4996.74
Clothing,Supermarkets ,Manager,End of Season Sale,753678.02,273,2760.73,553.88,4993.28
Clothing,Supermarkets ,Manager,Exclusive Insider Offers,721203.29,255,2828.25,504.62,4998.51
Clothing,Supermarkets ,Manager,Festive Fever Promo,882380.34,318,2774.78,501.90,4961.84
Clothing,Supermarkets ,Manager,Final Call Frenzy,854241.70,309,2764.54,536.12,4976.65
Clothing,Supermarkets ,Manager,Flash Frenzy Friday,755097.51,285,2649.46,509.25,4994.26
Clothing,Supermarkets ,Manager,"Gift More, Spend Less",691372.70,263,2628.79,503.15,4997.42
Clothing,Supermarkets ,Manager,Golden Hour Bargains,812234.95,289,2810.50,555.39,4997.10
Clothing,Supermarkets ,Manager,Green Weekend Deals,750355.88,275,2728.57,512.49,4968.81
Clothing,Supermarkets ,Manager,Happy Hour Discounts,823470.94,294,2800.92,555.16,4993.33
Clothing,Supermarkets ,Manager,Holiday Shopping Rush,719288.10,260,2766.49,526.16,4988.49
Clothing,Supermarkets ,Manager,Hot Picks Promo,803787.23,290,2771.68,512.09,4958.46
Clothing,Supermarkets ,Manager,Instant Gratification Sale,791449.03,285,2777.01,501.99,4996.19
Clothing,Supermarkets ,Manager,Limited Time Treasures,748636.69,269,2783.04,511.01,4999.38
Clothing,Supermarkets ,Manager,Loyalty Rewards Blast,768836.58,283,2716.74,521.58,4997.44
Clothing,Supermarkets ,Manager,Mega Weekend Bonanza,924353.18,339,2726.71,517.03,4996.67
Clothing,Supermarkets ,Manager,Mid-Year Madness,767278.91,297,2583.43,500.82,4989.93
Clothing,Supermarkets ,Manager,Midnight Madness,795168.86,288,2761.00,549.54,4973.36
Clothing,Supermarkets ,Manager,Mystery Discount Days,748543.04,287,2608.16,529.00,4979.18
Clothing,Supermarkets ,Manager,New Arrival Showcase,719867.05,280,2570.95,500.17,4976.30
Clothing,Supermarkets ,Manager,New Product Launch Promo,857630.62,303,2830.46,501.71,4988.99
Clothing,Supermarkets ,Manager,New Year Kickoff,778392.22,287,2712.17,506.98,4970.59
Clothing,Supermarkets ,Manager,Price Drop Parade,815243.83,299,2726.57,505.80,4991.01
Clothing,Supermarkets ,Manager,Red Tag Clearance,812161.66,295,2753.09,516.38,4981.37
Clothing,Supermarkets ,Manager,Seasonal Surprise Box,839781.55,294,2856.40,519.89,4964.92
Clothing,Supermarkets ,Manager,Shop & Save Spectacular,854213.38,294,2905.49,503.87,4962.54
Clothing,Supermarkets ,Manager,Smart Shopper Week,751866.74,270,2784.69,509.54,4996.33
Clothing,Supermarkets ,Manager,Spring Refresh Event,767117.58,277,2769.38,501.02,4977.82
Clothing,Supermarkets ,Manager,Spring Splash Discounts,843690.42,314,2686.91,508.64,4984.88
Clothing,Supermarkets ,Manager,Summer Sizzle Promo,777099.72,283,2745.94,506.24,4988.81
Clothing,Supermarkets ,Manager,Super Savings Week,760421.23,276,2755.15,501.26,4984.02
Clothing,Supermarkets ,Manager,Ultimate Value Event,793246.92,288,2754.33,522.61,4993.23
Clothing,Supermarkets ,Manager,VIP Access Sale,773914.42,285,2715.49,510.81,4991.78
Clothing,Supermarkets ,Manager,Weekend Warrior Specials,894425.49,321,2786.37,501.72,4993.94
Clothing,Supermarkets ,Manager,Winter Clearance Carnival,841839.49,290,2902.89,535.31,4985.40
Clothing,Supermarkets ,Manager,Winter Wonders Sale,858225.70,318,2698.82,502.39,4998.47
Clothing,Supermarkets ,Sales Associate,12 Days of Deals,825608.63,293,2817.78,567.71,4961.95
Clothing,Supermarkets ,Sales Associate,Autumn Deals Drive,943247.80,345,2734.05,500.77,4992.45
Clothing,Supermarkets ,Sales Associate,BOGO Blitz,766766.65,288,2662.38,509.20,4970.83
Clothing,Supermarkets ,Sales Associate,Back to School Boost,823766.30,308,2674.57,525.07,4989.82
Clothing,Supermarkets ,Sales Associate,Birthday Bash Sale,839739.17,293,2866.00,506.06,4987.29
Clothing,Supermarkets ,Sales Associate,Black Friday Blowout,806527.29,295,2733.99,503.18,4992.25
Clothing,Supermarkets ,Sales Associate,Cart Crasher Campaign,851269.67,317,2685.39,512.62,4966.66
Clothing,Supermarkets ,Sales Associate,Cashback Carnival,791910.26,300,2639.70,510.62,4984.29
Clothing,Supermarkets ,Sales Associate,Clearance Countdown,913925.07,334,2736.30,530.24,4963.73
Clothing,Supermarkets ,Sales Associate,Countdown to Savings,825873.21,303,2725.65,510.74,4973.06
Clothing,Supermarkets ,Sales Associate,Customer Appreciation Week,830804.79,299,2778.61,517.23,4964.23
Clothing,Supermarkets ,Sales Associate,Cyber Monday Mania,855130.82,315,2714.70,509.47,4987.49
Clothing,Supermarkets ,Sales Associate,Deal of the Month,861421.58,317,2717.42,502.13,4973.22
Clothing,Supermarkets ,Sales Associate,Double Points Bonanza,890184.10,316,2817.04,501.70,4989.35
Clothing,Supermarkets ,Sales Associate,Early Bird Specials,823066.63,293,2809.10,501.24,4979.29
Clothing,Supermarkets ,Sales Associate,End of Season Sale,813097.30,291,2794.15,517.03,4997.08
Clothing,Supermarkets ,Sales Associate,Exclusive Insider Offers,762235.86,275,2771.77,507.69,4991.51
Clothing,Supermarkets ,Sales Associate,Festive Fever Promo,845490.43,309,2736.21,504.43,4990.63
Clothing,Supermarkets ,Sales Associate,Final Call Frenzy,923447.16,317,2913.08,503.34,4993.90
Clothing,Supermarkets ,Sales Associate,Flash Frenzy Friday,849434.86,309,2748.98,509.03,4986.49
Clothing,Supermarkets ,Sales Associate,"Gift More, Spend Less",800263.47,302,2649.88,512.13,4986.56
Clothing,Supermarkets ,Sales Associate,Golden Hour Bargains,840765.71,307,2738.65,507.62,4999.85
Clothing,Supermarkets ,Sales Associate,Green Weekend Deals,855070.47,316,2705.92,518.83,4991.70
Clothing,Supermarkets ,Sales Associate,Happy Hour Discounts,863808.24,303,2850.85,503.04,4990.90
Clothing,Supermarkets ,Sales Associate,Holiday Shopping Rush,796513.64,283,2814.54,506.38,4942.38
Clothing,Supermarkets ,Sales Associate,Hot Picks Promo,899611.53,325,2768.04,500.12,4977.65
Clothing,Supermarkets ,Sales Associate,Instant Gratification Sale,722798.89,271,2667.15,500.95,4998.40
Clothing,Supermarkets ,Sales Associate,Limited Time Treasures,941750.24,321,2933.80,506.89,4954.82
Clothing,Supermarkets ,Sales Associate,Loyalty Rewards Blast,717154.43,263,2726.82,530.25,4973.37
Clothing,Supermarkets ,Sales Associate,Mega Weekend Bonanza,780770.61,292,2673.87,518.73,4995.44
Clothing,Supermarkets ,Sales Associate,Mid-Year Madness,866878.35,318,2726.03,517.92,4994.34
Clothing,Supermarkets ,Sales Associate,Midnight Madness,921071.61,329,2799.61,511.19,4972.50
Clothing,Supermarkets ,Sales Associate,Mystery Discount Days,846894.74,307,2758.61,529.02,4999.85
Clothing,Supermarkets ,Sales Associate,New Arrival Showcase,959888.25,348,2758.30,510.69,4988.35
Clothing,Supermarkets ,Sales Associate,New Product Launch Promo,763667.76,286,2670.17,500.27,4984.83
Clothing,Supermarkets ,Sales Associate,New Year Kickoff,746238.87,276,2703.76,503.72,4994.72
Clothing,Supermarkets ,Sales Associate,Price Drop Parade,811643.64,293,2770.11,508.52,4977.32
Clothing,Supermarkets ,Sales Associate,Red Tag Clearance,775348.93,287,2701.56,511.82,4946.25
Clothing,Supermarkets ,Sales Associate,Seasonal Surprise Box,936261.24,331,2828.58,500.52,4988.87
Clothing,Supermarkets ,Sales Associate,Shop & Save Spectacular,817536.78,298,2743.41,500.33,4984.02
Clothing,Supermarkets ,Sales Associate,Smart Shopper Week,896125.22,306,2928.51,520.02,4983.10
Clothing,Supermarkets ,Sales Associate,Spring Refresh Event,925263.16,349,2651.18,501.09,4987.97
Clothing,Supermarkets ,Sales Associate,Spring Splash Discounts,785672.83,301,2610.21,507.73,4990.13
Clothing,Supermarkets ,Sales Associate,Summer Sizzle Promo,922560.27,327,2821.29,502.32,4991.33
Clothing,Supermarkets ,Sales Associate,Super Savings Week,824891.55,309,2669.55,505.75,4994.09
Clothing,Supermarkets ,Sales Associate,Ultimate Value Event,908188.87,330,2752.09,532.59,4988.28
Clothing,Supermarkets ,Sales Associate,VIP Access Sale,986739.53,360,2740.94,506.71,4996.65
Clothing,Supermarkets ,Sales Associate,Weekend Warrior Specials,766860.30,289,2653.50,502.76,4994.80
Clothing,Supermarkets ,Sales Associate,Winter Clearance Carnival,781431.10,292,2676.13,509.87,4959.11
Clothing,Supermarkets ,Sales Associate,Winter Wonders Sale,764586.86,278,2750.31,524.51,4996.30
Clothing,Supermarkets ,Salesperson,12 Days of Deals,753556.69,274,2750.21,524.97,4979.14
Clothing,Supermarkets ,Salesperson,Autumn Deals Drive,761993.95,279,2731.16,504.68,4996.26
Clothing,Supermarkets ,Salesperson,BOGO Blitz,823106.06,312,2638.16,513.95,4997.55
Clothing,Supermarkets ,Salesperson,Back to School Boost,864891.44,322,2686.00,501.52,4978.26
Clothing,Supermarkets ,Salesperson,Birthday Bash Sale,766340.49,287,2670.18,502.19,4991.13
Clothing,Supermarkets ,Salesperson,Black Friday Blowout,771696.17,280,2756.06,516.57,4992.36
Clothing,Supermarkets ,Salesperson,Cart Crasher Campaign,874179.24,312,2801.86,505.97,4981.35
Clothing,Supermarkets ,Salesperson,Cashback Carnival,874248.68,310,2820.16,505.92,4997.64
Clothing,Supermarkets ,Salesperson,Clearance Countdown,771740.77,283,2727.00,512.27,4994.91
Clothing,Supermarkets ,Salesperson,Countdown to Savings,816859.46,298,2741.14,516.49,4998.86
Clothing,Supermarkets ,Salesperson,Customer Appreciation Week,867113.28,316,2744.03,510.90,4998.60
Clothing,Supermarkets ,Salesperson,Cyber Monday Mania,862722.78,304,2837.90,513.42,4995.44
Clothing,Supermarkets ,Salesperson,Deal of the Month,888776.55,318,2794.89,505.18,4994.87
Clothing,Supermarkets ,Salesperson,Double Points Bonanza,769682.47,279,2758.72,510.59,4974.49
Clothing,Supermarkets ,Salesperson,Early Bird Specials,842208.65,301,2798.04,522.41,4986.96
Clothing,Supermarkets ,Salesperson,End of Season Sale,852741.36,310,2750.78,509.09,4999.17
Clothing,Supermarkets ,Salesperson,Exclusive Insider Offers,826886.29,304,2720.02,508.78,4989.69
Clothing,Supermarkets ,Salesperson,Festive Fever Promo,800069.57,317,2523.88,506.40,4988.91
Clothing,Supermarkets ,Salesperson,Final Call Frenzy,848782.92,308,2755.79,509.40,4985.10
Clothing,Supermarkets ,Salesperson,Flash Frenzy Friday,851624.62,310,2747.18,501.20,4998.23
Clothing,Supermarkets ,Salesperson,"Gift More, Spend Less",773663.82,279,2772.99,501.94,4989.04
Clothing,Supermarkets ,Salesperson,Golden Hour Bargains,842405.00,314,2682.82,521.72,4992.28
Clothing,Supermarkets ,Salesperson,Green Weekend Deals,821225.85,293,2802.82,519.98,4989.62
Clothing,Supermarkets ,Salesperson,Happy Hour Discounts,743044.83,276,2692.19,518.75,4954.45
Clothing,Supermarkets ,Salesperson,Holiday Shopping Rush,800458.66,290,2760.20,508.71,4999.33
Clothing,Supermarkets ,Salesperson,Hot Picks Promo,790748.43,294,2689.62,510.06,4987.14
Clothing,Supermarkets ,Salesperson,Instant Gratification Sale,714436.05,270,2646.06,503.83,4992.16
Clothing,Supermarkets ,Salesperson,Limited Time Treasures,805800.16,290,2778.62,501.46,4979.27
Clothing,Supermarkets ,Salesperson,Loyalty Rewards Blast,796449.03,293,2718.26,529.31,4940.80
Clothing,Supermarkets ,Salesperson,Mega Weekend Bonanza,871782.64,315,2767.56,508.93,4988.26
Clothing,Supermarkets ,Salesperson,Mid-Year Madness,758080.29,291,2605.09,506.96,4990.14
Clothing,Supermarkets ,Salesperson,Midnight Madness,840357.13,295,2848.67,504.20,4981.54
Clothing,Supermarkets ,Salesperson,Mystery Discount Days,741794.67,279,2658.76,502.13,4998.98
Clothing,Supermarkets ,Salesperson,New Arrival Showcase,745770.77,278,2682.63,506.85,4994.65
Clothing,Supermarkets ,Salesperson,New Product Launch Promo,809822.96,290,2792.49,528.04,4967.22
Clothing,Supermarkets ,Salesperson,New Year Kickoff,795703.54,289,2753.30,519.85,4987.75
Clothing,Supermarkets ,Salesperson,Price Drop Parade,818477.63,289,2832.10,503.25,4991.55
Clothing,Supermarkets ,Salesperson,Red Tag Clearance,834818.94,304,2746.11,501.79,4985.45
Clothing,Supermarkets ,Salesperson,Seasonal Surprise Box,804172.33,292,2754.01,524.38,4971.33
Clothing,Supermarkets ,Salesperson,Shop & Save Spectacular,811346.09,303,2677.71,516.93,4997.38
Clothing,Supermarkets ,Salesperson,Smart Shopper Week,779112.53,275,2833.14,534.11,4995.81
Clothing,Supermarkets ,Salesperson,Spring Refresh Event,786385.87,275,2859.58,500.43,4997.20
Clothing,Supermarkets ,Salesperson,Spring Splash Discounts,797892.59,285,2799.62,501.80,4997.44
Clothing,Supermarkets ,Salesperson,Summer Sizzle Promo,796330.47,288,2765.04,508.47,4998.80
Clothing,Supermarkets ,Salesperson,Super Savings Week,758851.25,279,2719.90,505.22,4953.72
Clothing,Supermarkets ,Salesperson,Ultimate Value Event,861459.08,311,2769.96,506.18,4995.70
Clothing,Supermarkets ,Salesperson,VIP Access Sale,872949.66,318,2745.12,513.12,4992.69
Clothing,Supermarkets ,Salesperson,Weekend Warrior Specials,795184.48,300,2650.61,533.94,4991.98
Clothing,Supermarkets ,Salesperson,Winter Clearance Carnival,767398.19,281,2730.95,505.16,4993.54
Clothing,Supermarkets ,Salesperson,Winter Wonders Sale,837714.14,311,2693.61,513.88,4993.56
Clothing,Supermarkets ,Senior Salesperson,12 Days of Deals,767751.20,277,2771.66,519.67,4994.45
Clothing,Supermarkets ,Senior Salesperson,Autumn Deals Drive,720051.71,248,2903.43,501.28,4967.14
Clothing,Supermarkets ,Senior Salesperson,BOGO Blitz,757378.59,271,2794.75,526.99,4962.62
Clothing,Supermarkets ,Senior Salesperson,Back to School Boost,691908.58,247,2801.25,510.27,4999.86
Clothing,Supermarkets ,Senior Salesperson,Birthday Bash Sale,743437.58,269,2763.71,518.24,4974.06
Clothing,Supermarkets ,Senior Salesperson,Black Friday Blowout,698463.26,266,2625.80,541.21,4977.09
Clothing,Supermarkets ,Senior Salesperson,Cart Crasher Campaign,843982.03,295,2860.96,501.15,4997.29
Clothing,Supermarkets ,Senior Salesperson,Cashback Carnival,722774.54,261,2769.25,533.32,4978.72
Clothing,Supermarkets ,Senior Salesperson,Clearance Countdown,631545.78,241,2620.52,507.81,4993.56
Clothing,Supermarkets ,Senior Salesperson,Countdown to Savings,774832.98,288,2690.39,503.90,4991.40
Clothing,Supermarkets ,Senior Salesperson,Customer Appreciation Week,745442.72,270,2760.90,519.21,4984.95
Clothing,Supermarkets ,Senior Salesperson,Cyber Monday Mania,603023.71,225,2680.11,544.40,4981.01
Clothing,Supermarkets ,Senior Salesperson,Deal of the Month,793679.47,287,2765.43,502.57,4992.66
Clothing,Supermarkets ,Senior Salesperson,Double Points Bonanza,677927.02,250,2711.71,504.72,4959.54
Clothing,Supermarkets ,Senior Salesperson,Early Bird Specials,673632.01,252,2673.14,506.63,4971.61
Clothing,Supermarkets ,Senior Salesperson,End of Season Sale,633728.99,235,2696.72,523.48,4995.12
Clothing,Supermarkets ,Senior Salesperson,Exclusive Insider Offers,698896.38,251,2784.45,516.25,4987.30
Clothing,Supermarkets ,Senior Salesperson,Festive Fever Promo,804683.95,286,2813.58,503.23,4998.89
Clothing,Supermarkets ,Senior Salesperson,Final Call Frenzy,659866.48,233,2832.04,505.45,4964.33
Clothing,Supermarkets ,Senior Salesperson,Flash Frenzy Friday,620212.42,230,2696.58,521.53,4977.77
Clothing,Supermarkets ,Senior Salesperson,"Gift More, Spend Less",703208.04,252,2790.51,532.93,4977.65
Clothing,Supermarkets ,Senior Salesperson,Golden Hour Bargains,776370.15,273,2843.85,517.13,4987.66
Clothing,Supermarkets ,Senior Salesperson,Green Weekend Deals,790202.39,288,2743.76,501.10,4999.98
Clothing,Supermarkets ,Senior Salesperson,Happy Hour Discounts,683926.76,253,2703.27,517.45,4994.57
Clothing,Supermarkets ,Senior Salesperson,Holiday Shopping Rush,717266.45,257,2790.92,514.56,4982.19
Clothing,Supermarkets ,Senior Salesperson,Hot Picks Promo,639718.96,238,2687.89,533.30,4989.96
Clothing,Supermarkets ,Senior Salesperson,Instant Gratification Sale,660399.94,233,2834.33,525.25,4997.44
Clothing,Supermarkets ,Senior Salesperson,Limited Time Treasures,690862.73,253,2730.68,509.30,4989.54
Clothing,Supermarkets ,Senior Salesperson,Loyalty Rewards Blast,693746.54,252,2752.96,507.26,4995.86
Clothing,Supermarkets ,Senior Salesperson,Mega Weekend Bonanza,744933.64,269,2769.27,534.16,4970.99
Clothing,Supermarkets ,Senior Salesperson,Mid-Year Madness,751492.09,269,2793.65,502.44,4979.78
Clothing,Supermarkets ,Senior Salesperson,Midnight Madness,672910.08,250,2691.64,518.95,4932.31
Clothing,Supermarkets ,Senior Salesperson,Mystery Discount Days,786517.88,269,2923.86,503.54,4974.81
Clothing,Supermarkets ,Senior Salesperson,New Arrival Showcase,677732.19,250,2710.93,514.19,4996.95
Clothing,Supermarkets ,Senior Salesperson,New Product Launch Promo,682590.72,244,2797.50,513.88,4977.94
Clothing,Supermarkets ,Senior Salesperson,New Year Kickoff,744219.85,271,2746.20,500.45,4982.77
Clothing,Supermarkets ,Senior Salesperson,Price Drop Parade,733541.14,262,2799.78,504.45,4998.25
Clothing,Supermarkets ,Senior Salesperson,Red Tag Clearance,667381.46,240,2780.76,513.56,4969.17
Clothing,Supermarkets ,Senior Salesperson,Seasonal Surprise Box,702079.35,245,2865.63,510.78,4959.59
Clothing,Supermarkets ,Senior Salesperson,Shop & Save Spectacular,775953.14,275,2821.65,546.82,4992.80
Clothing,Supermarkets ,Senior Salesperson,Smart Shopper Week,691696.55,251,2755.76,507.97,4988.46
Clothing,Supermarkets ,Senior Salesperson,Spring Refresh Event,814477.58,295,2760.94,515.89,4996.02
Clothing,Supermarkets ,Senior Salesperson,Spring Splash Discounts,696277.83,251,2774.02,500.46,4999.01
Clothing,Supermarkets ,Senior Salesperson,Summer Sizzle Promo,647424.78,249,2600.10,504.25,4997.93
Clothing,Supermarkets ,Senior Salesperson,Super Savings Week,688205.94,254,2709.47,511.09,4989.04
Clothing,Supermarkets ,Senior Salesperson,Ultimate Value Event,688621.78,255,2700.48,500.07,4998.67
Clothing,Supermarkets ,Senior Salesperson,VIP Access Sale,708389.98,253,2799.96,574.48,4974.45
Clothing,Supermarkets ,Senior Salesperson,Weekend Warrior Specials,745872.93,268,2783.11,524.76,4998.52
Clothing,Supermarkets ,Senior Salesperson,Winter Clearance Carnival,682179.23,253,2696.36,521.68,4997.27
Clothing,Supermarkets ,Senior Salesperson,Winter Wonders Sale,676989.82,246,2751.99,520.80,4960.21
Electronics,Large Malls / Complexes,Manager,12 Days of Deals,635070.56,229,2773.23,512.48,4969.65
Electronics,Large Malls / Complexes,Manager,Autumn Deals Drive,756792.35,261,2899.59,512.70,4996.51
Electronics,Large Malls / Complexes,Manager,BOGO Blitz,698259.36,250,2793.04,520.16,4997.65
Electronics,Large Malls / Complexes,Manager,Back to School Boost,671402.38,255,2632.95,506.31,4957.68
Electronics,Large Malls / Complexes,Manager,Birthday Bash Sale,709256.04,258,2749.05,528.33,4968.54
Electronics,Large Malls / Complexes,Manager,Black Friday Blowout,755524.99,268,2819.12,501.86,4997.94
Electronics,Large Malls / Complexes,Manager,Cart Crasher Campaign,807579.41,280,2884.21,508.39,4986.65
Electronics,Large Malls / Complexes,Manager,Cashback Carnival,733149.83,268,2735.63,518.86,4977.79
Electronics,Large Malls / Complexes,Manager,Clearance Countdown,718345.15,262,2741.78,502.94,4980.58
Electronics,Large Malls / Complexes,Manager,Countdown to Savings,754417.47,273,2763.43,506.44,4974.65
Electronics,Large Malls / Complexes,Manager,Customer Appreciation Week,687488.41,251,2739.00,540.67,4977.93
Electronics,Large Malls / Complexes,Manager,Cyber Monday Mania,709087.22,266,2665.74,503.56,4979.84
Electronics,Large Malls / Complexes,Manager,Deal of the Month,686913.96,241,2850.27,501.76,4976.39
Electronics,Large Malls / Complexes,Manager,Double Points Bonanza,732640.23,254,2884.41,543.42,4978.35
Electronics,Large Malls / Complexes,Manager,Early Bird Specials,696628.42,257,2710.62,512.16,4976.66
Electronics,Large Malls / Complexes,Manager,End of Season Sale,693887.79,260,2668.80,504.05,4998.76
Electronics,Large Malls / Complexes,Manager,Exclusive Insider Offers,708976.31,259,2737.36,503.43,4988.76
Electronics,Large Malls / Complexes,Manager,Festive Fever Promo,743303.92,272,2732.74,500.64,4998.89
Electronics,Large Malls / Complexes,Manager,Final Call Frenzy,714509.34,262,2727.13,535.32,4992.32
Electronics,Large Malls / Complexes,Manager,Flash Frenzy Friday,672263.64,256,2626.03,516.92,4990.29
Electronics,Large Malls / Complexes,Manager,"Gift More, Spend Less",638179.34,240,2659.08,519.09,4962.56
Electronics,Large Malls / Complexes,Manager,Golden Hour Bargains,735646.49,273,2694.68,512.23,4995.98
Electronics,Large Malls / Complexes,Manager,Green Weekend Deals,614301.05,220,2792.28,505.65,4999.78
Electronics,Large Malls / Complexes,Manager,Happy Hour Discounts,810844.75,293,2767.39,552.66,4971.70
Electronics,Large Malls / Complexes,Manager,Holiday Shopping Rush,726871.63,261,2784.95,530.93,4989.60
Electronics,Large Malls / Complexes,Manager,Hot Picks Promo,755283.75,276,2736.54,528.71,4979.13
Electronics,Large Malls / Complexes,Manager,Instant Gratification Sale,852189.67,306,2784.93,520.36,4990.51
Electronics,Large Malls / Complexes,Manager,Limited Time Treasures,769577.49,272,2829.33,527.36,4960.52
Electronics,Large Malls / Complexes,Manager,Loyalty Rewards Blast,638168.08,242,2637.06,513.51,4985.06
Electronics,Large Malls / Complexes,Manager,Mega Weekend Bonanza,813677.56,302,2694.30,519.39,4994.32
Electronics,Large Malls / Complexes,Manager,Mid-Year Madness,728453.49,268,2718.11,506.67,4959.31
Electronics,Large Malls / Complexes,Manager,Midnight Madness,719093.46,266,2703.36,505.60,4998.42
Electronics,Large Malls / Complexes,Manager,Mystery Discount Days,770013.96,277,2779.83,526.64,4987.46
Electronics,Large Malls / Complexes,Manager,New Arrival Showcase,797128.96,275,2898.65,507.24,4999.20
Electronics,Large Malls / Complexes,Manager,New Product Launch Promo,736548.56,273,2697.98,517.49,4998.61
Electronics,Large Malls / Complexes,Manager,New Year Kickoff,814666.04,292,2789.95,526.40,4996.42
Electronics,Large Malls / Complexes,Manager,Price Drop Parade,694994.57,251,2768.90,500.55,4972.09
Electronics,Large Malls / Complexes,Manager,Red Tag Clearance,743035.07,271,2741.83,544.24,4977.15
Electronics,Large Malls / Complexes,Manager,Seasonal Surprise Box,764200.37,281,2719.57,537.90,4988.43
Electronics,Large Malls / Complexes,Manager,Shop & Save Spectacular,859225.83,300,2864.09,513.44,4991.54
Electronics,Large Malls / Complexes,Manager,Smart Shopper Week,629068.65,239,2632.09,509.76,4973.84
Electronics,Large Malls / Complexes,Manager,Spring Refresh Event,743844.18,258,2883.12,507.77,4918.80
Electronics,Large Malls / Complexes,Manager,Spring Splash Discounts,686063.28,244,2811.73,519.57,4987.50
Electronics,Large Malls / Complexes,Manager,Summer Sizzle Promo,625174.23,228,2741.99,501.20,4969.25
Electronics,Large Malls / Complexes,Manager,Super Savings Week,695485.32,261,2664.69,508.42,4983.91
Electronics,Large Malls / Complexes,Manager,Ultimate Value Event,689428.38,251,2746.73,509.32,4998.93
Electronics,Large Malls / Complexes,Manager,VIP Access Sale,769586.44,280,2748.52,536.16,4969.11
Electronics,Large Malls / Complexes,Manager,Weekend Warrior Specials,711203.95,243,2926.77,540.23,4963.13
Electronics,Large Malls / Complexes,Manager,Winter Clearance Carnival,845960.18,307,2755.57,504.18,4980.30
Electronics,Large Malls / Complexes,Manager,Winter Wonders Sale,673159.11,245,2747.59,503.19,4983.57
Electronics,Large Malls / Complexes,Sales Associate,12 Days of Deals,700768.43,259,2705.67,514.86,4909.31
Electronics,Large Malls / Complexes,Sales Associate,Autumn Deals Drive,820291.06,287,2858.16,503.43,4995.33
Electronics,Large Malls / Complexes,Sales Associate,BOGO Blitz,826058.06,296,2790.74,507.85,4991.94
Electronics,Large Malls / Complexes,Sales Associate,Back to School Boost,781037.93,284,2750.13,523.44,4988.38
Electronics,Large Malls / Complexes,Sales Associate,Birthday Bash Sale,729942.14,262,2786.04,519.56,4994.15
Electronics,Large Malls / Complexes,Sales Associate,Black Friday Blowout,752009.45,275,2734.58,500.70,4960.23
Electronics,Large Malls / Complexes,Sales Associate,Cart Crasher Campaign,676236.07,247,2737.80,502.87,4995.09
Electronics,Large Malls / Complexes,Sales Associate,Cashback Carnival,775762.78,275,2820.96,516.58,4969.15
Electronics,Large Malls / Complexes,Sales Associate,Clearance Countdown,749784.61,292,2567.76,502.39,4987.51
Electronics,Large Malls / Complexes,Sales Associate,Countdown to Savings,718364.63,267,2690.50,500.60,4989.61
Electronics,Large Malls / Complexes,Sales Associate,Customer Appreciation Week,819808.21,295,2779.01,504.71,4963.58
Electronics,Large Malls / Complexes,Sales Associate,Cyber Monday Mania,734328.27,264,2781.55,508.49,4942.78
Electronics,Large Malls / Complexes,Sales Associate,Deal of the Month,803111.26,298,2695.00,519.59,4988.21
Electronics,Large Malls / Complexes,Sales Associate,Double Points Bonanza,741270.56,268,2765.93,502.69,4989.75
Electronics,Large Malls / Complexes,Sales Associate,Early Bird Specials,844003.45,310,2722.59,527.27,4949.93
Electronics,Large Malls / Complexes,Sales Associate,End of Season Sale,705819.92,259,2725.17,514.69,4965.09
Electronics,Large Malls / Complexes,Sales Associate,Exclusive Insider Offers,800288.99,288,2778.78,550.78,4993.72
Electronics,Large Malls / Complexes,Sales Associate,Festive Fever Promo,767177.43,289,2654.59,514.77,4970.94
Electronics,Large Malls / Complexes,Sales Associate,Final Call Frenzy,783853.54,277,2829.80,501.57,4987.50
Electronics,Large Malls / Complexes,Sales Associate,Flash Frenzy Friday,719875.28,267,2696.16,504.09,4999.95
Electronics,Large Malls / Complexes,Sales Associate,"Gift More, Spend Less",855836.17,304,2815.25,538.45,4976.23
Electronics,Large Malls / Complexes,Sales Associate,Golden Hour Bargains,763830.20,279,2737.74,502.34,4969.28
Electronics,Large Malls / Complexes,Sales Associate,Green Weekend Deals,786084.26,283,2777.68,513.19,4999.77
Electronics,Large Malls / Complexes,Sales Associate,Happy Hour Discounts,779218.64,287,2715.05,515.98,4992.74
Electronics,Large Malls / Complexes,Sales Associate,Holiday Shopping Rush,728467.10,260,2801.80,510.18,4992.01
Electronics,Large Malls / Complexes,Sales Associate,Hot Picks Promo,764150.41,279,2738.89,502.73,4967.95
Electronics,Large Malls / Complexes,Sales Associate,Instant Gratification Sale,765822.93,282,2715.68,508.31,4998.49
Electronics,Large Malls / Complexes,Sales Associate,Limited Time Treasures,797805.22,292,2732.21,522.50,4968.20
Electronics,Large Malls / Complexes,Sales Associate,Loyalty Rewards Blast,732989.84,268,2735.04,529.29,4992.76
Electronics,Large Malls / Complexes,Sales Associate,Mega Weekend Bonanza,810460.32,279,2904.88,505.51,4993.46
Electronics,Large Malls / Complexes,Sales Associate,Mid-Year Madness,826072.60,293,2819.36,579.56,4992.50
Electronics,Large Malls / Complexes,Sales Associate,Midnight Madness,747923.84,287,2606.01,505.99,4968.24
Electronics,Large Malls / Complexes,Sales Associate,Mystery Discount Days,880388.31,302,2915.19,500.77,4995.07
Electronics,Large Malls / Complexes,Sales Associate,New Arrival Showcase,821419.51,283,2902.54,504.98,4995.38
Electronics,Large Malls / Complexes,Sales Associate,New Product Launch Promo,767779.23,283,2713.00,519.16,4991.62
Electronics,Large Malls / Complexes,Sales Associate,New Year Kickoff,822824.50,294,2798.72,513.88,4982.65
Electronics,Large Malls / Complexes,Sales Associate,Price Drop Parade,710011.50,269,2639.45,511.56,4993.00
Electronics,Large Malls / Complexes,Sales Associate,Red Tag Clearance,693267.93,267,2596.51,508.61,4985.06
Electronics,Large Malls / Complexes,Sales Associate,Seasonal Surprise Box,633359.72,234,2706.67,504.53,4984.81
Electronics,Large Malls / Complexes,Sales Associate,Shop & Save Spectacular,717457.26,263,2727.97,547.14,4992.95
Electronics,Large Malls / Complexes,Sales Associate,Smart Shopper Week,762715.27,275,2773.51,531.25,4997.75
Electronics,Large Malls / Complexes,Sales Associate,Spring Refresh Event,785898.74,295,2664.06,514.26,4999.83
Electronics,Large Malls / Complexes,Sales Associate,Spring Splash Discounts,690260.05,255,2706.90,504.23,4979.65
Electronics,Large Malls / Complexes,Sales Associate,Summer Sizzle Promo,704057.41,254,2771.88,501.26,4990.62
Electronics,Large Malls / Complexes,Sales Associate,Super Savings Week,782648.83,279,2805.19,541.05,4990.49
Electronics,Large Malls / Complexes,Sales Associate,Ultimate Value Event,871847.51,313,2785.46,506.64,4994.00
Electronics,Large Malls / Complexes,Sales Associate,VIP Access Sale,787234.83,280,2811.55,512.07,4995.20
Electronics,Large Malls / Complexes,Sales Associate,Weekend Warrior Specials,791857.56,292,2711.84,517.99,4979.37
Electronics,Large Malls / Complexes,Sales Associate,Winter Clearance Carnival,813981.89,287,2836.17,501.55,4962.13
Electronics,Large Malls / Complexes,Sales Associate,Winter Wonders Sale,674997.53,258,2616.27,501.34,4996.43
Electronics,Large Malls / Complexes,Salesperson,12 Days of Deals,726760.02,272,2671.91,513.28,4990.97
Electronics,Large Malls / Complexes,Salesperson,Autumn Deals Drive,758658.01,266,2852.10,502.40,4985.10
Electronics,Large Malls / Complexes,Salesperson,BOGO Blitz,726435.83,256,2837.64,510.45,4992.57
Electronics,Large Malls / Complexes,Salesperson,Back to School Boost,702401.51,263,2670.73,550.37,4982.40
Electronics,Large Malls / Complexes,Salesperson,Birthday Bash Sale,766416.01,273,2807.38,502.96,4976.43
Electronics,Large Malls / Complexes,Salesperson,Black Friday Blowout,723250.12,277,2611.01,523.77,4963.78
Electronics,Large Malls / Complexes,Salesperson,Cart Crasher Campaign,814194.70,303,2687.11,512.48,4979.04
Electronics,Large Malls / Complexes,Salesperson,Cashback Carnival,712896.21,260,2741.91,510.86,4995.33
Electronics,Large Malls / Complexes,Salesperson,Clearance Countdown,701438.12,257,2729.33,513.68,4994.64
Electronics,Large Malls / Complexes,Salesperson,Countdown to Savings,789185.08,286,2759.39,501.91,4985.72
Electronics,Large Malls / Complexes,Salesperson,Customer Appreciation Week,705671.14,261,2703.72,508.00,4998.63
Electronics,Large Malls / Complexes,Salesperson,Cyber Monday Mania,793075.49,289,2744.21,507.37,4999.50
Electronics,Large Malls / Complexes,Salesperson,Deal of the Month,751301.21,285,2636.14,502.25,4973.74
Electronics,Large Malls / Complexes,Salesperson,Double Points Bonanza,676684.14,260,2602.63,503.00,4971.50
Electronics,Large Malls / Complexes,Salesperson,Early Bird Specials,776998.63,279,2784.94,502.05,4993.50
Electronics,Large Malls / Complexes,Salesperson,End of Season Sale,751094.23,269,2792.17,504.36,4984.96
Electronics,Large Malls / Complexes,Salesperson,Exclusive Insider Offers,827476.58,293,2824.15,516.09,4991.10
Electronics,Large Malls / Complexes,Salesperson,Festive Fever Promo,685888.54,249,2754.57,527.15,4987.73
Electronics,Large Malls / Complexes,Salesperson,Final Call Frenzy,722396.61,261,2767.80,500.25,4995.31
Electronics,Large Malls / Complexes,Salesperson,Flash Frenzy Friday,841322.13,301,2795.09,505.51,4994.86
Electronics,Large Malls / Complexes,Salesperson,"Gift More, Spend Less",706094.76,266,2654.49,502.74,4983.84
Electronics,Large Malls / Complexes,Salesperson,Golden Hour Bargains,767362.48,266,2884.82,551.77,4960.80
Electronics,Large Malls / Complexes,Salesperson,Green Weekend Deals,742505.05,266,2791.37,540.51,4993.95
Electronics,Large Malls / Complexes,Salesperson,Happy Hour Discounts,769965.20,270,2851.72,521.65,4993.94
Electronics,Large Malls / Complexes,Salesperson,Holiday Shopping Rush,717008.42,256,2800.81,501.27,4999.40
Electronics,Large Malls / Complexes,Salesperson,Hot Picks Promo,641982.82,236,2720.27,505.53,4978.45
Electronics,Large Malls / Complexes,Salesperson,Instant Gratification Sale,777320.30,284,2737.04,544.57,4998.62
Electronics,Large Malls / Complexes,Salesperson,Limited Time Treasures,823749.30,290,2840.51,522.56,4987.13
Electronics,Large Malls / Complexes,Salesperson,Loyalty Rewards Blast,766567.43,276,2777.42,507.60,4925.93
Electronics,Large Malls / Complexes,Salesperson,Mega Weekend Bonanza,765059.57,287,2665.71,507.02,4977.73
Electronics,Large Malls / Complexes,Salesperson,Mid-Year Madness,762783.05,281,2714.53,502.59,4989.21
Electronics,Large Malls / Complexes,Salesperson,Midnight Madness,695231.13,253,2747.95,526.60,4999.83
Electronics,Large Malls / Complexes,Salesperson,Mystery Discount Days,674503.14,250,2698.01,500.80,4982.84
Electronics,Large Malls / Complexes,Salesperson,New Arrival Showcase,773133.18,271,2852.89,519.44,4977.80
Electronics,Large Malls / Complexes,Salesperson,New Product Launch Promo,871934.47,312,2794.66,515.51,4979.52
Electronics,Large Malls / Complexes,Salesperson,New Year Kickoff,858328.97,299,2870.67,515.37,4984.12
Electronics,Large Malls / Complexes,Salesperson,Price Drop Parade,805298.37,284,2835.56,516.48,4999.10
Electronics,Large Malls / Complexes,Salesperson,Red Tag Clearance,813599.60,301,2702.99,518.74,4980.72
Electronics,Large Malls / Complexes,Salesperson,Seasonal Surprise Box,741251.51,275,2695.46,509.83,4974.99
Electronics,Large Malls / Complexes,Salesperson,Shop & Save Spectacular,782573.58,298,2626.09,502.74,4982.70
Electronics,Large Malls / Complexes,Salesperson,Smart Shopper Week,811611.46,286,2837.80,514.89,4989.46
Electronics,Large Malls / Complexes,Salesperson,Spring Refresh Event,747665.73,267,2800.25,509.24,4998.88
Electronics,Large Malls / Complexes,Salesperson,Spring Splash Discounts,772759.99,269,2872.71,524.04,4986.75
Electronics,Large Malls / Complexes,Salesperson,Summer Sizzle Promo,865766.47,312,2774.89,519.96,4990.78
Electronics,Large Malls / Complexes,Salesperson,Super Savings Week,710353.44,262,2711.27,517.54,4983.66
Electronics,Large Malls / Complexes,Salesperson,Ultimate Value Event,715799.63,255,2807.06,517.40,4913.27
Electronics,Large Malls / Complexes,Salesperson,VIP Access Sale,749053.03,271,2764.03,507.71,4993.82
Electronics,Large Malls / Complexes,Salesperson,Weekend Warrior Specials,712756.97,253,2817.22,503.52,4998.12
Electronics,Large Malls / Complexes,Salesperson,Winter Clearance Carnival,698194.85,253,2759.66,506.45,4993.31
Electronics,Large Malls / Complexes,Salesperson,Winter Wonders Sale,730222.89,275,2655.36,523.45,4988.20
Electronics,Large Malls / Complexes,Senior Salesperson,12 Days of Deals,561554.87,214,2624.09,512.15,4992.13
Electronics,Large Malls / Complexes,Senior Salesperson,Autumn Deals Drive,616502.37,226,2727.89,521.42,4955.10
Electronics,Large Malls / Complexes,Senior Salesperson,BOGO Blitz,571774.43,201,2844.65,504.25,4977.23
Electronics,Large Malls / Complexes,Senior Salesperson,Back to School Boost,554137.30,219,2530.31,513.64,4945.56
Electronics,Large Malls / Complexes,Senior Salesperson,Birthday Bash Sale,671551.93,248,2707.87,515.47,4953.41
Electronics,Large Malls / Complexes,Senior Salesperson,Black Friday Blowout,725673.79,256,2834.66,520.50,4948.84
Electronics,Large Malls / Complexes,Senior Salesperson,Cart Crasher Campaign,684286.00,242,2827.63,554.15,4978.46
Electronics,Large Malls / Complexes,Senior Salesperson,Cashback Carnival,737902.01,264,2795.08,538.48,4992.15
Electronics,Large Malls / Complexes,Senior Salesperson,Clearance Countdown,671572.87,239,2809.93,548.30,4998.50
Electronics,Large Malls / Complexes,Senior Salesperson,Countdown to Savings,626001.40,224,2794.65,504.78,4967.25
Electronics,Large Malls / Complexes,Senior Salesperson,Customer Appreciation Week,611658.91,214,2858.22,506.65,4996.83
Electronics,Large Malls / Complexes,Senior Salesperson,Cyber Monday Mania,604705.05,232,2606.49,539.54,4970.50
Electronics,Large Malls / Complexes,Senior Salesperson,Deal of the Month,661008.53,235,2812.80,509.37,4995.33
Electronics,Large Malls / Complexes,Senior Salesperson,Double Points Bonanza,633172.33,220,2878.06,502.33,4999.96
Electronics,Large Malls / Complexes,Senior Salesperson,Early Bird Specials,600571.96,223,2693.15,510.85,4978.39
Electronics,Large Malls / Complexes,Senior Salesperson,End of Season Sale,624454.49,233,2680.06,502.83,4986.57
Electronics,Large Malls / Complexes,Senior Salesperson,Exclusive Insider Offers,680267.04,250,2721.07,512.91,4989.63
Electronics,Large Malls / Complexes,Senior Salesperson,Festive Fever Promo,633572.33,228,2778.83,506.93,4980.68
Electronics,Large Malls / Complexes,Senior Salesperson,Final Call Frenzy,735805.61,271,2715.15,515.87,4982.74
Electronics,Large Malls / Complexes,Senior Salesperson,Flash Frenzy Friday,682700.91,255,2677.26,505.17,4997.57
Electronics,Large Malls / Complexes,Senior Salesperson,"Gift More, Spend Less",613393.56,237,2588.16,507.44,4998.35
Electronics,Large Malls / Complexes,Senior Salesperson,Golden Hour Bargains,652447.35,243,2684.97,555.72,4983.42
Electronics,Large Malls / Complexes,Senior Salesperson,Green Weekend Deals,609901.22,224,2722.77,509.28,4994.22
Electronics,Large Malls / Complexes,Senior Salesperson,Happy Hour Discounts,706052.54,263,2684.61,516.29,4990.83
Electronics,Large Malls / Complexes,Senior Salesperson,Holiday Shopping Rush,698889.95,248,2818.10,519.96,4995.77
Electronics,Large Malls / Complexes,Senior Salesperson,Hot Picks Promo,595978.13,223,2672.55,525.81,4996.10
Electronics,Large Malls / Complexes,Senior Salesperson,Instant Gratification Sale,499576.25,192,2601.96,502.13,4975.38
Electronics,Large Malls / Complexes,Senior Salesperson,Limited Time Treasures,727825.97,258,2821.03,515.94,4922.19
Electronics,Large Malls / Complexes,Senior Salesperson,Loyalty Rewards Blast,671072.30,244,2750.30,539.81,4966.00
Electronics,Large Malls / Complexes,Senior Salesperson,Mega Weekend Bonanza,656534.13,241,2724.21,504.44,4952.32
Electronics,Large Malls / Complexes,Senior Salesperson,Mid-Year Madness,633436.57,222,2853.32,552.18,4997.31
Electronics,Large Malls / Complexes,Senior Salesperson,Midnight Madness,621991.19,217,2866.32,581.83,4992.27
Electronics,Large Malls / Complexes,Senior Salesperson,Mystery Discount Days,775175.11,274,2829.11,504.53,4959.25
Electronics,Large Malls / Complexes,Senior Salesperson,New Arrival Showcase,767187.43,269,2852.00,572.62,4984.20
Electronics,Large Malls / Complexes,Senior Salesperson,New Product Launch Promo,636806.74,245,2599.21,515.92,4989.80
Electronics,Large Malls / Complexes,Senior Salesperson,New Year Kickoff,661601.85,244,2711.48,501.48,4982.62
Electronics,Large Malls / Complexes,Senior Salesperson,Price Drop Parade,594523.29,222,2678.03,503.08,4979.51
Electronics,Large Malls / Complexes,Senior Salesperson,Red Tag Clearance,656111.27,235,2791.96,519.03,4990.05
Electronics,Large Malls / Complexes,Senior Salesperson,Seasonal Surprise Box,759966.95,262,2900.64,507.59,4997.26
Electronics,Large Malls / Complexes,Senior Salesperson,Shop & Save Spectacular,728056.45,248,2935.71,513.31,4984.81
Electronics,Large Malls / Complexes,Senior Salesperson,Smart Shopper Week,650120.51,244,2664.43,529.17,4926.57
Electronics,Large Malls / Complexes,Senior Salesperson,Spring Refresh Event,725648.42,259,2801.73,500.80,4999.45
Electronics,Large Malls / Complexes,Senior Salesperson,Spring Splash Discounts,565394.18,204,2771.54,591.76,4999.02
Electronics,Large Malls / Complexes,Senior Salesperson,Summer Sizzle Promo,689480.84,242,2849.09,519.40,4995.40
Electronics,Large Malls / Complexes,Senior Salesperson,Super Savings Week,689448.78,248,2780.04,602.86,4996.76
Electronics,Large Malls / Complexes,Senior Salesperson,Ultimate Value Event,693736.46,245,2831.58,523.47,4989.62
Electronics,Large Malls / Complexes,Senior Salesperson,VIP Access Sale,693044.26,250,2772.18,523.45,4963.90
Electronics,Large Malls / Complexes,Senior Salesperson,Weekend Warrior Specials,717732.20,266,2698.24,508.27,4977.18
Electronics,Large Malls / Complexes,Senior Salesperson,Winter Clearance Carnival,686143.10,237,2895.12,580.73,4983.06
Electronics,Large Malls / Complexes,Senior Salesperson,Winter Wonders Sale,692354.77,249,2780.54,517.28,4993.05
Electronics,Small Stores / Shops,Manager,12 Days of Deals,650297.10,247,2632.78,552.29,4993.15
Electronics,Small Stores / Shops,Manager,Autumn Deals Drive,739293.21,261,2832.54,511.25,4979.01
Electronics,Small Stores / Shops,Manager,BOGO Blitz,765494.73,274,2793.78,501.56,4998.43
Electronics,Small Stores / Shops,Manager,Back to School Boost,809584.69,303,2671.90,523.93,4994.40
Electronics,Small Stores / Shops,Manager,Birthday Bash Sale,846892.64,308,2749.65,506.88,4993.29
Electronics,Small Stores / Shops,Manager,Black Friday Blowout,800180.27,290,2759.24,523.42,4982.29
Electronics,Small Stores / Shops,Manager,Cart Crasher Campaign,693394.84,247,2807.27,521.71,4996.42
Electronics,Small Stores / Shops,Manager,Cashback Carnival,706771.23,270,2617.67,508.52,4998.33
Electronics,Small Stores / Shops,Manager,Clearance Countdown,852303.87,308,2767.22,500.08,4985.34
Electronics,Small Stores / Shops,Manager,Countdown to Savings,844533.66,295,2862.83,528.60,4972.20
Electronics,Small Stores / Shops,Manager,Customer Appreciation Week,746983.80,273,2736.20,515.73,4992.17
Electronics,Small Stores / Shops,Manager,Cyber Monday Mania,867327.16,305,2843.70,524.70,4990.57
Electronics,Small Stores / Shops,Manager,Deal of the Month,748002.59,279,2681.01,509.88,4981.77
Electronics,Small Stores / Shops,Manager,Double Points Bonanza,780254.38,294,2653.93,522.75,4962.94
Electronics,Small Stores / Shops,Manager,Early Bird Specials,799156.92,280,2854.13,511.39,4968.03
Electronics,Small Stores / Shops,Manager,End of Season Sale,833344.08,287,2903.64,511.30,4993.60
Electronics,Small Stores / Shops,Manager,Exclusive Insider Offers,849715.93,298,2851.40,516.57,4979.89
Electronics,Small Stores / Shops,Manager,Festive Fever Promo,742139.12,266,2790.00,532.81,4974.11
Electronics,Small Stores / Shops,Manager,Final Call Frenzy,788140.95,293,2689.90,501.47,4976.53
Electronics,Small Stores / Shops,Manager,Flash Frenzy Friday,742728.71,268,2771.38,519.44,4996.92
Electronics,Small Stores / Shops,Manager,"Gift More, Spend Less",727510.71,275,2645.49,531.22,4992.20
Electronics,Small Stores / Shops,Manager,Golden Hour Bargains,804309.02,296,2717.26,529.02,4975.56
Electronics,Small Stores / Shops,Manager,Green Weekend Deals,805453.72,292,2758.40,503.08,4998.39
Electronics,Small Stores / Shops,Manager,Happy Hour Discounts,683905.39,252,2713.91,536.60,4975.94
Electronics,Small Stores / Shops,Manager,Holiday Shopping Rush,743081.75,257,2891.37,524.56,4988.74
Electronics,Small Stores / Shops,Manager,Hot Picks Promo,740515.08,262,2826.39,510.19,4986.36
Electronics,Small Stores / Shops,Manager,Instant Gratification Sale,779381.89,308,2530.46,516.85,4993.60
Electronics,Small Stores / Shops,Manager,Limited Time Treasures,786014.20,281,2797.20,536.32,4992.37
Electronics,Small Stores / Shops,Manager,Loyalty Rewards Blast,842263.54,304,2770.60,500.73,4996.70
Electronics,Small Stores / Shops,Manager,Mega Weekend Bonanza,731711.41,270,2710.04,538.03,4996.39
Electronics,Small Stores / Shops,Manager,Mid-Year Madness,706628.89,258,2738.87,501.40,4995.57
Electronics,Small Stores / Shops,Manager,Midnight Madness,828699.83,292,2838.01,532.81,4998.66
Electronics,Small Stores / Shops,Manager,Mystery Discount Days,829549.57,281,2952.13,501.23,4987.89
Electronics,Small Stores / Shops,Manager,New Arrival Showcase,804378.25,291,2764.19,513.72,4998.70
Electronics,Small Stores / Shops,Manager,New Product Launch Promo,752875.70,276,2727.81,506.93,4995.58
Electronics,Small Stores / Shops,Manager,New Year Kickoff,722623.12,268,2696.35,528.83,4965.12
Electronics,Small Stores / Shops,Manager,Price Drop Parade,673372.24,251,2682.76,501.39,4996.99
Electronics,Small Stores / Shops,Manager,Red Tag Clearance,831216.04,298,2789.32,501.05,4960.86
Electronics,Small Stores / Shops,Manager,Seasonal Surprise Box,795647.29,288,2762.66,540.15,4997.91
Electronics,Small Stores / Shops,Manager,Shop & Save Spectacular,847669.44,320,2648.97,530.90,4994.26
Electronics,Small Stores / Shops,Manager,Smart Shopper Week,761443.58,272,2799.42,514.39,4987.18
Electronics,Small Stores / Shops,Manager,Spring Refresh Event,709062.24,262,2706.34,509.43,4997.36
Electronics,Small Stores / Shops,Manager,Spring Splash Discounts,788661.62,289,2728.93,517.15,4985.90
Electronics,Small Stores / Shops,Manager,Summer Sizzle Promo,802423.24,299,2683.69,506.50,4932.31
Electronics,Small Stores / Shops,Manager,Super Savings Week,812602.39,288,2821.54,504.67,4982.95
Electronics,Small Stores / Shops,Manager,Ultimate Value Event,840432.06,297,2829.74,551.47,4999.80
Electronics,Small Stores / Shops,Manager,VIP Access Sale,778099.90,295,2637.63,525.24,4985.32
Electronics,Small Stores / Shops,Manager,Weekend Warrior Specials,763289.11,284,2687.64,544.86,4979.11
Electronics,Small Stores / Shops,Manager,Winter Clearance Carnival,804719.33,287,2803.90,502.18,4981.11
Electronics,Small Stores / Shops,Manager,Winter Wonders Sale,765284.49,275,2782.85,509.63,4997.71
Electronics,Small Stores / Shops,Sales Associate,12 Days of Deals,740271.28,262,2825.46,502.99,4999.82
Electronics,Small Stores / Shops,Sales Associate,Autumn Deals Drive,827215.31,297,2785.24,502.24,4930.95
Electronics,Small Stores / Shops,Sales Associate,BOGO Blitz,730397.41,282,2590.06,501.85,4997.66
Electronics,Small Stores / Shops,Sales Associate,Back to School Boost,841942.29,316,2664.37,501.01,4994.30
Electronics,Small Stores / Shops,Sales Associate,Birthday Bash Sale,807758.29,297,2719.72,501.02,4979.35
Electronics,Small Stores / Shops,Sales Associate,Black Friday Blowout,798091.81,291,2742.58,513.16,4989.77
Electronics,Small Stores / Shops,Sales Associate,Cart Crasher Campaign,816165.51,303,2693.62,508.56,4976.73
Electronics,Small Stores / Shops,Sales Associate,Cashback Carnival,808836.27,295,2741.82,500.55,4994.18
Electronics,Small Stores / Shops,Sales Associate,Clearance Countdown,839962.79,290,2896.42,509.07,4978.80
Electronics,Small Stores / Shops,Sales Associate,Countdown to Savings,788037.54,283,2784.58,500.75,4975.34
Electronics,Small Stores / Shops,Sales Associate,Customer Appreciation Week,812880.59,301,2700.60,507.61,4991.30
Electronics,Small Stores / Shops,Sales Associate,Cyber Monday Mania,846278.55,300,2820.93,511.34,4984.62
Electronics,Small Stores / Shops,Sales Associate,Deal of the Month,811928.18,292,2780.58,510.04,4997.93
Electronics,Small Stores / Shops,Sales Associate,Double Points Bonanza,845822.52,304,2782.31,514.43,4997.47
Electronics,Small Stores / Shops,Sales Associate,Early Bird Specials,809840.74,296,2735.95,505.82,4977.50
Electronics,Small Stores / Shops,Sales Associate,End of Season Sale,884971.13,322,2748.36,543.75,4996.48
Electronics,Small Stores / Shops,Sales Associate,Exclusive Insider Offers,805412.31,308,2614.98,544.24,4988.42
Electronics,Small Stores / Shops,Sales Associate,Festive Fever Promo,882620.07,312,2828.91,503.82,4991.72
Electronics,Small Stores / Shops,Sales Associate,Final Call Frenzy,780612.36,282,2768.13,501.74,4969.68
Electronics,Small Stores / Shops,Sales Associate,Flash Frenzy Friday,738362.83,280,2637.01,510.43,4977.89
Electronics,Small Stores / Shops,Sales Associate,"Gift More, Spend Less",859877.01,301,2856.73,506.16,4993.33
Electronics,Small Stores / Shops,Sales Associate,Golden Hour Bargains,767396.75,287,2673.86,506.47,4974.40
Electronics,Small Stores / Shops,Sales Associate,Green Weekend Deals,775687.65,293,2647.40,506.72,4996.70
Electronics,Small Stores / Shops,Sales Associate,Happy Hour Discounts,769100.48,280,2746.79,537.31,4987.73
Electronics,Small Stores / Shops,Sales Associate,Holiday Shopping Rush,778833.58,277,2811.67,509.01,4986.64
Electronics,Small Stores / Shops,Sales Associate,Hot Picks Promo,806717.37,298,2707.11,553.79,4995.49
Electronics,Small Stores / Shops,Sales Associate,Instant Gratification Sale,792470.85,287,2761.22,514.96,4944.87
Electronics,Small Stores / Shops,Sales Associate,Limited Time Treasures,865875.09,302,2867.14,539.36,4983.83
Electronics,Small Stores / Shops,Sales Associate,Loyalty Rewards Blast,799298.97,303,2637.95,515.91,4989.82
Electronics,Small Stores / Shops,Sales Associate,Mega Weekend Bonanza,868907.31,319,2723.85,542.76,4977.13
Electronics,Small Stores / Shops,Sales Associate,Mid-Year Madness,741395.06,269,2756.12,500.72,4990.49
Electronics,Small Stores / Shops,Sales Associate,Midnight Madness,845243.60,296,2855.55,526.07,4998.11
Electronics,Small Stores / Shops,Sales Associate,Mystery Discount Days,836408.69,300,2788.03,509.49,4994.20
Electronics,Small Stores / Shops,Sales Associate,New Arrival Showcase,801207.62,287,2791.66,586.24,4991.76
Electronics,Small Stores / Shops,Sales Associate,New Product Launch Promo,875167.87,324,2701.14,512.09,4973.07
Electronics,Small Stores / Shops,Sales Associate,New Year Kickoff,824577.47,307,2685.92,512.45,4976.30
Electronics,Small Stores / Shops,Sales Associate,Price Drop Parade,712384.15,268,2658.15,507.21,4998.12
Electronics,Small Stores / Shops,Sales Associate,Red Tag Clearance,760347.58,282,2696.27,508.69,4993.50
Electronics,Small Stores / Shops,Sales Associate,Seasonal Surprise Box,853356.45,307,2779.66,513.03,4964.41
Electronics,Small Stores / Shops,Sales Associate,Shop & Save Spectacular,747488.15,277,2698.51,502.39,4991.30
Electronics,Small Stores / Shops,Sales Associate,Smart Shopper Week,830157.01,308,2695.31,512.23,4998.63
Electronics,Small Stores / Shops,Sales Associate,Spring Refresh Event,730841.46,262,2789.47,525.85,4985.27
Electronics,Small Stores / Shops,Sales Associate,Spring Splash Discounts,857626.88,300,2858.76,524.84,4987.95
Electronics,Small Stores / Shops,Sales Associate,Summer Sizzle Promo,770247.92,281,2741.10,511.89,4995.70
Electronics,Small Stores / Shops,Sales Associate,Super Savings Week,778609.00,286,2722.41,505.74,4995.51
Electronics,Small Stores / Shops,Sales Associate,Ultimate Value Event,804102.40,291,2763.24,519.49,4997.68
Electronics,Small Stores / Shops,Sales Associate,VIP Access Sale,907025.50,319,2843.34,506.75,4996.84
Electronics,Small Stores / Shops,Sales Associate,Weekend Warrior Specials,814379.39,301,2705.58,524.24,4991.20
Electronics,Small Stores / Shops,Sales Associate,Winter Clearance Carnival,892225.81,319,2796.95,504.61,4991.72
Electronics,Small Stores / Shops,Sales Associate,Winter Wonders Sale,783297.34,300,2610.99,528.13,4987.55
Electronics,Small Stores / Shops,Salesperson,12 Days of Deals,851325.44,311,2737.38,526.45,4982.29
Electronics,Small Stores / Shops,Salesperson,Autumn Deals Drive,835404.45,303,2757.11,500.20,4984.76
Electronics,Small Stores / Shops,Salesperson,BOGO Blitz,743879.53,287,2591.91,505.45,4955.25
Electronics,Small Stores / Shops,Salesperson,Back to School Boost,752462.28,286,2630.99,507.63,4970.29
Electronics,Small Stores / Shops,Salesperson,Birthday Bash Sale,733648.95,263,2789.54,509.75,4991.03
Electronics,Small Stores / Shops,Salesperson,Black Friday Blowout,808472.06,288,2807.19,502.51,4936.41
Electronics,Small Stores / Shops,Salesperson,Cart Crasher Campaign,832656.72,295,2822.57,503.57,4988.86
Electronics,Small Stores / Shops,Salesperson,Cashback Carnival,773498.70,284,2723.59,509.79,4988.47
Electronics,Small Stores / Shops,Salesperson,Clearance Countdown,797698.81,301,2650.16,515.25,4975.27
Electronics,Small Stores / Shops,Salesperson,Countdown to Savings,721835.01,270,2673.46,504.17,4940.36
Electronics,Small Stores / Shops,Salesperson,Customer Appreciation Week,846614.44,305,2775.79,518.89,4997.50
Electronics,Small Stores / Shops,Salesperson,Cyber Monday Mania,793560.20,285,2784.42,536.42,4986.38
Electronics,Small Stores / Shops,Salesperson,Deal of the Month,794963.61,285,2789.35,515.37,4962.86
Electronics,Small Stores / Shops,Salesperson,Double Points Bonanza,917802.28,339,2707.38,500.80,4989.39
Electronics,Small Stores / Shops,Salesperson,Early Bird Specials,794225.80,296,2683.20,507.35,4995.63
Electronics,Small Stores / Shops,Salesperson,End of Season Sale,837308.62,300,2791.03,549.98,4982.96
Electronics,Small Stores / Shops,Salesperson,Exclusive Insider Offers,831604.39,300,2772.01,507.60,4986.42
Electronics,Small Stores / Shops,Salesperson,Festive Fever Promo,786455.39,294,2675.02,508.22,4979.53
Electronics,Small Stores / Shops,Salesperson,Final Call Frenzy,824603.47,300,2748.68,501.33,4996.78
Electronics,Small Stores / Shops,Salesperson,Flash Frenzy Friday,781157.52,279,2799.85,508.81,4996.64
Electronics,Small Stores / Shops,Salesperson,"Gift More, Spend Less",845043.79,309,2734.77,508.46,4989.93
Electronics,Small Stores / Shops,Salesperson,Golden Hour Bargains,743894.44,265,2807.15,542.28,4995.35
Electronics,Small Stores / Shops,Salesperson,Green Weekend Deals,867677.69,316,2745.82,502.12,4985.24
Electronics,Small Stores / Shops,Salesperson,Happy Hour Discounts,910976.82,324,2811.66,504.99,4982.85
Electronics,Small Stores / Shops,Salesperson,Holiday Shopping Rush,813832.10,292,2787.10,513.38,4987.20
Electronics,Small Stores / Shops,Salesperson,Hot Picks Promo,785701.19,279,2816.13,510.79,4965.81
Electronics,Small Stores / Shops,Salesperson,Instant Gratification Sale,795042.77,280,2839.44,510.27,4975.90
Electronics,Small Stores / Shops,Salesperson,Limited Time Treasures,835350.47,305,2738.85,501.60,4999.20
Electronics,Small Stores / Shops,Salesperson,Loyalty Rewards Blast,817895.14,295,2772.53,516.52,4975.53
Electronics,Small Stores / Shops,Salesperson,Mega Weekend Bonanza,771840.22,282,2737.02,504.97,4978.00
Electronics,Small Stores / Shops,Salesperson,Mid-Year Madness,924249.65,330,2800.76,500.34,4975.43
Electronics,Small Stores / Shops,Salesperson,Midnight Madness,786980.27,288,2732.57,533.40,4986.24
Electronics,Small Stores / Shops,Salesperson,Mystery Discount Days,784615.75,277,2832.55,531.08,4996.44
Electronics,Small Stores / Shops,Salesperson,New Arrival Showcase,731180.77,262,2790.77,502.12,4986.80
Electronics,Small Stores / Shops,Salesperson,New Product Launch Promo,842934.54,307,2745.72,518.01,4978.88
Electronics,Small Stores / Shops,Salesperson,New Year Kickoff,836297.08,297,2815.82,512.61,4949.44
Electronics,Small Stores / Shops,Salesperson,Price Drop Parade,868949.00,315,2758.57,520.00,4992.82
Electronics,Small Stores / Shops,Salesperson,Red Tag Clearance,806029.67,299,2695.75,516.61,4991.96
Electronics,Small Stores / Shops,Salesperson,Seasonal Surprise Box,753950.87,271,2782.11,528.08,4993.58
Electronics,Small Stores / Shops,Salesperson,Shop & Save Spectacular,803949.20,302,2662.08,500.49,4966.61
Electronics,Small Stores / Shops,Salesperson,Smart Shopper Week,739960.01,267,2771.39,505.80,4997.06
Electronics,Small Stores / Shops,Salesperson,Spring Refresh Event,822784.27,296,2779.68,513.14,4993.03
Electronics,Small Stores / Shops,Salesperson,Spring Splash Discounts,865863.08,307,2820.40,540.70,4989.38
Electronics,Small Stores / Shops,Salesperson,Summer Sizzle Promo,805099.28,294,2738.43,510.80,4995.77
Electronics,Small Stores / Shops,Salesperson,Super Savings Week,833716.00,302,2760.65,506.53,4998.99
Electronics,Small Stores / Shops,Salesperson,Ultimate Value Event,839032.74,306,2741.94,503.14,4967.66
Electronics,Small Stores / Shops,Salesperson,VIP Access Sale,776267.30,295,2631.41,503.41,4979.66
Electronics,Small Stores / Shops,Salesperson,Weekend Warrior Specials,767793.00,273,2812.43,541.17,4941.72
Electronics,Small Stores / Shops,Salesperson,Winter Clearance Carnival,758488.17,271,2798.85,513.61,4980.20
Electronics,Small Stores / Shops,Salesperson,Winter Wonders Sale,837999.76,299,2802.67,545.27,4996.89
Electronics,Small Stores / Shops,Senior Salesperson,12 Days of Deals,710854.90,264,2692.63,510.31,4988.99
Electronics,Small Stores / Shops,Senior Salesperson,Autumn Deals Drive,666269.49,237,2811.26,519.51,4953.24
Electronics,Small Stores / Shops,Senior Salesperson,BOGO Blitz,725306.38,266,2726.72,535.66,4960.74
Electronics,Small Stores / Shops,Senior Salesperson,Back to School Boost,771723.49,273,2826.83,500.14,4983.72
Electronics,Small Stores / Shops,Senior Salesperson,Birthday Bash Sale,789973.70,284,2781.60,501.00,4992.83
Electronics,Small Stores / Shops,Senior Salesperson,Black Friday Blowout,649476.58,244,2661.79,531.51,4982.42
Electronics,Small Stores / Shops,Senior Salesperson,Cart Crasher Campaign,793884.27,285,2785.56,526.19,4966.70
Electronics,Small Stores / Shops,Senior Salesperson,Cashback Carnival,678383.91,245,2768.91,512.39,4993.59
Electronics,Small Stores / Shops,Senior Salesperson,Clearance Countdown,685970.10,262,2618.21,504.33,4991.96
Electronics,Small Stores / Shops,Senior Salesperson,Countdown to Savings,705781.66,264,2673.42,540.58,4993.48
Electronics,Small Stores / Shops,Senior Salesperson,Customer Appreciation Week,690520.00,251,2751.08,510.56,4977.03
Electronics,Small Stores / Shops,Senior Salesperson,Cyber Monday Mania,671079.73,240,2796.17,524.97,4999.28
Electronics,Small Stores / Shops,Senior Salesperson,Deal of the Month,687458.03,251,2738.88,507.33,4987.90
Electronics,Small Stores / Shops,Senior Salesperson,Double Points Bonanza,692517.29,241,2873.52,500.59,4980.39
Electronics,Small Stores / Shops,Senior Salesperson,Early Bird Specials,755436.12,281,2688.38,523.17,4999.11
Electronics,Small Stores / Shops,Senior Salesperson,End of Season Sale,669811.63,245,2733.93,598.06,4995.06
Electronics,Small Stores / Shops,Senior Salesperson,Exclusive Insider Offers,668636.91,234,2857.42,525.98,4999.96
Electronics,Small Stores / Shops,Senior Salesperson,Festive Fever Promo,650020.28,222,2928.02,500.15,4996.28
Electronics,Small Stores / Shops,Senior Salesperson,Final Call Frenzy,783248.26,280,2797.32,519.91,4992.68
Electronics,Small Stores / Shops,Senior Salesperson,Flash Frenzy Friday,731658.26,254,2880.54,551.10,4995.59
Electronics,Small Stores / Shops,Senior Salesperson,"Gift More, Spend Less",703499.57,249,2825.30,555.35,4997.81
Electronics,Small Stores / Shops,Senior Salesperson,Golden Hour Bargains,606856.42,223,2721.33,510.59,4993.39
Electronics,Small Stores / Shops,Senior Salesperson,Green Weekend Deals,704621.98,260,2710.08,514.01,4941.55
Electronics,Small Stores / Shops,Senior Salesperson,Happy Hour Discounts,697651.34,245,2847.56,546.51,4980.21
Electronics,Small Stores / Shops,Senior Salesperson,Holiday Shopping Rush,695294.95,261,2663.97,500.26,4983.07
Electronics,Small Stores / Shops,Senior Salesperson,Hot Picks Promo,740576.35,267,2773.69,517.20,4996.56
Electronics,Small Stores / Shops,Senior Salesperson,Instant Gratification Sale,648235.64,248,2613.85,509.81,4977.85
Electronics,Small Stores / Shops,Senior Salesperson,Limited Time Treasures,732742.56,260,2818.24,575.74,4981.36
Electronics,Small Stores / Shops,Senior Salesperson,Loyalty Rewards Blast,699548.54,246,2843.69,507.52,4977.77
Electronics,Small Stores / Shops,Senior Salesperson,Mega Weekend Bonanza,709449.07,250,2837.80,503.47,4999.69
Electronics,Small Stores / Shops,Senior Salesperson,Mid-Year Madness,703090.92,263,2673.35,505.44,4950.97
Electronics,Small Stores / Shops,Senior Salesperson,Midnight Madness,657166.67,236,2784.60,510.89,4981.32
Electronics,Small Stores / Shops,Senior Salesperson,Mystery Discount Days,680892.45,243,2802.03,525.96,4986.91
Electronics,Small Stores / Shops,Senior Salesperson,New Arrival Showcase,679042.84,244,2782.96,549.02,4958.92
Electronics,Small Stores / Shops,Senior Salesperson,New Product Launch Promo,630422.35,232,2717.34,501.09,4981.24
Electronics,Small Stores / Shops,Senior Salesperson,New Year Kickoff,733766.60,251,2923.37,555.09,4998.59
Electronics,Small Stores / Shops,Senior Salesperson,Price Drop Parade,719999.99,253,2845.85,514.95,4994.59
Electronics,Small Stores / Shops,Senior Salesperson,Red Tag Clearance,710514.57,247,2876.58,503.76,4988.74
Electronics,Small Stores / Shops,Senior Salesperson,Seasonal Surprise Box,760806.74,273,2786.84,501.42,4997.09
Electronics,Small Stores / Shops,Senior Salesperson,Shop & Save Spectacular,739250.17,264,2800.19,530.91,4996.66
Electronics,Small Stores / Shops,Senior Salesperson,Smart Shopper Week,693763.59,259,2678.62,504.91,4948.63
Electronics,Small Stores / Shops,Senior Salesperson,Spring Refresh Event,654406.43,234,2796.61,552.28,4959.77
Electronics,Small Stores / Shops,Senior Salesperson,Spring Splash Discounts,710811.95,257,2765.81,502.11,4998.48
Electronics,Small Stores / Shops,Senior Salesperson,Summer Sizzle Promo,668507.17,253,2642.32,514.80,4978.56
Electronics,Small Stores / Shops,Senior Salesperson,Super Savings Week,629972.47,231,2727.15,501.34,4986.02
Electronics,Small Stores / Shops,Senior Salesperson,Ultimate Value Event,634329.24,237,2676.49,529.28,4997.03
Electronics,Small Stores / Shops,Senior Salesperson,VIP Access Sale,654441.97,249,2628.28,520.15,4979.30
Electronics,Small Stores / Shops,Senior Salesperson,Weekend Warrior Specials,745449.01,276,2700.90,501.99,4986.26
Electronics,Small Stores / Shops,Senior Salesperson,Winter Clearance Carnival,764006.44,270,2829.65,501.06,4987.94
Electronics,Small Stores / Shops,Senior Salesperson,Winter Wonders Sale,719409.71,268,2684.36,521.18,4991.72
Electronics,Supermarkets ,Manager,12 Days of Deals,814441.99,290,2808.42,558.68,4995.63
Electronics,Supermarkets ,Manager,Autumn Deals Drive,749703.97,264,2839.79,549.43,4995.69
Electronics,Supermarkets ,Manager,BOGO Blitz,799319.54,292,2737.40,539.40,4996.53
Electronics,Supermarkets ,Manager,Back to School Boost,790561.17,298,2652.89,503.72,4962.61
Electronics,Supermarkets ,Manager,Birthday Bash Sale,782669.14,278,2815.36,500.20,4914.16
Electronics,Supermarkets ,Manager,Black Friday Blowout,752291.24,264,2849.59,511.49,4999.87
Electronics,Supermarkets ,Manager,Cart Crasher Campaign,785962.95,284,2767.48,531.38,4979.45
Electronics,Supermarkets ,Manager,Cashback Carnival,855880.07,317,2699.94,500.13,4988.51
Electronics,Supermarkets ,Manager,Clearance Countdown,782350.76,291,2688.49,525.83,4991.97
Electronics,Supermarkets ,Manager,Countdown to Savings,832188.49,287,2899.61,518.47,4995.30
Electronics,Supermarkets ,Manager,Customer Appreciation Week,903776.46,322,2806.76,535.55,4996.51
Electronics,Supermarkets ,Manager,Cyber Monday Mania,749585.65,270,2776.24,526.23,4961.63
Electronics,Supermarkets ,Manager,Deal of the Month,760372.62,276,2754.97,505.51,4998.97
Electronics,Supermarkets ,Manager,Double Points Bonanza,745372.11,255,2923.03,509.10,4975.32
Electronics,Supermarkets ,Manager,Early Bird Specials,728461.19,274,2658.62,510.97,4971.29
Electronics,Supermarkets ,Manager,End of Season Sale,751542.76,269,2793.84,509.28,4968.29
Electronics,Supermarkets ,Manager,Exclusive Insider Offers,824098.03,310,2658.38,511.49,4999.75
Electronics,Supermarkets ,Manager,Festive Fever Promo,792932.61,296,2678.83,505.72,4977.00
Electronics,Supermarkets ,Manager,Final Call Frenzy,826687.98,298,2774.12,512.89,4979.51
Electronics,Supermarkets ,Manager,Flash Frenzy Friday,804854.73,292,2756.35,508.02,4989.13
Electronics,Supermarkets ,Manager,"Gift More, Spend Less",801128.83,284,2820.88,505.10,4991.79
Electronics,Supermarkets ,Manager,Golden Hour Bargains,763609.71,285,2679.33,537.59,4958.53
Electronics,Supermarkets ,Manager,Green Weekend Deals,790285.71,283,2792.53,511.69,4996.94
Electronics,Supermarkets ,Manager,Happy Hour Discounts,749622.75,267,2807.58,503.77,4985.69
Electronics,Supermarkets ,Manager,Holiday Shopping Rush,760992.74,287,2651.54,500.17,4989.18
Electronics,Supermarkets ,Manager,Hot Picks Promo,768133.37,291,2639.63,506.70,4962.86
Electronics,Supermarkets ,Manager,Instant Gratification Sale,795219.02,300,2650.73,508.08,4984.48
Electronics,Supermarkets ,Manager,Limited Time Treasures,806352.42,293,2752.06,508.76,4999.11
Electronics,Supermarkets ,Manager,Loyalty Rewards Blast,759665.69,286,2656.17,503.58,4979.64
Electronics,Supermarkets ,Manager,Mega Weekend Bonanza,851277.78,312,2728.45,502.17,4999.15
Electronics,Supermarkets ,Manager,Mid-Year Madness,752750.55,269,2798.33,533.65,4965.47
Electronics,Supermarkets ,Manager,Midnight Madness,847421.66,309,2742.46,536.86,4992.60
Electronics,Supermarkets ,Manager,Mystery Discount Days,759542.60,290,2619.11,506.12,4971.00
Electronics,Supermarkets ,Manager,New Arrival Showcase,761942.25,279,2730.98,571.76,4991.23
Electronics,Supermarkets ,Manager,New Product Launch Promo,827662.98,295,2805.64,501.76,4989.38
Electronics,Supermarkets ,Manager,New Year Kickoff,856277.07,306,2798.29,504.17,4976.95
Electronics,Supermarkets ,Manager,Price Drop Parade,748952.85,277,2703.80,541.45,4965.63
Electronics,Supermarkets ,Manager,Red Tag Clearance,862494.01,309,2791.24,513.93,4951.00
Electronics,Supermarkets ,Manager,Seasonal Surprise Box,679268.37,248,2738.99,525.64,4939.97
Electronics,Supermarkets ,Manager,Shop & Save Spectacular,845565.29,303,2790.64,521.35,4997.54
Electronics,Supermarkets ,Manager,Smart Shopper Week,812951.91,298,2728.03,512.34,4977.17
Electronics,Supermarkets ,Manager,Spring Refresh Event,774918.83,287,2700.07,500.05,4971.10
Electronics,Supermarkets ,Manager,Spring Splash Discounts,728027.69,271,2686.45,508.68,4994.80
Electronics,Supermarkets ,Manager,Summer Sizzle Promo,693603.98,244,2842.64,518.11,4950.20
Electronics,Supermarkets ,Manager,Super Savings Week,789284.93,278,2839.15,510.02,4971.00
Electronics,Supermarkets ,Manager,Ultimate Value Event,831466.40,297,2799.55,537.98,4981.74
Electronics,Supermarkets ,Manager,VIP Access Sale,811377.30,308,2634.34,534.56,4955.22
Electronics,Supermarkets ,Manager,Weekend Warrior Specials,802461.44,290,2767.11,516.17,4968.10
Electronics,Supermarkets ,Manager,Winter Clearance Carnival,794114.68,289,2747.80,504.20,4995.61
Electronics,Supermarkets ,Manager,Winter Wonders Sale,838575.38,308,2722.65,514.70,4989.20
Electronics,Supermarkets ,Sales Associate,12 Days of Deals,889944.99,315,2825.22,507.68,4999.60
Electronics,Supermarkets ,Sales Associate,Autumn Deals Drive,892433.42,318,2806.39,501.19,4965.24
Electronics,Supermarkets ,Sales Associate,BOGO Blitz,845702.67,315,2684.77,506.14,4997.20
Electronics,Supermarkets ,Sales Associate,Back to School Boost,752846.20,277,2717.86,522.25,4976.23
Electronics,Supermarkets ,Sales Associate,Birthday Bash Sale,828103.01,301,2751.17,518.74,4999.90
Electronics,Supermarkets ,Sales Associate,Black Friday Blowout,733971.80,283,2593.54,538.99,4990.87
Electronics,Supermarkets ,Sales Associate,Cart Crasher Campaign,834532.98,299,2791.08,512.07,4976.29
Electronics,Supermarkets ,Sales Associate,Cashback Carnival,850256.78,305,2787.73,511.73,4979.85
Electronics,Supermarkets ,Sales Associate,Clearance Countdown,898667.27,328,2739.84,526.48,4998.92
Electronics,Supermarkets ,Sales Associate,Countdown to Savings,850700.30,319,2666.77,514.69,4976.09
Electronics,Supermarkets ,Sales Associate,Customer Appreciation Week,823325.28,308,2673.13,507.42,4987.89
Electronics,Supermarkets ,Sales Associate,Cyber Monday Mania,883933.28,313,2824.07,524.42,4984.30
Electronics,Supermarkets ,Sales Associate,Deal of the Month,804296.06,300,2680.99,504.69,4991.67
Electronics,Supermarkets ,Sales Associate,Double Points Bonanza,752977.61,278,2708.55,500.48,4980.94
Electronics,Supermarkets ,Sales Associate,Early Bird Specials,829821.50,306,2711.83,511.37,4974.64
Electronics,Supermarkets ,Sales Associate,End of Season Sale,737725.88,290,2543.88,501.39,4998.09
Electronics,Supermarkets ,Sales Associate,Exclusive Insider Offers,825198.61,303,2723.43,514.36,4985.88
Electronics,Supermarkets ,Sales Associate,Festive Fever Promo,911770.83,339,2689.59,517.66,4994.70
Electronics,Supermarkets ,Sales Associate,Final Call Frenzy,826958.37,296,2793.78,504.31,4999.96
Electronics,Supermarkets ,Sales Associate,Flash Frenzy Friday,795007.46,293,2713.34,510.10,4989.37
Electronics,Supermarkets ,Sales Associate,"Gift More, Spend Less",815400.86,303,2691.09,514.71,4968.64
Electronics,Supermarkets ,Sales Associate,Golden Hour Bargains,787945.49,286,2755.05,508.06,4977.35
Electronics,Supermarkets ,Sales Associate,Green Weekend Deals,902450.96,322,2802.64,532.37,4991.30
Electronics,Supermarkets ,Sales Associate,Happy Hour Discounts,814007.38,290,2806.92,532.60,4992.74
Electronics,Supermarkets ,Sales Associate,Holiday Shopping Rush,825626.60,311,2654.75,517.71,4972.40
Electronics,Supermarkets ,Sales Associate,Hot Picks Promo,828405.79,307,2698.39,510.10,4976.46
Electronics,Supermarkets ,Sales Associate,Instant Gratification Sale,810991.48,294,2758.47,508.23,4996.98
Electronics,Supermarkets ,Sales Associate,Limited Time Treasures,840768.10,296,2840.43,502.69,4985.29
Electronics,Supermarkets ,Sales Associate,Loyalty Rewards Blast,957695.11,342,2800.28,522.03,4983.73
Electronics,Supermarkets ,Sales Associate,Mega Weekend Bonanza,857961.42,308,2785.59,504.06,4982.17
Electronics,Supermarkets ,Sales Associate,Mid-Year Madness,777628.47,289,2690.76,522.60,4999.11
Electronics,Supermarkets ,Sales Associate,Midnight Madness,868380.65,317,2739.37,517.24,4950.42
Electronics,Supermarkets ,Sales Associate,Mystery Discount Days,938356.26,322,2914.15,511.29,4979.00
Electronics,Supermarkets ,Sales Associate,New Arrival Showcase,828410.12,302,2743.08,508.74,4999.95
Electronics,Supermarkets ,Sales Associate,New Product Launch Promo,871035.70,325,2680.11,500.19,4995.68
Electronics,Supermarkets ,Sales Associate,New Year Kickoff,920281.61,334,2755.33,503.50,4999.63
Electronics,Supermarkets ,Sales Associate,Price Drop Parade,810397.17,300,2701.32,505.19,4996.70
Electronics,Supermarkets ,Sales Associate,Red Tag Clearance,740962.36,268,2764.78,501.03,4990.99
Electronics,Supermarkets ,Sales Associate,Seasonal Surprise Box,807559.61,289,2794.32,500.70,4989.80
Electronics,Supermarkets ,Sales Associate,Shop & Save Spectacular,761789.25,278,2740.25,503.16,4991.11
Electronics,Supermarkets ,Sales Associate,Smart Shopper Week,893368.14,312,2863.36,545.59,4999.77
Electronics,Supermarkets ,Sales Associate,Spring Refresh Event,794953.54,297,2676.61,539.03,4997.79
Electronics,Supermarkets ,Sales Associate,Spring Splash Discounts,909348.10,322,2824.06,504.51,4999.08
Electronics,Supermarkets ,Sales Associate,Summer Sizzle Promo,857442.29,314,2730.71,529.97,4988.14
Electronics,Supermarkets ,Sales Associate,Super Savings Week,927944.55,317,2927.27,568.81,4985.76
Electronics,Supermarkets ,Sales Associate,Ultimate Value Event,961129.15,345,2785.88,528.49,4999.13
Electronics,Supermarkets ,Sales Associate,VIP Access Sale,837860.89,300,2792.87,502.59,4974.40
Electronics,Supermarkets ,Sales Associate,Weekend Warrior Specials,902384.09,320,2819.95,510.23,4985.78
Electronics,Supermarkets ,Sales Associate,Winter Clearance Carnival,805457.24,298,2702.88,513.44,4988.00
Electronics,Supermarkets ,Sales Associate,Winter Wonders Sale,759149.57,286,2654.37,501.94,4974.21
Electronics,Supermarkets ,Salesperson,12 Days of Deals,752730.14,283,2659.82,531.59,4986.67
Electronics,Supermarkets ,Salesperson,Autumn Deals Drive,757386.98,275,2754.13,529.86,4991.64
Electronics,Supermarkets ,Salesperson,BOGO Blitz,926848.76,321,2887.38,507.31,4998.29
Electronics,Supermarkets ,Salesperson,Back to School Boost,891578.56,316,2821.45,532.91,4969.44
Electronics,Supermarkets ,Salesperson,Birthday Bash Sale,776495.65,283,2743.80,507.54,4999.64
Electronics,Supermarkets ,Salesperson,Black Friday Blowout,866180.99,316,2741.08,514.53,4998.59
Electronics,Supermarkets ,Salesperson,Cart Crasher Campaign,961637.57,339,2836.69,511.88,4998.84
Electronics,Supermarkets ,Salesperson,Cashback Carnival,832373.73,304,2738.07,537.74,4992.85
Electronics,Supermarkets ,Salesperson,Clearance Countdown,868552.46,319,2722.73,503.09,4993.63
Electronics,Supermarkets ,Salesperson,Countdown to Savings,883143.86,326,2709.03,521.52,4979.80
Electronics,Supermarkets ,Salesperson,Customer Appreciation Week,854811.98,311,2748.59,513.82,4971.63
Electronics,Supermarkets ,Salesperson,Cyber Monday Mania,858020.17,318,2698.18,504.82,4989.43
Electronics,Supermarkets ,Salesperson,Deal of the Month,786128.12,292,2692.22,509.62,4999.96
Electronics,Supermarkets ,Salesperson,Double Points Bonanza,790457.26,291,2716.35,516.84,4998.12
Electronics,Supermarkets ,Salesperson,Early Bird Specials,805886.54,301,2677.36,524.31,4989.29
Electronics,Supermarkets ,Salesperson,End of Season Sale,733819.23,271,2707.82,505.63,4997.26
Electronics,Supermarkets ,Salesperson,Exclusive Insider Offers,904129.42,321,2816.60,515.55,4971.87
Electronics,Supermarkets ,Salesperson,Festive Fever Promo,794431.03,290,2739.42,501.00,4995.38
Electronics,Supermarkets ,Salesperson,Final Call Frenzy,780528.87,290,2691.48,509.18,4998.53
Electronics,Supermarkets ,Salesperson,Flash Frenzy Friday,703708.23,259,2717.02,507.07,4980.09
Electronics,Supermarkets ,Salesperson,"Gift More, Spend Less",841135.52,297,2832.11,513.99,4993.14
Electronics,Supermarkets ,Salesperson,Golden Hour Bargains,820769.67,291,2820.51,504.46,4997.22
Electronics,Supermarkets ,Salesperson,Green Weekend Deals,728742.67,258,2824.58,588.17,4964.11
Electronics,Supermarkets ,Salesperson,Happy Hour Discounts,840889.57,302,2784.40,518.88,4998.47
Electronics,Supermarkets ,Salesperson,Holiday Shopping Rush,818844.82,300,2729.48,515.99,4999.67
Electronics,Supermarkets ,Salesperson,Hot Picks Promo,823213.01,285,2888.47,525.96,4995.24
Electronics,Supermarkets ,Salesperson,Instant Gratification Sale,906622.91,325,2789.61,501.85,4976.47
Electronics,Supermarkets ,Salesperson,Limited Time Treasures,863447.59,321,2689.87,507.04,4980.41
Electronics,Supermarkets ,Salesperson,Loyalty Rewards Blast,910326.74,331,2750.23,519.49,4984.67
Electronics,Supermarkets ,Salesperson,Mega Weekend Bonanza,836260.08,301,2778.27,513.00,4998.53
Electronics,Supermarkets ,Salesperson,Mid-Year Madness,804973.05,281,2864.67,509.00,4993.79
Electronics,Supermarkets ,Salesperson,Midnight Madness,804551.27,295,2727.29,500.93,4996.09
Electronics,Supermarkets ,Salesperson,Mystery Discount Days,815057.86,289,2820.27,518.97,4996.73
Electronics,Supermarkets ,Salesperson,New Arrival Showcase,759700.01,276,2752.54,555.69,4981.04
Electronics,Supermarkets ,Salesperson,New Product Launch Promo,872756.35,309,2824.45,521.36,4994.66
Electronics,Supermarkets ,Salesperson,New Year Kickoff,870599.94,312,2790.38,501.31,4983.89
Electronics,Supermarkets ,Salesperson,Price Drop Parade,841182.82,304,2767.05,508.61,4981.91
Electronics,Supermarkets ,Salesperson,Red Tag Clearance,817158.30,283,2887.49,517.90,4993.37
Electronics,Supermarkets ,Salesperson,Seasonal Surprise Box,847730.55,314,2699.78,505.64,4995.48
Electronics,Supermarkets ,Salesperson,Shop & Save Spectacular,877267.35,322,2724.43,500.09,4951.29
Electronics,Supermarkets ,Salesperson,Smart Shopper Week,810881.92,302,2685.04,535.73,4999.52
Electronics,Supermarkets ,Salesperson,Spring Refresh Event,844301.41,304,2777.31,516.09,4983.67
Electronics,Supermarkets ,Salesperson,Spring Splash Discounts,836688.76,293,2855.59,528.06,4952.97
Electronics,Supermarkets ,Salesperson,Summer Sizzle Promo,789539.81,285,2770.32,531.30,4985.95
Electronics,Supermarkets ,Salesperson,Super Savings Week,841178.35,312,2696.08,524.64,4987.38
Electronics,Supermarkets ,Salesperson,Ultimate Value Event,770936.57,275,2803.41,518.67,4968.02
Electronics,Supermarkets ,Salesperson,VIP Access Sale,819734.76,297,2760.05,557.90,4998.82
Electronics,Supermarkets ,Salesperson,Weekend Warrior Specials,891301.23,323,2759.45,506.54,4999.71
Electronics,Supermarkets ,Salesperson,Winter Clearance Carnival,870041.20,326,2668.84,520.91,4995.16
Electronics,Supermarkets ,Salesperson,Winter Wonders Sale,870087.88,322,2702.14,502.26,4988.84
Electronics,Supermarkets ,Senior Salesperson,12 Days of Deals,653339.79,244,2677.62,520.04,4987.59
Electronics,Supermarkets ,Senior Salesperson,Autumn Deals Drive,730646.79,266,2746.79,510.09,4999.09
Electronics,Supermarkets ,Senior Salesperson,BOGO Blitz,660541.20,251,2631.64,523.17,4938.46
Electronics,Supermarkets ,Senior Salesperson,Back to School Boost,706170.73,259,2726.53,530.79,4997.92
Electronics,Supermarkets ,Senior Salesperson,Birthday Bash Sale,683760.16,247,2768.26,581.10,4995.40
Electronics,Supermarkets ,Senior Salesperson,Black Friday Blowout,768744.71,282,2726.05,505.50,4998.72
Electronics,Supermarkets ,Senior Salesperson,Cart Crasher Campaign,751852.54,271,2774.36,502.78,4981.68
Electronics,Supermarkets ,Senior Salesperson,Cashback Carnival,669256.32,237,2823.87,500.51,4982.39
Electronics,Supermarkets ,Senior Salesperson,Clearance Countdown,755009.35,267,2827.75,539.32,4995.80
Electronics,Supermarkets ,Senior Salesperson,Countdown to Savings,657225.70,244,2693.55,515.96,4994.14
Electronics,Supermarkets ,Senior Salesperson,Customer Appreciation Week,740666.28,275,2693.33,505.23,4938.07
Electronics,Supermarkets ,Senior Salesperson,Cyber Monday Mania,764954.73,273,2802.03,504.44,4993.63
Electronics,Supermarkets ,Senior Salesperson,Deal of the Month,795874.49,277,2873.19,507.78,4997.39
Electronics,Supermarkets ,Senior Salesperson,Double Points Bonanza,716418.79,259,2766.10,526.41,4990.54
Electronics,Supermarkets ,Senior Salesperson,Early Bird Specials,713660.05,251,2843.27,503.12,4992.90
Electronics,Supermarkets ,Senior Salesperson,End of Season Sale,717013.70,254,2822.89,546.80,4971.78
Electronics,Supermarkets ,Senior Salesperson,Exclusive Insider Offers,701943.84,257,2731.30,520.11,4997.92
Electronics,Supermarkets ,Senior Salesperson,Festive Fever Promo,716811.71,265,2704.95,507.19,4977.70
Electronics,Supermarkets ,Senior Salesperson,Final Call Frenzy,656107.13,245,2677.99,519.16,4987.28
Electronics,Supermarkets ,Senior Salesperson,Flash Frenzy Friday,744862.41,261,2853.88,502.31,4985.86
Electronics,Supermarkets ,Senior Salesperson,"Gift More, Spend Less",650026.01,247,2631.68,503.92,4902.05
Electronics,Supermarkets ,Senior Salesperson,Golden Hour Bargains,701748.68,261,2688.69,525.28,4991.12
Electronics,Supermarkets ,Senior Salesperson,Green Weekend Deals,739839.34,266,2781.35,508.81,4993.15
Electronics,Supermarkets ,Senior Salesperson,Happy Hour Discounts,665482.93,239,2784.45,504.21,4997.26
Electronics,Supermarkets ,Senior Salesperson,Holiday Shopping Rush,779687.46,279,2794.58,500.69,4988.20
Electronics,Supermarkets ,Senior Salesperson,Hot Picks Promo,672654.65,248,2712.32,519.48,4989.67
Electronics,Supermarkets ,Senior Salesperson,Instant Gratification Sale,718392.75,261,2752.46,528.39,4938.80
Electronics,Supermarkets ,Senior Salesperson,Limited Time Treasures,626049.26,221,2832.80,529.27,4993.69
Electronics,Supermarkets ,Senior Salesperson,Loyalty Rewards Blast,722926.70,263,2748.77,513.80,4991.91
Electronics,Supermarkets ,Senior Salesperson,Mega Weekend Bonanza,665070.56,236,2818.10,518.58,4997.14
Electronics,Supermarkets ,Senior Salesperson,Mid-Year Madness,709905.74,260,2730.41,503.80,4998.40
Electronics,Supermarkets ,Senior Salesperson,Midnight Madness,698535.45,258,2707.50,550.34,4994.98
Electronics,Supermarkets ,Senior Salesperson,Mystery Discount Days,715459.26,266,2689.70,503.05,4983.01
Electronics,Supermarkets ,Senior Salesperson,New Arrival Showcase,747370.40,267,2799.14,503.69,4995.02
Electronics,Supermarkets ,Senior Salesperson,New Product Launch Promo,768198.20,280,2743.56,501.14,4994.34
Electronics,Supermarkets ,Senior Salesperson,New Year Kickoff,737112.85,250,2948.45,501.98,4995.99
Electronics,Supermarkets ,Senior Salesperson,Price Drop Parade,742804.75,263,2824.35,510.90,4997.91
Electronics,Supermarkets ,Senior Salesperson,Red Tag Clearance,726490.44,268,2710.79,506.60,4964.49
Electronics,Supermarkets ,Senior Salesperson,Seasonal Surprise Box,630629.70,238,2649.70,507.04,4981.38
Electronics,Supermarkets ,Senior Salesperson,Shop & Save Spectacular,644508.60,239,2696.69,504.82,4959.97
Electronics,Supermarkets ,Senior Salesperson,Smart Shopper Week,652186.14,245,2661.98,513.03,4968.44
Electronics,Supermarkets ,Senior Salesperson,Spring Refresh Event,793260.86,283,2803.04,506.77,4997.20
Electronics,Supermarkets ,Senior Salesperson,Spring Splash Discounts,760426.62,274,2775.28,559.03,4957.91
Electronics,Supermarkets ,Senior Salesperson,Summer Sizzle Promo,678485.18,239,2838.85,510.94,4982.30
Electronics,Supermarkets ,Senior Salesperson,Super Savings Week,715180.32,254,2815.67,518.20,4998.89
Electronics,Supermarkets ,Senior Salesperson,Ultimate Value Event,750575.21,272,2759.47,511.37,4990.13
Electronics,Supermarkets ,Senior Salesperson,VIP Access Sale,704817.27,261,2700.45,521.39,4994.23
Electronics,Supermarkets ,Senior Salesperson,Weekend Warrior Specials,683545.74,255,2680.57,503.53,4962.71
Electronics,Supermarkets ,Senior Salesperson,Winter Clearance Carnival,770799.61,287,2685.71,520.52,4995.10
Electronics,Supermarkets ,Senior Salesperson,Winter Wonders Sale,687177.11,257,2673.84,529.63,4981.87
Furniture,Large Malls / Complexes,Manager,12 Days of Deals,777179.01,285,2726.94,502.44,4972.28
Furniture,Large Malls / Complexes,Manager,Autumn Deals Drive,735191.97,271,2712.89,542.79,4991.13
Furniture,Large Malls / Complexes,Manager,BOGO Blitz,788795.22,289,2729.40,516.54,4990.46
Furniture,Large Malls / Complexes,Manager,Back to School Boost,820123.52,302,2715.64,501.66,4979.25
Furniture,Large Malls / Complexes,Manager,Birthday Bash Sale,646123.54,241,2681.01,510.42,4960.71
Furniture,Large Malls / Complexes,Manager,Black Friday Blowout,729232.57,269,2710.90,533.69,4998.42
Furniture,Large Malls / Complexes,Manager,Cart Crasher Campaign,701400.62,259,2708.11,529.80,4995.62
Furniture,Large Malls / Complexes,Manager,Cashback Carnival,764347.00,278,2749.45,520.95,4993.29
Furniture,Large Malls / Complexes,Manager,Clearance Countdown,809119.46,289,2799.72,500.68,4995.19
Furniture,Large Malls / Complexes,Manager,Countdown to Savings,725239.78,251,2889.40,540.83,4996.52
Furniture,Large Malls / Complexes,Manager,Customer Appreciation Week,620021.39,239,2594.23,510.22,4988.63
Furniture,Large Malls / Complexes,Manager,Cyber Monday Mania,731092.00,260,2811.89,518.33,4990.60
Furniture,Large Malls / Complexes,Manager,Deal of the Month,724387.44,263,2754.32,560.96,4999.11
Furniture,Large Malls / Complexes,Manager,Double Points Bonanza,671457.78,243,2763.20,532.98,4999.60
Furniture,Large Malls / Complexes,Manager,Early Bird Specials,729231.59,275,2651.75,516.12,4992.01
Furniture,Large Malls / Complexes,Manager,End of Season Sale,653211.15,239,2733.10,518.63,4966.21
Furniture,Large Malls / Complexes,Manager,Exclusive Insider Offers,719891.09,255,2823.10,528.63,4936.10
Furniture,Large Malls / Complexes,Manager,Festive Fever Promo,727490.16,271,2684.47,501.32,4992.74
Furniture,Large Malls / Complexes,Manager,Final Call Frenzy,692129.27,243,2848.27,539.71,4964.55
Furniture,Large Malls / Complexes,Manager,Flash Frenzy Friday,799774.65,276,2897.73,503.14,4987.91
Furniture,Large Malls / Complexes,Manager,"Gift More, Spend Less",718253.01,258,2783.93,530.54,4978.60
Furniture,Large Malls / Complexes,Manager,Golden Hour Bargains,721263.60,260,2774.09,519.79,4984.96
Furniture,Large Malls / Complexes,Manager,Green Weekend Deals,645033.59,234,2756.55,504.20,4990.96
Furniture,Large Malls / Complexes,Manager,Happy Hour Discounts,690527.87,249,2773.20,538.72,4972.59
Furniture,Large Malls / Complexes,Manager,Holiday Shopping Rush,669149.05,250,2676.60,584.98,4983.44
Furniture,Large Malls / Complexes,Manager,Hot Picks Promo,849274.64,318,2670.67,506.63,4994.45
Furniture,Large Malls / Complexes,Manager,Instant Gratification Sale,780209.02,288,2709.06,503.79,4960.51
Furniture,Large Malls / Complexes,Manager,Limited Time Treasures,709349.96,254,2792.72,508.15,4997.24
Furniture,Large Malls / Complexes,Manager,Loyalty Rewards Blast,733461.15,270,2716.52,554.50,4979.38
Furniture,Large Malls / Complexes,Manager,Mega Weekend Bonanza,741752.79,275,2697.28,506.14,4946.53
Furniture,Large Malls / Complexes,Manager,Mid-Year Madness,741212.85,282,2628.41,516.15,4986.89
Furniture,Large Malls / Complexes,Manager,Midnight Madness,684356.66,253,2704.97,517.81,4971.62
Furniture,Large Malls / Complexes,Manager,Mystery Discount Days,727818.74,266,2736.16,508.31,4973.46
Furniture,Large Malls / Complexes,Manager,New Arrival Showcase,688255.68,252,2731.17,517.95,4989.50
Furniture,Large Malls / Complexes,Manager,New Product Launch Promo,627096.47,242,2591.31,506.75,4996.31
Furniture,Large Malls / Complexes,Manager,New Year Kickoff,741154.00,271,2734.89,547.13,4989.07
Furniture,Large Malls / Complexes,Manager,Price Drop Parade,695357.24,245,2838.19,536.58,4969.08
Furniture,Large Malls / Complexes,Manager,Red Tag Clearance,655657.14,243,2698.18,517.96,4959.96
Furniture,Large Malls / Complexes,Manager,Seasonal Surprise Box,717797.98,268,2678.35,513.46,4998.58
Furniture,Large Malls / Complexes,Manager,Shop & Save Spectacular,759395.90,271,2802.20,506.96,4993.55
Furniture,Large Malls / Complexes,Manager,Smart Shopper Week,802584.63,293,2739.20,500.56,4987.03
Furniture,Large Malls / Complexes,Manager,Spring Refresh Event,802648.40,285,2816.31,517.67,4997.69
Furniture,Large Malls / Complexes,Manager,Spring Splash Discounts,691755.96,265,2610.40,512.14,4993.95
Furniture,Large Malls / Complexes,Manager,Summer Sizzle Promo,671248.44,249,2695.78,507.16,4960.63
Furniture,Large Malls / Complexes,Manager,Super Savings Week,770625.79,275,2802.28,505.61,4992.27
Furniture,Large Malls / Complexes,Manager,Ultimate Value Event,714323.02,265,2695.56,502.11,4985.73
Furniture,Large Malls / Complexes,Manager,VIP Access Sale,696880.87,253,2754.47,512.62,4985.27
Furniture,Large Malls / Complexes,Manager,Weekend Warrior Specials,713357.16,256,2786.55,501.07,4999.65
Furniture,Large Malls / Complexes,Manager,Winter Clearance Carnival,734321.98,260,2824.32,510.72,4994.03
Furniture,Large Malls / Complexes,Manager,Winter Wonders Sale,633871.63,244,2597.83,502.50,4964.69
Furniture,Large Malls / Complexes,Sales Associate,12 Days of Deals,746212.80,267,2794.80,516.27,4974.34
Furniture,Large Malls / Complexes,Sales Associate,Autumn Deals Drive,824441.66,294,2804.22,500.56,4946.31
Furniture,Large Malls / Complexes,Sales Associate,BOGO Blitz,765041.92,286,2674.97,504.41,4987.72
Furniture,Large Malls / Complexes,Sales Associate,Back to School Boost,749695.80,283,2649.10,514.02,4979.12
Furniture,Large Malls / Complexes,Sales Associate,Birthday Bash Sale,844758.98,305,2769.70,549.80,4977.19
Furniture,Large Malls / Complexes,Sales Associate,Black Friday Blowout,734459.43,254,2891.57,500.23,4999.69
Furniture,Large Malls / Complexes,Sales Associate,Cart Crasher Campaign,738855.92,273,2706.43,591.52,4985.39
Furniture,Large Malls / Complexes,Sales Associate,Cashback Carnival,787708.50,278,2833.48,516.22,4997.15
Furniture,Large Malls / Complexes,Sales Associate,Clearance Countdown,742745.84,273,2720.68,534.86,4984.16
Furniture,Large Malls / Complexes,Sales Associate,Countdown to Savings,733634.41,270,2717.16,505.04,4999.16
Furniture,Large Malls / Complexes,Sales Associate,Customer Appreciation Week,685698.40,271,2530.25,502.67,4965.21
Furniture,Large Malls / Complexes,Sales Associate,Cyber Monday Mania,770095.14,285,2702.09,556.22,4980.84
Furniture,Large Malls / Complexes,Sales Associate,Deal of the Month,747941.83,288,2597.02,501.02,4979.19
Furniture,Large Malls / Complexes,Sales Associate,Double Points Bonanza,767707.60,276,2781.55,505.59,4968.70
Furniture,Large Malls / Complexes,Sales Associate,Early Bird Specials,798310.37,280,2851.11,590.63,4975.86
Furniture,Large Malls / Complexes,Sales Associate,End of Season Sale,756141.81,266,2842.64,510.32,4954.34
Furniture,Large Malls / Complexes,Sales Associate,Exclusive Insider Offers,738602.17,270,2735.56,528.63,4955.46
Furniture,Large Malls / Complexes,Sales Associate,Festive Fever Promo,709289.41,241,2943.11,520.70,4995.46
Furniture,Large Malls / Complexes,Sales Associate,Final Call Frenzy,792678.56,293,2705.39,504.15,4991.12
Furniture,Large Malls / Complexes,Sales Associate,Flash Frenzy Friday,838227.21,306,2739.30,508.18,4973.07
Furniture,Large Malls / Complexes,Sales Associate,"Gift More, Spend Less",741891.52,272,2727.54,510.42,4963.28
Furniture,Large Malls / Complexes,Sales Associate,Golden Hour Bargains,785947.94,289,2719.54,512.00,4997.28
Furniture,Large Malls / Complexes,Sales Associate,Green Weekend Deals,807865.61,296,2729.28,533.30,4996.96
Furniture,Large Malls / Complexes,Sales Associate,Happy Hour Discounts,721049.60,272,2650.92,508.48,4989.55
Furniture,Large Malls / Complexes,Sales Associate,Holiday Shopping Rush,805328.40,290,2776.99,502.02,4989.87
Furniture,Large Malls / Complexes,Sales Associate,Hot Picks Promo,665073.17,248,2681.75,508.91,4995.82
Furniture,Large Malls / Complexes,Sales Associate,Instant Gratification Sale,851493.65,295,2886.42,513.55,4964.40
Furniture,Large Malls / Complexes,Sales Associate,Limited Time Treasures,857129.72,310,2764.93,509.62,4961.83
Furniture,Large Malls / Complexes,Sales Associate,Loyalty Rewards Blast,811153.33,289,2806.76,523.00,4998.17
Furniture,Large Malls / Complexes,Sales Associate,Mega Weekend Bonanza,778897.84,286,2723.42,505.50,4992.05
Furniture,Large Malls / Complexes,Sales Associate,Mid-Year Madness,648958.11,243,2670.61,503.37,4973.94
Furniture,Large Malls / Complexes,Sales Associate,Midnight Madness,800395.47,301,2659.12,501.59,4998.34
Furniture,Large Malls / Complexes,Sales Associate,Mystery Discount Days,815722.71,298,2737.32,534.07,4989.50
Furniture,Large Malls / Complexes,Sales Associate,New Arrival Showcase,841341.68,292,2881.31,521.56,4997.71
Furniture,Large Malls / Complexes,Sales Associate,New Product Launch Promo,725607.49,264,2748.51,512.57,4993.43
Furniture,Large Malls / Complexes,Sales Associate,New Year Kickoff,750922.38,266,2823.02,508.86,4998.10
Furniture,Large Malls / Complexes,Sales Associate,Price Drop Parade,766989.38,273,2809.48,515.18,4986.52
Furniture,Large Malls / Complexes,Sales Associate,Red Tag Clearance,747240.24,264,2830.46,511.21,4979.61
Furniture,Large Malls / Complexes,Sales Associate,Seasonal Surprise Box,746133.07,268,2784.08,512.96,4989.64
Furniture,Large Malls / Complexes,Sales Associate,Shop & Save Spectacular,799499.56,286,2795.45,551.24,4979.05
Furniture,Large Malls / Complexes,Sales Associate,Smart Shopper Week,718916.73,267,2692.57,502.36,4994.01
Furniture,Large Malls / Complexes,Sales Associate,Spring Refresh Event,779950.55,299,2608.53,521.50,4993.59
Furniture,Large Malls / Complexes,Sales Associate,Spring Splash Discounts,816225.33,312,2616.11,529.78,4985.59
Furniture,Large Malls / Complexes,Sales Associate,Summer Sizzle Promo,858029.88,311,2758.94,505.17,4913.10
Furniture,Large Malls / Complexes,Sales Associate,Super Savings Week,788699.41,284,2777.11,538.95,4980.44
Furniture,Large Malls / Complexes,Sales Associate,Ultimate Value Event,707497.40,252,2807.53,528.43,4971.96
Furniture,Large Malls / Complexes,Sales Associate,VIP Access Sale,695307.06,264,2633.74,525.71,4953.93
Furniture,Large Malls / Complexes,Sales Associate,Weekend Warrior Specials,809539.44,300,2698.46,546.53,4986.14
Furniture,Large Malls / Complexes,Sales Associate,Winter Clearance Carnival,738024.13,264,2795.55,509.43,4996.65
Furniture,Large Malls / Complexes,Sales Associate,Winter Wonders Sale,826604.81,299,2764.56,513.10,4994.81
Furniture,Large Malls / Complexes,Salesperson,12 Days of Deals,763027.56,267,2857.78,504.24,4991.30
Furniture,Large Malls / Complexes,Salesperson,Autumn Deals Drive,755001.72,271,2785.98,520.05,4999.01
Furniture,Large Malls / Complexes,Salesperson,BOGO Blitz,778912.14,274,2842.75,528.27,4993.32
Furniture,Large Malls / Complexes,Salesperson,Back to School Boost,787830.58,281,2803.67,502.98,4993.19
Furniture,Large Malls / Complexes,Salesperson,Birthday Bash Sale,711378.25,245,2903.58,513.51,4997.22
Furniture,Large Malls / Complexes,Salesperson,Black Friday Blowout,903302.60,335,2696.43,507.45,4985.53
Furniture,Large Malls / Complexes,Salesperson,Cart Crasher Campaign,671770.86,246,2730.78,532.31,4998.52
Furniture,Large Malls / Complexes,Salesperson,Cashback Carnival,797678.70,285,2798.87,500.92,4999.62
Furniture,Large Malls / Complexes,Salesperson,Clearance Countdown,808476.03,278,2908.19,547.73,4989.47
Furniture,Large Malls / Complexes,Salesperson,Countdown to Savings,735660.65,278,2646.26,517.78,4994.61
Furniture,Large Malls / Complexes,Salesperson,Customer Appreciation Week,716573.66,260,2756.05,506.29,4986.20
Furniture,Large Malls / Complexes,Salesperson,Cyber Monday Mania,766295.98,270,2838.13,508.01,4991.04
Furniture,Large Malls / Complexes,Salesperson,Deal of the Month,744682.01,282,2640.72,542.34,4977.83
Furniture,Large Malls / Complexes,Salesperson,Double Points Bonanza,734752.29,266,2762.23,508.58,4986.14
Furniture,Large Malls / Complexes,Salesperson,Early Bird Specials,813318.27,295,2757.01,503.43,4996.66
Furniture,Large Malls / Complexes,Salesperson,End of Season Sale,697318.61,243,2869.62,509.93,4942.84
Furniture,Large Malls / Complexes,Salesperson,Exclusive Insider Offers,761570.49,266,2863.05,536.95,4995.57
Furniture,Large Malls / Complexes,Salesperson,Festive Fever Promo,750176.88,289,2595.77,509.05,4997.00
Furniture,Large Malls / Complexes,Salesperson,Final Call Frenzy,690595.07,255,2708.22,501.98,4987.91
Furniture,Large Malls / Complexes,Salesperson,Flash Frenzy Friday,737102.99,261,2824.15,505.20,4978.96
Furniture,Large Malls / Complexes,Salesperson,"Gift More, Spend Less",764371.79,269,2841.53,502.35,4989.34
Furniture,Large Malls / Complexes,Salesperson,Golden Hour Bargains,742664.85,271,2740.46,520.80,4995.50
Furniture,Large Malls / Complexes,Salesperson,Green Weekend Deals,785233.44,286,2745.57,502.15,4999.33
Furniture,Large Malls / Complexes,Salesperson,Happy Hour Discounts,740993.40,276,2684.76,501.14,4998.48
Furniture,Large Malls / Complexes,Salesperson,Holiday Shopping Rush,787182.29,281,2801.36,512.13,4996.98
Furniture,Large Malls / Complexes,Salesperson,Hot Picks Promo,740684.66,270,2743.28,525.87,4984.76
Furniture,Large Malls / Complexes,Salesperson,Instant Gratification Sale,774109.71,272,2845.99,534.05,4997.47
Furniture,Large Malls / Complexes,Salesperson,Limited Time Treasures,964186.78,329,2930.66,522.07,4994.63
Furniture,Large Malls / Complexes,Salesperson,Loyalty Rewards Blast,756959.71,276,2742.61,500.38,4996.69
Furniture,Large Malls / Complexes,Salesperson,Mega Weekend Bonanza,733577.75,271,2706.93,505.20,4988.69
Furniture,Large Malls / Complexes,Salesperson,Mid-Year Madness,701191.53,257,2728.37,541.13,4995.47
Furniture,Large Malls / Complexes,Salesperson,Midnight Madness,768561.04,290,2650.21,518.32,4994.08
Furniture,Large Malls / Complexes,Salesperson,Mystery Discount Days,744008.59,263,2828.93,502.26,4981.33
Furniture,Large Malls / Complexes,Salesperson,New Arrival Showcase,770730.94,283,2723.43,515.29,4994.26
Furniture,Large Malls / Complexes,Salesperson,New Product Launch Promo,870633.81,310,2808.50,514.36,4995.52
Furniture,Large Malls / Complexes,Salesperson,New Year Kickoff,811913.52,290,2799.70,540.21,4989.59
Furniture,Large Malls / Complexes,Salesperson,Price Drop Parade,701628.31,253,2773.23,506.58,4992.90
Furniture,Large Malls / Complexes,Salesperson,Red Tag Clearance,721446.26,263,2743.14,524.98,4996.34
Furniture,Large Malls / Complexes,Salesperson,Seasonal Surprise Box,875551.06,318,2753.31,501.63,4984.30
Furniture,Large Malls / Complexes,Salesperson,Shop & Save Spectacular,834897.07,283,2950.17,517.77,4976.00
Furniture,Large Malls / Complexes,Salesperson,Smart Shopper Week,732406.79,261,2806.16,523.04,4978.99
Furniture,Large Malls / Complexes,Salesperson,Spring Refresh Event,765706.27,271,2825.48,501.41,4995.87
Furniture,Large Malls / Complexes,Salesperson,Spring Splash Discounts,822738.15,300,2742.46,500.35,4996.37
Furniture,Large Malls / Complexes,Salesperson,Summer Sizzle Promo,769481.95,279,2758.00,517.68,4995.89
Furniture,Large Malls / Complexes,Salesperson,Super Savings Week,779599.94,281,2774.38,530.58,4989.51
Furniture,Large Malls / Complexes,Salesperson,Ultimate Value Event,793323.59,272,2916.63,518.75,4968.84
Furniture,Large Malls / Complexes,Salesperson,VIP Access Sale,803688.66,289,2780.93,527.36,4987.26
Furniture,Large Malls / Complexes,Salesperson,Weekend Warrior Specials,781105.55,284,2750.37,508.80,4998.93
Furniture,Large Malls / Complexes,Salesperson,Winter Clearance Carnival,698353.03,248,2815.94,519.38,4998.34
Furniture,Large Malls / Complexes,Salesperson,Winter Wonders Sale,734570.54,260,2825.27,516.98,4997.81
Furniture,Large Malls / Complexes,Senior Salesperson,12 Days of Deals,679295.14,239,2842.24,520.16,4965.80
Furniture,Large Malls / Complexes,Senior Salesperson,Autumn Deals Drive,621961.43,230,2704.18,560.55,4973.92
Furniture,Large Malls / Complexes,Senior Salesperson,BOGO Blitz,621783.58,232,2680.10,506.07,4930.76
Furniture,Large Malls / Complexes,Senior Salesperson,Back to School Boost,696382.75,265,2627.86,543.02,4976.76
Furniture,Large Malls / Complexes,Senior Salesperson,Birthday Bash Sale,622701.11,221,2817.65,530.39,4992.29
Furniture,Large Malls / Complexes,Senior Salesperson,Black Friday Blowout,659012.64,251,2625.55,508.66,4999.88
Furniture,Large Malls / Complexes,Senior Salesperson,Cart Crasher Campaign,669968.37,242,2768.46,510.50,4998.24
Furniture,Large Malls / Complexes,Senior Salesperson,Cashback Carnival,639298.49,229,2791.70,504.95,4974.87
Furniture,Large Malls / Complexes,Senior Salesperson,Clearance Countdown,611125.92,230,2657.07,510.13,4992.67
Furniture,Large Malls / Complexes,Senior Salesperson,Countdown to Savings,641468.42,236,2718.09,510.59,4970.47
Furniture,Large Malls / Complexes,Senior Salesperson,Customer Appreciation Week,590821.39,236,2503.48,520.24,4987.92
Furniture,Large Malls / Complexes,Senior Salesperson,Cyber Monday Mania,679259.72,245,2772.49,500.56,4994.23
Furniture,Large Malls / Complexes,Senior Salesperson,Deal of the Month,676487.67,242,2795.40,507.09,4996.19
Furniture,Large Malls / Complexes,Senior Salesperson,Double Points Bonanza,728471.74,258,2823.53,505.06,4986.86
Furniture,Large Malls / Complexes,Senior Salesperson,Early Bird Specials,648974.82,240,2704.06,539.80,4996.11
Furniture,Large Malls / Complexes,Senior Salesperson,End of Season Sale,621399.26,231,2690.04,504.42,4987.50
Furniture,Large Malls / Complexes,Senior Salesperson,Exclusive Insider Offers,607146.89,222,2734.90,516.07,4957.31
Furniture,Large Malls / Complexes,Senior Salesperson,Festive Fever Promo,680156.77,255,2667.28,503.27,4963.78
Furniture,Large Malls / Complexes,Senior Salesperson,Final Call Frenzy,630271.57,231,2728.45,523.64,4957.17
Furniture,Large Malls / Complexes,Senior Salesperson,Flash Frenzy Friday,690893.26,244,2831.53,502.44,4990.62
Furniture,Large Malls / Complexes,Senior Salesperson,"Gift More, Spend Less",665244.70,242,2748.95,553.76,4998.32
Furniture,Large Malls / Complexes,Senior Salesperson,Golden Hour Bargains,662097.35,236,2805.50,502.72,4967.21
Furniture,Large Malls / Complexes,Senior Salesperson,Green Weekend Deals,595822.79,233,2557.18,503.96,4995.24
Furniture,Large Malls / Complexes,Senior Salesperson,Happy Hour Discounts,673384.60,226,2979.58,521.26,4997.56
Furniture,Large Malls / Complexes,Senior Salesperson,Holiday Shopping Rush,653607.37,232,2817.27,595.72,4988.30
Furniture,Large Malls / Complexes,Senior Salesperson,Hot Picks Promo,783816.47,279,2809.38,506.64,4992.57
Furniture,Large Malls / Complexes,Senior Salesperson,Instant Gratification Sale,639169.81,232,2755.04,505.46,4995.76
Furniture,Large Malls / Complexes,Senior Salesperson,Limited Time Treasures,610637.02,222,2750.62,519.78,4971.23
Furniture,Large Malls / Complexes,Senior Salesperson,Loyalty Rewards Blast,653134.38,244,2676.78,506.46,4971.53
Furniture,Large Malls / Complexes,Senior Salesperson,Mega Weekend Bonanza,710861.37,249,2854.86,512.04,4993.16
Furniture,Large Malls / Complexes,Senior Salesperson,Mid-Year Madness,590121.26,203,2907.00,501.87,4999.77
Furniture,Large Malls / Complexes,Senior Salesperson,Midnight Madness,697292.18,243,2869.52,565.37,4989.23
Furniture,Large Malls / Complexes,Senior Salesperson,Mystery Discount Days,772345.11,280,2758.38,519.89,4994.16
Furniture,Large Malls / Complexes,Senior Salesperson,New Arrival Showcase,636385.63,234,2719.60,520.36,4995.42
Furniture,Large Malls / Complexes,Senior Salesperson,New Product Launch Promo,655425.76,240,2730.94,500.59,4940.65
Furniture,Large Malls / Complexes,Senior Salesperson,New Year Kickoff,788728.13,281,2806.86,504.13,4957.75
Furniture,Large Malls / Complexes,Senior Salesperson,Price Drop Parade,724458.75,249,2909.47,558.69,4992.35
Furniture,Large Malls / Complexes,Senior Salesperson,Red Tag Clearance,630481.47,225,2802.14,561.05,4999.64
Furniture,Large Malls / Complexes,Senior Salesperson,Seasonal Surprise Box,675489.91,247,2734.78,501.95,4994.35
Furniture,Large Malls / Complexes,Senior Salesperson,Shop & Save Spectacular,566221.73,209,2709.19,518.11,4973.80
Furniture,Large Malls / Complexes,Senior Salesperson,Smart Shopper Week,723764.43,259,2794.46,553.99,4986.18
Furniture,Large Malls / Complexes,Senior Salesperson,Spring Refresh Event,639024.58,230,2778.37,500.36,4969.56
Furniture,Large Malls / Complexes,Senior Salesperson,Spring Splash Discounts,697300.37,253,2756.13,502.30,4986.16
Furniture,Large Malls / Complexes,Senior Salesperson,Summer Sizzle Promo,681665.09,241,2828.49,508.43,4963.65
Furniture,Large Malls / Complexes,Senior Salesperson,Super Savings Week,577210.90,209,2761.77,503.67,4975.63
Furniture,Large Malls / Complexes,Senior Salesperson,Ultimate Value Event,545317.98,212,2572.25,542.44,4983.36
Furniture,Large Malls / Complexes,Senior Salesperson,VIP Access Sale,640442.54,233,2748.68,553.49,4979.83
Furniture,Large Malls / Complexes,Senior Salesperson,Weekend Warrior Specials,682979.60,246,2776.34,527.45,4988.54
Furniture,Large Malls / Complexes,Senior Salesperson,Winter Clearance Carnival,780176.51,279,2796.33,520.43,4960.39
Furniture,Large Malls / Complexes,Senior Salesperson,Winter Wonders Sale,612444.36,226,2709.93,500.29,4995.39
Furniture,Small Stores / Shops,Manager,12 Days of Deals,768392.94,286,2686.69,511.57,4976.95
Furniture,Small Stores / Shops,Manager,Autumn Deals Drive,833016.93,300,2776.72,519.53,4994.21
Furniture,Small Stores / Shops,Manager,BOGO Blitz,813473.70,283,2874.47,505.47,4993.17
Furniture,Small Stores / Shops,Manager,Back to School Boost,613750.71,241,2546.68,544.17,4985.54
Furniture,Small Stores / Shops,Manager,Birthday Bash Sale,731592.40,267,2740.05,507.97,4982.00
Furniture,Small Stores / Shops,Manager,Black Friday Blowout,800671.81,281,2849.37,503.75,4996.79
Furniture,Small Stores / Shops,Manager,Cart Crasher Campaign,806580.42,280,2880.64,508.04,4993.08
Furniture,Small Stores / Shops,Manager,Cashback Carnival,763466.92,284,2688.26,511.78,4999.14
Furniture,Small Stores / Shops,Manager,Clearance Countdown,801833.68,296,2708.90,500.93,4996.82
Furniture,Small Stores / Shops,Manager,Countdown to Savings,789704.10,291,2713.76,533.05,4997.53
Furniture,Small Stores / Shops,Manager,Customer Appreciation Week,759653.19,287,2646.88,524.58,4969.00
Furniture,Small Stores / Shops,Manager,Cyber Monday Mania,880815.77,311,2832.21,529.18,4990.19
Furniture,Small Stores / Shops,Manager,Deal of the Month,865825.53,306,2829.50,516.16,4975.33
Furniture,Small Stores / Shops,Manager,Double Points Bonanza,759151.11,272,2791.00,500.57,4953.59
Furniture,Small Stores / Shops,Manager,Early Bird Specials,757021.03,274,2762.85,542.46,4969.50
Furniture,Small Stores / Shops,Manager,End of Season Sale,740042.76,279,2652.48,510.38,4997.14
Furniture,Small Stores / Shops,Manager,Exclusive Insider Offers,770746.03,275,2802.71,528.95,4978.51
Furniture,Small Stores / Shops,Manager,Festive Fever Promo,760274.90,280,2715.27,500.07,4942.51
Furniture,Small Stores / Shops,Manager,Final Call Frenzy,819393.54,298,2749.64,515.69,4987.08
Furniture,Small Stores / Shops,Manager,Flash Frenzy Friday,840300.58,295,2848.48,517.48,4995.61
Furniture,Small Stores / Shops,Manager,"Gift More, Spend Less",797491.39,298,2676.15,523.75,4970.55
Furniture,Small Stores / Shops,Manager,Golden Hour Bargains,776708.31,271,2866.08,503.86,4999.31
Furniture,Small Stores / Shops,Manager,Green Weekend Deals,736428.29,263,2800.11,540.81,4992.89
Furniture,Small Stores / Shops,Manager,Happy Hour Discounts,783091.40,278,2816.88,510.71,4980.92
Furniture,Small Stores / Shops,Manager,Holiday Shopping Rush,738068.30,265,2785.16,504.36,4975.37
Furniture,Small Stores / Shops,Manager,Hot Picks Promo,719183.25,271,2653.81,502.87,4979.69
Furniture,Small Stores / Shops,Manager,Instant Gratification Sale,821739.21,285,2883.30,534.83,4995.20
Furniture,Small Stores / Shops,Manager,Limited Time Treasures,799221.53,293,2727.72,538.55,4989.62
Furniture,Small Stores / Shops,Manager,Loyalty Rewards Blast,801280.40,280,2861.72,501.05,4965.24
Furniture,Small Stores / Shops,Manager,Mega Weekend Bonanza,766974.20,268,2861.84,504.00,4980.66
Furniture,Small Stores / Shops,Manager,Mid-Year Madness,786464.48,277,2839.22,527.66,4999.10
Furniture,Small Stores / Shops,Manager,Midnight Madness,820592.33,291,2819.90,527.23,4980.61
Furniture,Small Stores / Shops,Manager,Mystery Discount Days,762188.86,272,2802.16,520.73,4987.15
Furniture,Small Stores / Shops,Manager,New Arrival Showcase,768423.11,266,2888.81,585.68,4980.12
Furniture,Small Stores / Shops,Manager,New Product Launch Promo,801498.34,286,2802.44,502.89,4981.56
Furniture,Small Stores / Shops,Manager,New Year Kickoff,742949.22,272,2731.43,501.02,4985.25
Furniture,Small Stores / Shops,Manager,Price Drop Parade,759471.00,264,2876.78,514.90,4997.34
Furniture,Small Stores / Shops,Manager,Red Tag Clearance,785903.73,290,2710.01,502.90,4985.95
Furniture,Small Stores / Shops,Manager,Seasonal Surprise Box,783764.18,291,2693.35,512.82,4996.49
Furniture,Small Stores / Shops,Manager,Shop & Save Spectacular,747215.56,271,2757.25,507.30,4919.87
Furniture,Small Stores / Shops,Manager,Smart Shopper Week,749171.42,269,2785.02,525.47,4964.50
Furniture,Small Stores / Shops,Manager,Spring Refresh Event,699428.98,248,2820.28,505.62,4982.74
Furniture,Small Stores / Shops,Manager,Spring Splash Discounts,818535.63,288,2842.14,504.61,4998.77
Furniture,Small Stores / Shops,Manager,Summer Sizzle Promo,749790.06,282,2658.83,504.85,4998.67
Furniture,Small Stores / Shops,Manager,Super Savings Week,737969.88,286,2580.31,500.70,4999.89
Furniture,Small Stores / Shops,Manager,Ultimate Value Event,780708.55,280,2788.24,527.82,4996.74
Furniture,Small Stores / Shops,Manager,VIP Access Sale,759498.25,280,2712.49,506.27,4975.04
Furniture,Small Stores / Shops,Manager,Weekend Warrior Specials,749512.40,273,2745.47,511.76,4999.21
Furniture,Small Stores / Shops,Manager,Winter Clearance Carnival,733237.14,278,2637.54,511.63,4980.63
Furniture,Small Stores / Shops,Manager,Winter Wonders Sale,801423.24,283,2831.88,507.39,4955.83
Furniture,Small Stores / Shops,Sales Associate,12 Days of Deals,868758.25,305,2848.39,513.03,4989.95
Furniture,Small Stores / Shops,Sales Associate,Autumn Deals Drive,762729.62,289,2639.20,502.71,4995.68
Furniture,Small Stores / Shops,Sales Associate,BOGO Blitz,825524.55,297,2779.54,505.02,4972.69
Furniture,Small Stores / Shops,Sales Associate,Back to School Boost,774636.75,272,2847.93,503.95,4982.61
Furniture,Small Stores / Shops,Sales Associate,Birthday Bash Sale,783963.02,294,2666.54,501.84,4989.44
Furniture,Small Stores / Shops,Sales Associate,Black Friday Blowout,813632.88,292,2786.41,511.80,4950.65
Furniture,Small Stores / Shops,Sales Associate,Cart Crasher Campaign,787352.93,280,2811.97,525.66,4985.58
Furniture,Small Stores / Shops,Sales Associate,Cashback Carnival,824135.85,294,2803.18,502.45,4993.83
Furniture,Small Stores / Shops,Sales Associate,Clearance Countdown,799169.01,283,2823.92,564.30,4969.26
Furniture,Small Stores / Shops,Sales Associate,Countdown to Savings,801723.90,288,2783.76,508.05,4965.60
Furniture,Small Stores / Shops,Sales Associate,Customer Appreciation Week,852171.09,306,2784.87,501.28,4996.95
Furniture,Small Stores / Shops,Sales Associate,Cyber Monday Mania,786812.06,277,2840.48,512.23,4986.05
Furniture,Small Stores / Shops,Sales Associate,Deal of the Month,799073.21,296,2699.57,515.23,4964.44
Furniture,Small Stores / Shops,Sales Associate,Double Points Bonanza,809434.86,287,2820.33,521.42,4996.14
Furniture,Small Stores / Shops,Sales Associate,Early Bird Specials,752248.84,277,2715.70,510.94,4997.80
Furniture,Small Stores / Shops,Sales Associate,End of Season Sale,825263.88,300,2750.88,525.00,4998.04
Furniture,Small Stores / Shops,Sales Associate,Exclusive Insider Offers,813996.69,308,2642.85,516.73,4959.90
Furniture,Small Stores / Shops,Sales Associate,Festive Fever Promo,837224.04,302,2772.27,506.57,4996.22
Furniture,Small Stores / Shops,Sales Associate,Final Call Frenzy,866709.92,309,2804.89,522.02,4998.78
Furniture,Small Stores / Shops,Sales Associate,Flash Frenzy Friday,772974.31,296,2611.40,536.59,4978.95
Furniture,Small Stores / Shops,Sales Associate,"Gift More, Spend Less",784402.41,281,2791.47,537.43,4997.34
Furniture,Small Stores / Shops,Sales Associate,Golden Hour Bargains,812906.60,287,2832.43,532.85,4987.84
Furniture,Small Stores / Shops,Sales Associate,Green Weekend Deals,771594.70,282,2736.15,514.59,4993.14
Furniture,Small Stores / Shops,Sales Associate,Happy Hour Discounts,823604.53,303,2718.17,500.31,4998.88
Furniture,Small Stores / Shops,Sales Associate,Holiday Shopping Rush,840096.29,309,2718.76,514.22,4974.65
Furniture,Small Stores / Shops,Sales Associate,Hot Picks Promo,804764.36,301,2673.64,514.12,4994.52
Furniture,Small Stores / Shops,Sales Associate,Instant Gratification Sale,818441.33,280,2923.00,502.68,4999.03
Furniture,Small Stores / Shops,Sales Associate,Limited Time Treasures,956191.18,338,2828.97,505.63,4977.47
Furniture,Small Stores / Shops,Sales Associate,Loyalty Rewards Blast,777910.11,289,2691.73,500.57,4979.86
Furniture,Small Stores / Shops,Sales Associate,Mega Weekend Bonanza,831447.71,298,2790.09,520.43,4987.41
Furniture,Small Stores / Shops,Sales Associate,Mid-Year Madness,695353.52,259,2684.76,541.95,4973.50
Furniture,Small Stores / Shops,Sales Associate,Midnight Madness,857846.33,304,2821.86,520.48,4990.79
Furniture,Small Stores / Shops,Sales Associate,Mystery Discount Days,803453.68,293,2742.16,576.43,4964.73
Furniture,Small Stores / Shops,Sales Associate,New Arrival Showcase,889278.59,329,2702.97,535.86,4999.20
Furniture,Small Stores / Shops,Sales Associate,New Product Launch Promo,833618.11,305,2733.17,501.02,4971.27
Furniture,Small Stores / Shops,Sales Associate,New Year Kickoff,925106.12,323,2864.11,516.26,4998.26
Furniture,Small Stores / Shops,Sales Associate,Price Drop Parade,898333.93,328,2738.82,509.45,4992.16
Furniture,Small Stores / Shops,Sales Associate,Red Tag Clearance,816823.01,284,2876.14,521.31,4989.66
Furniture,Small Stores / Shops,Sales Associate,Seasonal Surprise Box,740505.77,267,2773.43,522.93,4996.98
Furniture,Small Stores / Shops,Sales Associate,Shop & Save Spectacular,845025.78,303,2788.86,524.81,4998.65
Furniture,Small Stores / Shops,Sales Associate,Smart Shopper Week,800170.53,271,2952.66,504.88,4991.20
Furniture,Small Stores / Shops,Sales Associate,Spring Refresh Event,791902.29,278,2848.57,520.10,4985.39
Furniture,Small Stores / Shops,Sales Associate,Spring Splash Discounts,847171.53,305,2777.61,515.63,4999.44
Furniture,Small Stores / Shops,Sales Associate,Summer Sizzle Promo,916155.34,331,2767.84,519.57,4985.78
Furniture,Small Stores / Shops,Sales Associate,Super Savings Week,810871.26,296,2739.43,513.38,4980.68
Furniture,Small Stores / Shops,Sales Associate,Ultimate Value Event,729743.01,268,2722.92,501.69,4964.69
Furniture,Small Stores / Shops,Sales Associate,VIP Access Sale,745376.11,266,2802.17,508.98,4977.48
Furniture,Small Stores / Shops,Sales Associate,Weekend Warrior Specials,806036.16,287,2808.49,504.11,4992.30
Furniture,Small Stores / Shops,Sales Associate,Winter Clearance Carnival,779133.34,285,2733.80,501.40,4984.84
Furniture,Small Stores / Shops,Sales Associate,Winter Wonders Sale,826548.92,300,2755.16,507.73,4952.83
Furniture,Small Stores / Shops,Salesperson,12 Days of Deals,808744.50,289,2798.42,518.52,4977.17
Furniture,Small Stores / Shops,Salesperson,Autumn Deals Drive,785350.10,282,2784.93,514.26,4985.47
Furniture,Small Stores / Shops,Salesperson,BOGO Blitz,885241.63,317,2792.56,511.15,4965.90
Furniture,Small Stores / Shops,Salesperson,Back to School Boost,795236.13,281,2830.02,519.26,4996.70
Furniture,Small Stores / Shops,Salesperson,Birthday Bash Sale,787893.68,286,2754.87,506.94,4996.86
Furniture,Small Stores / Shops,Salesperson,Black Friday Blowout,833367.13,295,2824.97,528.67,4999.47
Furniture,Small Stores / Shops,Salesperson,Cart Crasher Campaign,815169.43,305,2672.69,518.36,4980.81
Furniture,Small Stores / Shops,Salesperson,Cashback Carnival,777537.16,267,2912.12,507.43,4994.56
Furniture,Small Stores / Shops,Salesperson,Clearance Countdown,724103.24,262,2763.75,518.07,4979.50
Furniture,Small Stores / Shops,Salesperson,Countdown to Savings,815749.05,292,2793.66,539.27,4997.06
Furniture,Small Stores / Shops,Salesperson,Customer Appreciation Week,809763.33,293,2763.70,504.82,4994.15
Furniture,Small Stores / Shops,Salesperson,Cyber Monday Mania,831528.73,300,2771.76,506.92,4960.71
Furniture,Small Stores / Shops,Salesperson,Deal of the Month,762419.79,294,2593.26,523.08,4985.15
Furniture,Small Stores / Shops,Salesperson,Double Points Bonanza,837929.35,291,2879.48,535.70,4994.36
Furniture,Small Stores / Shops,Salesperson,Early Bird Specials,846769.53,295,2870.41,506.72,4990.56
Furniture,Small Stores / Shops,Salesperson,End of Season Sale,771805.79,280,2756.45,525.10,4984.43
Furniture,Small Stores / Shops,Salesperson,Exclusive Insider Offers,749198.14,275,2724.36,537.21,4981.63
Furniture,Small Stores / Shops,Salesperson,Festive Fever Promo,753821.64,261,2888.21,534.37,4992.67
Furniture,Small Stores / Shops,Salesperson,Final Call Frenzy,864002.36,308,2805.20,501.06,4997.58
Furniture,Small Stores / Shops,Salesperson,Flash Frenzy Friday,818022.79,297,2754.29,505.68,4998.41
Furniture,Small Stores / Shops,Salesperson,"Gift More, Spend Less",811462.19,292,2778.98,533.42,4998.02
Furniture,Small Stores / Shops,Salesperson,Golden Hour Bargains,718850.95,260,2764.81,514.50,4967.96
Furniture,Small Stores / Shops,Salesperson,Green Weekend Deals,777106.00,295,2634.26,503.53,4989.00
Furniture,Small Stores / Shops,Salesperson,Happy Hour Discounts,781857.69,274,2853.50,501.91,4984.81
Furniture,Small Stores / Shops,Salesperson,Holiday Shopping Rush,751673.60,266,2825.84,508.35,4997.57
Furniture,Small Stores / Shops,Salesperson,Hot Picks Promo,845467.09,302,2799.56,503.85,4995.54
Furniture,Small Stores / Shops,Salesperson,Instant Gratification Sale,732303.69,274,2672.64,503.56,4966.55
Furniture,Small Stores / Shops,Salesperson,Limited Time Treasures,771419.93,298,2588.66,500.34,4997.33
Furniture,Small Stores / Shops,Salesperson,Loyalty Rewards Blast,733324.70,267,2746.53,510.64,4969.47
Furniture,Small Stores / Shops,Salesperson,Mega Weekend Bonanza,845190.96,305,2771.12,520.43,4992.81
Furniture,Small Stores / Shops,Salesperson,Mid-Year Madness,838902.23,294,2853.41,517.19,4995.61
Furniture,Small Stores / Shops,Salesperson,Midnight Madness,784956.56,295,2660.87,501.83,4965.15
Furniture,Small Stores / Shops,Salesperson,Mystery Discount Days,784565.19,287,2733.68,588.44,4988.12
Furniture,Small Stores / Shops,Salesperson,New Arrival Showcase,764465.01,287,2663.64,503.77,4991.45
Furniture,Small Stores / Shops,Salesperson,New Product Launch Promo,743097.65,261,2847.12,518.98,4998.30
Furniture,Small Stores / Shops,Salesperson,New Year Kickoff,857420.44,301,2848.57,502.26,4995.79
Furniture,Small Stores / Shops,Salesperson,Price Drop Parade,833371.66,292,2854.01,529.47,4989.67
Furniture,Small Stores / Shops,Salesperson,Red Tag Clearance,751516.97,280,2683.99,503.77,4997.86
Furniture,Small Stores / Shops,Salesperson,Seasonal Surprise Box,864813.40,328,2636.63,504.08,4996.39
Furniture,Small Stores / Shops,Salesperson,Shop & Save Spectacular,818453.82,286,2861.73,516.37,4998.08
Furniture,Small Stores / Shops,Salesperson,Smart Shopper Week,772872.86,287,2692.94,504.73,4999.64
Furniture,Small Stores / Shops,Salesperson,Spring Refresh Event,800432.18,285,2808.53,527.10,4972.45
Furniture,Small Stores / Shops,Salesperson,Spring Splash Discounts,800800.47,292,2742.47,513.74,4985.62
Furniture,Small Stores / Shops,Salesperson,Summer Sizzle Promo,798246.85,298,2678.68,506.50,4992.32
Furniture,Small Stores / Shops,Salesperson,Super Savings Week,766310.27,282,2717.41,506.49,4984.05
Furniture,Small Stores / Shops,Salesperson,Ultimate Value Event,814855.13,292,2790.60,521.69,4982.52
Furniture,Small Stores / Shops,Salesperson,VIP Access Sale,788451.44,281,2805.88,502.41,4992.06
Furniture,Small Stores / Shops,Salesperson,Weekend Warrior Specials,795126.56,291,2732.39,501.38,4994.16
Furniture,Small Stores / Shops,Salesperson,Winter Clearance Carnival,798572.56,275,2903.90,502.61,4961.65
Furniture,Small Stores / Shops,Salesperson,Winter Wonders Sale,861158.35,299,2880.13,502.50,4977.90
Furniture,Small Stores / Shops,Senior Salesperson,12 Days of Deals,688490.64,257,2678.95,517.13,4998.57
Furniture,Small Stores / Shops,Senior Salesperson,Autumn Deals Drive,683937.77,249,2746.74,513.05,4998.96
Furniture,Small Stores / Shops,Senior Salesperson,BOGO Blitz,668893.41,245,2730.18,507.76,4994.26
Furniture,Small Stores / Shops,Senior Salesperson,Back to School Boost,698774.24,244,2863.83,505.83,4982.57
Furniture,Small Stores / Shops,Senior Salesperson,Birthday Bash Sale,710405.71,259,2742.88,515.93,4934.43
Furniture,Small Stores / Shops,Senior Salesperson,Black Friday Blowout,749179.95,263,2848.59,510.69,4989.76
Furniture,Small Stores / Shops,Senior Salesperson,Cart Crasher Campaign,629316.13,235,2677.94,501.27,4993.56
Furniture,Small Stores / Shops,Senior Salesperson,Cashback Carnival,641355.59,252,2545.06,503.76,4970.62
Furniture,Small Stores / Shops,Senior Salesperson,Clearance Countdown,668513.16,248,2695.62,510.97,4974.21
Furniture,Small Stores / Shops,Senior Salesperson,Countdown to Savings,665481.39,243,2738.61,534.00,4978.44
Furniture,Small Stores / Shops,Senior Salesperson,Customer Appreciation Week,682604.11,253,2698.04,508.99,4986.48
Furniture,Small Stores / Shops,Senior Salesperson,Cyber Monday Mania,635327.41,238,2669.44,502.75,4942.48
Furniture,Small Stores / Shops,Senior Salesperson,Deal of the Month,717867.44,251,2860.03,506.65,4969.10
Furniture,Small Stores / Shops,Senior Salesperson,Double Points Bonanza,735169.81,257,2860.58,510.18,4973.70
Furniture,Small Stores / Shops,Senior Salesperson,Early Bird Specials,629967.88,240,2624.87,508.32,4966.63
Furniture,Small Stores / Shops,Senior Salesperson,End of Season Sale,648397.61,230,2819.12,514.98,4967.42
Furniture,Small Stores / Shops,Senior Salesperson,Exclusive Insider Offers,713356.83,271,2632.31,501.18,4992.03
Furniture,Small Stores / Shops,Senior Salesperson,Festive Fever Promo,750057.89,276,2717.60,577.33,4991.65
Furniture,Small Stores / Shops,Senior Salesperson,Final Call Frenzy,698623.45,262,2666.50,540.59,4982.02
Furniture,Small Stores / Shops,Senior Salesperson,Flash Frenzy Friday,744925.69,273,2728.67,505.21,4999.30
Furniture,Small Stores / Shops,Senior Salesperson,"Gift More, Spend Less",685735.08,253,2710.42,508.69,4980.37
Furniture,Small Stores / Shops,Senior Salesperson,Golden Hour Bargains,718514.42,252,2851.25,511.16,4931.11
Furniture,Small Stores / Shops,Senior Salesperson,Green Weekend Deals,793084.11,283,2802.42,523.33,4985.54
Furniture,Small Stores / Shops,Senior Salesperson,Happy Hour Discounts,709862.90,264,2688.87,531.69,4984.82
Furniture,Small Stores / Shops,Senior Salesperson,Holiday Shopping Rush,725909.27,275,2639.67,511.35,4989.06
Furniture,Small Stores / Shops,Senior Salesperson,Hot Picks Promo,765420.01,260,2943.92,538.12,4997.56
Furniture,Small Stores / Shops,Senior Salesperson,Instant Gratification Sale,741873.48,275,2697.72,528.04,4992.28
Furniture,Small Stores / Shops,Senior Salesperson,Limited Time Treasures,688453.67,249,2764.87,516.63,4995.00
Furniture,Small Stores / Shops,Senior Salesperson,Loyalty Rewards Blast,631941.55,234,2700.60,505.62,4976.53
Furniture,Small Stores / Shops,Senior Salesperson,Mega Weekend Bonanza,658234.25,241,2731.26,507.54,4961.29
Furniture,Small Stores / Shops,Senior Salesperson,Mid-Year Madness,739169.14,285,2593.58,507.51,4946.58
Furniture,Small Stores / Shops,Senior Salesperson,Midnight Madness,718492.69,258,2784.86,532.82,4998.12
Furniture,Small Stores / Shops,Senior Salesperson,Mystery Discount Days,647519.61,232,2791.03,502.33,4995.72
Furniture,Small Stores / Shops,Senior Salesperson,New Arrival Showcase,722903.01,263,2748.68,511.07,4998.89
Furniture,Small Stores / Shops,Senior Salesperson,New Product Launch Promo,712716.07,257,2773.21,507.73,4999.40
Furniture,Small Stores / Shops,Senior Salesperson,New Year Kickoff,696644.95,272,2561.19,507.32,4977.44
Furniture,Small Stores / Shops,Senior Salesperson,Price Drop Parade,697655.58,257,2714.61,500.06,4959.88
Furniture,Small Stores / Shops,Senior Salesperson,Red Tag Clearance,671548.85,254,2643.89,501.29,4993.99
Furniture,Small Stores / Shops,Senior Salesperson,Seasonal Surprise Box,650435.77,240,2710.15,503.81,4988.55
Furniture,Small Stores / Shops,Senior Salesperson,Shop & Save Spectacular,718760.12,262,2743.36,523.23,4986.53
Furniture,Small Stores / Shops,Senior Salesperson,Smart Shopper Week,679412.53,246,2761.84,503.09,4884.91
Furniture,Small Stores / Shops,Senior Salesperson,Spring Refresh Event,769095.11,274,2806.92,522.58,4970.20
Furniture,Small Stores / Shops,Senior Salesperson,Spring Splash Discounts,670777.93,246,2726.74,507.14,4981.71
Furniture,Small Stores / Shops,Senior Salesperson,Summer Sizzle Promo,643800.15,231,2787.01,507.30,4998.66
Furniture,Small Stores / Shops,Senior Salesperson,Super Savings Week,748316.38,263,2845.31,545.74,4982.89
Furniture,Small Stores / Shops,Senior Salesperson,Ultimate Value Event,620102.37,222,2793.25,502.47,4983.35
Furniture,Small Stores / Shops,Senior Salesperson,VIP Access Sale,709467.27,255,2782.22,524.32,4979.71
Furniture,Small Stores / Shops,Senior Salesperson,Weekend Warrior Specials,647667.04,248,2611.56,521.83,4980.03
Furniture,Small Stores / Shops,Senior Salesperson,Winter Clearance Carnival,713180.34,261,2732.49,531.86,4956.48
Furniture,Small Stores / Shops,Senior Salesperson,Winter Wonders Sale,725773.18,268,2708.11,506.14,4967.99
Furniture,Supermarkets ,Manager,12 Days of Deals,760733.28,280,2716.90,527.66,4994.90
Furniture,Supermarkets ,Manager,Autumn Deals Drive,768026.00,295,2603.48,513.29,4996.10
Furniture,Supermarkets ,Manager,BOGO Blitz,762498.16,288,2647.56,539.04,4974.58
Furniture,Supermarkets ,Manager,Back to School Boost,939526.13,350,2684.36,513.26,4988.37
Furniture,Supermarkets ,Manager,Birthday Bash Sale,738573.76,257,2873.83,504.51,4999.90
Furniture,Supermarkets ,Manager,Black Friday Blowout,838552.59,302,2776.66,509.40,4951.89
Furniture,Supermarkets ,Manager,Cart Crasher Campaign,746139.28,284,2627.25,503.66,4956.43
Furniture,Supermarkets ,Manager,Cashback Carnival,828894.90,299,2772.22,553.93,4985.74
Furniture,Supermarkets ,Manager,Clearance Countdown,788990.00,289,2730.07,513.61,4993.94
Furniture,Supermarkets ,Manager,Countdown to Savings,930148.19,326,2853.22,502.09,4984.66
Furniture,Supermarkets ,Manager,Customer Appreciation Week,840867.09,310,2712.47,504.04,4993.47
Furniture,Supermarkets ,Manager,Cyber Monday Mania,766269.73,284,2698.13,510.59,4965.60
Furniture,Supermarkets ,Manager,Deal of the Month,774041.20,289,2678.34,515.03,4984.70
Furniture,Supermarkets ,Manager,Double Points Bonanza,919243.08,333,2760.49,522.80,4993.12
Furniture,Supermarkets ,Manager,Early Bird Specials,779897.32,299,2608.35,500.89,4996.61
Furniture,Supermarkets ,Manager,End of Season Sale,868373.04,310,2801.20,501.93,4955.76
Furniture,Supermarkets ,Manager,Exclusive Insider Offers,789605.71,280,2820.02,556.79,4974.56
Furniture,Supermarkets ,Manager,Festive Fever Promo,747905.30,279,2680.66,508.28,4987.38
Furniture,Supermarkets ,Manager,Final Call Frenzy,810715.46,292,2776.42,502.39,4994.28
Furniture,Supermarkets ,Manager,Flash Frenzy Friday,753720.05,274,2750.80,508.18,4986.36
Furniture,Supermarkets ,Manager,"Gift More, Spend Less",713835.22,268,2663.56,560.36,4982.38
Furniture,Supermarkets ,Manager,Golden Hour Bargains,755007.12,285,2649.15,521.89,4925.03
Furniture,Supermarkets ,Manager,Green Weekend Deals,831455.84,307,2708.33,541.08,4996.26
Furniture,Supermarkets ,Manager,Happy Hour Discounts,668230.06,261,2560.27,501.84,4985.13
Furniture,Supermarkets ,Manager,Holiday Shopping Rush,721907.54,257,2808.98,510.90,4982.07
Furniture,Supermarkets ,Manager,Hot Picks Promo,774392.07,275,2815.97,515.79,4992.50
Furniture,Supermarkets ,Manager,Instant Gratification Sale,765095.34,279,2742.28,519.80,4992.46
Furniture,Supermarkets ,Manager,Limited Time Treasures,797980.00,292,2732.81,512.09,4960.15
Furniture,Supermarkets ,Manager,Loyalty Rewards Blast,780185.05,290,2690.29,503.05,4984.77
Furniture,Supermarkets ,Manager,Mega Weekend Bonanza,847259.64,315,2689.71,503.48,4987.63
Furniture,Supermarkets ,Manager,Mid-Year Madness,866346.07,319,2715.82,524.03,4966.40
Furniture,Supermarkets ,Manager,Midnight Madness,836985.02,298,2808.67,510.82,4995.95
Furniture,Supermarkets ,Manager,Mystery Discount Days,794409.99,289,2748.82,516.22,4995.76
Furniture,Supermarkets ,Manager,New Arrival Showcase,809625.56,310,2611.70,516.79,4997.96
Furniture,Supermarkets ,Manager,New Product Launch Promo,847115.48,311,2723.84,506.40,4978.75
Furniture,Supermarkets ,Manager,New Year Kickoff,756292.41,277,2730.30,505.38,4990.45
Furniture,Supermarkets ,Manager,Price Drop Parade,832998.58,304,2740.13,516.60,4978.43
Furniture,Supermarkets ,Manager,Red Tag Clearance,797074.48,288,2767.62,510.52,4992.46
Furniture,Supermarkets ,Manager,Seasonal Surprise Box,738452.36,278,2656.30,508.28,4994.59
Furniture,Supermarkets ,Manager,Shop & Save Spectacular,916206.60,332,2759.66,504.91,4985.02
Furniture,Supermarkets ,Manager,Smart Shopper Week,797696.80,277,2879.77,547.01,4992.28
Furniture,Supermarkets ,Manager,Spring Refresh Event,853539.49,316,2701.07,511.76,4994.60
Furniture,Supermarkets ,Manager,Spring Splash Discounts,696535.06,253,2753.10,545.25,4976.83
Furniture,Supermarkets ,Manager,Summer Sizzle Promo,848616.94,293,2896.30,577.58,4981.93
Furniture,Supermarkets ,Manager,Super Savings Week,850648.89,299,2844.98,504.79,4988.24
Furniture,Supermarkets ,Manager,Ultimate Value Event,838219.63,302,2775.56,503.99,4966.90
Furniture,Supermarkets ,Manager,VIP Access Sale,812434.41,298,2726.29,511.16,4985.67
Furniture,Supermarkets ,Manager,Weekend Warrior Specials,761057.59,269,2829.21,501.67,4990.85
Furniture,Supermarkets ,Manager,Winter Clearance Carnival,807224.69,310,2603.95,525.87,4987.68
Furniture,Supermarkets ,Manager,Winter Wonders Sale,878595.61,321,2737.06,522.10,4990.65
Furniture,Supermarkets ,Sales Associate,12 Days of Deals,759275.56,285,2664.12,531.08,4986.30
Furniture,Supermarkets ,Sales Associate,Autumn Deals Drive,841986.21,318,2647.76,507.41,4996.09
Furniture,Supermarkets ,Sales Associate,BOGO Blitz,770895.81,301,2561.12,526.54,4984.74
Furniture,Supermarkets ,Sales Associate,Back to School Boost,919428.46,333,2761.05,519.59,4984.57
Furniture,Supermarkets ,Sales Associate,Birthday Bash Sale,896539.60,317,2828.20,522.72,4999.68
Furniture,Supermarkets ,Sales Associate,Black Friday Blowout,886194.25,317,2795.57,506.02,4989.06
Furniture,Supermarkets ,Sales Associate,Cart Crasher Campaign,868271.28,313,2774.03,514.16,4998.49
Furniture,Supermarkets ,Sales Associate,Cashback Carnival,903892.85,328,2755.77,510.52,4994.29
Furniture,Supermarkets ,Sales Associate,Clearance Countdown,867630.78,317,2737.01,507.62,4949.50
Furniture,Supermarkets ,Sales Associate,Countdown to Savings,787650.37,282,2793.09,510.93,4996.95
Furniture,Supermarkets ,Sales Associate,Customer Appreciation Week,841325.86,310,2713.95,521.69,4997.65
Furniture,Supermarkets ,Sales Associate,Cyber Monday Mania,743529.65,266,2795.22,515.55,4993.83
Furniture,Supermarkets ,Sales Associate,Deal of the Month,872102.33,309,2822.34,554.59,4978.58
Furniture,Supermarkets ,Sales Associate,Double Points Bonanza,902751.09,317,2847.80,540.94,4999.14
Furniture,Supermarkets ,Sales Associate,Early Bird Specials,796378.39,287,2774.84,501.84,4997.79
Furniture,Supermarkets ,Sales Associate,End of Season Sale,906992.76,336,2699.38,520.33,4983.46
Furniture,Supermarkets ,Sales Associate,Exclusive Insider Offers,794194.04,293,2710.56,510.64,4998.36
Furniture,Supermarkets ,Sales Associate,Festive Fever Promo,849461.49,310,2740.20,502.37,4982.97
Furniture,Supermarkets ,Sales Associate,Final Call Frenzy,790900.74,286,2765.39,507.44,4996.83
Furniture,Supermarkets ,Sales Associate,Flash Frenzy Friday,868022.72,308,2818.26,515.80,4990.19
Furniture,Supermarkets ,Sales Associate,"Gift More, Spend Less",839097.82,309,2715.53,507.96,4997.79
Furniture,Supermarkets ,Sales Associate,Golden Hour Bargains,765077.68,282,2713.04,506.16,4996.13
Furniture,Supermarkets ,Sales Associate,Green Weekend Deals,779404.95,279,2793.57,505.86,4952.44
Furniture,Supermarkets ,Sales Associate,Happy Hour Discounts,843601.59,307,2747.89,501.89,4986.41
Furniture,Supermarkets ,Sales Associate,Holiday Shopping Rush,808732.80,296,2732.21,503.97,4993.06
Furniture,Supermarkets ,Sales Associate,Hot Picks Promo,831114.40,306,2716.06,535.38,4985.01
Furniture,Supermarkets ,Sales Associate,Instant Gratification Sale,873219.68,311,2807.78,507.45,4934.11
Furniture,Supermarkets ,Sales Associate,Limited Time Treasures,849918.81,310,2741.67,503.76,4999.59
Furniture,Supermarkets ,Sales Associate,Loyalty Rewards Blast,804016.23,297,2707.13,520.32,4999.26
Furniture,Supermarkets ,Sales Associate,Mega Weekend Bonanza,832674.00,302,2757.20,502.08,4984.22
Furniture,Supermarkets ,Sales Associate,Mid-Year Madness,855146.96,305,2803.76,513.37,4984.30
Furniture,Supermarkets ,Sales Associate,Midnight Madness,815134.79,292,2791.56,503.86,4991.70
Furniture,Supermarkets ,Sales Associate,Mystery Discount Days,864838.27,295,2931.66,518.40,4990.95
Furniture,Supermarkets ,Sales Associate,New Arrival Showcase,798814.78,286,2793.06,518.18,4995.34
Furniture,Supermarkets ,Sales Associate,New Product Launch Promo,792243.48,298,2658.54,501.50,4999.22
Furniture,Supermarkets ,Sales Associate,New Year Kickoff,847436.27,300,2824.79,510.88,4977.13
Furniture,Supermarkets ,Sales Associate,Price Drop Parade,839491.06,308,2725.62,516.13,4979.58
Furniture,Supermarkets ,Sales Associate,Red Tag Clearance,830472.38,303,2740.83,504.90,4946.19
Furniture,Supermarkets ,Sales Associate,Seasonal Surprise Box,880280.20,328,2683.78,502.27,4981.28
Furniture,Supermarkets ,Sales Associate,Shop & Save Spectacular,803902.43,303,2653.14,522.23,4997.78
Furniture,Supermarkets ,Sales Associate,Smart Shopper Week,780343.43,284,2747.69,502.89,4978.52
Furniture,Supermarkets ,Sales Associate,Spring Refresh Event,909057.69,320,2840.81,519.15,4999.58
Furniture,Supermarkets ,Sales Associate,Spring Splash Discounts,912010.29,318,2867.96,522.23,4992.41
Furniture,Supermarkets ,Sales Associate,Summer Sizzle Promo,789701.72,300,2632.34,537.57,4975.46
Furniture,Supermarkets ,Sales Associate,Super Savings Week,864303.14,305,2833.78,509.93,4997.19
Furniture,Supermarkets ,Sales Associate,Ultimate Value Event,845008.88,319,2648.93,503.68,4998.80
Furniture,Supermarkets ,Sales Associate,VIP Access Sale,854052.30,304,2809.38,506.30,4994.17
Furniture,Supermarkets ,Sales Associate,Weekend Warrior Specials,856301.88,306,2798.37,503.19,4996.77
Furniture,Supermarkets ,Sales Associate,Winter Clearance Carnival,864090.52,317,2725.84,529.14,4998.82
Furniture,Supermarkets ,Sales Associate,Winter Wonders Sale,835749.00,312,2678.68,543.64,4995.12
Furniture,Supermarkets ,Salesperson,12 Days of Deals,863321.09,310,2784.91,502.40,4993.26
Furniture,Supermarkets ,Salesperson,Autumn Deals Drive,879252.11,319,2756.28,518.79,4991.47
Furniture,Supermarkets ,Salesperson,BOGO Blitz,788767.01,292,2701.26,517.14,4986.49
Furniture,Supermarkets ,Salesperson,Back to School Boost,813415.76,300,2711.39,506.98,4988.70
Furniture,Supermarkets ,Salesperson,Birthday Bash Sale,792692.45,297,2669.00,501.52,4998.56
Furniture,Supermarkets ,Salesperson,Black Friday Blowout,859444.71,305,2817.85,512.10,4995.43
Furniture,Supermarkets ,Salesperson,Cart Crasher Campaign,882436.34,324,2723.57,510.87,4982.54
Furniture,Supermarkets ,Salesperson,Cashback Carnival,801827.17,296,2708.88,503.47,4999.22
Furniture,Supermarkets ,Salesperson,Clearance Countdown,809615.74,288,2811.17,503.67,4995.77
Furniture,Supermarkets ,Salesperson,Countdown to Savings,838600.29,307,2731.60,516.03,4933.35
Furniture,Supermarkets ,Salesperson,Customer Appreciation Week,837509.34,313,2675.75,505.74,4996.24
Furniture,Supermarkets ,Salesperson,Cyber Monday Mania,749803.45,275,2726.56,530.68,4989.74
Furniture,Supermarkets ,Salesperson,Deal of the Month,843389.80,307,2747.20,513.84,4999.17
Furniture,Supermarkets ,Salesperson,Double Points Bonanza,783383.19,288,2720.08,525.74,4997.23
Furniture,Supermarkets ,Salesperson,Early Bird Specials,746748.82,282,2648.05,510.66,4950.82
Furniture,Supermarkets ,Salesperson,End of Season Sale,721352.43,266,2711.85,500.31,4998.80
Furniture,Supermarkets ,Salesperson,Exclusive Insider Offers,815483.67,296,2755.01,501.83,4996.56
Furniture,Supermarkets ,Salesperson,Festive Fever Promo,838871.86,322,2605.19,525.44,4998.62
Furniture,Supermarkets ,Salesperson,Final Call Frenzy,773728.82,276,2803.37,520.68,4990.60
Furniture,Supermarkets ,Salesperson,Flash Frenzy Friday,803875.75,300,2679.59,515.92,4984.50
Furniture,Supermarkets ,Salesperson,"Gift More, Spend Less",747733.87,287,2605.34,500.71,4982.73
Furniture,Supermarkets ,Salesperson,Golden Hour Bargains,712782.02,269,2649.75,506.98,4994.22
Furniture,Supermarkets ,Salesperson,Green Weekend Deals,926724.03,331,2799.77,580.52,4997.02
Furniture,Supermarkets ,Salesperson,Happy Hour Discounts,871773.48,325,2682.38,513.87,4986.70
Furniture,Supermarkets ,Salesperson,Holiday Shopping Rush,822428.21,295,2787.89,528.21,4995.74
Furniture,Supermarkets ,Salesperson,Hot Picks Promo,845553.30,309,2736.42,507.08,4987.89
Furniture,Supermarkets ,Salesperson,Instant Gratification Sale,835580.65,306,2730.66,503.70,4980.77
Furniture,Supermarkets ,Salesperson,Limited Time Treasures,829974.19,309,2686.00,509.42,4992.00
Furniture,Supermarkets ,Salesperson,Loyalty Rewards Blast,870114.60,326,2669.06,519.34,4974.67
Furniture,Supermarkets ,Salesperson,Mega Weekend Bonanza,814439.66,293,2779.66,532.87,4963.28
Furniture,Supermarkets ,Salesperson,Mid-Year Madness,768591.18,283,2715.87,512.10,4989.43
Furniture,Supermarkets ,Salesperson,Midnight Madness,898245.87,318,2824.67,504.51,4987.88
Furniture,Supermarkets ,Salesperson,Mystery Discount Days,844193.86,310,2723.21,503.79,4994.22
Furniture,Supermarkets ,Salesperson,New Arrival Showcase,850673.93,313,2717.81,508.31,4993.66
Furniture,Supermarkets ,Salesperson,New Product Launch Promo,829030.55,298,2781.98,515.14,4996.63
Furniture,Supermarkets ,Salesperson,New Year Kickoff,882589.31,319,2766.74,516.44,4997.66
Furniture,Supermarkets ,Salesperson,Price Drop Parade,725229.98,254,2855.24,521.05,4947.03
Furniture,Supermarkets ,Salesperson,Red Tag Clearance,813501.58,300,2711.67,518.85,4993.73
Furniture,Supermarkets ,Salesperson,Seasonal Surprise Box,877456.07,312,2812.36,534.34,4976.82
Furniture,Supermarkets ,Salesperson,Shop & Save Spectacular,816114.59,302,2702.37,550.58,4974.70
Furniture,Supermarkets ,Salesperson,Smart Shopper Week,868684.02,312,2784.24,533.87,4998.03
Furniture,Supermarkets ,Salesperson,Spring Refresh Event,790783.33,295,2680.62,505.59,4981.96
Furniture,Supermarkets ,Salesperson,Spring Splash Discounts,834484.74,301,2772.37,502.65,4992.95
Furniture,Supermarkets ,Salesperson,Summer Sizzle Promo,905534.76,326,2777.71,530.16,4976.57
Furniture,Supermarkets ,Salesperson,Super Savings Week,810466.90,293,2766.10,521.85,4989.09
Furniture,Supermarkets ,Salesperson,Ultimate Value Event,855145.35,302,2831.61,527.90,4996.74
Furniture,Supermarkets ,Salesperson,VIP Access Sale,868335.36,318,2730.61,500.23,4984.11
Furniture,Supermarkets ,Salesperson,Weekend Warrior Specials,906441.26,315,2877.59,523.58,4997.30
Furniture,Supermarkets ,Salesperson,Winter Clearance Carnival,850836.72,302,2817.34,505.98,4981.20
Furniture,Supermarkets ,Salesperson,Winter Wonders Sale,900880.91,321,2806.48,544.92,4963.25
Furniture,Supermarkets ,Senior Salesperson,12 Days of Deals,680612.37,247,2755.52,529.69,4998.58
Furniture,Supermarkets ,Senior Salesperson,Autumn Deals Drive,708243.40,260,2724.01,521.97,4995.92
Furniture,Supermarkets ,Senior Salesperson,BOGO Blitz,703338.39,255,2758.19,503.27,4975.66
Furniture,Supermarkets ,Senior Salesperson,Back to School Boost,705448.48,263,2682.31,522.83,4984.77
Furniture,Supermarkets ,Senior Salesperson,Birthday Bash Sale,680327.12,245,2776.85,505.39,4969.68
Furniture,Supermarkets ,Senior Salesperson,Black Friday Blowout,736375.81,258,2854.17,504.85,4978.12
Furniture,Supermarkets ,Senior Salesperson,Cart Crasher Campaign,724210.96,266,2722.60,501.43,4982.44
Furniture,Supermarkets ,Senior Salesperson,Cashback Carnival,681994.31,249,2738.93,513.30,4986.79
Furniture,Supermarkets ,Senior Salesperson,Clearance Countdown,779951.99,275,2836.19,542.56,4992.50
Furniture,Supermarkets ,Senior Salesperson,Countdown to Savings,663206.98,248,2674.22,519.55,4982.59
Furniture,Supermarkets ,Senior Salesperson,Customer Appreciation Week,646332.10,240,2693.05,514.26,4996.70
Furniture,Supermarkets ,Senior Salesperson,Cyber Monday Mania,687842.50,253,2718.75,526.02,4988.15
Furniture,Supermarkets ,Senior Salesperson,Deal of the Month,694834.75,264,2631.95,503.22,4971.92
Furniture,Supermarkets ,Senior Salesperson,Double Points Bonanza,737339.76,267,2761.57,524.63,4980.78
Furniture,Supermarkets ,Senior Salesperson,Early Bird Specials,678396.94,240,2826.65,552.89,4985.13
Furniture,Supermarkets ,Senior Salesperson,End of Season Sale,774240.13,276,2805.22,525.90,4989.62
Furniture,Supermarkets ,Senior Salesperson,Exclusive Insider Offers,685815.97,255,2689.47,511.93,4993.53
Furniture,Supermarkets ,Senior Salesperson,Festive Fever Promo,737056.81,270,2729.84,524.62,4992.90
Furniture,Supermarkets ,Senior Salesperson,Final Call Frenzy,720370.93,257,2803.00,527.90,4998.23
Furniture,Supermarkets ,Senior Salesperson,Flash Frenzy Friday,736564.93,273,2698.04,513.94,4995.77
Furniture,Supermarkets ,Senior Salesperson,"Gift More, Spend Less",713197.85,263,2711.78,501.75,4967.96
Furniture,Supermarkets ,Senior Salesperson,Golden Hour Bargains,815029.84,291,2800.79,513.37,4977.23
Furniture,Supermarkets ,Senior Salesperson,Green Weekend Deals,708806.68,261,2715.73,515.31,4996.89
Furniture,Supermarkets ,Senior Salesperson,Happy Hour Discounts,761563.75,263,2895.68,511.00,4987.78
Furniture,Supermarkets ,Senior Salesperson,Holiday Shopping Rush,732476.14,257,2850.10,524.03,4996.87
Furniture,Supermarkets ,Senior Salesperson,Hot Picks Promo,715762.58,250,2863.05,516.46,4997.23
Furniture,Supermarkets ,Senior Salesperson,Instant Gratification Sale,736269.62,254,2898.70,531.98,4976.43
Furniture,Supermarkets ,Senior Salesperson,Limited Time Treasures,734059.39,273,2688.86,502.15,4968.48
Furniture,Supermarkets ,Senior Salesperson,Loyalty Rewards Blast,654104.81,253,2585.39,500.58,4997.60
Furniture,Supermarkets ,Senior Salesperson,Mega Weekend Bonanza,650700.01,245,2655.92,504.49,4956.85
Furniture,Supermarkets ,Senior Salesperson,Mid-Year Madness,778665.58,277,2811.07,509.88,4987.96
Furniture,Supermarkets ,Senior Salesperson,Midnight Madness,757160.20,269,2814.72,523.76,4992.67
Furniture,Supermarkets ,Senior Salesperson,Mystery Discount Days,759253.47,283,2682.87,508.84,4981.26
Furniture,Supermarkets ,Senior Salesperson,New Arrival Showcase,696683.07,261,2669.28,519.21,4966.99
Furniture,Supermarkets ,Senior Salesperson,New Product Launch Promo,740778.67,283,2617.59,516.68,4955.62
Furniture,Supermarkets ,Senior Salesperson,New Year Kickoff,713776.36,266,2683.37,552.92,4994.30
Furniture,Supermarkets ,Senior Salesperson,Price Drop Parade,748104.07,276,2710.52,512.25,4990.23
Furniture,Supermarkets ,Senior Salesperson,Red Tag Clearance,737719.46,267,2762.99,503.92,4951.81
Furniture,Supermarkets ,Senior Salesperson,Seasonal Surprise Box,848630.10,287,2956.90,506.79,4998.54
Furniture,Supermarkets ,Senior Salesperson,Shop & Save Spectacular,616659.99,228,2704.65,516.22,4993.27
Furniture,Supermarkets ,Senior Salesperson,Smart Shopper Week,763596.81,277,2756.67,592.49,4988.34
Furniture,Supermarkets ,Senior Salesperson,Spring Refresh Event,736129.83,274,2686.61,532.31,4998.45
Furniture,Supermarkets ,Senior Salesperson,Spring Splash Discounts,720986.66,259,2783.73,538.76,4998.36
Furniture,Supermarkets ,Senior Salesperson,Summer Sizzle Promo,680591.47,255,2668.99,517.05,4988.62
Furniture,Supermarkets ,Senior Salesperson,Super Savings Week,761754.69,268,2842.37,608.68,4971.35
Furniture,Supermarkets ,Senior Salesperson,Ultimate Value Event,662938.44,232,2857.49,506.81,4985.80
Furniture,Supermarkets ,Senior Salesperson,VIP Access Sale,646486.54,249,2596.33,506.42,4995.75
Furniture,Supermarkets ,Senior Salesperson,Weekend Warrior Specials,732970.83,269,2724.80,501.39,4999.39
Furniture,Supermarkets ,Senior Salesperson,Winter Clearance Carnival,704027.27,270,2607.51,511.03,4924.10
Furniture,Supermarkets ,Senior Salesperson,Winter Wonders Sale,672585.68,240,2802.44,547.25,4991.52
Groceries,Large Malls / Complexes,Manager,12 Days of Deals,692772.27,247,2804.75,549.22,4998.87
Groceries,Large Malls / Complexes,Manager,Autumn Deals Drive,767939.90,290,2648.07,534.21,4999.13
Groceries,Large Malls / Complexes,Manager,BOGO Blitz,725058.98,269,2695.39,507.54,4995.36
Groceries,Large Malls / Complexes,Manager,Back to School Boost,776223.31,277,2802.25,509.58,4943.14
Groceries,Large Malls / Complexes,Manager,Birthday Bash Sale,702916.55,267,2632.65,506.34,4991.73
Groceries,Large Malls / Complexes,Manager,Black Friday Blowout,583651.78,231,2526.63,535.53,4997.76
Groceries,Large Malls / Complexes,Manager,Cart Crasher Campaign,688072.54,259,2656.65,506.39,4976.29
Groceries,Large Malls / Complexes,Manager,Cashback Carnival,715199.30,260,2750.77,544.18,4979.90
Groceries,Large Malls / Complexes,Manager,Clearance Countdown,701785.40,260,2699.17,512.75,4998.17
Groceries,Large Malls / Complexes,Manager,Countdown to Savings,761287.19,272,2798.85,525.18,4993.99
Groceries,Large Malls / Complexes,Manager,Customer Appreciation Week,775838.37,287,2703.27,504.57,4997.51
Groceries,Large Malls / Complexes,Manager,Cyber Monday Mania,784682.48,286,2743.65,506.32,4980.50
Groceries,Large Malls / Complexes,Manager,Deal of the Month,724643.47,267,2714.02,508.61,4993.79
Groceries,Large Malls / Complexes,Manager,Double Points Bonanza,717703.77,256,2803.53,502.21,4995.23
Groceries,Large Malls / Complexes,Manager,Early Bird Specials,719310.91,259,2777.26,501.54,4998.19
Groceries,Large Malls / Complexes,Manager,End of Season Sale,740146.01,273,2711.16,507.19,4995.76
Groceries,Large Malls / Complexes,Manager,Exclusive Insider Offers,660585.68,248,2663.65,512.59,4998.78
Groceries,Large Malls / Complexes,Manager,Festive Fever Promo,824412.40,287,2872.52,505.30,4986.26
Groceries,Large Malls / Complexes,Manager,Final Call Frenzy,798718.97,281,2842.42,535.19,4981.71
Groceries,Large Malls / Complexes,Manager,Flash Frenzy Friday,659312.22,247,2669.28,517.12,4978.20
Groceries,Large Malls / Complexes,Manager,"Gift More, Spend Less",667317.61,258,2586.50,534.77,4961.43
Groceries,Large Malls / Complexes,Manager,Golden Hour Bargains,664890.14,248,2681.01,548.28,4999.21
Groceries,Large Malls / Complexes,Manager,Green Weekend Deals,727888.17,261,2788.84,523.59,4990.34
Groceries,Large Malls / Complexes,Manager,Happy Hour Discounts,748016.77,275,2720.06,520.23,4998.94
Groceries,Large Malls / Complexes,Manager,Holiday Shopping Rush,739198.52,270,2737.77,534.66,4977.30
Groceries,Large Malls / Complexes,Manager,Hot Picks Promo,672118.90,259,2595.05,554.41,4993.32
Groceries,Large Malls / Complexes,Manager,Instant Gratification Sale,676321.24,246,2749.27,507.03,4988.21
Groceries,Large Malls / Complexes,Manager,Limited Time Treasures,725711.67,251,2891.28,524.34,4930.42
Groceries,Large Malls / Complexes,Manager,Loyalty Rewards Blast,695993.58,251,2772.88,501.89,4986.34
Groceries,Large Malls / Complexes,Manager,Mega Weekend Bonanza,713338.34,254,2808.42,517.93,4979.01
Groceries,Large Malls / Complexes,Manager,Mid-Year Madness,655755.76,242,2709.73,502.46,4956.50
Groceries,Large Malls / Complexes,Manager,Midnight Madness,674645.01,250,2698.58,508.69,4956.15
Groceries,Large Malls / Complexes,Manager,Mystery Discount Days,603443.11,228,2646.68,502.96,4930.17
Groceries,Large Malls / Complexes,Manager,New Arrival Showcase,692136.36,247,2802.17,551.13,4997.81
Groceries,Large Malls / Complexes,Manager,New Product Launch Promo,722157.25,260,2777.53,518.35,4991.85
Groceries,Large Malls / Complexes,Manager,New Year Kickoff,570478.74,215,2653.39,592.82,4971.84
Groceries,Large Malls / Complexes,Manager,Price Drop Parade,676828.06,251,2696.53,504.57,4989.23
Groceries,Large Malls / Complexes,Manager,Red Tag Clearance,706505.88,250,2826.02,517.10,4977.83
Groceries,Large Malls / Complexes,Manager,Seasonal Surprise Box,757413.66,268,2826.17,509.39,4970.45
Groceries,Large Malls / Complexes,Manager,Shop & Save Spectacular,670866.58,242,2772.18,523.57,4990.45
Groceries,Large Malls / Complexes,Manager,Smart Shopper Week,750321.35,260,2885.85,539.28,4999.40
Groceries,Large Malls / Complexes,Manager,Spring Refresh Event,818072.89,302,2708.85,513.24,4970.95
Groceries,Large Malls / Complexes,Manager,Spring Splash Discounts,787510.18,279,2822.62,538.24,4971.19
Groceries,Large Malls / Complexes,Manager,Summer Sizzle Promo,669935.31,259,2586.62,507.24,4958.77
Groceries,Large Malls / Complexes,Manager,Super Savings Week,654465.55,246,2660.43,502.79,4993.57
Groceries,Large Malls / Complexes,Manager,Ultimate Value Event,676350.96,257,2631.72,500.47,4997.75
Groceries,Large Malls / Complexes,Manager,VIP Access Sale,702268.75,271,2591.40,508.66,4975.49
Groceries,Large Malls / Complexes,Manager,Weekend Warrior Specials,733327.05,265,2767.27,522.36,4986.11
Groceries,Large Malls / Complexes,Manager,Winter Clearance Carnival,636204.99,236,2695.78,513.93,4985.64
Groceries,Large Malls / Complexes,Manager,Winter Wonders Sale,685137.82,244,2807.94,505.12,4961.39
Groceries,Large Malls / Complexes,Sales Associate,12 Days of Deals,817429.93,292,2799.42,518.82,4997.68
Groceries,Large Malls / Complexes,Sales Associate,Autumn Deals Drive,763342.96,290,2632.22,510.46,4989.58
Groceries,Large Malls / Complexes,Sales Associate,BOGO Blitz,746451.34,263,2838.22,527.21,4981.68
Groceries,Large Malls / Complexes,Sales Associate,Back to School Boost,780563.55,277,2817.92,534.39,4999.06
Groceries,Large Malls / Complexes,Sales Associate,Birthday Bash Sale,756566.79,285,2654.62,503.77,4935.65
Groceries,Large Malls / Complexes,Sales Associate,Black Friday Blowout,720223.34,272,2647.88,510.98,4999.51
Groceries,Large Malls / Complexes,Sales Associate,Cart Crasher Campaign,763600.12,281,2717.44,504.65,4972.72
Groceries,Large Malls / Complexes,Sales Associate,Cashback Carnival,795307.22,294,2705.13,510.20,4995.37
Groceries,Large Malls / Complexes,Sales Associate,Clearance Countdown,743939.74,270,2755.33,529.04,4976.87
Groceries,Large Malls / Complexes,Sales Associate,Countdown to Savings,729764.46,257,2839.55,508.61,4982.91
Groceries,Large Malls / Complexes,Sales Associate,Customer Appreciation Week,722360.72,255,2832.79,502.48,4993.03
Groceries,Large Malls / Complexes,Sales Associate,Cyber Monday Mania,684913.52,252,2717.91,505.34,4998.93
Groceries,Large Malls / Complexes,Sales Associate,Deal of the Month,832911.11,300,2776.37,507.49,4972.57
Groceries,Large Malls / Complexes,Sales Associate,Double Points Bonanza,713232.39,263,2711.91,512.01,4966.22
Groceries,Large Malls / Complexes,Sales Associate,Early Bird Specials,789774.85,290,2723.36,529.23,4973.79
Groceries,Large Malls / Complexes,Sales Associate,End of Season Sale,710544.93,257,2764.77,522.30,4987.09
Groceries,Large Malls / Complexes,Sales Associate,Exclusive Insider Offers,765953.85,274,2795.45,501.31,4999.92
Groceries,Large Malls / Complexes,Sales Associate,Festive Fever Promo,768838.93,283,2716.75,521.20,4996.81
Groceries,Large Malls / Complexes,Sales Associate,Final Call Frenzy,825341.71,289,2855.85,503.08,4972.06
Groceries,Large Malls / Complexes,Sales Associate,Flash Frenzy Friday,694042.67,250,2776.17,519.46,4991.58
Groceries,Large Malls / Complexes,Sales Associate,"Gift More, Spend Less",686704.91,257,2672.00,511.37,4994.67
Groceries,Large Malls / Complexes,Sales Associate,Golden Hour Bargains,775363.63,292,2655.35,518.50,4983.24
Groceries,Large Malls / Complexes,Sales Associate,Green Weekend Deals,795288.13,300,2650.96,503.85,4932.28
Groceries,Large Malls / Complexes,Sales Associate,Happy Hour Discounts,816418.02,302,2703.37,521.08,4993.28
Groceries,Large Malls / Complexes,Sales Associate,Holiday Shopping Rush,764151.71,267,2861.99,513.31,4998.03
Groceries,Large Malls / Complexes,Sales Associate,Hot Picks Promo,686999.74,265,2592.45,531.06,4979.15
Groceries,Large Malls / Complexes,Sales Associate,Instant Gratification Sale,760475.36,270,2816.58,501.41,4990.30
Groceries,Large Malls / Complexes,Sales Associate,Limited Time Treasures,717561.20,259,2770.51,548.58,4968.45
Groceries,Large Malls / Complexes,Sales Associate,Loyalty Rewards Blast,757207.76,279,2714.01,537.84,4995.73
Groceries,Large Malls / Complexes,Sales Associate,Mega Weekend Bonanza,707484.21,267,2649.75,507.64,4996.99
Groceries,Large Malls / Complexes,Sales Associate,Mid-Year Madness,676644.81,249,2717.45,528.80,4976.09
Groceries,Large Malls / Complexes,Sales Associate,Midnight Madness,815276.83,291,2801.64,505.68,4999.95
Groceries,Large Malls / Complexes,Sales Associate,Mystery Discount Days,743200.38,275,2702.55,504.02,4978.06
Groceries,Large Malls / Complexes,Sales Associate,New Arrival Showcase,782445.57,280,2794.45,505.15,4983.53
Groceries,Large Malls / Complexes,Sales Associate,New Product Launch Promo,771935.89,278,2776.75,502.18,4999.20
Groceries,Large Malls / Complexes,Sales Associate,New Year Kickoff,803184.92,296,2713.46,520.12,4956.00
Groceries,Large Malls / Complexes,Sales Associate,Price Drop Parade,786580.65,280,2809.22,508.09,4996.32
Groceries,Large Malls / Complexes,Sales Associate,Red Tag Clearance,865473.29,308,2809.98,509.75,4973.34
Groceries,Large Malls / Complexes,Sales Associate,Seasonal Surprise Box,765623.47,282,2714.98,504.42,4946.12
Groceries,Large Malls / Complexes,Sales Associate,Shop & Save Spectacular,787398.05,286,2753.14,515.39,4995.39
Groceries,Large Malls / Complexes,Sales Associate,Smart Shopper Week,769572.27,272,2829.31,530.47,4998.48
Groceries,Large Malls / Complexes,Sales Associate,Spring Refresh Event,794825.21,280,2838.66,501.42,4998.26
Groceries,Large Malls / Complexes,Sales Associate,Spring Splash Discounts,704993.65,263,2680.58,523.24,4973.26
Groceries,Large Malls / Complexes,Sales Associate,Summer Sizzle Promo,701398.32,255,2750.58,506.96,4987.53
Groceries,Large Malls / Complexes,Sales Associate,Super Savings Week,788015.91,289,2726.70,502.78,4995.70
Groceries,Large Malls / Complexes,Sales Associate,Ultimate Value Event,767237.93,270,2841.62,511.38,4980.15
Groceries,Large Malls / Complexes,Sales Associate,VIP Access Sale,679752.96,255,2665.70,503.17,4971.16
Groceries,Large Malls / Complexes,Sales Associate,Weekend Warrior Specials,828121.19,301,2751.23,573.97,4994.74
Groceries,Large Malls / Complexes,Sales Associate,Winter Clearance Carnival,827955.87,296,2797.15,520.29,4992.79
Groceries,Large Malls / Complexes,Sales Associate,Winter Wonders Sale,673856.05,254,2652.98,527.24,4991.51
Groceries,Large Malls / Complexes,Salesperson,12 Days of Deals,879850.00,314,2802.07,539.55,4998.30
Groceries,Large Malls / Complexes,Salesperson,Autumn Deals Drive,700671.20,258,2715.78,502.75,4997.95
Groceries,Large Malls / Complexes,Salesperson,BOGO Blitz,815182.84,279,2921.80,507.32,4992.77
Groceries,Large Malls / Complexes,Salesperson,Back to School Boost,728066.27,262,2778.88,516.02,4998.07
Groceries,Large Malls / Complexes,Salesperson,Birthday Bash Sale,795868.36,275,2894.07,546.23,4947.86
Groceries,Large Malls / Complexes,Salesperson,Black Friday Blowout,752901.88,271,2778.24,509.93,4987.21
Groceries,Large Malls / Complexes,Salesperson,Cart Crasher Campaign,596302.29,238,2505.47,581.43,4882.63
Groceries,Large Malls / Complexes,Salesperson,Cashback Carnival,774894.90,276,2807.59,512.47,4976.60
Groceries,Large Malls / Complexes,Salesperson,Clearance Countdown,797296.05,285,2797.53,533.17,4998.78
Groceries,Large Malls / Complexes,Salesperson,Countdown to Savings,673107.19,258,2608.94,506.50,4932.29
Groceries,Large Malls / Complexes,Salesperson,Customer Appreciation Week,714086.15,258,2767.78,539.62,4992.48
Groceries,Large Malls / Complexes,Salesperson,Cyber Monday Mania,767389.03,282,2721.24,506.44,4988.32
Groceries,Large Malls / Complexes,Salesperson,Deal of the Month,744323.50,269,2767.00,521.26,4992.09
Groceries,Large Malls / Complexes,Salesperson,Double Points Bonanza,790405.19,287,2754.03,538.21,4996.36
Groceries,Large Malls / Complexes,Salesperson,Early Bird Specials,779941.46,262,2976.88,517.63,4983.85
Groceries,Large Malls / Complexes,Salesperson,End of Season Sale,777941.67,268,2902.77,500.36,4996.20
Groceries,Large Malls / Complexes,Salesperson,Exclusive Insider Offers,699071.94,263,2658.07,523.27,4977.08
Groceries,Large Malls / Complexes,Salesperson,Festive Fever Promo,815315.46,291,2801.77,520.41,4990.52
Groceries,Large Malls / Complexes,Salesperson,Final Call Frenzy,728382.40,270,2697.71,509.79,4995.49
Groceries,Large Malls / Complexes,Salesperson,Flash Frenzy Friday,750781.38,269,2791.01,552.54,4980.76
Groceries,Large Malls / Complexes,Salesperson,"Gift More, Spend Less",816008.42,284,2873.27,553.84,4991.67
Groceries,Large Malls / Complexes,Salesperson,Golden Hour Bargains,685110.18,254,2697.28,513.90,4999.35
Groceries,Large Malls / Complexes,Salesperson,Green Weekend Deals,708901.09,259,2737.07,500.26,4989.20
Groceries,Large Malls / Complexes,Salesperson,Happy Hour Discounts,723762.59,270,2680.60,513.29,4970.94
Groceries,Large Malls / Complexes,Salesperson,Holiday Shopping Rush,687818.85,255,2697.33,548.50,4999.06
Groceries,Large Malls / Complexes,Salesperson,Hot Picks Promo,763918.48,269,2839.85,533.83,4985.82
Groceries,Large Malls / Complexes,Salesperson,Instant Gratification Sale,743406.12,264,2815.93,518.94,4994.62
Groceries,Large Malls / Complexes,Salesperson,Limited Time Treasures,737438.86,262,2814.65,513.89,4986.97
Groceries,Large Malls / Complexes,Salesperson,Loyalty Rewards Blast,844794.78,293,2883.26,509.85,4990.89
Groceries,Large Malls / Complexes,Salesperson,Mega Weekend Bonanza,633120.74,236,2682.72,510.23,4934.05
Groceries,Large Malls / Complexes,Salesperson,Mid-Year Madness,832075.84,290,2869.23,506.46,4964.05
Groceries,Large Malls / Complexes,Salesperson,Midnight Madness,795843.41,293,2716.19,500.95,4998.10
Groceries,Large Malls / Complexes,Salesperson,Mystery Discount Days,671494.65,253,2654.13,507.89,4967.91
Groceries,Large Malls / Complexes,Salesperson,New Arrival Showcase,728859.35,255,2858.27,554.48,4999.86
Groceries,Large Malls / Complexes,Salesperson,New Product Launch Promo,802598.70,284,2826.05,500.73,4986.09
Groceries,Large Malls / Complexes,Salesperson,New Year Kickoff,730370.73,262,2787.67,536.28,4971.59
Groceries,Large Malls / Complexes,Salesperson,Price Drop Parade,705338.66,249,2832.69,516.53,4993.49
Groceries,Large Malls / Complexes,Salesperson,Red Tag Clearance,721954.92,253,2853.58,540.87,4990.77
Groceries,Large Malls / Complexes,Salesperson,Seasonal Surprise Box,714924.78,263,2718.35,502.74,4990.82
Groceries,Large Malls / Complexes,Salesperson,Shop & Save Spectacular,703452.66,264,2664.59,523.23,4985.88
Groceries,Large Malls / Complexes,Salesperson,Smart Shopper Week,719734.93,266,2705.77,508.76,4979.62
Groceries,Large Malls / Complexes,Salesperson,Spring Refresh Event,718230.92,245,2931.55,512.51,4995.72
Groceries,Large Malls / Complexes,Salesperson,Spring Splash Discounts,724837.53,265,2735.24,529.24,4959.64
Groceries,Large Malls / Complexes,Salesperson,Summer Sizzle Promo,782682.73,269,2909.60,501.06,4991.99
Groceries,Large Malls / Complexes,Salesperson,Super Savings Week,818217.52,296,2764.25,506.25,4998.49
Groceries,Large Malls / Complexes,Salesperson,Ultimate Value Event,686632.41,247,2779.89,558.71,4988.95
Groceries,Large Malls / Complexes,Salesperson,VIP Access Sale,725970.96,262,2770.88,504.20,4991.26
Groceries,Large Malls / Complexes,Salesperson,Weekend Warrior Specials,773811.29,287,2696.21,522.41,4971.96
Groceries,Large Malls / Complexes,Salesperson,Winter Clearance Carnival,813579.23,282,2885.03,517.90,4999.97
Groceries,Large Malls / Complexes,Salesperson,Winter Wonders Sale,701310.70,259,2707.76,518.42,4999.56
Groceries,Large Malls / Complexes,Senior Salesperson,12 Days of Deals,627122.74,209,3000.59,508.70,4982.14
Groceries,Large Malls / Complexes,Senior Salesperson,Autumn Deals Drive,650782.98,236,2757.55,508.79,4999.80
Groceries,Large Malls / Complexes,Senior Salesperson,BOGO Blitz,669754.10,245,2733.69,566.24,4996.27
Groceries,Large Malls / Complexes,Senior Salesperson,Back to School Boost,652516.49,232,2812.57,513.98,4997.33
Groceries,Large Malls / Complexes,Senior Salesperson,Birthday Bash Sale,662039.29,241,2747.05,534.09,4991.43
Groceries,Large Malls / Complexes,Senior Salesperson,Black Friday Blowout,613699.94,226,2715.49,543.56,4991.85
Groceries,Large Malls / Complexes,Senior Salesperson,Cart Crasher Campaign,692701.80,243,2850.62,524.51,4951.51
Groceries,Large Malls / Complexes,Senior Salesperson,Cashback Carnival,622660.87,226,2755.14,525.08,4986.04
Groceries,Large Malls / Complexes,Senior Salesperson,Clearance Countdown,688482.53,244,2821.65,543.96,4995.69
Groceries,Large Malls / Complexes,Senior Salesperson,Countdown to Savings,682699.48,262,2605.72,502.00,4989.73
Groceries,Large Malls / Complexes,Senior Salesperson,Customer Appreciation Week,681581.28,243,2804.86,524.00,4986.20
Groceries,Large Malls / Complexes,Senior Salesperson,Cyber Monday Mania,637104.48,236,2699.60,510.36,4996.08
Groceries,Large Malls / Complexes,Senior Salesperson,Deal of the Month,592835.36,209,2836.53,515.87,4994.21
Groceries,Large Malls / Complexes,Senior Salesperson,Double Points Bonanza,699108.13,271,2579.73,514.40,4965.18
Groceries,Large Malls / Complexes,Senior Salesperson,Early Bird Specials,756544.30,273,2771.22,512.60,4998.24
Groceries,Large Malls / Complexes,Senior Salesperson,End of Season Sale,676829.01,243,2785.30,523.95,4968.93
Groceries,Large Malls / Complexes,Senior Salesperson,Exclusive Insider Offers,710224.57,256,2774.31,513.96,4987.57
Groceries,Large Malls / Complexes,Senior Salesperson,Festive Fever Promo,661820.14,242,2734.79,513.45,4980.83
Groceries,Large Malls / Complexes,Senior Salesperson,Final Call Frenzy,596729.04,233,2561.07,511.66,4989.78
Groceries,Large Malls / Complexes,Senior Salesperson,Flash Frenzy Friday,653233.54,240,2721.81,504.91,4956.34
Groceries,Large Malls / Complexes,Senior Salesperson,"Gift More, Spend Less",628164.58,231,2719.33,521.08,4993.41
Groceries,Large Malls / Complexes,Senior Salesperson,Golden Hour Bargains,696238.52,254,2741.10,504.10,4999.90
Groceries,Large Malls / Complexes,Senior Salesperson,Green Weekend Deals,693497.94,253,2741.10,517.72,4984.86
Groceries,Large Malls / Complexes,Senior Salesperson,Happy Hour Discounts,614299.21,230,2670.87,523.28,4995.35
Groceries,Large Malls / Complexes,Senior Salesperson,Holiday Shopping Rush,579826.57,201,2884.71,536.45,4999.39
Groceries,Large Malls / Complexes,Senior Salesperson,Hot Picks Promo,640310.89,230,2783.96,500.98,4999.96
Groceries,Large Malls / Complexes,Senior Salesperson,Instant Gratification Sale,717044.04,255,2811.94,524.65,4988.78
Groceries,Large Malls / Complexes,Senior Salesperson,Limited Time Treasures,671536.77,238,2821.58,517.17,4984.15
Groceries,Large Malls / Complexes,Senior Salesperson,Loyalty Rewards Blast,675720.54,240,2815.50,521.09,4977.90
Groceries,Large Malls / Complexes,Senior Salesperson,Mega Weekend Bonanza,570482.10,222,2569.74,501.33,4996.49
Groceries,Large Malls / Complexes,Senior Salesperson,Mid-Year Madness,672333.85,240,2801.39,500.32,4982.61
Groceries,Large Malls / Complexes,Senior Salesperson,Midnight Madness,619441.86,219,2828.50,506.04,4984.38
Groceries,Large Malls / Complexes,Senior Salesperson,Mystery Discount Days,650910.25,223,2918.88,507.90,4957.26
Groceries,Large Malls / Complexes,Senior Salesperson,New Arrival Showcase,641092.62,235,2728.05,510.88,4986.10
Groceries,Large Malls / Complexes,Senior Salesperson,New Product Launch Promo,663529.00,240,2764.70,506.42,4994.79
Groceries,Large Malls / Complexes,Senior Salesperson,New Year Kickoff,630613.30,232,2718.16,533.54,4990.17
Groceries,Large Malls / Complexes,Senior Salesperson,Price Drop Parade,586762.47,218,2691.57,550.56,4999.83
Groceries,Large Malls / Complexes,Senior Salesperson,Red Tag Clearance,580687.63,218,2663.70,504.16,4994.41
Groceries,Large Malls / Complexes,Senior Salesperson,Seasonal Surprise Box,642595.38,234,2746.13,509.29,4952.42
Groceries,Large Malls / Complexes,Senior Salesperson,Shop & Save Spectacular,709984.78,251,2828.62,501.87,4958.67
Groceries,Large Malls / Complexes,Senior Salesperson,Smart Shopper Week,671084.29,250,2684.34,500.54,4962.23
Groceries,Large Malls / Complexes,Senior Salesperson,Spring Refresh Event,637293.15,227,2807.46,524.46,4932.20
Groceries,Large Malls / Complexes,Senior Salesperson,Spring Splash Discounts,707322.93,265,2669.14,515.99,4998.53
Groceries,Large Malls / Complexes,Senior Salesperson,Summer Sizzle Promo,636343.27,232,2742.86,501.39,4988.04
Groceries,Large Malls / Complexes,Senior Salesperson,Super Savings Week,719744.19,257,2800.56,511.44,4977.46
Groceries,Large Malls / Complexes,Senior Salesperson,Ultimate Value Event,755271.39,266,2839.37,502.89,4984.90
Groceries,Large Malls / Complexes,Senior Salesperson,VIP Access Sale,654884.61,244,2683.95,554.81,4995.38
Groceries,Large Malls / Complexes,Senior Salesperson,Weekend Warrior Specials,625527.89,234,2673.20,524.12,4994.19
Groceries,Large Malls / Complexes,Senior Salesperson,Winter Clearance Carnival,641112.08,245,2616.78,507.62,4992.79
Groceries,Large Malls / Complexes,Senior Salesperson,Winter Wonders Sale,735497.29,260,2828.84,533.33,4970.09
Groceries,Small Stores / Shops,Manager,12 Days of Deals,670750.36,246,2726.63,502.31,4995.38
Groceries,Small Stores / Shops,Manager,Autumn Deals Drive,783007.51,288,2718.78,500.76,4971.59
Groceries,Small Stores / Shops,Manager,BOGO Blitz,732309.12,267,2742.73,507.25,4996.36
Groceries,Small Stores / Shops,Manager,Back to School Boost,721986.19,275,2625.40,500.60,4974.54
Groceries,Small Stores / Shops,Manager,Birthday Bash Sale,759638.38,288,2637.63,504.67,4983.43
Groceries,Small Stores / Shops,Manager,Black Friday Blowout,682074.57,245,2783.98,500.83,4938.07
Groceries,Small Stores / Shops,Manager,Cart Crasher Campaign,730257.19,261,2797.92,546.34,4989.38
Groceries,Small Stores / Shops,Manager,Cashback Carnival,715880.60,253,2829.57,504.64,4993.12
Groceries,Small Stores / Shops,Manager,Clearance Countdown,750196.59,261,2874.32,527.38,4998.45
Groceries,Small Stores / Shops,Manager,Countdown to Savings,771865.51,286,2698.83,518.46,4996.12
Groceries,Small Stores / Shops,Manager,Customer Appreciation Week,759750.46,271,2803.51,511.44,4971.56
Groceries,Small Stores / Shops,Manager,Cyber Monday Mania,782152.59,281,2783.46,519.41,4999.83
Groceries,Small Stores / Shops,Manager,Deal of the Month,703528.52,265,2654.82,517.14,4980.84
Groceries,Small Stores / Shops,Manager,Double Points Bonanza,704708.91,257,2742.06,500.95,4978.48
Groceries,Small Stores / Shops,Manager,Early Bird Specials,743717.99,273,2724.24,522.30,4999.70
Groceries,Small Stores / Shops,Manager,End of Season Sale,794504.80,280,2837.52,500.37,4979.66
Groceries,Small Stores / Shops,Manager,Exclusive Insider Offers,761315.84,278,2738.55,534.32,4995.66
Groceries,Small Stores / Shops,Manager,Festive Fever Promo,671660.19,250,2686.64,502.30,4979.05
Groceries,Small Stores / Shops,Manager,Final Call Frenzy,763679.98,275,2777.02,504.53,4974.31
Groceries,Small Stores / Shops,Manager,Flash Frenzy Friday,682137.19,257,2654.23,520.12,4996.14
Groceries,Small Stores / Shops,Manager,"Gift More, Spend Less",792835.05,285,2781.88,531.56,4998.23
Groceries,Small Stores / Shops,Manager,Golden Hour Bargains,772401.71,270,2860.75,547.53,4987.95
Groceries,Small Stores / Shops,Manager,Green Weekend Deals,849705.84,302,2813.60,548.92,4994.05
Groceries,Small Stores / Shops,Manager,Happy Hour Discounts,712368.61,259,2750.46,568.24,4953.23
Groceries,Small Stores / Shops,Manager,Holiday Shopping Rush,881671.39,311,2834.96,519.79,4996.87
Groceries,Small Stores / Shops,Manager,Hot Picks Promo,861164.62,306,2814.26,502.08,4992.31
Groceries,Small Stores / Shops,Manager,Instant Gratification Sale,837243.30,300,2790.81,539.15,4998.35
Groceries,Small Stores / Shops,Manager,Limited Time Treasures,743752.08,265,2806.61,522.99,4987.05
Groceries,Small Stores / Shops,Manager,Loyalty Rewards Blast,797410.55,285,2797.93,540.36,4995.57
Groceries,Small Stores / Shops,Manager,Mega Weekend Bonanza,778561.62,286,2722.24,532.86,4994.06
Groceries,Small Stores / Shops,Manager,Mid-Year Madness,811082.40,300,2703.61,512.41,4990.79
Groceries,Small Stores / Shops,Manager,Midnight Madness,754698.94,277,2724.54,580.03,4985.13
Groceries,Small Stores / Shops,Manager,Mystery Discount Days,839784.67,304,2762.45,500.94,4987.59
Groceries,Small Stores / Shops,Manager,New Arrival Showcase,807913.41,276,2927.22,503.73,4982.30
Groceries,Small Stores / Shops,Manager,New Product Launch Promo,769006.48,286,2688.83,504.86,4998.84
Groceries,Small Stores / Shops,Manager,New Year Kickoff,788857.88,288,2739.09,508.27,4996.56
Groceries,Small Stores / Shops,Manager,Price Drop Parade,787241.52,286,2752.59,501.52,4996.09
Groceries,Small Stores / Shops,Manager,Red Tag Clearance,702153.00,271,2590.97,501.12,4977.34
Groceries,Small Stores / Shops,Manager,Seasonal Surprise Box,805376.28,291,2767.62,501.54,4989.05
Groceries,Small Stores / Shops,Manager,Shop & Save Spectacular,795459.36,278,2861.36,503.57,4988.98
Groceries,Small Stores / Shops,Manager,Smart Shopper Week,836324.13,296,2825.42,517.36,4987.67
Groceries,Small Stores / Shops,Manager,Spring Refresh Event,819579.72,278,2948.13,531.03,4995.87
Groceries,Small Stores / Shops,Manager,Spring Splash Discounts,704479.03,251,2806.69,500.68,4989.87
Groceries,Small Stores / Shops,Manager,Summer Sizzle Promo,826950.41,287,2881.36,503.45,4963.04
Groceries,Small Stores / Shops,Manager,Super Savings Week,813273.78,289,2814.10,504.29,4998.98
Groceries,Small Stores / Shops,Manager,Ultimate Value Event,778398.52,275,2830.54,518.82,4978.07
Groceries,Small Stores / Shops,Manager,VIP Access Sale,778206.54,272,2861.05,500.31,4996.03
Groceries,Small Stores / Shops,Manager,Weekend Warrior Specials,809509.30,299,2707.39,513.49,4956.89
Groceries,Small Stores / Shops,Manager,Winter Clearance Carnival,825016.91,305,2704.97,504.18,4998.44
Groceries,Small Stores / Shops,Manager,Winter Wonders Sale,755266.79,279,2707.05,555.81,4973.29
Groceries,Small Stores / Shops,Sales Associate,12 Days of Deals,871418.23,313,2784.08,512.19,4983.63
Groceries,Small Stores / Shops,Sales Associate,Autumn Deals Drive,978480.13,349,2803.67,523.62,4986.81
Groceries,Small Stores / Shops,Sales Associate,BOGO Blitz,819807.90,293,2797.98,508.02,4993.12
Groceries,Small Stores / Shops,Sales Associate,Back to School Boost,848499.17,316,2685.12,517.84,4992.48
Groceries,Small Stores / Shops,Sales Associate,Birthday Bash Sale,787550.59,281,2802.67,524.00,4972.67
Groceries,Small Stores / Shops,Sales Associate,Black Friday Blowout,879013.92,304,2891.49,511.36,4990.79
Groceries,Small Stores / Shops,Sales Associate,Cart Crasher Campaign,824450.75,308,2676.79,557.83,4993.97
Groceries,Small Stores / Shops,Sales Associate,Cashback Carnival,803798.78,298,2697.31,502.91,4978.21
Groceries,Small Stores / Shops,Sales Associate,Clearance Countdown,874483.77,306,2857.79,520.41,4987.53
Groceries,Small Stores / Shops,Sales Associate,Countdown to Savings,805240.20,295,2729.63,501.28,4996.32
Groceries,Small Stores / Shops,Sales Associate,Customer Appreciation Week,850715.87,310,2744.24,504.70,4997.84
Groceries,Small Stores / Shops,Sales Associate,Cyber Monday Mania,751589.36,282,2665.21,504.09,4984.13
Groceries,Small Stores / Shops,Sales Associate,Deal of the Month,770261.80,285,2702.67,500.56,4965.89
Groceries,Small Stores / Shops,Sales Associate,Double Points Bonanza,759456.77,273,2781.89,530.42,4975.38
Groceries,Small Stores / Shops,Sales Associate,Early Bird Specials,877236.60,319,2749.96,508.69,4995.00
Groceries,Small Stores / Shops,Sales Associate,End of Season Sale,812333.93,301,2698.78,504.34,4990.61
Groceries,Small Stores / Shops,Sales Associate,Exclusive Insider Offers,851776.46,300,2839.25,504.77,4999.35
Groceries,Small Stores / Shops,Sales Associate,Festive Fever Promo,704440.30,261,2699.00,502.53,4983.92
Groceries,Small Stores / Shops,Sales Associate,Final Call Frenzy,836202.50,306,2732.69,536.95,4962.47
Groceries,Small Stores / Shops,Sales Associate,Flash Frenzy Friday,767804.33,274,2802.21,513.87,4976.96
Groceries,Small Stores / Shops,Sales Associate,"Gift More, Spend Less",873306.82,309,2826.24,509.81,4983.21
Groceries,Small Stores / Shops,Sales Associate,Golden Hour Bargains,935012.29,333,2807.84,504.86,4983.47
Groceries,Small Stores / Shops,Sales Associate,Green Weekend Deals,835981.30,300,2786.60,507.29,4977.17
Groceries,Small Stores / Shops,Sales Associate,Happy Hour Discounts,817113.55,300,2723.71,505.89,4954.42
Groceries,Small Stores / Shops,Sales Associate,Holiday Shopping Rush,716101.98,273,2623.08,521.62,4998.79
Groceries,Small Stores / Shops,Sales Associate,Hot Picks Promo,790257.57,292,2706.36,501.36,4998.48
Groceries,Small Stores / Shops,Sales Associate,Instant Gratification Sale,741697.37,270,2747.03,531.67,4983.54
Groceries,Small Stores / Shops,Sales Associate,Limited Time Treasures,781768.18,288,2714.47,544.43,4986.24
Groceries,Small Stores / Shops,Sales Associate,Loyalty Rewards Blast,812587.14,297,2735.98,541.04,4971.05
Groceries,Small Stores / Shops,Sales Associate,Mega Weekend Bonanza,768703.34,273,2815.76,540.14,4994.82
Groceries,Small Stores / Shops,Sales Associate,Mid-Year Madness,855586.49,301,2842.48,503.67,4994.70
Groceries,Small Stores / Shops,Sales Associate,Midnight Madness,765515.79,295,2594.97,500.01,4995.25
Groceries,Small Stores / Shops,Sales Associate,Mystery Discount Days,893828.95,331,2700.39,528.84,4991.87
Groceries,Small Stores / Shops,Sales Associate,New Arrival Showcase,819275.76,288,2844.71,502.57,4995.28
Groceries,Small Stores / Shops,Sales Associate,New Product Launch Promo,796281.19,283,2813.71,526.31,4996.19
Groceries,Small Stores / Shops,Sales Associate,New Year Kickoff,794074.76,299,2655.77,526.01,4976.96
Groceries,Small Stores / Shops,Sales Associate,Price Drop Parade,804945.05,292,2756.66,515.56,4975.36
Groceries,Small Stores / Shops,Sales Associate,Red Tag Clearance,850356.29,308,2760.90,525.81,4989.26
Groceries,Small Stores / Shops,Sales Associate,Seasonal Surprise Box,841120.79,300,2803.74,558.09,4989.26
Groceries,Small Stores / Shops,Sales Associate,Shop & Save Spectacular,798874.76,288,2773.87,501.53,4988.86
Groceries,Small Stores / Shops,Sales Associate,Smart Shopper Week,813617.86,306,2658.88,503.56,4995.84
Groceries,Small Stores / Shops,Sales Associate,Spring Refresh Event,879856.23,314,2802.09,513.02,4988.96
Groceries,Small Stores / Shops,Sales Associate,Spring Splash Discounts,844696.55,293,2882.92,505.92,4955.70
Groceries,Small Stores / Shops,Sales Associate,Summer Sizzle Promo,882213.23,305,2892.50,508.92,4968.85
Groceries,Small Stores / Shops,Sales Associate,Super Savings Week,731255.71,278,2630.42,507.93,4938.02
Groceries,Small Stores / Shops,Sales Associate,Ultimate Value Event,820968.23,300,2736.56,505.35,4993.23
Groceries,Small Stores / Shops,Sales Associate,VIP Access Sale,757411.84,296,2558.82,502.12,4984.60
Groceries,Small Stores / Shops,Sales Associate,Weekend Warrior Specials,743611.33,290,2564.18,503.77,4994.22
Groceries,Small Stores / Shops,Sales Associate,Winter Clearance Carnival,794395.55,300,2647.99,503.43,4979.63
Groceries,Small Stores / Shops,Sales Associate,Winter Wonders Sale,798882.66,281,2843.00,515.88,4983.25
Groceries,Small Stores / Shops,Salesperson,12 Days of Deals,842706.73,297,2837.40,531.65,4979.99
Groceries,Small Stores / Shops,Salesperson,Autumn Deals Drive,836841.75,289,2895.65,518.91,4996.98
Groceries,Small Stores / Shops,Salesperson,BOGO Blitz,826155.83,301,2744.70,509.11,4998.59
Groceries,Small Stores / Shops,Salesperson,Back to School Boost,815348.92,301,2708.80,500.43,4995.35
Groceries,Small Stores / Shops,Salesperson,Birthday Bash Sale,835141.93,301,2774.56,504.91,4966.33
Groceries,Small Stores / Shops,Salesperson,Black Friday Blowout,774701.63,280,2766.79,517.55,4978.15
Groceries,Small Stores / Shops,Salesperson,Cart Crasher Campaign,788922.71,295,2674.31,504.51,4980.36
Groceries,Small Stores / Shops,Salesperson,Cashback Carnival,869414.06,325,2675.12,523.37,4995.88
Groceries,Small Stores / Shops,Salesperson,Clearance Countdown,844179.38,315,2679.93,509.31,4992.48
Groceries,Small Stores / Shops,Salesperson,Countdown to Savings,831231.68,304,2734.31,500.65,4960.70
Groceries,Small Stores / Shops,Salesperson,Customer Appreciation Week,840382.97,299,2810.65,500.64,4997.51
Groceries,Small Stores / Shops,Salesperson,Cyber Monday Mania,784782.85,289,2715.51,511.03,4996.14
Groceries,Small Stores / Shops,Salesperson,Deal of the Month,806867.20,291,2772.74,512.54,4996.71
Groceries,Small Stores / Shops,Salesperson,Double Points Bonanza,771726.91,289,2670.34,517.45,4991.82
Groceries,Small Stores / Shops,Salesperson,Early Bird Specials,737220.77,288,2559.79,514.86,4968.51
Groceries,Small Stores / Shops,Salesperson,End of Season Sale,781362.28,294,2657.69,516.37,4967.14
Groceries,Small Stores / Shops,Salesperson,Exclusive Insider Offers,770863.72,287,2685.94,528.22,4989.67
Groceries,Small Stores / Shops,Salesperson,Festive Fever Promo,796358.81,296,2690.40,520.21,4962.86
Groceries,Small Stores / Shops,Salesperson,Final Call Frenzy,881112.22,310,2842.30,564.33,4989.60
Groceries,Small Stores / Shops,Salesperson,Flash Frenzy Friday,805104.21,296,2719.95,511.49,4981.40
Groceries,Small Stores / Shops,Salesperson,"Gift More, Spend Less",733671.70,268,2737.58,513.62,4990.81
Groceries,Small Stores / Shops,Salesperson,Golden Hour Bargains,845906.78,322,2627.04,508.71,4984.95
Groceries,Small Stores / Shops,Salesperson,Green Weekend Deals,854414.03,308,2774.07,525.90,4985.16
Groceries,Small Stores / Shops,Salesperson,Happy Hour Discounts,817761.22,311,2629.46,548.05,4984.58
Groceries,Small Stores / Shops,Salesperson,Holiday Shopping Rush,762979.40,300,2543.26,501.56,4988.10
Groceries,Small Stores / Shops,Salesperson,Hot Picks Promo,782085.44,275,2843.95,533.70,4968.11
Groceries,Small Stores / Shops,Salesperson,Instant Gratification Sale,866323.62,314,2758.99,503.24,4953.88
Groceries,Small Stores / Shops,Salesperson,Limited Time Treasures,687554.90,262,2624.26,508.05,4984.48
Groceries,Small Stores / Shops,Salesperson,Loyalty Rewards Blast,846677.01,313,2705.04,537.01,4990.95
Groceries,Small Stores / Shops,Salesperson,Mega Weekend Bonanza,804992.80,294,2738.07,512.47,4989.86
Groceries,Small Stores / Shops,Salesperson,Mid-Year Madness,900838.99,322,2797.64,500.47,4985.87
Groceries,Small Stores / Shops,Salesperson,Midnight Madness,771717.88,288,2679.58,505.45,4985.49
Groceries,Small Stores / Shops,Salesperson,Mystery Discount Days,757456.78,267,2836.92,516.56,4994.43
Groceries,Small Stores / Shops,Salesperson,New Arrival Showcase,825255.25,298,2769.31,502.27,4973.71
Groceries,Small Stores / Shops,Salesperson,New Product Launch Promo,692398.79,247,2803.23,506.06,4994.33
Groceries,Small Stores / Shops,Salesperson,New Year Kickoff,807576.85,302,2674.10,536.62,4993.91
Groceries,Small Stores / Shops,Salesperson,Price Drop Parade,816948.69,293,2788.22,553.87,4986.73
Groceries,Small Stores / Shops,Salesperson,Red Tag Clearance,787390.29,289,2724.53,561.01,4955.11
Groceries,Small Stores / Shops,Salesperson,Seasonal Surprise Box,793407.51,281,2823.51,525.43,4992.27
Groceries,Small Stores / Shops,Salesperson,Shop & Save Spectacular,840004.64,289,2906.59,541.69,4986.30
Groceries,Small Stores / Shops,Salesperson,Smart Shopper Week,799144.37,300,2663.81,510.24,4993.62
Groceries,Small Stores / Shops,Salesperson,Spring Refresh Event,759908.56,270,2814.48,512.88,4989.50
Groceries,Small Stores / Shops,Salesperson,Spring Splash Discounts,742238.21,277,2679.56,515.16,4982.86
Groceries,Small Stores / Shops,Salesperson,Summer Sizzle Promo,734557.67,275,2671.12,504.13,4963.56
Groceries,Small Stores / Shops,Salesperson,Super Savings Week,761539.96,283,2690.95,514.94,4966.60
Groceries,Small Stores / Shops,Salesperson,Ultimate Value Event,798497.40,287,2782.22,506.59,4990.23
Groceries,Small Stores / Shops,Salesperson,VIP Access Sale,817514.79,302,2707.00,504.83,4993.43
Groceries,Small Stores / Shops,Salesperson,Weekend Warrior Specials,784879.18,289,2715.84,500.62,4999.20
Groceries,Small Stores / Shops,Salesperson,Winter Clearance Carnival,763201.53,278,2745.33,555.67,4989.13
Groceries,Small Stores / Shops,Salesperson,Winter Wonders Sale,862140.83,312,2763.27,515.32,4984.41
Groceries,Small Stores / Shops,Senior Salesperson,12 Days of Deals,699019.22,255,2741.25,505.54,4970.82
Groceries,Small Stores / Shops,Senior Salesperson,Autumn Deals Drive,697885.86,259,2694.54,519.35,4998.35
Groceries,Small Stores / Shops,Senior Salesperson,BOGO Blitz,734621.93,255,2880.87,573.36,4995.11
Groceries,Small Stores / Shops,Senior Salesperson,Back to School Boost,686385.00,254,2702.30,523.86,4996.41
Groceries,Small Stores / Shops,Senior Salesperson,Birthday Bash Sale,643810.67,228,2823.73,505.10,4991.37
Groceries,Small Stores / Shops,Senior Salesperson,Black Friday Blowout,771396.63,278,2774.81,502.74,4976.55
Groceries,Small Stores / Shops,Senior Salesperson,Cart Crasher Campaign,716818.44,253,2833.27,505.99,4983.78
Groceries,Small Stores / Shops,Senior Salesperson,Cashback Carnival,714874.89,251,2848.11,543.62,4994.46
Groceries,Small Stores / Shops,Senior Salesperson,Clearance Countdown,666745.53,243,2743.81,502.02,4999.80
Groceries,Small Stores / Shops,Senior Salesperson,Countdown to Savings,740701.09,274,2703.29,523.08,4951.81
Groceries,Small Stores / Shops,Senior Salesperson,Customer Appreciation Week,732849.26,267,2744.75,551.33,4991.50
Groceries,Small Stores / Shops,Senior Salesperson,Cyber Monday Mania,680266.40,261,2606.38,516.80,4994.43
Groceries,Small Stores / Shops,Senior Salesperson,Deal of the Month,685954.79,255,2690.02,503.06,4995.04
Groceries,Small Stores / Shops,Senior Salesperson,Double Points Bonanza,695952.96,266,2616.36,515.79,4954.59
Groceries,Small Stores / Shops,Senior Salesperson,Early Bird Specials,612863.38,231,2653.09,521.99,4946.90
Groceries,Small Stores / Shops,Senior Salesperson,End of Season Sale,729906.66,250,2919.63,503.49,4998.37
Groceries,Small Stores / Shops,Senior Salesperson,Exclusive Insider Offers,720307.96,257,2802.75,515.78,4998.29
Groceries,Small Stores / Shops,Senior Salesperson,Festive Fever Promo,702118.50,262,2679.84,502.25,4981.65
Groceries,Small Stores / Shops,Senior Salesperson,Final Call Frenzy,732683.89,262,2796.50,513.35,4994.94
Groceries,Small Stores / Shops,Senior Salesperson,Flash Frenzy Friday,737535.21,277,2662.58,513.46,4969.10
Groceries,Small Stores / Shops,Senior Salesperson,"Gift More, Spend Less",744527.95,272,2737.24,515.74,4967.60
Groceries,Small Stores / Shops,Senior Salesperson,Golden Hour Bargains,648196.16,238,2723.51,530.53,4952.54
Groceries,Small Stores / Shops,Senior Salesperson,Green Weekend Deals,640997.22,234,2739.30,542.86,4958.83
Groceries,Small Stores / Shops,Senior Salesperson,Happy Hour Discounts,667763.56,244,2736.74,500.75,4966.28
Groceries,Small Stores / Shops,Senior Salesperson,Holiday Shopping Rush,686160.11,251,2733.71,612.06,4996.88
Groceries,Small Stores / Shops,Senior Salesperson,Hot Picks Promo,701307.68,250,2805.23,500.73,4991.62
Groceries,Small Stores / Shops,Senior Salesperson,Instant Gratification Sale,733520.27,268,2737.02,503.39,4977.48
Groceries,Small Stores / Shops,Senior Salesperson,Limited Time Treasures,675017.18,254,2657.55,510.40,4930.46
Groceries,Small Stores / Shops,Senior Salesperson,Loyalty Rewards Blast,629869.29,227,2774.75,507.01,4983.03
Groceries,Small Stores / Shops,Senior Salesperson,Mega Weekend Bonanza,732270.77,270,2712.11,506.20,4973.66
Groceries,Small Stores / Shops,Senior Salesperson,Mid-Year Madness,697528.38,256,2724.72,518.81,4954.32
Groceries,Small Stores / Shops,Senior Salesperson,Midnight Madness,712795.97,262,2720.60,508.47,4960.20
Groceries,Small Stores / Shops,Senior Salesperson,Mystery Discount Days,704461.15,253,2784.43,538.23,4976.50
Groceries,Small Stores / Shops,Senior Salesperson,New Arrival Showcase,646451.55,233,2774.47,518.52,4982.62
Groceries,Small Stores / Shops,Senior Salesperson,New Product Launch Promo,665859.59,231,2882.51,519.00,4985.24
Groceries,Small Stores / Shops,Senior Salesperson,New Year Kickoff,736026.95,256,2875.11,550.62,4996.25
Groceries,Small Stores / Shops,Senior Salesperson,Price Drop Parade,709191.97,246,2882.89,554.27,4984.55
Groceries,Small Stores / Shops,Senior Salesperson,Red Tag Clearance,744983.11,262,2843.45,524.27,4925.95
Groceries,Small Stores / Shops,Senior Salesperson,Seasonal Surprise Box,658475.42,242,2720.97,525.07,4985.20
Groceries,Small Stores / Shops,Senior Salesperson,Shop & Save Spectacular,712436.99,261,2729.64,511.78,4983.89
Groceries,Small Stores / Shops,Senior Salesperson,Smart Shopper Week,749521.95,277,2705.86,513.67,4966.67
Groceries,Small Stores / Shops,Senior Salesperson,Spring Refresh Event,772075.42,267,2891.67,522.47,4975.89
Groceries,Small Stores / Shops,Senior Salesperson,Spring Splash Discounts,648554.44,238,2725.02,533.58,4991.56
Groceries,Small Stores / Shops,Senior Salesperson,Summer Sizzle Promo,658138.05,247,2664.53,504.24,4999.26
Groceries,Small Stores / Shops,Senior Salesperson,Super Savings Week,684758.33,241,2841.32,501.97,4996.45
Groceries,Small Stores / Shops,Senior Salesperson,Ultimate Value Event,727642.93,256,2842.36,511.06,4995.88
Groceries,Small Stores / Shops,Senior Salesperson,VIP Access Sale,761675.82,284,2681.96,514.92,4999.89
Groceries,Small Stores / Shops,Senior Salesperson,Weekend Warrior Specials,685640.86,250,2742.56,525.52,4988.19
Groceries,Small Stores / Shops,Senior Salesperson,Winter Clearance Carnival,624556.74,231,2703.71,520.09,4912.42
Groceries,Small Stores / Shops,Senior Salesperson,Winter Wonders Sale,738019.95,272,2713.31,513.51,4995.64
Groceries,Supermarkets ,Manager,12 Days of Deals,752122.86,273,2755.03,508.94,4991.83
Groceries,Supermarkets ,Manager,Autumn Deals Drive,833999.21,291,2865.98,504.45,4969.96
Groceries,Supermarkets ,Manager,BOGO Blitz,696699.71,251,2775.70,539.29,4976.91
Groceries,Supermarkets ,Manager,Back to School Boost,777755.46,296,2627.55,502.61,4976.52
Groceries,Supermarkets ,Manager,Birthday Bash Sale,638382.51,239,2671.06,520.10,4942.21
Groceries,Supermarkets ,Manager,Black Friday Blowout,738595.80,278,2656.82,526.67,4976.41
Groceries,Supermarkets ,Manager,Cart Crasher Campaign,814657.11,285,2858.45,509.00,4988.06
Groceries,Supermarkets ,Manager,Cashback Carnival,793370.57,284,2793.56,512.58,4994.46
Groceries,Supermarkets ,Manager,Clearance Countdown,851975.59,311,2739.47,508.52,4994.26
Groceries,Supermarkets ,Manager,Countdown to Savings,771217.68,273,2824.97,585.03,4967.52
Groceries,Supermarkets ,Manager,Customer Appreciation Week,881117.32,320,2753.49,528.76,4963.57
Groceries,Supermarkets ,Manager,Cyber Monday Mania,757288.61,277,2733.89,524.94,4990.68
Groceries,Supermarkets ,Manager,Deal of the Month,749683.01,271,2766.36,539.25,4991.28
Groceries,Supermarkets ,Manager,Double Points Bonanza,873438.34,316,2764.05,530.42,4976.69
Groceries,Supermarkets ,Manager,Early Bird Specials,820785.42,292,2810.91,527.53,4996.80
Groceries,Supermarkets ,Manager,End of Season Sale,764466.51,286,2672.96,508.08,4991.22
Groceries,Supermarkets ,Manager,Exclusive Insider Offers,782584.77,283,2765.32,506.83,4963.84
Groceries,Supermarkets ,Manager,Festive Fever Promo,803301.30,295,2723.06,501.65,4986.36
Groceries,Supermarkets ,Manager,Final Call Frenzy,854149.22,331,2580.51,508.87,4980.80
Groceries,Supermarkets ,Manager,Flash Frenzy Friday,825301.97,298,2769.47,500.97,4995.90
Groceries,Supermarkets ,Manager,"Gift More, Spend Less",793456.27,291,2726.65,513.65,4990.49
Groceries,Supermarkets ,Manager,Golden Hour Bargains,817901.57,293,2791.47,506.12,4969.17
Groceries,Supermarkets ,Manager,Green Weekend Deals,827251.74,289,2862.46,503.00,4988.93
Groceries,Supermarkets ,Manager,Happy Hour Discounts,808690.39,283,2857.56,515.77,4994.07
Groceries,Supermarkets ,Manager,Holiday Shopping Rush,793162.34,289,2744.51,506.03,4997.86
Groceries,Supermarkets ,Manager,Hot Picks Promo,813632.37,303,2685.26,550.39,4978.59
Groceries,Supermarkets ,Manager,Instant Gratification Sale,852816.56,311,2742.18,503.33,4988.57
Groceries,Supermarkets ,Manager,Limited Time Treasures,724795.12,270,2684.43,534.05,4970.47
Groceries,Supermarkets ,Manager,Loyalty Rewards Blast,800171.13,293,2730.96,551.65,4983.94
Groceries,Supermarkets ,Manager,Mega Weekend Bonanza,763939.47,283,2699.43,510.97,4975.22
Groceries,Supermarkets ,Manager,Mid-Year Madness,810827.66,291,2786.35,537.52,4962.63
Groceries,Supermarkets ,Manager,Midnight Madness,768246.10,274,2803.82,516.01,4998.75
Groceries,Supermarkets ,Manager,Mystery Discount Days,829171.22,296,2801.25,529.91,4986.29
Groceries,Supermarkets ,Manager,New Arrival Showcase,732020.73,270,2711.19,514.01,4991.74
Groceries,Supermarkets ,Manager,New Product Launch Promo,814767.45,303,2689.00,572.30,4984.26
Groceries,Supermarkets ,Manager,New Year Kickoff,846679.87,313,2705.05,500.12,4995.56
Groceries,Supermarkets ,Manager,Price Drop Parade,811168.82,296,2740.44,509.15,4999.58
Groceries,Supermarkets ,Manager,Red Tag Clearance,864643.65,302,2863.06,519.21,4992.34
Groceries,Supermarkets ,Manager,Seasonal Surprise Box,749010.41,265,2826.45,500.56,4984.48
Groceries,Supermarkets ,Manager,Shop & Save Spectacular,776204.75,280,2772.16,510.47,4976.59
Groceries,Supermarkets ,Manager,Smart Shopper Week,819405.22,292,2806.18,522.43,4994.55
Groceries,Supermarkets ,Manager,Spring Refresh Event,845154.08,302,2798.52,529.72,4988.60
Groceries,Supermarkets ,Manager,Spring Splash Discounts,804157.98,292,2753.97,506.63,4985.59
Groceries,Supermarkets ,Manager,Summer Sizzle Promo,792685.65,278,2851.39,523.99,4986.64
Groceries,Supermarkets ,Manager,Super Savings Week,737949.23,275,2683.45,512.49,4982.53
Groceries,Supermarkets ,Manager,Ultimate Value Event,826285.84,306,2700.28,526.12,4985.14
Groceries,Supermarkets ,Manager,VIP Access Sale,858125.56,310,2768.15,506.56,4981.81
Groceries,Supermarkets ,Manager,Weekend Warrior Specials,784496.85,278,2821.93,504.09,4951.76
Groceries,Supermarkets ,Manager,Winter Clearance Carnival,754722.18,266,2837.30,538.79,4977.05
Groceries,Supermarkets ,Manager,Winter Wonders Sale,853214.85,317,2691.53,529.74,4946.92
Groceries,Supermarkets ,Sales Associate,12 Days of Deals,873870.34,315,2774.19,522.13,4998.90
Groceries,Supermarkets ,Sales Associate,Autumn Deals Drive,841557.22,299,2814.57,509.57,4992.02
Groceries,Supermarkets ,Sales Associate,BOGO Blitz,742247.70,279,2660.39,500.98,4979.64
Groceries,Supermarkets ,Sales Associate,Back to School Boost,767399.23,286,2683.21,535.73,4980.36
Groceries,Supermarkets ,Sales Associate,Birthday Bash Sale,812790.06,304,2673.65,509.57,4977.49
Groceries,Supermarkets ,Sales Associate,Black Friday Blowout,912642.80,316,2888.11,529.25,4998.22
Groceries,Supermarkets ,Sales Associate,Cart Crasher Campaign,858230.20,311,2759.58,503.17,4980.08
Groceries,Supermarkets ,Sales Associate,Cashback Carnival,824658.07,302,2730.66,505.58,4995.74
Groceries,Supermarkets ,Sales Associate,Clearance Countdown,922388.16,324,2846.88,519.68,4997.60
Groceries,Supermarkets ,Sales Associate,Countdown to Savings,880673.64,326,2701.45,504.50,4997.39
Groceries,Supermarkets ,Sales Associate,Customer Appreciation Week,738244.12,280,2636.59,506.67,4995.70
Groceries,Supermarkets ,Sales Associate,Cyber Monday Mania,841062.95,316,2661.59,504.57,4987.77
Groceries,Supermarkets ,Sales Associate,Deal of the Month,889780.69,323,2754.74,510.11,4966.90
Groceries,Supermarkets ,Sales Associate,Double Points Bonanza,834239.58,311,2682.44,501.88,4976.30
Groceries,Supermarkets ,Sales Associate,Early Bird Specials,777565.47,281,2767.14,510.77,4993.66
Groceries,Supermarkets ,Sales Associate,End of Season Sale,856530.18,317,2701.99,537.17,4997.30
Groceries,Supermarkets ,Sales Associate,Exclusive Insider Offers,827852.98,296,2796.80,528.19,4996.14
Groceries,Supermarkets ,Sales Associate,Festive Fever Promo,783825.01,291,2693.56,512.05,4949.82
Groceries,Supermarkets ,Sales Associate,Final Call Frenzy,814796.91,307,2654.06,512.48,4984.89
Groceries,Supermarkets ,Sales Associate,Flash Frenzy Friday,914235.98,316,2893.15,501.88,4996.77
Groceries,Supermarkets ,Sales Associate,"Gift More, Spend Less",863609.62,314,2750.35,509.79,4994.74
Groceries,Supermarkets ,Sales Associate,Golden Hour Bargains,820595.71,298,2753.68,549.57,4982.52
Groceries,Supermarkets ,Sales Associate,Green Weekend Deals,844497.68,312,2706.72,500.74,4997.22
Groceries,Supermarkets ,Sales Associate,Happy Hour Discounts,778546.97,272,2862.31,532.08,4957.25
Groceries,Supermarkets ,Sales Associate,Holiday Shopping Rush,881422.92,318,2771.77,536.14,4993.89
Groceries,Supermarkets ,Sales Associate,Hot Picks Promo,772390.68,295,2618.27,548.94,4995.24
Groceries,Supermarkets ,Sales Associate,Instant Gratification Sale,808143.84,296,2730.22,513.67,4967.72
Groceries,Supermarkets ,Sales Associate,Limited Time Treasures,842626.56,315,2675.00,544.66,4999.73
Groceries,Supermarkets ,Sales Associate,Loyalty Rewards Blast,832388.87,303,2747.16,504.51,4988.80
Groceries,Supermarkets ,Sales Associate,Mega Weekend Bonanza,844186.42,300,2813.95,522.84,4977.25
Groceries,Supermarkets ,Sales Associate,Mid-Year Madness,838202.64,302,2775.51,541.79,4982.57
Groceries,Supermarkets ,Sales Associate,Midnight Madness,773424.88,287,2694.86,539.82,4977.93
Groceries,Supermarkets ,Sales Associate,Mystery Discount Days,846486.51,310,2730.60,516.74,4999.16
Groceries,Supermarkets ,Sales Associate,New Arrival Showcase,846314.18,315,2686.71,505.84,4997.29
Groceries,Supermarkets ,Sales Associate,New Product Launch Promo,852428.21,320,2663.84,507.93,4994.23
Groceries,Supermarkets ,Sales Associate,New Year Kickoff,762732.24,289,2639.21,512.57,4989.23
Groceries,Supermarkets ,Sales Associate,Price Drop Parade,797048.24,295,2701.86,512.52,4994.94
Groceries,Supermarkets ,Sales Associate,Red Tag Clearance,879529.96,316,2783.32,504.22,4988.88
Groceries,Supermarkets ,Sales Associate,Seasonal Surprise Box,798326.99,303,2634.74,504.60,4980.43
Groceries,Supermarkets ,Sales Associate,Shop & Save Spectacular,871565.10,305,2857.59,514.43,4991.95
Groceries,Supermarkets ,Sales Associate,Smart Shopper Week,851673.19,309,2756.22,511.85,4994.27
Groceries,Supermarkets ,Sales Associate,Spring Refresh Event,825993.93,297,2781.12,522.27,4995.73
Groceries,Supermarkets ,Sales Associate,Spring Splash Discounts,844436.80,317,2663.84,525.52,4992.00
Groceries,Supermarkets ,Sales Associate,Summer Sizzle Promo,776192.21,296,2622.27,525.86,4966.48
Groceries,Supermarkets ,Sales Associate,Super Savings Week,958117.72,330,2903.39,516.48,4998.75
Groceries,Supermarkets ,Sales Associate,Ultimate Value Event,876356.91,295,2970.70,527.00,4997.53
Groceries,Supermarkets ,Sales Associate,VIP Access Sale,871760.02,319,2732.79,520.31,4956.38
Groceries,Supermarkets ,Sales Associate,Weekend Warrior Specials,780342.39,289,2700.15,504.05,4887.30
Groceries,Supermarkets ,Sales Associate,Winter Clearance Carnival,970721.90,347,2797.47,511.24,4997.93
Groceries,Supermarkets ,Sales Associate,Winter Wonders Sale,835991.12,321,2604.33,505.33,4991.71
Groceries,Supermarkets ,Salesperson,12 Days of Deals,835955.96,312,2679.35,502.43,4985.44
Groceries,Supermarkets ,Salesperson,Autumn Deals Drive,888191.37,315,2819.66,517.18,4997.96
Groceries,Supermarkets ,Salesperson,BOGO Blitz,913251.66,327,2792.82,515.13,4983.97
Groceries,Supermarkets ,Salesperson,Back to School Boost,912919.07,325,2808.98,518.77,4970.12
Groceries,Supermarkets ,Salesperson,Birthday Bash Sale,844643.82,316,2672.92,547.62,4976.95
Groceries,Supermarkets ,Salesperson,Black Friday Blowout,775389.17,284,2730.24,546.04,4997.53
Groceries,Supermarkets ,Salesperson,Cart Crasher Campaign,823871.19,308,2674.91,506.65,4985.57
Groceries,Supermarkets ,Salesperson,Cashback Carnival,800209.96,299,2676.29,516.36,4981.81
Groceries,Supermarkets ,Salesperson,Clearance Countdown,816480.33,295,2767.73,524.37,4983.72
Groceries,Supermarkets ,Salesperson,Countdown to Savings,849412.94,311,2731.23,521.96,4993.28
Groceries,Supermarkets ,Salesperson,Customer Appreciation Week,739065.08,263,2810.13,503.77,4989.63
Groceries,Supermarkets ,Salesperson,Cyber Monday Mania,837857.32,309,2711.51,510.17,4996.97
Groceries,Supermarkets ,Salesperson,Deal of the Month,835100.93,309,2702.59,515.84,4992.95
Groceries,Supermarkets ,Salesperson,Double Points Bonanza,819920.48,305,2688.26,509.49,4999.34
Groceries,Supermarkets ,Salesperson,Early Bird Specials,788827.25,295,2673.99,506.38,4960.40
Groceries,Supermarkets ,Salesperson,End of Season Sale,823993.75,302,2728.46,504.05,4997.29
Groceries,Supermarkets ,Salesperson,Exclusive Insider Offers,798554.07,294,2716.17,522.11,4985.52
Groceries,Supermarkets ,Salesperson,Festive Fever Promo,808829.14,299,2705.11,520.44,4971.41
Groceries,Supermarkets ,Salesperson,Final Call Frenzy,837823.04,300,2792.74,511.29,4982.31
Groceries,Supermarkets ,Salesperson,Flash Frenzy Friday,814241.95,291,2798.08,534.06,4990.84
Groceries,Supermarkets ,Salesperson,"Gift More, Spend Less",881771.52,324,2721.52,504.23,4988.51
Groceries,Supermarkets ,Salesperson,Golden Hour Bargains,776751.23,285,2725.44,500.16,4976.17
Groceries,Supermarkets ,Salesperson,Green Weekend Deals,827130.34,303,2729.80,548.37,4963.60
Groceries,Supermarkets ,Salesperson,Happy Hour Discounts,875678.52,317,2762.39,508.35,4987.29
Groceries,Supermarkets ,Salesperson,Holiday Shopping Rush,860503.07,305,2821.32,505.64,4993.67
Groceries,Supermarkets ,Salesperson,Hot Picks Promo,814481.83,283,2878.03,518.84,4984.22
Groceries,Supermarkets ,Salesperson,Instant Gratification Sale,817752.12,300,2725.84,510.79,4999.70
Groceries,Supermarkets ,Salesperson,Limited Time Treasures,799126.73,299,2672.66,509.07,4998.70
Groceries,Supermarkets ,Salesperson,Loyalty Rewards Blast,853363.77,296,2882.99,508.57,4993.48
Groceries,Supermarkets ,Salesperson,Mega Weekend Bonanza,756670.90,269,2812.90,507.71,4998.94
Groceries,Supermarkets ,Salesperson,Mid-Year Madness,785596.58,289,2718.33,513.15,4995.65
Groceries,Supermarkets ,Salesperson,Midnight Madness,833698.79,305,2733.44,505.05,4981.40
Groceries,Supermarkets ,Salesperson,Mystery Discount Days,865530.06,316,2739.02,534.55,4962.69
Groceries,Supermarkets ,Salesperson,New Arrival Showcase,859918.65,317,2712.68,532.48,4995.23
Groceries,Supermarkets ,Salesperson,New Product Launch Promo,770737.27,291,2648.58,516.73,4953.62
Groceries,Supermarkets ,Salesperson,New Year Kickoff,767024.83,290,2644.91,513.17,4991.55
Groceries,Supermarkets ,Salesperson,Price Drop Parade,820505.16,287,2858.90,507.10,4999.50
Groceries,Supermarkets ,Salesperson,Red Tag Clearance,711576.30,277,2568.87,524.18,4995.93
Groceries,Supermarkets ,Salesperson,Seasonal Surprise Box,735060.41,263,2794.91,517.13,4991.34
Groceries,Supermarkets ,Salesperson,Shop & Save Spectacular,863441.15,310,2785.29,508.47,4984.86
Groceries,Supermarkets ,Salesperson,Smart Shopper Week,880620.30,318,2769.25,516.91,4991.20
Groceries,Supermarkets ,Salesperson,Spring Refresh Event,802845.00,296,2712.31,520.77,4995.22
Groceries,Supermarkets ,Salesperson,Spring Splash Discounts,819130.27,292,2805.24,539.19,4988.22
Groceries,Supermarkets ,Salesperson,Summer Sizzle Promo,847123.23,309,2741.50,527.95,4976.48
Groceries,Supermarkets ,Salesperson,Super Savings Week,897174.92,324,2769.06,521.03,4990.58
Groceries,Supermarkets ,Salesperson,Ultimate Value Event,751124.00,280,2682.59,569.45,4997.42
Groceries,Supermarkets ,Salesperson,VIP Access Sale,834346.15,305,2735.56,508.05,4988.45
Groceries,Supermarkets ,Salesperson,Weekend Warrior Specials,823139.94,294,2799.80,502.46,4966.74
Groceries,Supermarkets ,Salesperson,Winter Clearance Carnival,822324.07,295,2787.54,502.13,4996.82
Groceries,Supermarkets ,Salesperson,Winter Wonders Sale,838245.98,305,2748.35,505.32,4999.85
Groceries,Supermarkets ,Senior Salesperson,12 Days of Deals,742499.97,278,2670.86,507.40,4962.98
Groceries,Supermarkets ,Senior Salesperson,Autumn Deals Drive,728182.95,267,2727.28,511.04,4964.87
Groceries,Supermarkets ,Senior Salesperson,BOGO Blitz,709566.16,266,2667.54,541.01,4996.77
Groceries,Supermarkets ,Senior Salesperson,Back to School Boost,759529.36,271,2802.69,505.29,4978.66
Groceries,Supermarkets ,Senior Salesperson,Birthday Bash Sale,738710.87,262,2819.51,509.05,4997.17
Groceries,Supermarkets ,Senior Salesperson,Black Friday Blowout,710819.02,249,2854.69,505.81,4965.06
Groceries,Supermarkets ,Senior Salesperson,Cart Crasher Campaign,670903.45,254,2641.35,514.16,4999.82
Groceries,Supermarkets ,Senior Salesperson,Cashback Carnival,664264.71,251,2646.47,505.38,4960.13
Groceries,Supermarkets ,Senior Salesperson,Clearance Countdown,693823.70,245,2831.93,541.85,4984.14
Groceries,Supermarkets ,Senior Salesperson,Countdown to Savings,762308.37,280,2722.53,519.37,4984.69
Groceries,Supermarkets ,Senior Salesperson,Customer Appreciation Week,714020.73,252,2833.42,502.24,4954.81
Groceries,Supermarkets ,Senior Salesperson,Cyber Monday Mania,675535.63,238,2838.38,507.95,4985.88
Groceries,Supermarkets ,Senior Salesperson,Deal of the Month,708585.99,250,2834.34,507.71,4986.94
Groceries,Supermarkets ,Senior Salesperson,Double Points Bonanza,575944.53,215,2678.81,512.98,4965.12
Groceries,Supermarkets ,Senior Salesperson,Early Bird Specials,676284.02,240,2817.85,512.96,4975.78
Groceries,Supermarkets ,Senior Salesperson,End of Season Sale,794520.89,286,2778.05,517.26,4938.08
Groceries,Supermarkets ,Senior Salesperson,Exclusive Insider Offers,739401.80,270,2738.53,504.09,4980.47
Groceries,Supermarkets ,Senior Salesperson,Festive Fever Promo,728990.22,265,2750.91,544.66,4997.65
Groceries,Supermarkets ,Senior Salesperson,Final Call Frenzy,653723.46,233,2805.68,541.81,4987.51
Groceries,Supermarkets ,Senior Salesperson,Flash Frenzy Friday,680232.96,239,2846.16,521.79,4985.90
Groceries,Supermarkets ,Senior Salesperson,"Gift More, Spend Less",723005.83,264,2738.66,509.60,4991.67
Groceries,Supermarkets ,Senior Salesperson,Golden Hour Bargains,667795.37,249,2681.91,504.64,4982.02
Groceries,Supermarkets ,Senior Salesperson,Green Weekend Deals,776583.36,283,2744.11,508.74,4994.70
Groceries,Supermarkets ,Senior Salesperson,Happy Hour Discounts,732739.87,265,2765.06,507.68,4995.84
Groceries,Supermarkets ,Senior Salesperson,Holiday Shopping Rush,639297.47,253,2526.87,521.68,4992.47
Groceries,Supermarkets ,Senior Salesperson,Hot Picks Promo,767600.68,279,2751.26,522.20,4999.88
Groceries,Supermarkets ,Senior Salesperson,Instant Gratification Sale,704210.73,254,2772.48,500.03,4987.65
Groceries,Supermarkets ,Senior Salesperson,Limited Time Treasures,824278.50,288,2862.08,500.84,4994.82
Groceries,Supermarkets ,Senior Salesperson,Loyalty Rewards Blast,761881.81,276,2760.44,539.76,4968.31
Groceries,Supermarkets ,Senior Salesperson,Mega Weekend Bonanza,803340.02,283,2838.66,507.42,4975.12
Groceries,Supermarkets ,Senior Salesperson,Mid-Year Madness,773782.27,276,2803.56,513.32,4978.01
Groceries,Supermarkets ,Senior Salesperson,Midnight Madness,694854.23,260,2672.52,511.10,4982.50
Groceries,Supermarkets ,Senior Salesperson,Mystery Discount Days,634399.48,247,2568.42,503.39,4977.87
Groceries,Supermarkets ,Senior Salesperson,New Arrival Showcase,766223.84,282,2717.11,511.64,4990.33
Groceries,Supermarkets ,Senior Salesperson,New Product Launch Promo,691429.68,264,2619.05,519.54,4988.26
Groceries,Supermarkets ,Senior Salesperson,New Year Kickoff,733559.41,270,2716.89,531.60,4982.60
Groceries,Supermarkets ,Senior Salesperson,Price Drop Parade,718461.29,258,2784.73,504.15,4988.77
Groceries,Supermarkets ,Senior Salesperson,Red Tag Clearance,731989.29,263,2783.23,506.29,4986.36
Groceries,Supermarkets ,Senior Salesperson,Seasonal Surprise Box,691804.74,253,2734.41,519.49,4991.25
Groceries,Supermarkets ,Senior Salesperson,Shop & Save Spectacular,585454.26,212,2761.58,544.93,4993.94
Groceries,Supermarkets ,Senior Salesperson,Smart Shopper Week,693442.27,246,2818.87,515.37,4978.98
Groceries,Supermarkets ,Senior Salesperson,Spring Refresh Event,759968.61,267,2846.32,517.46,4986.34
Groceries,Supermarkets ,Senior Salesperson,Spring Splash Discounts,695503.26,256,2716.81,509.08,4991.29
Groceries,Supermarkets ,Senior Salesperson,Summer Sizzle Promo,699149.90,258,2709.88,530.03,4981.75
Groceries,Supermarkets ,Senior Salesperson,Super Savings Week,728576.96,271,2688.48,511.54,4999.88
Groceries,Supermarkets ,Senior Salesperson,Ultimate Value Event,729119.75,283,2576.39,533.87,4987.11
Groceries,Supermarkets ,Senior Salesperson,VIP Access Sale,863233.64,304,2839.58,509.80,4997.93
Groceries,Supermarkets ,Senior Salesperson,Weekend Warrior Specials,682533.85,248,2752.15,525.87,4967.39
Groceries,Supermarkets ,Senior Salesperson,Winter Clearance Carnival,694705.54,248,2801.23,507.50,4996.69
Groceries,Supermarkets ,Senior Salesperson,Winter Wonders Sale,713232.31,260,2743.20,509.00,4984.95
Home Appliances,Large Malls / Complexes,Manager,12 Days of Deals,635567.30,238,2670.45,516.24,4997.95
Home Appliances,Large Malls / Complexes,Manager,Autumn Deals Drive,814078.42,299,2722.67,501.18,4989.53
Home Appliances,Large Malls / Complexes,Manager,BOGO Blitz,718241.52,265,2710.35,509.99,4984.36
Home Appliances,Large Malls / Complexes,Manager,Back to School Boost,785427.25,289,2717.74,530.98,4997.76
Home Appliances,Large Malls / Complexes,Manager,Birthday Bash Sale,780827.98,286,2730.17,509.03,4996.64
Home Appliances,Large Malls / Complexes,Manager,Black Friday Blowout,717450.73,263,2727.95,503.07,4986.53
Home Appliances,Large Malls / Complexes,Manager,Cart Crasher Campaign,752459.37,271,2776.60,503.85,4965.79
Home Appliances,Large Malls / Complexes,Manager,Cashback Carnival,732778.30,260,2818.38,532.90,4997.90
Home Appliances,Large Malls / Complexes,Manager,Clearance Countdown,736403.62,265,2778.88,515.09,4989.41
Home Appliances,Large Malls / Complexes,Manager,Countdown to Savings,678761.31,259,2620.70,504.79,4994.73
Home Appliances,Large Malls / Complexes,Manager,Customer Appreciation Week,742897.08,273,2721.23,526.72,4959.06
Home Appliances,Large Malls / Complexes,Manager,Cyber Monday Mania,686246.53,258,2659.87,511.88,4967.59
Home Appliances,Large Malls / Complexes,Manager,Deal of the Month,804209.37,287,2802.12,500.90,4996.40
Home Appliances,Large Malls / Complexes,Manager,Double Points Bonanza,762920.77,278,2744.32,519.13,4991.13
Home Appliances,Large Malls / Complexes,Manager,Early Bird Specials,742753.73,269,2761.17,502.49,4985.39
Home Appliances,Large Malls / Complexes,Manager,End of Season Sale,810871.17,286,2835.21,530.84,4974.81
Home Appliances,Large Malls / Complexes,Manager,Exclusive Insider Offers,719354.71,247,2912.37,511.95,4968.27
Home Appliances,Large Malls / Complexes,Manager,Festive Fever Promo,773918.28,280,2763.99,507.88,4975.42
Home Appliances,Large Malls / Complexes,Manager,Final Call Frenzy,820096.82,297,2761.27,520.49,4940.28
Home Appliances,Large Malls / Complexes,Manager,Flash Frenzy Friday,784510.95,275,2852.77,500.13,4996.85
Home Appliances,Large Malls / Complexes,Manager,"Gift More, Spend Less",716467.24,273,2624.42,506.87,4999.74
Home Appliances,Large Malls / Complexes,Manager,Golden Hour Bargains,722451.47,267,2705.81,517.65,4995.77
Home Appliances,Large Malls / Complexes,Manager,Green Weekend Deals,719745.27,271,2655.89,526.09,4988.41
Home Appliances,Large Malls / Complexes,Manager,Happy Hour Discounts,781077.93,279,2799.56,510.48,4985.88
Home Appliances,Large Malls / Complexes,Manager,Holiday Shopping Rush,748788.07,274,2732.80,534.28,4997.27
Home Appliances,Large Malls / Complexes,Manager,Hot Picks Promo,875638.73,308,2842.98,510.42,4953.12
Home Appliances,Large Malls / Complexes,Manager,Instant Gratification Sale,696261.38,252,2762.94,504.46,4953.36
Home Appliances,Large Malls / Complexes,Manager,Limited Time Treasures,803999.43,283,2840.99,505.55,4969.59
Home Appliances,Large Malls / Complexes,Manager,Loyalty Rewards Blast,750930.00,272,2760.77,505.77,4980.61
Home Appliances,Large Malls / Complexes,Manager,Mega Weekend Bonanza,745040.38,272,2739.12,502.30,4959.30
Home Appliances,Large Malls / Complexes,Manager,Mid-Year Madness,680182.55,256,2656.96,510.03,4998.26
Home Appliances,Large Malls / Complexes,Manager,Midnight Madness,677686.32,256,2647.21,521.02,4969.72
Home Appliances,Large Malls / Complexes,Manager,Mystery Discount Days,699242.94,260,2689.40,508.14,4982.52
Home Appliances,Large Malls / Complexes,Manager,New Arrival Showcase,784179.92,292,2685.55,507.37,4996.75
Home Appliances,Large Malls / Complexes,Manager,New Product Launch Promo,709288.83,251,2825.85,509.54,4995.22
Home Appliances,Large Malls / Complexes,Manager,New Year Kickoff,746130.66,261,2858.74,507.98,4974.38
Home Appliances,Large Malls / Complexes,Manager,Price Drop Parade,726166.60,274,2650.24,518.40,4987.17
Home Appliances,Large Malls / Complexes,Manager,Red Tag Clearance,662429.36,244,2714.87,500.88,4998.91
Home Appliances,Large Malls / Complexes,Manager,Seasonal Surprise Box,688789.07,253,2722.49,501.18,4989.03
Home Appliances,Large Malls / Complexes,Manager,Shop & Save Spectacular,749386.57,270,2775.51,520.81,4969.04
Home Appliances,Large Malls / Complexes,Manager,Smart Shopper Week,648448.73,237,2736.07,510.10,4976.44
Home Appliances,Large Malls / Complexes,Manager,Spring Refresh Event,741491.98,269,2756.48,508.04,4987.43
Home Appliances,Large Malls / Complexes,Manager,Spring Splash Discounts,717881.86,270,2658.82,514.57,4998.92
Home Appliances,Large Malls / Complexes,Manager,Summer Sizzle Promo,691555.82,253,2733.42,502.20,4996.11
Home Appliances,Large Malls / Complexes,Manager,Super Savings Week,698910.34,254,2751.62,500.28,4996.22
Home Appliances,Large Malls / Complexes,Manager,Ultimate Value Event,671933.23,250,2687.73,516.38,4999.91
Home Appliances,Large Malls / Complexes,Manager,VIP Access Sale,705982.86,253,2790.45,545.62,4994.22
Home Appliances,Large Malls / Complexes,Manager,Weekend Warrior Specials,703451.30,254,2769.49,505.78,4964.32
Home Appliances,Large Malls / Complexes,Manager,Winter Clearance Carnival,718858.19,254,2830.15,514.53,4980.25
Home Appliances,Large Malls / Complexes,Manager,Winter Wonders Sale,809603.71,283,2860.79,514.98,4990.42
Home Appliances,Large Malls / Complexes,Sales Associate,12 Days of Deals,794312.25,301,2638.91,531.47,4990.03
Home Appliances,Large Malls / Complexes,Sales Associate,Autumn Deals Drive,772395.81,284,2719.70,509.65,4988.25
Home Appliances,Large Malls / Complexes,Sales Associate,BOGO Blitz,818491.50,283,2892.20,503.66,4968.29
Home Appliances,Large Malls / Complexes,Sales Associate,Back to School Boost,779739.46,270,2887.92,529.02,4989.51
Home Appliances,Large Malls / Complexes,Sales Associate,Birthday Bash Sale,805622.78,290,2778.01,518.23,4996.94
Home Appliances,Large Malls / Complexes,Sales Associate,Black Friday Blowout,753944.71,276,2731.68,509.61,4991.37
Home Appliances,Large Malls / Complexes,Sales Associate,Cart Crasher Campaign,745410.58,279,2671.72,532.23,4994.64
Home Appliances,Large Malls / Complexes,Sales Associate,Cashback Carnival,787427.87,283,2782.43,511.18,4986.49
Home Appliances,Large Malls / Complexes,Sales Associate,Clearance Countdown,798424.38,286,2791.69,511.35,4982.16
Home Appliances,Large Malls / Complexes,Sales Associate,Countdown to Savings,760191.60,272,2794.82,518.31,4994.99
Home Appliances,Large Malls / Complexes,Sales Associate,Customer Appreciation Week,783103.12,281,2786.84,502.70,4996.86
Home Appliances,Large Malls / Complexes,Sales Associate,Cyber Monday Mania,727356.24,273,2664.31,504.93,4995.39
Home Appliances,Large Malls / Complexes,Sales Associate,Deal of the Month,681039.53,259,2629.50,501.60,4983.08
Home Appliances,Large Malls / Complexes,Sales Associate,Double Points Bonanza,818685.45,279,2934.36,522.00,4996.08
Home Appliances,Large Malls / Complexes,Sales Associate,Early Bird Specials,825675.01,310,2663.47,503.83,4983.43
Home Appliances,Large Malls / Complexes,Sales Associate,End of Season Sale,770532.43,292,2638.81,529.38,4973.08
Home Appliances,Large Malls / Complexes,Sales Associate,Exclusive Insider Offers,742412.73,273,2719.46,513.00,4998.02
Home Appliances,Large Malls / Complexes,Sales Associate,Festive Fever Promo,652574.81,262,2490.74,500.36,4996.92
Home Appliances,Large Malls / Complexes,Sales Associate,Final Call Frenzy,795114.30,285,2789.87,534.48,4997.52
Home Appliances,Large Malls / Complexes,Sales Associate,Flash Frenzy Friday,803241.73,290,2769.80,508.78,4985.00
Home Appliances,Large Malls / Complexes,Sales Associate,"Gift More, Spend Less",754100.81,267,2824.35,515.29,4993.57
Home Appliances,Large Malls / Complexes,Sales Associate,Golden Hour Bargains,744499.86,264,2820.08,524.79,4956.99
Home Appliances,Large Malls / Complexes,Sales Associate,Green Weekend Deals,749491.65,284,2639.06,502.66,4993.63
Home Appliances,Large Malls / Complexes,Sales Associate,Happy Hour Discounts,869302.63,306,2840.86,504.73,4992.76
Home Appliances,Large Malls / Complexes,Sales Associate,Holiday Shopping Rush,738877.07,265,2788.22,511.58,4987.27
Home Appliances,Large Malls / Complexes,Sales Associate,Hot Picks Promo,745547.98,281,2653.20,519.69,4978.11
Home Appliances,Large Malls / Complexes,Sales Associate,Instant Gratification Sale,833716.62,303,2751.54,501.53,4950.95
Home Appliances,Large Malls / Complexes,Sales Associate,Limited Time Treasures,741708.24,276,2687.35,507.19,4986.00
Home Appliances,Large Malls / Complexes,Sales Associate,Loyalty Rewards Blast,657214.99,254,2587.46,504.89,4981.19
Home Appliances,Large Malls / Complexes,Sales Associate,Mega Weekend Bonanza,774414.51,282,2746.15,502.05,4992.43
Home Appliances,Large Malls / Complexes,Sales Associate,Mid-Year Madness,736245.68,273,2696.87,506.60,4943.37
Home Appliances,Large Malls / Complexes,Sales Associate,Midnight Madness,731381.83,278,2630.87,510.68,4991.51
Home Appliances,Large Malls / Complexes,Sales Associate,Mystery Discount Days,761587.74,287,2653.62,506.37,4989.29
Home Appliances,Large Malls / Complexes,Sales Associate,New Arrival Showcase,681373.30,248,2747.47,516.09,4995.63
Home Appliances,Large Malls / Complexes,Sales Associate,New Product Launch Promo,802419.46,295,2720.07,504.31,4999.48
Home Appliances,Large Malls / Complexes,Sales Associate,New Year Kickoff,770343.36,272,2832.14,509.52,4994.13
Home Appliances,Large Malls / Complexes,Sales Associate,Price Drop Parade,798998.53,287,2783.97,512.13,4989.69
Home Appliances,Large Malls / Complexes,Sales Associate,Red Tag Clearance,687170.25,248,2770.85,526.33,4991.28
Home Appliances,Large Malls / Complexes,Sales Associate,Seasonal Surprise Box,749926.85,274,2736.96,505.59,4998.58
Home Appliances,Large Malls / Complexes,Sales Associate,Shop & Save Spectacular,726655.55,268,2711.40,509.98,4996.07
Home Appliances,Large Malls / Complexes,Sales Associate,Smart Shopper Week,758143.99,266,2850.17,526.84,4990.93
Home Appliances,Large Malls / Complexes,Sales Associate,Spring Refresh Event,822184.69,296,2777.65,501.78,4987.43
Home Appliances,Large Malls / Complexes,Sales Associate,Spring Splash Discounts,711955.79,261,2727.80,588.98,4996.52
Home Appliances,Large Malls / Complexes,Sales Associate,Summer Sizzle Promo,747271.84,268,2788.33,502.08,4980.77
Home Appliances,Large Malls / Complexes,Sales Associate,Super Savings Week,838594.61,307,2731.58,528.21,4998.47
Home Appliances,Large Malls / Complexes,Sales Associate,Ultimate Value Event,800014.97,289,2768.22,512.34,4997.27
Home Appliances,Large Malls / Complexes,Sales Associate,VIP Access Sale,788932.63,292,2701.82,500.93,4985.80
Home Appliances,Large Malls / Complexes,Sales Associate,Weekend Warrior Specials,857683.54,306,2802.89,561.64,4964.78
Home Appliances,Large Malls / Complexes,Sales Associate,Winter Clearance Carnival,733072.53,279,2627.50,523.72,4987.30
Home Appliances,Large Malls / Complexes,Sales Associate,Winter Wonders Sale,768377.88,273,2814.57,514.31,4999.74
Home Appliances,Large Malls / Complexes,Salesperson,12 Days of Deals,777650.72,289,2690.83,518.48,4995.00
Home Appliances,Large Malls / Complexes,Salesperson,Autumn Deals Drive,778641.15,296,2630.54,519.81,4995.61
Home Appliances,Large Malls / Complexes,Salesperson,BOGO Blitz,820910.26,287,2860.31,521.72,4991.95
Home Appliances,Large Malls / Complexes,Salesperson,Back to School Boost,795674.56,284,2801.67,522.15,4979.77
Home Appliances,Large Malls / Complexes,Salesperson,Birthday Bash Sale,710468.64,270,2631.37,517.97,4980.60
Home Appliances,Large Malls / Complexes,Salesperson,Black Friday Blowout,762127.37,274,2781.49,511.75,4974.73
Home Appliances,Large Malls / Complexes,Salesperson,Cart Crasher Campaign,835003.51,296,2820.96,510.35,4984.35
Home Appliances,Large Malls / Complexes,Salesperson,Cashback Carnival,796168.69,287,2774.11,513.18,4963.71
Home Appliances,Large Malls / Complexes,Salesperson,Clearance Countdown,739794.11,256,2889.82,536.39,4989.53
Home Appliances,Large Malls / Complexes,Salesperson,Countdown to Savings,734745.23,272,2701.27,508.15,4998.03
Home Appliances,Large Malls / Complexes,Salesperson,Customer Appreciation Week,757834.76,288,2631.37,525.18,4990.07
Home Appliances,Large Malls / Complexes,Salesperson,Cyber Monday Mania,753622.28,266,2833.17,551.19,4992.38
Home Appliances,Large Malls / Complexes,Salesperson,Deal of the Month,732122.28,251,2916.82,502.14,4997.58
Home Appliances,Large Malls / Complexes,Salesperson,Double Points Bonanza,671985.22,247,2720.59,510.32,4994.58
Home Appliances,Large Malls / Complexes,Salesperson,Early Bird Specials,694646.52,249,2789.75,500.92,4994.00
Home Appliances,Large Malls / Complexes,Salesperson,End of Season Sale,702719.03,256,2745.00,517.57,4991.36
Home Appliances,Large Malls / Complexes,Salesperson,Exclusive Insider Offers,787957.31,292,2698.48,503.60,4999.90
Home Appliances,Large Malls / Complexes,Salesperson,Festive Fever Promo,799325.20,275,2906.64,534.29,4959.77
Home Appliances,Large Malls / Complexes,Salesperson,Final Call Frenzy,791519.60,287,2757.91,531.21,4999.75
Home Appliances,Large Malls / Complexes,Salesperson,Flash Frenzy Friday,734599.41,266,2761.65,538.50,4998.72
Home Appliances,Large Malls / Complexes,Salesperson,"Gift More, Spend Less",676232.67,254,2662.33,503.14,4954.12
Home Appliances,Large Malls / Complexes,Salesperson,Golden Hour Bargains,813198.41,285,2853.33,526.50,4993.31
Home Appliances,Large Malls / Complexes,Salesperson,Green Weekend Deals,779599.05,282,2764.54,504.78,4985.76
Home Appliances,Large Malls / Complexes,Salesperson,Happy Hour Discounts,774992.62,281,2757.98,515.80,4980.26
Home Appliances,Large Malls / Complexes,Salesperson,Holiday Shopping Rush,762146.79,285,2674.20,527.04,4994.33
Home Appliances,Large Malls / Complexes,Salesperson,Hot Picks Promo,742220.97,259,2865.72,564.86,4991.02
Home Appliances,Large Malls / Complexes,Salesperson,Instant Gratification Sale,718943.25,262,2744.06,504.58,4989.05
Home Appliances,Large Malls / Complexes,Salesperson,Limited Time Treasures,707894.23,272,2602.55,510.98,4984.03
Home Appliances,Large Malls / Complexes,Salesperson,Loyalty Rewards Blast,765534.08,277,2763.66,503.96,4998.98
Home Appliances,Large Malls / Complexes,Salesperson,Mega Weekend Bonanza,703434.23,255,2758.57,503.23,4998.42
Home Appliances,Large Malls / Complexes,Salesperson,Mid-Year Madness,815861.41,294,2775.04,523.24,4991.40
Home Appliances,Large Malls / Complexes,Salesperson,Midnight Madness,703539.95,272,2586.54,523.48,4994.87
Home Appliances,Large Malls / Complexes,Salesperson,Mystery Discount Days,730430.02,272,2685.40,502.59,4999.42
Home Appliances,Large Malls / Complexes,Salesperson,New Arrival Showcase,753855.91,279,2701.99,501.45,4986.89
Home Appliances,Large Malls / Complexes,Salesperson,New Product Launch Promo,749898.91,279,2687.81,500.80,4971.54
Home Appliances,Large Malls / Complexes,Salesperson,New Year Kickoff,738277.93,268,2754.77,535.34,4972.54
Home Appliances,Large Malls / Complexes,Salesperson,Price Drop Parade,824757.28,297,2776.96,532.25,4992.73
Home Appliances,Large Malls / Complexes,Salesperson,Red Tag Clearance,693841.15,261,2658.40,539.02,4980.87
Home Appliances,Large Malls / Complexes,Salesperson,Seasonal Surprise Box,741339.05,273,2715.53,513.81,4998.13
Home Appliances,Large Malls / Complexes,Salesperson,Shop & Save Spectacular,831910.10,288,2888.58,511.32,4974.57
Home Appliances,Large Malls / Complexes,Salesperson,Smart Shopper Week,778019.65,279,2788.60,524.75,4991.28
Home Appliances,Large Malls / Complexes,Salesperson,Spring Refresh Event,719656.28,250,2878.63,516.63,4981.21
Home Appliances,Large Malls / Complexes,Salesperson,Spring Splash Discounts,832487.26,292,2850.98,504.57,4991.07
Home Appliances,Large Malls / Complexes,Salesperson,Summer Sizzle Promo,825734.09,296,2789.64,515.39,4998.36
Home Appliances,Large Malls / Complexes,Salesperson,Super Savings Week,731392.19,260,2813.05,510.14,4993.31
Home Appliances,Large Malls / Complexes,Salesperson,Ultimate Value Event,796539.20,292,2727.87,517.44,4995.58
Home Appliances,Large Malls / Complexes,Salesperson,VIP Access Sale,728494.10,266,2738.70,500.61,4972.72
Home Appliances,Large Malls / Complexes,Salesperson,Weekend Warrior Specials,814545.10,287,2838.14,519.68,4990.26
Home Appliances,Large Malls / Complexes,Salesperson,Winter Clearance Carnival,685087.95,253,2707.86,502.95,4980.20
Home Appliances,Large Malls / Complexes,Salesperson,Winter Wonders Sale,737139.52,275,2680.51,500.27,4969.24
Home Appliances,Large Malls / Complexes,Senior Salesperson,12 Days of Deals,763686.39,273,2797.39,509.29,4982.45
Home Appliances,Large Malls / Complexes,Senior Salesperson,Autumn Deals Drive,626327.53,239,2620.62,523.11,4994.72
Home Appliances,Large Malls / Complexes,Senior Salesperson,BOGO Blitz,640917.13,234,2738.96,525.80,4982.76
Home Appliances,Large Malls / Complexes,Senior Salesperson,Back to School Boost,642565.97,232,2769.68,545.52,4991.85
Home Appliances,Large Malls / Complexes,Senior Salesperson,Birthday Bash Sale,634638.16,233,2723.77,521.13,4940.52
Home Appliances,Large Malls / Complexes,Senior Salesperson,Black Friday Blowout,662580.50,238,2783.95,525.85,4995.14
Home Appliances,Large Malls / Complexes,Senior Salesperson,Cart Crasher Campaign,651971.12,225,2897.65,519.43,4998.01
Home Appliances,Large Malls / Complexes,Senior Salesperson,Cashback Carnival,637991.70,227,2810.54,535.35,4992.51
Home Appliances,Large Malls / Complexes,Senior Salesperson,Clearance Countdown,589236.32,220,2678.35,532.88,4989.38
Home Appliances,Large Malls / Complexes,Senior Salesperson,Countdown to Savings,699670.10,252,2776.47,527.07,4999.30
Home Appliances,Large Malls / Complexes,Senior Salesperson,Customer Appreciation Week,572027.79,210,2723.94,513.69,4997.57
Home Appliances,Large Malls / Complexes,Senior Salesperson,Cyber Monday Mania,623033.25,239,2606.83,557.02,4958.99
Home Appliances,Large Malls / Complexes,Senior Salesperson,Deal of the Month,612808.56,225,2723.59,502.44,4999.41
Home Appliances,Large Malls / Complexes,Senior Salesperson,Double Points Bonanza,726915.60,260,2795.83,532.31,4996.68
Home Appliances,Large Malls / Complexes,Senior Salesperson,Early Bird Specials,676394.22,246,2749.57,505.94,4994.29
Home Appliances,Large Malls / Complexes,Senior Salesperson,End of Season Sale,746122.41,254,2937.49,509.35,4940.10
Home Appliances,Large Malls / Complexes,Senior Salesperson,Exclusive Insider Offers,654794.95,250,2619.18,537.70,4994.72
Home Appliances,Large Malls / Complexes,Senior Salesperson,Festive Fever Promo,660866.50,242,2730.85,521.22,4997.98
Home Appliances,Large Malls / Complexes,Senior Salesperson,Final Call Frenzy,666510.63,241,2765.60,521.75,4998.16
Home Appliances,Large Malls / Complexes,Senior Salesperson,Flash Frenzy Friday,702105.24,257,2731.93,512.53,4991.73
Home Appliances,Large Malls / Complexes,Senior Salesperson,"Gift More, Spend Less",726873.11,266,2732.61,521.43,4985.21
Home Appliances,Large Malls / Complexes,Senior Salesperson,Golden Hour Bargains,624790.22,231,2704.72,500.71,4971.10
Home Appliances,Large Malls / Complexes,Senior Salesperson,Green Weekend Deals,688508.15,250,2754.03,503.05,4998.83
Home Appliances,Large Malls / Complexes,Senior Salesperson,Happy Hour Discounts,671469.61,252,2664.56,511.76,4981.54
Home Appliances,Large Malls / Complexes,Senior Salesperson,Holiday Shopping Rush,667679.24,244,2736.39,548.07,4986.26
Home Appliances,Large Malls / Complexes,Senior Salesperson,Hot Picks Promo,770254.69,282,2731.40,501.49,4991.00
Home Appliances,Large Malls / Complexes,Senior Salesperson,Instant Gratification Sale,600313.36,225,2668.06,509.24,4982.10
Home Appliances,Large Malls / Complexes,Senior Salesperson,Limited Time Treasures,680231.25,254,2678.08,507.53,4999.73
Home Appliances,Large Malls / Complexes,Senior Salesperson,Loyalty Rewards Blast,617434.50,220,2806.52,530.00,4978.86
Home Appliances,Large Malls / Complexes,Senior Salesperson,Mega Weekend Bonanza,697725.71,252,2768.75,580.43,4954.73
Home Appliances,Large Malls / Complexes,Senior Salesperson,Mid-Year Madness,561717.75,199,2822.70,500.33,4996.90
Home Appliances,Large Malls / Complexes,Senior Salesperson,Midnight Madness,548501.26,213,2575.12,510.44,4927.54
Home Appliances,Large Malls / Complexes,Senior Salesperson,Mystery Discount Days,618467.04,221,2798.49,520.51,4957.44
Home Appliances,Large Malls / Complexes,Senior Salesperson,New Arrival Showcase,762665.01,269,2835.19,545.24,4995.95
Home Appliances,Large Malls / Complexes,Senior Salesperson,New Product Launch Promo,698255.66,248,2815.55,531.53,4997.06
Home Appliances,Large Malls / Complexes,Senior Salesperson,New Year Kickoff,643466.73,229,2809.90,511.75,4989.85
Home Appliances,Large Malls / Complexes,Senior Salesperson,Price Drop Parade,608332.78,223,2727.95,530.65,4972.63
Home Appliances,Large Malls / Complexes,Senior Salesperson,Red Tag Clearance,700375.98,252,2779.27,524.22,4990.08
Home Appliances,Large Malls / Complexes,Senior Salesperson,Seasonal Surprise Box,637060.13,228,2794.12,520.54,4972.80
Home Appliances,Large Malls / Complexes,Senior Salesperson,Shop & Save Spectacular,622516.63,232,2683.26,525.52,4986.00
Home Appliances,Large Malls / Complexes,Senior Salesperson,Smart Shopper Week,719149.08,262,2744.84,513.31,4999.94
Home Appliances,Large Malls / Complexes,Senior Salesperson,Spring Refresh Event,579534.82,237,2445.29,505.17,4957.86
Home Appliances,Large Malls / Complexes,Senior Salesperson,Spring Splash Discounts,682376.73,245,2785.21,518.89,4995.52
Home Appliances,Large Malls / Complexes,Senior Salesperson,Summer Sizzle Promo,658400.88,237,2778.06,512.86,4989.20
Home Appliances,Large Malls / Complexes,Senior Salesperson,Super Savings Week,700316.14,262,2672.96,507.63,4987.77
Home Appliances,Large Malls / Complexes,Senior Salesperson,Ultimate Value Event,631035.83,230,2743.63,529.28,4986.43
Home Appliances,Large Malls / Complexes,Senior Salesperson,VIP Access Sale,641547.64,241,2662.02,501.55,4999.37
Home Appliances,Large Malls / Complexes,Senior Salesperson,Weekend Warrior Specials,688826.63,250,2755.31,509.62,4995.52
Home Appliances,Large Malls / Complexes,Senior Salesperson,Winter Clearance Carnival,634582.30,229,2771.10,509.17,4991.60
Home Appliances,Large Malls / Complexes,Senior Salesperson,Winter Wonders Sale,678369.14,245,2768.85,521.22,4986.53
Home Appliances,Small Stores / Shops,Manager,12 Days of Deals,739534.85,276,2679.47,509.06,4994.82
Home Appliances,Small Stores / Shops,Manager,Autumn Deals Drive,750167.77,297,2525.82,506.90,4997.76
Home Appliances,Small Stores / Shops,Manager,BOGO Blitz,845941.47,293,2887.17,502.79,4997.06
Home Appliances,Small Stores / Shops,Manager,Back to School Boost,778996.73,280,2782.13,520.38,4995.60
Home Appliances,Small Stores / Shops,Manager,Birthday Bash Sale,815631.01,296,2755.51,500.93,4993.71
Home Appliances,Small Stores / Shops,Manager,Black Friday Blowout,790705.10,302,2618.23,506.66,4949.38
Home Appliances,Small Stores / Shops,Manager,Cart Crasher Campaign,734749.33,263,2793.72,539.04,4998.46
Home Appliances,Small Stores / Shops,Manager,Cashback Carnival,765378.06,278,2753.16,524.39,4985.22
Home Appliances,Small Stores / Shops,Manager,Clearance Countdown,714377.17,264,2705.97,513.39,4981.27
Home Appliances,Small Stores / Shops,Manager,Countdown to Savings,811123.10,286,2836.09,529.42,4974.20
Home Appliances,Small Stores / Shops,Manager,Customer Appreciation Week,756127.54,267,2831.94,512.13,4977.09
Home Appliances,Small Stores / Shops,Manager,Cyber Monday Mania,899930.18,324,2777.56,502.61,4982.24
Home Appliances,Small Stores / Shops,Manager,Deal of the Month,692168.95,260,2662.19,522.64,4934.99
Home Appliances,Small Stores / Shops,Manager,Double Points Bonanza,776433.81,295,2631.98,503.85,4998.02
Home Appliances,Small Stores / Shops,Manager,Early Bird Specials,872763.20,302,2889.94,536.36,4999.06
Home Appliances,Small Stores / Shops,Manager,End of Season Sale,804952.83,293,2747.28,523.16,4986.21
Home Appliances,Small Stores / Shops,Manager,Exclusive Insider Offers,750080.01,274,2737.52,501.41,4996.02
Home Appliances,Small Stores / Shops,Manager,Festive Fever Promo,793294.12,302,2626.80,521.67,4963.38
Home Appliances,Small Stores / Shops,Manager,Final Call Frenzy,703347.59,264,2664.20,511.25,4965.45
Home Appliances,Small Stores / Shops,Manager,Flash Frenzy Friday,736669.66,283,2603.07,504.30,4985.89
Home Appliances,Small Stores / Shops,Manager,"Gift More, Spend Less",722057.72,268,2694.25,510.76,4953.42
Home Appliances,Small Stores / Shops,Manager,Golden Hour Bargains,803863.16,289,2781.53,519.85,4992.88
Home Appliances,Small Stores / Shops,Manager,Green Weekend Deals,754889.78,270,2795.89,520.03,4997.45
Home Appliances,Small Stores / Shops,Manager,Happy Hour Discounts,741766.14,283,2621.08,503.25,4969.19
Home Appliances,Small Stores / Shops,Manager,Holiday Shopping Rush,771250.22,287,2687.28,516.62,4996.83
Home Appliances,Small Stores / Shops,Manager,Hot Picks Promo,747736.76,282,2651.55,502.22,4959.22
Home Appliances,Small Stores / Shops,Manager,Instant Gratification Sale,795223.17,288,2761.19,524.80,4997.94
Home Appliances,Small Stores / Shops,Manager,Limited Time Treasures,752636.07,276,2726.94,527.56,4933.66
Home Appliances,Small Stores / Shops,Manager,Loyalty Rewards Blast,815139.77,290,2810.83,509.23,4994.77
Home Appliances,Small Stores / Shops,Manager,Mega Weekend Bonanza,795934.13,292,2725.80,508.82,4991.27
Home Appliances,Small Stores / Shops,Manager,Mid-Year Madness,707341.69,266,2659.18,535.06,4993.34
Home Appliances,Small Stores / Shops,Manager,Midnight Madness,793781.59,283,2804.88,502.76,4996.41
Home Appliances,Small Stores / Shops,Manager,Mystery Discount Days,805227.19,287,2805.67,500.15,4993.56
Home Appliances,Small Stores / Shops,Manager,New Arrival Showcase,957543.73,344,2783.56,517.92,4997.28
Home Appliances,Small Stores / Shops,Manager,New Product Launch Promo,823662.54,310,2656.98,505.85,4934.54
Home Appliances,Small Stores / Shops,Manager,New Year Kickoff,755175.44,284,2659.07,502.92,4987.36
Home Appliances,Small Stores / Shops,Manager,Price Drop Parade,792191.53,304,2605.89,516.70,4983.62
Home Appliances,Small Stores / Shops,Manager,Red Tag Clearance,786150.49,286,2748.78,525.53,4992.06
Home Appliances,Small Stores / Shops,Manager,Seasonal Surprise Box,778720.36,292,2666.85,527.91,4980.30
Home Appliances,Small Stores / Shops,Manager,Shop & Save Spectacular,735446.76,261,2817.80,516.11,4989.10
Home Appliances,Small Stores / Shops,Manager,Smart Shopper Week,816031.41,297,2747.58,519.48,4975.74
Home Appliances,Small Stores / Shops,Manager,Spring Refresh Event,749913.51,269,2787.78,520.58,4982.74
Home Appliances,Small Stores / Shops,Manager,Spring Splash Discounts,812152.38,284,2859.69,510.27,4961.03
Home Appliances,Small Stores / Shops,Manager,Summer Sizzle Promo,791430.99,281,2816.48,500.92,4994.72
Home Appliances,Small Stores / Shops,Manager,Super Savings Week,716373.88,272,2633.73,502.82,4922.12
Home Appliances,Small Stores / Shops,Manager,Ultimate Value Event,847067.72,318,2663.73,518.50,4998.14
Home Appliances,Small Stores / Shops,Manager,VIP Access Sale,835990.68,290,2882.73,512.80,4999.15
Home Appliances,Small Stores / Shops,Manager,Weekend Warrior Specials,729925.91,267,2733.80,525.87,4981.18
Home Appliances,Small Stores / Shops,Manager,Winter Clearance Carnival,804820.27,288,2794.51,503.94,4993.03
Home Appliances,Small Stores / Shops,Manager,Winter Wonders Sale,749465.55,275,2725.33,514.42,4992.13
Home Appliances,Small Stores / Shops,Sales Associate,12 Days of Deals,789350.90,286,2759.97,504.11,4954.85
Home Appliances,Small Stores / Shops,Sales Associate,Autumn Deals Drive,739850.24,274,2700.18,516.73,4941.56
Home Appliances,Small Stores / Shops,Sales Associate,BOGO Blitz,832301.21,294,2830.96,511.61,4992.34
Home Appliances,Small Stores / Shops,Sales Associate,Back to School Boost,829237.65,300,2764.13,512.31,4985.83
Home Appliances,Small Stores / Shops,Sales Associate,Birthday Bash Sale,808694.66,298,2713.74,526.70,4976.71
Home Appliances,Small Stores / Shops,Sales Associate,Black Friday Blowout,760588.22,284,2678.13,506.58,4973.40
Home Appliances,Small Stores / Shops,Sales Associate,Cart Crasher Campaign,746926.55,275,2716.10,512.18,4999.98
Home Appliances,Small Stores / Shops,Sales Associate,Cashback Carnival,731336.02,273,2678.89,500.98,4990.25
Home Appliances,Small Stores / Shops,Sales Associate,Clearance Countdown,843359.62,296,2849.19,504.40,4995.95
Home Appliances,Small Stores / Shops,Sales Associate,Countdown to Savings,901653.91,316,2853.34,545.54,4998.01
Home Appliances,Small Stores / Shops,Sales Associate,Customer Appreciation Week,836600.60,317,2639.12,511.27,4948.85
Home Appliances,Small Stores / Shops,Sales Associate,Cyber Monday Mania,852661.76,305,2795.61,503.24,4992.62
Home Appliances,Small Stores / Shops,Sales Associate,Deal of the Month,768960.59,291,2642.48,500.38,4979.57
Home Appliances,Small Stores / Shops,Sales Associate,Double Points Bonanza,760750.27,291,2614.26,506.17,4986.75
Home Appliances,Small Stores / Shops,Sales Associate,Early Bird Specials,810776.43,282,2875.09,503.37,4991.59
Home Appliances,Small Stores / Shops,Sales Associate,End of Season Sale,865730.73,309,2801.72,518.22,4999.78
Home Appliances,Small Stores / Shops,Sales Associate,Exclusive Insider Offers,865874.13,304,2848.27,504.93,4997.98
Home Appliances,Small Stores / Shops,Sales Associate,Festive Fever Promo,832940.22,305,2730.95,510.16,4990.35
Home Appliances,Small Stores / Shops,Sales Associate,Final Call Frenzy,771718.45,279,2766.02,507.00,4968.03
Home Appliances,Small Stores / Shops,Sales Associate,Flash Frenzy Friday,934705.14,322,2902.81,520.17,4981.93
Home Appliances,Small Stores / Shops,Sales Associate,"Gift More, Spend Less",791831.53,282,2807.91,507.03,4971.08
Home Appliances,Small Stores / Shops,Sales Associate,Golden Hour Bargains,744603.61,272,2737.51,580.86,4997.61
Home Appliances,Small Stores / Shops,Sales Associate,Green Weekend Deals,808233.66,304,2658.66,517.77,4973.81
Home Appliances,Small Stores / Shops,Sales Associate,Happy Hour Discounts,786682.99,292,2694.12,501.29,4998.71
Home Appliances,Small Stores / Shops,Sales Associate,Holiday Shopping Rush,872506.22,321,2718.09,501.74,4977.01
Home Appliances,Small Stores / Shops,Sales Associate,Hot Picks Promo,906772.28,316,2869.53,526.82,4991.08
Home Appliances,Small Stores / Shops,Sales Associate,Instant Gratification Sale,839335.85,310,2707.53,507.74,4990.05
Home Appliances,Small Stores / Shops,Sales Associate,Limited Time Treasures,810659.05,312,2598.27,521.74,4977.99
Home Appliances,Small Stores / Shops,Sales Associate,Loyalty Rewards Blast,835935.69,308,2714.08,502.48,4980.77
Home Appliances,Small Stores / Shops,Sales Associate,Mega Weekend Bonanza,900227.57,319,2822.03,511.24,4992.00
Home Appliances,Small Stores / Shops,Sales Associate,Mid-Year Madness,862213.38,302,2855.01,503.72,4993.47
Home Appliances,Small Stores / Shops,Sales Associate,Midnight Madness,836681.28,298,2807.66,531.37,4984.27
Home Appliances,Small Stores / Shops,Sales Associate,Mystery Discount Days,846237.32,302,2802.11,502.03,4982.28
Home Appliances,Small Stores / Shops,Sales Associate,New Arrival Showcase,750650.81,279,2690.50,509.40,4992.52
Home Appliances,Small Stores / Shops,Sales Associate,New Product Launch Promo,806981.65,278,2902.81,502.50,4993.94
Home Appliances,Small Stores / Shops,Sales Associate,New Year Kickoff,735585.08,270,2724.39,517.81,4975.23
Home Appliances,Small Stores / Shops,Sales Associate,Price Drop Parade,784042.18,281,2790.19,521.91,4966.00
Home Appliances,Small Stores / Shops,Sales Associate,Red Tag Clearance,703106.62,264,2663.28,513.32,4991.39
Home Appliances,Small Stores / Shops,Sales Associate,Seasonal Surprise Box,856035.02,311,2752.52,521.43,4986.66
Home Appliances,Small Stores / Shops,Sales Associate,Shop & Save Spectacular,800624.09,295,2713.98,500.21,4972.29
Home Appliances,Small Stores / Shops,Sales Associate,Smart Shopper Week,838386.68,309,2713.23,522.78,4995.40
Home Appliances,Small Stores / Shops,Sales Associate,Spring Refresh Event,761174.58,275,2767.91,512.46,4974.15
Home Appliances,Small Stores / Shops,Sales Associate,Spring Splash Discounts,707077.16,272,2599.55,510.84,4940.99
Home Appliances,Small Stores / Shops,Sales Associate,Summer Sizzle Promo,870192.18,296,2939.84,500.57,4966.73
Home Appliances,Small Stores / Shops,Sales Associate,Super Savings Week,819601.47,297,2759.60,535.78,4990.42
Home Appliances,Small Stores / Shops,Sales Associate,Ultimate Value Event,769161.14,271,2838.23,606.95,4999.45
Home Appliances,Small Stores / Shops,Sales Associate,VIP Access Sale,919724.38,310,2966.85,504.55,4995.37
Home Appliances,Small Stores / Shops,Sales Associate,Weekend Warrior Specials,722671.09,271,2666.68,507.28,4993.77
Home Appliances,Small Stores / Shops,Sales Associate,Winter Clearance Carnival,880647.41,306,2877.93,552.00,4996.10
Home Appliances,Small Stores / Shops,Sales Associate,Winter Wonders Sale,769597.90,294,2617.68,520.00,4998.01
Home Appliances,Small Stores / Shops,Salesperson,12 Days of Deals,873857.31,316,2765.37,526.40,4999.73
Home Appliances,Small Stores / Shops,Salesperson,Autumn Deals Drive,739305.29,276,2678.64,535.89,4993.37
Home Appliances,Small Stores / Shops,Salesperson,BOGO Blitz,747193.30,277,2697.45,517.35,4980.50
Home Appliances,Small Stores / Shops,Salesperson,Back to School Boost,769281.70,294,2616.60,500.09,4974.15
Home Appliances,Small Stores / Shops,Salesperson,Birthday Bash Sale,743401.43,275,2703.28,503.99,4991.29
Home Appliances,Small Stores / Shops,Salesperson,Black Friday Blowout,759714.51,296,2566.60,516.25,4992.55
Home Appliances,Small Stores / Shops,Salesperson,Cart Crasher Campaign,770374.26,288,2674.91,510.58,4979.99
Home Appliances,Small Stores / Shops,Salesperson,Cashback Carnival,782514.12,285,2745.66,502.35,4993.50
Home Appliances,Small Stores / Shops,Salesperson,Clearance Countdown,825137.83,297,2778.24,515.22,4982.97
Home Appliances,Small Stores / Shops,Salesperson,Countdown to Savings,719800.21,273,2636.63,523.62,4985.81
Home Appliances,Small Stores / Shops,Salesperson,Customer Appreciation Week,805466.80,300,2684.89,502.07,4984.13
Home Appliances,Small Stores / Shops,Salesperson,Cyber Monday Mania,759038.21,284,2672.67,503.20,4998.54
Home Appliances,Small Stores / Shops,Salesperson,Deal of the Month,750886.25,284,2643.97,522.24,4986.45
Home Appliances,Small Stores / Shops,Salesperson,Double Points Bonanza,808853.60,299,2705.20,545.63,4972.70
Home Appliances,Small Stores / Shops,Salesperson,Early Bird Specials,830595.47,305,2723.26,518.12,4995.35
Home Appliances,Small Stores / Shops,Salesperson,End of Season Sale,744233.42,266,2797.87,500.69,4969.68
Home Appliances,Small Stores / Shops,Salesperson,Exclusive Insider Offers,785283.69,281,2794.60,505.71,4988.90
Home Appliances,Small Stores / Shops,Salesperson,Festive Fever Promo,847765.12,321,2641.01,502.80,4995.04
Home Appliances,Small Stores / Shops,Salesperson,Final Call Frenzy,731830.02,278,2632.48,519.27,4989.24
Home Appliances,Small Stores / Shops,Salesperson,Flash Frenzy Friday,788810.00,299,2638.16,503.50,4983.73
Home Appliances,Small Stores / Shops,Salesperson,"Gift More, Spend Less",803796.52,302,2661.58,506.35,4982.35
Home Appliances,Small Stores / Shops,Salesperson,Golden Hour Bargains,809603.39,295,2744.42,500.66,4975.34
Home Appliances,Small Stores / Shops,Salesperson,Green Weekend Deals,778714.91,290,2685.22,503.35,4971.75
Home Appliances,Small Stores / Shops,Salesperson,Happy Hour Discounts,814770.10,292,2790.31,509.46,4992.52
Home Appliances,Small Stores / Shops,Salesperson,Holiday Shopping Rush,781226.34,273,2861.63,525.33,4969.84
Home Appliances,Small Stores / Shops,Salesperson,Hot Picks Promo,770163.77,292,2637.55,514.13,4990.18
Home Appliances,Small Stores / Shops,Salesperson,Instant Gratification Sale,835403.53,308,2712.35,527.82,4982.48
Home Appliances,Small Stores / Shops,Salesperson,Limited Time Treasures,792430.30,291,2723.13,530.51,4994.16
Home Appliances,Small Stores / Shops,Salesperson,Loyalty Rewards Blast,731220.14,276,2649.35,501.61,4998.50
Home Appliances,Small Stores / Shops,Salesperson,Mega Weekend Bonanza,811822.91,302,2688.16,513.49,4995.11
Home Appliances,Small Stores / Shops,Salesperson,Mid-Year Madness,859150.61,321,2676.48,509.20,4997.94
Home Appliances,Small Stores / Shops,Salesperson,Midnight Madness,781113.80,283,2760.12,514.45,4998.30
Home Appliances,Small Stores / Shops,Salesperson,Mystery Discount Days,839563.24,302,2780.01,507.78,4994.86
Home Appliances,Small Stores / Shops,Salesperson,New Arrival Showcase,802262.61,296,2710.35,515.54,4935.55
Home Appliances,Small Stores / Shops,Salesperson,New Product Launch Promo,756811.31,290,2609.69,506.06,4967.65
Home Appliances,Small Stores / Shops,Salesperson,New Year Kickoff,812694.90,304,2673.34,508.10,4999.87
Home Appliances,Small Stores / Shops,Salesperson,Price Drop Parade,825386.51,296,2788.47,530.16,4966.88
Home Appliances,Small Stores / Shops,Salesperson,Red Tag Clearance,749810.85,273,2746.56,514.93,4991.05
Home Appliances,Small Stores / Shops,Salesperson,Seasonal Surprise Box,835888.55,300,2786.30,503.22,4989.16
Home Appliances,Small Stores / Shops,Salesperson,Shop & Save Spectacular,765708.92,286,2677.30,544.61,4990.91
Home Appliances,Small Stores / Shops,Salesperson,Smart Shopper Week,774656.12,281,2756.78,502.77,4992.18
Home Appliances,Small Stores / Shops,Salesperson,Spring Refresh Event,804736.48,291,2765.42,511.23,4983.41
Home Appliances,Small Stores / Shops,Salesperson,Spring Splash Discounts,825102.19,306,2696.41,503.09,4998.87
Home Appliances,Small Stores / Shops,Salesperson,Summer Sizzle Promo,732748.21,280,2616.96,505.55,4958.74
Home Appliances,Small Stores / Shops,Salesperson,Super Savings Week,786488.83,282,2788.97,523.10,4985.30
Home Appliances,Small Stores / Shops,Salesperson,Ultimate Value Event,772627.14,290,2664.23,503.38,4993.56
Home Appliances,Small Stores / Shops,Salesperson,VIP Access Sale,767902.10,288,2666.33,502.76,4983.36
Home Appliances,Small Stores / Shops,Salesperson,Weekend Warrior Specials,756597.44,277,2731.40,599.67,4982.38
Home Appliances,Small Stores / Shops,Salesperson,Winter Clearance Carnival,874618.73,308,2839.67,524.71,4980.90
Home Appliances,Small Stores / Shops,Salesperson,Winter Wonders Sale,806115.11,286,2818.58,551.92,4995.52
Home Appliances,Small Stores / Shops,Senior Salesperson,12 Days of Deals,694658.23,259,2682.08,512.21,4965.62
Home Appliances,Small Stores / Shops,Senior Salesperson,Autumn Deals Drive,639420.04,241,2653.20,525.49,4937.45
Home Appliances,Small Stores / Shops,Senior Salesperson,BOGO Blitz,591244.47,219,2699.75,502.46,4937.01
Home Appliances,Small Stores / Shops,Senior Salesperson,Back to School Boost,644641.68,241,2674.86,506.54,4960.66
Home Appliances,Small Stores / Shops,Senior Salesperson,Birthday Bash Sale,653870.04,238,2747.35,523.23,4972.23
Home Appliances,Small Stores / Shops,Senior Salesperson,Black Friday Blowout,710001.01,244,2909.84,529.40,4999.22
Home Appliances,Small Stores / Shops,Senior Salesperson,Cart Crasher Campaign,694714.23,260,2671.98,524.89,4994.38
Home Appliances,Small Stores / Shops,Senior Salesperson,Cashback Carnival,650943.22,250,2603.77,556.67,4991.33
Home Appliances,Small Stores / Shops,Senior Salesperson,Clearance Countdown,743406.45,268,2773.90,520.52,4942.27
Home Appliances,Small Stores / Shops,Senior Salesperson,Countdown to Savings,680064.92,249,2731.18,502.22,4974.31
Home Appliances,Small Stores / Shops,Senior Salesperson,Customer Appreciation Week,728797.74,256,2846.87,508.83,4942.87
Home Appliances,Small Stores / Shops,Senior Salesperson,Cyber Monday Mania,761300.51,275,2768.37,505.30,4995.91
Home Appliances,Small Stores / Shops,Senior Salesperson,Deal of the Month,766750.39,268,2861.01,524.92,4981.03
Home Appliances,Small Stores / Shops,Senior Salesperson,Double Points Bonanza,736481.69,253,2910.99,579.20,4994.91
Home Appliances,Small Stores / Shops,Senior Salesperson,Early Bird Specials,824637.22,290,2843.58,531.48,4971.26
Home Appliances,Small Stores / Shops,Senior Salesperson,End of Season Sale,657896.03,250,2631.58,501.06,4915.71
Home Appliances,Small Stores / Shops,Senior Salesperson,Exclusive Insider Offers,633327.82,233,2718.15,502.55,4890.44
Home Appliances,Small Stores / Shops,Senior Salesperson,Festive Fever Promo,703874.32,268,2626.40,500.98,4996.29
Home Appliances,Small Stores / Shops,Senior Salesperson,Final Call Frenzy,769279.87,269,2859.78,510.60,4989.15
Home Appliances,Small Stores / Shops,Senior Salesperson,Flash Frenzy Friday,747289.37,262,2852.25,506.15,4990.20
Home Appliances,Small Stores / Shops,Senior Salesperson,"Gift More, Spend Less",758739.55,279,2719.50,516.96,4967.96
Home Appliances,Small Stores / Shops,Senior Salesperson,Golden Hour Bargains,644876.55,227,2840.87,505.82,4944.06
Home Appliances,Small Stores / Shops,Senior Salesperson,Green Weekend Deals,705538.03,258,2734.64,500.21,4996.73
Home Appliances,Small Stores / Shops,Senior Salesperson,Happy Hour Discounts,637739.11,233,2737.08,505.19,4959.67
Home Appliances,Small Stores / Shops,Senior Salesperson,Holiday Shopping Rush,679338.35,253,2685.13,505.09,4984.77
Home Appliances,Small Stores / Shops,Senior Salesperson,Hot Picks Promo,679911.42,245,2775.15,500.05,4992.55
Home Appliances,Small Stores / Shops,Senior Salesperson,Instant Gratification Sale,701092.41,264,2655.65,512.23,4990.00
Home Appliances,Small Stores / Shops,Senior Salesperson,Limited Time Treasures,686037.45,249,2755.17,503.29,4997.90
Home Appliances,Small Stores / Shops,Senior Salesperson,Loyalty Rewards Blast,640442.97,240,2668.51,507.26,4998.29
Home Appliances,Small Stores / Shops,Senior Salesperson,Mega Weekend Bonanza,683537.21,245,2789.95,515.84,4988.39
Home Appliances,Small Stores / Shops,Senior Salesperson,Mid-Year Madness,711138.56,266,2673.45,522.13,4997.51
Home Appliances,Small Stores / Shops,Senior Salesperson,Midnight Madness,640157.34,242,2645.28,502.75,4995.31
Home Appliances,Small Stores / Shops,Senior Salesperson,Mystery Discount Days,674834.49,243,2777.10,504.42,4970.20
Home Appliances,Small Stores / Shops,Senior Salesperson,New Arrival Showcase,627550.58,243,2582.51,500.17,4930.70
Home Appliances,Small Stores / Shops,Senior Salesperson,New Product Launch Promo,629289.43,238,2644.07,502.45,4979.19
Home Appliances,Small Stores / Shops,Senior Salesperson,New Year Kickoff,681250.82,251,2714.15,509.56,4991.05
Home Appliances,Small Stores / Shops,Senior Salesperson,Price Drop Parade,760075.52,262,2901.05,510.91,4976.39
Home Appliances,Small Stores / Shops,Senior Salesperson,Red Tag Clearance,664243.61,240,2767.68,561.36,4980.73
Home Appliances,Small Stores / Shops,Senior Salesperson,Seasonal Surprise Box,775702.18,282,2750.72,519.31,4990.56
Home Appliances,Small Stores / Shops,Senior Salesperson,Shop & Save Spectacular,652199.56,236,2763.56,532.46,4970.95
Home Appliances,Small Stores / Shops,Senior Salesperson,Smart Shopper Week,826293.10,296,2791.53,512.44,4980.87
Home Appliances,Small Stores / Shops,Senior Salesperson,Spring Refresh Event,673795.81,259,2601.53,511.37,4978.31
Home Appliances,Small Stores / Shops,Senior Salesperson,Spring Splash Discounts,745653.12,268,2782.29,514.58,4977.74
Home Appliances,Small Stores / Shops,Senior Salesperson,Summer Sizzle Promo,635039.53,238,2668.23,547.28,4994.68
Home Appliances,Small Stores / Shops,Senior Salesperson,Super Savings Week,700116.93,251,2789.31,501.03,4966.36
Home Appliances,Small Stores / Shops,Senior Salesperson,Ultimate Value Event,628457.79,226,2780.79,505.43,4998.56
Home Appliances,Small Stores / Shops,Senior Salesperson,VIP Access Sale,581138.17,215,2702.97,505.73,4959.01
Home Appliances,Small Stores / Shops,Senior Salesperson,Weekend Warrior Specials,680394.34,261,2606.87,504.80,4998.33
Home Appliances,Small Stores / Shops,Senior Salesperson,Winter Clearance Carnival,732202.79,268,2732.10,505.24,4984.43
Home Appliances,Small Stores / Shops,Senior Salesperson,Winter Wonders Sale,707559.76,262,2700.61,518.65,4996.00
Home Appliances,Supermarkets ,Manager,12 Days of Deals,760080.42,268,2836.12,523.09,4999.32
Home Appliances,Supermarkets ,Manager,Autumn Deals Drive,757906.67,284,2668.69,509.50,4997.36
Home Appliances,Supermarkets ,Manager,BOGO Blitz,801273.35,299,2679.84,547.68,4999.75
Home Appliances,Supermarkets ,Manager,Back to School Boost,825589.73,303,2724.72,505.89,4957.57
Home Appliances,Supermarkets ,Manager,Birthday Bash Sale,772478.41,282,2739.29,511.78,4999.93
Home Appliances,Supermarkets ,Manager,Black Friday Blowout,784714.90,285,2753.39,536.50,4973.49
Home Appliances,Supermarkets ,Manager,Cart Crasher Campaign,768064.81,282,2723.63,511.50,4984.24
Home Appliances,Supermarkets ,Manager,Cashback Carnival,852149.25,296,2878.88,511.57,4985.94
Home Appliances,Supermarkets ,Manager,Clearance Countdown,800961.38,294,2724.36,512.22,4972.08
Home Appliances,Supermarkets ,Manager,Countdown to Savings,857004.48,323,2653.26,509.56,4977.91
Home Appliances,Supermarkets ,Manager,Customer Appreciation Week,747831.92,266,2811.40,518.27,4997.34
Home Appliances,Supermarkets ,Manager,Cyber Monday Mania,832636.72,291,2861.29,502.91,4988.75
Home Appliances,Supermarkets ,Manager,Deal of the Month,885134.70,302,2930.91,505.93,4987.09
Home Appliances,Supermarkets ,Manager,Double Points Bonanza,848062.88,311,2726.89,514.22,4998.07
Home Appliances,Supermarkets ,Manager,Early Bird Specials,792273.26,287,2760.53,509.54,4997.74
Home Appliances,Supermarkets ,Manager,End of Season Sale,783668.93,291,2693.02,529.16,4999.19
Home Appliances,Supermarkets ,Manager,Exclusive Insider Offers,718049.90,265,2709.62,524.65,4986.96
Home Appliances,Supermarkets ,Manager,Festive Fever Promo,673633.33,238,2830.39,514.78,4986.26
Home Appliances,Supermarkets ,Manager,Final Call Frenzy,833328.94,290,2873.55,506.46,4941.36
Home Appliances,Supermarkets ,Manager,Flash Frenzy Friday,850926.78,315,2701.35,512.08,4987.57
Home Appliances,Supermarkets ,Manager,"Gift More, Spend Less",807200.98,293,2754.95,503.59,4987.44
Home Appliances,Supermarkets ,Manager,Golden Hour Bargains,812832.57,291,2793.24,578.08,4992.15
Home Appliances,Supermarkets ,Manager,Green Weekend Deals,730756.62,264,2768.02,516.25,4962.69
Home Appliances,Supermarkets ,Manager,Happy Hour Discounts,809033.98,289,2799.43,523.46,4987.44
Home Appliances,Supermarkets ,Manager,Holiday Shopping Rush,761646.59,285,2672.44,501.91,4966.28
Home Appliances,Supermarkets ,Manager,Hot Picks Promo,776058.83,289,2685.32,502.00,4994.98
Home Appliances,Supermarkets ,Manager,Instant Gratification Sale,777418.89,291,2671.54,508.53,4961.45
Home Appliances,Supermarkets ,Manager,Limited Time Treasures,757624.78,277,2735.11,530.77,4983.57
Home Appliances,Supermarkets ,Manager,Loyalty Rewards Blast,780030.65,295,2644.17,503.07,4988.95
Home Appliances,Supermarkets ,Manager,Mega Weekend Bonanza,750476.80,282,2661.27,520.37,4964.06
Home Appliances,Supermarkets ,Manager,Mid-Year Madness,852641.75,302,2823.32,527.78,4981.59
Home Appliances,Supermarkets ,Manager,Midnight Madness,859307.16,300,2864.36,517.06,4976.67
Home Appliances,Supermarkets ,Manager,Mystery Discount Days,791272.32,296,2673.22,503.19,4996.71
Home Appliances,Supermarkets ,Manager,New Arrival Showcase,838351.76,302,2776.00,506.53,4978.06
Home Appliances,Supermarkets ,Manager,New Product Launch Promo,844871.87,306,2761.02,504.10,4941.29
Home Appliances,Supermarkets ,Manager,New Year Kickoff,789085.10,290,2720.98,526.57,4989.14
Home Appliances,Supermarkets ,Manager,Price Drop Parade,816013.89,294,2775.56,512.15,4994.05
Home Appliances,Supermarkets ,Manager,Red Tag Clearance,749822.70,276,2716.75,520.89,4959.41
Home Appliances,Supermarkets ,Manager,Seasonal Surprise Box,827688.62,307,2696.05,510.14,4983.20
Home Appliances,Supermarkets ,Manager,Shop & Save Spectacular,763127.77,262,2912.70,554.15,4981.78
Home Appliances,Supermarkets ,Manager,Smart Shopper Week,816975.94,303,2696.29,526.61,4952.17
Home Appliances,Supermarkets ,Manager,Spring Refresh Event,764897.33,272,2812.12,558.22,4995.53
Home Appliances,Supermarkets ,Manager,Spring Splash Discounts,911688.51,316,2885.09,526.24,4999.80
Home Appliances,Supermarkets ,Manager,Summer Sizzle Promo,787257.42,279,2821.71,525.98,4971.71
Home Appliances,Supermarkets ,Manager,Super Savings Week,839265.89,309,2716.07,500.00,4926.85
Home Appliances,Supermarkets ,Manager,Ultimate Value Event,793302.64,288,2754.52,514.22,4987.19
Home Appliances,Supermarkets ,Manager,VIP Access Sale,742806.86,280,2652.88,502.11,4994.82
Home Appliances,Supermarkets ,Manager,Weekend Warrior Specials,818503.16,289,2832.19,536.89,4996.60
Home Appliances,Supermarkets ,Manager,Winter Clearance Carnival,888965.09,318,2795.49,509.72,4998.56
Home Appliances,Supermarkets ,Manager,Winter Wonders Sale,774972.54,290,2672.32,505.46,4974.09
Home Appliances,Supermarkets ,Sales Associate,12 Days of Deals,774480.53,287,2698.54,509.13,4991.58
Home Appliances,Supermarkets ,Sales Associate,Autumn Deals Drive,807737.83,292,2766.23,544.18,4992.57
Home Appliances,Supermarkets ,Sales Associate,BOGO Blitz,824058.69,311,2649.71,508.21,4997.47
Home Appliances,Supermarkets ,Sales Associate,Back to School Boost,842279.72,305,2761.57,506.56,4995.75
Home Appliances,Supermarkets ,Sales Associate,Birthday Bash Sale,784494.55,297,2641.40,502.35,4973.80
Home Appliances,Supermarkets ,Sales Associate,Black Friday Blowout,754621.22,274,2754.09,504.47,4989.56
Home Appliances,Supermarkets ,Sales Associate,Cart Crasher Campaign,877940.33,314,2795.99,526.02,4998.18
Home Appliances,Supermarkets ,Sales Associate,Cashback Carnival,876727.49,327,2681.12,503.09,4989.69
Home Appliances,Supermarkets ,Sales Associate,Clearance Countdown,860007.91,312,2756.44,501.02,4968.65
Home Appliances,Supermarkets ,Sales Associate,Countdown to Savings,928689.45,332,2797.26,509.30,4985.35
Home Appliances,Supermarkets ,Sales Associate,Customer Appreciation Week,829660.93,304,2729.15,508.53,4983.05
Home Appliances,Supermarkets ,Sales Associate,Cyber Monday Mania,820501.62,306,2681.38,516.57,4983.21
Home Appliances,Supermarkets ,Sales Associate,Deal of the Month,832266.38,303,2746.75,501.29,4996.86
Home Appliances,Supermarkets ,Sales Associate,Double Points Bonanza,800097.26,288,2778.12,505.53,4993.50
Home Appliances,Supermarkets ,Sales Associate,Early Bird Specials,907785.18,331,2742.55,515.54,4996.45
Home Appliances,Supermarkets ,Sales Associate,End of Season Sale,850815.59,295,2884.12,509.93,4990.44
Home Appliances,Supermarkets ,Sales Associate,Exclusive Insider Offers,745070.55,269,2769.78,530.40,4998.93
Home Appliances,Supermarkets ,Sales Associate,Festive Fever Promo,875377.39,305,2870.09,525.05,4984.42
Home Appliances,Supermarkets ,Sales Associate,Final Call Frenzy,800660.85,299,2677.80,510.19,4995.18
Home Appliances,Supermarkets ,Sales Associate,Flash Frenzy Friday,866026.23,312,2775.73,514.55,4997.67
Home Appliances,Supermarkets ,Sales Associate,"Gift More, Spend Less",850971.24,309,2753.95,516.65,4988.95
Home Appliances,Supermarkets ,Sales Associate,Golden Hour Bargains,873906.44,302,2893.73,517.84,4992.88
Home Appliances,Supermarkets ,Sales Associate,Green Weekend Deals,860593.66,300,2868.65,572.34,4983.44
Home Appliances,Supermarkets ,Sales Associate,Happy Hour Discounts,851472.08,306,2782.59,500.78,4994.19
Home Appliances,Supermarkets ,Sales Associate,Holiday Shopping Rush,869279.64,321,2708.04,500.68,4964.83
Home Appliances,Supermarkets ,Sales Associate,Hot Picks Promo,947871.99,330,2872.34,536.07,4997.12
Home Appliances,Supermarkets ,Sales Associate,Instant Gratification Sale,795879.16,297,2679.73,501.38,4999.38
Home Appliances,Supermarkets ,Sales Associate,Limited Time Treasures,759321.67,284,2673.67,513.33,4986.23
Home Appliances,Supermarkets ,Sales Associate,Loyalty Rewards Blast,819242.45,306,2677.26,510.03,4985.68
Home Appliances,Supermarkets ,Sales Associate,Mega Weekend Bonanza,723392.29,273,2649.79,522.15,4979.67
Home Appliances,Supermarkets ,Sales Associate,Mid-Year Madness,811183.26,306,2650.93,506.56,4997.77
Home Appliances,Supermarkets ,Sales Associate,Midnight Madness,916790.85,335,2736.69,500.72,4986.02
Home Appliances,Supermarkets ,Sales Associate,Mystery Discount Days,836194.72,315,2654.59,522.84,4961.54
Home Appliances,Supermarkets ,Sales Associate,New Arrival Showcase,861837.92,318,2710.18,508.56,4998.09
Home Appliances,Supermarkets ,Sales Associate,New Product Launch Promo,882345.08,319,2765.97,511.19,4977.38
Home Appliances,Supermarkets ,Sales Associate,New Year Kickoff,769219.18,287,2680.21,500.10,4995.20
Home Appliances,Supermarkets ,Sales Associate,Price Drop Parade,705946.66,262,2694.45,504.91,4988.21
Home Appliances,Supermarkets ,Sales Associate,Red Tag Clearance,792379.60,279,2840.07,507.44,4994.95
Home Appliances,Supermarkets ,Sales Associate,Seasonal Surprise Box,871542.10,310,2811.43,544.10,4998.82
Home Appliances,Supermarkets ,Sales Associate,Shop & Save Spectacular,847316.48,297,2852.92,516.34,4961.48
Home Appliances,Supermarkets ,Sales Associate,Smart Shopper Week,799554.25,305,2621.49,509.77,4961.09
Home Appliances,Supermarkets ,Sales Associate,Spring Refresh Event,803970.70,297,2706.97,508.23,4981.60
Home Appliances,Supermarkets ,Sales Associate,Spring Splash Discounts,802704.82,289,2777.53,534.31,4994.95
Home Appliances,Supermarkets ,Sales Associate,Summer Sizzle Promo,770405.36,281,2741.66,505.80,4986.22
Home Appliances,Supermarkets ,Sales Associate,Super Savings Week,755855.72,269,2809.87,500.36,4973.71
Home Appliances,Supermarkets ,Sales Associate,Ultimate Value Event,855488.97,320,2673.40,535.77,4994.79
Home Appliances,Supermarkets ,Sales Associate,VIP Access Sale,809717.37,302,2681.18,503.46,4963.11
Home Appliances,Supermarkets ,Sales Associate,Weekend Warrior Specials,829784.52,300,2765.95,502.66,4984.76
Home Appliances,Supermarkets ,Sales Associate,Winter Clearance Carnival,935134.50,335,2791.45,518.60,4996.11
Home Appliances,Supermarkets ,Sales Associate,Winter Wonders Sale,938878.69,338,2777.75,518.73,4997.89
Home Appliances,Supermarkets ,Salesperson,12 Days of Deals,911383.42,331,2753.42,517.64,4993.02
Home Appliances,Supermarkets ,Salesperson,Autumn Deals Drive,830460.63,308,2696.30,506.50,4985.49
Home Appliances,Supermarkets ,Salesperson,BOGO Blitz,843078.90,306,2755.16,504.57,4998.46
Home Appliances,Supermarkets ,Salesperson,Back to School Boost,756134.23,279,2710.16,500.13,4977.67
Home Appliances,Supermarkets ,Salesperson,Birthday Bash Sale,758745.52,289,2625.42,503.22,4973.13
Home Appliances,Supermarkets ,Salesperson,Black Friday Blowout,825062.59,302,2732.00,500.99,4999.91
Home Appliances,Supermarkets ,Salesperson,Cart Crasher Campaign,811839.27,287,2828.71,504.51,4989.31
Home Appliances,Supermarkets ,Salesperson,Cashback Carnival,764527.61,277,2760.03,574.01,4918.64
Home Appliances,Supermarkets ,Salesperson,Clearance Countdown,744490.80,269,2767.62,522.18,4979.48
Home Appliances,Supermarkets ,Salesperson,Countdown to Savings,793663.92,301,2636.76,500.39,4967.28
Home Appliances,Supermarkets ,Salesperson,Customer Appreciation Week,817889.11,299,2735.42,533.46,4999.25
Home Appliances,Supermarkets ,Salesperson,Cyber Monday Mania,851562.68,307,2773.82,516.56,4966.98
Home Appliances,Supermarkets ,Salesperson,Deal of the Month,800562.58,298,2686.45,511.34,4992.33
Home Appliances,Supermarkets ,Salesperson,Double Points Bonanza,843273.82,311,2711.49,528.30,4953.64
Home Appliances,Supermarkets ,Salesperson,Early Bird Specials,812646.53,307,2647.06,506.07,4978.25
Home Appliances,Supermarkets ,Salesperson,End of Season Sale,826049.91,304,2717.27,514.39,4943.22
Home Appliances,Supermarkets ,Salesperson,Exclusive Insider Offers,791484.62,281,2816.67,533.62,4999.29
Home Appliances,Supermarkets ,Salesperson,Festive Fever Promo,836393.27,309,2706.77,534.99,4996.31
Home Appliances,Supermarkets ,Salesperson,Final Call Frenzy,810896.56,295,2748.80,503.00,4980.26
Home Appliances,Supermarkets ,Salesperson,Flash Frenzy Friday,821507.51,295,2784.77,547.00,4979.08
Home Appliances,Supermarkets ,Salesperson,"Gift More, Spend Less",833418.12,306,2723.59,501.53,4998.06
Home Appliances,Supermarkets ,Salesperson,Golden Hour Bargains,815413.25,298,2736.29,569.40,4984.65
Home Appliances,Supermarkets ,Salesperson,Green Weekend Deals,879363.54,309,2845.84,503.29,4985.83
Home Appliances,Supermarkets ,Salesperson,Happy Hour Discounts,816008.24,307,2658.01,510.31,4994.66
Home Appliances,Supermarkets ,Salesperson,Holiday Shopping Rush,805335.55,291,2767.48,526.76,4986.50
Home Appliances,Supermarkets ,Salesperson,Hot Picks Promo,806129.64,278,2899.75,532.58,4994.65
Home Appliances,Supermarkets ,Salesperson,Instant Gratification Sale,781968.91,279,2802.76,517.08,4979.59
Home Appliances,Supermarkets ,Salesperson,Limited Time Treasures,857083.08,303,2828.66,515.46,4973.26
Home Appliances,Supermarkets ,Salesperson,Loyalty Rewards Blast,874173.27,312,2801.84,502.39,4989.79
Home Appliances,Supermarkets ,Salesperson,Mega Weekend Bonanza,700321.99,267,2622.93,533.62,4959.32
Home Appliances,Supermarkets ,Salesperson,Mid-Year Madness,821478.55,290,2832.68,527.42,4973.44
Home Appliances,Supermarkets ,Salesperson,Midnight Madness,796977.19,293,2720.06,537.44,4975.60
Home Appliances,Supermarkets ,Salesperson,Mystery Discount Days,779392.23,281,2773.64,517.17,4998.62
Home Appliances,Supermarkets ,Salesperson,New Arrival Showcase,785560.24,274,2867.01,504.80,4985.56
Home Appliances,Supermarkets ,Salesperson,New Product Launch Promo,747548.39,268,2789.36,506.25,4968.14
Home Appliances,Supermarkets ,Salesperson,New Year Kickoff,823562.52,300,2745.21,505.19,4963.68
Home Appliances,Supermarkets ,Salesperson,Price Drop Parade,892229.49,324,2753.79,507.80,4932.81
Home Appliances,Supermarkets ,Salesperson,Red Tag Clearance,811562.43,287,2827.74,524.81,4987.45
Home Appliances,Supermarkets ,Salesperson,Seasonal Surprise Box,956426.54,334,2863.55,521.59,4998.61
Home Appliances,Supermarkets ,Salesperson,Shop & Save Spectacular,798082.42,286,2790.50,520.17,4993.98
Home Appliances,Supermarkets ,Salesperson,Smart Shopper Week,801916.86,307,2612.11,527.72,4999.66
Home Appliances,Supermarkets ,Salesperson,Spring Refresh Event,803816.20,290,2771.78,527.46,4972.56
Home Appliances,Supermarkets ,Salesperson,Spring Splash Discounts,836050.19,313,2671.09,516.49,4959.43
Home Appliances,Supermarkets ,Salesperson,Summer Sizzle Promo,806831.23,295,2735.02,510.56,4977.21
Home Appliances,Supermarkets ,Salesperson,Super Savings Week,858645.63,311,2760.92,508.76,4982.65
Home Appliances,Supermarkets ,Salesperson,Ultimate Value Event,822724.50,296,2779.47,505.90,4979.48
Home Appliances,Supermarkets ,Salesperson,VIP Access Sale,841959.30,302,2787.94,500.69,4999.48
Home Appliances,Supermarkets ,Salesperson,Weekend Warrior Specials,783945.51,283,2770.13,510.76,4999.43
Home Appliances,Supermarkets ,Salesperson,Winter Clearance Carnival,768061.41,274,2803.14,541.33,4998.49
Home Appliances,Supermarkets ,Salesperson,Winter Wonders Sale,812615.69,299,2717.78,513.89,4998.39
Home Appliances,Supermarkets ,Senior Salesperson,12 Days of Deals,720797.28,259,2783.00,521.59,4961.84
Home Appliances,Supermarkets ,Senior Salesperson,Autumn Deals Drive,788348.77,295,2672.37,532.87,4980.40
Home Appliances,Supermarkets ,Senior Salesperson,BOGO Blitz,643419.76,245,2626.20,508.32,4997.96
Home Appliances,Supermarkets ,Senior Salesperson,Back to School Boost,709079.53,255,2780.70,508.32,4990.79
Home Appliances,Supermarkets ,Senior Salesperson,Birthday Bash Sale,752591.72,265,2839.97,503.66,4994.42
Home Appliances,Supermarkets ,Senior Salesperson,Black Friday Blowout,641884.77,236,2719.85,503.82,4949.22
Home Appliances,Supermarkets ,Senior Salesperson,Cart Crasher Campaign,711829.84,256,2780.59,507.03,4986.87
Home Appliances,Supermarkets ,Senior Salesperson,Cashback Carnival,738619.24,275,2685.89,510.00,4999.12
Home Appliances,Supermarkets ,Senior Salesperson,Clearance Countdown,661341.47,259,2553.44,510.91,4994.45
Home Appliances,Supermarkets ,Senior Salesperson,Countdown to Savings,695577.67,240,2898.24,567.20,4994.85
Home Appliances,Supermarkets ,Senior Salesperson,Customer Appreciation Week,697230.33,260,2681.66,554.39,4997.60
Home Appliances,Supermarkets ,Senior Salesperson,Cyber Monday Mania,659933.67,233,2832.33,514.18,4994.48
Home Appliances,Supermarkets ,Senior Salesperson,Deal of the Month,669661.11,243,2755.81,505.98,4976.14
Home Appliances,Supermarkets ,Senior Salesperson,Double Points Bonanza,684806.94,260,2633.87,506.58,4977.78
Home Appliances,Supermarkets ,Senior Salesperson,Early Bird Specials,658275.71,240,2742.82,538.49,4994.19
Home Appliances,Supermarkets ,Senior Salesperson,End of Season Sale,768599.52,278,2764.75,512.22,4939.81
Home Appliances,Supermarkets ,Senior Salesperson,Exclusive Insider Offers,726573.18,263,2762.64,513.19,4948.59
Home Appliances,Supermarkets ,Senior Salesperson,Festive Fever Promo,747721.55,274,2728.91,504.82,4999.21
Home Appliances,Supermarkets ,Senior Salesperson,Final Call Frenzy,845617.34,300,2818.72,517.61,4958.29
Home Appliances,Supermarkets ,Senior Salesperson,Flash Frenzy Friday,743012.37,261,2846.79,510.70,4997.83
Home Appliances,Supermarkets ,Senior Salesperson,"Gift More, Spend Less",685977.04,254,2700.70,512.84,4986.38
Home Appliances,Supermarkets ,Senior Salesperson,Golden Hour Bargains,791482.08,285,2777.13,500.65,4982.43
Home Appliances,Supermarkets ,Senior Salesperson,Green Weekend Deals,788836.18,290,2720.12,503.87,4990.86
Home Appliances,Supermarkets ,Senior Salesperson,Happy Hour Discounts,708408.65,246,2879.71,501.43,4989.69
Home Appliances,Supermarkets ,Senior Salesperson,Holiday Shopping Rush,746949.74,269,2776.76,501.38,4994.25
Home Appliances,Supermarkets ,Senior Salesperson,Hot Picks Promo,738825.65,282,2619.95,522.05,4997.89
Home Appliances,Supermarkets ,Senior Salesperson,Instant Gratification Sale,698302.60,257,2717.13,531.09,4987.90
Home Appliances,Supermarkets ,Senior Salesperson,Limited Time Treasures,743231.85,280,2654.40,500.36,4948.75
Home Appliances,Supermarkets ,Senior Salesperson,Loyalty Rewards Blast,837527.81,281,2980.53,503.22,4991.63
Home Appliances,Supermarkets ,Senior Salesperson,Mega Weekend Bonanza,783554.65,273,2870.16,525.07,4974.25
Home Appliances,Supermarkets ,Senior Salesperson,Mid-Year Madness,750166.71,279,2688.77,504.23,4975.44
Home Appliances,Supermarkets ,Senior Salesperson,Midnight Madness,709459.29,252,2815.31,542.32,4997.66
Home Appliances,Supermarkets ,Senior Salesperson,Mystery Discount Days,704538.91,248,2840.88,568.95,4967.72
Home Appliances,Supermarkets ,Senior Salesperson,New Arrival Showcase,707609.24,261,2711.15,524.01,4993.31
Home Appliances,Supermarkets ,Senior Salesperson,New Product Launch Promo,764786.96,276,2770.97,523.86,4991.97
Home Appliances,Supermarkets ,Senior Salesperson,New Year Kickoff,703453.55,249,2825.11,533.23,4998.67
Home Appliances,Supermarkets ,Senior Salesperson,Price Drop Parade,694148.06,259,2680.11,523.98,4950.05
Home Appliances,Supermarkets ,Senior Salesperson,Red Tag Clearance,768739.54,282,2726.03,532.65,4996.14
Home Appliances,Supermarkets ,Senior Salesperson,Seasonal Surprise Box,686124.60,248,2766.63,508.60,4970.47
Home Appliances,Supermarkets ,Senior Salesperson,Shop & Save Spectacular,651405.74,250,2605.62,521.76,4991.10
Home Appliances,Supermarkets ,Senior Salesperson,Smart Shopper Week,736282.81,266,2767.98,514.81,4996.84
Home Appliances,Supermarkets ,Senior Salesperson,Spring Refresh Event,732958.36,271,2704.64,516.49,4973.57
Home Appliances,Supermarkets ,Senior Salesperson,Spring Splash Discounts,724456.58,258,2807.97,503.39,4993.76
Home Appliances,Supermarkets ,Senior Salesperson,Summer Sizzle Promo,727253.83,274,2654.21,527.51,4978.08
Home Appliances,Supermarkets ,Senior Salesperson,Super Savings Week,670913.37,244,2749.64,514.36,4955.83
Home Appliances,Supermarkets ,Senior Salesperson,Ultimate Value Event,613307.17,230,2666.55,501.78,4999.84
Home Appliances,Supermarkets ,Senior Salesperson,VIP Access Sale,782526.69,285,2745.71,500.66,4989.89
Home Appliances,Supermarkets ,Senior Salesperson,Weekend Warrior Specials,719553.46,268,2684.90,507.56,4993.90
Home Appliances,Supermarkets ,Senior Salesperson,Winter Clearance Carnival,680364.74,244,2788.38,563.75,4950.13
Home Appliances,Supermarkets ,Senior Salesperson,Winter Wonders Sale,750353.80,284,2642.09,523.99,4991.14
Sports & Outdoors,Large Malls / Complexes,Manager,12 Days of Deals,781420.46,283,2761.20,504.41,4974.13
Sports & Outdoors,Large Malls / Complexes,Manager,Autumn Deals Drive,684572.11,247,2771.55,503.74,4964.65
Sports & Outdoors,Large Malls / Complexes,Manager,BOGO Blitz,671200.58,252,2663.49,524.20,4980.69
Sports & Outdoors,Large Malls / Complexes,Manager,Back to School Boost,689563.47,245,2814.54,507.11,4996.96
Sports & Outdoors,Large Malls / Complexes,Manager,Birthday Bash Sale,703762.88,250,2815.05,545.27,4999.34
Sports & Outdoors,Large Malls / Complexes,Manager,Black Friday Blowout,774866.18,276,2807.49,523.95,4987.34
Sports & Outdoors,Large Malls / Complexes,Manager,Cart Crasher Campaign,767314.07,282,2720.97,511.39,4979.31
Sports & Outdoors,Large Malls / Complexes,Manager,Cashback Carnival,638821.85,233,2741.72,517.65,4943.36
Sports & Outdoors,Large Malls / Complexes,Manager,Clearance Countdown,761102.72,277,2747.66,536.70,4995.72
Sports & Outdoors,Large Malls / Complexes,Manager,Countdown to Savings,769054.90,273,2817.05,532.79,4987.12
Sports & Outdoors,Large Malls / Complexes,Manager,Customer Appreciation Week,755539.20,279,2708.03,541.87,4957.27
Sports & Outdoors,Large Malls / Complexes,Manager,Cyber Monday Mania,809616.95,276,2933.39,524.72,4992.94
Sports & Outdoors,Large Malls / Complexes,Manager,Deal of the Month,683300.93,252,2711.51,515.41,4946.16
Sports & Outdoors,Large Malls / Complexes,Manager,Double Points Bonanza,788948.77,284,2777.99,508.18,4996.56
Sports & Outdoors,Large Malls / Complexes,Manager,Early Bird Specials,716546.64,255,2809.99,501.96,4998.17
Sports & Outdoors,Large Malls / Complexes,Manager,End of Season Sale,707176.93,272,2599.92,509.20,4976.16
Sports & Outdoors,Large Malls / Complexes,Manager,Exclusive Insider Offers,756151.26,269,2810.97,513.90,4986.77
Sports & Outdoors,Large Malls / Complexes,Manager,Festive Fever Promo,691910.81,246,2812.65,526.10,4979.82
Sports & Outdoors,Large Malls / Complexes,Manager,Final Call Frenzy,736567.34,279,2640.03,520.19,4962.59
Sports & Outdoors,Large Malls / Complexes,Manager,Flash Frenzy Friday,726098.98,264,2750.37,501.01,4989.55
Sports & Outdoors,Large Malls / Complexes,Manager,"Gift More, Spend Less",699750.56,256,2733.40,522.73,4995.74
Sports & Outdoors,Large Malls / Complexes,Manager,Golden Hour Bargains,801417.70,299,2680.33,552.18,4982.43
Sports & Outdoors,Large Malls / Complexes,Manager,Green Weekend Deals,673755.22,246,2738.84,523.04,4997.63
Sports & Outdoors,Large Malls / Complexes,Manager,Happy Hour Discounts,813342.14,286,2843.85,568.39,4989.33
Sports & Outdoors,Large Malls / Complexes,Manager,Holiday Shopping Rush,680439.63,244,2788.69,514.08,4978.37
Sports & Outdoors,Large Malls / Complexes,Manager,Hot Picks Promo,763914.57,273,2798.22,505.94,4985.79
Sports & Outdoors,Large Malls / Complexes,Manager,Instant Gratification Sale,751657.27,284,2646.68,504.23,4988.31
Sports & Outdoors,Large Malls / Complexes,Manager,Limited Time Treasures,790734.54,284,2784.28,500.43,4987.22
Sports & Outdoors,Large Malls / Complexes,Manager,Loyalty Rewards Blast,673589.18,255,2641.53,503.10,4967.54
Sports & Outdoors,Large Malls / Complexes,Manager,Mega Weekend Bonanza,839183.70,288,2913.83,601.78,4954.54
Sports & Outdoors,Large Malls / Complexes,Manager,Mid-Year Madness,781784.51,279,2802.10,508.91,4998.69
Sports & Outdoors,Large Malls / Complexes,Manager,Midnight Madness,681844.55,242,2817.54,512.31,4968.18
Sports & Outdoors,Large Malls / Complexes,Manager,Mystery Discount Days,786521.64,274,2870.52,542.39,4989.36
Sports & Outdoors,Large Malls / Complexes,Manager,New Arrival Showcase,704626.92,250,2818.51,513.56,4982.07
Sports & Outdoors,Large Malls / Complexes,Manager,New Product Launch Promo,764222.40,276,2768.92,508.78,4998.53
Sports & Outdoors,Large Malls / Complexes,Manager,New Year Kickoff,766645.61,268,2860.62,513.25,4950.07
Sports & Outdoors,Large Malls / Complexes,Manager,Price Drop Parade,737976.34,270,2733.25,500.07,4991.46
Sports & Outdoors,Large Malls / Complexes,Manager,Red Tag Clearance,690612.30,258,2676.79,520.69,4997.25
Sports & Outdoors,Large Malls / Complexes,Manager,Seasonal Surprise Box,707151.93,260,2719.82,575.57,4983.26
Sports & Outdoors,Large Malls / Complexes,Manager,Shop & Save Spectacular,770174.78,274,2810.86,518.70,4998.60
Sports & Outdoors,Large Malls / Complexes,Manager,Smart Shopper Week,740552.00,272,2722.62,528.35,4935.13
Sports & Outdoors,Large Malls / Complexes,Manager,Spring Refresh Event,764347.51,271,2820.47,535.45,4993.39
Sports & Outdoors,Large Malls / Complexes,Manager,Spring Splash Discounts,648865.70,252,2574.86,508.75,4998.18
Sports & Outdoors,Large Malls / Complexes,Manager,Summer Sizzle Promo,677906.71,248,2733.49,540.77,4987.70
Sports & Outdoors,Large Malls / Complexes,Manager,Super Savings Week,767425.47,286,2683.31,517.65,4992.34
Sports & Outdoors,Large Malls / Complexes,Manager,Ultimate Value Event,737777.78,277,2663.46,523.77,4987.42
Sports & Outdoors,Large Malls / Complexes,Manager,VIP Access Sale,732621.49,262,2796.27,540.59,4998.87
Sports & Outdoors,Large Malls / Complexes,Manager,Weekend Warrior Specials,753633.56,259,2909.78,509.15,4967.70
Sports & Outdoors,Large Malls / Complexes,Manager,Winter Clearance Carnival,793987.56,280,2835.67,506.66,4986.85
Sports & Outdoors,Large Malls / Complexes,Manager,Winter Wonders Sale,800593.40,291,2751.18,504.80,4985.90
Sports & Outdoors,Large Malls / Complexes,Sales Associate,12 Days of Deals,747037.11,273,2736.40,526.79,4989.91
Sports & Outdoors,Large Malls / Complexes,Sales Associate,Autumn Deals Drive,880732.08,316,2787.13,518.04,4974.39
Sports & Outdoors,Large Malls / Complexes,Sales Associate,BOGO Blitz,774446.14,296,2616.37,534.77,4976.04
Sports & Outdoors,Large Malls / Complexes,Sales Associate,Back to School Boost,737822.41,280,2635.08,508.79,4962.68
Sports & Outdoors,Large Malls / Complexes,Sales Associate,Birthday Bash Sale,718858.47,267,2692.35,503.09,4965.21
Sports & Outdoors,Large Malls / Complexes,Sales Associate,Black Friday Blowout,755305.74,283,2668.92,522.92,4932.58
Sports & Outdoors,Large Malls / Complexes,Sales Associate,Cart Crasher Campaign,709929.85,266,2668.91,514.47,4959.37
Sports & Outdoors,Large Malls / Complexes,Sales Associate,Cashback Carnival,796298.29,280,2843.92,500.42,4990.45
Sports & Outdoors,Large Malls / Complexes,Sales Associate,Clearance Countdown,710842.57,268,2652.40,533.95,4989.75
Sports & Outdoors,Large Malls / Complexes,Sales Associate,Countdown to Savings,763658.09,273,2797.28,553.26,4961.36
Sports & Outdoors,Large Malls / Complexes,Sales Associate,Customer Appreciation Week,753543.84,279,2700.87,551.98,4972.24
Sports & Outdoors,Large Malls / Complexes,Sales Associate,Cyber Monday Mania,769054.83,282,2727.14,505.34,4969.51
Sports & Outdoors,Large Malls / Complexes,Sales Associate,Deal of the Month,782229.15,277,2823.93,540.57,4993.19
Sports & Outdoors,Large Malls / Complexes,Sales Associate,Double Points Bonanza,720277.25,269,2677.61,512.78,4977.11
Sports & Outdoors,Large Malls / Complexes,Sales Associate,Early Bird Specials,718665.53,254,2829.39,505.34,4985.37
Sports & Outdoors,Large Malls / Complexes,Sales Associate,End of Season Sale,689552.83,253,2725.51,513.57,4983.79
Sports & Outdoors,Large Malls / Complexes,Sales Associate,Exclusive Insider Offers,783730.49,283,2769.37,503.34,4992.70
Sports & Outdoors,Large Malls / Complexes,Sales Associate,Festive Fever Promo,764740.13,266,2874.96,511.83,4991.54
Sports & Outdoors,Large Malls / Complexes,Sales Associate,Final Call Frenzy,809073.45,299,2705.93,513.15,4997.60
Sports & Outdoors,Large Malls / Complexes,Sales Associate,Flash Frenzy Friday,772861.03,280,2760.22,506.02,4997.51
Sports & Outdoors,Large Malls / Complexes,Sales Associate,"Gift More, Spend Less",759357.33,268,2833.42,517.32,4955.13
Sports & Outdoors,Large Malls / Complexes,Sales Associate,Golden Hour Bargains,848937.00,313,2712.26,503.10,4998.10
Sports & Outdoors,Large Malls / Complexes,Sales Associate,Green Weekend Deals,764953.64,281,2722.25,506.53,4995.46
Sports & Outdoors,Large Malls / Complexes,Sales Associate,Happy Hour Discounts,786097.87,288,2729.51,512.26,4999.78
Sports & Outdoors,Large Malls / Complexes,Sales Associate,Holiday Shopping Rush,791486.39,282,2806.69,506.26,4985.94
Sports & Outdoors,Large Malls / Complexes,Sales Associate,Hot Picks Promo,808263.57,294,2749.20,511.52,4996.34
Sports & Outdoors,Large Malls / Complexes,Sales Associate,Instant Gratification Sale,822700.52,294,2798.30,514.04,4995.28
Sports & Outdoors,Large Malls / Complexes,Sales Associate,Limited Time Treasures,711619.82,262,2716.11,502.11,4991.05
Sports & Outdoors,Large Malls / Complexes,Sales Associate,Loyalty Rewards Blast,748490.36,281,2663.67,508.93,4985.62
Sports & Outdoors,Large Malls / Complexes,Sales Associate,Mega Weekend Bonanza,768079.13,266,2887.52,508.48,4989.73
Sports & Outdoors,Large Malls / Complexes,Sales Associate,Mid-Year Madness,717120.12,262,2737.10,539.97,4992.54
Sports & Outdoors,Large Malls / Complexes,Sales Associate,Midnight Madness,804939.41,287,2804.67,520.94,4962.42
Sports & Outdoors,Large Malls / Complexes,Sales Associate,Mystery Discount Days,687522.01,271,2536.98,504.07,4999.19
Sports & Outdoors,Large Malls / Complexes,Sales Associate,New Arrival Showcase,790173.49,285,2772.54,515.17,4986.33
Sports & Outdoors,Large Malls / Complexes,Sales Associate,New Product Launch Promo,775404.08,278,2789.22,531.89,4998.73
Sports & Outdoors,Large Malls / Complexes,Sales Associate,New Year Kickoff,760655.65,271,2806.85,503.01,4996.62
Sports & Outdoors,Large Malls / Complexes,Sales Associate,Price Drop Parade,750563.31,276,2719.43,511.58,4992.75
Sports & Outdoors,Large Malls / Complexes,Sales Associate,Red Tag Clearance,832885.36,297,2804.33,504.14,4969.29
Sports & Outdoors,Large Malls / Complexes,Sales Associate,Seasonal Surprise Box,796174.22,287,2774.13,551.05,4992.97
Sports & Outdoors,Large Malls / Complexes,Sales Associate,Shop & Save Spectacular,739529.35,260,2844.34,506.24,4986.55
Sports & Outdoors,Large Malls / Complexes,Sales Associate,Smart Shopper Week,744449.22,275,2707.09,509.40,4972.36
Sports & Outdoors,Large Malls / Complexes,Sales Associate,Spring Refresh Event,753518.67,272,2770.29,500.56,4986.59
Sports & Outdoors,Large Malls / Complexes,Sales Associate,Spring Splash Discounts,883318.95,318,2777.73,506.18,4955.54
Sports & Outdoors,Large Malls / Complexes,Sales Associate,Summer Sizzle Promo,678425.76,257,2639.79,500.10,4986.48
Sports & Outdoors,Large Malls / Complexes,Sales Associate,Super Savings Week,823447.99,293,2810.40,540.25,4998.97
Sports & Outdoors,Large Malls / Complexes,Sales Associate,Ultimate Value Event,773681.07,276,2803.19,529.57,4963.97
Sports & Outdoors,Large Malls / Complexes,Sales Associate,VIP Access Sale,750014.44,270,2777.83,525.10,4928.04
Sports & Outdoors,Large Malls / Complexes,Sales Associate,Weekend Warrior Specials,824058.32,293,2812.49,513.82,4989.77
Sports & Outdoors,Large Malls / Complexes,Sales Associate,Winter Clearance Carnival,899680.10,310,2902.19,582.37,4997.18
Sports & Outdoors,Large Malls / Complexes,Sales Associate,Winter Wonders Sale,787569.21,277,2843.21,538.31,4983.97
Sports & Outdoors,Large Malls / Complexes,Salesperson,12 Days of Deals,792599.66,298,2659.73,516.63,4999.02
Sports & Outdoors,Large Malls / Complexes,Salesperson,Autumn Deals Drive,744790.93,276,2698.52,500.76,4996.59
Sports & Outdoors,Large Malls / Complexes,Salesperson,BOGO Blitz,721221.87,265,2721.59,550.36,4996.45
Sports & Outdoors,Large Malls / Complexes,Salesperson,Back to School Boost,749797.08,281,2668.32,533.41,4998.09
Sports & Outdoors,Large Malls / Complexes,Salesperson,Birthday Bash Sale,721476.74,265,2722.55,517.17,4975.44
Sports & Outdoors,Large Malls / Complexes,Salesperson,Black Friday Blowout,657300.31,253,2598.02,503.37,4941.27
Sports & Outdoors,Large Malls / Complexes,Salesperson,Cart Crasher Campaign,705936.66,272,2595.36,512.77,4995.45
Sports & Outdoors,Large Malls / Complexes,Salesperson,Cashback Carnival,713174.99,268,2661.10,502.94,4975.48
Sports & Outdoors,Large Malls / Complexes,Salesperson,Clearance Countdown,760465.11,271,2806.14,502.34,4993.50
Sports & Outdoors,Large Malls / Complexes,Salesperson,Countdown to Savings,740699.50,269,2753.53,508.34,4969.94
Sports & Outdoors,Large Malls / Complexes,Salesperson,Customer Appreciation Week,725122.14,270,2685.64,539.50,4962.54
Sports & Outdoors,Large Malls / Complexes,Salesperson,Cyber Monday Mania,761696.10,280,2720.34,508.24,4950.69
Sports & Outdoors,Large Malls / Complexes,Salesperson,Deal of the Month,730640.06,256,2854.06,503.70,4986.89
Sports & Outdoors,Large Malls / Complexes,Salesperson,Double Points Bonanza,754716.88,272,2774.69,516.22,4998.01
Sports & Outdoors,Large Malls / Complexes,Salesperson,Early Bird Specials,723561.56,259,2793.67,567.05,4996.35
Sports & Outdoors,Large Malls / Complexes,Salesperson,End of Season Sale,766882.70,272,2819.42,503.57,4995.91
Sports & Outdoors,Large Malls / Complexes,Salesperson,Exclusive Insider Offers,900186.56,301,2990.65,521.53,4987.28
Sports & Outdoors,Large Malls / Complexes,Salesperson,Festive Fever Promo,750372.02,276,2718.74,508.66,4870.27
Sports & Outdoors,Large Malls / Complexes,Salesperson,Final Call Frenzy,659275.63,253,2605.83,500.30,4938.57
Sports & Outdoors,Large Malls / Complexes,Salesperson,Flash Frenzy Friday,843276.73,294,2868.29,514.40,4995.14
Sports & Outdoors,Large Malls / Complexes,Salesperson,"Gift More, Spend Less",849641.85,306,2776.61,504.14,4994.22
Sports & Outdoors,Large Malls / Complexes,Salesperson,Golden Hour Bargains,795331.45,295,2696.04,506.18,4981.17
Sports & Outdoors,Large Malls / Complexes,Salesperson,Green Weekend Deals,768655.79,282,2725.73,508.67,4984.29
Sports & Outdoors,Large Malls / Complexes,Salesperson,Happy Hour Discounts,801160.09,282,2840.99,516.34,4998.95
Sports & Outdoors,Large Malls / Complexes,Salesperson,Holiday Shopping Rush,801365.92,290,2763.33,536.78,4997.18
Sports & Outdoors,Large Malls / Complexes,Salesperson,Hot Picks Promo,703683.25,266,2645.43,523.62,4989.53
Sports & Outdoors,Large Malls / Complexes,Salesperson,Instant Gratification Sale,801063.32,289,2771.85,504.24,4991.13
Sports & Outdoors,Large Malls / Complexes,Salesperson,Limited Time Treasures,725397.00,260,2789.99,509.04,4997.70
Sports & Outdoors,Large Malls / Complexes,Salesperson,Loyalty Rewards Blast,783392.89,271,2890.75,569.41,4993.88
Sports & Outdoors,Large Malls / Complexes,Salesperson,Mega Weekend Bonanza,782878.00,277,2826.27,513.95,4993.01
Sports & Outdoors,Large Malls / Complexes,Salesperson,Mid-Year Madness,735971.80,269,2735.95,522.20,4984.84
Sports & Outdoors,Large Malls / Complexes,Salesperson,Midnight Madness,841026.66,303,2775.67,526.93,4983.38
Sports & Outdoors,Large Malls / Complexes,Salesperson,Mystery Discount Days,741797.22,279,2658.77,502.74,4978.14
Sports & Outdoors,Large Malls / Complexes,Salesperson,New Arrival Showcase,730902.03,255,2866.28,500.37,4992.00
Sports & Outdoors,Large Malls / Complexes,Salesperson,New Product Launch Promo,816939.47,304,2687.30,509.58,4991.43
Sports & Outdoors,Large Malls / Complexes,Salesperson,New Year Kickoff,764389.51,269,2841.60,522.48,4994.88
Sports & Outdoors,Large Malls / Complexes,Salesperson,Price Drop Parade,720459.48,265,2718.72,504.82,4996.87
Sports & Outdoors,Large Malls / Complexes,Salesperson,Red Tag Clearance,732379.32,279,2625.02,509.09,4960.29
Sports & Outdoors,Large Malls / Complexes,Salesperson,Seasonal Surprise Box,712608.64,263,2709.54,501.08,4993.44
Sports & Outdoors,Large Malls / Complexes,Salesperson,Shop & Save Spectacular,923585.10,325,2841.80,502.57,4995.89
Sports & Outdoors,Large Malls / Complexes,Salesperson,Smart Shopper Week,669763.62,258,2595.98,540.58,4990.11
Sports & Outdoors,Large Malls / Complexes,Salesperson,Spring Refresh Event,781865.77,281,2782.44,507.06,4959.22
Sports & Outdoors,Large Malls / Complexes,Salesperson,Spring Splash Discounts,764884.26,277,2761.32,512.45,4991.74
Sports & Outdoors,Large Malls / Complexes,Salesperson,Summer Sizzle Promo,784175.67,284,2761.18,507.30,4982.08
Sports & Outdoors,Large Malls / Complexes,Salesperson,Super Savings Week,776738.07,283,2744.66,501.50,4990.35
Sports & Outdoors,Large Malls / Complexes,Salesperson,Ultimate Value Event,733757.56,258,2844.02,557.16,4994.22
Sports & Outdoors,Large Malls / Complexes,Salesperson,VIP Access Sale,782607.24,272,2877.23,507.72,4988.78
Sports & Outdoors,Large Malls / Complexes,Salesperson,Weekend Warrior Specials,732775.54,252,2907.84,510.29,4992.44
Sports & Outdoors,Large Malls / Complexes,Salesperson,Winter Clearance Carnival,806576.21,280,2880.63,520.00,4993.51
Sports & Outdoors,Large Malls / Complexes,Salesperson,Winter Wonders Sale,729869.46,256,2851.05,512.88,4987.57
Sports & Outdoors,Large Malls / Complexes,Senior Salesperson,12 Days of Deals,684239.58,255,2683.29,519.31,4986.27
Sports & Outdoors,Large Malls / Complexes,Senior Salesperson,Autumn Deals Drive,667182.89,255,2616.40,501.93,4995.60
Sports & Outdoors,Large Malls / Complexes,Senior Salesperson,BOGO Blitz,676355.29,242,2794.86,509.14,4984.94
Sports & Outdoors,Large Malls / Complexes,Senior Salesperson,Back to School Boost,724151.83,274,2642.89,537.41,4981.81
Sports & Outdoors,Large Malls / Complexes,Senior Salesperson,Birthday Bash Sale,640757.68,227,2822.72,501.68,4974.29
Sports & Outdoors,Large Malls / Complexes,Senior Salesperson,Black Friday Blowout,727634.29,249,2922.23,529.23,4967.45
Sports & Outdoors,Large Malls / Complexes,Senior Salesperson,Cart Crasher Campaign,644937.81,237,2721.26,510.88,4995.47
Sports & Outdoors,Large Malls / Complexes,Senior Salesperson,Cashback Carnival,660681.85,240,2752.84,502.29,4972.48
Sports & Outdoors,Large Malls / Complexes,Senior Salesperson,Clearance Countdown,642992.86,242,2657.00,548.50,4969.40
Sports & Outdoors,Large Malls / Complexes,Senior Salesperson,Countdown to Savings,690675.70,257,2687.45,527.75,4999.61
Sports & Outdoors,Large Malls / Complexes,Senior Salesperson,Customer Appreciation Week,711215.58,258,2756.65,513.44,4974.30
Sports & Outdoors,Large Malls / Complexes,Senior Salesperson,Cyber Monday Mania,674983.96,237,2848.03,501.43,4994.89
Sports & Outdoors,Large Malls / Complexes,Senior Salesperson,Deal of the Month,618582.38,223,2773.91,511.14,4985.37
Sports & Outdoors,Large Malls / Complexes,Senior Salesperson,Double Points Bonanza,717460.32,250,2869.84,510.07,4996.95
Sports & Outdoors,Large Malls / Complexes,Senior Salesperson,Early Bird Specials,686718.80,249,2757.91,508.41,4989.56
Sports & Outdoors,Large Malls / Complexes,Senior Salesperson,End of Season Sale,670791.66,236,2842.34,507.77,4968.15
Sports & Outdoors,Large Malls / Complexes,Senior Salesperson,Exclusive Insider Offers,568912.16,205,2775.18,523.97,4988.56
Sports & Outdoors,Large Malls / Complexes,Senior Salesperson,Festive Fever Promo,650743.76,231,2817.07,506.83,4995.28
Sports & Outdoors,Large Malls / Complexes,Senior Salesperson,Final Call Frenzy,655347.63,238,2753.56,510.98,4937.13
Sports & Outdoors,Large Malls / Complexes,Senior Salesperson,Flash Frenzy Friday,670417.57,249,2692.44,535.63,4995.53
Sports & Outdoors,Large Malls / Complexes,Senior Salesperson,"Gift More, Spend Less",748369.32,280,2672.75,530.12,4930.55
Sports & Outdoors,Large Malls / Complexes,Senior Salesperson,Golden Hour Bargains,667191.72,252,2647.59,538.46,4990.16
Sports & Outdoors,Large Malls / Complexes,Senior Salesperson,Green Weekend Deals,687114.80,246,2793.15,500.26,4986.57
Sports & Outdoors,Large Malls / Complexes,Senior Salesperson,Happy Hour Discounts,698662.15,242,2887.03,516.62,4981.80
Sports & Outdoors,Large Malls / Complexes,Senior Salesperson,Holiday Shopping Rush,659862.40,254,2597.88,522.56,4964.27
Sports & Outdoors,Large Malls / Complexes,Senior Salesperson,Hot Picks Promo,673843.82,242,2784.48,505.64,4985.11
Sports & Outdoors,Large Malls / Complexes,Senior Salesperson,Instant Gratification Sale,717633.33,246,2917.21,514.21,4989.24
Sports & Outdoors,Large Malls / Complexes,Senior Salesperson,Limited Time Treasures,658950.37,234,2816.03,516.03,4937.99
Sports & Outdoors,Large Malls / Complexes,Senior Salesperson,Loyalty Rewards Blast,586175.47,224,2616.85,501.80,4988.95
Sports & Outdoors,Large Malls / Complexes,Senior Salesperson,Mega Weekend Bonanza,656580.43,240,2735.75,509.61,4979.33
Sports & Outdoors,Large Malls / Complexes,Senior Salesperson,Mid-Year Madness,623037.53,237,2628.85,536.19,4997.59
Sports & Outdoors,Large Malls / Complexes,Senior Salesperson,Midnight Madness,634303.77,226,2806.65,500.23,4994.43
Sports & Outdoors,Large Malls / Complexes,Senior Salesperson,Mystery Discount Days,645604.81,229,2819.23,519.65,4984.10
Sports & Outdoors,Large Malls / Complexes,Senior Salesperson,New Arrival Showcase,768941.57,277,2775.96,509.29,4990.73
Sports & Outdoors,Large Malls / Complexes,Senior Salesperson,New Product Launch Promo,590393.50,214,2758.85,510.20,4988.61
Sports & Outdoors,Large Malls / Complexes,Senior Salesperson,New Year Kickoff,593505.76,227,2614.56,505.26,4996.40
Sports & Outdoors,Large Malls / Complexes,Senior Salesperson,Price Drop Parade,584755.38,224,2610.52,518.34,4947.89
Sports & Outdoors,Large Malls / Complexes,Senior Salesperson,Red Tag Clearance,593690.16,222,2674.28,515.84,4962.87
Sports & Outdoors,Large Malls / Complexes,Senior Salesperson,Seasonal Surprise Box,677081.42,250,2708.33,536.97,4996.14
Sports & Outdoors,Large Malls / Complexes,Senior Salesperson,Shop & Save Spectacular,686626.77,244,2814.04,525.84,4978.72
Sports & Outdoors,Large Malls / Complexes,Senior Salesperson,Smart Shopper Week,616884.87,221,2791.33,519.54,4975.19
Sports & Outdoors,Large Malls / Complexes,Senior Salesperson,Spring Refresh Event,622220.46,222,2802.79,508.72,4974.84
Sports & Outdoors,Large Malls / Complexes,Senior Salesperson,Spring Splash Discounts,683664.10,246,2779.12,533.25,4989.65
Sports & Outdoors,Large Malls / Complexes,Senior Salesperson,Summer Sizzle Promo,622746.79,235,2649.99,503.35,4997.66
Sports & Outdoors,Large Malls / Complexes,Senior Salesperson,Super Savings Week,654595.85,231,2833.75,557.53,4984.03
Sports & Outdoors,Large Malls / Complexes,Senior Salesperson,Ultimate Value Event,710869.84,250,2843.48,511.53,4998.24
Sports & Outdoors,Large Malls / Complexes,Senior Salesperson,VIP Access Sale,679244.22,245,2772.43,552.05,4989.88
Sports & Outdoors,Large Malls / Complexes,Senior Salesperson,Weekend Warrior Specials,656873.38,247,2659.41,517.02,4976.59
Sports & Outdoors,Large Malls / Complexes,Senior Salesperson,Winter Clearance Carnival,654919.76,241,2717.51,527.44,4968.01
Sports & Outdoors,Large Malls / Complexes,Senior Salesperson,Winter Wonders Sale,613624.27,236,2600.10,532.84,4908.68
Sports & Outdoors,Small Stores / Shops,Manager,12 Days of Deals,780636.04,284,2748.72,559.30,4999.67
Sports & Outdoors,Small Stores / Shops,Manager,Autumn Deals Drive,716042.22,275,2603.79,504.53,4998.38
Sports & Outdoors,Small Stores / Shops,Manager,BOGO Blitz,779411.38,284,2744.41,529.41,4997.71
Sports & Outdoors,Small Stores / Shops,Manager,Back to School Boost,800675.15,286,2799.56,503.12,4989.50
Sports & Outdoors,Small Stores / Shops,Manager,Birthday Bash Sale,800096.88,291,2749.47,500.14,4990.77
Sports & Outdoors,Small Stores / Shops,Manager,Black Friday Blowout,864682.25,309,2798.32,515.94,4967.41
Sports & Outdoors,Small Stores / Shops,Manager,Cart Crasher Campaign,781799.45,287,2724.04,512.46,4987.64
Sports & Outdoors,Small Stores / Shops,Manager,Cashback Carnival,778968.79,273,2853.37,526.61,4994.16
Sports & Outdoors,Small Stores / Shops,Manager,Clearance Countdown,727351.46,258,2819.19,501.38,4965.75
Sports & Outdoors,Small Stores / Shops,Manager,Countdown to Savings,833331.46,296,2815.31,502.49,4976.20
Sports & Outdoors,Small Stores / Shops,Manager,Customer Appreciation Week,784248.80,261,3004.78,536.77,4988.73
Sports & Outdoors,Small Stores / Shops,Manager,Cyber Monday Mania,768964.26,277,2776.04,502.42,4999.05
Sports & Outdoors,Small Stores / Shops,Manager,Deal of the Month,777919.48,278,2798.27,509.93,4991.35
Sports & Outdoors,Small Stores / Shops,Manager,Double Points Bonanza,749816.14,271,2766.85,507.68,4988.60
Sports & Outdoors,Small Stores / Shops,Manager,Early Bird Specials,736334.02,266,2768.17,523.47,4950.73
Sports & Outdoors,Small Stores / Shops,Manager,End of Season Sale,757056.24,287,2637.83,502.75,4989.84
Sports & Outdoors,Small Stores / Shops,Manager,Exclusive Insider Offers,771312.52,286,2696.90,504.56,4992.49
Sports & Outdoors,Small Stores / Shops,Manager,Festive Fever Promo,788705.83,282,2796.83,525.70,4979.17
Sports & Outdoors,Small Stores / Shops,Manager,Final Call Frenzy,791280.48,273,2898.46,514.83,4987.28
Sports & Outdoors,Small Stores / Shops,Manager,Flash Frenzy Friday,788912.75,286,2758.44,504.35,4996.10
Sports & Outdoors,Small Stores / Shops,Manager,"Gift More, Spend Less",815839.89,304,2683.68,522.05,4992.10
Sports & Outdoors,Small Stores / Shops,Manager,Golden Hour Bargains,772434.12,279,2768.58,519.14,4995.64
Sports & Outdoors,Small Stores / Shops,Manager,Green Weekend Deals,719917.02,267,2696.32,567.97,4996.07
Sports & Outdoors,Small Stores / Shops,Manager,Happy Hour Discounts,778862.65,277,2811.78,505.31,4979.88
Sports & Outdoors,Small Stores / Shops,Manager,Holiday Shopping Rush,666071.52,255,2612.05,510.74,4961.08
Sports & Outdoors,Small Stores / Shops,Manager,Hot Picks Promo,790427.54,292,2706.94,500.04,4997.69
Sports & Outdoors,Small Stores / Shops,Manager,Instant Gratification Sale,759546.67,266,2855.44,547.30,4977.77
Sports & Outdoors,Small Stores / Shops,Manager,Limited Time Treasures,751863.54,265,2837.22,508.79,4985.47
Sports & Outdoors,Small Stores / Shops,Manager,Loyalty Rewards Blast,748057.80,268,2791.26,500.22,4987.05
Sports & Outdoors,Small Stores / Shops,Manager,Mega Weekend Bonanza,805182.28,302,2666.17,511.55,4973.58
Sports & Outdoors,Small Stores / Shops,Manager,Mid-Year Madness,825735.84,311,2655.10,530.80,4956.19
Sports & Outdoors,Small Stores / Shops,Manager,Midnight Madness,789277.49,292,2703.01,514.18,4994.74
Sports & Outdoors,Small Stores / Shops,Manager,Mystery Discount Days,712800.97,276,2582.61,505.83,4995.72
Sports & Outdoors,Small Stores / Shops,Manager,New Arrival Showcase,837582.74,306,2737.20,522.55,4970.18
Sports & Outdoors,Small Stores / Shops,Manager,New Product Launch Promo,823145.26,295,2790.32,510.50,4999.30
Sports & Outdoors,Small Stores / Shops,Manager,New Year Kickoff,798287.52,279,2861.25,536.62,4984.10
Sports & Outdoors,Small Stores / Shops,Manager,Price Drop Parade,809051.27,287,2818.99,500.50,4987.08
Sports & Outdoors,Small Stores / Shops,Manager,Red Tag Clearance,785311.78,276,2845.33,588.88,4992.12
Sports & Outdoors,Small Stores / Shops,Manager,Seasonal Surprise Box,861815.38,326,2643.61,501.30,4992.17
Sports & Outdoors,Small Stores / Shops,Manager,Shop & Save Spectacular,897437.57,317,2831.03,507.87,4996.23
Sports & Outdoors,Small Stores / Shops,Manager,Smart Shopper Week,760972.36,284,2679.48,500.78,4991.23
Sports & Outdoors,Small Stores / Shops,Manager,Spring Refresh Event,816097.81,293,2785.32,521.35,4981.20
Sports & Outdoors,Small Stores / Shops,Manager,Spring Splash Discounts,702454.91,251,2798.63,523.12,4999.83
Sports & Outdoors,Small Stores / Shops,Manager,Summer Sizzle Promo,774727.33,277,2796.85,504.80,4958.51
Sports & Outdoors,Small Stores / Shops,Manager,Super Savings Week,772336.91,278,2778.19,523.55,4970.76
Sports & Outdoors,Small Stores / Shops,Manager,Ultimate Value Event,792616.17,283,2800.76,530.29,4956.51
Sports & Outdoors,Small Stores / Shops,Manager,VIP Access Sale,699088.22,243,2876.91,502.72,4991.92
Sports & Outdoors,Small Stores / Shops,Manager,Weekend Warrior Specials,817333.86,294,2780.05,501.32,4984.56
Sports & Outdoors,Small Stores / Shops,Manager,Winter Clearance Carnival,718770.89,264,2722.62,512.66,4986.12
Sports & Outdoors,Small Stores / Shops,Manager,Winter Wonders Sale,766553.59,274,2797.64,531.71,4993.15
Sports & Outdoors,Small Stores / Shops,Sales Associate,12 Days of Deals,878293.93,317,2770.64,511.33,4991.91
Sports & Outdoors,Small Stores / Shops,Sales Associate,Autumn Deals Drive,878634.75,314,2798.20,529.51,4996.48
Sports & Outdoors,Small Stores / Shops,Sales Associate,BOGO Blitz,787238.00,291,2705.29,509.05,4954.73
Sports & Outdoors,Small Stores / Shops,Sales Associate,Back to School Boost,859238.23,309,2780.71,517.77,4987.32
Sports & Outdoors,Small Stores / Shops,Sales Associate,Birthday Bash Sale,813300.73,291,2794.85,513.78,4998.00
Sports & Outdoors,Small Stores / Shops,Sales Associate,Black Friday Blowout,803339.03,291,2760.62,513.30,4962.57
Sports & Outdoors,Small Stores / Shops,Sales Associate,Cart Crasher Campaign,820099.29,293,2798.97,500.78,4996.75
Sports & Outdoors,Small Stores / Shops,Sales Associate,Cashback Carnival,817523.27,294,2780.69,500.39,4993.05
Sports & Outdoors,Small Stores / Shops,Sales Associate,Clearance Countdown,809629.76,289,2801.49,500.37,4989.35
Sports & Outdoors,Small Stores / Shops,Sales Associate,Countdown to Savings,825155.75,301,2741.38,500.23,4996.57
Sports & Outdoors,Small Stores / Shops,Sales Associate,Customer Appreciation Week,784220.53,290,2704.21,520.00,4984.83
Sports & Outdoors,Small Stores / Shops,Sales Associate,Cyber Monday Mania,827719.73,292,2834.66,509.96,4995.64
Sports & Outdoors,Small Stores / Shops,Sales Associate,Deal of the Month,906014.85,328,2762.24,503.87,4995.46
Sports & Outdoors,Small Stores / Shops,Sales Associate,Double Points Bonanza,808285.98,296,2730.70,504.72,4998.97
Sports & Outdoors,Small Stores / Shops,Sales Associate,Early Bird Specials,918973.50,318,2889.85,513.18,4985.23
Sports & Outdoors,Small Stores / Shops,Sales Associate,End of Season Sale,791501.56,283,2796.83,517.48,4991.78
Sports & Outdoors,Small Stores / Shops,Sales Associate,Exclusive Insider Offers,819164.65,293,2795.78,503.94,4927.94
Sports & Outdoors,Small Stores / Shops,Sales Associate,Festive Fever Promo,883413.23,323,2735.03,503.49,4903.15
Sports & Outdoors,Small Stores / Shops,Sales Associate,Final Call Frenzy,787554.88,294,2678.76,557.58,4969.55
Sports & Outdoors,Small Stores / Shops,Sales Associate,Flash Frenzy Friday,843083.96,306,2755.18,506.15,4982.13
Sports & Outdoors,Small Stores / Shops,Sales Associate,"Gift More, Spend Less",797868.52,283,2819.32,521.61,4991.44
Sports & Outdoors,Small Stores / Shops,Sales Associate,Golden Hour Bargains,868459.24,309,2810.55,510.74,4984.15
Sports & Outdoors,Small Stores / Shops,Sales Associate,Green Weekend Deals,788919.77,283,2787.70,504.95,4996.20
Sports & Outdoors,Small Stores / Shops,Sales Associate,Happy Hour Discounts,755309.13,279,2707.20,523.22,4975.35
Sports & Outdoors,Small Stores / Shops,Sales Associate,Holiday Shopping Rush,791271.87,288,2747.47,522.16,4956.04
Sports & Outdoors,Small Stores / Shops,Sales Associate,Hot Picks Promo,795353.31,290,2742.60,502.43,4982.03
Sports & Outdoors,Small Stores / Shops,Sales Associate,Instant Gratification Sale,831763.10,298,2791.15,508.86,4998.94
Sports & Outdoors,Small Stores / Shops,Sales Associate,Limited Time Treasures,816271.65,296,2757.67,576.14,4961.50
Sports & Outdoors,Small Stores / Shops,Sales Associate,Loyalty Rewards Blast,770368.26,278,2771.11,510.40,4977.15
Sports & Outdoors,Small Stores / Shops,Sales Associate,Mega Weekend Bonanza,856097.46,291,2941.92,555.22,4982.69
Sports & Outdoors,Small Stores / Shops,Sales Associate,Mid-Year Madness,775196.04,284,2729.56,550.14,4949.66
Sports & Outdoors,Small Stores / Shops,Sales Associate,Midnight Madness,744576.57,274,2717.43,533.16,4972.15
Sports & Outdoors,Small Stores / Shops,Sales Associate,Mystery Discount Days,798616.94,286,2792.37,506.20,4990.91
Sports & Outdoors,Small Stores / Shops,Sales Associate,New Arrival Showcase,787841.08,293,2688.88,506.15,4998.83
Sports & Outdoors,Small Stores / Shops,Sales Associate,New Product Launch Promo,788283.20,288,2737.09,519.44,4989.97
Sports & Outdoors,Small Stores / Shops,Sales Associate,New Year Kickoff,791283.91,288,2747.51,516.02,4996.00
Sports & Outdoors,Small Stores / Shops,Sales Associate,Price Drop Parade,782411.93,279,2804.34,505.17,4979.26
Sports & Outdoors,Small Stores / Shops,Sales Associate,Red Tag Clearance,746448.34,268,2785.26,515.16,4990.98
Sports & Outdoors,Small Stores / Shops,Sales Associate,Seasonal Surprise Box,946997.97,342,2769.00,533.53,4980.91
Sports & Outdoors,Small Stores / Shops,Sales Associate,Shop & Save Spectacular,686860.28,254,2704.17,533.19,4992.07
Sports & Outdoors,Small Stores / Shops,Sales Associate,Smart Shopper Week,906785.73,337,2690.76,505.62,4993.72
Sports & Outdoors,Small Stores / Shops,Sales Associate,Spring Refresh Event,800304.33,302,2650.01,510.28,4999.78
Sports & Outdoors,Small Stores / Shops,Sales Associate,Spring Splash Discounts,869683.58,305,2851.42,508.67,4985.32
Sports & Outdoors,Small Stores / Shops,Sales Associate,Summer Sizzle Promo,903113.03,322,2804.70,539.08,4998.50
Sports & Outdoors,Small Stores / Shops,Sales Associate,Super Savings Week,805808.56,274,2940.91,633.39,4975.91
Sports & Outdoors,Small Stores / Shops,Sales Associate,Ultimate Value Event,824433.62,317,2600.74,502.59,4993.60
Sports & Outdoors,Small Stores / Shops,Sales Associate,VIP Access Sale,770080.28,275,2800.29,517.53,4989.16
Sports & Outdoors,Small Stores / Shops,Sales Associate,Weekend Warrior Specials,753267.34,271,2779.58,511.11,4958.19
Sports & Outdoors,Small Stores / Shops,Sales Associate,Winter Clearance Carnival,881279.37,319,2762.63,511.88,4985.18
Sports & Outdoors,Small Stores / Shops,Sales Associate,Winter Wonders Sale,754120.44,280,2693.29,513.20,4991.15
Sports & Outdoors,Small Stores / Shops,Salesperson,12 Days of Deals,810395.86,281,2883.97,515.75,4998.61
Sports & Outdoors,Small Stores / Shops,Salesperson,Autumn Deals Drive,727539.58,270,2694.59,529.90,4997.04
Sports & Outdoors,Small Stores / Shops,Salesperson,BOGO Blitz,875617.07,309,2833.71,519.56,4997.05
Sports & Outdoors,Small Stores / Shops,Salesperson,Back to School Boost,774036.16,288,2687.63,505.03,4967.84
Sports & Outdoors,Small Stores / Shops,Salesperson,Birthday Bash Sale,754391.80,284,2656.31,508.25,4993.81
Sports & Outdoors,Small Stores / Shops,Salesperson,Black Friday Blowout,753009.28,277,2718.45,527.37,4999.65
Sports & Outdoors,Small Stores / Shops,Salesperson,Cart Crasher Campaign,857835.55,314,2731.96,504.84,4997.58
Sports & Outdoors,Small Stores / Shops,Salesperson,Cashback Carnival,746608.72,278,2685.64,502.58,4981.41
Sports & Outdoors,Small Stores / Shops,Salesperson,Clearance Countdown,782156.29,304,2572.88,505.38,4964.25
Sports & Outdoors,Small Stores / Shops,Salesperson,Countdown to Savings,948005.15,337,2813.07,532.17,4996.44
Sports & Outdoors,Small Stores / Shops,Salesperson,Customer Appreciation Week,917970.23,322,2850.84,550.03,4997.64
Sports & Outdoors,Small Stores / Shops,Salesperson,Cyber Monday Mania,860393.76,319,2697.16,505.17,4996.11
Sports & Outdoors,Small Stores / Shops,Salesperson,Deal of the Month,753702.49,287,2626.14,515.58,4985.83
Sports & Outdoors,Small Stores / Shops,Salesperson,Double Points Bonanza,745419.09,267,2791.83,507.03,4994.46
Sports & Outdoors,Small Stores / Shops,Salesperson,Early Bird Specials,751565.06,289,2600.57,505.00,4997.07
Sports & Outdoors,Small Stores / Shops,Salesperson,End of Season Sale,838387.07,304,2757.85,531.46,4996.88
Sports & Outdoors,Small Stores / Shops,Salesperson,Exclusive Insider Offers,766418.01,283,2708.19,525.50,4998.46
Sports & Outdoors,Small Stores / Shops,Salesperson,Festive Fever Promo,797024.67,285,2796.58,508.47,4973.24
Sports & Outdoors,Small Stores / Shops,Salesperson,Final Call Frenzy,846453.36,310,2730.49,510.32,4991.04
Sports & Outdoors,Small Stores / Shops,Salesperson,Flash Frenzy Friday,789478.68,294,2685.30,508.31,4990.60
Sports & Outdoors,Small Stores / Shops,Salesperson,"Gift More, Spend Less",764271.48,293,2608.44,501.32,4990.32
Sports & Outdoors,Small Stores / Shops,Salesperson,Golden Hour Bargains,852594.92,318,2681.12,500.01,4989.95
Sports & Outdoors,Small Stores / Shops,Salesperson,Green Weekend Deals,796732.94,283,2815.31,527.64,4987.48
Sports & Outdoors,Small Stores / Shops,Salesperson,Happy Hour Discounts,828203.67,303,2733.35,521.71,4993.63
Sports & Outdoors,Small Stores / Shops,Salesperson,Holiday Shopping Rush,877578.96,319,2751.03,516.60,4978.01
Sports & Outdoors,Small Stores / Shops,Salesperson,Hot Picks Promo,867269.12,315,2753.24,503.06,4973.87
Sports & Outdoors,Small Stores / Shops,Salesperson,Instant Gratification Sale,866314.20,319,2715.72,500.41,4983.16
Sports & Outdoors,Small Stores / Shops,Salesperson,Limited Time Treasures,788959.95,287,2748.99,511.42,4988.75
Sports & Outdoors,Small Stores / Shops,Salesperson,Loyalty Rewards Blast,812045.55,290,2800.16,501.42,4996.03
Sports & Outdoors,Small Stores / Shops,Salesperson,Mega Weekend Bonanza,827975.53,296,2797.21,500.15,4936.31
Sports & Outdoors,Small Stores / Shops,Salesperson,Mid-Year Madness,794615.93,290,2740.05,553.31,4995.13
Sports & Outdoors,Small Stores / Shops,Salesperson,Midnight Madness,714716.13,264,2707.26,520.72,4997.31
Sports & Outdoors,Small Stores / Shops,Salesperson,Mystery Discount Days,864805.10,305,2835.43,501.05,4990.54
Sports & Outdoors,Small Stores / Shops,Salesperson,New Arrival Showcase,880948.60,308,2860.22,510.89,4996.77
Sports & Outdoors,Small Stores / Shops,Salesperson,New Product Launch Promo,776709.25,280,2773.96,503.51,4977.65
Sports & Outdoors,Small Stores / Shops,Salesperson,New Year Kickoff,750110.55,284,2641.23,503.31,4997.16
Sports & Outdoors,Small Stores / Shops,Salesperson,Price Drop Parade,746447.42,274,2724.26,511.47,4985.83
Sports & Outdoors,Small Stores / Shops,Salesperson,Red Tag Clearance,798669.23,286,2792.55,506.04,4963.69
Sports & Outdoors,Small Stores / Shops,Salesperson,Seasonal Surprise Box,800047.10,286,2797.37,537.75,4981.47
Sports & Outdoors,Small Stores / Shops,Salesperson,Shop & Save Spectacular,850819.77,300,2836.07,509.24,4976.80
Sports & Outdoors,Small Stores / Shops,Salesperson,Smart Shopper Week,802179.08,293,2737.81,506.78,4980.54
Sports & Outdoors,Small Stores / Shops,Salesperson,Spring Refresh Event,786136.12,287,2739.15,510.87,4940.75
Sports & Outdoors,Small Stores / Shops,Salesperson,Spring Splash Discounts,783315.68,277,2827.85,517.03,4994.34
Sports & Outdoors,Small Stores / Shops,Salesperson,Summer Sizzle Promo,805524.14,291,2768.12,502.54,4984.77
Sports & Outdoors,Small Stores / Shops,Salesperson,Super Savings Week,840855.82,306,2747.89,526.21,4999.25
Sports & Outdoors,Small Stores / Shops,Salesperson,Ultimate Value Event,792677.74,286,2771.60,503.10,4980.77
Sports & Outdoors,Small Stores / Shops,Salesperson,VIP Access Sale,850592.72,314,2708.89,500.51,4994.03
Sports & Outdoors,Small Stores / Shops,Salesperson,Weekend Warrior Specials,830706.79,321,2587.87,500.79,4989.44
Sports & Outdoors,Small Stores / Shops,Salesperson,Winter Clearance Carnival,702977.26,254,2767.63,503.87,4992.09
Sports & Outdoors,Small Stores / Shops,Salesperson,Winter Wonders Sale,816845.80,293,2787.87,503.85,4987.82
Sports & Outdoors,Small Stores / Shops,Senior Salesperson,12 Days of Deals,684317.81,266,2572.62,502.11,4987.38
Sports & Outdoors,Small Stores / Shops,Senior Salesperson,Autumn Deals Drive,724301.89,257,2818.30,510.00,4983.97
Sports & Outdoors,Small Stores / Shops,Senior Salesperson,BOGO Blitz,769950.85,269,2862.27,514.68,4997.17
Sports & Outdoors,Small Stores / Shops,Senior Salesperson,Back to School Boost,753020.32,268,2809.78,549.78,4976.43
Sports & Outdoors,Small Stores / Shops,Senior Salesperson,Birthday Bash Sale,704810.41,261,2700.42,528.92,4948.61
Sports & Outdoors,Small Stores / Shops,Senior Salesperson,Black Friday Blowout,665954.34,243,2740.55,503.63,4990.38
Sports & Outdoors,Small Stores / Shops,Senior Salesperson,Cart Crasher Campaign,733284.48,266,2756.71,515.04,4993.50
Sports & Outdoors,Small Stores / Shops,Senior Salesperson,Cashback Carnival,690559.65,253,2729.48,549.29,4992.80
Sports & Outdoors,Small Stores / Shops,Senior Salesperson,Clearance Countdown,619710.00,238,2603.82,501.13,4996.31
Sports & Outdoors,Small Stores / Shops,Senior Salesperson,Countdown to Savings,771194.15,269,2866.89,511.34,4972.93
Sports & Outdoors,Small Stores / Shops,Senior Salesperson,Customer Appreciation Week,810691.66,283,2864.63,529.62,4998.61
Sports & Outdoors,Small Stores / Shops,Senior Salesperson,Cyber Monday Mania,689204.33,249,2767.89,509.87,4976.44
Sports & Outdoors,Small Stores / Shops,Senior Salesperson,Deal of the Month,691919.69,261,2651.03,550.42,4968.16
Sports & Outdoors,Small Stores / Shops,Senior Salesperson,Double Points Bonanza,691601.64,256,2701.57,502.80,4993.64
Sports & Outdoors,Small Stores / Shops,Senior Salesperson,Early Bird Specials,697582.64,247,2824.22,525.28,4979.45
Sports & Outdoors,Small Stores / Shops,Senior Salesperson,End of Season Sale,677755.60,257,2637.18,509.96,4979.32
Sports & Outdoors,Small Stores / Shops,Senior Salesperson,Exclusive Insider Offers,623759.49,227,2747.84,502.99,4995.69
Sports & Outdoors,Small Stores / Shops,Senior Salesperson,Festive Fever Promo,736990.89,262,2812.94,513.42,4998.24
Sports & Outdoors,Small Stores / Shops,Senior Salesperson,Final Call Frenzy,752998.61,262,2874.04,500.03,4990.97
Sports & Outdoors,Small Stores / Shops,Senior Salesperson,Flash Frenzy Friday,688067.07,251,2741.30,517.65,4988.82
Sports & Outdoors,Small Stores / Shops,Senior Salesperson,"Gift More, Spend Less",711168.13,251,2833.34,507.15,4986.03
Sports & Outdoors,Small Stores / Shops,Senior Salesperson,Golden Hour Bargains,654480.16,236,2773.22,501.07,4987.94
Sports & Outdoors,Small Stores / Shops,Senior Salesperson,Green Weekend Deals,716965.37,255,2811.63,508.30,4982.68
Sports & Outdoors,Small Stores / Shops,Senior Salesperson,Happy Hour Discounts,715238.70,263,2719.54,519.18,4985.47
Sports & Outdoors,Small Stores / Shops,Senior Salesperson,Holiday Shopping Rush,675189.00,246,2744.67,503.52,4969.05
Sports & Outdoors,Small Stores / Shops,Senior Salesperson,Hot Picks Promo,629735.87,237,2657.11,511.30,4996.43
Sports & Outdoors,Small Stores / Shops,Senior Salesperson,Instant Gratification Sale,768141.46,277,2773.07,500.07,4986.49
Sports & Outdoors,Small Stores / Shops,Senior Salesperson,Limited Time Treasures,719710.34,255,2822.39,542.37,4976.52
Sports & Outdoors,Small Stores / Shops,Senior Salesperson,Loyalty Rewards Blast,693109.62,262,2645.46,502.35,4932.60
Sports & Outdoors,Small Stores / Shops,Senior Salesperson,Mega Weekend Bonanza,679784.41,251,2708.30,515.58,4970.42
Sports & Outdoors,Small Stores / Shops,Senior Salesperson,Mid-Year Madness,771499.64,272,2836.40,503.20,4994.65
Sports & Outdoors,Small Stores / Shops,Senior Salesperson,Midnight Madness,685862.86,254,2700.25,506.71,4971.39
Sports & Outdoors,Small Stores / Shops,Senior Salesperson,Mystery Discount Days,717116.12,268,2675.81,504.23,4962.98
Sports & Outdoors,Small Stores / Shops,Senior Salesperson,New Arrival Showcase,668653.44,251,2663.96,511.49,4994.48
Sports & Outdoors,Small Stores / Shops,Senior Salesperson,New Product Launch Promo,803925.24,281,2860.94,500.73,4984.56
Sports & Outdoors,Small Stores / Shops,Senior Salesperson,New Year Kickoff,774656.45,286,2708.59,528.73,4996.08
Sports & Outdoors,Small Stores / Shops,Senior Salesperson,Price Drop Parade,642385.53,251,2559.30,515.61,4976.80
Sports & Outdoors,Small Stores / Shops,Senior Salesperson,Red Tag Clearance,778690.65,275,2831.60,521.89,4971.34
Sports & Outdoors,Small Stores / Shops,Senior Salesperson,Seasonal Surprise Box,768393.90,282,2724.80,501.12,4992.44
Sports & Outdoors,Small Stores / Shops,Senior Salesperson,Shop & Save Spectacular,739001.47,263,2809.89,503.19,4995.87
Sports & Outdoors,Small Stores / Shops,Senior Salesperson,Smart Shopper Week,769235.94,267,2881.03,519.29,4996.42
Sports & Outdoors,Small Stores / Shops,Senior Salesperson,Spring Refresh Event,666717.43,245,2721.30,502.39,4992.33
Sports & Outdoors,Small Stores / Shops,Senior Salesperson,Spring Splash Discounts,808476.18,293,2759.30,518.18,4990.88
Sports & Outdoors,Small Stores / Shops,Senior Salesperson,Summer Sizzle Promo,820504.94,295,2781.37,501.65,4997.06
Sports & Outdoors,Small Stores / Shops,Senior Salesperson,Super Savings Week,723361.80,246,2940.50,532.17,4994.88
Sports & Outdoors,Small Stores / Shops,Senior Salesperson,Ultimate Value Event,672623.65,257,2617.21,507.38,4999.44
Sports & Outdoors,Small Stores / Shops,Senior Salesperson,VIP Access Sale,648872.34,236,2749.46,574.54,4987.95
Sports & Outdoors,Small Stores / Shops,Senior Salesperson,Weekend Warrior Specials,700024.78,260,2692.40,502.77,4971.28
Sports & Outdoors,Small Stores / Shops,Senior Salesperson,Winter Clearance Carnival,759375.77,274,2771.44,516.37,4998.38
Sports & Outdoors,Small Stores / Shops,Senior Salesperson,Winter Wonders Sale,708159.21,253,2799.05,535.39,4995.17
Sports & Outdoors,Supermarkets ,Manager,12 Days of Deals,870285.47,304,2862.78,517.78,4977.69
Sports & Outdoors,Supermarkets ,Manager,Autumn Deals Drive,812294.24,295,2753.54,500.04,4997.38
Sports & Outdoors,Supermarkets ,Manager,BOGO Blitz,787305.70,279,2821.88,538.28,4996.52
Sports & Outdoors,Supermarkets ,Manager,Back to School Boost,786051.80,291,2701.21,501.48,4993.57
Sports & Outdoors,Supermarkets ,Manager,Birthday Bash Sale,759490.21,274,2771.86,512.52,4984.92
Sports & Outdoors,Supermarkets ,Manager,Black Friday Blowout,842321.60,304,2770.79,519.70,4998.42
Sports & Outdoors,Supermarkets ,Manager,Cart Crasher Campaign,790543.34,282,2803.35,570.74,4972.68
Sports & Outdoors,Supermarkets ,Manager,Cashback Carnival,756799.10,274,2762.04,505.40,4978.45
Sports & Outdoors,Supermarkets ,Manager,Clearance Countdown,809595.84,298,2716.76,530.89,4954.16
Sports & Outdoors,Supermarkets ,Manager,Countdown to Savings,718956.92,268,2682.68,511.78,4993.86
Sports & Outdoors,Supermarkets ,Manager,Customer Appreciation Week,887041.47,310,2861.42,513.15,4954.61
Sports & Outdoors,Supermarkets ,Manager,Cyber Monday Mania,863536.53,313,2758.90,513.22,4998.53
Sports & Outdoors,Supermarkets ,Manager,Deal of the Month,734900.46,279,2634.05,511.82,4974.63
Sports & Outdoors,Supermarkets ,Manager,Double Points Bonanza,779003.42,268,2906.73,554.38,4985.88
Sports & Outdoors,Supermarkets ,Manager,Early Bird Specials,848747.59,303,2801.15,516.68,4996.32
Sports & Outdoors,Supermarkets ,Manager,End of Season Sale,751328.24,287,2617.87,509.18,4996.20
Sports & Outdoors,Supermarkets ,Manager,Exclusive Insider Offers,817477.37,279,2930.03,522.46,4999.97
Sports & Outdoors,Supermarkets ,Manager,Festive Fever Promo,747873.24,288,2596.78,503.81,4997.72
Sports & Outdoors,Supermarkets ,Manager,Final Call Frenzy,751388.44,278,2702.84,501.90,4972.48
Sports & Outdoors,Supermarkets ,Manager,Flash Frenzy Friday,836147.33,297,2815.31,505.25,4996.39
Sports & Outdoors,Supermarkets ,Manager,"Gift More, Spend Less",776435.35,290,2677.36,555.81,4991.11
Sports & Outdoors,Supermarkets ,Manager,Golden Hour Bargains,820608.29,290,2829.68,511.02,4975.11
Sports & Outdoors,Supermarkets ,Manager,Green Weekend Deals,804180.36,296,2716.83,528.13,4971.36
Sports & Outdoors,Supermarkets ,Manager,Happy Hour Discounts,859682.92,312,2755.39,506.19,4995.06
Sports & Outdoors,Supermarkets ,Manager,Holiday Shopping Rush,785103.92,299,2625.77,501.14,4976.16
Sports & Outdoors,Supermarkets ,Manager,Hot Picks Promo,825695.73,294,2808.49,543.88,4961.14
Sports & Outdoors,Supermarkets ,Manager,Instant Gratification Sale,786396.63,293,2683.95,506.16,4941.90
Sports & Outdoors,Supermarkets ,Manager,Limited Time Treasures,806090.32,297,2714.11,501.18,4983.80
Sports & Outdoors,Supermarkets ,Manager,Loyalty Rewards Blast,740017.09,275,2690.97,509.05,4987.16
Sports & Outdoors,Supermarkets ,Manager,Mega Weekend Bonanza,761667.28,293,2599.55,509.28,4908.85
Sports & Outdoors,Supermarkets ,Manager,Mid-Year Madness,795508.65,287,2771.81,502.53,4991.08
Sports & Outdoors,Supermarkets ,Manager,Midnight Madness,752246.14,266,2827.99,500.45,4993.16
Sports & Outdoors,Supermarkets ,Manager,Mystery Discount Days,688896.00,252,2733.71,500.04,4998.07
Sports & Outdoors,Supermarkets ,Manager,New Arrival Showcase,739421.54,275,2688.81,509.28,4992.57
Sports & Outdoors,Supermarkets ,Manager,New Product Launch Promo,724136.66,270,2681.99,503.65,4958.29
Sports & Outdoors,Supermarkets ,Manager,New Year Kickoff,793153.24,291,2725.61,523.32,4977.99
Sports & Outdoors,Supermarkets ,Manager,Price Drop Parade,786305.18,285,2758.97,525.17,4988.10
Sports & Outdoors,Supermarkets ,Manager,Red Tag Clearance,882944.33,296,2982.92,530.70,4992.96
Sports & Outdoors,Supermarkets ,Manager,Seasonal Surprise Box,769049.99,287,2679.62,515.20,4986.54
Sports & Outdoors,Supermarkets ,Manager,Shop & Save Spectacular,726432.15,273,2660.92,512.09,4976.81
Sports & Outdoors,Supermarkets ,Manager,Smart Shopper Week,870407.47,313,2780.85,533.73,4991.18
Sports & Outdoors,Supermarkets ,Manager,Spring Refresh Event,868476.00,301,2885.30,583.50,4992.08
Sports & Outdoors,Supermarkets ,Manager,Spring Splash Discounts,786723.13,288,2731.68,526.41,4987.61
Sports & Outdoors,Supermarkets ,Manager,Summer Sizzle Promo,869084.58,306,2840.15,507.75,4984.84
Sports & Outdoors,Supermarkets ,Manager,Super Savings Week,701016.59,259,2706.63,506.36,4930.92
Sports & Outdoors,Supermarkets ,Manager,Ultimate Value Event,829336.78,313,2649.64,501.61,4978.40
Sports & Outdoors,Supermarkets ,Manager,VIP Access Sale,884841.22,300,2949.47,506.74,4995.80
Sports & Outdoors,Supermarkets ,Manager,Weekend Warrior Specials,761249.36,286,2661.71,506.15,4998.83
Sports & Outdoors,Supermarkets ,Manager,Winter Clearance Carnival,708131.01,269,2632.46,509.53,4995.26
Sports & Outdoors,Supermarkets ,Manager,Winter Wonders Sale,806568.73,294,2743.43,506.23,4979.73
Sports & Outdoors,Supermarkets ,Sales Associate,12 Days of Deals,877849.61,317,2769.24,512.46,4972.50
Sports & Outdoors,Supermarkets ,Sales Associate,Autumn Deals Drive,767621.06,301,2550.24,510.74,4932.61
Sports & Outdoors,Supermarkets ,Sales Associate,BOGO Blitz,809339.99,284,2849.79,516.05,4986.87
Sports & Outdoors,Supermarkets ,Sales Associate,Back to School Boost,884996.62,311,2845.65,525.33,4999.33
Sports & Outdoors,Supermarkets ,Sales Associate,Birthday Bash Sale,886824.93,328,2703.73,501.50,4987.98
Sports & Outdoors,Supermarkets ,Sales Associate,Black Friday Blowout,899413.73,336,2676.83,509.28,4991.94
Sports & Outdoors,Supermarkets ,Sales Associate,Cart Crasher Campaign,809359.96,295,2743.59,522.03,4972.39
Sports & Outdoors,Supermarkets ,Sales Associate,Cashback Carnival,833233.44,317,2628.50,509.40,4970.35
Sports & Outdoors,Supermarkets ,Sales Associate,Clearance Countdown,833391.45,304,2741.42,501.49,4998.56
Sports & Outdoors,Supermarkets ,Sales Associate,Countdown to Savings,803466.96,299,2687.18,500.09,4982.11
Sports & Outdoors,Supermarkets ,Sales Associate,Customer Appreciation Week,824912.39,301,2740.57,520.41,4999.02
Sports & Outdoors,Supermarkets ,Sales Associate,Cyber Monday Mania,866000.52,317,2731.86,516.38,4997.19
Sports & Outdoors,Supermarkets ,Sales Associate,Deal of the Month,803864.11,287,2800.92,513.64,4999.17
Sports & Outdoors,Supermarkets ,Sales Associate,Double Points Bonanza,889983.20,322,2763.92,503.76,4975.60
Sports & Outdoors,Supermarkets ,Sales Associate,Early Bird Specials,808852.76,304,2660.70,525.44,4988.51
Sports & Outdoors,Supermarkets ,Sales Associate,End of Season Sale,898731.34,318,2826.20,511.10,4973.26
Sports & Outdoors,Supermarkets ,Sales Associate,Exclusive Insider Offers,900224.75,327,2752.98,510.89,4955.67
Sports & Outdoors,Supermarkets ,Sales Associate,Festive Fever Promo,815791.28,301,2710.27,529.67,4991.31
Sports & Outdoors,Supermarkets ,Sales Associate,Final Call Frenzy,792640.54,293,2705.26,516.00,4999.33
Sports & Outdoors,Supermarkets ,Sales Associate,Flash Frenzy Friday,879682.16,329,2673.81,502.29,4997.00
Sports & Outdoors,Supermarkets ,Sales Associate,"Gift More, Spend Less",932935.58,340,2743.93,500.46,4969.49
Sports & Outdoors,Supermarkets ,Sales Associate,Golden Hour Bargains,857702.66,307,2793.82,517.29,4993.17
Sports & Outdoors,Supermarkets ,Sales Associate,Green Weekend Deals,878013.25,317,2769.76,504.25,4998.01
Sports & Outdoors,Supermarkets ,Sales Associate,Happy Hour Discounts,834779.36,296,2820.20,500.42,4961.27
Sports & Outdoors,Supermarkets ,Sales Associate,Holiday Shopping Rush,732324.51,278,2634.26,512.62,4998.76
Sports & Outdoors,Supermarkets ,Sales Associate,Hot Picks Promo,799357.00,297,2691.44,504.54,4990.00
Sports & Outdoors,Supermarkets ,Sales Associate,Instant Gratification Sale,869367.51,314,2768.69,526.22,4987.32
Sports & Outdoors,Supermarkets ,Sales Associate,Limited Time Treasures,815870.41,316,2581.87,517.48,4961.17
Sports & Outdoors,Supermarkets ,Sales Associate,Loyalty Rewards Blast,810758.38,280,2895.57,509.26,4982.62
Sports & Outdoors,Supermarkets ,Sales Associate,Mega Weekend Bonanza,769786.05,287,2682.18,568.45,4998.00
Sports & Outdoors,Supermarkets ,Sales Associate,Mid-Year Madness,837981.24,300,2793.27,517.08,4993.79
Sports & Outdoors,Supermarkets ,Sales Associate,Midnight Madness,858814.51,297,2891.63,501.16,4992.08
Sports & Outdoors,Supermarkets ,Sales Associate,Mystery Discount Days,827659.13,291,2844.19,525.13,4981.08
Sports & Outdoors,Supermarkets ,Sales Associate,New Arrival Showcase,868852.11,311,2793.74,503.53,4997.59
Sports & Outdoors,Supermarkets ,Sales Associate,New Product Launch Promo,879609.45,312,2819.26,583.42,4979.77
Sports & Outdoors,Supermarkets ,Sales Associate,New Year Kickoff,724376.70,270,2682.88,507.42,4967.83
Sports & Outdoors,Supermarkets ,Sales Associate,Price Drop Parade,879138.71,321,2738.75,514.21,4980.45
Sports & Outdoors,Supermarkets ,Sales Associate,Red Tag Clearance,764147.72,287,2662.54,500.15,4990.32
Sports & Outdoors,Supermarkets ,Sales Associate,Seasonal Surprise Box,828940.58,299,2772.38,518.01,4982.93
Sports & Outdoors,Supermarkets ,Sales Associate,Shop & Save Spectacular,819638.17,307,2669.83,505.73,4997.56
Sports & Outdoors,Supermarkets ,Sales Associate,Smart Shopper Week,716452.98,266,2693.43,513.62,4998.20
Sports & Outdoors,Supermarkets ,Sales Associate,Spring Refresh Event,793981.61,285,2785.90,527.90,4956.13
Sports & Outdoors,Supermarkets ,Sales Associate,Spring Splash Discounts,839225.69,305,2751.56,502.55,4974.79
Sports & Outdoors,Supermarkets ,Sales Associate,Summer Sizzle Promo,885743.42,320,2767.95,504.14,4991.16
Sports & Outdoors,Supermarkets ,Sales Associate,Super Savings Week,885220.95,318,2783.71,509.07,4973.55
Sports & Outdoors,Supermarkets ,Sales Associate,Ultimate Value Event,800978.17,301,2661.06,509.35,4996.78
Sports & Outdoors,Supermarkets ,Sales Associate,VIP Access Sale,869172.96,310,2803.78,527.65,4991.94
Sports & Outdoors,Supermarkets ,Sales Associate,Weekend Warrior Specials,822320.70,319,2577.81,506.78,4984.36
Sports & Outdoors,Supermarkets ,Sales Associate,Winter Clearance Carnival,986387.70,339,2909.70,513.80,4987.65
Sports & Outdoors,Supermarkets ,Sales Associate,Winter Wonders Sale,915490.28,314,2915.57,523.86,4993.77
Sports & Outdoors,Supermarkets ,Salesperson,12 Days of Deals,870262.62,314,2771.54,503.94,4987.26
Sports & Outdoors,Supermarkets ,Salesperson,Autumn Deals Drive,852898.41,314,2716.24,524.93,4967.23
Sports & Outdoors,Supermarkets ,Salesperson,BOGO Blitz,679450.51,262,2593.32,508.28,4985.60
Sports & Outdoors,Supermarkets ,Salesperson,Back to School Boost,742645.60,276,2690.74,509.93,4992.25
Sports & Outdoors,Supermarkets ,Salesperson,Birthday Bash Sale,852282.31,304,2803.56,506.71,4990.08
Sports & Outdoors,Supermarkets ,Salesperson,Black Friday Blowout,854301.26,302,2828.81,500.60,4978.37
Sports & Outdoors,Supermarkets ,Salesperson,Cart Crasher Campaign,820687.62,286,2869.54,571.92,4995.24
Sports & Outdoors,Supermarkets ,Salesperson,Cashback Carnival,831318.46,300,2771.06,502.87,4977.61
Sports & Outdoors,Supermarkets ,Salesperson,Clearance Countdown,790112.37,294,2687.46,501.31,4958.31
Sports & Outdoors,Supermarkets ,Salesperson,Countdown to Savings,847009.60,307,2758.99,500.66,4997.94
Sports & Outdoors,Supermarkets ,Salesperson,Customer Appreciation Week,844698.23,302,2797.01,551.34,4990.46
Sports & Outdoors,Supermarkets ,Salesperson,Cyber Monday Mania,813862.32,307,2651.02,504.92,4998.69
Sports & Outdoors,Supermarkets ,Salesperson,Deal of the Month,728651.54,260,2802.51,524.07,4999.89
Sports & Outdoors,Supermarkets ,Salesperson,Double Points Bonanza,805912.32,301,2677.45,504.90,4983.65
Sports & Outdoors,Supermarkets ,Salesperson,Early Bird Specials,771556.39,288,2679.02,507.63,4991.74
Sports & Outdoors,Supermarkets ,Salesperson,End of Season Sale,847548.04,301,2815.77,527.57,4999.05
Sports & Outdoors,Supermarkets ,Salesperson,Exclusive Insider Offers,894258.57,320,2794.56,506.05,4994.27
Sports & Outdoors,Supermarkets ,Salesperson,Festive Fever Promo,867369.44,325,2668.83,506.01,4984.89
Sports & Outdoors,Supermarkets ,Salesperson,Final Call Frenzy,717543.16,261,2749.21,508.36,4995.87
Sports & Outdoors,Supermarkets ,Salesperson,Flash Frenzy Friday,737464.44,270,2731.35,511.58,4981.04
Sports & Outdoors,Supermarkets ,Salesperson,"Gift More, Spend Less",800031.84,299,2675.69,551.64,4993.87
Sports & Outdoors,Supermarkets ,Salesperson,Golden Hour Bargains,778206.94,298,2611.43,515.84,4995.89
Sports & Outdoors,Supermarkets ,Salesperson,Green Weekend Deals,783355.61,294,2664.47,507.51,4983.00
Sports & Outdoors,Supermarkets ,Salesperson,Happy Hour Discounts,810130.80,290,2793.55,505.03,4981.47
Sports & Outdoors,Supermarkets ,Salesperson,Holiday Shopping Rush,858547.47,321,2674.60,518.32,4988.83
Sports & Outdoors,Supermarkets ,Salesperson,Hot Picks Promo,868484.11,313,2774.71,522.94,4994.34
Sports & Outdoors,Supermarkets ,Salesperson,Instant Gratification Sale,831069.96,301,2761.03,500.89,4963.66
Sports & Outdoors,Supermarkets ,Salesperson,Limited Time Treasures,754870.57,287,2630.21,513.55,4996.93
Sports & Outdoors,Supermarkets ,Salesperson,Loyalty Rewards Blast,771174.36,291,2650.08,530.05,4966.28
Sports & Outdoors,Supermarkets ,Salesperson,Mega Weekend Bonanza,792901.17,292,2715.41,501.48,4986.49
Sports & Outdoors,Supermarkets ,Salesperson,Mid-Year Madness,837364.13,311,2692.49,532.97,4987.28
Sports & Outdoors,Supermarkets ,Salesperson,Midnight Madness,862386.09,321,2686.56,509.62,4996.42
Sports & Outdoors,Supermarkets ,Salesperson,Mystery Discount Days,825116.23,293,2816.10,502.16,4999.55
Sports & Outdoors,Supermarkets ,Salesperson,New Arrival Showcase,815384.92,286,2851.00,506.47,4991.35
Sports & Outdoors,Supermarkets ,Salesperson,New Product Launch Promo,795865.31,283,2812.24,501.61,4998.60
Sports & Outdoors,Supermarkets ,Salesperson,New Year Kickoff,854995.09,291,2938.13,501.31,4988.03
Sports & Outdoors,Supermarkets ,Salesperson,Price Drop Parade,788400.99,283,2785.87,505.89,4990.87
Sports & Outdoors,Supermarkets ,Salesperson,Red Tag Clearance,835010.12,283,2950.57,502.70,4995.31
Sports & Outdoors,Supermarkets ,Salesperson,Seasonal Surprise Box,781668.52,294,2658.74,547.21,4993.02
Sports & Outdoors,Supermarkets ,Salesperson,Shop & Save Spectacular,759849.91,291,2611.17,509.04,4984.32
Sports & Outdoors,Supermarkets ,Salesperson,Smart Shopper Week,873373.15,324,2695.60,520.01,4995.51
Sports & Outdoors,Supermarkets ,Salesperson,Spring Refresh Event,927379.07,323,2871.14,505.18,4982.97
Sports & Outdoors,Supermarkets ,Salesperson,Spring Splash Discounts,697047.14,260,2680.95,523.64,4916.58
Sports & Outdoors,Supermarkets ,Salesperson,Summer Sizzle Promo,943096.53,337,2798.51,512.78,4989.61
Sports & Outdoors,Supermarkets ,Salesperson,Super Savings Week,886006.59,306,2895.45,522.37,4981.53
Sports & Outdoors,Supermarkets ,Salesperson,Ultimate Value Event,826416.17,292,2830.19,510.80,4996.51
Sports & Outdoors,Supermarkets ,Salesperson,VIP Access Sale,760919.42,276,2756.95,513.56,4992.01
Sports & Outdoors,Supermarkets ,Salesperson,Weekend Warrior Specials,812945.52,297,2737.19,517.75,4997.81
Sports & Outdoors,Supermarkets ,Salesperson,Winter Clearance Carnival,841720.97,304,2768.82,534.06,4999.77
Sports & Outdoors,Supermarkets ,Salesperson,Winter Wonders Sale,840427.51,288,2918.15,522.78,4992.09
Sports & Outdoors,Supermarkets ,Senior Salesperson,12 Days of Deals,755514.49,275,2747.33,501.44,4958.02
Sports & Outdoors,Supermarkets ,Senior Salesperson,Autumn Deals Drive,665828.55,237,2809.40,518.29,4996.09
Sports & Outdoors,Supermarkets ,Senior Salesperson,BOGO Blitz,649100.78,244,2660.25,503.15,4972.05
Sports & Outdoors,Supermarkets ,Senior Salesperson,Back to School Boost,828575.98,297,2789.82,515.62,4988.23
Sports & Outdoors,Supermarkets ,Senior Salesperson,Birthday Bash Sale,832661.07,297,2803.57,526.47,4979.87
Sports & Outdoors,Supermarkets ,Senior Salesperson,Black Friday Blowout,763614.96,278,2746.82,541.89,4997.46
Sports & Outdoors,Supermarkets ,Senior Salesperson,Cart Crasher Campaign,705462.45,253,2788.39,519.31,4944.12
Sports & Outdoors,Supermarkets ,Senior Salesperson,Cashback Carnival,811647.13,293,2770.13,519.15,4996.22
Sports & Outdoors,Supermarkets ,Senior Salesperson,Clearance Countdown,700732.25,267,2624.47,505.32,4973.33
Sports & Outdoors,Supermarkets ,Senior Salesperson,Countdown to Savings,678079.80,251,2701.51,506.58,4995.70
Sports & Outdoors,Supermarkets ,Senior Salesperson,Customer Appreciation Week,777773.96,281,2767.88,502.81,4988.05
Sports & Outdoors,Supermarkets ,Senior Salesperson,Cyber Monday Mania,736128.65,264,2788.37,543.41,4996.37
Sports & Outdoors,Supermarkets ,Senior Salesperson,Deal of the Month,698969.93,268,2608.10,538.02,4992.29
Sports & Outdoors,Supermarkets ,Senior Salesperson,Double Points Bonanza,771869.13,272,2837.75,502.14,4979.79
Sports & Outdoors,Supermarkets ,Senior Salesperson,Early Bird Specials,746453.19,272,2744.31,505.26,4985.13
Sports & Outdoors,Supermarkets ,Senior Salesperson,End of Season Sale,737793.78,261,2826.80,503.46,4990.21
Sports & Outdoors,Supermarkets ,Senior Salesperson,Exclusive Insider Offers,723839.17,254,2849.76,512.81,4952.22
Sports & Outdoors,Supermarkets ,Senior Salesperson,Festive Fever Promo,730537.95,263,2777.71,520.42,4996.45
Sports & Outdoors,Supermarkets ,Senior Salesperson,Final Call Frenzy,740253.10,268,2762.14,514.15,4985.81
Sports & Outdoors,Supermarkets ,Senior Salesperson,Flash Frenzy Friday,769624.65,287,2681.62,503.51,4955.14
Sports & Outdoors,Supermarkets ,Senior Salesperson,"Gift More, Spend Less",807917.05,287,2815.04,543.63,4996.60
Sports & Outdoors,Supermarkets ,Senior Salesperson,Golden Hour Bargains,702698.29,255,2755.68,506.96,4960.45
Sports & Outdoors,Supermarkets ,Senior Salesperson,Green Weekend Deals,744808.09,282,2641.16,503.13,4999.53
Sports & Outdoors,Supermarkets ,Senior Salesperson,Happy Hour Discounts,694125.34,252,2754.47,502.86,4916.45
Sports & Outdoors,Supermarkets ,Senior Salesperson,Holiday Shopping Rush,707485.61,254,2785.38,502.99,4994.86
Sports & Outdoors,Supermarkets ,Senior Salesperson,Hot Picks Promo,770091.39,275,2800.33,507.34,4978.48
Sports & Outdoors,Supermarkets ,Senior Salesperson,Instant Gratification Sale,694451.00,256,2712.70,511.73,4968.55
Sports & Outdoors,Supermarkets ,Senior Salesperson,Limited Time Treasures,740224.76,272,2721.41,509.09,4998.98
Sports & Outdoors,Supermarkets ,Senior Salesperson,Loyalty Rewards Blast,766803.03,273,2808.80,500.80,4977.09
Sports & Outdoors,Supermarkets ,Senior Salesperson,Mega Weekend Bonanza,817633.30,288,2839.00,528.79,4981.52
Sports & Outdoors,Supermarkets ,Senior Salesperson,Mid-Year Madness,766398.07,275,2786.90,515.76,4999.49
Sports & Outdoors,Supermarkets ,Senior Salesperson,Midnight Madness,671519.82,246,2729.76,510.11,4987.96
Sports & Outdoors,Supermarkets ,Senior Salesperson,Mystery Discount Days,750399.06,265,2831.69,507.22,4998.21
Sports & Outdoors,Supermarkets ,Senior Salesperson,New Arrival Showcase,761459.76,260,2928.69,506.32,4986.29
Sports & Outdoors,Supermarkets ,Senior Salesperson,New Product Launch Promo,623508.39,231,2699.17,507.14,4996.38
Sports & Outdoors,Supermarkets ,Senior Salesperson,New Year Kickoff,725899.53,265,2739.24,505.95,4972.44
Sports & Outdoors,Supermarkets ,Senior Salesperson,Price Drop Parade,714096.03,263,2715.19,508.85,4992.13
Sports & Outdoors,Supermarkets ,Senior Salesperson,Red Tag Clearance,818668.28,297,2756.46,516.57,4999.05
Sports & Outdoors,Supermarkets ,Senior Salesperson,Seasonal Surprise Box,685001.36,256,2675.79,500.31,4995.90
Sports & Outdoors,Supermarkets ,Senior Salesperson,Shop & Save Spectacular,725368.10,263,2758.05,520.00,4991.85
Sports & Outdoors,Supermarkets ,Senior Salesperson,Smart Shopper Week,761829.40,276,2760.25,511.12,4996.44
Sports & Outdoors,Supermarkets ,Senior Salesperson,Spring Refresh Event,770854.57,284,2714.28,502.50,4992.74
Sports & Outdoors,Supermarkets ,Senior Salesperson,Spring Splash Discounts,709127.04,261,2716.96,502.90,4991.41
Sports & Outdoors,Supermarkets ,Senior Salesperson,Summer Sizzle Promo,761321.95,276,2758.41,500.81,4995.91
Sports & Outdoors,Supermarkets ,Senior Salesperson,Super Savings Week,762654.75,271,2814.22,536.95,4974.31
Sports & Outdoors,Supermarkets ,Senior Salesperson,Ultimate Value Event,737816.49,269,2742.81,502.50,4985.73
Sports & Outdoors,Supermarkets ,Senior Salesperson,VIP Access Sale,692038.05,254,2724.56,545.77,4964.49
Sports & Outdoors,Supermarkets ,Senior Salesperson,Weekend Warrior Specials,671634.74,257,2613.36,501.48,4976.50
Sports & Outdoors,Supermarkets ,Senior Salesperson,Winter Clearance Carnival,708232.30,257,2755.77,503.08,4990.59
Sports & Outdoors,Supermarkets ,Senior Salesperson,Winter Wonders Sale,719439.95,268,2684.48,536.42,4986.53
