customer_segment,salesperson_role,campaign_name,sum_amount,count,avg_amount,min_amount,max_amount
Budget Shopper,Manager,12 Days of Deals,1382430.70,502,2753.85,505.04,4991.32
Budget Shopper,Manager,Autumn Deals Drive,1334000.24,487,2739.22,500.04,4996.10
Budget Shopper,Manager,BOGO Blitz,1366358.31,488,2799.91,519.41,4964.10
Budget Shopper,Manager,Back to School Boost,1407471.98,523,2691.15,501.48,4984.20
Budget Shopper,Manager,Birthday Bash Sale,1407475.52,506,2781.57,504.89,4999.93
Budget Shopper,Manager,Black Friday Blowout,1489539.63,545,2733.10,502.21,4994.38
Budget Shopper,Manager,Cart Crasher Campaign,1298413.24,473,2745.06,508.39,4995.62
Budget Shopper,Manager,Cashback Carnival,1416352.58,507,2793.59,512.58,4988.77
Budget Shopper,Manager,Clearance Countdown,1405430.46,511,2750.35,500.93,4995.72
Budget Shopper,Manager,Countdown to Savings,1380528.48,489,2823.17,504.79,4997.53
Budget Shopper,Manager,Customer Appreciation Week,1411869.28,490,2881.37,508.47,4993.47
Budget Shopper,Manager,Cyber Monday Mania,1424590.90,492,2895.51,502.91,4992.94
Budget Shopper,Manager,Deal of the Month,1304608.07,476,2740.77,505.51,4999.11
Budget Shopper,Manager,Double Points Bonanza,1255470.85,472,2659.90,503.85,4998.07
Budget Shopper,Manager,Early Bird Specials,1398153.40,502,2785.17,512.16,4998.19
Budget Shopper,Manager,End of Season Sale,1311040.91,473,2771.76,508.08,4999.19
Budget Shopper,Manager,Exclusive Insider Offers,1343376.60,491,2736.00,504.62,4991.57
Budget Shopper,Manager,Festive Fever Promo,1381034.13,515,2681.62,519.53,4996.41
Budget Shopper,Manager,Final Call Frenzy,1352670.31,491,2754.93,502.39,4976.65
Budget Shopper,Manager,Flash Frenzy Friday,1359240.39,494,2751.50,517.12,4996.39
Budget Shopper,Manager,"Gift More, Spend Less",1369870.18,498,2750.74,505.10,4999.74
Budget Shopper,Manager,Golden Hour Bargains,1284566.67,471,2727.32,503.86,4975.11
Budget Shopper,Manager,Green Weekend Deals,1420128.45,506,2806.58,503.08,4987.56
Budget Shopper,Manager,Happy Hour Discounts,1386936.20,510,2719.48,510.48,4989.33
Budget Shopper,Manager,Holiday Shopping Rush,1281503.20,468,2738.25,534.66,4979.12
Budget Shopper,Manager,Hot Picks Promo,1436259.94,512,2805.20,502.00,4994.45
Budget Shopper,Manager,Instant Gratification Sale,1295462.10,493,2627.71,503.79,4978.35
Budget Shopper,Manager,Limited Time Treasures,1401775.47,492,2849.14,500.43,4992.37
Budget Shopper,Manager,Loyalty Rewards Blast,1296799.43,485,2673.81,503.05,4985.06
Budget Shopper,Manager,Mega Weekend Bonanza,1475926.14,541,2728.14,511.55,4996.39
Budget Shopper,Manager,Mid-Year Madness,1504360.54,543,2770.46,525.19,4993.34
Budget Shopper,Manager,Midnight Madness,1421959.73,491,2896.05,509.57,4980.61
Budget Shopper,Manager,Mystery Discount Days,1415796.96,521,2717.46,503.19,4996.71
Budget Shopper,Manager,New Arrival Showcase,1233490.13,472,2613.33,506.53,4989.50
Budget Shopper,Manager,New Product Launch Promo,1426826.20,529,2697.21,507.38,4998.61
Budget Shopper,Manager,New Year Kickoff,1272199.06,464,2741.81,509.51,4987.36
Budget Shopper,Manager,Price Drop Parade,1237612.10,454,2726.02,500.55,4983.61
Budget Shopper,Manager,Red Tag Clearance,1409476.11,500,2818.95,501.68,4984.96
Budget Shopper,Manager,Seasonal Surprise Box,1378622.87,499,2762.77,501.93,4984.25
Budget Shopper,Manager,Shop & Save Spectacular,1368049.65,507,2698.32,503.57,4997.51
Budget Shopper,Manager,Smart Shopper Week,1340983.35,478,2805.40,500.78,4985.85
Budget Shopper,Manager,Spring Refresh Event,1448323.46,526,2753.47,512.12,4997.69
Budget Shopper,Manager,Spring Splash Discounts,1288766.06,466,2765.59,500.68,4999.80
Budget Shopper,Manager,Summer Sizzle Promo,1429740.33,519,2754.80,500.92,4996.11
Budget Shopper,Manager,Super Savings Week,1309982.01,488,2684.39,507.88,4993.57
Budget Shopper,Manager,Ultimate Value Event,1347831.80,493,2733.94,516.38,4999.12
Budget Shopper,Manager,VIP Access Sale,1425823.15,527,2705.55,512.62,4991.92
Budget Shopper,Manager,Weekend Warrior Specials,1304894.88,470,2776.37,501.67,4979.11
Budget Shopper,Manager,Winter Clearance Carnival,1455533.38,516,2820.80,506.66,4998.44
Budget Shopper,Manager,Winter Wonders Sale,1369504.69,494,2772.28,506.23,4977.07
Budget Shopper,Sales Associate,12 Days of Deals,1330093.56,475,2800.20,512.05,4991.58
Budget Shopper,Sales Associate,Autumn Deals Drive,1382364.98,498,2775.83,502.24,4990.58
Budget Shopper,Sales Associate,BOGO Blitz,1429616.35,523,2733.49,505.02,4981.18
Budget Shopper,Sales Associate,Back to School Boost,1556970.64,564,2760.59,508.79,4995.75
Budget Shopper,Sales Associate,Birthday Bash Sale,1449916.41,541,2680.07,504.53,4992.91
Budget Shopper,Sales Associate,Black Friday Blowout,1433174.81,503,2849.25,508.22,4993.47
Budget Shopper,Sales Associate,Cart Crasher Campaign,1595077.26,570,2798.38,557.26,4996.24
Budget Shopper,Sales Associate,Cashback Carnival,1553823.01,555,2799.68,500.42,4990.45
Budget Shopper,Sales Associate,Clearance Countdown,1470443.20,540,2723.04,507.62,4998.92
Budget Shopper,Sales Associate,Countdown to Savings,1387147.59,519,2672.73,517.81,4989.61
Budget Shopper,Sales Associate,Customer Appreciation Week,1404519.53,509,2759.37,504.71,4995.70
Budget Shopper,Sales Associate,Cyber Monday Mania,1357565.84,499,2720.57,504.93,4993.83
Budget Shopper,Sales Associate,Deal of the Month,1435712.34,510,2815.12,503.94,4991.80
Budget Shopper,Sales Associate,Double Points Bonanza,1418217.93,524,2706.52,502.69,4997.47
Budget Shopper,Sales Associate,Early Bird Specials,1446972.26,528,2740.48,505.34,4995.21
Budget Shopper,Sales Associate,End of Season Sale,1395871.94,490,2848.72,522.30,4999.78
Budget Shopper,Sales Associate,Exclusive Insider Offers,1398309.36,520,2689.06,503.94,4996.14
Budget Shopper,Sales Associate,Festive Fever Promo,1384770.93,504,2747.56,506.57,4967.69
Budget Shopper,Sales Associate,Final Call Frenzy,1563501.23,552,2832.43,507.00,4997.52
Budget Shopper,Sales Associate,Flash Frenzy Friday,1405014.81,509,2760.34,507.52,4989.37
Budget Shopper,Sales Associate,"Gift More, Spend Less",1280962.39,473,2708.17,514.71,4991.44
Budget Shopper,Sales Associate,Golden Hour Bargains,1344742.63,511,2631.59,506.68,4999.85
Budget Shopper,Sales Associate,Green Weekend Deals,1345153.06,490,2745.21,506.53,4991.30
Budget Shopper,Sales Associate,Happy Hour Discounts,1507167.11,555,2715.62,500.42,4998.71
Budget Shopper,Sales Associate,Holiday Shopping Rush,1598137.00,573,2789.07,506.38,4989.87
Budget Shopper,Sales Associate,Hot Picks Promo,1504036.44,538,2795.61,510.10,4990.00
Budget Shopper,Sales Associate,Instant Gratification Sale,1443598.06,522,2765.51,501.38,4984.14
Budget Shopper,Sales Associate,Limited Time Treasures,1422678.01,528,2694.47,507.40,4997.38
Budget Shopper,Sales Associate,Loyalty Rewards Blast,1463770.72,536,2730.92,525.09,4995.73
Budget Shopper,Sales Associate,Mega Weekend Bonanza,1505513.11,537,2803.56,512.13,4995.42
Budget Shopper,Sales Associate,Mid-Year Madness,1428240.65,514,2778.68,536.81,4992.54
Budget Shopper,Sales Associate,Midnight Madness,1392310.73,529,2631.97,500.72,4999.95
Budget Shopper,Sales Associate,Mystery Discount Days,1382723.70,500,2765.45,511.16,4999.16
Budget Shopper,Sales Associate,New Arrival Showcase,1388111.78,504,2754.19,508.56,4995.28
Budget Shopper,Sales Associate,New Product Launch Promo,1513425.91,546,2771.84,502.18,4986.13
Budget Shopper,Sales Associate,New Year Kickoff,1509391.52,534,2826.58,500.10,4995.24
Budget Shopper,Sales Associate,Price Drop Parade,1421916.49,521,2729.21,507.21,4996.70
Budget Shopper,Sales Associate,Red Tag Clearance,1440778.73,523,2754.84,511.82,4993.50
Budget Shopper,Sales Associate,Seasonal Surprise Box,1523167.19,533,2857.72,504.53,4997.98
Budget Shopper,Sales Associate,Shop & Save Spectacular,1389863.85,509,2730.58,511.64,4995.39
Budget Shopper,Sales Associate,Smart Shopper Week,1353746.90,500,2707.49,502.36,4995.84
Budget Shopper,Sales Associate,Spring Refresh Event,1530705.61,556,2753.07,501.09,4993.59
Budget Shopper,Sales Associate,Spring Splash Discounts,1379444.49,510,2704.79,508.67,4994.40
Budget Shopper,Sales Associate,Summer Sizzle Promo,1420989.19,512,2775.37,510.83,4986.41
Budget Shopper,Sales Associate,Super Savings Week,1428943.72,509,2807.36,509.07,4995.51
Budget Shopper,Sales Associate,Ultimate Value Event,1429902.17,516,2771.13,526.43,4998.36
Budget Shopper,Sales Associate,VIP Access Sale,1506280.51,533,2826.04,516.56,4994.17
Budget Shopper,Sales Associate,Weekend Warrior Specials,1412870.53,532,2655.77,502.76,4994.74
Budget Shopper,Sales Associate,Winter Clearance Carnival,1470835.18,537,2738.99,526.61,4992.46
Budget Shopper,Sales Associate,Winter Wonders Sale,1388764.37,533,2605.56,505.33,4991.51
Budget Shopper,Salesperson,12 Days of Deals,1451606.40,526,2759.71,502.32,4998.61
Budget Shopper,Salesperson,Autumn Deals Drive,1346219.32,494,2725.14,506.50,4993.37
Budget Shopper,Salesperson,BOGO Blitz,1356900.28,520,2609.42,505.45,4993.22
Budget Shopper,Salesperson,Back to School Boost,1302062.53,471,2764.46,510.39,4985.68
Budget Shopper,Salesperson,Birthday Bash Sale,1362706.60,498,2736.36,511.57,4992.00
Budget Shopper,Salesperson,Black Friday Blowout,1455670.20,522,2788.64,500.99,4987.21
Budget Shopper,Salesperson,Cart Crasher Campaign,1271739.86,477,2666.12,504.62,4988.86
Budget Shopper,Salesperson,Cashback Carnival,1546747.58,538,2875.00,529.22,4988.47
Budget Shopper,Salesperson,Clearance Countdown,1368684.70,492,2781.88,503.09,4995.77
Budget Shopper,Salesperson,Countdown to Savings,1429139.11,528,2706.70,506.50,4979.42
Budget Shopper,Salesperson,Customer Appreciation Week,1319910.70,482,2738.40,518.89,4999.25
Budget Shopper,Salesperson,Cyber Monday Mania,1406271.70,515,2730.62,510.17,4993.46
Budget Shopper,Salesperson,Deal of the Month,1337548.05,494,2707.59,502.25,4997.58
Budget Shopper,Salesperson,Double Points Bonanza,1486740.65,524,2837.29,509.49,4998.12
Budget Shopper,Salesperson,Early Bird Specials,1365959.52,494,2765.10,509.77,4977.91
Budget Shopper,Salesperson,End of Season Sale,1519762.53,553,2748.21,515.67,4999.17
Budget Shopper,Salesperson,Exclusive Insider Offers,1401670.56,519,2700.71,506.05,4999.90
Budget Shopper,Salesperson,Festive Fever Promo,1317594.20,486,2711.10,508.66,4996.31
Budget Shopper,Salesperson,Final Call Frenzy,1484485.20,528,2811.53,509.79,4995.87
Budget Shopper,Salesperson,Flash Frenzy Friday,1467907.92,514,2855.85,501.20,4998.41
Budget Shopper,Salesperson,"Gift More, Spend Less",1403979.41,513,2736.80,516.29,4982.73
Budget Shopper,Salesperson,Golden Hour Bargains,1388032.78,516,2689.99,506.49,4997.22
Budget Shopper,Salesperson,Green Weekend Deals,1507888.91,541,2787.23,504.78,4989.20
Budget Shopper,Salesperson,Happy Hour Discounts,1497998.78,534,2805.24,505.03,4986.24
Budget Shopper,Salesperson,Holiday Shopping Rush,1451344.15,511,2840.20,504.65,4999.40
Budget Shopper,Salesperson,Hot Picks Promo,1408603.64,510,2761.97,514.13,4989.53
Budget Shopper,Salesperson,Instant Gratification Sale,1344408.36,487,2760.59,504.58,4983.48
Budget Shopper,Salesperson,Limited Time Treasures,1364098.58,520,2623.27,509.07,4997.33
Budget Shopper,Salesperson,Loyalty Rewards Blast,1535919.89,544,2823.38,523.08,4998.98
Budget Shopper,Salesperson,Mega Weekend Bonanza,1411508.69,504,2800.61,510.23,4987.19
Budget Shopper,Salesperson,Mid-Year Madness,1388655.88,516,2691.19,502.59,4992.45
Budget Shopper,Salesperson,Midnight Madness,1403645.73,513,2736.15,508.29,4986.24
Budget Shopper,Salesperson,Mystery Discount Days,1397710.79,510,2740.61,500.80,4999.42
Budget Shopper,Salesperson,New Arrival Showcase,1404585.46,495,2837.55,510.89,4991.08
Budget Shopper,Salesperson,New Product Launch Promo,1420311.67,535,2654.79,500.73,4999.95
Budget Shopper,Salesperson,New Year Kickoff,1500763.16,540,2779.19,501.31,4983.89
Budget Shopper,Salesperson,Price Drop Parade,1364026.00,501,2722.61,506.30,4992.73
Budget Shopper,Salesperson,Red Tag Clearance,1427745.30,530,2693.86,503.77,4983.87
Budget Shopper,Salesperson,Seasonal Surprise Box,1430315.15,517,2766.57,525.43,4973.56
Budget Shopper,Salesperson,Shop & Save Spectacular,1523814.92,559,2725.97,509.04,4985.88
Budget Shopper,Salesperson,Smart Shopper Week,1540220.86,551,2795.32,516.91,4999.66
Budget Shopper,Salesperson,Spring Refresh Event,1497588.10,532,2815.02,501.41,4989.96
Budget Shopper,Salesperson,Spring Splash Discounts,1476473.55,522,2828.49,504.57,4991.74
Budget Shopper,Salesperson,Summer Sizzle Promo,1458640.83,519,2810.48,510.56,4994.55
Budget Shopper,Salesperson,Super Savings Week,1463357.51,529,2766.27,532.71,4983.99
Budget Shopper,Salesperson,Ultimate Value Event,1399980.83,518,2702.67,506.99,4990.23
Budget Shopper,Salesperson,VIP Access Sale,1360989.12,501,2716.55,500.51,4991.26
Budget Shopper,Salesperson,Weekend Warrior Specials,1500648.49,541,2773.84,510.29,4956.07
Budget Shopper,Salesperson,Winter Clearance Carnival,1393824.91,497,2804.48,505.98,4999.97
Budget Shopper,Salesperson,Winter Wonders Sale,1491983.92,536,2783.55,502.26,4999.56
Budget Shopper,Senior Salesperson,12 Days of Deals,1268120.83,460,2756.78,505.54,4988.99
Budget Shopper,Senior Salesperson,Autumn Deals Drive,1162094.83,429,2708.85,525.01,4998.35
Budget Shopper,Senior Salesperson,BOGO Blitz,1271098.01,450,2824.66,503.27,4996.27
Budget Shopper,Senior Salesperson,Back to School Boost,1291605.16,462,2795.68,516.87,4984.77
Budget Shopper,Senior Salesperson,Birthday Bash Sale,1237286.53,449,2755.65,505.39,4992.29
Budget Shopper,Senior Salesperson,Black Friday Blowout,1228086.21,451,2723.03,505.61,4997.46
Budget Shopper,Senior Salesperson,Cart Crasher Campaign,1219665.01,436,2797.40,510.88,4972.80
Budget Shopper,Senior Salesperson,Cashback Carnival,1246841.57,455,2740.31,509.18,4999.12
Budget Shopper,Senior Salesperson,Clearance Countdown,1209357.72,446,2711.56,510.91,4991.96
Budget Shopper,Senior Salesperson,Countdown to Savings,1293963.77,471,2747.27,503.90,4961.52
Budget Shopper,Senior Salesperson,Customer Appreciation Week,1195931.95,447,2675.46,531.10,4986.48
Budget Shopper,Senior Salesperson,Cyber Monday Mania,1190569.80,444,2681.46,502.75,4999.28
Budget Shopper,Senior Salesperson,Deal of the Month,1253472.43,446,2810.48,507.09,4967.22
Budget Shopper,Senior Salesperson,Double Points Bonanza,1286889.58,468,2749.76,500.59,4986.99
Budget Shopper,Senior Salesperson,Early Bird Specials,1231384.23,459,2682.75,506.63,4974.01
Budget Shopper,Senior Salesperson,End of Season Sale,1294775.07,464,2790.46,503.49,4979.32
Budget Shopper,Senior Salesperson,Exclusive Insider Offers,1168207.24,445,2625.18,507.80,4994.95
Budget Shopper,Senior Salesperson,Festive Fever Promo,1263973.85,473,2672.25,500.98,4994.55
Budget Shopper,Senior Salesperson,Final Call Frenzy,1213572.33,443,2739.44,519.16,4995.76
Budget Shopper,Senior Salesperson,Flash Frenzy Friday,1226251.15,455,2695.06,521.21,4979.00
Budget Shopper,Senior Salesperson,"Gift More, Spend Less",1258231.81,443,2840.25,507.15,4998.35
Budget Shopper,Senior Salesperson,Golden Hour Bargains,1268416.79,451,2812.45,500.71,4983.42
Budget Shopper,Senior Salesperson,Green Weekend Deals,1349524.40,494,2731.83,500.26,4999.01
Budget Shopper,Senior Salesperson,Happy Hour Discounts,1171295.19,426,2749.52,511.52,4995.84
Budget Shopper,Senior Salesperson,Holiday Shopping Rush,1321011.45,474,2786.94,514.69,4999.39
Budget Shopper,Senior Salesperson,Hot Picks Promo,1185155.41,434,2730.77,505.64,4997.89
Budget Shopper,Senior Salesperson,Instant Gratification Sale,1165316.55,425,2741.92,503.39,4994.90
Budget Shopper,Senior Salesperson,Limited Time Treasures,1316562.93,473,2783.43,504.94,4994.02
Budget Shopper,Senior Salesperson,Loyalty Rewards Blast,1148387.20,425,2702.09,500.80,4998.29
Budget Shopper,Senior Salesperson,Mega Weekend Bonanza,1281408.70,476,2692.04,504.49,4972.66
Budget Shopper,Senior Salesperson,Mid-Year Madness,1245883.50,461,2702.57,507.87,4999.77
Budget Shopper,Senior Salesperson,Midnight Madness,1252565.45,461,2717.06,518.16,4995.31
Budget Shopper,Senior Salesperson,Mystery Discount Days,1289237.01,457,2821.09,508.84,4970.10
Budget Shopper,Senior Salesperson,New Arrival Showcase,1255107.20,454,2764.55,511.49,4993.31
Budget Shopper,Senior Salesperson,New Product Launch Promo,1245579.22,459,2713.68,501.09,4991.97
Budget Shopper,Senior Salesperson,New Year Kickoff,1227176.08,448,2739.23,501.48,4996.08
Budget Shopper,Senior Salesperson,Price Drop Parade,1143012.88,421,2714.99,521.85,4987.47
Budget Shopper,Senior Salesperson,Red Tag Clearance,1147809.38,431,2663.13,504.16,4996.92
Budget Shopper,Senior Salesperson,Seasonal Surprise Box,1385703.41,484,2863.02,501.12,4998.54
Budget Shopper,Senior Salesperson,Shop & Save Spectacular,1198947.68,427,2807.84,516.22,4991.10
Budget Shopper,Senior Salesperson,Smart Shopper Week,1167199.63,443,2634.76,513.67,4968.50
Budget Shopper,Senior Salesperson,Spring Refresh Event,1216033.71,438,2776.33,506.77,4991.42
Budget Shopper,Senior Salesperson,Spring Splash Discounts,1295560.37,450,2879.02,509.08,4998.53
Budget Shopper,Senior Salesperson,Summer Sizzle Promo,1082391.89,393,2754.18,515.15,4994.68
Budget Shopper,Senior Salesperson,Super Savings Week,1304475.49,454,2873.29,525.78,4999.08
Budget Shopper,Senior Salesperson,Ultimate Value Event,1275817.80,468,2726.11,502.47,4998.56
Budget Shopper,Senior Salesperson,VIP Access Sale,1226504.96,458,2677.96,507.99,4974.69
Budget Shopper,Senior Salesperson,Weekend Warrior Specials,1254020.37,458,2738.04,503.89,4999.39
Budget Shopper,Senior Salesperson,Winter Clearance Carnival,1246192.59,445,2800.43,507.50,4985.99
Budget Shopper,Senior Salesperson,Winter Wonders Sale,1219677.69,450,2710.39,523.21,4969.49
Churn Risk,Manager,12 Days of Deals,1325312.77,473,2801.93,502.31,4995.63
Churn Risk,Manager,Autumn Deals Drive,1477246.27,525,2813.80,501.18,4999.13
Churn Risk,Manager,BOGO Blitz,1393282.60,507,2748.09,519.12,4991.38
Churn Risk,Manager,Back to School Boost,1491010.04,553,2696.22,503.12,4995.60
Churn Risk,Manager,Birthday Bash Sale,1437845.59,516,2786.52,500.37,4983.87
Churn Risk,Manager,Black Friday Blowout,1364608.68,501,2723.77,503.75,4997.94
Churn Risk,Manager,Cart Crasher Campaign,1384786.08,500,2769.57,508.04,4998.46
Churn Risk,Manager,Cashback Carnival,1344369.18,469,2866.46,524.39,4994.40
Churn Risk,Manager,Clearance Countdown,1337150.69,499,2679.66,502.94,4995.43
Churn Risk,Manager,Countdown to Savings,1346746.84,488,2759.73,502.49,4990.06
Churn Risk,Manager,Customer Appreciation Week,1352161.83,498,2715.18,512.13,4988.73
Churn Risk,Manager,Cyber Monday Mania,1468941.98,520,2824.89,513.45,4990.19
Churn Risk,Manager,Deal of the Month,1405145.55,515,2728.44,510.85,4990.78
Churn Risk,Manager,Double Points Bonanza,1340901.07,476,2817.02,523.83,4984.63
Churn Risk,Manager,Early Bird Specials,1356747.26,475,2856.31,550.01,4995.32
Churn Risk,Manager,End of Season Sale,1510581.66,555,2721.77,503.81,4985.42
Churn Risk,Manager,Exclusive Insider Offers,1358721.24,489,2778.57,511.95,4989.13
Churn Risk,Manager,Festive Fever Promo,1327399.82,498,2665.46,502.30,4982.26
Churn Risk,Manager,Final Call Frenzy,1370636.13,496,2763.38,505.76,4981.71
Churn Risk,Manager,Flash Frenzy Friday,1454137.61,513,2834.58,522.32,4995.77
Churn Risk,Manager,"Gift More, Spend Less",1324825.76,505,2623.42,535.13,4988.75
Churn Risk,Manager,Golden Hour Bargains,1453628.69,513,2833.58,515.45,4992.88
Churn Risk,Manager,Green Weekend Deals,1460185.65,507,2880.05,504.20,4996.07
Churn Risk,Manager,Happy Hour Discounts,1367668.09,496,2757.40,505.67,4995.06
Churn Risk,Manager,Holiday Shopping Rush,1355157.27,511,2651.97,500.17,4979.26
Churn Risk,Manager,Hot Picks Promo,1495899.42,529,2827.79,506.70,4988.80
Churn Risk,Manager,Instant Gratification Sale,1289991.59,482,2676.33,514.89,4998.35
Churn Risk,Manager,Limited Time Treasures,1398931.31,493,2837.59,501.18,4997.24
Churn Risk,Manager,Loyalty Rewards Blast,1420320.91,506,2806.96,509.96,4998.22
Churn Risk,Manager,Mega Weekend Bonanza,1398682.83,535,2614.36,503.48,4996.67
Churn Risk,Manager,Mid-Year Madness,1335302.10,494,2703.04,505.35,4995.57
Churn Risk,Manager,Midnight Madness,1363472.77,498,2737.90,508.22,4995.95
Churn Risk,Manager,Mystery Discount Days,1409438.57,526,2679.54,501.23,4995.76
Churn Risk,Manager,New Arrival Showcase,1340004.93,493,2718.06,500.17,4992.15
Churn Risk,Manager,New Product Launch Promo,1463863.14,535,2736.19,509.60,4991.85
Churn Risk,Manager,New Year Kickoff,1402329.89,510,2749.67,560.75,4988.93
Churn Risk,Manager,Price Drop Parade,1389866.82,519,2677.97,530.33,4997.34
Churn Risk,Manager,Red Tag Clearance,1253236.12,481,2605.48,501.05,4977.15
Churn Risk,Manager,Seasonal Surprise Box,1430340.84,511,2799.10,501.54,4996.49
Churn Risk,Manager,Shop & Save Spectacular,1386706.14,494,2807.10,511.32,4998.60
Churn Risk,Manager,Smart Shopper Week,1398206.13,503,2779.73,523.85,4992.28
Churn Risk,Manager,Spring Refresh Event,1403138.77,514,2729.84,524.73,4980.06
Churn Risk,Manager,Spring Splash Discounts,1378554.98,503,2740.67,505.77,4995.14
Churn Risk,Manager,Summer Sizzle Promo,1249273.10,455,2745.66,527.21,4998.58
Churn Risk,Manager,Super Savings Week,1360428.90,506,2688.59,500.70,4992.27
Churn Risk,Manager,Ultimate Value Event,1527699.34,551,2772.59,503.99,4997.13
Churn Risk,Manager,VIP Access Sale,1425200.42,517,2756.67,502.11,4999.15
Churn Risk,Manager,Weekend Warrior Specials,1338003.34,473,2828.76,504.09,4999.21
Churn Risk,Manager,Winter Clearance Carnival,1446941.96,519,2787.94,503.94,4995.61
Churn Risk,Manager,Winter Wonders Sale,1414504.24,519,2725.44,510.86,4980.40
Churn Risk,Sales Associate,12 Days of Deals,1483861.75,532,2789.21,504.11,4996.82
Churn Risk,Sales Associate,Autumn Deals Drive,1442887.25,532,2712.19,501.19,4996.09
Churn Risk,Sales Associate,BOGO Blitz,1446487.77,518,2792.45,508.02,4992.34
Churn Risk,Sales Associate,Back to School Boost,1623431.56,574,2828.28,520.12,4987.32
Churn Risk,Sales Associate,Birthday Bash Sale,1529885.04,543,2817.47,509.57,4985.32
Churn Risk,Sales Associate,Black Friday Blowout,1354339.52,490,2763.96,503.18,4995.99
Churn Risk,Sales Associate,Cart Crasher Campaign,1370454.90,507,2703.07,502.87,4996.45
Churn Risk,Sales Associate,Cashback Carnival,1321922.19,502,2633.31,510.20,4986.49
Churn Risk,Sales Associate,Clearance Countdown,1470032.89,526,2794.74,526.48,4998.56
Churn Risk,Sales Associate,Countdown to Savings,1473225.11,529,2784.92,500.60,4996.16
Churn Risk,Sales Associate,Customer Appreciation Week,1303801.40,502,2597.21,502.48,4997.68
Churn Risk,Sales Associate,Cyber Monday Mania,1456773.80,519,2806.89,509.47,4998.93
Churn Risk,Sales Associate,Deal of the Month,1438364.61,539,2668.58,501.02,4978.58
Churn Risk,Sales Associate,Double Points Bonanza,1446201.71,539,2683.12,500.48,4991.43
Churn Risk,Sales Associate,Early Bird Specials,1501714.59,538,2791.29,508.69,4975.86
Churn Risk,Sales Associate,End of Season Sale,1493089.41,558,2675.79,520.33,4996.48
Churn Risk,Sales Associate,Exclusive Insider Offers,1391118.01,499,2787.81,524.48,4995.02
Churn Risk,Sales Associate,Festive Fever Promo,1375743.61,495,2779.28,500.36,4990.21
Churn Risk,Sales Associate,Final Call Frenzy,1423564.26,520,2737.62,501.57,4993.58
Churn Risk,Sales Associate,Flash Frenzy Friday,1399877.97,512,2734.14,507.64,4997.51
Churn Risk,Sales Associate,"Gift More, Spend Less",1474983.14,535,2756.98,509.81,4987.76
Churn Risk,Sales Associate,Golden Hour Bargains,1356745.90,491,2763.23,500.57,4981.94
Churn Risk,Sales Associate,Green Weekend Deals,1717908.42,614,2797.90,517.77,4997.22
Churn Risk,Sales Associate,Happy Hour Discounts,1509244.17,546,2764.18,503.04,4993.28
Churn Risk,Sales Associate,Holiday Shopping Rush,1552033.45,552,2811.65,507.19,4993.89
Churn Risk,Sales Associate,Hot Picks Promo,1460558.28,531,2750.58,508.91,4985.45
Churn Risk,Sales Associate,Instant Gratification Sale,1436597.56,513,2800.39,546.73,4999.03
Churn Risk,Sales Associate,Limited Time Treasures,1465307.56,532,2754.34,513.33,4965.73
Churn Risk,Sales Associate,Loyalty Rewards Blast,1304684.28,489,2668.07,506.55,4981.19
Churn Risk,Sales Associate,Mega Weekend Bonanza,1442127.54,518,2784.03,502.08,4998.00
Churn Risk,Sales Associate,Mid-Year Madness,1462214.44,508,2878.37,516.51,4993.47
Churn Risk,Sales Associate,Midnight Madness,1463280.06,543,2694.81,502.72,4990.79
Churn Risk,Sales Associate,Mystery Discount Days,1484930.07,548,2709.73,528.84,4958.82
Churn Risk,Sales Associate,New Arrival Showcase,1537343.39,561,2740.36,504.98,4999.20
Churn Risk,Sales Associate,New Product Launch Promo,1406682.97,519,2710.37,509.22,4999.22
Churn Risk,Sales Associate,New Year Kickoff,1351755.00,489,2764.33,519.86,4990.26
Churn Risk,Sales Associate,Price Drop Parade,1407949.25,519,2712.81,508.52,4975.36
Churn Risk,Sales Associate,Red Tag Clearance,1317490.20,483,2727.72,501.03,4982.81
Churn Risk,Sales Associate,Seasonal Surprise Box,1444022.80,535,2699.11,505.59,4998.82
Churn Risk,Sales Associate,Shop & Save Spectacular,1482935.83,533,2782.24,500.21,4999.91
Churn Risk,Sales Associate,Smart Shopper Week,1503545.59,548,2743.70,509.77,4995.40
Churn Risk,Sales Associate,Spring Refresh Event,1412580.23,517,2732.26,500.56,4998.26
Churn Risk,Sales Associate,Spring Splash Discounts,1465541.56,554,2645.38,502.55,4943.31
Churn Risk,Sales Associate,Summer Sizzle Promo,1366406.39,496,2754.85,500.57,4970.66
Churn Risk,Sales Associate,Super Savings Week,1476373.27,539,2739.10,505.75,4997.19
Churn Risk,Sales Associate,Ultimate Value Event,1456300.16,530,2747.74,531.19,4991.35
Churn Risk,Sales Associate,VIP Access Sale,1466172.58,545,2690.22,521.06,4990.46
Churn Risk,Sales Associate,Weekend Warrior Specials,1417652.40,523,2710.62,503.77,4995.92
Churn Risk,Sales Associate,Winter Clearance Carnival,1599008.94,582,2747.44,501.40,4997.18
Churn Risk,Sales Associate,Winter Wonders Sale,1398744.95,512,2731.92,515.88,4991.74
Churn Risk,Salesperson,12 Days of Deals,1320947.98,486,2718.00,509.59,4989.39
Churn Risk,Salesperson,Autumn Deals Drive,1448981.75,511,2835.58,500.20,4996.15
Churn Risk,Salesperson,BOGO Blitz,1446406.26,511,2830.54,507.32,4999.45
Churn Risk,Salesperson,Back to School Boost,1390769.59,520,2674.56,518.77,4974.32
Churn Risk,Salesperson,Birthday Bash Sale,1434608.42,520,2758.86,501.83,4999.64
Churn Risk,Salesperson,Black Friday Blowout,1420462.31,511,2779.77,516.25,4994.07
Churn Risk,Salesperson,Cart Crasher Campaign,1384502.34,510,2714.71,511.88,4995.24
Churn Risk,Salesperson,Cashback Carnival,1394796.38,516,2703.09,502.35,4999.22
Churn Risk,Salesperson,Clearance Countdown,1361014.52,494,2755.09,509.31,4989.20
Churn Risk,Salesperson,Countdown to Savings,1386703.97,504,2751.40,500.39,4995.99
Churn Risk,Salesperson,Customer Appreciation Week,1484247.48,527,2816.41,502.07,4990.07
Churn Risk,Salesperson,Cyber Monday Mania,1386004.42,488,2840.17,505.17,4966.57
Churn Risk,Salesperson,Deal of the Month,1402648.96,499,2810.92,503.83,4995.45
Churn Risk,Salesperson,Double Points Bonanza,1349237.32,509,2650.76,509.59,4996.21
Churn Risk,Salesperson,Early Bird Specials,1464102.20,536,2731.53,519.29,4997.07
Churn Risk,Salesperson,End of Season Sale,1286095.08,477,2696.22,504.36,4996.88
Churn Risk,Salesperson,Exclusive Insider Offers,1453295.09,507,2866.46,508.78,4999.29
Churn Risk,Salesperson,Festive Fever Promo,1564364.52,570,2744.50,510.97,4995.75
Churn Risk,Salesperson,Final Call Frenzy,1367461.33,506,2702.49,501.06,4994.08
Churn Risk,Salesperson,Flash Frenzy Friday,1457204.71,537,2713.60,508.81,4983.73
Churn Risk,Salesperson,"Gift More, Spend Less",1580995.52,578,2735.29,500.71,4983.76
Churn Risk,Salesperson,Golden Hour Bargains,1426653.25,531,2686.73,506.95,4991.51
Churn Risk,Salesperson,Green Weekend Deals,1462825.55,527,2775.76,516.86,4999.33
Churn Risk,Salesperson,Happy Hour Discounts,1543125.29,550,2805.68,540.18,4984.58
Churn Risk,Salesperson,Holiday Shopping Rush,1470062.77,522,2816.21,521.30,4997.57
Churn Risk,Salesperson,Hot Picks Promo,1381287.96,496,2784.85,503.06,4984.22
Churn Risk,Salesperson,Instant Gratification Sale,1402797.84,504,2783.33,519.16,4989.05
Churn Risk,Salesperson,Limited Time Treasures,1547712.33,552,2803.83,501.60,4998.70
Churn Risk,Salesperson,Loyalty Rewards Blast,1355010.31,498,2720.90,500.82,4990.36
Churn Risk,Salesperson,Mega Weekend Bonanza,1352025.34,489,2764.88,502.77,4998.94
Churn Risk,Salesperson,Mid-Year Madness,1495213.84,538,2779.21,500.47,4997.94
Churn Risk,Salesperson,Midnight Madness,1473636.35,531,2775.21,504.23,4974.49
Churn Risk,Salesperson,Mystery Discount Days,1326577.80,485,2735.21,523.06,4998.98
Churn Risk,Salesperson,New Arrival Showcase,1407340.86,496,2837.38,505.86,4992.69
Churn Risk,Salesperson,New Product Launch Promo,1513790.67,534,2834.81,514.75,4999.18
Churn Risk,Salesperson,New Year Kickoff,1459436.29,548,2663.20,515.89,4975.31
Churn Risk,Salesperson,Price Drop Parade,1438761.88,520,2766.85,508.61,4996.09
Churn Risk,Salesperson,Red Tag Clearance,1344531.00,491,2738.35,508.96,4985.45
Churn Risk,Salesperson,Seasonal Surprise Box,1442020.17,522,2762.49,503.27,4993.44
Churn Risk,Salesperson,Shop & Save Spectacular,1465298.20,528,2775.19,506.29,4997.93
Churn Risk,Salesperson,Smart Shopper Week,1379329.69,502,2747.67,504.73,4999.64
Churn Risk,Salesperson,Spring Refresh Event,1373579.98,489,2808.96,517.43,4997.20
Churn Risk,Salesperson,Spring Splash Discounts,1485518.28,532,2792.33,504.32,4984.68
Churn Risk,Salesperson,Summer Sizzle Promo,1462193.19,550,2658.53,505.55,4990.78
Churn Risk,Salesperson,Super Savings Week,1644036.51,583,2819.96,505.22,4998.99
Churn Risk,Salesperson,Ultimate Value Event,1330736.98,483,2755.15,510.12,4979.03
Churn Risk,Salesperson,VIP Access Sale,1469404.98,530,2772.46,513.56,4989.78
Churn Risk,Salesperson,Weekend Warrior Specials,1445411.20,526,2747.93,506.11,4987.65
Churn Risk,Salesperson,Winter Clearance Carnival,1442344.65,511,2822.59,502.13,4999.04
Churn Risk,Salesperson,Winter Wonders Sale,1371024.31,506,2709.53,513.05,4999.85
Churn Risk,Senior Salesperson,12 Days of Deals,1218774.35,460,2649.51,502.11,4977.32
Churn Risk,Senior Salesperson,Autumn Deals Drive,1232026.07,446,2762.39,501.93,4986.73
Churn Risk,Senior Salesperson,BOGO Blitz,1284716.82,487,2638.02,503.15,4978.54
Churn Risk,Senior Salesperson,Back to School Boost,1213035.87,453,2677.78,501.92,4991.85
Churn Risk,Senior Salesperson,Birthday Bash Sale,1328721.16,470,2827.07,532.27,4997.36
Churn Risk,Senior Salesperson,Black Friday Blowout,1194023.99,433,2757.56,503.63,4989.01
Churn Risk,Senior Salesperson,Cart Crasher Campaign,1223304.83,445,2749.00,528.65,4997.29
Churn Risk,Senior Salesperson,Cashback Carnival,1334550.25,484,2757.34,526.46,4992.80
Churn Risk,Senior Salesperson,Clearance Countdown,1160236.43,423,2742.88,505.32,4970.76
Churn Risk,Senior Salesperson,Countdown to Savings,1230750.37,452,2722.90,506.58,4974.44
Churn Risk,Senior Salesperson,Customer Appreciation Week,1344000.93,475,2829.48,506.65,4997.60
Churn Risk,Senior Salesperson,Cyber Monday Mania,1190112.82,432,2754.89,534.57,4996.08
Churn Risk,Senior Salesperson,Deal of the Month,1303297.31,468,2784.82,507.71,4999.41
Churn Risk,Senior Salesperson,Double Points Bonanza,1186175.22,435,2726.84,519.81,4976.03
Churn Risk,Senior Salesperson,Early Bird Specials,1176390.09,418,2814.33,523.14,4997.16
Churn Risk,Senior Salesperson,End of Season Sale,1271221.81,459,2769.55,502.25,4995.12
Churn Risk,Senior Salesperson,Exclusive Insider Offers,1262794.08,446,2831.38,511.93,4989.88
Churn Risk,Senior Salesperson,Festive Fever Promo,1343626.83,474,2834.66,506.83,4998.24
Churn Risk,Senior Salesperson,Final Call Frenzy,1350685.23,490,2756.50,513.55,4992.68
Churn Risk,Senior Salesperson,Flash Frenzy Friday,1188689.21,446,2665.22,502.31,4990.62
Churn Risk,Senior Salesperson,"Gift More, Spend Less",1264231.29,468,2701.35,507.44,4980.37
Churn Risk,Senior Salesperson,Golden Hour Bargains,1264557.42,455,2779.25,502.72,4994.31
Churn Risk,Senior Salesperson,Green Weekend Deals,1129083.78,428,2638.05,523.33,4991.78
Churn Risk,Senior Salesperson,Happy Hour Discounts,1263516.31,461,2740.82,500.75,4994.51
Churn Risk,Senior Salesperson,Holiday Shopping Rush,1279882.88,457,2800.62,502.32,4960.89
Churn Risk,Senior Salesperson,Hot Picks Promo,1358280.03,490,2772.00,522.20,4990.76
Churn Risk,Senior Salesperson,Instant Gratification Sale,1244748.91,464,2682.65,500.07,4998.85
Churn Risk,Senior Salesperson,Limited Time Treasures,1233929.57,455,2711.93,510.40,4989.54
Churn Risk,Senior Salesperson,Loyalty Rewards Blast,1269220.06,467,2717.82,503.22,4991.63
Churn Risk,Senior Salesperson,Mega Weekend Bonanza,1221542.73,430,2840.80,515.58,4999.69
Churn Risk,Senior Salesperson,Mid-Year Madness,1279503.59,474,2699.37,502.44,4981.27
Churn Risk,Senior Salesperson,Midnight Madness,1272899.60,457,2785.34,502.75,4994.43
Churn Risk,Senior Salesperson,Mystery Discount Days,1279342.22,474,2699.03,504.42,4983.01
Churn Risk,Senior Salesperson,New Arrival Showcase,1303390.84,471,2767.28,503.69,4998.89
Churn Risk,Senior Salesperson,New Product Launch Promo,1173153.32,434,2703.12,500.73,4988.61
Churn Risk,Senior Salesperson,New Year Kickoff,1196501.56,439,2725.52,518.02,4981.27
Churn Risk,Senior Salesperson,Price Drop Parade,1177087.98,440,2675.20,514.95,4951.22
Churn Risk,Senior Salesperson,Red Tag Clearance,1221429.82,442,2763.42,506.60,4999.05
Churn Risk,Senior Salesperson,Seasonal Surprise Box,1202733.25,444,2708.86,501.42,4992.28
Churn Risk,Senior Salesperson,Shop & Save Spectacular,1227059.49,453,2708.74,527.26,4993.94
Churn Risk,Senior Salesperson,Smart Shopper Week,1263742.75,467,2706.09,504.15,4999.86
Churn Risk,Senior Salesperson,Spring Refresh Event,1268545.51,457,2775.81,505.17,4996.02
Churn Risk,Senior Salesperson,Spring Splash Discounts,1214787.79,448,2711.58,502.11,4981.11
Churn Risk,Senior Salesperson,Summer Sizzle Promo,1270879.26,471,2698.26,511.51,4955.59
Churn Risk,Senior Salesperson,Super Savings Week,1277825.66,449,2845.94,501.34,4989.04
Churn Risk,Senior Salesperson,Ultimate Value Event,1103842.36,413,2672.74,502.89,4998.67
Churn Risk,Senior Salesperson,VIP Access Sale,1175944.33,430,2734.75,510.68,4994.23
Churn Risk,Senior Salesperson,Weekend Warrior Specials,1232647.00,455,2709.11,501.99,4990.53
Churn Risk,Senior Salesperson,Winter Clearance Carnival,1178668.33,447,2636.84,507.62,4994.24
Churn Risk,Senior Salesperson,Winter Wonders Sale,1257726.24,456,2758.17,535.39,4995.39
Deal Seeker,Manager,12 Days of Deals,1365091.10,501,2724.73,502.44,4996.81
Deal Seeker,Manager,Autumn Deals Drive,1469503.15,537,2736.50,500.76,4985.98
Deal Seeker,Manager,BOGO Blitz,1351961.95,481,2810.73,500.97,4997.71
Deal Seeker,Manager,Back to School Boost,1438927.72,518,2777.85,500.60,4997.76
Deal Seeker,Manager,Birthday Bash Sale,1326509.54,501,2647.72,511.78,4995.19
Deal Seeker,Manager,Black Friday Blowout,1291450.00,469,2753.62,509.50,4994.38
Deal Seeker,Manager,Cart Crasher Campaign,1452126.20,521,2787.19,503.66,4996.42
Deal Seeker,Manager,Cashback Carnival,1332112.11,488,2729.74,508.52,4979.09
Deal Seeker,Manager,Clearance Countdown,1419542.57,505,2810.98,505.37,4986.41
Deal Seeker,Manager,Countdown to Savings,1420618.77,502,2829.92,509.56,4987.12
Deal Seeker,Manager,Customer Appreciation Week,1277417.33,472,2706.39,515.73,4991.05
Deal Seeker,Manager,Cyber Monday Mania,1579814.66,569,2776.48,502.07,4990.88
Deal Seeker,Manager,Deal of the Month,1375317.41,509,2702.00,501.76,4989.02
Deal Seeker,Manager,Double Points Bonanza,1498107.76,526,2848.11,503.93,4996.88
Deal Seeker,Manager,Early Bird Specials,1405036.61,501,2804.46,501.96,4999.70
Deal Seeker,Manager,End of Season Sale,1458208.22,527,2767.00,512.45,4988.61
Deal Seeker,Manager,Exclusive Insider Offers,1351445.02,486,2780.75,511.49,4999.75
Deal Seeker,Manager,Festive Fever Promo,1299430.88,479,2712.80,507.70,4986.26
Deal Seeker,Manager,Final Call Frenzy,1383021.27,501,2760.52,521.13,4973.99
Deal Seeker,Manager,Flash Frenzy Friday,1302819.40,478,2725.56,500.13,4996.92
Deal Seeker,Manager,"Gift More, Spend Less",1402681.80,516,2718.38,510.97,4995.74
Deal Seeker,Manager,Golden Hour Bargains,1420655.72,509,2791.07,506.12,4997.10
Deal Seeker,Manager,Green Weekend Deals,1352938.94,494,2738.74,505.56,4998.39
Deal Seeker,Manager,Happy Hour Discounts,1313459.24,479,2742.09,505.31,4993.33
Deal Seeker,Manager,Holiday Shopping Rush,1296895.66,479,2707.51,501.97,4996.07
Deal Seeker,Manager,Hot Picks Promo,1312316.41,487,2694.69,515.29,4971.86
Deal Seeker,Manager,Instant Gratification Sale,1355793.95,514,2637.73,506.16,4995.20
Deal Seeker,Manager,Limited Time Treasures,1293400.55,457,2830.20,508.76,4938.41
Deal Seeker,Manager,Loyalty Rewards Blast,1435808.71,517,2777.19,501.05,4996.70
Deal Seeker,Manager,Mega Weekend Bonanza,1372323.93,484,2835.38,510.97,4987.91
Deal Seeker,Manager,Mid-Year Madness,1382317.53,503,2748.15,500.89,4998.69
Deal Seeker,Manager,Midnight Madness,1428638.25,509,2806.75,502.64,4998.11
Deal Seeker,Manager,Mystery Discount Days,1397903.75,518,2698.66,531.10,4995.72
Deal Seeker,Manager,New Arrival Showcase,1493481.78,525,2844.73,513.72,4998.00
Deal Seeker,Manager,New Product Launch Promo,1366367.93,489,2794.21,501.71,4999.30
Deal Seeker,Manager,New Year Kickoff,1440633.21,521,2765.13,501.02,4992.69
Deal Seeker,Manager,Price Drop Parade,1415959.42,522,2712.57,513.72,4991.46
Deal Seeker,Manager,Red Tag Clearance,1352253.73,479,2823.08,500.88,4998.91
Deal Seeker,Manager,Seasonal Surprise Box,1405000.09,504,2787.70,501.18,4997.91
Deal Seeker,Manager,Shop & Save Spectacular,1337964.99,472,2834.67,506.96,4995.64
Deal Seeker,Manager,Smart Shopper Week,1322882.36,487,2716.39,505.24,4994.32
Deal Seeker,Manager,Spring Refresh Event,1386290.38,498,2783.72,500.55,4984.79
Deal Seeker,Manager,Spring Splash Discounts,1312686.51,486,2701.00,503.97,4989.87
Deal Seeker,Manager,Summer Sizzle Promo,1357060.11,490,2769.51,502.20,4981.93
Deal Seeker,Manager,Super Savings Week,1333701.94,499,2672.75,504.79,4962.27
Deal Seeker,Manager,Ultimate Value Event,1445806.05,530,2727.94,507.45,4986.31
Deal Seeker,Manager,VIP Access Sale,1449599.95,507,2859.17,541.45,4985.27
Deal Seeker,Manager,Weekend Warrior Specials,1412804.37,515,2743.31,511.76,4995.08
Deal Seeker,Manager,Winter Clearance Carnival,1488030.12,536,2776.18,509.53,4993.03
Deal Seeker,Manager,Winter Wonders Sale,1446088.73,523,2764.99,511.22,4991.55
Deal Seeker,Sales Associate,12 Days of Deals,1541708.47,549,2808.21,507.68,4999.82
Deal Seeker,Sales Associate,Autumn Deals Drive,1501597.13,539,2785.89,500.56,4996.48
Deal Seeker,Sales Associate,BOGO Blitz,1507441.70,538,2801.94,501.85,4997.66
Deal Seeker,Sales Associate,Back to School Boost,1440409.08,522,2759.40,503.95,4999.33
Deal Seeker,Sales Associate,Birthday Bash Sale,1394197.20,516,2701.93,501.20,4996.94
Deal Seeker,Sales Associate,Black Friday Blowout,1513510.19,549,2756.85,509.61,4991.37
Deal Seeker,Sales Associate,Cart Crasher Campaign,1352742.49,489,2766.34,515.68,4978.86
Deal Seeker,Sales Associate,Cashback Carnival,1381580.47,505,2735.80,502.91,4997.15
Deal Seeker,Sales Associate,Clearance Countdown,1594494.19,582,2739.68,501.45,4998.01
Deal Seeker,Sales Associate,Countdown to Savings,1557483.21,571,2727.64,501.28,4979.96
Deal Seeker,Sales Associate,Customer Appreciation Week,1430517.22,519,2756.30,501.28,4985.39
Deal Seeker,Sales Associate,Cyber Monday Mania,1380438.32,496,2783.14,511.34,4985.65
Deal Seeker,Sales Associate,Deal of the Month,1363074.83,508,2683.22,501.29,4996.86
Deal Seeker,Sales Associate,Double Points Bonanza,1483958.48,510,2909.72,501.70,4998.55
Deal Seeker,Sales Associate,Early Bird Specials,1534466.89,548,2800.12,503.83,4997.80
Deal Seeker,Sales Associate,End of Season Sale,1390966.38,509,2732.74,504.46,4989.11
Deal Seeker,Sales Associate,Exclusive Insider Offers,1395501.51,515,2709.71,515.70,4980.74
Deal Seeker,Sales Associate,Festive Fever Promo,1414814.85,542,2610.36,514.16,4993.37
Deal Seeker,Sales Associate,Final Call Frenzy,1509267.69,541,2789.77,503.08,4997.60
Deal Seeker,Sales Associate,Flash Frenzy Friday,1504635.25,557,2701.32,501.88,4988.50
Deal Seeker,Sales Associate,"Gift More, Spend Less",1481296.98,532,2784.39,500.46,4984.91
Deal Seeker,Sales Associate,Golden Hour Bargains,1517166.54,547,2773.61,502.34,4998.10
Deal Seeker,Sales Associate,Green Weekend Deals,1491642.87,550,2712.08,502.55,4999.77
Deal Seeker,Sales Associate,Happy Hour Discounts,1456413.91,525,2774.12,517.21,4989.55
Deal Seeker,Sales Associate,Holiday Shopping Rush,1490914.81,536,2781.56,501.35,4969.91
Deal Seeker,Sales Associate,Hot Picks Promo,1526106.69,548,2784.87,502.43,4982.03
Deal Seeker,Sales Associate,Instant Gratification Sale,1451168.86,531,2732.90,501.53,4999.38
Deal Seeker,Sales Associate,Limited Time Treasures,1467860.95,547,2683.48,502.11,4983.86
Deal Seeker,Sales Associate,Loyalty Rewards Blast,1418413.77,528,2686.39,505.10,4992.96
Deal Seeker,Sales Associate,Mega Weekend Bonanza,1436617.25,500,2873.23,502.25,4992.05
Deal Seeker,Sales Associate,Mid-Year Madness,1312220.03,492,2667.11,503.37,4987.56
Deal Seeker,Sales Associate,Midnight Madness,1567574.76,557,2814.32,505.68,4998.11
Deal Seeker,Sales Associate,Mystery Discount Days,1457871.09,542,2689.80,504.02,4982.44
Deal Seeker,Sales Associate,New Arrival Showcase,1505075.88,544,2766.68,503.53,4999.95
Deal Seeker,Sales Associate,New Product Launch Promo,1412247.96,514,2747.56,502.50,4996.27
Deal Seeker,Sales Associate,New Year Kickoff,1459329.66,533,2737.95,503.09,4996.37
Deal Seeker,Sales Associate,Price Drop Parade,1424024.25,526,2707.27,505.19,4988.21
Deal Seeker,Sales Associate,Red Tag Clearance,1499246.50,537,2791.89,508.61,4992.26
Deal Seeker,Sales Associate,Seasonal Surprise Box,1444590.01,527,2741.16,500.52,4989.26
Deal Seeker,Sales Associate,Shop & Save Spectacular,1472814.96,536,2747.79,500.14,4997.56
Deal Seeker,Sales Associate,Smart Shopper Week,1460508.76,524,2787.23,509.40,4997.75
Deal Seeker,Sales Associate,Spring Refresh Event,1492923.74,536,2785.31,521.71,4977.61
Deal Seeker,Sales Associate,Spring Splash Discounts,1459527.50,517,2823.07,525.52,4996.52
Deal Seeker,Sales Associate,Summer Sizzle Promo,1487850.50,546,2725.00,502.08,4991.16
Deal Seeker,Sales Associate,Super Savings Week,1406680.35,518,2715.60,509.50,4995.00
Deal Seeker,Sales Associate,Ultimate Value Event,1524073.04,541,2817.14,512.05,4996.78
Deal Seeker,Sales Associate,VIP Access Sale,1452936.11,532,2731.08,503.17,4985.88
Deal Seeker,Sales Associate,Weekend Warrior Specials,1506541.37,559,2695.07,503.19,4966.38
Deal Seeker,Sales Associate,Winter Clearance Carnival,1594243.25,572,2787.14,504.61,4993.14
Deal Seeker,Sales Associate,Winter Wonders Sale,1450527.00,515,2816.56,527.33,4997.89
Deal Seeker,Salesperson,12 Days of Deals,1633897.36,590,2769.32,513.34,4999.02
Deal Seeker,Salesperson,Autumn Deals Drive,1422006.43,534,2662.93,511.91,4995.61
Deal Seeker,Salesperson,BOGO Blitz,1484235.91,533,2784.68,513.67,4998.59
Deal Seeker,Salesperson,Back to School Boost,1463766.06,549,2666.24,505.03,4998.09
Deal Seeker,Salesperson,Birthday Bash Sale,1436326.62,547,2625.83,517.17,4991.81
Deal Seeker,Salesperson,Black Friday Blowout,1470868.04,537,2739.05,504.18,4998.59
Deal Seeker,Salesperson,Cart Crasher Campaign,1399947.07,518,2702.60,505.97,4995.45
Deal Seeker,Salesperson,Cashback Carnival,1359753.81,495,2746.98,502.58,4999.12
Deal Seeker,Salesperson,Clearance Countdown,1429391.48,529,2702.06,504.91,4996.18
Deal Seeker,Salesperson,Countdown to Savings,1352988.14,510,2652.92,500.66,4986.67
Deal Seeker,Salesperson,Customer Appreciation Week,1400564.16,519,2698.58,505.16,4997.50
Deal Seeker,Salesperson,Cyber Monday Mania,1453638.49,526,2763.57,530.68,4998.54
Deal Seeker,Salesperson,Deal of the Month,1380912.59,508,2718.33,503.19,4996.68
Deal Seeker,Salesperson,Double Points Bonanza,1520819.06,552,2755.11,510.32,4995.73
Deal Seeker,Salesperson,Early Bird Specials,1422735.04,521,2730.78,500.92,4994.00
Deal Seeker,Salesperson,End of Season Sale,1423704.93,525,2711.82,506.45,4974.69
Deal Seeker,Salesperson,Exclusive Insider Offers,1442848.61,507,2845.86,508.46,4995.57
Deal Seeker,Salesperson,Festive Fever Promo,1477902.40,550,2687.10,520.21,4998.62
Deal Seeker,Salesperson,Final Call Frenzy,1422148.31,524,2714.02,501.33,4997.58
Deal Seeker,Salesperson,Flash Frenzy Friday,1433937.46,525,2731.31,535.55,4994.86
Deal Seeker,Salesperson,"Gift More, Spend Less",1435173.67,534,2687.59,503.14,4991.67
Deal Seeker,Salesperson,Golden Hour Bargains,1434558.85,532,2696.54,513.90,4979.21
Deal Seeker,Salesperson,Green Weekend Deals,1512026.10,551,2744.15,502.12,4989.62
Deal Seeker,Salesperson,Happy Hour Discounts,1456343.28,523,2784.60,518.91,4982.85
Deal Seeker,Salesperson,Holiday Shopping Rush,1434093.41,529,2710.95,507.76,4994.94
Deal Seeker,Salesperson,Hot Picks Promo,1500966.55,541,2774.43,520.65,4990.18
Deal Seeker,Salesperson,Instant Gratification Sale,1673612.75,607,2757.19,503.56,4994.07
Deal Seeker,Salesperson,Limited Time Treasures,1390159.77,506,2747.35,501.46,4968.06
Deal Seeker,Salesperson,Loyalty Rewards Blast,1575350.07,565,2788.23,502.39,4998.50
Deal Seeker,Salesperson,Mega Weekend Bonanza,1349402.36,503,2682.71,503.23,4971.18
Deal Seeker,Salesperson,Mid-Year Madness,1425141.66,525,2714.56,506.38,4989.43
Deal Seeker,Salesperson,Midnight Madness,1494625.59,535,2793.69,511.65,4996.42
Deal Seeker,Salesperson,Mystery Discount Days,1393824.31,503,2771.02,501.05,4990.54
Deal Seeker,Salesperson,New Arrival Showcase,1363919.42,498,2738.79,506.47,4994.26
Deal Seeker,Salesperson,New Product Launch Promo,1458417.36,532,2741.39,500.80,4998.30
Deal Seeker,Salesperson,New Year Kickoff,1468658.74,524,2802.78,529.24,4993.91
Deal Seeker,Salesperson,Price Drop Parade,1525769.85,548,2784.25,506.58,4990.87
Deal Seeker,Salesperson,Red Tag Clearance,1410904.30,505,2793.87,509.09,4978.69
Deal Seeker,Salesperson,Seasonal Surprise Box,1354161.11,491,2757.97,507.01,4998.61
Deal Seeker,Salesperson,Shop & Save Spectacular,1590006.26,564,2819.16,500.49,4998.08
Deal Seeker,Salesperson,Smart Shopper Week,1587363.85,564,2814.47,514.89,4994.34
Deal Seeker,Salesperson,Spring Refresh Event,1373990.23,511,2688.83,521.03,4995.22
Deal Seeker,Salesperson,Spring Splash Discounts,1346261.47,503,2676.46,509.30,4998.97
Deal Seeker,Salesperson,Summer Sizzle Promo,1382480.92,525,2633.30,517.69,4989.61
Deal Seeker,Salesperson,Super Savings Week,1420018.57,509,2789.82,502.63,4993.31
Deal Seeker,Salesperson,Ultimate Value Event,1507677.22,528,2855.45,503.14,4997.42
Deal Seeker,Salesperson,VIP Access Sale,1313439.90,497,2642.74,508.05,4996.47
Deal Seeker,Salesperson,Weekend Warrior Specials,1415156.61,518,2731.96,503.52,4976.61
Deal Seeker,Salesperson,Winter Clearance Carnival,1366297.03,487,2805.54,502.61,4991.97
Deal Seeker,Salesperson,Winter Wonders Sale,1522208.90,557,2732.87,502.50,4963.80
Deal Seeker,Senior Salesperson,12 Days of Deals,1218255.31,465,2619.90,506.22,4983.81
Deal Seeker,Senior Salesperson,Autumn Deals Drive,1238207.67,463,2674.31,514.74,4995.92
Deal Seeker,Senior Salesperson,BOGO Blitz,1233607.41,455,2711.23,502.46,4983.29
Deal Seeker,Senior Salesperson,Back to School Boost,1369327.38,485,2823.36,500.14,4973.13
Deal Seeker,Senior Salesperson,Birthday Bash Sale,1257939.72,456,2758.64,509.63,4983.74
Deal Seeker,Senior Salesperson,Black Friday Blowout,1225237.28,436,2810.18,513.22,4996.19
Deal Seeker,Senior Salesperson,Cart Crasher Campaign,1241256.98,456,2722.05,501.15,4993.56
Deal Seeker,Senior Salesperson,Cashback Carnival,1211187.27,437,2771.60,504.95,4993.59
Deal Seeker,Senior Salesperson,Clearance Countdown,1260714.63,477,2643.01,504.35,4999.80
Deal Seeker,Senior Salesperson,Countdown to Savings,1292503.75,465,2779.58,502.00,4999.30
Deal Seeker,Senior Salesperson,Customer Appreciation Week,1323050.62,482,2744.92,516.70,4996.70
Deal Seeker,Senior Salesperson,Cyber Monday Mania,1205821.10,460,2621.35,502.02,4986.17
Deal Seeker,Senior Salesperson,Deal of the Month,1277420.79,467,2735.38,507.38,4995.04
Deal Seeker,Senior Salesperson,Double Points Bonanza,1243759.07,452,2751.68,510.18,4981.65
Deal Seeker,Senior Salesperson,Early Bird Specials,1168448.91,426,2742.84,506.32,4961.08
Deal Seeker,Senior Salesperson,End of Season Sale,1330409.14,475,2800.86,509.34,4987.71
Deal Seeker,Senior Salesperson,Exclusive Insider Offers,1252923.69,452,2771.96,516.25,4994.72
Deal Seeker,Senior Salesperson,Festive Fever Promo,1305496.45,479,2725.46,520.73,4997.65
Deal Seeker,Senior Salesperson,Final Call Frenzy,1197193.34,434,2758.51,515.87,4998.16
Deal Seeker,Senior Salesperson,Flash Frenzy Friday,1244461.86,451,2759.34,503.24,4999.30
Deal Seeker,Senior Salesperson,"Gift More, Spend Less",1324622.78,489,2708.84,528.33,4975.51
Deal Seeker,Senior Salesperson,Golden Hour Bargains,1190755.98,428,2782.14,505.82,4991.77
Deal Seeker,Senior Salesperson,Green Weekend Deals,1135634.74,420,2703.89,501.10,4998.83
Deal Seeker,Senior Salesperson,Happy Hour Discounts,1299699.83,466,2789.06,507.68,4997.26
Deal Seeker,Senior Salesperson,Holiday Shopping Rush,1176346.61,443,2655.41,502.99,4994.86
Deal Seeker,Senior Salesperson,Hot Picks Promo,1243433.95,440,2825.99,500.05,4970.49
Deal Seeker,Senior Salesperson,Instant Gratification Sale,1151282.37,415,2774.17,500.33,4992.28
Deal Seeker,Senior Salesperson,Limited Time Treasures,1285293.58,469,2740.50,500.36,4999.81
Deal Seeker,Senior Salesperson,Loyalty Rewards Blast,1228589.85,445,2760.88,507.52,4989.24
Deal Seeker,Senior Salesperson,Mega Weekend Bonanza,1253730.20,449,2792.27,503.47,4964.60
Deal Seeker,Senior Salesperson,Mid-Year Madness,1238997.92,449,2759.46,503.20,4999.49
Deal Seeker,Senior Salesperson,Midnight Madness,1145135.24,434,2638.56,506.71,4994.98
Deal Seeker,Senior Salesperson,Mystery Discount Days,1189917.45,430,2767.25,521.00,4984.10
Deal Seeker,Senior Salesperson,New Arrival Showcase,1234486.32,454,2719.13,506.65,4989.45
Deal Seeker,Senior Salesperson,New Product Launch Promo,1178293.78,424,2778.99,515.92,4999.40
Deal Seeker,Senior Salesperson,New Year Kickoff,1187215.05,458,2592.17,505.26,4998.67
Deal Seeker,Senior Salesperson,Price Drop Parade,1365824.06,482,2833.66,503.08,4992.49
Deal Seeker,Senior Salesperson,Red Tag Clearance,1153738.86,419,2753.55,503.92,4994.15
Deal Seeker,Senior Salesperson,Seasonal Surprise Box,1105579.74,410,2696.54,518.90,4996.55
Deal Seeker,Senior Salesperson,Shop & Save Spectacular,1250221.37,460,2717.87,513.31,4996.66
Deal Seeker,Senior Salesperson,Smart Shopper Week,1259428.91,441,2855.85,501.79,4996.84
Deal Seeker,Senior Salesperson,Spring Refresh Event,1283344.55,483,2657.03,500.80,4986.34
Deal Seeker,Senior Salesperson,Spring Splash Discounts,1262042.19,457,2761.58,500.46,4999.01
Deal Seeker,Senior Salesperson,Summer Sizzle Promo,1240097.67,474,2616.24,512.86,4997.93
Deal Seeker,Senior Salesperson,Super Savings Week,1282057.69,452,2836.41,515.23,4999.88
Deal Seeker,Senior Salesperson,Ultimate Value Event,1343228.90,484,2775.27,500.07,4999.84
Deal Seeker,Senior Salesperson,VIP Access Sale,1205655.11,455,2649.79,502.77,4983.73
Deal Seeker,Senior Salesperson,Weekend Warrior Specials,1276316.53,463,2756.62,503.53,4998.33
Deal Seeker,Senior Salesperson,Winter Clearance Carnival,1260893.08,474,2660.11,509.36,4988.95
Deal Seeker,Senior Salesperson,Winter Wonders Sale,1263826.62,454,2783.76,510.01,4995.64
First-time Buyer,Manager,12 Days of Deals,1353623.17,502,2696.46,500.37,4999.40
First-time Buyer,Manager,Autumn Deals Drive,1262727.46,470,2686.65,504.53,4992.85
First-time Buyer,Manager,BOGO Blitz,1322953.57,468,2826.82,501.56,4997.65
First-time Buyer,Manager,Back to School Boost,1299045.40,487,2667.44,526.33,4991.54
First-time Buyer,Manager,Birthday Bash Sale,1355775.79,494,2744.49,507.40,4985.65
First-time Buyer,Manager,Black Friday Blowout,1411576.82,511,2762.38,522.50,4997.76
First-time Buyer,Manager,Cart Crasher Campaign,1295544.87,478,2710.34,531.01,4994.01
First-time Buyer,Manager,Cashback Carnival,1270617.25,477,2663.77,500.13,4993.12
First-time Buyer,Manager,Clearance Countdown,1428068.99,498,2867.61,500.46,4998.17
First-time Buyer,Manager,Countdown to Savings,1457178.31,521,2796.89,502.09,4996.12
First-time Buyer,Manager,Customer Appreciation Week,1470197.50,528,2784.46,510.22,4997.51
First-time Buyer,Manager,Cyber Monday Mania,1464337.90,523,2799.88,503.56,4999.83
First-time Buyer,Manager,Deal of the Month,1329011.52,484,2745.89,541.15,4996.40
First-time Buyer,Manager,Double Points Bonanza,1403672.92,494,2841.44,500.63,4985.88
First-time Buyer,Manager,Early Bird Specials,1230191.86,454,2709.67,520.52,4996.80
First-time Buyer,Manager,End of Season Sale,1489359.32,530,2810.11,502.75,4976.16
First-time Buyer,Manager,Exclusive Insider Offers,1419269.94,508,2793.84,501.41,4986.35
First-time Buyer,Manager,Festive Fever Promo,1397690.86,487,2870.00,501.65,4987.38
First-time Buyer,Manager,Final Call Frenzy,1489135.46,526,2831.06,501.90,4976.49
First-time Buyer,Manager,Flash Frenzy Friday,1353843.32,495,2735.04,505.25,4995.90
First-time Buyer,Manager,"Gift More, Spend Less",1345027.33,503,2674.01,514.57,4991.79
First-time Buyer,Manager,Golden Hour Bargains,1423229.68,521,2731.73,511.02,4991.93
First-time Buyer,Manager,Green Weekend Deals,1355846.07,512,2648.14,523.59,4999.78
First-time Buyer,Manager,Happy Hour Discounts,1478079.63,534,2767.94,503.25,4985.88
First-time Buyer,Manager,Holiday Shopping Rush,1456523.97,521,2795.63,523.84,4997.27
First-time Buyer,Manager,Hot Picks Promo,1248388.08,468,2667.50,500.04,4970.14
First-time Buyer,Manager,Instant Gratification Sale,1293752.77,469,2758.53,501.99,4984.14
First-time Buyer,Manager,Limited Time Treasures,1380561.21,491,2811.73,530.67,4999.11
First-time Buyer,Manager,Loyalty Rewards Blast,1424483.37,504,2826.36,533.26,4994.70
First-time Buyer,Manager,Mega Weekend Bonanza,1354505.32,494,2741.91,519.39,4994.32
First-time Buyer,Manager,Mid-Year Madness,1293097.32,486,2660.69,501.40,4999.10
First-time Buyer,Manager,Midnight Madness,1226968.72,456,2690.72,501.63,4998.75
First-time Buyer,Manager,Mystery Discount Days,1339372.10,478,2802.03,500.15,4987.59
First-time Buyer,Manager,New Arrival Showcase,1368433.48,500,2736.87,501.06,4999.20
First-time Buyer,Manager,New Product Launch Promo,1360252.90,494,2753.55,504.10,4992.60
First-time Buyer,Manager,New Year Kickoff,1382779.38,504,2743.61,513.25,4995.56
First-time Buyer,Manager,Price Drop Parade,1418071.63,511,2775.09,508.99,4996.99
First-time Buyer,Manager,Red Tag Clearance,1377007.00,501,2748.52,502.90,4992.97
First-time Buyer,Manager,Seasonal Surprise Box,1413617.47,510,2771.80,510.03,4991.57
First-time Buyer,Manager,Shop & Save Spectacular,1422731.50,510,2789.67,518.60,4996.23
First-time Buyer,Manager,Smart Shopper Week,1453465.61,526,2763.24,509.54,4997.75
First-time Buyer,Manager,Spring Refresh Event,1354868.96,493,2748.21,507.77,4996.53
First-time Buyer,Manager,Spring Splash Discounts,1327478.95,479,2771.35,510.99,4982.93
First-time Buyer,Manager,Summer Sizzle Promo,1365313.84,513,2661.43,503.45,4979.55
First-time Buyer,Manager,Super Savings Week,1319277.83,471,2801.01,500.00,4998.98
First-time Buyer,Manager,Ultimate Value Event,1331667.99,476,2797.62,518.31,4995.13
First-time Buyer,Manager,VIP Access Sale,1324894.46,482,2748.74,528.70,4975.49
First-time Buyer,Manager,Weekend Warrior Specials,1489400.82,531,2804.90,518.17,4999.65
First-time Buyer,Manager,Winter Clearance Carnival,1391094.56,504,2760.11,514.66,4993.18
First-time Buyer,Manager,Winter Wonders Sale,1381219.84,509,2713.59,517.04,4992.49
First-time Buyer,Sales Associate,12 Days of Deals,1527067.28,566,2698.00,502.99,4996.51
First-time Buyer,Sales Associate,Autumn Deals Drive,1429265.02,530,2696.73,513.21,4995.33
First-time Buyer,Sales Associate,BOGO Blitz,1446842.20,532,2719.63,511.07,4987.72
First-time Buyer,Sales Associate,Back to School Boost,1382684.63,519,2664.13,516.16,4987.30
First-time Buyer,Sales Associate,Birthday Bash Sale,1452813.16,524,2772.54,528.18,4999.90
First-time Buyer,Sales Associate,Black Friday Blowout,1388020.66,512,2710.98,506.58,4984.35
First-time Buyer,Sales Associate,Cart Crasher Campaign,1459814.64,540,2703.36,505.99,4985.39
First-time Buyer,Sales Associate,Cashback Carnival,1427014.55,517,2760.18,500.98,4995.37
First-time Buyer,Sales Associate,Clearance Countdown,1439866.50,516,2790.44,500.37,4987.51
First-time Buyer,Sales Associate,Countdown to Savings,1350496.80,501,2695.60,500.09,4997.39
First-time Buyer,Sales Associate,Customer Appreciation Week,1458548.50,536,2721.17,510.44,4999.02
First-time Buyer,Sales Associate,Cyber Monday Mania,1501221.47,560,2680.75,511.18,4998.08
First-time Buyer,Sales Associate,Deal of the Month,1396435.86,496,2815.39,500.56,4973.22
First-time Buyer,Sales Associate,Double Points Bonanza,1446397.47,521,2776.19,511.56,4996.14
First-time Buyer,Sales Associate,Early Bird Specials,1637445.22,588,2784.77,501.84,4975.68
First-time Buyer,Sales Associate,End of Season Sale,1489163.61,541,2752.61,534.90,4997.30
First-time Buyer,Sales Associate,Exclusive Insider Offers,1415008.10,505,2802.00,510.30,4998.36
First-time Buyer,Sales Associate,Festive Fever Promo,1513734.17,550,2752.24,502.53,4996.92
First-time Buyer,Sales Associate,Final Call Frenzy,1493537.06,545,2740.43,504.15,4991.12
First-time Buyer,Sales Associate,Flash Frenzy Friday,1437493.02,507,2835.29,535.55,4993.42
First-time Buyer,Sales Associate,"Gift More, Spend Less",1488477.92,519,2867.97,516.81,4986.56
First-time Buyer,Sales Associate,Golden Hour Bargains,1573738.81,558,2820.32,503.10,4995.04
First-time Buyer,Sales Associate,Green Weekend Deals,1388283.14,509,2727.47,504.35,4999.23
First-time Buyer,Sales Associate,Happy Hour Discounts,1421056.25,494,2876.63,517.42,4989.47
First-time Buyer,Sales Associate,Holiday Shopping Rush,1267855.23,485,2614.13,501.74,4987.27
First-time Buyer,Sales Associate,Hot Picks Promo,1403185.46,517,2714.09,521.54,4995.49
First-time Buyer,Sales Associate,Instant Gratification Sale,1540169.47,560,2750.30,502.68,4997.63
First-time Buyer,Sales Associate,Limited Time Treasures,1402128.19,514,2727.88,503.76,4999.59
First-time Buyer,Sales Associate,Loyalty Rewards Blast,1463434.58,541,2705.05,508.93,4999.26
First-time Buyer,Sales Associate,Mega Weekend Bonanza,1565082.38,554,2825.06,518.73,4984.20
First-time Buyer,Sales Associate,Mid-Year Madness,1344893.55,489,2750.29,500.72,4999.11
First-time Buyer,Sales Associate,Midnight Madness,1558490.19,567,2748.66,500.01,4979.63
First-time Buyer,Sales Associate,Mystery Discount Days,1512272.55,542,2790.17,502.03,4990.95
First-time Buyer,Sales Associate,New Arrival Showcase,1607981.01,573,2806.25,506.15,4997.71
First-time Buyer,Sales Associate,New Product Launch Promo,1539979.55,555,2774.74,500.19,4999.20
First-time Buyer,Sales Associate,New Year Kickoff,1294686.05,488,2653.05,503.01,4973.23
First-time Buyer,Sales Associate,Price Drop Parade,1366022.14,498,2743.02,504.91,4996.32
First-time Buyer,Sales Associate,Red Tag Clearance,1397719.27,518,2698.30,518.05,4986.09
First-time Buyer,Sales Associate,Seasonal Surprise Box,1398431.13,495,2825.11,506.26,4996.98
First-time Buyer,Sales Associate,Shop & Save Spectacular,1334264.55,487,2739.76,502.20,4997.09
First-time Buyer,Sales Associate,Smart Shopper Week,1426522.90,526,2712.02,504.88,4998.48
First-time Buyer,Sales Associate,Spring Refresh Event,1369608.39,509,2690.78,510.28,4985.27
First-time Buyer,Sales Associate,Spring Splash Discounts,1564953.74,560,2794.56,504.51,4992.41
First-time Buyer,Sales Associate,Summer Sizzle Promo,1432113.38,508,2819.12,527.09,4980.85
First-time Buyer,Sales Associate,Super Savings Week,1496834.27,521,2873.00,506.37,4991.65
First-time Buyer,Sales Associate,Ultimate Value Event,1332026.95,493,2701.88,505.35,4999.45
First-time Buyer,Sales Associate,VIP Access Sale,1521618.16,546,2786.85,502.59,4996.77
First-time Buyer,Sales Associate,Weekend Warrior Specials,1405198.07,525,2676.57,502.66,4992.92
First-time Buyer,Sales Associate,Winter Clearance Carnival,1596096.28,561,2845.09,502.03,4996.65
First-time Buyer,Sales Associate,Winter Wonders Sale,1403969.06,504,2785.65,520.96,4981.91
First-time Buyer,Salesperson,12 Days of Deals,1543621.56,563,2741.78,513.28,4994.43
First-time Buyer,Salesperson,Autumn Deals Drive,1445801.10,505,2862.97,504.68,4996.59
First-time Buyer,Salesperson,BOGO Blitz,1531225.32,551,2778.99,517.35,4997.05
First-time Buyer,Salesperson,Back to School Boost,1428366.73,525,2720.70,506.98,4995.35
First-time Buyer,Salesperson,Birthday Bash Sale,1359210.27,496,2740.34,503.70,4996.86
First-time Buyer,Salesperson,Black Friday Blowout,1386287.48,511,2712.89,504.45,4990.39
First-time Buyer,Salesperson,Cart Crasher Campaign,1434304.55,515,2785.06,514.35,4989.31
First-time Buyer,Salesperson,Cashback Carnival,1449415.41,510,2841.99,502.94,4995.88
First-time Buyer,Salesperson,Clearance Countdown,1403706.51,520,2699.44,513.68,4993.63
First-time Buyer,Salesperson,Countdown to Savings,1437600.62,518,2775.29,501.91,4998.86
First-time Buyer,Salesperson,Customer Appreciation Week,1527953.45,541,2824.31,500.64,4996.24
First-time Buyer,Salesperson,Cyber Monday Mania,1446864.76,530,2729.93,503.20,4998.69
First-time Buyer,Salesperson,Deal of the Month,1367456.70,495,2762.54,502.14,4999.96
First-time Buyer,Salesperson,Double Points Bonanza,1477243.13,552,2676.17,503.00,4994.36
First-time Buyer,Salesperson,Early Bird Specials,1365038.62,495,2757.65,504.33,4986.96
First-time Buyer,Salesperson,End of Season Sale,1444493.88,522,2767.23,508.79,4984.96
First-time Buyer,Salesperson,Exclusive Insider Offers,1546556.62,553,2796.67,507.60,4991.10
First-time Buyer,Salesperson,Festive Fever Promo,1490344.20,529,2817.29,508.47,4981.75
First-time Buyer,Salesperson,Final Call Frenzy,1358936.02,494,2750.88,523.58,4999.75
First-time Buyer,Salesperson,Flash Frenzy Friday,1291503.43,472,2736.24,505.51,4994.80
First-time Buyer,Salesperson,"Gift More, Spend Less",1346891.84,494,2726.50,512.89,4998.02
First-time Buyer,Salesperson,Golden Hour Bargains,1370769.69,494,2774.84,500.01,4995.89
First-time Buyer,Salesperson,Green Weekend Deals,1447722.54,535,2706.02,500.26,4996.15
First-time Buyer,Salesperson,Happy Hour Discounts,1386364.66,517,2681.56,508.35,4998.48
First-time Buyer,Salesperson,Holiday Shopping Rush,1461815.97,538,2717.13,503.85,4999.67
First-time Buyer,Salesperson,Hot Picks Promo,1369418.74,498,2749.84,507.08,4995.24
First-time Buyer,Salesperson,Instant Gratification Sale,1466243.53,544,2695.30,518.33,4978.72
First-time Buyer,Salesperson,Limited Time Treasures,1476896.86,519,2845.66,510.30,4999.20
First-time Buyer,Salesperson,Loyalty Rewards Blast,1404239.13,511,2748.02,500.38,4993.88
First-time Buyer,Salesperson,Mega Weekend Bonanza,1454594.19,531,2739.35,503.85,4979.42
First-time Buyer,Salesperson,Mid-Year Madness,1467883.39,530,2769.59,511.66,4998.11
First-time Buyer,Salesperson,Midnight Madness,1412762.98,534,2645.62,511.17,4994.53
First-time Buyer,Salesperson,Mystery Discount Days,1466266.40,524,2798.22,502.13,4995.70
First-time Buyer,Salesperson,New Arrival Showcase,1428202.29,524,2725.58,503.77,4992.00
First-time Buyer,Salesperson,New Product Launch Promo,1448282.84,526,2753.39,503.51,4998.60
First-time Buyer,Salesperson,New Year Kickoff,1346596.27,484,2782.22,505.98,4995.79
First-time Buyer,Salesperson,Price Drop Parade,1308283.25,490,2669.97,506.95,4999.10
First-time Buyer,Salesperson,Red Tag Clearance,1396142.27,500,2792.28,527.36,4991.99
First-time Buyer,Salesperson,Seasonal Surprise Box,1527386.70,565,2703.34,513.81,4993.02
First-time Buyer,Salesperson,Shop & Save Spectacular,1367277.08,503,2718.24,502.57,4993.98
First-time Buyer,Salesperson,Smart Shopper Week,1498484.17,529,2832.67,533.87,4998.03
First-time Buyer,Salesperson,Spring Refresh Event,1351313.85,481,2809.38,512.51,4995.72
First-time Buyer,Salesperson,Spring Splash Discounts,1473938.06,536,2749.88,505.26,4994.34
First-time Buyer,Salesperson,Summer Sizzle Promo,1419493.38,512,2772.45,504.13,4998.36
First-time Buyer,Salesperson,Super Savings Week,1450964.60,512,2833.92,506.81,4999.25
First-time Buyer,Salesperson,Ultimate Value Event,1460968.23,521,2804.16,509.73,4999.82
First-time Buyer,Salesperson,VIP Access Sale,1499912.25,552,2717.23,504.83,4998.82
First-time Buyer,Salesperson,Weekend Warrior Specials,1375605.05,515,2671.08,506.54,4999.71
First-time Buyer,Salesperson,Winter Clearance Carnival,1389673.59,498,2790.51,517.90,4998.34
First-time Buyer,Salesperson,Winter Wonders Sale,1422175.74,515,2761.51,538.73,4995.24
First-time Buyer,Senior Salesperson,12 Days of Deals,1240712.01,458,2708.98,510.07,4991.26
First-time Buyer,Senior Salesperson,Autumn Deals Drive,1103053.35,404,2730.33,510.09,4994.53
First-time Buyer,Senior Salesperson,BOGO Blitz,1226478.50,436,2813.02,503.30,4996.77
First-time Buyer,Senior Salesperson,Back to School Boost,1300684.21,472,2755.69,505.75,4999.86
First-time Buyer,Senior Salesperson,Birthday Bash Sale,1161187.81,409,2839.09,501.68,4997.17
First-time Buyer,Senior Salesperson,Black Friday Blowout,1244515.92,450,2765.59,510.69,4988.78
First-time Buyer,Senior Salesperson,Cart Crasher Campaign,1233893.48,455,2711.85,501.27,4992.50
First-time Buyer,Senior Salesperson,Cashback Carnival,1250919.41,443,2823.75,508.42,4998.40
First-time Buyer,Senior Salesperson,Clearance Countdown,1134234.26,418,2713.48,502.02,4995.69
First-time Buyer,Senior Salesperson,Countdown to Savings,1270834.92,459,2768.70,510.46,4982.59
First-time Buyer,Senior Salesperson,Customer Appreciation Week,1233923.05,451,2735.97,502.81,4984.95
First-time Buyer,Senior Salesperson,Cyber Monday Mania,1211058.50,431,2809.88,500.56,4977.18
First-time Buyer,Senior Salesperson,Deal of the Month,1209180.28,451,2681.11,502.44,4990.87
First-time Buyer,Senior Salesperson,Double Points Bonanza,1282805.53,448,2863.41,502.80,4997.02
First-time Buyer,Senior Salesperson,Early Bird Specials,1185380.60,425,2789.13,504.72,4978.03
First-time Buyer,Senior Salesperson,End of Season Sale,1222025.34,450,2715.61,503.46,4987.32
First-time Buyer,Senior Salesperson,Exclusive Insider Offers,1242656.19,451,2755.34,502.55,4988.00
First-time Buyer,Senior Salesperson,Festive Fever Promo,1266760.15,453,2796.38,502.25,4997.98
First-time Buyer,Senior Salesperson,Final Call Frenzy,1280779.40,478,2679.45,516.31,4990.97
First-time Buyer,Senior Salesperson,Flash Frenzy Friday,1289119.00,478,2696.90,502.44,4994.20
First-time Buyer,Senior Salesperson,"Gift More, Spend Less",1164823.09,428,2721.55,531.66,4993.41
First-time Buyer,Senior Salesperson,Golden Hour Bargains,1226519.65,437,2806.68,506.14,4999.90
First-time Buyer,Senior Salesperson,Green Weekend Deals,1264846.17,460,2749.67,506.43,4999.98
First-time Buyer,Senior Salesperson,Happy Hour Discounts,1166551.97,421,2770.91,516.29,4996.12
First-time Buyer,Senior Salesperson,Holiday Shopping Rush,1300248.32,474,2743.14,511.35,4984.77
First-time Buyer,Senior Salesperson,Hot Picks Promo,1271529.63,473,2688.22,503.19,4999.88
First-time Buyer,Senior Salesperson,Instant Gratification Sale,1209983.87,433,2794.42,505.46,4967.80
First-time Buyer,Senior Salesperson,Limited Time Treasures,1245114.03,458,2718.59,503.95,4999.73
First-time Buyer,Senior Salesperson,Loyalty Rewards Blast,1243429.54,443,2806.84,500.58,4995.86
First-time Buyer,Senior Salesperson,Mega Weekend Bonanza,1246292.34,451,2763.40,511.89,4975.54
First-time Buyer,Senior Salesperson,Mid-Year Madness,1355499.88,479,2829.85,510.22,4984.19
First-time Buyer,Senior Salesperson,Midnight Madness,1165013.89,415,2807.26,535.91,4982.50
First-time Buyer,Senior Salesperson,Mystery Discount Days,1124695.72,422,2665.16,504.53,4981.26
First-time Buyer,Senior Salesperson,New Arrival Showcase,1155649.56,430,2687.56,514.19,4996.95
First-time Buyer,Senior Salesperson,New Product Launch Promo,1115962.52,391,2854.12,510.20,4997.06
First-time Buyer,Senior Salesperson,New Year Kickoff,1254865.68,445,2819.92,506.01,4981.51
First-time Buyer,Senior Salesperson,Price Drop Parade,1197887.41,460,2604.10,504.47,4998.25
First-time Buyer,Senior Salesperson,Red Tag Clearance,1342495.54,486,2762.34,516.57,4999.45
First-time Buyer,Senior Salesperson,Seasonal Surprise Box,1262903.16,445,2837.98,506.79,4954.23
First-time Buyer,Senior Salesperson,Shop & Save Spectacular,1217543.88,448,2717.73,501.24,4991.85
First-time Buyer,Senior Salesperson,Smart Shopper Week,1308017.51,474,2759.53,514.81,4996.42
First-time Buyer,Senior Salesperson,Spring Refresh Event,1378959.34,486,2837.36,508.72,4992.74
First-time Buyer,Senior Salesperson,Spring Splash Discounts,1213553.37,448,2708.82,511.52,4999.02
First-time Buyer,Senior Salesperson,Summer Sizzle Promo,1215533.22,437,2781.54,502.21,4998.54
First-time Buyer,Senior Salesperson,Super Savings Week,1145475.84,423,2707.98,501.03,4992.06
First-time Buyer,Senior Salesperson,Ultimate Value Event,1166780.56,421,2771.45,518.09,4989.62
First-time Buyer,Senior Salesperson,VIP Access Sale,1237964.62,456,2714.83,506.42,4993.22
First-time Buyer,Senior Salesperson,Weekend Warrior Specials,1294155.47,480,2696.16,506.49,4995.14
First-time Buyer,Senior Salesperson,Winter Clearance Carnival,1216282.36,447,2720.99,516.37,4953.46
First-time Buyer,Senior Salesperson,Winter Wonders Sale,1284657.51,467,2750.87,534.89,4995.17
High Value,Manager,12 Days of Deals,1390515.96,492,2826.25,510.93,4998.87
High Value,Manager,Autumn Deals Drive,1480727.69,543,2726.94,523.27,4999.11
High Value,Manager,BOGO Blitz,1354074.31,505,2681.34,533.74,4996.53
High Value,Manager,Back to School Boost,1406003.77,498,2823.30,506.31,4974.44
High Value,Manager,Birthday Bash Sale,1359574.03,495,2746.61,500.14,4982.00
High Value,Manager,Black Friday Blowout,1371633.64,505,2716.11,500.83,4986.53
High Value,Manager,Cart Crasher Campaign,1361923.05,490,2779.43,521.71,4994.60
High Value,Manager,Cashback Carnival,1473269.44,521,2827.77,509.88,4985.74
High Value,Manager,Clearance Countdown,1457620.65,523,2787.04,500.53,4998.45
High Value,Manager,Countdown to Savings,1467341.51,528,2779.06,504.64,4983.73
High Value,Manager,Customer Appreciation Week,1460726.34,536,2725.24,504.04,4996.51
High Value,Manager,Cyber Monday Mania,1501292.58,547,2744.59,516.07,4983.63
High Value,Manager,Deal of the Month,1471266.59,539,2729.62,504.75,4992.62
High Value,Manager,Double Points Bonanza,1453020.53,533,2726.12,500.95,4995.61
High Value,Manager,Early Bird Specials,1413859.65,520,2718.96,509.37,4995.45
High Value,Manager,End of Season Sale,1382819.63,505,2738.26,523.20,4995.76
High Value,Manager,Exclusive Insider Offers,1331865.38,493,2701.55,506.83,4998.78
High Value,Manager,Festive Fever Promo,1312640.72,481,2728.98,500.64,4989.53
High Value,Manager,Final Call Frenzy,1404133.78,520,2700.26,511.52,4980.80
High Value,Manager,Flash Frenzy Friday,1407811.44,513,2744.27,503.56,4985.49
High Value,Manager,"Gift More, Spend Less",1229688.73,474,2594.28,523.26,4990.08
High Value,Manager,Golden Hour Bargains,1329015.04,490,2712.28,511.16,4988.47
High Value,Manager,Green Weekend Deals,1349961.81,487,2772.00,513.01,4992.89
High Value,Manager,Happy Hour Discounts,1457302.67,507,2874.36,510.71,4984.64
High Value,Manager,Holiday Shopping Rush,1329362.20,474,2804.56,506.77,4997.86
High Value,Manager,Hot Picks Promo,1428743.46,525,2721.42,505.94,4991.69
High Value,Manager,Instant Gratification Sale,1488073.52,532,2797.13,525.51,4993.28
High Value,Manager,Limited Time Treasures,1485991.13,541,2746.75,512.61,4999.38
High Value,Manager,Loyalty Rewards Blast,1410145.77,517,2727.55,500.22,4989.61
High Value,Manager,Mega Weekend Bonanza,1408074.61,522,2697.46,524.92,4996.59
High Value,Manager,Mid-Year Madness,1415039.80,524,2700.46,500.82,4990.41
High Value,Manager,Midnight Madness,1408440.39,527,2672.56,502.76,4996.41
High Value,Manager,Mystery Discount Days,1253333.88,467,2683.80,500.17,4967.22
High Value,Manager,New Arrival Showcase,1308525.69,485,2697.99,522.55,4976.30
High Value,Manager,New Product Launch Promo,1311996.81,480,2733.33,504.86,4998.53
High Value,Manager,New Year Kickoff,1353312.07,487,2778.87,508.27,4981.44
High Value,Manager,Price Drop Parade,1358264.88,493,2755.10,501.39,4988.04
High Value,Manager,Red Tag Clearance,1493056.79,534,2795.99,501.12,4982.49
High Value,Manager,Seasonal Surprise Box,1364866.04,490,2785.44,509.39,4989.05
High Value,Manager,Shop & Save Spectacular,1418857.28,514,2760.42,520.81,4990.21
High Value,Manager,Smart Shopper Week,1403151.95,507,2767.56,519.11,4973.93
High Value,Manager,Spring Refresh Event,1399678.23,507,2760.71,507.71,4987.12
High Value,Manager,Spring Splash Discounts,1325722.14,497,2667.45,512.14,4980.73
High Value,Manager,Summer Sizzle Promo,1314823.15,468,2809.45,523.99,4971.71
High Value,Manager,Super Savings Week,1287261.71,464,2774.27,501.99,4999.89
High Value,Manager,Ultimate Value Event,1368775.30,487,2810.63,500.47,4999.91
High Value,Manager,VIP Access Sale,1299960.14,485,2680.33,505.32,4996.03
High Value,Manager,Weekend Warrior Specials,1417273.32,512,2768.11,567.32,4973.65
High Value,Manager,Winter Clearance Carnival,1442200.72,514,2805.84,535.72,4998.56
High Value,Manager,Winter Wonders Sale,1528516.50,551,2774.08,505.46,4990.65
High Value,Sales Associate,12 Days of Deals,1430154.83,520,2750.30,511.33,4999.26
High Value,Sales Associate,Autumn Deals Drive,1565017.06,562,2784.73,500.77,4990.52
High Value,Sales Associate,BOGO Blitz,1478142.80,546,2707.22,517.62,4997.47
High Value,Sales Associate,Back to School Boost,1374563.41,512,2684.69,501.04,4992.48
High Value,Sales Associate,Birthday Bash Sale,1490403.39,545,2734.69,503.09,4999.68
High Value,Sales Associate,Black Friday Blowout,1452762.70,543,2675.44,500.70,4991.90
High Value,Sales Associate,Cart Crasher Campaign,1448926.33,533,2718.44,517.04,4999.98
High Value,Sales Associate,Cashback Carnival,1513331.00,554,2731.64,511.92,4990.33
High Value,Sales Associate,Clearance Countdown,1438048.27,517,2781.52,509.07,4995.95
High Value,Sales Associate,Countdown to Savings,1445607.97,515,2807.01,510.60,4993.77
High Value,Sales Associate,Customer Appreciation Week,1443380.52,526,2744.07,502.67,4987.90
High Value,Sales Associate,Cyber Monday Mania,1536739.54,540,2845.81,504.09,4997.19
High Value,Sales Associate,Deal of the Month,1502593.82,560,2683.20,501.47,4983.08
High Value,Sales Associate,Double Points Bonanza,1425151.73,529,2694.05,503.26,4996.08
High Value,Sales Associate,Early Bird Specials,1458640.83,525,2778.36,504.93,4993.12
High Value,Sales Associate,End of Season Sale,1471684.60,536,2745.68,513.05,4990.44
High Value,Sales Associate,Exclusive Insider Offers,1434770.48,515,2785.96,501.31,4978.13
High Value,Sales Associate,Festive Fever Promo,1467521.25,528,2779.40,512.05,4996.81
High Value,Sales Associate,Final Call Frenzy,1389400.50,514,2703.11,512.43,4999.96
High Value,Sales Associate,Flash Frenzy Friday,1525789.32,548,2784.29,516.34,4990.19
High Value,Sales Associate,"Gift More, Spend Less",1509471.30,535,2821.44,506.74,4994.67
High Value,Sales Associate,Golden Hour Bargains,1470901.19,539,2728.94,507.62,4983.24
High Value,Sales Associate,Green Weekend Deals,1416706.41,506,2799.82,509.92,4997.99
High Value,Sales Associate,Happy Hour Discounts,1354704.17,500,2709.41,517.25,4992.74
High Value,Sales Associate,Holiday Shopping Rush,1299958.51,490,2652.98,517.06,4973.38
High Value,Sales Associate,Hot Picks Promo,1396760.79,523,2670.67,526.82,4996.34
High Value,Sales Associate,Instant Gratification Sale,1457057.70,533,2733.69,500.95,4998.94
High Value,Sales Associate,Limited Time Treasures,1371546.08,517,2652.89,505.63,4964.31
High Value,Sales Associate,Loyalty Rewards Blast,1399501.13,517,2706.97,510.40,4998.17
High Value,Sales Associate,Mega Weekend Bonanza,1440407.47,526,2738.42,503.43,4987.82
High Value,Sales Associate,Mid-Year Madness,1351149.69,499,2707.71,503.72,4997.77
High Value,Sales Associate,Midnight Madness,1436984.21,525,2737.11,505.39,4998.34
High Value,Sales Associate,Mystery Discount Days,1542184.70,552,2793.81,509.55,4991.87
High Value,Sales Associate,New Arrival Showcase,1386826.90,518,2677.27,509.61,4980.00
High Value,Sales Associate,New Product Launch Promo,1337544.54,498,2685.83,501.71,4999.48
High Value,Sales Associate,New Year Kickoff,1488028.99,539,2760.72,511.11,4998.26
High Value,Sales Associate,Price Drop Parade,1396762.41,499,2799.12,514.21,4994.94
High Value,Sales Associate,Red Tag Clearance,1386885.72,485,2859.56,500.15,4991.39
High Value,Sales Associate,Seasonal Surprise Box,1425474.75,542,2630.03,504.60,4982.02
High Value,Sales Associate,Shop & Save Spectacular,1416825.80,529,2678.31,502.39,4999.95
High Value,Sales Associate,Smart Shopper Week,1484996.47,531,2796.60,503.56,4999.77
High Value,Sales Associate,Spring Refresh Event,1488114.19,539,2760.88,511.29,4999.78
High Value,Sales Associate,Spring Splash Discounts,1328353.78,512,2594.44,506.18,4999.08
High Value,Sales Associate,Summer Sizzle Promo,1524021.65,549,2776.00,500.10,4991.33
High Value,Sales Associate,Super Savings Week,1427685.44,516,2766.83,509.93,4989.79
High Value,Sales Associate,Ultimate Value Event,1554929.77,562,2766.78,506.64,4998.80
High Value,Sales Associate,VIP Access Sale,1440292.49,524,2748.65,503.14,4991.94
High Value,Sales Associate,Weekend Warrior Specials,1447630.79,537,2695.77,504.11,4993.10
High Value,Sales Associate,Winter Clearance Carnival,1463814.74,533,2746.37,509.87,4991.29
High Value,Sales Associate,Winter Wonders Sale,1516096.22,549,2761.56,529.00,4998.01
High Value,Salesperson,12 Days of Deals,1463865.87,533,2746.47,502.40,4999.73
High Value,Salesperson,Autumn Deals Drive,1442069.81,521,2767.89,507.26,4997.96
High Value,Salesperson,BOGO Blitz,1522654.73,556,2738.59,519.56,4993.32
High Value,Salesperson,Back to School Boost,1518008.50,554,2740.09,500.13,4998.07
High Value,Salesperson,Birthday Bash Sale,1294473.60,474,2730.96,501.52,4969.83
High Value,Salesperson,Black Friday Blowout,1458721.39,527,2767.97,511.75,4999.47
High Value,Salesperson,Cart Crasher Campaign,1527045.98,550,2776.45,506.65,4960.08
High Value,Salesperson,Cashback Carnival,1444304.12,540,2674.64,510.86,4994.56
High Value,Salesperson,Clearance Countdown,1375821.13,503,2735.23,533.17,4998.78
High Value,Salesperson,Countdown to Savings,1553894.15,561,2769.86,504.17,4985.58
High Value,Salesperson,Customer Appreciation Week,1517209.96,558,2719.01,513.31,4976.04
High Value,Salesperson,Cyber Monday Mania,1469332.86,548,2681.26,507.37,4994.68
High Value,Salesperson,Deal of the Month,1399822.12,504,2777.42,511.26,4992.95
High Value,Salesperson,Double Points Bonanza,1429752.97,525,2723.34,504.90,4999.34
High Value,Salesperson,Early Bird Specials,1342697.34,504,2664.08,502.05,4996.35
High Value,Salesperson,End of Season Sale,1360291.94,501,2715.15,500.69,4999.05
High Value,Salesperson,Exclusive Insider Offers,1393360.47,505,2759.13,505.71,4996.56
High Value,Salesperson,Festive Fever Promo,1400588.28,512,2735.52,506.12,4992.67
High Value,Salesperson,Final Call Frenzy,1248906.08,471,2651.61,501.00,4996.48
High Value,Salesperson,Flash Frenzy Friday,1454069.90,531,2738.36,503.50,4998.72
High Value,Salesperson,"Gift More, Spend Less",1406492.16,492,2858.72,501.53,4990.32
High Value,Salesperson,Golden Hour Bargains,1367577.55,502,2724.26,517.26,4995.50
High Value,Salesperson,Green Weekend Deals,1227086.63,455,2696.89,503.35,4993.95
High Value,Salesperson,Happy Hour Discounts,1489017.94,534,2788.42,504.99,4998.95
High Value,Salesperson,Holiday Shopping Rush,1446056.92,513,2818.82,509.06,4998.34
High Value,Salesperson,Hot Picks Promo,1437403.26,514,2796.50,518.84,4988.34
High Value,Salesperson,Instant Gratification Sale,1462460.89,527,2775.07,534.05,4998.62
High Value,Salesperson,Limited Time Treasures,1470048.19,547,2687.47,508.05,4992.00
High Value,Salesperson,Loyalty Rewards Blast,1395593.25,518,2694.20,509.85,4949.02
High Value,Salesperson,Mega Weekend Bonanza,1305314.63,486,2685.83,505.91,4981.36
High Value,Salesperson,Mid-Year Madness,1452168.19,517,2808.84,527.42,4997.99
High Value,Salesperson,Midnight Madness,1411693.83,520,2714.80,500.95,4998.30
High Value,Salesperson,Mystery Discount Days,1416668.91,513,2761.54,508.03,4996.73
High Value,Salesperson,New Arrival Showcase,1511729.81,540,2799.50,500.37,4995.28
High Value,Salesperson,New Product Launch Promo,1431409.28,526,2721.31,503.81,4979.52
High Value,Salesperson,New Year Kickoff,1459761.13,528,2764.70,501.31,4993.32
High Value,Salesperson,Price Drop Parade,1371016.66,488,2809.46,505.89,4996.87
High Value,Salesperson,Red Tag Clearance,1348018.39,504,2674.64,517.90,4993.37
High Value,Salesperson,Seasonal Surprise Box,1447577.13,508,2849.56,505.64,4993.58
High Value,Salesperson,Shop & Save Spectacular,1439417.77,524,2746.98,531.24,4998.75
High Value,Salesperson,Smart Shopper Week,1340893.94,494,2714.36,502.77,4999.73
High Value,Salesperson,Spring Refresh Event,1257876.36,477,2637.06,505.18,4995.87
High Value,Salesperson,Spring Splash Discounts,1374063.95,502,2737.18,513.20,4996.37
High Value,Salesperson,Summer Sizzle Promo,1522451.52,543,2803.78,506.50,4998.80
High Value,Salesperson,Super Savings Week,1415871.75,522,2712.40,502.34,4984.05
High Value,Salesperson,Ultimate Value Event,1437197.85,515,2790.68,503.38,4996.74
High Value,Salesperson,VIP Access Sale,1428358.63,512,2789.76,502.41,4992.51
High Value,Salesperson,Weekend Warrior Specials,1514786.41,550,2754.16,502.46,4964.50
High Value,Salesperson,Winter Clearance Carnival,1478538.14,513,2882.14,506.45,4969.79
High Value,Salesperson,Winter Wonders Sale,1367572.56,493,2773.98,509.08,4991.58
High Value,Senior Salesperson,12 Days of Deals,1306072.04,478,2732.37,510.36,4987.18
High Value,Senior Salesperson,Autumn Deals Drive,1210333.11,442,2738.31,512.30,4998.64
High Value,Senior Salesperson,BOGO Blitz,1200824.37,439,2735.36,511.25,4977.94
High Value,Senior Salesperson,Back to School Boost,1125602.52,417,2699.29,505.83,4989.26
High Value,Senior Salesperson,Birthday Bash Sale,1248991.70,456,2739.02,501.00,4993.83
High Value,Senior Salesperson,Black Friday Blowout,1306622.07,461,2834.32,504.85,4989.76
High Value,Senior Salesperson,Cart Crasher Campaign,1253536.98,453,2767.19,531.87,4994.38
High Value,Senior Salesperson,Cashback Carnival,1143909.37,430,2660.25,503.76,4991.33
High Value,Senior Salesperson,Clearance Countdown,1277355.31,464,2752.92,507.81,4998.50
High Value,Senior Salesperson,Countdown to Savings,1250746.02,462,2707.24,517.19,4999.61
High Value,Senior Salesperson,Customer Appreciation Week,1286995.99,464,2773.70,505.23,4985.04
High Value,Senior Salesperson,Cyber Monday Mania,1313743.04,486,2703.17,504.44,4996.37
High Value,Senior Salesperson,Deal of the Month,1182429.40,435,2718.23,507.33,4997.39
High Value,Senior Salesperson,Double Points Bonanza,1262890.29,471,2681.30,510.07,4990.54
High Value,Senior Salesperson,Early Bird Specials,1316765.78,491,2681.80,503.12,4992.90
High Value,Senior Salesperson,End of Season Sale,1288942.51,465,2771.92,511.79,4989.62
High Value,Senior Salesperson,Exclusive Insider Offers,1282182.64,472,2716.49,515.78,4998.29
High Value,Senior Salesperson,Festive Fever Promo,1232459.51,446,2763.36,504.82,4991.65
High Value,Senior Salesperson,Final Call Frenzy,1342401.98,487,2756.47,500.03,4994.94
High Value,Senior Salesperson,Flash Frenzy Friday,1273285.29,459,2774.04,519.52,4992.73
High Value,Senior Salesperson,"Gift More, Spend Less",1268314.24,479,2647.84,503.92,4998.32
High Value,Senior Salesperson,Golden Hour Bargains,1147047.57,422,2718.12,530.53,4991.12
High Value,Senior Salesperson,Green Weekend Deals,1350258.50,494,2733.32,500.21,4993.15
High Value,Senior Salesperson,Happy Hour Discounts,1221846.67,431,2834.91,505.19,4997.56
High Value,Senior Salesperson,Holiday Shopping Rush,1203623.45,432,2786.17,512.82,4995.77
High Value,Senior Salesperson,Hot Picks Promo,1306768.15,471,2774.45,507.34,4937.92
High Value,Senior Salesperson,Instant Gratification Sale,1275571.87,458,2785.09,509.24,4986.49
High Value,Senior Salesperson,Limited Time Treasures,1238003.68,449,2757.25,506.57,4974.22
High Value,Senior Salesperson,Loyalty Rewards Blast,1267007.23,447,2834.47,502.35,4997.60
High Value,Senior Salesperson,Mega Weekend Bonanza,1274877.28,477,2672.70,501.33,4982.55
High Value,Senior Salesperson,Mid-Year Madness,1273865.25,473,2693.16,500.33,4965.33
High Value,Senior Salesperson,Midnight Madness,1191443.21,438,2720.19,510.44,4992.67
High Value,Senior Salesperson,Mystery Discount Days,1264262.45,454,2784.72,502.33,4985.71
High Value,Senior Salesperson,New Arrival Showcase,1357086.23,483,2809.70,519.21,4995.42
High Value,Senior Salesperson,New Product Launch Promo,1201887.47,459,2618.49,507.73,4994.34
High Value,Senior Salesperson,New Year Kickoff,1306895.89,471,2774.73,500.45,4994.30
High Value,Senior Salesperson,Price Drop Parade,1251903.85,461,2715.63,503.07,4985.27
High Value,Senior Salesperson,Red Tag Clearance,1384123.08,489,2830.52,501.29,4999.64
High Value,Senior Salesperson,Seasonal Surprise Box,1310591.86,479,2736.10,507.04,4996.14
High Value,Senior Salesperson,Shop & Save Spectacular,1244195.85,438,2840.63,504.82,4985.35
High Value,Senior Salesperson,Smart Shopper Week,1258263.74,470,2677.16,500.54,4994.72
High Value,Senior Salesperson,Spring Refresh Event,1250556.56,460,2718.60,515.89,4999.45
High Value,Senior Salesperson,Spring Splash Discounts,1354581.84,478,2833.85,505.94,4998.48
High Value,Senior Salesperson,Summer Sizzle Promo,1159282.50,426,2721.32,504.25,4997.66
High Value,Senior Salesperson,Super Savings Week,1375429.73,471,2920.23,507.63,4998.89
High Value,Senior Salesperson,Ultimate Value Event,1261258.69,455,2772.00,503.45,4993.10
High Value,Senior Salesperson,VIP Access Sale,1224102.98,457,2678.56,519.78,4999.71
High Value,Senior Salesperson,Weekend Warrior Specials,1250419.20,484,2583.51,501.39,4995.52
High Value,Senior Salesperson,Winter Clearance Carnival,1357754.50,488,2782.28,512.37,4997.27
High Value,Senior Salesperson,Winter Wonders Sale,1166673.63,423,2758.09,518.65,4991.52
In-Store Regular,Manager,12 Days of Deals,1285390.78,466,2758.35,509.79,4995.38
In-Store Regular,Manager,Autumn Deals Drive,1292621.84,479,2698.58,508.03,4994.21
In-Store Regular,Manager,BOGO Blitz,1322179.84,487,2714.95,500.64,4990.46
In-Store Regular,Manager,Back to School Boost,1304922.74,481,2712.94,502.61,4989.50
In-Store Regular,Manager,Birthday Bash Sale,1372977.76,486,2825.06,509.48,4965.81
In-Store Regular,Manager,Black Friday Blowout,1291070.65,458,2818.93,501.86,4998.42
In-Store Regular,Manager,Cart Crasher Campaign,1246575.79,447,2788.76,503.85,4993.08
In-Store Regular,Manager,Cashback Carnival,1332217.19,478,2787.07,529.04,4993.04
In-Store Regular,Manager,Clearance Countdown,1398619.55,506,2764.07,500.68,4993.71
In-Store Regular,Manager,Countdown to Savings,1292045.91,480,2691.76,501.16,4996.97
In-Store Regular,Manager,Customer Appreciation Week,1340413.36,500,2680.83,519.37,4995.61
In-Store Regular,Manager,Cyber Monday Mania,1300995.86,475,2738.94,502.42,4990.68
In-Store Regular,Manager,Deal of the Month,1423434.85,484,2940.98,516.81,4994.30
In-Store Regular,Manager,Double Points Bonanza,1452925.63,512,2837.75,506.78,4995.23
In-Store Regular,Manager,Early Bird Specials,1384988.74,484,2861.55,536.36,4999.06
In-Store Regular,Manager,End of Season Sale,1227776.54,454,2704.35,503.93,4996.20
In-Store Regular,Manager,Exclusive Insider Offers,1319001.54,479,2753.66,503.81,4998.51
In-Store Regular,Manager,Festive Fever Promo,1429129.99,515,2775.01,500.07,4998.89
In-Store Regular,Manager,Final Call Frenzy,1383871.67,506,2734.92,509.54,4974.82
In-Store Regular,Manager,Flash Frenzy Friday,1459353.92,518,2817.29,508.02,4995.61
In-Store Regular,Manager,"Gift More, Spend Less",1366576.94,505,2706.09,503.59,4990.49
In-Store Regular,Manager,Golden Hour Bargains,1383751.86,514,2692.12,516.63,4969.17
In-Store Regular,Manager,Green Weekend Deals,1331677.87,485,2745.73,534.23,4989.11
In-Store Regular,Manager,Happy Hour Discounts,1331412.76,470,2832.79,510.67,4987.44
In-Store Regular,Manager,Holiday Shopping Rush,1265841.54,488,2593.94,517.64,4983.44
In-Store Regular,Manager,Hot Picks Promo,1445723.87,535,2702.29,502.61,4992.31
In-Store Regular,Manager,Instant Gratification Sale,1428247.33,500,2856.49,565.74,4993.60
In-Store Regular,Manager,Limited Time Treasures,1342715.30,489,2745.84,508.79,4987.22
In-Store Regular,Manager,Loyalty Rewards Blast,1345184.91,490,2745.28,516.91,4987.05
In-Store Regular,Manager,Mega Weekend Bonanza,1391398.42,512,2717.58,512.03,4991.27
In-Store Regular,Manager,Mid-Year Madness,1327922.37,484,2743.64,505.91,4994.22
In-Store Regular,Manager,Midnight Madness,1513396.83,547,2766.72,500.45,4998.66
In-Store Regular,Manager,Mystery Discount Days,1323186.21,495,2673.10,506.53,4989.36
In-Store Regular,Manager,New Arrival Showcase,1428968.58,497,2875.19,509.28,4998.70
In-Store Regular,Manager,New Product Launch Promo,1404036.73,503,2791.33,501.76,4998.30
In-Store Regular,Manager,New Year Kickoff,1310454.22,484,2707.55,502.81,4996.42
In-Store Regular,Manager,Price Drop Parade,1344839.24,502,2678.96,504.57,4999.58
In-Store Regular,Manager,Red Tag Clearance,1312483.93,481,2728.66,509.39,4997.25
In-Store Regular,Manager,Seasonal Surprise Box,1341052.84,507,2645.07,507.86,4974.36
In-Store Regular,Manager,Shop & Save Spectacular,1505241.54,534,2818.80,507.30,4991.97
In-Store Regular,Manager,Smart Shopper Week,1328833.58,482,2756.92,511.44,4994.55
In-Store Regular,Manager,Spring Refresh Event,1428418.65,490,2915.14,500.05,4981.42
In-Store Regular,Manager,Spring Splash Discounts,1374493.35,479,2869.51,510.18,4998.18
In-Store Regular,Manager,Summer Sizzle Promo,1380362.54,494,2794.26,501.20,4974.58
In-Store Regular,Manager,Super Savings Week,1323867.97,482,2746.61,507.31,4992.34
In-Store Regular,Manager,Ultimate Value Event,1340358.52,499,2686.09,516.08,4990.81
In-Store Regular,Manager,VIP Access Sale,1393381.43,498,2797.95,502.72,4991.40
In-Store Regular,Manager,Weekend Warrior Specials,1455993.06,519,2805.38,502.44,4992.92
In-Store Regular,Manager,Winter Clearance Carnival,1435991.07,531,2704.31,508.37,4964.65
In-Store Regular,Manager,Winter Wonders Sale,1357573.23,508,2672.39,517.03,4999.21
In-Store Regular,Sales Associate,12 Days of Deals,1438736.44,520,2766.80,509.13,4999.60
In-Store Regular,Sales Associate,Autumn Deals Drive,1651054.35,605,2729.02,503.92,4992.45
In-Store Regular,Sales Associate,BOGO Blitz,1419494.83,532,2668.22,503.66,4993.12
In-Store Regular,Sales Associate,Back to School Boost,1370100.68,517,2650.10,501.01,4988.68
In-Store Regular,Sales Associate,Birthday Bash Sale,1334387.71,492,2712.17,504.16,4976.71
In-Store Regular,Sales Associate,Black Friday Blowout,1493770.53,526,2839.87,507.51,4997.07
In-Store Regular,Sales Associate,Cart Crasher Campaign,1469098.10,535,2745.98,514.16,4980.08
In-Store Regular,Sales Associate,Cashback Carnival,1503587.81,561,2680.19,503.09,4993.83
In-Store Regular,Sales Associate,Clearance Countdown,1409691.99,520,2710.95,519.06,4989.75
In-Store Regular,Sales Associate,Countdown to Savings,1387769.42,515,2694.70,509.72,4998.01
In-Store Regular,Sales Associate,Customer Appreciation Week,1469230.84,555,2647.26,506.67,4996.86
In-Store Regular,Sales Associate,Cyber Monday Mania,1419566.67,517,2745.78,503.24,4986.05
In-Store Regular,Sales Associate,Deal of the Month,1395203.06,509,2741.07,517.76,4999.17
In-Store Regular,Sales Associate,Double Points Bonanza,1318949.27,489,2697.24,503.76,4979.34
In-Store Regular,Sales Associate,Early Bird Specials,1529829.75,551,2776.46,513.51,4991.59
In-Store Regular,Sales Associate,End of Season Sale,1379103.81,508,2714.77,507.40,4997.96
In-Store Regular,Sales Associate,Exclusive Insider Offers,1574015.08,565,2785.87,514.36,4999.92
In-Store Regular,Sales Associate,Festive Fever Promo,1611095.41,576,2797.04,519.49,4990.63
In-Store Regular,Sales Associate,Final Call Frenzy,1501263.12,548,2739.53,508.37,4999.33
In-Store Regular,Sales Associate,Flash Frenzy Friday,1472480.74,546,2696.85,504.09,4991.58
In-Store Regular,Sales Associate,"Gift More, Spend Less",1596228.68,551,2896.97,511.37,4994.74
In-Store Regular,Sales Associate,Golden Hour Bargains,1375859.86,500,2751.72,501.78,4999.76
In-Store Regular,Sales Associate,Green Weekend Deals,1495342.94,544,2748.79,517.59,4995.46
In-Store Regular,Sales Associate,Happy Hour Discounts,1561440.59,552,2828.70,500.31,4996.28
In-Store Regular,Sales Associate,Holiday Shopping Rush,1355917.78,495,2739.23,517.58,4972.40
In-Store Regular,Sales Associate,Hot Picks Promo,1463447.22,527,2776.94,519.69,4988.19
In-Store Regular,Sales Associate,Instant Gratification Sale,1421144.10,497,2859.44,515.65,4993.22
In-Store Regular,Sales Associate,Limited Time Treasures,1381518.82,517,2672.18,522.50,4986.00
In-Store Regular,Sales Associate,Loyalty Rewards Blast,1438251.64,521,2760.56,500.57,4992.46
In-Store Regular,Sales Associate,Mega Weekend Bonanza,1330249.29,496,2681.95,500.60,4992.00
In-Store Regular,Sales Associate,Mid-Year Madness,1529046.73,557,2745.15,506.56,4994.70
In-Store Regular,Sales Associate,Midnight Madness,1352265.91,488,2771.04,512.41,4992.08
In-Store Regular,Sales Associate,Mystery Discount Days,1507665.21,534,2823.34,506.20,4995.07
In-Store Regular,Sales Associate,New Arrival Showcase,1393210.81,494,2820.26,509.54,4998.83
In-Store Regular,Sales Associate,New Product Launch Promo,1595607.00,578,2760.57,506.98,4993.94
In-Store Regular,Sales Associate,New Year Kickoff,1447662.24,534,2710.98,516.02,4986.69
In-Store Regular,Sales Associate,Price Drop Parade,1481440.85,523,2832.58,508.09,4999.49
In-Store Regular,Sales Associate,Red Tag Clearance,1391503.93,502,2771.92,504.22,4998.76
In-Store Regular,Sales Associate,Seasonal Surprise Box,1367426.57,507,2697.09,504.42,4992.97
In-Store Regular,Sales Associate,Shop & Save Spectacular,1310749.33,485,2702.58,503.16,4964.65
In-Store Regular,Sales Associate,Smart Shopper Week,1382512.41,505,2737.65,508.73,4998.63
In-Store Regular,Sales Associate,Spring Refresh Event,1462229.29,527,2774.63,513.02,4995.99
In-Store Regular,Sales Associate,Spring Splash Discounts,1459045.75,529,2758.12,507.73,4983.92
In-Store Regular,Sales Associate,Summer Sizzle Promo,1487709.89,538,2765.26,502.32,4995.70
In-Store Regular,Sales Associate,Super Savings Week,1515411.21,540,2806.32,513.58,4991.38
In-Store Regular,Sales Associate,Ultimate Value Event,1569580.62,561,2797.83,506.12,4994.00
In-Store Regular,Sales Associate,VIP Access Sale,1418919.38,518,2739.23,500.93,4984.60
In-Store Regular,Sales Associate,Weekend Warrior Specials,1352334.43,488,2771.18,514.84,4996.77
In-Store Regular,Sales Associate,Winter Clearance Carnival,1459579.89,536,2723.10,511.24,4998.82
In-Store Regular,Sales Associate,Winter Wonders Sale,1457757.21,535,2724.78,516.58,4998.96
In-Store Regular,Salesperson,12 Days of Deals,1428158.79,511,2794.83,503.94,4972.15
In-Store Regular,Salesperson,Autumn Deals Drive,1426211.10,529,2696.05,502.40,4996.98
In-Store Regular,Salesperson,BOGO Blitz,1333644.72,472,2825.52,502.29,4998.29
In-Store Regular,Salesperson,Back to School Boost,1456555.78,525,2774.39,509.93,4998.12
In-Store Regular,Salesperson,Birthday Bash Sale,1346973.03,491,2743.33,502.96,4997.95
In-Store Regular,Salesperson,Black Friday Blowout,1429404.08,519,2754.15,527.37,4993.62
In-Store Regular,Salesperson,Cart Crasher Campaign,1463303.63,538,2719.90,504.84,4997.58
In-Store Regular,Salesperson,Cashback Carnival,1324813.75,470,2818.75,512.47,4995.33
In-Store Regular,Salesperson,Clearance Countdown,1349602.08,510,2646.28,513.24,4999.80
In-Store Regular,Salesperson,Countdown to Savings,1355089.15,514,2636.36,504.23,4997.94
In-Store Regular,Salesperson,Customer Appreciation Week,1290143.04,487,2649.16,508.00,4998.63
In-Store Regular,Salesperson,Cyber Monday Mania,1362751.15,510,2672.06,506.75,4990.14
In-Store Regular,Salesperson,Deal of the Month,1342874.35,494,2718.37,504.72,4999.89
In-Store Regular,Salesperson,Double Points Bonanza,1299679.55,484,2685.29,500.80,4996.36
In-Store Regular,Salesperson,Early Bird Specials,1514782.51,546,2774.33,506.38,4989.80
In-Store Regular,Salesperson,End of Season Sale,1424471.23,503,2831.95,500.36,4997.48
In-Store Regular,Salesperson,Exclusive Insider Offers,1379884.05,506,2727.04,503.60,4990.23
In-Store Regular,Salesperson,Festive Fever Promo,1345053.47,507,2652.97,509.05,4966.13
In-Store Regular,Salesperson,Final Call Frenzy,1427996.17,528,2704.54,500.25,4991.04
In-Store Regular,Salesperson,Flash Frenzy Friday,1406613.59,515,2731.29,504.11,4982.34
In-Store Regular,Salesperson,"Gift More, Spend Less",1374010.99,497,2764.61,507.61,4990.54
In-Store Regular,Salesperson,Golden Hour Bargains,1353241.81,492,2750.49,500.16,4999.35
In-Store Regular,Salesperson,Green Weekend Deals,1450930.35,531,2732.45,549.51,4985.16
In-Store Regular,Salesperson,Happy Hour Discounts,1431046.06,534,2679.86,501.91,4990.56
In-Store Regular,Salesperson,Holiday Shopping Rush,1386040.46,505,2744.63,501.27,4999.33
In-Store Regular,Salesperson,Hot Picks Promo,1357646.05,474,2864.23,520.73,4995.54
In-Store Regular,Salesperson,Instant Gratification Sale,1523247.14,552,2759.51,503.70,4999.70
In-Store Regular,Salesperson,Limited Time Treasures,1408730.83,530,2657.98,504.55,4983.39
In-Store Regular,Salesperson,Loyalty Rewards Blast,1521227.29,541,2811.88,515.06,4985.10
In-Store Regular,Salesperson,Mega Weekend Bonanza,1578059.47,561,2812.94,507.71,4998.42
In-Store Regular,Salesperson,Mid-Year Madness,1412472.78,504,2802.53,517.51,4995.13
In-Store Regular,Salesperson,Midnight Madness,1464351.56,528,2773.39,508.98,4985.49
In-Store Regular,Salesperson,Mystery Discount Days,1383680.68,503,2750.86,502.59,4994.43
In-Store Regular,Salesperson,New Arrival Showcase,1346975.19,485,2777.27,501.45,4997.53
In-Store Regular,Salesperson,New Product Launch Promo,1324640.02,498,2659.92,506.06,4996.63
In-Store Regular,Salesperson,New Year Kickoff,1398146.74,514,2720.13,506.98,4992.04
In-Store Regular,Salesperson,Price Drop Parade,1459317.88,527,2769.10,503.25,4998.14
In-Store Regular,Salesperson,Red Tag Clearance,1458858.33,541,2696.60,506.04,4995.93
In-Store Regular,Salesperson,Seasonal Surprise Box,1429133.97,536,2666.29,505.51,4996.39
In-Store Regular,Salesperson,Shop & Save Spectacular,1506796.72,542,2780.07,502.76,4990.91
In-Store Regular,Salesperson,Smart Shopper Week,1243648.40,462,2691.88,521.96,4992.18
In-Store Regular,Salesperson,Spring Refresh Event,1541657.29,536,2876.23,508.56,4983.41
In-Store Regular,Salesperson,Spring Splash Discounts,1455733.53,505,2882.64,501.80,4973.04
In-Store Regular,Salesperson,Summer Sizzle Promo,1421880.77,513,2771.70,502.54,4961.44
In-Store Regular,Salesperson,Super Savings Week,1442596.07,532,2711.65,501.50,4957.76
In-Store Regular,Salesperson,Ultimate Value Event,1391454.19,495,2811.02,523.68,4995.70
In-Store Regular,Salesperson,VIP Access Sale,1304180.69,486,2683.50,516.62,4988.78
In-Store Regular,Salesperson,Weekend Warrior Specials,1412170.18,511,2763.54,515.36,4997.30
In-Store Regular,Salesperson,Winter Clearance Carnival,1334318.02,468,2851.11,522.93,4999.77
In-Store Regular,Salesperson,Winter Wonders Sale,1429581.93,519,2754.49,510.35,4988.50
In-Store Regular,Senior Salesperson,12 Days of Deals,1289011.30,453,2845.50,501.08,4998.58
In-Store Regular,Senior Salesperson,Autumn Deals Drive,1266185.06,465,2722.98,511.09,4999.09
In-Store Regular,Senior Salesperson,BOGO Blitz,1337028.11,462,2894.00,517.35,4997.96
In-Store Regular,Senior Salesperson,Back to School Boost,1154824.06,426,2710.85,526.24,4978.66
In-Store Regular,Senior Salesperson,Birthday Bash Sale,1320230.58,477,2767.78,523.23,4987.56
In-Store Regular,Senior Salesperson,Black Friday Blowout,1303208.69,490,2659.61,500.74,4991.85
In-Store Regular,Senior Salesperson,Cart Crasher Campaign,1368965.27,483,2834.30,511.13,4979.28
In-Store Regular,Senior Salesperson,Cashback Carnival,1214719.51,456,2663.86,505.82,4996.22
In-Store Regular,Senior Salesperson,Clearance Countdown,1151602.97,433,2659.59,539.57,4993.56
In-Store Regular,Senior Salesperson,Countdown to Savings,1135273.36,422,2690.22,515.96,4994.85
In-Store Regular,Senior Salesperson,Customer Appreciation Week,1217340.58,441,2760.41,513.44,4993.43
In-Store Regular,Senior Salesperson,Cyber Monday Mania,1141782.84,429,2661.50,507.95,4985.88
In-Store Regular,Senior Salesperson,Deal of the Month,1188438.29,435,2732.04,502.82,4992.29
In-Store Regular,Senior Salesperson,Double Points Bonanza,1259440.54,456,2761.93,514.40,4999.96
In-Store Regular,Senior Salesperson,Early Bird Specials,1207900.01,448,2696.21,505.07,4999.11
In-Store Regular,Senior Salesperson,End of Season Sale,1196388.41,436,2744.01,502.83,4998.37
In-Store Regular,Senior Salesperson,Exclusive Insider Offers,1244047.87,449,2770.71,504.09,4999.96
In-Store Regular,Senior Salesperson,Festive Fever Promo,1284858.30,458,2805.37,503.23,4999.21
In-Store Regular,Senior Salesperson,Final Call Frenzy,1219318.25,432,2822.50,534.98,4985.81
In-Store Regular,Senior Salesperson,Flash Frenzy Friday,1256162.58,459,2736.74,504.49,4995.77
In-Store Regular,Senior Salesperson,"Gift More, Spend Less",1203636.18,452,2662.91,515.74,4953.02
In-Store Regular,Senior Salesperson,Golden Hour Bargains,1265314.67,465,2721.11,504.64,4990.16
In-Store Regular,Senior Salesperson,Green Weekend Deals,1342527.51,477,2814.52,507.12,4999.53
In-Store Regular,Senior Salesperson,Happy Hour Discounts,1236563.97,445,2778.80,519.18,4975.91
In-Store Regular,Senior Salesperson,Holiday Shopping Rush,1219485.28,449,2716.00,500.69,4977.97
In-Store Regular,Senior Salesperson,Hot Picks Promo,1287300.80,463,2780.35,509.80,4989.96
In-Store Regular,Senior Salesperson,Instant Gratification Sale,1320175.41,462,2857.52,500.03,4982.10
In-Store Regular,Senior Salesperson,Limited Time Treasures,1228274.78,447,2747.82,503.33,4993.71
In-Store Regular,Senior Salesperson,Loyalty Rewards Blast,1254540.92,460,2727.26,501.97,4977.77
In-Store Regular,Senior Salesperson,Mega Weekend Bonanza,1280581.56,463,2765.83,516.08,4997.10
In-Store Regular,Senior Salesperson,Mid-Year Madness,1184315.59,423,2799.80,563.42,4997.59
In-Store Regular,Senior Salesperson,Midnight Madness,1270808.48,449,2830.31,520.52,4984.38
In-Store Regular,Senior Salesperson,Mystery Discount Days,1316826.39,455,2894.12,503.39,4977.60
In-Store Regular,Senior Salesperson,New Arrival Showcase,1177563.69,419,2810.41,518.13,4995.95
In-Store Regular,Senior Salesperson,New Product Launch Promo,1269201.61,468,2711.97,513.88,4984.56
In-Store Regular,Senior Salesperson,New Year Kickoff,1305509.18,460,2838.06,528.73,4989.93
In-Store Regular,Senior Salesperson,Price Drop Parade,1217046.10,430,2830.34,500.06,4995.16
In-Store Regular,Senior Salesperson,Red Tag Clearance,1353027.97,486,2784.01,503.76,4994.41
In-Store Regular,Senior Salesperson,Seasonal Surprise Box,1274473.38,455,2801.04,507.72,4964.31
In-Store Regular,Senior Salesperson,Shop & Save Spectacular,1259537.24,452,2786.59,502.23,4977.47
In-Store Regular,Senior Salesperson,Smart Shopper Week,1368280.97,491,2786.72,513.30,4986.27
In-Store Regular,Senior Salesperson,Spring Refresh Event,1150257.33,425,2706.49,521.35,4998.45
In-Store Regular,Senior Salesperson,Spring Splash Discounts,1165787.58,427,2730.18,502.90,4991.56
In-Store Regular,Senior Salesperson,Summer Sizzle Promo,1187080.17,433,2741.52,517.05,4993.62
In-Store Regular,Senior Salesperson,Super Savings Week,1210745.08,459,2637.79,514.36,4996.48
In-Store Regular,Senior Salesperson,Ultimate Value Event,1271041.90,456,2787.37,501.78,4998.73
In-Store Regular,Senior Salesperson,VIP Access Sale,1333434.06,479,2783.79,505.73,4997.93
In-Store Regular,Senior Salesperson,Weekend Warrior Specials,1268445.71,485,2615.35,509.62,4993.90
In-Store Regular,Senior Salesperson,Winter Clearance Carnival,1312591.25,464,2828.86,504.68,4995.10
In-Store Regular,Senior Salesperson,Winter Wonders Sale,1270296.68,484,2624.58,513.51,4986.53
Loyal Customer,Manager,12 Days of Deals,1397617.50,505,2767.56,504.41,4999.32
Loyal Customer,Manager,Autumn Deals Drive,1385339.83,518,2674.40,523.84,4994.25
Loyal Customer,Manager,BOGO Blitz,1593423.02,564,2825.22,506.08,4999.75
Loyal Customer,Manager,Back to School Boost,1398140.06,533,2623.15,528.66,4996.96
Loyal Customer,Manager,Birthday Bash Sale,1316683.82,490,2687.11,500.20,4999.34
Loyal Customer,Manager,Black Friday Blowout,1333032.64,491,2714.93,525.43,4962.35
Loyal Customer,Manager,Cart Crasher Campaign,1426413.41,526,2711.81,517.43,4969.32
Loyal Customer,Manager,Cashback Carnival,1242598.65,449,2767.48,518.86,4997.90
Loyal Customer,Manager,Clearance Countdown,1396612.70,539,2591.12,500.08,4993.94
Loyal Customer,Manager,Countdown to Savings,1591050.05,569,2796.22,507.32,4979.44
Loyal Customer,Manager,Customer Appreciation Week,1378170.58,503,2739.90,510.46,4983.41
Loyal Customer,Manager,Cyber Monday Mania,1363774.93,499,2733.02,517.23,4994.22
Loyal Customer,Manager,Deal of the Month,1263974.62,464,2724.08,500.90,4998.97
Loyal Customer,Manager,Double Points Bonanza,1353233.26,506,2674.37,512.55,4976.69
Loyal Customer,Manager,Early Bird Specials,1485789.18,542,2741.31,502.97,4996.61
Loyal Customer,Manager,End of Season Sale,1318866.15,480,2747.64,500.37,4993.60
Loyal Customer,Manager,Exclusive Insider Offers,1375433.63,493,2789.93,516.17,4995.77
Loyal Customer,Manager,Festive Fever Promo,1354052.33,504,2686.61,508.28,4982.65
Loyal Customer,Manager,Final Call Frenzy,1382193.40,506,2731.61,501.47,4987.28
Loyal Customer,Manager,Flash Frenzy Friday,1415466.42,523,2706.44,503.14,4985.68
Loyal Customer,Manager,"Gift More, Spend Less",1315445.55,474,2775.20,503.15,4997.42
Loyal Customer,Manager,Golden Hour Bargains,1295028.47,477,2714.94,509.01,4995.77
Loyal Customer,Manager,Green Weekend Deals,1277339.40,469,2723.54,522.76,4995.36
Loyal Customer,Manager,Happy Hour Discounts,1365787.40,503,2715.28,542.86,4962.42
Loyal Customer,Manager,Holiday Shopping Rush,1288272.66,464,2776.45,534.28,4996.20
Loyal Customer,Manager,Hot Picks Promo,1463927.64,538,2721.06,502.22,4997.69
Loyal Customer,Manager,Instant Gratification Sale,1442887.25,535,2696.99,504.46,4996.19
Loyal Customer,Manager,Limited Time Treasures,1321600.12,499,2648.50,511.62,4984.23
Loyal Customer,Manager,Loyalty Rewards Blast,1408745.46,523,2693.59,506.20,4994.77
Loyal Customer,Manager,Mega Weekend Bonanza,1318014.48,483,2728.81,517.92,4999.15
Loyal Customer,Manager,Mid-Year Madness,1350713.35,489,2762.19,517.65,4998.26
Loyal Customer,Manager,Midnight Madness,1471887.45,545,2700.71,536.86,4995.53
Loyal Customer,Manager,Mystery Discount Days,1409829.63,506,2786.22,506.69,4990.54
Loyal Customer,Manager,New Arrival Showcase,1486251.86,525,2830.96,511.56,4996.94
Loyal Customer,Manager,New Product Launch Promo,1420377.57,508,2796.02,512.05,4998.56
Loyal Customer,Manager,New Year Kickoff,1328006.67,484,2743.82,517.20,4988.70
Loyal Customer,Manager,Price Drop Parade,1378134.80,495,2784.11,500.50,4989.65
Loyal Customer,Manager,Red Tag Clearance,1375008.92,489,2811.88,510.52,4991.35
Loyal Customer,Manager,Seasonal Surprise Box,1355164.04,498,2721.21,501.30,4990.80
Loyal Customer,Manager,Shop & Save Spectacular,1448253.46,514,2817.61,507.87,4997.54
Loyal Customer,Manager,Smart Shopper Week,1310256.37,475,2758.43,500.56,4999.40
Loyal Customer,Manager,Spring Refresh Event,1416943.52,505,2805.83,509.43,4997.36
Loyal Customer,Manager,Spring Splash Discounts,1319317.77,482,2737.17,510.27,4999.83
Loyal Customer,Manager,Summer Sizzle Promo,1452524.99,511,2842.51,504.80,4987.70
Loyal Customer,Manager,Super Savings Week,1278304.26,480,2663.13,514.08,4993.53
Loyal Customer,Manager,Ultimate Value Event,1365030.71,503,2713.78,501.61,4999.80
Loyal Customer,Manager,VIP Access Sale,1427607.79,509,2804.73,508.66,4994.22
Loyal Customer,Manager,Weekend Warrior Specials,1346684.59,496,2715.09,501.07,4998.83
Loyal Customer,Manager,Winter Clearance Carnival,1236073.23,451,2740.74,517.16,4990.51
Loyal Customer,Manager,Winter Wonders Sale,1378882.31,512,2693.13,502.50,4993.15
Loyal Customer,Sales Associate,12 Days of Deals,1448996.52,533,2718.57,512.19,4998.04
Loyal Customer,Sales Associate,Autumn Deals Drive,1479517.63,541,2734.78,522.24,4992.02
Loyal Customer,Sales Associate,BOGO Blitz,1346848.22,501,2688.32,511.61,4998.71
Loyal Customer,Sales Associate,Back to School Boost,1357113.24,518,2619.91,519.59,4971.31
Loyal Customer,Sales Associate,Birthday Bash Sale,1406289.40,502,2801.37,500.58,4998.00
Loyal Customer,Sales Associate,Black Friday Blowout,1360218.31,500,2720.44,550.90,4999.69
Loyal Customer,Sales Associate,Cart Crasher Campaign,1321392.09,489,2702.23,508.00,4995.09
Loyal Customer,Sales Associate,Cashback Carnival,1425922.85,522,2731.65,504.12,4990.25
Loyal Customer,Sales Associate,Clearance Countdown,1543343.07,557,2770.81,513.98,4990.06
Loyal Customer,Sales Associate,Countdown to Savings,1516137.82,539,2812.87,508.05,4999.16
Loyal Customer,Sales Associate,Customer Appreciation Week,1419201.36,518,2739.77,508.42,4997.65
Loyal Customer,Sales Associate,Cyber Monday Mania,1471983.62,529,2782.58,504.57,4984.72
Loyal Customer,Sales Associate,Deal of the Month,1472711.08,532,2768.25,500.38,4991.67
Loyal Customer,Sales Associate,Double Points Bonanza,1565293.31,566,2765.54,506.41,4998.97
Loyal Customer,Sales Associate,Early Bird Specials,1463164.08,519,2819.20,503.37,4997.79
Loyal Customer,Sales Associate,End of Season Sale,1428264.18,514,2778.72,504.34,4983.79
Loyal Customer,Sales Associate,Exclusive Insider Offers,1567255.51,575,2725.66,503.34,4998.93
Loyal Customer,Sales Associate,Festive Fever Promo,1439765.21,518,2779.47,506.65,4991.54
Loyal Customer,Sales Associate,Final Call Frenzy,1386137.10,507,2734.00,504.31,4980.69
Loyal Customer,Sales Associate,Flash Frenzy Friday,1393690.37,516,2700.95,509.18,4989.81
Loyal Customer,Sales Associate,"Gift More, Spend Less",1440087.39,513,2807.19,506.16,4997.34
Loyal Customer,Sales Associate,Golden Hour Bargains,1525522.16,540,2825.04,501.59,4990.85
Loyal Customer,Sales Associate,Green Weekend Deals,1377914.38,515,2675.56,503.85,4994.05
Loyal Customer,Sales Associate,Happy Hour Discounts,1390727.41,511,2721.58,501.29,4996.65
Loyal Customer,Sales Associate,Holiday Shopping Rush,1518106.03,538,2821.76,500.68,4992.01
Loyal Customer,Sales Associate,Hot Picks Promo,1470716.63,548,2683.79,510.77,4997.12
Loyal Customer,Sales Associate,Instant Gratification Sale,1552308.81,554,2802.00,501.41,4987.32
Loyal Customer,Sales Associate,Limited Time Treasures,1487770.52,537,2770.52,529.45,4999.73
Loyal Customer,Sales Associate,Loyalty Rewards Blast,1439580.51,519,2773.76,504.89,4985.68
Loyal Customer,Sales Associate,Mega Weekend Bonanza,1401035.42,507,2763.38,531.18,4995.44
Loyal Customer,Sales Associate,Mid-Year Madness,1513855.65,529,2861.73,504.23,4994.31
Loyal Customer,Sales Associate,Midnight Madness,1497325.55,525,2852.05,503.86,4995.25
Loyal Customer,Sales Associate,Mystery Discount Days,1457733.58,533,2734.96,525.60,4999.85
Loyal Customer,Sales Associate,New Arrival Showcase,1531609.63,547,2800.02,512.30,4998.09
Loyal Customer,Sales Associate,New Product Launch Promo,1503120.48,543,2768.18,507.93,4997.47
Loyal Customer,Sales Associate,New Year Kickoff,1372445.00,526,2609.21,504.68,4994.72
Loyal Customer,Sales Associate,Price Drop Parade,1406317.44,533,2638.49,505.17,4998.12
Loyal Customer,Sales Associate,Red Tag Clearance,1412931.42,509,2775.90,514.32,4990.32
Loyal Customer,Sales Associate,Seasonal Surprise Box,1380945.23,513,2691.90,511.24,4998.58
Loyal Customer,Sales Associate,Shop & Save Spectacular,1472357.39,510,2886.98,500.18,4996.07
Loyal Customer,Sales Associate,Smart Shopper Week,1454808.18,533,2729.47,511.85,4998.20
Loyal Customer,Sales Associate,Spring Refresh Event,1418310.84,520,2727.52,513.21,4995.73
Loyal Customer,Sales Associate,Spring Splash Discounts,1443286.91,526,2743.89,506.84,4992.00
Loyal Customer,Sales Associate,Summer Sizzle Promo,1529549.17,550,2781.00,506.96,4982.47
Loyal Customer,Sales Associate,Super Savings Week,1595205.16,559,2853.68,513.38,4998.75
Loyal Customer,Sales Associate,Ultimate Value Event,1423703.84,510,2791.58,501.69,4990.67
Loyal Customer,Sales Associate,VIP Access Sale,1389676.25,499,2784.92,519.00,4971.16
Loyal Customer,Sales Associate,Weekend Warrior Specials,1486970.79,533,2789.81,504.05,4993.77
Loyal Customer,Sales Associate,Winter Clearance Carnival,1541144.46,547,2817.45,509.43,4996.11
Loyal Customer,Sales Associate,Winter Wonders Sale,1353798.95,512,2644.14,501.94,4965.24
Loyal Customer,Salesperson,12 Days of Deals,1329033.78,489,2717.86,508.44,4978.63
Loyal Customer,Salesperson,Autumn Deals Drive,1411203.21,525,2688.01,500.76,4997.04
Loyal Customer,Salesperson,BOGO Blitz,1381609.11,513,2693.20,508.28,4998.67
Loyal Customer,Salesperson,Back to School Boost,1412814.49,520,2716.95,522.55,4973.63
Loyal Customer,Salesperson,Birthday Bash Sale,1500317.30,523,2868.68,502.19,4998.56
Loyal Customer,Salesperson,Black Friday Blowout,1371838.37,496,2765.80,508.77,4999.91
Loyal Customer,Salesperson,Cart Crasher Campaign,1449243.26,528,2744.78,510.35,4986.87
Loyal Customer,Salesperson,Cashback Carnival,1345324.11,492,2734.40,509.05,4992.77
Loyal Customer,Salesperson,Clearance Countdown,1594528.93,557,2862.71,527.22,4979.48
Loyal Customer,Salesperson,Countdown to Savings,1375936.31,502,2740.91,509.66,4968.95
Loyal Customer,Salesperson,Customer Appreciation Week,1519961.05,550,2763.57,533.46,4994.15
Loyal Customer,Salesperson,Cyber Monday Mania,1595581.35,577,2765.31,504.82,4999.50
Loyal Customer,Salesperson,Deal of the Month,1439382.08,529,2720.95,503.70,4997.12
Loyal Customer,Salesperson,Double Points Bonanza,1278654.18,481,2658.32,508.58,4997.23
Loyal Customer,Salesperson,Early Bird Specials,1384458.18,510,2714.62,507.63,4986.96
Loyal Customer,Salesperson,End of Season Sale,1348907.25,480,2810.22,503.57,4997.29
Loyal Customer,Salesperson,Exclusive Insider Offers,1466073.34,527,2781.92,520.02,4997.09
Loyal Customer,Salesperson,Festive Fever Promo,1440442.89,543,2652.75,502.80,4986.51
Loyal Customer,Salesperson,Final Call Frenzy,1483739.39,539,2752.76,503.00,4992.74
Loyal Customer,Salesperson,Flash Frenzy Friday,1348264.70,481,2803.05,506.08,4998.23
Loyal Customer,Salesperson,"Gift More, Spend Less",1379240.13,523,2637.17,501.94,4993.14
Loyal Customer,Salesperson,Golden Hour Bargains,1473891.10,519,2839.87,504.46,4993.31
Loyal Customer,Salesperson,Green Weekend Deals,1475175.26,525,2809.86,503.53,4997.02
Loyal Customer,Salesperson,Happy Hour Discounts,1372118.11,505,2717.07,516.34,4971.80
Loyal Customer,Salesperson,Holiday Shopping Rush,1302007.89,491,2651.75,525.33,4960.18
Loyal Customer,Salesperson,Hot Picks Promo,1497391.58,524,2857.62,505.53,4978.45
Loyal Customer,Salesperson,Instant Gratification Sale,1364990.04,490,2785.69,503.24,4976.23
Loyal Customer,Salesperson,Limited Time Treasures,1317281.37,476,2767.40,515.91,4994.63
Loyal Customer,Salesperson,Loyalty Rewards Blast,1484781.27,530,2801.47,502.78,4993.48
Loyal Customer,Salesperson,Mega Weekend Bonanza,1513444.59,528,2866.37,504.97,4995.11
Loyal Customer,Salesperson,Mid-Year Madness,1404034.86,521,2694.88,509.20,4995.47
Loyal Customer,Salesperson,Midnight Madness,1459835.40,538,2713.45,500.50,4999.83
Loyal Customer,Salesperson,Mystery Discount Days,1344190.80,492,2732.10,509.66,4994.86
Loyal Customer,Salesperson,New Arrival Showcase,1381567.24,517,2672.28,502.12,4993.53
Loyal Customer,Salesperson,New Product Launch Promo,1384077.63,509,2719.21,509.55,4978.88
Loyal Customer,Salesperson,New Year Kickoff,1470551.35,539,2728.30,540.21,4944.73
Loyal Customer,Salesperson,Price Drop Parade,1455539.18,520,2799.11,511.87,4999.50
Loyal Customer,Salesperson,Red Tag Clearance,1389247.47,506,2745.55,502.12,4997.86
Loyal Customer,Salesperson,Seasonal Surprise Box,1395102.33,489,2852.97,501.63,4996.71
Loyal Customer,Salesperson,Shop & Save Spectacular,1477256.87,534,2766.40,502.74,4986.30
Loyal Customer,Salesperson,Smart Shopper Week,1415251.53,518,2732.15,544.34,4969.55
Loyal Customer,Salesperson,Spring Refresh Event,1493959.89,532,2808.20,511.23,4998.88
Loyal Customer,Salesperson,Spring Splash Discounts,1533750.94,546,2809.07,519.32,4998.87
Loyal Customer,Salesperson,Summer Sizzle Promo,1510871.41,539,2803.10,508.47,4977.21
Loyal Customer,Salesperson,Super Savings Week,1437706.89,520,2764.82,510.14,4990.35
Loyal Customer,Salesperson,Ultimate Value Event,1446388.26,517,2797.66,503.10,4970.94
Loyal Customer,Salesperson,VIP Access Sale,1542440.80,551,2799.35,507.72,4999.97
Loyal Customer,Salesperson,Weekend Warrior Specials,1548819.12,551,2810.92,530.97,4999.43
Loyal Customer,Salesperson,Winter Clearance Carnival,1492323.09,539,2768.69,503.87,4991.69
Loyal Customer,Salesperson,Winter Wonders Sale,1487767.91,539,2760.24,500.27,4998.39
Loyal Customer,Senior Salesperson,12 Days of Deals,1258542.07,475,2649.56,509.36,4992.13
Loyal Customer,Senior Salesperson,Autumn Deals Drive,1287465.76,453,2842.09,514.57,4998.96
Loyal Customer,Senior Salesperson,BOGO Blitz,1085258.26,395,2747.49,503.91,4989.26
Loyal Customer,Senior Salesperson,Back to School Boost,1263676.91,465,2717.58,505.29,4988.23
Loyal Customer,Senior Salesperson,Birthday Bash Sale,1343906.86,490,2742.67,528.92,4995.40
Loyal Customer,Senior Salesperson,Black Friday Blowout,1277293.78,460,2776.73,505.39,4999.22
Loyal Customer,Senior Salesperson,Cart Crasher Campaign,1161233.79,414,2804.91,508.66,4998.01
Loyal Customer,Senior Salesperson,Cashback Carnival,1249369.11,456,2739.84,505.38,4994.46
Loyal Customer,Senior Salesperson,Clearance Countdown,1221584.82,452,2702.62,542.46,4989.38
Loyal Customer,Senior Salesperson,Countdown to Savings,1137484.33,432,2633.07,510.44,4972.93
Loyal Customer,Senior Salesperson,Customer Appreciation Week,1247809.03,456,2736.42,503.78,4970.23
Loyal Customer,Senior Salesperson,Cyber Monday Mania,1147419.72,403,2847.20,501.43,4995.91
Loyal Customer,Senior Salesperson,Deal of the Month,1310437.35,480,2730.08,504.17,4985.37
Loyal Customer,Senior Salesperson,Double Points Bonanza,1286981.92,452,2847.31,502.33,4996.95
Loyal Customer,Senior Salesperson,Early Bird Specials,1191475.18,427,2790.34,521.99,4994.19
Loyal Customer,Senior Salesperson,End of Season Sale,1224012.49,429,2853.18,511.75,4972.03
Loyal Customer,Senior Salesperson,Exclusive Insider Offers,1273803.50,451,2824.40,502.99,4980.47
Loyal Customer,Senior Salesperson,Festive Fever Promo,1260673.64,463,2722.84,517.52,4992.90
Loyal Customer,Senior Salesperson,Final Call Frenzy,1267111.55,456,2778.75,510.60,4965.52
Loyal Customer,Senior Salesperson,Flash Frenzy Friday,1229857.63,436,2820.77,512.53,4995.53
Loyal Customer,Senior Salesperson,"Gift More, Spend Less",1275500.24,460,2772.83,516.96,4985.21
Loyal Customer,Senior Salesperson,Golden Hour Bargains,1218643.56,435,2801.48,501.07,4987.94
Loyal Customer,Senior Salesperson,Green Weekend Deals,1294015.65,482,2684.68,503.96,4954.03
Loyal Customer,Senior Salesperson,Happy Hour Discounts,1290625.31,467,2763.65,511.00,4989.58
Loyal Customer,Senior Salesperson,Holiday Shopping Rush,1296014.73,474,2734.21,501.38,4996.42
Loyal Customer,Senior Salesperson,Hot Picks Promo,1359930.71,483,2815.59,501.49,4999.96
Loyal Customer,Senior Salesperson,Instant Gratification Sale,1204397.89,442,2724.88,546.84,4995.76
Loyal Customer,Senior Salesperson,Limited Time Treasures,1333447.52,474,2813.18,500.84,4987.77
Loyal Customer,Senior Salesperson,Loyalty Rewards Blast,1252969.90,456,2747.74,501.80,4968.42
Loyal Customer,Senior Salesperson,Mega Weekend Bonanza,1265371.70,457,2768.87,542.91,4996.49
Loyal Customer,Senior Salesperson,Mid-Year Madness,1263548.93,439,2878.24,500.32,4997.51
Loyal Customer,Senior Salesperson,Midnight Madness,1210148.83,440,2750.34,510.11,4997.26
Loyal Customer,Senior Salesperson,Mystery Discount Days,1316284.16,475,2771.12,503.05,4993.88
Loyal Customer,Senior Salesperson,New Arrival Showcase,1166882.23,434,2688.67,500.17,4990.33
Loyal Customer,Senior Salesperson,New Product Launch Promo,1217469.65,440,2766.98,512.28,4993.37
Loyal Customer,Senior Salesperson,New Year Kickoff,1171885.04,418,2803.55,505.95,4981.24
Loyal Customer,Senior Salesperson,Price Drop Parade,1266017.68,456,2776.35,506.33,4999.68
Loyal Customer,Senior Salesperson,Red Tag Clearance,1218400.36,442,2756.56,505.74,4990.05
Loyal Customer,Senior Salesperson,Seasonal Surprise Box,1286499.47,473,2719.87,503.60,4997.09
Loyal Customer,Senior Salesperson,Shop & Save Spectacular,1169114.31,420,2783.61,501.58,4992.80
Loyal Customer,Senior Salesperson,Smart Shopper Week,1248806.46,451,2768.97,517.75,4988.46
Loyal Customer,Senior Salesperson,Spring Refresh Event,1300196.39,465,2796.12,525.59,4997.33
Loyal Customer,Senior Salesperson,Spring Splash Discounts,1378491.12,497,2773.62,507.14,4988.90
Loyal Customer,Senior Salesperson,Summer Sizzle Promo,1352409.60,493,2743.22,501.65,4998.66
Loyal Customer,Senior Salesperson,Super Savings Week,1222009.59,443,2758.49,523.93,4998.42
Loyal Customer,Senior Salesperson,Ultimate Value Event,1159888.87,425,2729.15,505.43,4996.03
Loyal Customer,Senior Salesperson,VIP Access Sale,1176146.83,432,2722.56,523.97,4999.89
Loyal Customer,Senior Salesperson,Weekend Warrior Specials,1207994.10,444,2720.71,503.07,4988.19
Loyal Customer,Senior Salesperson,Winter Clearance Carnival,1230351.42,453,2716.01,505.00,4991.60
Loyal Customer,Senior Salesperson,Winter Wonders Sale,1213545.11,458,2649.66,535.31,4962.23
Occasional Shopper,Manager,12 Days of Deals,1273435.92,471,2703.69,508.94,4984.06
Occasional Shopper,Manager,Autumn Deals Drive,1355537.17,508,2668.38,500.33,4999.75
Occasional Shopper,Manager,BOGO Blitz,1360724.02,510,2668.09,535.51,4997.06
Occasional Shopper,Manager,Back to School Boost,1339649.64,500,2679.30,505.89,4985.54
Occasional Shopper,Manager,Birthday Bash Sale,1347435.49,485,2778.22,510.21,4993.71
Occasional Shopper,Manager,Black Friday Blowout,1371912.55,514,2669.09,506.66,4996.79
Occasional Shopper,Manager,Cart Crasher Campaign,1413154.76,533,2651.32,509.00,4956.43
Occasional Shopper,Manager,Cashback Carnival,1478546.37,539,2743.13,504.64,4993.29
Occasional Shopper,Manager,Clearance Countdown,1316003.34,489,2691.21,501.38,4991.97
Occasional Shopper,Manager,Countdown to Savings,1277141.36,485,2633.28,502.59,4996.52
Occasional Shopper,Manager,Customer Appreciation Week,1523090.42,530,2873.76,531.59,4997.34
Occasional Shopper,Manager,Cyber Monday Mania,1385424.37,505,2743.41,502.61,4999.05
Occasional Shopper,Manager,Deal of the Month,1358893.33,503,2701.58,509.93,4974.48
Occasional Shopper,Manager,Double Points Bonanza,1268388.90,468,2710.23,500.57,4999.60
Occasional Shopper,Manager,Early Bird Specials,1328799.76,502,2647.01,500.89,4995.57
Occasional Shopper,Manager,End of Season Sale,1437216.98,532,2701.54,506.38,4992.97
Occasional Shopper,Manager,Exclusive Insider Offers,1326580.17,484,2740.87,530.98,4996.28
Occasional Shopper,Manager,Festive Fever Promo,1336902.96,493,2711.77,503.81,4958.72
Occasional Shopper,Manager,Final Call Frenzy,1248006.43,479,2605.44,512.06,4994.28
Occasional Shopper,Manager,Flash Frenzy Friday,1395621.13,514,2715.22,505.72,4987.91
Occasional Shopper,Manager,"Gift More, Spend Less",1392178.03,507,2745.91,513.65,4969.21
Occasional Shopper,Manager,Golden Hour Bargains,1502050.46,531,2828.72,519.85,4999.31
Occasional Shopper,Manager,Green Weekend Deals,1401142.92,506,2769.06,505.65,4997.45
Occasional Shopper,Manager,Happy Hour Discounts,1227202.57,452,2715.05,501.84,4979.68
Occasional Shopper,Manager,Holiday Shopping Rush,1285839.06,484,2656.69,501.14,4989.18
Occasional Shopper,Manager,Hot Picks Promo,1351629.90,498,2714.12,502.08,4967.12
Occasional Shopper,Manager,Instant Gratification Sale,1444030.81,531,2719.46,507.03,4985.75
Occasional Shopper,Manager,Limited Time Treasures,1403989.87,519,2705.18,505.55,4983.32
Occasional Shopper,Manager,Loyalty Rewards Blast,1389916.31,501,2774.28,505.77,4967.54
Occasional Shopper,Manager,Mega Weekend Bonanza,1497086.19,542,2762.15,503.69,4973.58
Occasional Shopper,Manager,Mid-Year Madness,1493456.48,534,2796.73,517.53,4996.93
Occasional Shopper,Manager,Midnight Madness,1330403.75,465,2861.08,554.61,4998.42
Occasional Shopper,Manager,Mystery Discount Days,1280800.71,465,2754.41,508.73,4987.89
Occasional Shopper,Manager,New Arrival Showcase,1418552.50,534,2656.47,517.92,4997.96
Occasional Shopper,Manager,New Product Launch Promo,1458888.93,535,2726.90,503.65,4998.84
Occasional Shopper,Manager,New Year Kickoff,1436348.65,512,2805.37,528.09,4996.56
Occasional Shopper,Manager,Price Drop Parade,1336958.09,485,2756.61,500.07,4987.17
Occasional Shopper,Manager,Red Tag Clearance,1464559.90,510,2871.69,512.99,4995.28
Occasional Shopper,Manager,Seasonal Surprise Box,1357499.90,509,2666.99,500.56,4994.59
Occasional Shopper,Manager,Shop & Save Spectacular,1522767.59,541,2814.73,503.87,4981.91
Occasional Shopper,Manager,Smart Shopper Week,1363409.04,499,2732.28,514.39,4990.50
Occasional Shopper,Manager,Spring Refresh Event,1349019.66,487,2770.06,517.25,4993.39
Occasional Shopper,Manager,Spring Splash Discounts,1422466.25,525,2709.46,504.61,4993.32
Occasional Shopper,Manager,Summer Sizzle Promo,1241453.48,453,2740.52,507.16,4973.85
Occasional Shopper,Manager,Super Savings Week,1402246.13,515,2722.81,500.28,4983.91
Occasional Shopper,Manager,Ultimate Value Event,1281647.68,480,2670.10,513.09,4996.74
Occasional Shopper,Manager,VIP Access Sale,1506679.61,532,2832.10,546.86,4998.87
Occasional Shopper,Manager,Weekend Warrior Specials,1328204.65,492,2699.60,501.32,4996.60
Occasional Shopper,Manager,Winter Clearance Carnival,1358281.44,485,2800.58,508.42,4994.03
Occasional Shopper,Manager,Winter Wonders Sale,1367445.25,500,2734.89,507.20,4989.20
Occasional Shopper,Sales Associate,12 Days of Deals,1441654.67,525,2746.01,515.25,4979.95
Occasional Shopper,Sales Associate,Autumn Deals Drive,1546027.41,572,2702.85,536.74,4993.48
Occasional Shopper,Sales Associate,BOGO Blitz,1446898.84,522,2771.84,508.21,4972.69
Occasional Shopper,Sales Associate,Back to School Boost,1456613.82,532,2738.00,506.56,4986.61
Occasional Shopper,Sales Associate,Birthday Bash Sale,1497557.76,548,2732.77,501.84,4994.15
Occasional Shopper,Sales Associate,Black Friday Blowout,1497140.24,543,2757.16,513.30,4998.22
Occasional Shopper,Sales Associate,Cart Crasher Campaign,1491837.29,538,2772.93,503.17,4998.18
Occasional Shopper,Sales Associate,Cashback Carnival,1494415.74,540,2767.44,500.39,4994.18
Occasional Shopper,Sales Associate,Clearance Countdown,1537943.25,562,2736.55,501.49,4992.47
Occasional Shopper,Sales Associate,Countdown to Savings,1457427.86,517,2819.01,520.57,4994.99
Occasional Shopper,Sales Associate,Customer Appreciation Week,1505669.18,535,2814.33,507.61,4990.33
Occasional Shopper,Sales Associate,Cyber Monday Mania,1345255.28,482,2790.99,508.49,4995.39
Occasional Shopper,Sales Associate,Deal of the Month,1528303.28,553,2763.66,503.87,4997.93
Occasional Shopper,Sales Associate,Double Points Bonanza,1465350.25,534,2744.10,514.98,4967.38
Occasional Shopper,Sales Associate,Early Bird Specials,1398433.15,514,2720.69,519.87,4996.45
Occasional Shopper,Sales Associate,End of Season Sale,1499341.65,536,2797.28,501.39,4998.09
Occasional Shopper,Sales Associate,Exclusive Insider Offers,1513095.56,551,2746.09,501.94,4998.02
Occasional Shopper,Sales Associate,Festive Fever Promo,1443300.82,515,2802.53,511.83,4996.22
Occasional Shopper,Sales Associate,Final Call Frenzy,1497132.96,541,2767.34,501.74,4996.83
Occasional Shopper,Sales Associate,Flash Frenzy Friday,1569251.90,559,2807.25,508.18,4997.67
Occasional Shopper,Sales Associate,"Gift More, Spend Less",1501833.19,554,2710.89,505.11,4973.12
Occasional Shopper,Sales Associate,Golden Hour Bargains,1472444.56,529,2783.45,518.50,4983.47
Occasional Shopper,Sales Associate,Green Weekend Deals,1480494.11,545,2716.50,504.95,4996.09
Occasional Shopper,Sales Associate,Happy Hour Discounts,1446243.08,531,2723.62,501.89,4995.33
Occasional Shopper,Sales Associate,Holiday Shopping Rush,1424061.28,512,2781.37,511.70,4987.85
Occasional Shopper,Sales Associate,Hot Picks Promo,1338551.35,494,2709.62,511.52,4982.25
Occasional Shopper,Sales Associate,Instant Gratification Sale,1426193.25,513,2780.10,517.51,4998.19
Occasional Shopper,Sales Associate,Limited Time Treasures,1600617.16,564,2837.97,516.28,4986.24
Occasional Shopper,Sales Associate,Loyalty Rewards Blast,1437527.64,513,2802.20,515.85,4979.62
Occasional Shopper,Sales Associate,Mega Weekend Bonanza,1390242.93,498,2791.65,517.38,4981.69
Occasional Shopper,Sales Associate,Mid-Year Madness,1446458.65,543,2663.83,512.74,4983.50
Occasional Shopper,Sales Associate,Midnight Madness,1502354.31,541,2777.00,501.59,4987.14
Occasional Shopper,Sales Associate,Mystery Discount Days,1461390.00,547,2671.65,506.37,4994.20
Occasional Shopper,Sales Associate,New Arrival Showcase,1501726.72,539,2786.13,521.56,4988.35
Occasional Shopper,Sales Associate,New Product Launch Promo,1442959.80,516,2796.43,519.16,4989.97
Occasional Shopper,Sales Associate,New Year Kickoff,1520027.85,544,2794.17,503.74,4999.63
Occasional Shopper,Sales Associate,Price Drop Parade,1476445.37,531,2780.50,521.09,4985.41
Occasional Shopper,Sales Associate,Red Tag Clearance,1553833.12,549,2830.30,504.14,4989.66
Occasional Shopper,Sales Associate,Seasonal Surprise Box,1588056.77,560,2835.82,502.27,4984.81
Occasional Shopper,Sales Associate,Shop & Save Spectacular,1449659.80,519,2793.18,507.72,4986.55
Occasional Shopper,Sales Associate,Smart Shopper Week,1486601.84,538,2763.20,501.31,4988.05
Occasional Shopper,Sales Associate,Spring Refresh Event,1496248.29,549,2725.41,503.69,4991.30
Occasional Shopper,Sales Associate,Spring Splash Discounts,1514311.35,555,2728.49,525.62,4999.44
Occasional Shopper,Sales Associate,Summer Sizzle Promo,1482959.71,544,2726.03,504.99,4998.50
Occasional Shopper,Sales Associate,Super Savings Week,1331145.97,492,2705.58,502.78,4998.86
Occasional Shopper,Sales Associate,Ultimate Value Event,1474401.27,530,2781.89,502.59,4997.53
Occasional Shopper,Sales Associate,VIP Access Sale,1493735.58,531,2813.06,506.30,4995.20
Occasional Shopper,Sales Associate,Weekend Warrior Specials,1525206.37,561,2718.73,533.47,4986.14
Occasional Shopper,Sales Associate,Winter Clearance Carnival,1453016.32,533,2726.11,501.25,4988.00
Occasional Shopper,Sales Associate,Winter Wonders Sale,1350162.73,497,2716.63,507.73,4991.15
Occasional Shopper,Salesperson,12 Days of Deals,1441616.04,535,2694.61,505.19,4974.60
Occasional Shopper,Salesperson,Autumn Deals Drive,1469115.37,514,2858.20,518.79,4997.95
Occasional Shopper,Salesperson,BOGO Blitz,1479742.57,530,2791.97,515.56,4993.38
Occasional Shopper,Salesperson,Back to School Boost,1405974.90,508,2767.67,500.09,4966.99
Occasional Shopper,Salesperson,Birthday Bash Sale,1335505.93,499,2676.36,521.57,4991.03
Occasional Shopper,Salesperson,Black Friday Blowout,1402625.20,522,2687.02,507.45,4999.65
Occasional Shopper,Salesperson,Cart Crasher Campaign,1428448.83,526,2715.68,504.51,4993.76
Occasional Shopper,Salesperson,Cashback Carnival,1428633.42,535,2670.34,500.92,4992.74
Occasional Shopper,Salesperson,Clearance Countdown,1400005.88,510,2745.11,519.11,4992.48
Occasional Shopper,Salesperson,Countdown to Savings,1452486.29,542,2679.86,500.91,4998.03
Occasional Shopper,Salesperson,Customer Appreciation Week,1386151.06,525,2640.29,510.90,4997.51
Occasional Shopper,Salesperson,Cyber Monday Mania,1559700.06,562,2775.27,520.22,4996.97
Occasional Shopper,Salesperson,Deal of the Month,1361792.53,505,2696.62,516.92,4992.33
Occasional Shopper,Salesperson,Double Points Bonanza,1444948.54,526,2747.05,516.41,4996.75
Occasional Shopper,Salesperson,Early Bird Specials,1423194.56,520,2736.91,503.43,4999.19
Occasional Shopper,Salesperson,End of Season Sale,1423975.85,513,2775.78,501.62,4974.50
Occasional Shopper,Salesperson,Exclusive Insider Offers,1449681.05,530,2735.25,511.16,4998.46
Occasional Shopper,Salesperson,Festive Fever Promo,1413773.24,536,2637.64,520.98,4995.38
Occasional Shopper,Salesperson,Final Call Frenzy,1374404.82,504,2726.99,506.19,4995.70
Occasional Shopper,Salesperson,Flash Frenzy Friday,1372023.12,508,2700.83,513.38,4995.14
Occasional Shopper,Salesperson,"Gift More, Spend Less",1390161.76,502,2769.25,504.23,4994.22
Occasional Shopper,Salesperson,Golden Hour Bargains,1418196.91,529,2680.90,500.66,4996.32
Occasional Shopper,Salesperson,Green Weekend Deals,1358145.60,493,2754.86,502.15,4989.00
Occasional Shopper,Salesperson,Happy Hour Discounts,1424411.13,529,2692.65,501.14,4993.63
Occasional Shopper,Salesperson,Holiday Shopping Rush,1470794.60,543,2708.65,508.35,4999.06
Occasional Shopper,Salesperson,Hot Picks Promo,1350475.08,500,2700.95,502.01,4994.65
Occasional Shopper,Salesperson,Instant Gratification Sale,1395688.65,522,2673.73,500.41,4973.77
Occasional Shopper,Salesperson,Limited Time Treasures,1408948.59,517,2725.24,512.85,4996.93
Occasional Shopper,Salesperson,Loyalty Rewards Blast,1419518.27,506,2805.37,501.42,4989.94
Occasional Shopper,Salesperson,Mega Weekend Bonanza,1379386.79,502,2747.78,513.44,4988.26
Occasional Shopper,Salesperson,Mid-Year Madness,1549379.30,552,2806.85,511.63,4987.28
Occasional Shopper,Salesperson,Midnight Madness,1358356.30,499,2722.16,504.20,4994.33
Occasional Shopper,Salesperson,Mystery Discount Days,1416507.75,514,2755.85,509.78,4989.07
Occasional Shopper,Salesperson,New Arrival Showcase,1428792.14,525,2721.51,508.18,4993.66
Occasional Shopper,Salesperson,New Product Launch Promo,1417252.75,518,2736.01,508.28,4971.54
Occasional Shopper,Salesperson,New Year Kickoff,1509974.18,518,2915.01,534.39,4997.66
Occasional Shopper,Salesperson,Price Drop Parade,1490614.03,535,2786.19,506.80,4993.49
Occasional Shopper,Salesperson,Red Tag Clearance,1383648.41,493,2806.59,501.79,4997.50
Occasional Shopper,Salesperson,Seasonal Surprise Box,1476419.83,509,2900.63,501.08,4995.48
Occasional Shopper,Salesperson,Shop & Save Spectacular,1446036.25,507,2852.14,510.86,4995.89
Occasional Shopper,Salesperson,Smart Shopper Week,1497898.71,541,2768.76,517.94,4979.57
Occasional Shopper,Salesperson,Spring Refresh Event,1485718.27,516,2879.30,505.59,4982.97
Occasional Shopper,Salesperson,Spring Splash Discounts,1350000.97,489,2760.74,505.95,4985.62
Occasional Shopper,Salesperson,Summer Sizzle Promo,1463834.32,536,2731.03,510.41,4988.83
Occasional Shopper,Salesperson,Super Savings Week,1433712.34,520,2757.14,512.81,4996.91
Occasional Shopper,Salesperson,Ultimate Value Event,1396116.02,495,2820.44,502.13,4983.22
Occasional Shopper,Salesperson,VIP Access Sale,1464465.88,532,2752.76,500.69,4999.48
Occasional Shopper,Salesperson,Weekend Warrior Specials,1366922.90,498,2744.83,510.55,4997.81
Occasional Shopper,Salesperson,Winter Clearance Carnival,1386118.35,496,2794.59,513.61,4993.54
Occasional Shopper,Salesperson,Winter Wonders Sale,1526807.86,539,2832.67,504.46,4995.52
Occasional Shopper,Senior Salesperson,12 Days of Deals,1197973.04,432,2773.09,510.31,4994.45
Occasional Shopper,Senior Salesperson,Autumn Deals Drive,1268990.18,471,2694.25,501.28,4999.80
Occasional Shopper,Senior Salesperson,BOGO Blitz,1258094.32,455,2765.04,510.81,4999.06
Occasional Shopper,Senior Salesperson,Back to School Boost,1184144.68,441,2685.14,500.65,4996.41
Occasional Shopper,Senior Salesperson,Birthday Bash Sale,1283232.09,462,2777.56,505.10,4983.20
Occasional Shopper,Senior Salesperson,Black Friday Blowout,1271786.57,465,2735.02,502.74,4954.86
Occasional Shopper,Senior Salesperson,Cart Crasher Campaign,1374927.10,483,2846.64,501.43,4998.24
Occasional Shopper,Senior Salesperson,Cashback Carnival,1135469.99,431,2634.50,502.29,4996.35
Occasional Shopper,Senior Salesperson,Clearance Countdown,1182709.89,427,2769.81,504.33,4982.22
Occasional Shopper,Senior Salesperson,Countdown to Savings,1325628.28,473,2802.60,538.21,4994.14
Occasional Shopper,Senior Salesperson,Customer Appreciation Week,1289050.32,459,2808.39,514.26,4996.83
Occasional Shopper,Senior Salesperson,Cyber Monday Mania,1228579.03,434,2830.83,510.36,4995.52
Occasional Shopper,Senior Salesperson,Deal of the Month,1251134.38,443,2824.23,502.57,4996.19
Occasional Shopper,Senior Salesperson,Double Points Bonanza,1268106.24,446,2843.29,509.41,4990.29
Occasional Shopper,Senior Salesperson,Early Bird Specials,1359006.03,481,2825.38,508.41,4994.73
Occasional Shopper,Senior Salesperson,End of Season Sale,1100797.23,395,2786.83,504.42,4986.57
Occasional Shopper,Senior Salesperson,Exclusive Insider Offers,1238028.05,444,2788.35,513.96,4995.69
Occasional Shopper,Senior Salesperson,Festive Fever Promo,1306624.41,473,2762.42,500.15,4994.26
Occasional Shopper,Senior Salesperson,Final Call Frenzy,1258870.32,446,2822.58,511.66,4987.28
Occasional Shopper,Senior Salesperson,Flash Frenzy Friday,1234964.05,430,2872.01,504.62,4997.57
Occasional Shopper,Senior Salesperson,"Gift More, Spend Less",1245872.58,455,2738.18,501.75,4996.60
Occasional Shopper,Senior Salesperson,Golden Hour Bargains,1283861.23,480,2674.71,500.65,4969.77
Occasional Shopper,Senior Salesperson,Green Weekend Deals,1324560.41,489,2708.71,509.17,4979.50
Occasional Shopper,Senior Salesperson,Happy Hour Discounts,1228968.33,457,2689.21,502.86,4995.35
Occasional Shopper,Senior Salesperson,Holiday Shopping Rush,1248805.19,460,2714.79,500.26,4996.87
Occasional Shopper,Senior Salesperson,Hot Picks Promo,1213870.78,449,2703.50,506.64,4997.23
Occasional Shopper,Senior Salesperson,Instant Gratification Sale,1332187.38,488,2729.89,516.47,4997.44
Occasional Shopper,Senior Salesperson,Limited Time Treasures,1275520.62,471,2708.11,503.29,4997.90
Occasional Shopper,Senior Salesperson,Loyalty Rewards Blast,1278889.93,459,2786.25,513.69,4938.98
Occasional Shopper,Senior Salesperson,Mega Weekend Bonanza,1239314.67,455,2723.77,511.57,4997.14
Occasional Shopper,Senior Salesperson,Mid-Year Madness,1176973.76,442,2662.84,502.00,4994.65
Occasional Shopper,Senior Salesperson,Midnight Madness,1193175.20,428,2787.79,510.89,4997.93
Occasional Shopper,Senior Salesperson,Mystery Discount Days,1169269.91,424,2757.71,553.01,4998.21
Occasional Shopper,Senior Salesperson,New Arrival Showcase,1332056.33,487,2735.23,500.44,4981.10
Occasional Shopper,Senior Salesperson,New Product Launch Promo,1315272.00,475,2768.99,500.98,4993.05
Occasional Shopper,Senior Salesperson,New Year Kickoff,1293054.04,466,2774.79,538.75,4995.99
Occasional Shopper,Senior Salesperson,Price Drop Parade,1296526.19,471,2752.71,508.85,4978.93
Occasional Shopper,Senior Salesperson,Red Tag Clearance,1143752.35,414,2762.69,511.90,4993.78
Occasional Shopper,Senior Salesperson,Seasonal Surprise Box,1224993.54,458,2674.66,507.61,4997.26
Occasional Shopper,Senior Salesperson,Shop & Save Spectacular,1326530.97,466,2846.63,502.52,4986.53
Occasional Shopper,Senior Salesperson,Smart Shopper Week,1384271.91,495,2796.51,503.09,4975.19
Occasional Shopper,Senior Salesperson,Spring Refresh Event,1166982.39,434,2688.90,500.36,4995.05
Occasional Shopper,Senior Salesperson,Spring Splash Discounts,1216646.13,453,2685.75,502.30,4992.50
Occasional Shopper,Senior Salesperson,Summer Sizzle Promo,1217143.13,444,2741.31,502.59,4995.74
Occasional Shopper,Senior Salesperson,Super Savings Week,1288186.47,468,2752.54,501.97,4975.63
Occasional Shopper,Senior Salesperson,Ultimate Value Event,1195276.13,445,2686.01,511.06,4983.29
Occasional Shopper,Senior Salesperson,VIP Access Sale,1236458.19,456,2711.53,500.66,4990.36
Occasional Shopper,Senior Salesperson,Weekend Warrior Specials,1217297.13,449,2711.13,503.46,4979.98
Occasional Shopper,Senior Salesperson,Winter Clearance Carnival,1223935.70,450,2719.86,501.06,4990.59
Occasional Shopper,Senior Salesperson,Winter Wonders Sale,1354848.39,490,2765.00,521.22,4996.00
Online Shopper,Manager,12 Days of Deals,1387341.15,515,2693.87,509.06,4994.90
Online Shopper,Manager,Autumn Deals Drive,1429318.05,520,2748.69,502.62,4988.82
Online Shopper,Manager,BOGO Blitz,1398082.06,502,2785.02,505.47,4996.52
Online Shopper,Manager,Back to School Boost,1338947.92,498,2688.65,503.72,4977.91
Online Shopper,Manager,Birthday Bash Sale,1262279.90,459,2750.07,504.67,4996.64
Online Shopper,Manager,Black Friday Blowout,1403347.93,515,2724.95,503.07,4982.21
Online Shopper,Manager,Cart Crasher Campaign,1439641.46,502,2867.81,511.77,4992.17
Online Shopper,Manager,Cashback Carnival,1356027.80,487,2784.45,505.40,4998.33
Online Shopper,Manager,Clearance Countdown,1419937.52,514,2762.52,519.76,4996.82
Online Shopper,Manager,Countdown to Savings,1525265.35,534,2856.30,501.71,4989.47
Online Shopper,Manager,Customer Appreciation Week,1339512.85,483,2773.32,503.51,4970.25
Online Shopper,Manager,Cyber Monday Mania,1394345.87,506,2755.62,518.12,4998.53
Online Shopper,Manager,Deal of the Month,1379774.43,518,2663.66,503.34,4986.31
Online Shopper,Manager,Double Points Bonanza,1454744.02,522,2786.87,521.21,4988.60
Online Shopper,Manager,Early Bird Specials,1372871.43,519,2645.22,501.54,4996.32
Online Shopper,Manager,End of Season Sale,1355524.85,501,2705.64,521.45,4973.24
Online Shopper,Manager,Exclusive Insider Offers,1429380.67,515,2775.50,503.43,4999.97
Online Shopper,Manager,Festive Fever Promo,1370540.39,497,2757.63,501.32,4992.74
Online Shopper,Manager,Final Call Frenzy,1545353.14,535,2888.51,504.53,4992.32
Online Shopper,Manager,Flash Frenzy Friday,1312517.69,484,2711.81,520.77,4996.85
Online Shopper,Manager,"Gift More, Spend Less",1382170.93,503,2747.85,505.29,4992.10
Online Shopper,Manager,Golden Hour Bargains,1352402.48,482,2805.81,512.23,4997.02
Online Shopper,Manager,Green Weekend Deals,1279315.94,459,2787.18,516.26,4990.96
Online Shopper,Manager,Happy Hour Discounts,1392454.76,500,2784.91,510.62,4980.92
Online Shopper,Manager,Holiday Shopping Rush,1373737.63,494,2780.85,509.96,4988.74
Online Shopper,Manager,Hot Picks Promo,1431464.27,521,2747.53,520.60,4982.12
Online Shopper,Manager,Instant Gratification Sale,1365176.19,502,2719.47,503.33,4992.46
Online Shopper,Manager,Limited Time Treasures,1454613.24,528,2754.95,511.01,4987.04
Online Shopper,Manager,Loyalty Rewards Blast,1329364.48,503,2642.87,501.89,4986.34
Online Shopper,Manager,Mega Weekend Bonanza,1440093.69,521,2764.10,509.28,4976.49
Online Shopper,Manager,Mid-Year Madness,1390622.48,506,2748.27,510.03,4986.89
Online Shopper,Manager,Midnight Madness,1375596.68,500,2751.19,508.69,4994.74
Online Shopper,Manager,Mystery Discount Days,1389790.13,497,2796.36,500.04,4993.54
Online Shopper,Manager,New Arrival Showcase,1519920.48,547,2778.65,503.73,4991.21
Online Shopper,Manager,New Product Launch Promo,1440287.15,525,2743.40,502.89,4973.45
Online Shopper,Manager,New Year Kickoff,1378360.05,510,2702.67,500.12,4984.10
Online Shopper,Manager,Price Drop Parade,1354749.68,503,2693.34,505.80,4991.24
Online Shopper,Manager,Red Tag Clearance,1450239.21,522,2778.24,501.14,4987.71
Online Shopper,Manager,Seasonal Surprise Box,1321800.35,500,2643.60,506.76,4974.70
Online Shopper,Manager,Shop & Save Spectacular,1460580.44,526,2776.77,510.47,4994.26
Online Shopper,Manager,Smart Shopper Week,1440918.06,525,2744.61,503.02,4996.33
Online Shopper,Manager,Spring Refresh Event,1436497.31,504,2850.19,505.62,4995.87
Online Shopper,Manager,Spring Splash Discounts,1424380.04,501,2843.07,515.99,4998.77
Online Shopper,Manager,Summer Sizzle Promo,1454869.76,518,2808.63,507.24,4998.67
Online Shopper,Manager,Super Savings Week,1568644.59,546,2872.98,505.59,4996.22
Online Shopper,Manager,Ultimate Value Event,1571663.72,558,2816.60,509.98,4998.93
Online Shopper,Manager,VIP Access Sale,1317054.19,487,2704.42,506.74,4959.80
Online Shopper,Manager,Weekend Warrior Specials,1402430.17,495,2833.19,530.34,4987.77
Online Shopper,Manager,Winter Clearance Carnival,1400088.69,501,2794.59,502.18,4965.55
Online Shopper,Manager,Winter Wonders Sale,1291199.75,476,2712.60,502.39,4992.13
Online Shopper,Sales Associate,12 Days of Deals,1472458.47,537,2742.01,514.86,4982.52
Online Shopper,Sales Associate,Autumn Deals Drive,1506957.11,542,2780.36,507.41,4995.68
Online Shopper,Sales Associate,BOGO Blitz,1404534.77,518,2711.46,509.05,4984.74
Online Shopper,Sales Associate,Back to School Boost,1510059.25,518,2915.17,517.84,4999.06
Online Shopper,Sales Associate,Birthday Bash Sale,1457341.37,523,2786.50,501.02,4972.96
Online Shopper,Sales Associate,Black Friday Blowout,1448389.20,522,2774.69,500.23,4992.25
Online Shopper,Sales Associate,Cart Crasher Campaign,1386154.04,517,2681.15,513.54,4993.97
Online Shopper,Sales Associate,Cashback Carnival,1480395.06,526,2814.44,521.46,4978.78
Online Shopper,Sales Associate,Clearance Countdown,1480709.97,540,2742.06,501.02,4990.25
Online Shopper,Sales Associate,Countdown to Savings,1466700.84,541,2711.09,518.11,4979.43
Online Shopper,Sales Associate,Customer Appreciation Week,1430331.84,544,2629.29,502.70,4997.84
Online Shopper,Sales Associate,Cyber Monday Mania,1506472.57,553,2724.18,527.14,4992.62
Online Shopper,Sales Associate,Deal of the Month,1378310.22,513,2686.76,515.53,4999.45
Online Shopper,Sales Associate,Double Points Bonanza,1300952.82,478,2721.66,521.45,4999.14
Online Shopper,Sales Associate,Early Bird Specials,1542602.12,569,2711.08,501.24,4988.51
Online Shopper,Sales Associate,End of Season Sale,1380646.79,525,2629.80,513.57,4996.71
Online Shopper,Sales Associate,Exclusive Insider Offers,1321319.65,477,2770.06,504.93,4984.06
Online Shopper,Sales Associate,Festive Fever Promo,1434194.77,520,2758.07,503.49,4991.31
Online Shopper,Sales Associate,Final Call Frenzy,1460040.55,505,2891.17,503.34,4970.24
Online Shopper,Sales Associate,Flash Frenzy Friday,1485200.89,535,2776.08,510.30,4999.95
Online Shopper,Sales Associate,"Gift More, Spend Less",1458253.36,545,2675.69,507.96,4984.47
Online Shopper,Sales Associate,Golden Hour Bargains,1354159.03,495,2735.67,517.29,4997.61
Online Shopper,Sales Associate,Green Weekend Deals,1355971.06,505,2685.09,500.74,4991.70
Online Shopper,Sales Associate,Happy Hour Discounts,1446851.48,531,2724.77,503.61,4999.78
Online Shopper,Sales Associate,Holiday Shopping Rush,1479131.76,541,2734.07,503.97,4998.79
Online Shopper,Sales Associate,Hot Picks Promo,1443404.83,537,2687.90,500.12,4995.24
Online Shopper,Sales Associate,Instant Gratification Sale,1543086.58,560,2755.51,501.81,4996.98
Online Shopper,Sales Associate,Limited Time Treasures,1506792.99,558,2700.35,525.80,4977.47
Online Shopper,Sales Associate,Loyalty Rewards Blast,1572005.70,563,2792.19,525.17,4992.76
Online Shopper,Sales Associate,Mega Weekend Bonanza,1476660.83,536,2754.96,504.08,4992.43
Online Shopper,Sales Associate,Mid-Year Madness,1336593.67,488,2738.92,503.67,4980.11
Online Shopper,Sales Associate,Midnight Madness,1408715.03,520,2709.07,515.89,4978.39
Online Shopper,Sales Associate,Mystery Discount Days,1386186.27,495,2800.38,500.77,4982.97
Online Shopper,Sales Associate,New Arrival Showcase,1494629.01,532,2809.45,502.57,4997.59
Online Shopper,Sales Associate,New Product Launch Promo,1365103.20,506,2697.83,501.50,4995.68
Online Shopper,Sales Associate,New Year Kickoff,1390087.57,502,2769.10,503.50,4984.36
Online Shopper,Sales Associate,Price Drop Parade,1383679.70,507,2729.15,507.03,4995.75
Online Shopper,Sales Associate,Red Tag Clearance,1397522.60,523,2672.13,504.13,4990.99
Online Shopper,Sales Associate,Seasonal Surprise Box,1525669.40,542,2814.89,500.70,4982.48
Online Shopper,Sales Associate,Shop & Save Spectacular,1506350.45,532,2831.49,500.33,4997.78
Online Shopper,Sales Associate,Smart Shopper Week,1506711.37,538,2800.58,502.89,4996.20
Online Shopper,Sales Associate,Spring Refresh Event,1462816.07,527,2775.74,530.62,4999.83
Online Shopper,Sales Associate,Spring Splash Discounts,1513342.16,534,2833.97,510.72,4991.03
Online Shopper,Sales Associate,Summer Sizzle Promo,1444342.46,534,2704.76,505.27,4987.53
Online Shopper,Sales Associate,Super Savings Week,1421937.40,509,2793.59,500.36,4998.97
Online Shopper,Sales Associate,Ultimate Value Event,1509851.98,553,2730.29,511.38,4993.60
Online Shopper,Sales Associate,VIP Access Sale,1482773.28,532,2787.17,503.46,4996.84
Online Shopper,Sales Associate,Weekend Warrior Specials,1457303.60,535,2723.93,508.00,4994.27
Online Shopper,Sales Associate,Winter Clearance Carnival,1474980.37,525,2809.49,505.94,4997.93
Online Shopper,Sales Associate,Winter Wonders Sale,1530662.75,546,2803.41,502.80,4996.43
Online Shopper,Salesperson,12 Days of Deals,1562714.40,551,2836.14,519.41,4980.97
Online Shopper,Salesperson,Autumn Deals Drive,1436802.82,527,2726.38,518.91,4988.18
Online Shopper,Salesperson,BOGO Blitz,1594193.05,570,2796.83,509.11,4983.71
Online Shopper,Salesperson,Back to School Boost,1399899.69,511,2739.53,502.98,4992.25
Online Shopper,Salesperson,Birthday Bash Sale,1341449.21,494,2715.48,504.91,4994.05
Online Shopper,Salesperson,Black Friday Blowout,1449210.86,529,2739.53,502.51,4997.53
Online Shopper,Salesperson,Cart Crasher Campaign,1458288.70,532,2741.14,509.43,4998.84
Online Shopper,Salesperson,Cashback Carnival,1445043.20,541,2671.06,517.32,4999.62
Online Shopper,Salesperson,Clearance Countdown,1519260.65,539,2818.67,502.34,4993.50
Online Shopper,Salesperson,Countdown to Savings,1480114.77,548,2700.94,500.65,4997.06
Online Shopper,Salesperson,Customer Appreciation Week,1525226.68,546,2793.46,551.87,4991.60
Online Shopper,Salesperson,Cyber Monday Mania,1430308.82,526,2719.22,504.92,4996.11
Online Shopper,Salesperson,Deal of the Month,1385588.39,515,2690.46,505.18,4994.87
Online Shopper,Salesperson,Double Points Bonanza,1431687.42,530,2701.30,513.51,4985.08
Online Shopper,Salesperson,Early Bird Specials,1469504.75,526,2793.74,534.87,4996.66
Online Shopper,Salesperson,End of Season Sale,1394563.46,492,2834.48,505.96,4998.80
Online Shopper,Salesperson,Exclusive Insider Offers,1414946.34,522,2710.63,501.83,4995.54
Online Shopper,Salesperson,Festive Fever Promo,1348431.36,503,2680.78,501.00,4997.00
Online Shopper,Salesperson,Final Call Frenzy,1338509.85,492,2720.55,510.70,4989.24
Online Shopper,Salesperson,Flash Frenzy Friday,1522372.73,541,2814.00,505.20,4946.48
Online Shopper,Salesperson,"Gift More, Spend Less",1505463.35,555,2712.55,501.32,4994.85
Online Shopper,Salesperson,Golden Hour Bargains,1415384.25,524,2701.11,514.14,4993.08
Online Shopper,Salesperson,Green Weekend Deals,1528451.11,541,2825.23,527.64,4987.48
Online Shopper,Salesperson,Happy Hour Discounts,1381432.79,503,2746.39,511.43,4980.24
Online Shopper,Salesperson,Holiday Shopping Rush,1394361.49,515,2707.50,505.64,4996.98
Online Shopper,Salesperson,Hot Picks Promo,1401230.90,511,2742.13,503.85,4994.34
Online Shopper,Salesperson,Instant Gratification Sale,1412818.66,496,2848.42,500.89,4992.54
Online Shopper,Salesperson,Limited Time Treasures,1358066.67,498,2727.04,500.34,4992.20
Online Shopper,Salesperson,Loyalty Rewards Blast,1464923.41,528,2774.48,507.60,4996.69
Online Shopper,Salesperson,Mega Weekend Bonanza,1281668.37,483,2653.56,500.15,4992.81
Online Shopper,Salesperson,Mid-Year Madness,1405394.27,513,2739.56,506.46,4995.61
Online Shopper,Salesperson,Midnight Madness,1414806.34,529,2674.49,500.93,4984.00
Online Shopper,Salesperson,Mystery Discount Days,1489918.30,532,2800.60,500.93,4998.62
Online Shopper,Salesperson,New Arrival Showcase,1471771.42,529,2782.18,516.45,4996.06
Online Shopper,Salesperson,New Product Launch Promo,1475474.26,509,2898.77,506.06,4977.31
Online Shopper,Salesperson,New Year Kickoff,1555427.25,557,2792.51,508.10,4999.87
Online Shopper,Salesperson,Price Drop Parade,1403925.19,513,2736.70,504.82,4989.67
Online Shopper,Salesperson,Red Tag Clearance,1441222.07,520,2771.58,518.85,4993.35
Online Shopper,Salesperson,Seasonal Surprise Box,1518810.05,586,2591.83,502.74,4998.13
Online Shopper,Salesperson,Shop & Save Spectacular,1439301.45,519,2773.22,500.09,4989.36
Online Shopper,Salesperson,Smart Shopper Week,1388134.78,525,2644.07,535.25,4995.81
Online Shopper,Salesperson,Spring Refresh Event,1468101.16,517,2839.65,500.43,4989.50
Online Shopper,Salesperson,Spring Splash Discounts,1465038.30,538,2723.12,500.35,4982.46
Online Shopper,Salesperson,Summer Sizzle Promo,1468106.89,528,2780.51,501.06,4995.89
Online Shopper,Salesperson,Super Savings Week,1303491.41,477,2732.69,506.53,4987.38
Online Shopper,Salesperson,Ultimate Value Event,1381241.40,510,2708.32,510.86,4991.47
Online Shopper,Salesperson,VIP Access Sale,1439300.50,529,2720.79,510.75,4966.73
Online Shopper,Salesperson,Weekend Warrior Specials,1424203.59,524,2717.95,500.62,4998.12
Online Shopper,Salesperson,Winter Clearance Carnival,1364135.35,492,2772.63,519.13,4995.16
Online Shopper,Salesperson,Winter Wonders Sale,1474018.04,538,2739.81,506.83,4989.27
Online Shopper,Senior Salesperson,12 Days of Deals,1207230.40,438,2756.23,508.70,4998.57
Online Shopper,Senior Salesperson,Autumn Deals Drive,1219275.13,453,2691.56,513.05,4975.49
Online Shopper,Senior Salesperson,BOGO Blitz,1191536.15,443,2689.70,507.76,4962.79
Online Shopper,Senior Salesperson,Back to School Boost,1293525.66,483,2678.11,510.27,4987.19
Online Shopper,Senior Salesperson,Birthday Bash Sale,1194268.04,431,2770.92,515.93,4991.41
Online Shopper,Senior Salesperson,Black Friday Blowout,1373095.65,488,2813.72,520.50,4999.88
Online Shopper,Senior Salesperson,Cart Crasher Campaign,1347306.78,496,2716.34,502.78,4999.82
Online Shopper,Senior Salesperson,Cashback Carnival,1242938.56,442,2812.08,525.08,4973.33
Online Shopper,Senior Salesperson,Clearance Countdown,1197008.63,446,2683.88,554.13,4992.67
Online Shopper,Senior Salesperson,Countdown to Savings,1237761.87,456,2714.39,505.85,4993.48
Online Shopper,Senior Salesperson,Customer Appreciation Week,1235155.89,448,2757.04,502.24,4986.20
Online Shopper,Senior Salesperson,Cyber Monday Mania,1223415.13,439,2786.82,504.38,4994.89
Online Shopper,Senior Salesperson,Deal of the Month,1303666.42,465,2803.58,538.81,4995.33
Online Shopper,Senior Salesperson,Double Points Bonanza,1389049.09,487,2852.26,506.58,4993.64
Online Shopper,Senior Salesperson,Early Bird Specials,1392479.81,521,2672.71,506.81,4994.29
Online Shopper,Senior Salesperson,End of Season Sale,1322173.43,468,2825.16,505.76,4995.06
Online Shopper,Senior Salesperson,Exclusive Insider Offers,1163891.92,423,2751.52,500.29,4992.73
Online Shopper,Senior Salesperson,Festive Fever Promo,1184734.93,437,2711.06,503.50,4996.28
Online Shopper,Senior Salesperson,Final Call Frenzy,1262284.06,465,2714.59,519.91,4957.06
Online Shopper,Senior Salesperson,Flash Frenzy Friday,1424334.34,512,2781.90,505.21,4997.21
Online Shopper,Senior Salesperson,"Gift More, Spend Less",1339790.37,484,2768.16,524.16,4986.38
Online Shopper,Senior Salesperson,Golden Hour Bargains,1245822.48,456,2732.07,507.56,4960.01
Online Shopper,Senior Salesperson,Green Weekend Deals,1250727.77,446,2804.32,503.05,4990.27
Online Shopper,Senior Salesperson,Happy Hour Discounts,1272861.82,456,2791.36,507.81,4997.02
Online Shopper,Senior Salesperson,Holiday Shopping Rush,1133834.02,409,2772.21,503.23,4992.47
Online Shopper,Senior Salesperson,Hot Picks Promo,1308432.69,455,2875.68,522.77,4999.60
Online Shopper,Senior Salesperson,Instant Gratification Sale,1204202.58,432,2787.51,502.74,4988.78
Online Shopper,Senior Salesperson,Limited Time Treasures,1230035.38,448,2745.61,502.15,4998.98
Online Shopper,Senior Salesperson,Loyalty Rewards Blast,1251016.47,463,2701.98,502.59,4983.03
Online Shopper,Senior Salesperson,Mega Weekend Bonanza,1249830.98,445,2808.61,509.61,4984.93
Online Shopper,Senior Salesperson,Mid-Year Madness,1313359.27,482,2724.81,503.75,4997.34
Online Shopper,Senior Salesperson,Midnight Madness,1142635.53,423,2701.27,500.23,4998.12
Online Shopper,Senior Salesperson,Mystery Discount Days,1325212.53,475,2789.92,511.46,4966.81
Online Shopper,Senior Salesperson,New Arrival Showcase,1392309.38,493,2824.16,534.44,4994.48
Online Shopper,Senior Salesperson,New Product Launch Promo,1239414.96,455,2723.99,507.14,4996.38
Online Shopper,Senior Salesperson,New Year Kickoff,1328755.15,484,2745.36,514.40,4996.40
Online Shopper,Senior Salesperson,Price Drop Parade,1262882.08,441,2863.68,513.99,4999.83
Online Shopper,Senior Salesperson,Red Tag Clearance,1266195.29,454,2788.98,554.91,4978.98
Online Shopper,Senior Salesperson,Seasonal Surprise Box,1241754.68,452,2747.24,500.11,4994.35
Online Shopper,Senior Salesperson,Shop & Save Spectacular,1162681.95,433,2685.18,520.00,4995.87
Online Shopper,Senior Salesperson,Smart Shopper Week,1218633.52,452,2696.09,511.12,4999.94
Online Shopper,Senior Salesperson,Spring Refresh Event,1260715.94,469,2688.09,511.37,4997.20
Online Shopper,Senior Salesperson,Spring Splash Discounts,1256676.61,451,2786.42,518.18,4990.37
Online Shopper,Senior Salesperson,Summer Sizzle Promo,1333410.78,481,2772.16,501.39,4999.26
Online Shopper,Senior Salesperson,Super Savings Week,1285005.57,460,2793.49,503.67,4994.88
Online Shopper,Senior Salesperson,Ultimate Value Event,1206824.38,445,2711.96,518.12,4995.88
Online Shopper,Senior Salesperson,VIP Access Sale,1322956.90,468,2826.83,501.55,4989.88
Online Shopper,Senior Salesperson,Weekend Warrior Specials,1260069.15,455,2769.38,508.70,4998.52
Online Shopper,Senior Salesperson,Winter Clearance Carnival,1238085.09,443,2794.77,503.08,4998.41
Online Shopper,Senior Salesperson,Winter Wonders Sale,1226223.40,454,2700.93,517.28,4993.05
Premium Shopper,Manager,12 Days of Deals,1284778.27,458,2805.19,502.77,4999.67
Premium Shopper,Manager,Autumn Deals Drive,1343552.23,490,2741.94,518.61,4997.36
Premium Shopper,Manager,BOGO Blitz,1434477.98,507,2829.35,502.79,4993.50
Premium Shopper,Manager,Back to School Boost,1328466.41,495,2683.77,501.66,4992.15
Premium Shopper,Manager,Birthday Bash Sale,1298850.20,477,2722.96,506.88,4992.41
Premium Shopper,Manager,Black Friday Blowout,1454092.21,511,2845.58,505.64,4999.87
Premium Shopper,Manager,Cart Crasher Campaign,1323085.06,473,2797.22,511.50,4996.89
Premium Shopper,Manager,Cashback Carnival,1378348.20,505,2729.40,508.75,4999.14
Premium Shopper,Manager,Clearance Countdown,1405764.98,511,2751.01,524.15,4986.19
Premium Shopper,Manager,Countdown to Savings,1307124.25,469,2787.05,508.38,4995.30
Premium Shopper,Manager,Customer Appreciation Week,1418509.69,514,2759.75,513.15,4968.08
Premium Shopper,Manager,Cyber Monday Mania,1267485.45,465,2725.78,504.42,4993.48
Premium Shopper,Manager,Deal of the Month,1239690.82,442,2804.73,517.14,4980.89
Premium Shopper,Manager,Double Points Bonanza,1475608.03,519,2843.18,509.10,4998.02
Premium Shopper,Manager,Early Bird Specials,1268396.91,456,2781.57,502.49,4982.85
Premium Shopper,Manager,End of Season Sale,1266072.95,475,2665.42,501.93,4998.76
Premium Shopper,Manager,Exclusive Insider Offers,1371065.39,490,2798.09,500.32,4993.19
Premium Shopper,Manager,Festive Fever Promo,1403809.31,513,2736.47,507.88,4997.72
Premium Shopper,Manager,Final Call Frenzy,1416844.98,529,2678.35,506.46,4986.38
Premium Shopper,Manager,Flash Frenzy Friday,1227491.44,465,2639.77,500.97,4985.75
Premium Shopper,Manager,"Gift More, Spend Less",1228135.18,450,2729.19,510.64,4991.11
Premium Shopper,Manager,Golden Hour Bargains,1467918.02,536,2738.65,520.57,4995.98
Premium Shopper,Manager,Green Weekend Deals,1312385.11,478,2745.58,503.00,4996.26
Premium Shopper,Manager,Happy Hour Discounts,1488483.37,531,2803.17,507.06,4998.94
Premium Shopper,Manager,Holiday Shopping Rush,1373589.99,485,2832.14,501.91,4997.57
Premium Shopper,Manager,Hot Picks Promo,1377544.54,502,2744.11,523.47,4994.98
Premium Shopper,Manager,Instant Gratification Sale,1449336.63,531,2729.45,515.12,4977.77
Premium Shopper,Manager,Limited Time Treasures,1404652.15,483,2908.18,508.15,4987.05
Premium Shopper,Manager,Loyalty Rewards Blast,1214267.80,446,2722.57,500.73,4987.16
Premium Shopper,Manager,Mega Weekend Bonanza,1404655.97,519,2706.47,502.17,4980.15
Premium Shopper,Manager,Mid-Year Madness,1410711.53,527,2676.87,502.53,4982.99
Premium Shopper,Manager,Midnight Madness,1219797.20,455,2680.87,514.18,4993.54
Premium Shopper,Manager,Mystery Discount Days,1266846.62,460,2754.01,505.83,4998.07
Premium Shopper,Manager,New Arrival Showcase,1324941.89,481,2754.56,514.01,4992.57
Premium Shopper,Manager,New Product Launch Promo,1255199.70,474,2648.10,503.34,4995.22
Premium Shopper,Manager,New Year Kickoff,1346406.03,496,2714.53,506.98,4975.10
Premium Shopper,Manager,Price Drop Parade,1341589.35,484,2771.88,521.86,4996.80
Premium Shopper,Manager,Red Tag Clearance,1396086.70,522,2674.50,517.96,4993.59
Premium Shopper,Manager,Seasonal Surprise Box,1367439.74,505,2707.80,508.28,4998.58
Premium Shopper,Manager,Shop & Save Spectacular,1402205.72,476,2945.81,513.29,4990.45
Premium Shopper,Manager,Smart Shopper Week,1377810.96,501,2750.12,517.36,4989.29
Premium Shopper,Manager,Spring Refresh Event,1373717.92,489,2809.24,513.24,4995.53
Premium Shopper,Manager,Spring Splash Discounts,1366904.87,505,2706.74,508.64,4998.92
Premium Shopper,Manager,Summer Sizzle Promo,1276255.74,455,2804.96,506.24,4986.64
Premium Shopper,Manager,Super Savings Week,1371198.01,503,2726.04,504.15,4994.43
Premium Shopper,Manager,Ultimate Value Event,1315597.69,489,2690.38,500.17,4997.75
Premium Shopper,Manager,VIP Access Sale,1306477.74,478,2733.22,500.31,4995.80
Premium Shopper,Manager,Weekend Warrior Specials,1331663.45,490,2717.68,517.83,4984.56
Premium Shopper,Manager,Winter Clearance Carnival,1304301.15,485,2689.28,512.07,4995.26
Premium Shopper,Manager,Winter Wonders Sale,1432351.16,520,2754.52,505.91,4997.71
Premium Shopper,Sales Associate,12 Days of Deals,1361331.95,493,2761.32,529.81,4990.47
Premium Shopper,Sales Associate,Autumn Deals Drive,1559005.39,561,2778.98,535.79,4989.58
Premium Shopper,Sales Associate,BOGO Blitz,1436086.42,524,2740.62,500.98,4986.87
Premium Shopper,Sales Associate,Back to School Boost,1338853.74,484,2766.23,532.00,4980.36
Premium Shopper,Sales Associate,Birthday Bash Sale,1411805.78,517,2730.77,503.77,4993.14
Premium Shopper,Sales Associate,Black Friday Blowout,1435720.22,532,2698.72,504.47,4999.51
Premium Shopper,Sales Associate,Cart Crasher Campaign,1325556.15,479,2767.34,500.78,4998.49
Premium Shopper,Sales Associate,Cashback Carnival,1481151.43,534,2773.69,500.72,4983.45
Premium Shopper,Sales Associate,Clearance Countdown,1460458.23,518,2819.42,511.35,4980.56
Premium Shopper,Sales Associate,Countdown to Savings,1365442.31,496,2752.91,500.23,4996.95
Premium Shopper,Sales Associate,Customer Appreciation Week,1485113.76,520,2855.99,505.57,4996.95
Premium Shopper,Sales Associate,Cyber Monday Mania,1390192.26,513,2709.93,512.79,4975.65
Premium Shopper,Sales Associate,Deal of the Month,1648644.21,615,2680.72,501.60,4972.57
Premium Shopper,Sales Associate,Double Points Bonanza,1517221.59,532,2851.92,505.59,4995.71
Premium Shopper,Sales Associate,Early Bird Specials,1349457.10,495,2726.18,505.17,4979.29
Premium Shopper,Sales Associate,End of Season Sale,1452711.74,526,2761.81,517.48,4998.04
Premium Shopper,Sales Associate,Exclusive Insider Offers,1489320.52,544,2737.72,501.18,4999.35
Premium Shopper,Sales Associate,Festive Fever Promo,1377916.39,506,2723.15,502.37,4994.69
Premium Shopper,Sales Associate,Final Call Frenzy,1385365.17,517,2679.62,517.29,4995.18
Premium Shopper,Sales Associate,Flash Frenzy Friday,1453360.83,528,2752.58,509.03,4992.34
Premium Shopper,Sales Associate,"Gift More, Spend Less",1400962.73,517,2709.79,515.52,4997.79
Premium Shopper,Sales Associate,Golden Hour Bargains,1498566.20,532,2816.85,506.24,4996.13
Premium Shopper,Sales Associate,Green Weekend Deals,1407021.19,521,2700.62,507.29,4999.76
Premium Shopper,Sales Associate,Happy Hour Discounts,1397441.51,519,2692.57,508.48,4998.88
Premium Shopper,Sales Associate,Holiday Shopping Rush,1410834.48,522,2702.75,510.74,4998.76
Premium Shopper,Sales Associate,Hot Picks Promo,1283547.85,482,2662.96,502.73,4998.48
Premium Shopper,Sales Associate,Instant Gratification Sale,1280068.07,471,2717.77,509.28,4986.68
Premium Shopper,Sales Associate,Limited Time Treasures,1427750.17,515,2772.33,502.69,4968.45
Premium Shopper,Sales Associate,Loyalty Rewards Blast,1384010.22,515,2687.40,507.19,4995.71
Premium Shopper,Sales Associate,Mega Weekend Bonanza,1409870.26,508,2775.34,504.06,4996.99
Premium Shopper,Sales Associate,Mid-Year Madness,1409500.51,510,2763.73,507.49,4961.13
Premium Shopper,Sales Associate,Midnight Madness,1424215.11,515,2765.47,501.16,4991.70
Premium Shopper,Sales Associate,Mystery Discount Days,1511549.73,543,2783.70,506.73,4999.19
Premium Shopper,Sales Associate,New Arrival Showcase,1371789.29,498,2754.60,517.75,4997.29
Premium Shopper,Sales Associate,New Product Launch Promo,1434002.16,532,2695.49,500.83,4996.19
Premium Shopper,Sales Associate,New Year Kickoff,1475967.19,530,2784.84,509.52,4975.23
Premium Shopper,Sales Associate,Price Drop Parade,1386222.34,515,2691.69,514.25,4995.02
Premium Shopper,Sales Associate,Red Tag Clearance,1371505.48,497,2759.57,502.58,4994.95
Premium Shopper,Sales Associate,Seasonal Surprise Box,1497596.93,545,2747.88,540.88,4989.64
Premium Shopper,Sales Associate,Shop & Save Spectacular,1371740.54,519,2643.05,501.53,4967.07
Premium Shopper,Sales Associate,Smart Shopper Week,1365074.25,503,2713.87,505.62,4997.07
Premium Shopper,Sales Associate,Spring Refresh Event,1372892.64,499,2751.29,501.78,4997.79
Premium Shopper,Sales Associate,Spring Splash Discounts,1441839.24,518,2783.47,504.23,4994.76
Premium Shopper,Sales Associate,Summer Sizzle Promo,1404755.69,508,2765.27,505.17,4990.62
Premium Shopper,Sales Associate,Super Savings Week,1563246.25,557,2806.55,507.93,4995.70
Premium Shopper,Sales Associate,Ultimate Value Event,1423520.94,524,2716.64,510.52,4999.13
Premium Shopper,Sales Associate,VIP Access Sale,1386514.74,520,2666.37,501.68,4988.37
Premium Shopper,Sales Associate,Weekend Warrior Specials,1493081.18,534,2796.03,513.82,4995.02
Premium Shopper,Sales Associate,Winter Clearance Carnival,1460746.67,536,2725.27,508.47,4985.18
Premium Shopper,Sales Associate,Winter Wonders Sale,1428873.41,540,2646.06,501.34,4999.74
Premium Shopper,Salesperson,12 Days of Deals,1446661.55,534,2709.10,502.43,4986.67
Premium Shopper,Salesperson,Autumn Deals Drive,1350871.35,500,2701.74,502.75,4999.01
Premium Shopper,Salesperson,BOGO Blitz,1436579.52,508,2827.91,511.15,4991.95
Premium Shopper,Salesperson,Back to School Boost,1391715.19,509,2734.21,522.66,4993.04
Premium Shopper,Salesperson,Birthday Bash Sale,1506635.77,528,2853.48,503.22,4997.22
Premium Shopper,Salesperson,Black Friday Blowout,1353303.86,496,2728.44,500.60,4973.78
Premium Shopper,Salesperson,Cart Crasher Campaign,1485383.13,532,2792.07,503.57,4968.73
Premium Shopper,Salesperson,Cashback Carnival,1470549.08,523,2811.76,502.87,4990.80
Premium Shopper,Salesperson,Clearance Countdown,1390414.48,506,2747.85,501.31,4994.91
Premium Shopper,Salesperson,Countdown to Savings,1445760.14,529,2733.01,514.93,4981.21
Premium Shopper,Salesperson,Customer Appreciation Week,1388575.29,494,2810.88,501.25,4998.60
Premium Shopper,Salesperson,Cyber Monday Mania,1364161.55,502,2717.45,506.92,4991.04
Premium Shopper,Salesperson,Deal of the Month,1455912.32,543,2681.24,512.54,4992.09
Premium Shopper,Salesperson,Double Points Bonanza,1460137.95,514,2840.74,522.83,4999.44
Premium Shopper,Salesperson,Early Bird Specials,1429484.71,528,2707.36,511.05,4991.74
Premium Shopper,Salesperson,End of Season Sale,1394366.27,518,2691.83,500.31,4996.20
Premium Shopper,Salesperson,Exclusive Insider Offers,1455097.05,523,2782.21,516.84,4986.32
Premium Shopper,Salesperson,Festive Fever Promo,1367328.61,498,2745.64,510.79,4998.21
Premium Shopper,Salesperson,Final Call Frenzy,1474040.49,517,2851.14,500.30,4996.78
Premium Shopper,Salesperson,Flash Frenzy Friday,1445053.62,517,2795.07,516.77,4995.63
Premium Shopper,Salesperson,"Gift More, Spend Less",1365029.88,499,2735.53,508.46,4998.06
Premium Shopper,Salesperson,Golden Hour Bargains,1401404.50,513,2731.78,512.52,4998.56
Premium Shopper,Salesperson,Green Weekend Deals,1417878.08,530,2675.24,503.29,4987.24
Premium Shopper,Salesperson,Happy Hour Discounts,1505174.78,538,2797.72,516.76,4981.62
Premium Shopper,Salesperson,Holiday Shopping Rush,1430272.94,511,2798.97,501.56,4987.20
Premium Shopper,Salesperson,Hot Picks Promo,1486541.38,534,2783.79,507.35,4997.81
Premium Shopper,Salesperson,Instant Gratification Sale,1326195.42,495,2679.18,504.24,4997.47
Premium Shopper,Salesperson,Limited Time Treasures,1482157.45,547,2709.61,509.04,4995.92
Premium Shopper,Salesperson,Loyalty Rewards Blast,1370761.54,494,2774.82,517.52,4982.89
Premium Shopper,Salesperson,Mega Weekend Bonanza,1444935.77,531,2721.16,508.18,4993.01
Premium Shopper,Salesperson,Mid-Year Madness,1476718.31,534,2765.39,500.34,4995.65
Premium Shopper,Salesperson,Midnight Madness,1482444.58,543,2730.10,505.45,4997.76
Premium Shopper,Salesperson,Mystery Discount Days,1467107.52,545,2691.94,502.26,4999.55
Premium Shopper,Salesperson,New Arrival Showcase,1429794.02,505,2831.28,513.68,4999.86
Premium Shopper,Salesperson,New Product Launch Promo,1402779.86,497,2822.49,515.51,4994.66
Premium Shopper,Salesperson,New Year Kickoff,1457260.96,522,2791.69,502.26,4994.34
Premium Shopper,Salesperson,Price Drop Parade,1424576.78,496,2872.13,521.05,4991.55
Premium Shopper,Salesperson,Red Tag Clearance,1360819.78,495,2749.13,502.70,4996.34
Premium Shopper,Salesperson,Seasonal Surprise Box,1432318.56,532,2692.33,503.22,4976.89
Premium Shopper,Salesperson,Shop & Save Spectacular,1382679.39,516,2679.61,524.40,4988.37
Premium Shopper,Salesperson,Smart Shopper Week,1399183.63,519,2695.92,505.80,4994.28
Premium Shopper,Salesperson,Spring Refresh Event,1318770.95,479,2753.18,509.24,4993.03
Premium Shopper,Salesperson,Spring Splash Discounts,1395120.18,506,2757.15,521.14,4997.44
Premium Shopper,Salesperson,Summer Sizzle Promo,1445804.40,524,2759.17,519.96,4967.86
Premium Shopper,Salesperson,Super Savings Week,1428092.39,523,2730.58,509.31,4992.76
Premium Shopper,Salesperson,Ultimate Value Event,1377128.33,502,2743.28,506.18,4995.58
Premium Shopper,Salesperson,VIP Access Sale,1445982.25,509,2840.83,500.23,4994.03
Premium Shopper,Salesperson,Weekend Warrior Specials,1349083.85,483,2793.13,500.79,4975.67
Premium Shopper,Salesperson,Winter Clearance Carnival,1316998.97,498,2644.58,502.95,4990.07
Premium Shopper,Salesperson,Winter Wonders Sale,1416839.14,518,2735.21,531.21,4996.89
Premium Shopper,Senior Salesperson,12 Days of Deals,1255456.40,447,2808.63,506.25,4985.06
Premium Shopper,Senior Salesperson,Autumn Deals Drive,1302762.55,462,2819.83,506.80,4995.60
Premium Shopper,Senior Salesperson,BOGO Blitz,1177715.62,440,2676.63,525.03,4988.57
Premium Shopper,Senior Salesperson,Back to School Boost,1426146.03,496,2875.29,515.76,4997.92
Premium Shopper,Senior Salesperson,Birthday Bash Sale,1195024.42,431,2772.68,509.05,4988.13
Premium Shopper,Senior Salesperson,Black Friday Blowout,1192488.38,424,2812.47,510.23,4990.38
Premium Shopper,Senior Salesperson,Cart Crasher Campaign,1252572.28,448,2795.92,524.89,4997.41
Premium Shopper,Senior Salesperson,Cashback Carnival,1162122.81,433,2683.89,500.51,4993.00
Premium Shopper,Senior Salesperson,Clearance Countdown,1215203.00,446,2724.67,501.13,4995.80
Premium Shopper,Senior Salesperson,Countdown to Savings,1318562.86,481,2741.29,510.59,4995.70
Premium Shopper,Senior Salesperson,Customer Appreciation Week,1213474.24,442,2745.42,510.56,4998.61
Premium Shopper,Senior Salesperson,Cyber Monday Mania,1211771.23,459,2640.02,505.30,4994.23
Premium Shopper,Senior Salesperson,Deal of the Month,1116259.56,405,2756.20,513.90,4981.03
Premium Shopper,Senior Salesperson,Double Points Bonanza,1173632.13,434,2704.22,507.39,4980.28
Premium Shopper,Senior Salesperson,Early Bird Specials,1260627.60,452,2789.00,509.91,4996.11
Premium Shopper,Senior Salesperson,End of Season Sale,1237693.28,456,2714.24,501.06,4966.50
Premium Shopper,Senior Salesperson,Exclusive Insider Offers,1155079.00,434,2661.47,500.07,4993.53
Premium Shopper,Senior Salesperson,Festive Fever Promo,1258857.51,467,2695.63,503.27,4996.29
Premium Shopper,Senior Salesperson,Final Call Frenzy,1249492.51,448,2789.05,502.59,4998.23
Premium Shopper,Senior Salesperson,Flash Frenzy Friday,1310409.46,484,2707.46,511.74,4991.73
Premium Shopper,Senior Salesperson,"Gift More, Spend Less",1267965.55,452,2805.23,525.16,4997.81
Premium Shopper,Senior Salesperson,Golden Hour Bargains,1275220.47,459,2778.26,504.10,4993.39
Premium Shopper,Senior Salesperson,Green Weekend Deals,1312860.48,470,2793.32,503.13,4994.70
Premium Shopper,Senior Salesperson,Happy Hour Discounts,1227390.58,436,2815.12,501.43,4987.78
Premium Shopper,Senior Salesperson,Holiday Shopping Rush,1231922.25,456,2701.58,505.09,4998.79
Premium Shopper,Senior Salesperson,Hot Picks Promo,1222577.65,438,2791.27,500.73,4992.88
Premium Shopper,Senior Salesperson,Instant Gratification Sale,1268655.98,448,2831.82,554.45,4993.08
Premium Shopper,Senior Salesperson,Limited Time Treasures,1236312.62,441,2803.43,501.55,4985.97
Premium Shopper,Senior Salesperson,Loyalty Rewards Blast,1164984.36,428,2721.93,507.01,4996.42
Premium Shopper,Senior Salesperson,Mega Weekend Bonanza,1156123.83,408,2833.64,512.04,4993.16
Premium Shopper,Senior Salesperson,Mid-Year Madness,1232989.29,456,2703.92,501.87,4979.78
Premium Shopper,Senior Salesperson,Midnight Madness,1248519.38,448,2786.87,508.47,4997.66
Premium Shopper,Senior Salesperson,Mystery Discount Days,1312298.15,463,2834.34,503.54,4986.91
Premium Shopper,Senior Salesperson,New Arrival Showcase,1265569.18,457,2769.30,511.07,4984.12
Premium Shopper,Senior Salesperson,New Product Launch Promo,1253020.55,453,2766.05,500.59,4984.64
Premium Shopper,Senior Salesperson,New Year Kickoff,1346053.49,485,2775.37,511.75,4962.42
Premium Shopper,Senior Salesperson,Price Drop Parade,1192542.07,437,2728.93,508.98,4993.76
Premium Shopper,Senior Salesperson,Red Tag Clearance,1280417.14,471,2718.51,506.29,4996.14
Premium Shopper,Senior Salesperson,Seasonal Surprise Box,1342015.57,475,2825.30,500.31,4982.46
Premium Shopper,Senior Salesperson,Shop & Save Spectacular,1233011.02,444,2777.05,512.51,4993.27
Premium Shopper,Senior Salesperson,Smart Shopper Week,1140761.46,411,2775.58,548.41,4996.44
Premium Shopper,Senior Salesperson,Spring Refresh Event,1419583.96,506,2805.50,502.50,4992.21
Premium Shopper,Senior Salesperson,Spring Splash Discounts,1177254.57,436,2700.13,517.73,4990.88
Premium Shopper,Senior Salesperson,Summer Sizzle Promo,1126439.81,420,2682.00,500.81,4997.06
Premium Shopper,Senior Salesperson,Super Savings Week,1146390.34,405,2830.59,510.99,4996.76
Premium Shopper,Senior Salesperson,Ultimate Value Event,1179584.29,441,2674.79,504.23,4983.35
Premium Shopper,Senior Salesperson,VIP Access Sale,1403492.61,501,2801.38,523.45,4980.78
Premium Shopper,Senior Salesperson,Weekend Warrior Specials,1095165.94,409,2677.67,505.42,4975.93
Premium Shopper,Senior Salesperson,Winter Clearance Carnival,1361283.33,484,2812.57,511.03,4996.69
Premium Shopper,Senior Salesperson,Winter Wonders Sale,1204720.14,442,2725.61,500.29,4985.21
